/home/jdihardjo/miniconda3/envs/mavenv/lib/python3.11/site-packages/hydra/_internal/defaults_list.py:251: UserWarning: In 'config': Defaults list is missing `_self_`. See https://hydra.cc/docs/1.2/upgrades/1.0_to_1.1/default_composition_order for more information
  warnings.warn(msg, UserWarning)
Using cuda device
[2026-07-27 03:58:26,686][HYDRA] Joblib.Parallel(n_jobs=6,backend=loky,prefer=processes,require=None,verbose=0,timeout=None,pre_dispatch=2*n_jobs,batch_size=auto,temp_folder=None,max_nbytes=None,mmap_mode=r) is launching 5 jobs
[2026-07-27 03:58:26,686][HYDRA] Launching jobs, sweep output dir : ablation_runs/2026-07-27_00-17-03/simple_mamba_long_rollout
[2026-07-27 03:58:26,686][HYDRA] 	#0 : models.architecture.block_type=simple models.architecture.mamba_type=mamba training.mode=rollout training.rollout_steps=32 seed=0
[2026-07-27 03:58:26,686][HYDRA] 	#1 : models.architecture.block_type=simple models.architecture.mamba_type=mamba training.mode=rollout training.rollout_steps=32 seed=1
[2026-07-27 03:58:26,686][HYDRA] 	#2 : models.architecture.block_type=simple models.architecture.mamba_type=mamba training.mode=rollout training.rollout_steps=32 seed=2
[2026-07-27 03:58:26,686][HYDRA] 	#3 : models.architecture.block_type=simple models.architecture.mamba_type=mamba training.mode=rollout training.rollout_steps=32 seed=3
[2026-07-27 03:58:26,686][HYDRA] 	#4 : models.architecture.block_type=simple models.architecture.mamba_type=mamba training.mode=rollout training.rollout_steps=32 seed=4
/home/jdihardjo/miniconda3/envs/mavenv/lib/python3.11/site-packages/hydra/_internal/defaults_list.py:251: UserWarning: In 'config': Defaults list is missing `_self_`. See https://hydra.cc/docs/1.2/upgrades/1.0_to_1.1/default_composition_order for more information
  warnings.warn(msg, UserWarning)
/home/jdihardjo/miniconda3/envs/mavenv/lib/python3.11/site-packages/hydra/_internal/defaults_list.py:251: UserWarning: In 'config': Defaults list is missing `_self_`. See https://hydra.cc/docs/1.2/upgrades/1.0_to_1.1/default_composition_order for more information
  warnings.warn(msg, UserWarning)
/home/jdihardjo/miniconda3/envs/mavenv/lib/python3.11/site-packages/hydra/_internal/defaults_list.py:251: UserWarning: In 'config': Defaults list is missing `_self_`. See https://hydra.cc/docs/1.2/upgrades/1.0_to_1.1/default_composition_order for more information
  warnings.warn(msg, UserWarning)
/home/jdihardjo/miniconda3/envs/mavenv/lib/python3.11/site-packages/hydra/_internal/defaults_list.py:251: UserWarning: In 'config': Defaults list is missing `_self_`. See https://hydra.cc/docs/1.2/upgrades/1.0_to_1.1/default_composition_order for more information
  warnings.warn(msg, UserWarning)
/home/jdihardjo/miniconda3/envs/mavenv/lib/python3.11/site-packages/hydra/_internal/defaults_list.py:251: UserWarning: In 'config': Defaults list is missing `_self_`. See https://hydra.cc/docs/1.2/upgrades/1.0_to_1.1/default_composition_order for more information
  warnings.warn(msg, UserWarning)
models:
  n_dim: 23
  out_dim: 10
  architecture:
    d_model: 128
    n_encoder_layers: 2
    n_decoder_layers: 0
    block_type: simple
    time_adapter: last_token
    in_norm: none
    out_norm: none
    layer_scale: 0.0001
    drop_path: 0.05
    mamba_type: mamba
    mamba_kwargs:
      d_state: 16
      d_conv: 2
      expand: 2
      norm: rms
    skip: false
    cls_kwargs:
      n_heads: 2
      n_mlp: 2
      positional_encoding: false
      max_len: 5000
input_len: 32
output_len: 1
batch_size: 128
epochs: 5
seed: 0
dataset:
  path: /home/jdihardjo/simdata/train.zarr/
  training_size: 1500000
evaluation:
  path: /home/jdihardjo/simdata/evaluation.zarr/
  evaluation_size: 50
training:
  mode: rollout
  lr: 0.0002
  weight_decay: 0.1
  rollout_steps: 32
checkpoint:
  save_path: hydra-test.pth
  load: false
  path: hydra-test.pth
compile: true

models:
  n_dim: 23
  out_dim: 10
  architecture:
    d_model: 128
    n_encoder_layers: 2
    n_decoder_layers: 0
    block_type: simple
    time_adapter: last_token
    in_norm: none
    out_norm: none
    layer_scale: 0.0001
    drop_path: 0.05
    mamba_type: mamba
    mamba_kwargs:
      d_state: 16
      d_conv: 2
      expand: 2
      norm: rms
    skip: false
    cls_kwargs:
      n_heads: 2
      n_mlp: 2
      positional_encoding: false
      max_len: 5000
input_len: 32
output_len: 1
batch_size: 128
epochs: 5
seed: 2
dataset:
  path: /home/jdihardjo/simdata/train.zarr/
  training_size: 1500000
evaluation:
  path: /home/jdihardjo/simdata/evaluation.zarr/
  evaluation_size: 50
training:
  mode: rollout
  lr: 0.0002
  weight_decay: 0.1
  rollout_steps: 32
checkpoint:
  save_path: hydra-test.pth
  load: false
  path: hydra-test.pth
compile: true

models:
  n_dim: 23
  out_dim: 10
  architecture:
    d_model: 128
    n_encoder_layers: 2
    n_decoder_layers: 0
    block_type: simple
    time_adapter: last_token
    in_norm: none
    out_norm: none
    layer_scale: 0.0001
    drop_path: 0.05
    mamba_type: mamba
    mamba_kwargs:
      d_state: 16
      d_conv: 2
      expand: 2
      norm: rms
    skip: false
    cls_kwargs:
      n_heads: 2
      n_mlp: 2
      positional_encoding: false
      max_len: 5000
input_len: 32
output_len: 1
batch_size: 128
epochs: 5
seed: 4
dataset:
  path: /home/jdihardjo/simdata/train.zarr/
  training_size: 1500000
evaluation:
  path: /home/jdihardjo/simdata/evaluation.zarr/
  evaluation_size: 50
training:
  mode: rollout
  lr: 0.0002
  weight_decay: 0.1
  rollout_steps: 32
checkpoint:
  save_path: hydra-test.pth
  load: false
  path: hydra-test.pth
compile: true

models:
  n_dim: 23
  out_dim: 10
  architecture:
    d_model: 128
    n_encoder_layers: 2
    n_decoder_layers: 0
    block_type: simple
    time_adapter: last_token
    in_norm: none
    out_norm: none
    layer_scale: 0.0001
    drop_path: 0.05
    mamba_type: mamba
    mamba_kwargs:
      d_state: 16
      d_conv: 2
      expand: 2
      norm: rms
    skip: false
    cls_kwargs:
      n_heads: 2
      n_mlp: 2
      positional_encoding: false
      max_len: 5000
input_len: 32
output_len: 1
batch_size: 128
epochs: 5
seed: 3
dataset:
  path: /home/jdihardjo/simdata/train.zarr/
  training_size: 1500000
evaluation:
  path: /home/jdihardjo/simdata/evaluation.zarr/
  evaluation_size: 50
training:
  mode: rollout
  lr: 0.0002
  weight_decay: 0.1
  rollout_steps: 32
checkpoint:
  save_path: hydra-test.pth
  load: false
  path: hydra-test.pth
compile: true

models:
  n_dim: 23
  out_dim: 10
  architecture:
    d_model: 128
    n_encoder_layers: 2
    n_decoder_layers: 0
    block_type: simple
    time_adapter: last_token
    in_norm: none
    out_norm: none
    layer_scale: 0.0001
    drop_path: 0.05
    mamba_type: mamba
    mamba_kwargs:
      d_state: 16
      d_conv: 2
      expand: 2
      norm: rms
    skip: false
    cls_kwargs:
      n_heads: 2
      n_mlp: 2
      positional_encoding: false
      max_len: 5000
input_len: 32
output_len: 1
batch_size: 128
epochs: 5
seed: 1
dataset:
  path: /home/jdihardjo/simdata/train.zarr/
  training_size: 1500000
evaluation:
  path: /home/jdihardjo/simdata/evaluation.zarr/
  evaluation_size: 50
training:
  mode: rollout
  lr: 0.0002
  weight_decay: 0.1
  rollout_steps: 32
checkpoint:
  save_path: hydra-test.pth
  load: false
  path: hydra-test.pth
compile: true

/home/jdihardjo/miniconda3/envs/mavenv/lib/python3.11/site-packages/torch/_dynamo/variables/functions.py:2311: UserWarning: Dynamo does not know how to trace the builtin `selective_scan_cuda.pybind11_detail_function_record_v1_system_libstdcpp_gxx_abi_1xxx_use_cxx11_abi_1.fwd.` This function is either a Python builtin (e.g. _warnings.warn) or a third-party C/C++ Python extension (perhaps created with pybind).
If it is a Python builtin, please file an issue on GitHub so the PyTorch team can add support for it and see the next case for a workaround.
If it is a third-party C/C++ Python extension, please either wrap it into a PyTorch-understood custom operator (see https://pytorch.org/tutorials/advanced/custom_ops_landing_page.html for more details) or, if it is traceable, use `torch.compiler.allow_in_graph`.
  torch._dynamo.utils.warn_once(explanation + "\n" + "\n".join(hints))
/home/jdihardjo/miniconda3/envs/mavenv/lib/python3.11/site-packages/torch/_dynamo/variables/functions.py:2311: UserWarning: Dynamo does not know how to trace the builtin `selective_scan_cuda.pybind11_detail_function_record_v1_system_libstdcpp_gxx_abi_1xxx_use_cxx11_abi_1.fwd.` This function is either a Python builtin (e.g. _warnings.warn) or a third-party C/C++ Python extension (perhaps created with pybind).
If it is a Python builtin, please file an issue on GitHub so the PyTorch team can add support for it and see the next case for a workaround.
If it is a third-party C/C++ Python extension, please either wrap it into a PyTorch-understood custom operator (see https://pytorch.org/tutorials/advanced/custom_ops_landing_page.html for more details) or, if it is traceable, use `torch.compiler.allow_in_graph`.
  torch._dynamo.utils.warn_once(explanation + "\n" + "\n".join(hints))
/home/jdihardjo/miniconda3/envs/mavenv/lib/python3.11/site-packages/torch/_dynamo/variables/functions.py:2311: UserWarning: Dynamo does not know how to trace the builtin `selective_scan_cuda.pybind11_detail_function_record_v1_system_libstdcpp_gxx_abi_1xxx_use_cxx11_abi_1.fwd.` This function is either a Python builtin (e.g. _warnings.warn) or a third-party C/C++ Python extension (perhaps created with pybind).
If it is a Python builtin, please file an issue on GitHub so the PyTorch team can add support for it and see the next case for a workaround.
If it is a third-party C/C++ Python extension, please either wrap it into a PyTorch-understood custom operator (see https://pytorch.org/tutorials/advanced/custom_ops_landing_page.html for more details) or, if it is traceable, use `torch.compiler.allow_in_graph`.
  torch._dynamo.utils.warn_once(explanation + "\n" + "\n".join(hints))
/home/jdihardjo/miniconda3/envs/mavenv/lib/python3.11/site-packages/torch/_dynamo/variables/functions.py:2311: UserWarning: Dynamo does not know how to trace the builtin `selective_scan_cuda.pybind11_detail_function_record_v1_system_libstdcpp_gxx_abi_1xxx_use_cxx11_abi_1.fwd.` This function is either a Python builtin (e.g. _warnings.warn) or a third-party C/C++ Python extension (perhaps created with pybind).
If it is a Python builtin, please file an issue on GitHub so the PyTorch team can add support for it and see the next case for a workaround.
If it is a third-party C/C++ Python extension, please either wrap it into a PyTorch-understood custom operator (see https://pytorch.org/tutorials/advanced/custom_ops_landing_page.html for more details) or, if it is traceable, use `torch.compiler.allow_in_graph`.
  torch._dynamo.utils.warn_once(explanation + "\n" + "\n".join(hints))
/home/jdihardjo/miniconda3/envs/mavenv/lib/python3.11/site-packages/torch/_dynamo/variables/functions.py:2311: UserWarning: Dynamo does not know how to trace the builtin `selective_scan_cuda.pybind11_detail_function_record_v1_system_libstdcpp_gxx_abi_1xxx_use_cxx11_abi_1.fwd.` This function is either a Python builtin (e.g. _warnings.warn) or a third-party C/C++ Python extension (perhaps created with pybind).
If it is a Python builtin, please file an issue on GitHub so the PyTorch team can add support for it and see the next case for a workaround.
If it is a third-party C/C++ Python extension, please either wrap it into a PyTorch-understood custom operator (see https://pytorch.org/tutorials/advanced/custom_ops_landing_page.html for more details) or, if it is traceable, use `torch.compiler.allow_in_graph`.
  torch._dynamo.utils.warn_once(explanation + "\n" + "\n".join(hints))
/home/jdihardjo/miniconda3/envs/mavenv/lib/python3.11/site-packages/torch/_inductor/cudagraph_trees.py:2622: UserWarning: Unable to hit fast path of CUDAGraphs because outputs from a previous step still require backward. Ensure backward() is invoked or detach outputs. You may also call torch.compiler.cudagraph_mark_step_begin() before each model invocation.
  warnings.warn(
/home/jdihardjo/miniconda3/envs/mavenv/lib/python3.11/site-packages/torch/_inductor/cudagraph_trees.py:2622: UserWarning: Unable to hit fast path of CUDAGraphs because outputs from a previous step still require backward. Ensure backward() is invoked or detach outputs. You may also call torch.compiler.cudagraph_mark_step_begin() before each model invocation.
  warnings.warn(
/home/jdihardjo/miniconda3/envs/mavenv/lib/python3.11/site-packages/torch/_inductor/cudagraph_trees.py:2622: UserWarning: Unable to hit fast path of CUDAGraphs because outputs from a previous step still require backward. Ensure backward() is invoked or detach outputs. You may also call torch.compiler.cudagraph_mark_step_begin() before each model invocation.
  warnings.warn(
/home/jdihardjo/miniconda3/envs/mavenv/lib/python3.11/site-packages/torch/_inductor/cudagraph_trees.py:2622: UserWarning: Unable to hit fast path of CUDAGraphs because outputs from a previous step still require backward. Ensure backward() is invoked or detach outputs. You may also call torch.compiler.cudagraph_mark_step_begin() before each model invocation.
  warnings.warn(
/home/jdihardjo/miniconda3/envs/mavenv/lib/python3.11/site-packages/torch/_inductor/cudagraph_trees.py:2622: UserWarning: Unable to hit fast path of CUDAGraphs because outputs from a previous step still require backward. Ensure backward() is invoked or detach outputs. You may also call torch.compiler.cudagraph_mark_step_begin() before each model invocation.
  warnings.warn(
name: models.architecture.block_type=simple
models.architecture.mamba_type=mamba
training.mode=rollout
training.rollout_steps=32
seed=4    avg_loss: 0.000057502719  time_per_window : 0.001978   progress : 0.011
name: models.architecture.block_type=simple
models.architecture.mamba_type=mamba
training.mode=rollout
training.rollout_steps=32
seed=4    avg_loss: 0.000000232664  time_per_window : 0.002148   progress : 0.022
name: models.architecture.block_type=simple
models.architecture.mamba_type=mamba
training.mode=rollout
training.rollout_steps=32
seed=4    avg_loss: 0.000000208861  time_per_window : 0.002227   progress : 0.033
name: models.architecture.block_type=simple
models.architecture.mamba_type=mamba
training.mode=rollout
training.rollout_steps=32
seed=4    avg_loss: 0.000000200277  time_per_window : 0.002176   progress : 0.044
name: models.architecture.block_type=simple
models.architecture.mamba_type=mamba
training.mode=rollout
training.rollout_steps=32
seed=4    avg_loss: 0.000000187044  time_per_window : 0.002247   progress : 0.055
name: models.architecture.block_type=simple
models.architecture.mamba_type=mamba
training.mode=rollout
training.rollout_steps=32
seed=4    avg_loss: 0.000000178848  time_per_window : 0.002085   progress : 0.066
name: models.architecture.block_type=simple
models.architecture.mamba_type=mamba
training.mode=rollout
training.rollout_steps=32
seed=4    avg_loss: 0.000000171387  time_per_window : 0.002142   progress : 0.076
name: models.architecture.block_type=simple
models.architecture.mamba_type=mamba
training.mode=rollout
training.rollout_steps=32
seed=4    avg_loss: 0.000000167131  time_per_window : 0.002098   progress : 0.087
name: models.architecture.block_type=simple
models.architecture.mamba_type=mamba
training.mode=rollout
training.rollout_steps=32
seed=4    avg_loss: 0.000000163056  time_per_window : 0.002141   progress : 0.098
name: models.architecture.block_type=simple
models.architecture.mamba_type=mamba
training.mode=rollout
training.rollout_steps=32
seed=4    avg_loss: 0.000000165396  time_per_window : 0.002350   progress : 0.109
name: models.architecture.block_type=simple
models.architecture.mamba_type=mamba
training.mode=rollout
training.rollout_steps=32
seed=4    avg_loss: 0.000000156986  time_per_window : 0.002157   progress : 0.120
name: models.architecture.block_type=simple
models.architecture.mamba_type=mamba
training.mode=rollout
training.rollout_steps=32
seed=4    avg_loss: 0.000000151628  time_per_window : 0.002175   progress : 0.131
name: models.architecture.block_type=simple
models.architecture.mamba_type=mamba
training.mode=rollout
training.rollout_steps=32
seed=4    avg_loss: 0.000000145290  time_per_window : 0.002234   progress : 0.142
name: models.architecture.block_type=simple
models.architecture.mamba_type=mamba
training.mode=rollout
training.rollout_steps=32
seed=4    avg_loss: 0.000000135989  time_per_window : 0.002090   progress : 0.153
name: models.architecture.block_type=simple
models.architecture.mamba_type=mamba
training.mode=rollout
training.rollout_steps=32
seed=4    avg_loss: 0.000000128863  time_per_window : 0.001740   progress : 0.164
name: models.architecture.block_type=simple
models.architecture.mamba_type=mamba
training.mode=rollout
training.rollout_steps=32
seed=4    avg_loss: 0.000000113119  time_per_window : 0.002238   progress : 0.175
name: models.architecture.block_type=simple
models.architecture.mamba_type=mamba
training.mode=rollout
training.rollout_steps=32
seed=4    avg_loss: 0.000000092995  time_per_window : 0.002290   progress : 0.186
name: models.architecture.block_type=simple
models.architecture.mamba_type=mamba
training.mode=rollout
training.rollout_steps=32
seed=4    avg_loss: 0.000000074103  time_per_window : 0.001793   progress : 0.197
name: models.architecture.block_type=simple
models.architecture.mamba_type=mamba
training.mode=rollout
training.rollout_steps=32
seed=4    avg_loss: 0.000000060444  time_per_window : 0.001857   progress : 0.208
name: models.architecture.block_type=simple
models.architecture.mamba_type=mamba
training.mode=rollout
training.rollout_steps=32
seed=4    avg_loss: 0.000000049984  time_per_window : 0.002136   progress : 0.218
name: models.architecture.block_type=simple
models.architecture.mamba_type=mamba
training.mode=rollout
training.rollout_steps=32
seed=4    avg_loss: 0.000000046897  time_per_window : 0.002120   progress : 0.229
name: models.architecture.block_type=simple
models.architecture.mamba_type=mamba
training.mode=rollout
training.rollout_steps=32
seed=4    avg_loss: 0.000000043059  time_per_window : 0.002103   progress : 0.240
name: models.architecture.block_type=simple
models.architecture.mamba_type=mamba
training.mode=rollout
training.rollout_steps=32
seed=4    avg_loss: 0.000000041340  time_per_window : 0.001990   progress : 0.251
name: models.architecture.block_type=simple
models.architecture.mamba_type=mamba
training.mode=rollout
training.rollout_steps=32
seed=4    avg_loss: 0.000000040294  time_per_window : 0.002067   progress : 0.262
name: models.architecture.block_type=simple
models.architecture.mamba_type=mamba
training.mode=rollout
training.rollout_steps=32
seed=4    avg_loss: 0.000000042512  time_per_window : 0.002218   progress : 0.273
name: models.architecture.block_type=simple
models.architecture.mamba_type=mamba
training.mode=rollout
training.rollout_steps=32
seed=4    avg_loss: 0.000000041775  time_per_window : 0.001905   progress : 0.284
name: models.architecture.block_type=simple
models.architecture.mamba_type=mamba
training.mode=rollout
training.rollout_steps=32
seed=4    avg_loss: 0.000000044457  time_per_window : 0.002242   progress : 0.295
name: models.architecture.block_type=simple
models.architecture.mamba_type=mamba
training.mode=rollout
training.rollout_steps=32
seed=4    avg_loss: 0.000000044465  time_per_window : 0.002169   progress : 0.306
name: models.architecture.block_type=simple
models.architecture.mamba_type=mamba
training.mode=rollout
training.rollout_steps=32
seed=4    avg_loss: 0.000000044149  time_per_window : 0.002195   progress : 0.317
name: models.architecture.block_type=simple
models.architecture.mamba_type=mamba
training.mode=rollout
training.rollout_steps=32
seed=4    avg_loss: 0.000000045572  time_per_window : 0.002162   progress : 0.328
name: models.architecture.block_type=simple
models.architecture.mamba_type=mamba
training.mode=rollout
training.rollout_steps=32
seed=4    avg_loss: 0.000000045601  time_per_window : 0.001828   progress : 0.339
name: models.architecture.block_type=simple
models.architecture.mamba_type=mamba
training.mode=rollout
training.rollout_steps=32
seed=4    avg_loss: 0.000000045207  time_per_window : 0.002237   progress : 0.350
name: models.architecture.block_type=simple
models.architecture.mamba_type=mamba
training.mode=rollout
training.rollout_steps=32
seed=4    avg_loss: 0.000000042968  time_per_window : 0.002121   progress : 0.360
name: models.architecture.block_type=simple
models.architecture.mamba_type=mamba
training.mode=rollout
training.rollout_steps=32
seed=4    avg_loss: 0.000000046825  time_per_window : 0.002197   progress : 0.371
name: models.architecture.block_type=simple
models.architecture.mamba_type=mamba
training.mode=rollout
training.rollout_steps=32
seed=4    avg_loss: 0.000000044732  time_per_window : 0.002094   progress : 0.382
name: models.architecture.block_type=simple
models.architecture.mamba_type=mamba
training.mode=rollout
training.rollout_steps=32
seed=4    avg_loss: 0.000000048816  time_per_window : 0.002200   progress : 0.393
name: models.architecture.block_type=simple
models.architecture.mamba_type=mamba
training.mode=rollout
training.rollout_steps=32
seed=4    avg_loss: 0.000000045635  time_per_window : 0.002149   progress : 0.404
name: models.architecture.block_type=simple
models.architecture.mamba_type=mamba
training.mode=rollout
training.rollout_steps=32
seed=4    avg_loss: 0.000000046291  time_per_window : 0.001888   progress : 0.415
name: models.architecture.block_type=simple
models.architecture.mamba_type=mamba
training.mode=rollout
training.rollout_steps=32
seed=4    avg_loss: 0.000000046355  time_per_window : 0.001520   progress : 0.426name: models.architecture.block_type=simple
models.architecture.mamba_type=mamba
training.mode=rollout
training.rollout_steps=32
seed=0    avg_loss: 0.000039707724  time_per_window : 0.002191   progress : 0.011
name: models.architecture.block_type=simple
models.architecture.mamba_type=mamba
training.mode=rollout
training.rollout_steps=32
seed=0    avg_loss: 0.000000181148  time_per_window : 0.002211   progress : 0.022
name: models.architecture.block_type=simple
models.architecture.mamba_type=mamba
training.mode=rollout
training.rollout_steps=32
seed=0    avg_loss: 0.000000174399  time_per_window : 0.002191   progress : 0.033
name: models.architecture.block_type=simple
models.architecture.mamba_type=mamba
training.mode=rollout
training.rollout_steps=32
seed=0    avg_loss: 0.000000171423  time_per_window : 0.002189   progress : 0.044
name: models.architecture.block_type=simple
models.architecture.mamba_type=mamba
training.mode=rollout
training.rollout_steps=32
seed=0    avg_loss: 0.000000161724  time_per_window : 0.002107   progress : 0.055
name: models.architecture.block_type=simple
models.architecture.mamba_type=mamba
training.mode=rollout
training.rollout_steps=32
seed=0    avg_loss: 0.000000154617  time_per_window : 0.002163   progress : 0.066
name: models.architecture.block_type=simple
models.architecture.mamba_type=mamba
training.mode=rollout
training.rollout_steps=32
seed=0    avg_loss: 0.000000143900  time_per_window : 0.002165   progress : 0.076
name: models.architecture.block_type=simple
models.architecture.mamba_type=mamba
training.mode=rollout
training.rollout_steps=32
seed=0    avg_loss: 0.000000126989  time_per_window : 0.002202   progress : 0.087
name: models.architecture.block_type=simple
models.architecture.mamba_type=mamba
training.mode=rollout
training.rollout_steps=32
seed=0    avg_loss: 0.000000101559  time_per_window : 0.002275   progress : 0.098
name: models.architecture.block_type=simple
models.architecture.mamba_type=mamba
training.mode=rollout
training.rollout_steps=32
seed=0    avg_loss: 0.000000091775  time_per_window : 0.002222   progress : 0.109
name: models.architecture.block_type=simple
models.architecture.mamba_type=mamba
training.mode=rollout
training.rollout_steps=32
seed=0    avg_loss: 0.000000081706  time_per_window : 0.002276   progress : 0.120
name: models.architecture.block_type=simple
models.architecture.mamba_type=mamba
training.mode=rollout
training.rollout_steps=32
seed=0    avg_loss: 0.000000074899  time_per_window : 0.002247   progress : 0.131
name: models.architecture.block_type=simple
models.architecture.mamba_type=mamba
training.mode=rollout
training.rollout_steps=32
seed=0    avg_loss: 0.000000064293  time_per_window : 0.002246   progress : 0.142
name: models.architecture.block_type=simple
models.architecture.mamba_type=mamba
training.mode=rollout
training.rollout_steps=32
seed=0    avg_loss: 0.000000055989  time_per_window : 0.002251   progress : 0.153
name: models.architecture.block_type=simple
models.architecture.mamba_type=mamba
training.mode=rollout
training.rollout_steps=32
seed=0    avg_loss: 0.000000047898  time_per_window : 0.002194   progress : 0.164
name: models.architecture.block_type=simple
models.architecture.mamba_type=mamba
training.mode=rollout
training.rollout_steps=32
seed=0    avg_loss: 0.000000044341  time_per_window : 0.002082   progress : 0.175
name: models.architecture.block_type=simple
models.architecture.mamba_type=mamba
training.mode=rollout
training.rollout_steps=32
seed=0    avg_loss: 0.000000042728  time_per_window : 0.002197   progress : 0.186
name: models.architecture.block_type=simple
models.architecture.mamba_type=mamba
training.mode=rollout
training.rollout_steps=32
seed=0    avg_loss: 0.000000039670  time_per_window : 0.002044   progress : 0.197
name: models.architecture.block_type=simple
models.architecture.mamba_type=mamba
training.mode=rollout
training.rollout_steps=32
seed=0    avg_loss: 0.000000039178  time_per_window : 0.002203   progress : 0.208
name: models.architecture.block_type=simple
models.architecture.mamba_type=mamba
training.mode=rollout
training.rollout_steps=32
seed=0    avg_loss: 0.000000038340  time_per_window : 0.002273   progress : 0.218
name: models.architecture.block_type=simple
models.architecture.mamba_type=mamba
training.mode=rollout
training.rollout_steps=32
seed=0    avg_loss: 0.000000038802  time_per_window : 0.002215   progress : 0.229
name: models.architecture.block_type=simple
models.architecture.mamba_type=mamba
training.mode=rollout
training.rollout_steps=32
seed=0    avg_loss: 0.000000039369  time_per_window : 0.002188   progress : 0.240
name: models.architecture.block_type=simple
models.architecture.mamba_type=mamba
training.mode=rollout
training.rollout_steps=32
seed=0    avg_loss: 0.000000038605  time_per_window : 0.002159   progress : 0.251
name: models.architecture.block_type=simple
models.architecture.mamba_type=mamba
training.mode=rollout
training.rollout_steps=32
seed=0    avg_loss: 0.000000037831  time_per_window : 0.002237   progress : 0.262
name: models.architecture.block_type=simple
models.architecture.mamba_type=mamba
training.mode=rollout
training.rollout_steps=32
seed=0    avg_loss: 0.000000037635  time_per_window : 0.002210   progress : 0.273
name: models.architecture.block_type=simple
models.architecture.mamba_type=mamba
training.mode=rollout
training.rollout_steps=32
seed=0    avg_loss: 0.000000040229  time_per_window : 0.002262   progress : 0.284
name: models.architecture.block_type=simple
models.architecture.mamba_type=mamba
training.mode=rollout
training.rollout_steps=32
seed=0    avg_loss: 0.000000038436  time_per_window : 0.001951   progress : 0.295
name: models.architecture.block_type=simple
models.architecture.mamba_type=mamba
training.mode=rollout
training.rollout_steps=32
seed=0    avg_loss: 0.000000037135  time_per_window : 0.002168   progress : 0.306
name: models.architecture.block_type=simple
models.architecture.mamba_type=mamba
training.mode=rollout
training.rollout_steps=32
seed=0    avg_loss: 0.000000037802  time_per_window : 0.002200   progress : 0.317
name: models.architecture.block_type=simple
models.architecture.mamba_type=mamba
training.mode=rollout
training.rollout_steps=32
seed=0    avg_loss: 0.000000038911  time_per_window : 0.002219   progress : 0.328
name: models.architecture.block_type=simple
models.architecture.mamba_type=mamba
training.mode=rollout
training.rollout_steps=32
seed=0    avg_loss: 0.000000039850  time_per_window : 0.002243   progress : 0.339
name: models.architecture.block_type=simple
models.architecture.mamba_type=mamba
training.mode=rollout
training.rollout_steps=32
seed=0    avg_loss: 0.000000037323  time_per_window : 0.002252   progress : 0.350
name: models.architecture.block_type=simple
models.architecture.mamba_type=mamba
training.mode=rollout
training.rollout_steps=32
seed=0    avg_loss: 0.000000040059  time_per_window : 0.002286   progress : 0.360
name: models.architecture.block_type=simple
models.architecture.mamba_type=mamba
training.mode=rollout
training.rollout_steps=32
seed=0    avg_loss: 0.000000036703  time_per_window : 0.001545   progress : 0.371
name: models.architecture.block_type=simple
models.architecture.mamba_type=mamba
training.mode=rollout
training.rollout_steps=32
seed=0    avg_loss: 0.000000038688  time_per_window : 0.002218   progress : 0.382
name: models.architecture.block_type=simple
models.architecture.mamba_type=mamba
training.mode=rollout
training.rollout_steps=32
seed=0    avg_loss: 0.000000039971  time_per_window : 0.002217   progress : 0.393
name: models.architecture.block_type=simple
models.architecture.mamba_type=mamba
training.mode=rollout
training.rollout_steps=32
seed=0    avg_loss: 0.000000040822  time_per_window : 0.002190   progress : 0.404
name: models.architecture.block_type=simple
models.architecture.mamba_type=mamba
training.mode=rollout
training.rollout_steps=32
seed=0    avg_loss: 0.000000039254  time_per_window : 0.002327   progress : 0.415
name: models.architecture.block_type=simple
models.architecture.mamba_type=mamba
training.mode=rollout
training.rollout_steps=32
seed=0    avg_loss: 0.000000036577  time_per_window : 0.002237   progress : 0.426name: models.architecture.block_type=simple
models.architecture.mamba_type=mamba
training.mode=rollout
training.rollout_steps=32
seed=2    avg_loss: 0.000068435766  time_per_window : 0.002244   progress : 0.011
name: models.architecture.block_type=simple
models.architecture.mamba_type=mamba
training.mode=rollout
training.rollout_steps=32
seed=2    avg_loss: 0.000000198254  time_per_window : 0.002067   progress : 0.022
name: models.architecture.block_type=simple
models.architecture.mamba_type=mamba
training.mode=rollout
training.rollout_steps=32
seed=2    avg_loss: 0.000000185747  time_per_window : 0.001788   progress : 0.033
name: models.architecture.block_type=simple
models.architecture.mamba_type=mamba
training.mode=rollout
training.rollout_steps=32
seed=2    avg_loss: 0.000000183512  time_per_window : 0.002186   progress : 0.044
name: models.architecture.block_type=simple
models.architecture.mamba_type=mamba
training.mode=rollout
training.rollout_steps=32
seed=2    avg_loss: 0.000000174242  time_per_window : 0.005283   progress : 0.055
name: models.architecture.block_type=simple
models.architecture.mamba_type=mamba
training.mode=rollout
training.rollout_steps=32
seed=2    avg_loss: 0.000000168440  time_per_window : 0.002227   progress : 0.066
name: models.architecture.block_type=simple
models.architecture.mamba_type=mamba
training.mode=rollout
training.rollout_steps=32
seed=2    avg_loss: 0.000000160158  time_per_window : 0.002158   progress : 0.076
name: models.architecture.block_type=simple
models.architecture.mamba_type=mamba
training.mode=rollout
training.rollout_steps=32
seed=2    avg_loss: 0.000000156123  time_per_window : 0.002247   progress : 0.087
name: models.architecture.block_type=simple
models.architecture.mamba_type=mamba
training.mode=rollout
training.rollout_steps=32
seed=2    avg_loss: 0.000000151267  time_per_window : 0.002029   progress : 0.098
name: models.architecture.block_type=simple
models.architecture.mamba_type=mamba
training.mode=rollout
training.rollout_steps=32
seed=2    avg_loss: 0.000000151178  time_per_window : 0.002217   progress : 0.109
name: models.architecture.block_type=simple
models.architecture.mamba_type=mamba
training.mode=rollout
training.rollout_steps=32
seed=2    avg_loss: 0.000000138688  time_per_window : 0.002213   progress : 0.120
name: models.architecture.block_type=simple
models.architecture.mamba_type=mamba
training.mode=rollout
training.rollout_steps=32
seed=2    avg_loss: 0.000000128391  time_per_window : 0.002229   progress : 0.131
name: models.architecture.block_type=simple
models.architecture.mamba_type=mamba
training.mode=rollout
training.rollout_steps=32
seed=2    avg_loss: 0.000000114575  time_per_window : 0.002156   progress : 0.142
name: models.architecture.block_type=simple
models.architecture.mamba_type=mamba
training.mode=rollout
training.rollout_steps=32
seed=2    avg_loss: 0.000000098857  time_per_window : 0.002166   progress : 0.153
name: models.architecture.block_type=simple
models.architecture.mamba_type=mamba
training.mode=rollout
training.rollout_steps=32
seed=2    avg_loss: 0.000000084687  time_per_window : 0.002232   progress : 0.164
name: models.architecture.block_type=simple
models.architecture.mamba_type=mamba
training.mode=rollout
training.rollout_steps=32
seed=2    avg_loss: 0.000000071027  time_per_window : 0.001938   progress : 0.175
name: models.architecture.block_type=simple
models.architecture.mamba_type=mamba
training.mode=rollout
training.rollout_steps=32
seed=2    avg_loss: 0.000000061697  time_per_window : 0.001995   progress : 0.186
name: models.architecture.block_type=simple
models.architecture.mamba_type=mamba
training.mode=rollout
training.rollout_steps=32
seed=2    avg_loss: 0.000000052974  time_per_window : 0.002228   progress : 0.197
name: models.architecture.block_type=simple
models.architecture.mamba_type=mamba
training.mode=rollout
training.rollout_steps=32
seed=2    avg_loss: 0.000000046295  time_per_window : 0.002220   progress : 0.208
name: models.architecture.block_type=simple
models.architecture.mamba_type=mamba
training.mode=rollout
training.rollout_steps=32
seed=2    avg_loss: 0.000000042778  time_per_window : 0.002194   progress : 0.218
name: models.architecture.block_type=simple
models.architecture.mamba_type=mamba
training.mode=rollout
training.rollout_steps=32
seed=2    avg_loss: 0.000000041258  time_per_window : 0.002230   progress : 0.229
name: models.architecture.block_type=simple
models.architecture.mamba_type=mamba
training.mode=rollout
training.rollout_steps=32
seed=2    avg_loss: 0.000000040275  time_per_window : 0.002213   progress : 0.240
name: models.architecture.block_type=simple
models.architecture.mamba_type=mamba
training.mode=rollout
training.rollout_steps=32
seed=2    avg_loss: 0.000000038928  time_per_window : 0.002167   progress : 0.251
name: models.architecture.block_type=simple
models.architecture.mamba_type=mamba
training.mode=rollout
training.rollout_steps=32
seed=2    avg_loss: 0.000000036961  time_per_window : 0.002317   progress : 0.262
name: models.architecture.block_type=simple
models.architecture.mamba_type=mamba
training.mode=rollout
training.rollout_steps=32
seed=2    avg_loss: 0.000000036657  time_per_window : 0.002212   progress : 0.273
name: models.architecture.block_type=simple
models.architecture.mamba_type=mamba
training.mode=rollout
training.rollout_steps=32
seed=2    avg_loss: 0.000000039195  time_per_window : 0.002258   progress : 0.284
name: models.architecture.block_type=simple
models.architecture.mamba_type=mamba
training.mode=rollout
training.rollout_steps=32
seed=2    avg_loss: 0.000000037838  time_per_window : 0.002217   progress : 0.295
name: models.architecture.block_type=simple
models.architecture.mamba_type=mamba
training.mode=rollout
training.rollout_steps=32
seed=2    avg_loss: 0.000000036308  time_per_window : 0.002219   progress : 0.306
name: models.architecture.block_type=simple
models.architecture.mamba_type=mamba
training.mode=rollout
training.rollout_steps=32
seed=2    avg_loss: 0.000000035985  time_per_window : 0.001643   progress : 0.317
name: models.architecture.block_type=simple
models.architecture.mamba_type=mamba
training.mode=rollout
training.rollout_steps=32
seed=2    avg_loss: 0.000000037214  time_per_window : 0.002283   progress : 0.328
name: models.architecture.block_type=simple
models.architecture.mamba_type=mamba
training.mode=rollout
training.rollout_steps=32
seed=2    avg_loss: 0.000000040918  time_per_window : 0.002208   progress : 0.339
name: models.architecture.block_type=simple
models.architecture.mamba_type=mamba
training.mode=rollout
training.rollout_steps=32
seed=2    avg_loss: 0.000000037524  time_per_window : 0.002226   progress : 0.350
name: models.architecture.block_type=simple
models.architecture.mamba_type=mamba
training.mode=rollout
training.rollout_steps=32
seed=2    avg_loss: 0.000000039962  time_per_window : 0.001744   progress : 0.360
name: models.architecture.block_type=simple
models.architecture.mamba_type=mamba
training.mode=rollout
training.rollout_steps=32
seed=2    avg_loss: 0.000000036790  time_per_window : 0.002278   progress : 0.371
name: models.architecture.block_type=simple
models.architecture.mamba_type=mamba
training.mode=rollout
training.rollout_steps=32
seed=2    avg_loss: 0.000000039586  time_per_window : 0.001673   progress : 0.382
name: models.architecture.block_type=simple
models.architecture.mamba_type=mamba
training.mode=rollout
training.rollout_steps=32
seed=2    avg_loss: 0.000000041856  time_per_window : 0.002334   progress : 0.393
name: models.architecture.block_type=simple
models.architecture.mamba_type=mamba
training.mode=rollout
training.rollout_steps=32
seed=2    avg_loss: 0.000000042739  time_per_window : 0.002221   progress : 0.404
name: models.architecture.block_type=simple
models.architecture.mamba_type=mamba
training.mode=rollout
training.rollout_steps=32
seed=2    avg_loss: 0.000000038105  time_per_window : 0.002196   progress : 0.415
name: models.architecture.block_type=simple
models.architecture.mamba_type=mamba
training.mode=rollout
training.rollout_steps=32
seed=2    avg_loss: 0.000000041668  time_per_window : 0.002199   progress : 0.426name: models.architecture.block_type=simple
models.architecture.mamba_type=mamba
training.mode=rollout
training.rollout_steps=32
seed=1    avg_loss: 0.000076754390  time_per_window : 0.002154   progress : 0.011
name: models.architecture.block_type=simple
models.architecture.mamba_type=mamba
training.mode=rollout
training.rollout_steps=32
seed=1    avg_loss: 0.000000245387  time_per_window : 0.002248   progress : 0.022
name: models.architecture.block_type=simple
models.architecture.mamba_type=mamba
training.mode=rollout
training.rollout_steps=32
seed=1    avg_loss: 0.000000210034  time_per_window : 0.002224   progress : 0.033
name: models.architecture.block_type=simple
models.architecture.mamba_type=mamba
training.mode=rollout
training.rollout_steps=32
seed=1    avg_loss: 0.000000197882  time_per_window : 0.002215   progress : 0.044
name: models.architecture.block_type=simple
models.architecture.mamba_type=mamba
training.mode=rollout
training.rollout_steps=32
seed=1    avg_loss: 0.000000183603  time_per_window : 0.001912   progress : 0.055
name: models.architecture.block_type=simple
models.architecture.mamba_type=mamba
training.mode=rollout
training.rollout_steps=32
seed=1    avg_loss: 0.000000176456  time_per_window : 0.002252   progress : 0.066
name: models.architecture.block_type=simple
models.architecture.mamba_type=mamba
training.mode=rollout
training.rollout_steps=32
seed=1    avg_loss: 0.000000167317  time_per_window : 0.002182   progress : 0.076
name: models.architecture.block_type=simple
models.architecture.mamba_type=mamba
training.mode=rollout
training.rollout_steps=32
seed=1    avg_loss: 0.000000162579  time_per_window : 0.002274   progress : 0.087
name: models.architecture.block_type=simple
models.architecture.mamba_type=mamba
training.mode=rollout
training.rollout_steps=32
seed=1    avg_loss: 0.000000159126  time_per_window : 0.002244   progress : 0.098
name: models.architecture.block_type=simple
models.architecture.mamba_type=mamba
training.mode=rollout
training.rollout_steps=32
seed=1    avg_loss: 0.000000160210  time_per_window : 0.002088   progress : 0.109
name: models.architecture.block_type=simple
models.architecture.mamba_type=mamba
training.mode=rollout
training.rollout_steps=32
seed=1    avg_loss: 0.000000151440  time_per_window : 0.002209   progress : 0.120
name: models.architecture.block_type=simple
models.architecture.mamba_type=mamba
training.mode=rollout
training.rollout_steps=32
seed=1    avg_loss: 0.000000145738  time_per_window : 0.002133   progress : 0.131
name: models.architecture.block_type=simple
models.architecture.mamba_type=mamba
training.mode=rollout
training.rollout_steps=32
seed=1    avg_loss: 0.000000138330  time_per_window : 0.002241   progress : 0.142
name: models.architecture.block_type=simple
models.architecture.mamba_type=mamba
training.mode=rollout
training.rollout_steps=32
seed=1    avg_loss: 0.000000127130  time_per_window : 0.002215   progress : 0.153
name: models.architecture.block_type=simple
models.architecture.mamba_type=mamba
training.mode=rollout
training.rollout_steps=32
seed=1    avg_loss: 0.000000117619  time_per_window : 0.002170   progress : 0.164
name: models.architecture.block_type=simple
models.architecture.mamba_type=mamba
training.mode=rollout
training.rollout_steps=32
seed=1    avg_loss: 0.000000099423  time_per_window : 0.002184   progress : 0.175
name: models.architecture.block_type=simple
models.architecture.mamba_type=mamba
training.mode=rollout
training.rollout_steps=32
seed=1    avg_loss: 0.000000080982  time_per_window : 0.001782   progress : 0.186
name: models.architecture.block_type=simple
models.architecture.mamba_type=mamba
training.mode=rollout
training.rollout_steps=32
seed=1    avg_loss: 0.000000058723  time_per_window : 0.002235   progress : 0.197
name: models.architecture.block_type=simple
models.architecture.mamba_type=mamba
training.mode=rollout
training.rollout_steps=32
seed=1    avg_loss: 0.000000050532  time_per_window : 0.002201   progress : 0.208
name: models.architecture.block_type=simple
models.architecture.mamba_type=mamba
training.mode=rollout
training.rollout_steps=32
seed=1    avg_loss: 0.000000046704  time_per_window : 0.002207   progress : 0.218
name: models.architecture.block_type=simple
models.architecture.mamba_type=mamba
training.mode=rollout
training.rollout_steps=32
seed=1    avg_loss: 0.000000045646  time_per_window : 0.001975   progress : 0.229
name: models.architecture.block_type=simple
models.architecture.mamba_type=mamba
training.mode=rollout
training.rollout_steps=32
seed=1    avg_loss: 0.000000043665  time_per_window : 0.002232   progress : 0.240
name: models.architecture.block_type=simple
models.architecture.mamba_type=mamba
training.mode=rollout
training.rollout_steps=32
seed=1    avg_loss: 0.000000042767  time_per_window : 0.002229   progress : 0.251
name: models.architecture.block_type=simple
models.architecture.mamba_type=mamba
training.mode=rollout
training.rollout_steps=32
seed=1    avg_loss: 0.000000038840  time_per_window : 0.002304   progress : 0.262
name: models.architecture.block_type=simple
models.architecture.mamba_type=mamba
training.mode=rollout
training.rollout_steps=32
seed=1    avg_loss: 0.000000038447  time_per_window : 0.002186   progress : 0.273
name: models.architecture.block_type=simple
models.architecture.mamba_type=mamba
training.mode=rollout
training.rollout_steps=32
seed=1    avg_loss: 0.000000039608  time_per_window : 0.002276   progress : 0.284
name: models.architecture.block_type=simple
models.architecture.mamba_type=mamba
training.mode=rollout
training.rollout_steps=32
seed=1    avg_loss: 0.000000039659  time_per_window : 0.001558   progress : 0.295
name: models.architecture.block_type=simple
models.architecture.mamba_type=mamba
training.mode=rollout
training.rollout_steps=32
seed=1    avg_loss: 0.000000038384  time_per_window : 0.002220   progress : 0.306
name: models.architecture.block_type=simple
models.architecture.mamba_type=mamba
training.mode=rollout
training.rollout_steps=32
seed=1    avg_loss: 0.000000037788  time_per_window : 0.002181   progress : 0.317
name: models.architecture.block_type=simple
models.architecture.mamba_type=mamba
training.mode=rollout
training.rollout_steps=32
seed=1    avg_loss: 0.000000038497  time_per_window : 0.002229   progress : 0.328
name: models.architecture.block_type=simple
models.architecture.mamba_type=mamba
training.mode=rollout
training.rollout_steps=32
seed=1    avg_loss: 0.000000038506  time_per_window : 0.002123   progress : 0.339
name: models.architecture.block_type=simple
models.architecture.mamba_type=mamba
training.mode=rollout
training.rollout_steps=32
seed=1    avg_loss: 0.000000037964  time_per_window : 0.002186   progress : 0.350
name: models.architecture.block_type=simple
models.architecture.mamba_type=mamba
training.mode=rollout
training.rollout_steps=32
seed=1    avg_loss: 0.000000040118  time_per_window : 0.002273   progress : 0.360
name: models.architecture.block_type=simple
models.architecture.mamba_type=mamba
training.mode=rollout
training.rollout_steps=32
seed=1    avg_loss: 0.000000037835  time_per_window : 0.002191   progress : 0.371
name: models.architecture.block_type=simple
models.architecture.mamba_type=mamba
training.mode=rollout
training.rollout_steps=32
seed=1    avg_loss: 0.000000041034  time_per_window : 0.002164   progress : 0.382
name: models.architecture.block_type=simple
models.architecture.mamba_type=mamba
training.mode=rollout
training.rollout_steps=32
seed=1    avg_loss: 0.000000040860  time_per_window : 0.001903   progress : 0.393
name: models.architecture.block_type=simple
models.architecture.mamba_type=mamba
training.mode=rollout
training.rollout_steps=32
seed=1    avg_loss: 0.000000047871  time_per_window : 0.002226   progress : 0.404
name: models.architecture.block_type=simple
models.architecture.mamba_type=mamba
training.mode=rollout
training.rollout_steps=32
seed=1    avg_loss: 0.000000042216  time_per_window : 0.002222   progress : 0.415
name: models.architecture.block_type=simple
models.architecture.mamba_type=mamba
training.mode=rollout
training.rollout_steps=32
seed=1    avg_loss: 0.000000040780  time_per_window : 0.002121   progress : 0.426name: models.architecture.block_type=simple
models.architecture.mamba_type=mamba
training.mode=rollout
training.rollout_steps=32
seed=3    avg_loss: 0.000161395146  time_per_window : 0.002303   progress : 0.011
name: models.architecture.block_type=simple
models.architecture.mamba_type=mamba
training.mode=rollout
training.rollout_steps=32
seed=3    avg_loss: 0.000000261353  time_per_window : 0.002193   progress : 0.022
name: models.architecture.block_type=simple
models.architecture.mamba_type=mamba
training.mode=rollout
training.rollout_steps=32
seed=3    avg_loss: 0.000000201928  time_per_window : 0.002244   progress : 0.033
name: models.architecture.block_type=simple
models.architecture.mamba_type=mamba
training.mode=rollout
training.rollout_steps=32
seed=3    avg_loss: 0.000000188443  time_per_window : 0.002177   progress : 0.044
name: models.architecture.block_type=simple
models.architecture.mamba_type=mamba
training.mode=rollout
training.rollout_steps=32
seed=3    avg_loss: 0.000000174559  time_per_window : 0.002227   progress : 0.055
name: models.architecture.block_type=simple
models.architecture.mamba_type=mamba
training.mode=rollout
training.rollout_steps=32
seed=3    avg_loss: 0.000000166326  time_per_window : 0.002204   progress : 0.066
name: models.architecture.block_type=simple
models.architecture.mamba_type=mamba
training.mode=rollout
training.rollout_steps=32
seed=3    avg_loss: 0.000000157757  time_per_window : 0.002217   progress : 0.076
name: models.architecture.block_type=simple
models.architecture.mamba_type=mamba
training.mode=rollout
training.rollout_steps=32
seed=3    avg_loss: 0.000000150574  time_per_window : 0.002241   progress : 0.087
name: models.architecture.block_type=simple
models.architecture.mamba_type=mamba
training.mode=rollout
training.rollout_steps=32
seed=3    avg_loss: 0.000000145562  time_per_window : 0.002187   progress : 0.098
name: models.architecture.block_type=simple
models.architecture.mamba_type=mamba
training.mode=rollout
training.rollout_steps=32
seed=3    avg_loss: 0.000000146691  time_per_window : 0.002218   progress : 0.109
name: models.architecture.block_type=simple
models.architecture.mamba_type=mamba
training.mode=rollout
training.rollout_steps=32
seed=3    avg_loss: 0.000000137765  time_per_window : 0.002238   progress : 0.120
name: models.architecture.block_type=simple
models.architecture.mamba_type=mamba
training.mode=rollout
training.rollout_steps=32
seed=3    avg_loss: 0.000000132324  time_per_window : 0.002218   progress : 0.131
name: models.architecture.block_type=simple
models.architecture.mamba_type=mamba
training.mode=rollout
training.rollout_steps=32
seed=3    avg_loss: 0.000000124550  time_per_window : 0.002202   progress : 0.142
name: models.architecture.block_type=simple
models.architecture.mamba_type=mamba
training.mode=rollout
training.rollout_steps=32
seed=3    avg_loss: 0.000000116135  time_per_window : 0.002097   progress : 0.153
name: models.architecture.block_type=simple
models.architecture.mamba_type=mamba
training.mode=rollout
training.rollout_steps=32
seed=3    avg_loss: 0.000000106585  time_per_window : 0.002294   progress : 0.164
name: models.architecture.block_type=simple
models.architecture.mamba_type=mamba
training.mode=rollout
training.rollout_steps=32
seed=3    avg_loss: 0.000000093861  time_per_window : 0.002156   progress : 0.175
name: models.architecture.block_type=simple
models.architecture.mamba_type=mamba
training.mode=rollout
training.rollout_steps=32
seed=3    avg_loss: 0.000000087262  time_per_window : 0.002013   progress : 0.186
name: models.architecture.block_type=simple
models.architecture.mamba_type=mamba
training.mode=rollout
training.rollout_steps=32
seed=3    avg_loss: 0.000000075519  time_per_window : 0.001869   progress : 0.197
name: models.architecture.block_type=simple
models.architecture.mamba_type=mamba
training.mode=rollout
training.rollout_steps=32
seed=3    avg_loss: 0.000000065199  time_per_window : 0.002121   progress : 0.208
name: models.architecture.block_type=simple
models.architecture.mamba_type=mamba
training.mode=rollout
training.rollout_steps=32
seed=3    avg_loss: 0.000000052888  time_per_window : 0.002228   progress : 0.218
name: models.architecture.block_type=simple
models.architecture.mamba_type=mamba
training.mode=rollout
training.rollout_steps=32
seed=3    avg_loss: 0.000000046862  time_per_window : 0.002250   progress : 0.229
name: models.architecture.block_type=simple
models.architecture.mamba_type=mamba
training.mode=rollout
training.rollout_steps=32
seed=3    avg_loss: 0.000000043082  time_per_window : 0.002177   progress : 0.240
name: models.architecture.block_type=simple
models.architecture.mamba_type=mamba
training.mode=rollout
training.rollout_steps=32
seed=3    avg_loss: 0.000000041718  time_per_window : 0.002210   progress : 0.251
name: models.architecture.block_type=simple
models.architecture.mamba_type=mamba
training.mode=rollout
training.rollout_steps=32
seed=3    avg_loss: 0.000000040398  time_per_window : 0.002226   progress : 0.262
name: models.architecture.block_type=simple
models.architecture.mamba_type=mamba
training.mode=rollout
training.rollout_steps=32
seed=3    avg_loss: 0.000000038958  time_per_window : 0.002227   progress : 0.273
name: models.architecture.block_type=simple
models.architecture.mamba_type=mamba
training.mode=rollout
training.rollout_steps=32
seed=3    avg_loss: 0.000000042824  time_per_window : 0.002275   progress : 0.284
name: models.architecture.block_type=simple
models.architecture.mamba_type=mamba
training.mode=rollout
training.rollout_steps=32
seed=3    avg_loss: 0.000000040428  time_per_window : 0.002202   progress : 0.295
name: models.architecture.block_type=simple
models.architecture.mamba_type=mamba
training.mode=rollout
training.rollout_steps=32
seed=3    avg_loss: 0.000000041600  time_per_window : 0.002176   progress : 0.306
name: models.architecture.block_type=simple
models.architecture.mamba_type=mamba
training.mode=rollout
training.rollout_steps=32
seed=3    avg_loss: 0.000000041591  time_per_window : 0.002241   progress : 0.317
name: models.architecture.block_type=simple
models.architecture.mamba_type=mamba
training.mode=rollout
training.rollout_steps=32
seed=3    avg_loss: 0.000000039508  time_per_window : 0.002270   progress : 0.328
name: models.architecture.block_type=simple
models.architecture.mamba_type=mamba
training.mode=rollout
training.rollout_steps=32
seed=3    avg_loss: 0.000000044419  time_per_window : 0.002207   progress : 0.339
name: models.architecture.block_type=simple
models.architecture.mamba_type=mamba
training.mode=rollout
training.rollout_steps=32
seed=3    avg_loss: 0.000000042761  time_per_window : 0.002263   progress : 0.350
name: models.architecture.block_type=simple
models.architecture.mamba_type=mamba
training.mode=rollout
training.rollout_steps=32
seed=3    avg_loss: 0.000000045857  time_per_window : 0.002248   progress : 0.360
name: models.architecture.block_type=simple
models.architecture.mamba_type=mamba
training.mode=rollout
training.rollout_steps=32
seed=3    avg_loss: 0.000000043849  time_per_window : 0.002256   progress : 0.371
name: models.architecture.block_type=simple
models.architecture.mamba_type=mamba
training.mode=rollout
training.rollout_steps=32
seed=3    avg_loss: 0.000000043582  time_per_window : 0.002220   progress : 0.382
name: models.architecture.block_type=simple
models.architecture.mamba_type=mamba
training.mode=rollout
training.rollout_steps=32
seed=3    avg_loss: 0.000000049020  time_per_window : 0.002217   progress : 0.393
name: models.architecture.block_type=simple
models.architecture.mamba_type=mamba
training.mode=rollout
training.rollout_steps=32
seed=3    avg_loss: 0.000000046071  time_per_window : 0.002234   progress : 0.404
name: models.architecture.block_type=simple
models.architecture.mamba_type=mamba
training.mode=rollout
training.rollout_steps=32
seed=3    avg_loss: 0.000000054238  time_per_window : 0.002238   progress : 0.415
name: models.architecture.block_type=simple
models.architecture.mamba_type=mamba
training.mode=rollout
training.rollout_steps=32
seed=3    avg_loss: 0.000000051629  time_per_window : 0.001959   progress : 0.426
name: models.architecture.block_type=simple
models.architecture.mamba_type=mamba
training.mode=rollout
training.rollout_steps=32
seed=4    avg_loss: 0.000000045082  time_per_window : 0.002117   progress : 0.437
name: models.architecture.block_type=simple
models.architecture.mamba_type=mamba
training.mode=rollout
training.rollout_steps=32
seed=4    avg_loss: 0.000000047058  time_per_window : 0.002033   progress : 0.448
name: models.architecture.block_type=simple
models.architecture.mamba_type=mamba
training.mode=rollout
training.rollout_steps=32
seed=4    avg_loss: 0.000000042960  time_per_window : 0.002211   progress : 0.459
name: models.architecture.block_type=simple
models.architecture.mamba_type=mamba
training.mode=rollout
training.rollout_steps=32
seed=4    avg_loss: 0.000000046728  time_per_window : 0.002178   progress : 0.470
name: models.architecture.block_type=simple
models.architecture.mamba_type=mamba
training.mode=rollout
training.rollout_steps=32
seed=4    avg_loss: 0.000000043708  time_per_window : 0.002253   progress : 0.481
name: models.architecture.block_type=simple
models.architecture.mamba_type=mamba
training.mode=rollout
training.rollout_steps=32
seed=4    avg_loss: 0.000000041911  time_per_window : 0.002164   progress : 0.492
name: models.architecture.block_type=simple
models.architecture.mamba_type=mamba
training.mode=rollout
training.rollout_steps=32
seed=4    avg_loss: 0.000000043640  time_per_window : 0.002093   progress : 0.502
name: models.architecture.block_type=simple
models.architecture.mamba_type=mamba
training.mode=rollout
training.rollout_steps=32
seed=4    avg_loss: 0.000000045204  time_per_window : 0.001551   progress : 0.513
name: models.architecture.block_type=simple
models.architecture.mamba_type=mamba
training.mode=rollout
training.rollout_steps=32
seed=4    avg_loss: 0.000000040355  time_per_window : 0.002414   progress : 0.524
name: models.architecture.block_type=simple
models.architecture.mamba_type=mamba
training.mode=rollout
training.rollout_steps=32
seed=4    avg_loss: 0.000000041137  time_per_window : 0.001837   progress : 0.535
name: models.architecture.block_type=simple
models.architecture.mamba_type=mamba
training.mode=rollout
training.rollout_steps=32
seed=4    avg_loss: 0.000000045533  time_per_window : 0.002241   progress : 0.546
name: models.architecture.block_type=simple
models.architecture.mamba_type=mamba
training.mode=rollout
training.rollout_steps=32
seed=4    avg_loss: 0.000000039546  time_per_window : 0.002095   progress : 0.557
name: models.architecture.block_type=simple
models.architecture.mamba_type=mamba
training.mode=rollout
training.rollout_steps=32
seed=4    avg_loss: 0.000000042868  time_per_window : 0.002201   progress : 0.568
name: models.architecture.block_type=simple
models.architecture.mamba_type=mamba
training.mode=rollout
training.rollout_steps=32
seed=4    avg_loss: 0.000000041921  time_per_window : 0.002266   progress : 0.579
name: models.architecture.block_type=simple
models.architecture.mamba_type=mamba
training.mode=rollout
training.rollout_steps=32
seed=4    avg_loss: 0.000000041105  time_per_window : 0.002211   progress : 0.590
name: models.architecture.block_type=simple
models.architecture.mamba_type=mamba
training.mode=rollout
training.rollout_steps=32
seed=4    avg_loss: 0.000000036885  time_per_window : 0.002124   progress : 0.601
name: models.architecture.block_type=simple
models.architecture.mamba_type=mamba
training.mode=rollout
training.rollout_steps=32
seed=4    avg_loss: 0.000000036228  time_per_window : 0.001827   progress : 0.612
name: models.architecture.block_type=simple
models.architecture.mamba_type=mamba
training.mode=rollout
training.rollout_steps=32
seed=4    avg_loss: 0.000000042652  time_per_window : 0.001903   progress : 0.623
name: models.architecture.block_type=simple
models.architecture.mamba_type=mamba
training.mode=rollout
training.rollout_steps=32
seed=4    avg_loss: 0.000000041101  time_per_window : 0.002189   progress : 0.634
name: models.architecture.block_type=simple
models.architecture.mamba_type=mamba
training.mode=rollout
training.rollout_steps=32
seed=4    avg_loss: 0.000000038966  time_per_window : 0.002166   progress : 0.644
name: models.architecture.block_type=simple
models.architecture.mamba_type=mamba
training.mode=rollout
training.rollout_steps=32
seed=4    avg_loss: 0.000000042363  time_per_window : 0.002183   progress : 0.655
name: models.architecture.block_type=simple
models.architecture.mamba_type=mamba
training.mode=rollout
training.rollout_steps=32
seed=4    avg_loss: 0.000000036672  time_per_window : 0.002195   progress : 0.666
name: models.architecture.block_type=simple
models.architecture.mamba_type=mamba
training.mode=rollout
training.rollout_steps=32
seed=4    avg_loss: 0.000000036905  time_per_window : 0.002211   progress : 0.677
name: models.architecture.block_type=simple
models.architecture.mamba_type=mamba
training.mode=rollout
training.rollout_steps=32
seed=4    avg_loss: 0.000000035819  time_per_window : 0.002110   progress : 0.688
name: models.architecture.block_type=simple
models.architecture.mamba_type=mamba
training.mode=rollout
training.rollout_steps=32
seed=4    avg_loss: 0.000000041453  time_per_window : 0.001908   progress : 0.699
name: models.architecture.block_type=simple
models.architecture.mamba_type=mamba
training.mode=rollout
training.rollout_steps=32
seed=4    avg_loss: 0.000000036287  time_per_window : 0.002352   progress : 0.710
name: models.architecture.block_type=simple
models.architecture.mamba_type=mamba
training.mode=rollout
training.rollout_steps=32
seed=4    avg_loss: 0.000000034366  time_per_window : 0.001672   progress : 0.721
name: models.architecture.block_type=simple
models.architecture.mamba_type=mamba
training.mode=rollout
training.rollout_steps=32
seed=4    avg_loss: 0.000000035800  time_per_window : 0.001931   progress : 0.732
name: models.architecture.block_type=simple
models.architecture.mamba_type=mamba
training.mode=rollout
training.rollout_steps=32
seed=4    avg_loss: 0.000000036384  time_per_window : 0.002220   progress : 0.743
name: models.architecture.block_type=simple
models.architecture.mamba_type=mamba
training.mode=rollout
training.rollout_steps=32
seed=4    avg_loss: 0.000000035337  time_per_window : 0.002110   progress : 0.754
name: models.architecture.block_type=simple
models.architecture.mamba_type=mamba
training.mode=rollout
training.rollout_steps=32
seed=4    avg_loss: 0.000000036839  time_per_window : 0.002101   progress : 0.765
name: models.architecture.block_type=simple
models.architecture.mamba_type=mamba
training.mode=rollout
training.rollout_steps=32
seed=4    avg_loss: 0.000000035240  time_per_window : 0.002214   progress : 0.775
name: models.architecture.block_type=simple
models.architecture.mamba_type=mamba
training.mode=rollout
training.rollout_steps=32
seed=4    avg_loss: 0.000000036355  time_per_window : 0.002272   progress : 0.786
name: models.architecture.block_type=simple
models.architecture.mamba_type=mamba
training.mode=rollout
training.rollout_steps=32
seed=4    avg_loss: 0.000000034951  time_per_window : 0.002181   progress : 0.797
name: models.architecture.block_type=simple
models.architecture.mamba_type=mamba
training.mode=rollout
training.rollout_steps=32
seed=4    avg_loss: 0.000000030307  time_per_window : 0.002258   progress : 0.808
name: models.architecture.block_type=simple
models.architecture.mamba_type=mamba
training.mode=rollout
training.rollout_steps=32
seed=4    avg_loss: 0.000000031982  time_per_window : 0.002195   progress : 0.819
name: models.architecture.block_type=simple
models.architecture.mamba_type=mamba
training.mode=rollout
training.rollout_steps=32
seed=4    avg_loss: 0.000000034152  time_per_window : 0.002223   progress : 0.830
name: models.architecture.block_type=simple
models.architecture.mamba_type=mamba
training.mode=rollout
training.rollout_steps=32
seed=4    avg_loss: 0.000000030467  time_per_window : 0.002212   progress : 0.841
name: models.architecture.block_type=simple
models.architecture.mamba_type=mamba
training.mode=rollout
training.rollout_steps=32
seed=4    avg_loss: 0.000000033825  time_per_window : 0.002268   progress : 0.852
name: models.architecture.block_type=simple
models.architecture.mamba_type=mamba
training.mode=rollout
training.rollout_steps=32
seed=2    avg_loss: 0.000000040275  time_per_window : 0.002253   progress : 0.437
name: models.architecture.block_type=simple
models.architecture.mamba_type=mamba
training.mode=rollout
training.rollout_steps=32
seed=2    avg_loss: 0.000000038754  time_per_window : 0.002177   progress : 0.448
name: models.architecture.block_type=simple
models.architecture.mamba_type=mamba
training.mode=rollout
training.rollout_steps=32
seed=2    avg_loss: 0.000000041313  time_per_window : 0.002230   progress : 0.459
name: models.architecture.block_type=simple
models.architecture.mamba_type=mamba
training.mode=rollout
training.rollout_steps=32
seed=2    avg_loss: 0.000000044981  time_per_window : 0.002254   progress : 0.470
name: models.architecture.block_type=simple
models.architecture.mamba_type=mamba
training.mode=rollout
training.rollout_steps=32
seed=2    avg_loss: 0.000000039150  time_per_window : 0.002227   progress : 0.481
name: models.architecture.block_type=simple
models.architecture.mamba_type=mamba
training.mode=rollout
training.rollout_steps=32
seed=2    avg_loss: 0.000000039864  time_per_window : 0.002259   progress : 0.492
name: models.architecture.block_type=simple
models.architecture.mamba_type=mamba
training.mode=rollout
training.rollout_steps=32
seed=2    avg_loss: 0.000000042935  time_per_window : 0.002265   progress : 0.502
name: models.architecture.block_type=simple
models.architecture.mamba_type=mamba
training.mode=rollout
training.rollout_steps=32
seed=2    avg_loss: 0.000000041775  time_per_window : 0.002144   progress : 0.513
name: models.architecture.block_type=simple
models.architecture.mamba_type=mamba
training.mode=rollout
training.rollout_steps=32
seed=2    avg_loss: 0.000000037313  time_per_window : 0.002222   progress : 0.524
name: models.architecture.block_type=simple
models.architecture.mamba_type=mamba
training.mode=rollout
training.rollout_steps=32
seed=2    avg_loss: 0.000000042276  time_per_window : 0.002158   progress : 0.535
name: models.architecture.block_type=simple
models.architecture.mamba_type=mamba
training.mode=rollout
training.rollout_steps=32
seed=2    avg_loss: 0.000000038596  time_per_window : 0.002223   progress : 0.546
name: models.architecture.block_type=simple
models.architecture.mamba_type=mamba
training.mode=rollout
training.rollout_steps=32
seed=2    avg_loss: 0.000000037925  time_per_window : 0.002238   progress : 0.557
name: models.architecture.block_type=simple
models.architecture.mamba_type=mamba
training.mode=rollout
training.rollout_steps=32
seed=2    avg_loss: 0.000000038461  time_per_window : 0.002230   progress : 0.568
name: models.architecture.block_type=simple
models.architecture.mamba_type=mamba
training.mode=rollout
training.rollout_steps=32
seed=2    avg_loss: 0.000000038888  time_per_window : 0.002275   progress : 0.579
name: models.architecture.block_type=simple
models.architecture.mamba_type=mamba
training.mode=rollout
training.rollout_steps=32
seed=2    avg_loss: 0.000000036847  time_per_window : 0.002290   progress : 0.590
name: models.architecture.block_type=simple
models.architecture.mamba_type=mamba
training.mode=rollout
training.rollout_steps=32
seed=2    avg_loss: 0.000000038552  time_per_window : 0.002281   progress : 0.601
name: models.architecture.block_type=simple
models.architecture.mamba_type=mamba
training.mode=rollout
training.rollout_steps=32
seed=2    avg_loss: 0.000000036158  time_per_window : 0.002255   progress : 0.612
name: models.architecture.block_type=simple
models.architecture.mamba_type=mamba
training.mode=rollout
training.rollout_steps=32
seed=2    avg_loss: 0.000000039782  time_per_window : 0.002205   progress : 0.623
name: models.architecture.block_type=simple
models.architecture.mamba_type=mamba
training.mode=rollout
training.rollout_steps=32
seed=2    avg_loss: 0.000000036440  time_per_window : 0.001956   progress : 0.634
name: models.architecture.block_type=simple
models.architecture.mamba_type=mamba
training.mode=rollout
training.rollout_steps=32
seed=2    avg_loss: 0.000000037368  time_per_window : 0.002258   progress : 0.644
name: models.architecture.block_type=simple
models.architecture.mamba_type=mamba
training.mode=rollout
training.rollout_steps=32
seed=2    avg_loss: 0.000000036790  time_per_window : 0.002260   progress : 0.655
name: models.architecture.block_type=simple
models.architecture.mamba_type=mamba
training.mode=rollout
training.rollout_steps=32
seed=2    avg_loss: 0.000000036095  time_per_window : 0.002257   progress : 0.666
name: models.architecture.block_type=simple
models.architecture.mamba_type=mamba
training.mode=rollout
training.rollout_steps=32
seed=2    avg_loss: 0.000000034229  time_per_window : 0.002344   progress : 0.677
name: models.architecture.block_type=simple
models.architecture.mamba_type=mamba
training.mode=rollout
training.rollout_steps=32
seed=2    avg_loss: 0.000000035942  time_per_window : 0.002123   progress : 0.688
name: models.architecture.block_type=simple
models.architecture.mamba_type=mamba
training.mode=rollout
training.rollout_steps=32
seed=2    avg_loss: 0.000000040020  time_per_window : 0.002262   progress : 0.699
name: models.architecture.block_type=simple
models.architecture.mamba_type=mamba
training.mode=rollout
training.rollout_steps=32
seed=2    avg_loss: 0.000000033309  time_per_window : 0.002182   progress : 0.710
name: models.architecture.block_type=simple
models.architecture.mamba_type=mamba
training.mode=rollout
training.rollout_steps=32
seed=2    avg_loss: 0.000000031510  time_per_window : 0.002334   progress : 0.721
name: models.architecture.block_type=simple
models.architecture.mamba_type=mamba
training.mode=rollout
training.rollout_steps=32
seed=2    avg_loss: 0.000000035620  time_per_window : 0.002115   progress : 0.732
name: models.architecture.block_type=simple
models.architecture.mamba_type=mamba
training.mode=rollout
training.rollout_steps=32
seed=2    avg_loss: 0.000000035110  time_per_window : 0.002196   progress : 0.743
name: models.architecture.block_type=simple
models.architecture.mamba_type=mamba
training.mode=rollout
training.rollout_steps=32
seed=2    avg_loss: 0.000000034690  time_per_window : 0.002226   progress : 0.754
name: models.architecture.block_type=simple
models.architecture.mamba_type=mamba
training.mode=rollout
training.rollout_steps=32
seed=2    avg_loss: 0.000000034666  time_per_window : 0.002248   progress : 0.765
name: models.architecture.block_type=simple
models.architecture.mamba_type=mamba
training.mode=rollout
training.rollout_steps=32
seed=2    avg_loss: 0.000000034288  time_per_window : 0.002216   progress : 0.775
name: models.architecture.block_type=simple
models.architecture.mamba_type=mamba
training.mode=rollout
training.rollout_steps=32
seed=2    avg_loss: 0.000000034569  time_per_window : 0.002200   progress : 0.786
name: models.architecture.block_type=simple
models.architecture.mamba_type=mamba
training.mode=rollout
training.rollout_steps=32
seed=2    avg_loss: 0.000000034298  time_per_window : 0.002183   progress : 0.797
name: models.architecture.block_type=simple
models.architecture.mamba_type=mamba
training.mode=rollout
training.rollout_steps=32
seed=2    avg_loss: 0.000000028819  time_per_window : 0.002213   progress : 0.808
name: models.architecture.block_type=simple
models.architecture.mamba_type=mamba
training.mode=rollout
training.rollout_steps=32
seed=2    avg_loss: 0.000000030643  time_per_window : 0.002198   progress : 0.819
name: models.architecture.block_type=simple
models.architecture.mamba_type=mamba
training.mode=rollout
training.rollout_steps=32
seed=2    avg_loss: 0.000000029896  time_per_window : 0.001648   progress : 0.830
name: models.architecture.block_type=simple
models.architecture.mamba_type=mamba
training.mode=rollout
training.rollout_steps=32
seed=2    avg_loss: 0.000000029685  time_per_window : 0.002258   progress : 0.841
name: models.architecture.block_type=simple
models.architecture.mamba_type=mamba
training.mode=rollout
training.rollout_steps=32
seed=2    avg_loss: 0.000000030283  time_per_window : 0.002236   progress : 0.852
name: models.architecture.block_type=simple
models.architecture.mamba_type=mamba
training.mode=rollout
training.rollout_steps=32
seed=0    avg_loss: 0.000000040406  time_per_window : 0.002153   progress : 0.437
name: models.architecture.block_type=simple
models.architecture.mamba_type=mamba
training.mode=rollout
training.rollout_steps=32
seed=0    avg_loss: 0.000000039799  time_per_window : 0.002234   progress : 0.448
name: models.architecture.block_type=simple
models.architecture.mamba_type=mamba
training.mode=rollout
training.rollout_steps=32
seed=0    avg_loss: 0.000000038897  time_per_window : 0.002248   progress : 0.459
name: models.architecture.block_type=simple
models.architecture.mamba_type=mamba
training.mode=rollout
training.rollout_steps=32
seed=0    avg_loss: 0.000000040408  time_per_window : 0.002228   progress : 0.470
name: models.architecture.block_type=simple
models.architecture.mamba_type=mamba
training.mode=rollout
training.rollout_steps=32
seed=0    avg_loss: 0.000000038073  time_per_window : 0.002221   progress : 0.481
name: models.architecture.block_type=simple
models.architecture.mamba_type=mamba
training.mode=rollout
training.rollout_steps=32
seed=0    avg_loss: 0.000000038225  time_per_window : 0.002146   progress : 0.492
name: models.architecture.block_type=simple
models.architecture.mamba_type=mamba
training.mode=rollout
training.rollout_steps=32
seed=0    avg_loss: 0.000000040657  time_per_window : 0.002203   progress : 0.502
name: models.architecture.block_type=simple
models.architecture.mamba_type=mamba
training.mode=rollout
training.rollout_steps=32
seed=0    avg_loss: 0.000000044077  time_per_window : 0.002237   progress : 0.513
name: models.architecture.block_type=simple
models.architecture.mamba_type=mamba
training.mode=rollout
training.rollout_steps=32
seed=0    avg_loss: 0.000000037296  time_per_window : 0.002201   progress : 0.524
name: models.architecture.block_type=simple
models.architecture.mamba_type=mamba
training.mode=rollout
training.rollout_steps=32
seed=0    avg_loss: 0.000000036834  time_per_window : 0.002204   progress : 0.535
name: models.architecture.block_type=simple
models.architecture.mamba_type=mamba
training.mode=rollout
training.rollout_steps=32
seed=0    avg_loss: 0.000000037160  time_per_window : 0.002251   progress : 0.546
name: models.architecture.block_type=simple
models.architecture.mamba_type=mamba
training.mode=rollout
training.rollout_steps=32
seed=0    avg_loss: 0.000000040068  time_per_window : 0.002052   progress : 0.557
name: models.architecture.block_type=simple
models.architecture.mamba_type=mamba
training.mode=rollout
training.rollout_steps=32
seed=0    avg_loss: 0.000000036216  time_per_window : 0.002238   progress : 0.568
name: models.architecture.block_type=simple
models.architecture.mamba_type=mamba
training.mode=rollout
training.rollout_steps=32
seed=0    avg_loss: 0.000000039259  time_per_window : 0.002201   progress : 0.579
name: models.architecture.block_type=simple
models.architecture.mamba_type=mamba
training.mode=rollout
training.rollout_steps=32
seed=0    avg_loss: 0.000000034425  time_per_window : 0.002254   progress : 0.590
name: models.architecture.block_type=simple
models.architecture.mamba_type=mamba
training.mode=rollout
training.rollout_steps=32
seed=0    avg_loss: 0.000000033769  time_per_window : 0.002253   progress : 0.601
name: models.architecture.block_type=simple
models.architecture.mamba_type=mamba
training.mode=rollout
training.rollout_steps=32
seed=0    avg_loss: 0.000000033188  time_per_window : 0.002238   progress : 0.612
name: models.architecture.block_type=simple
models.architecture.mamba_type=mamba
training.mode=rollout
training.rollout_steps=32
seed=0    avg_loss: 0.000000036932  time_per_window : 0.002198   progress : 0.623
name: models.architecture.block_type=simple
models.architecture.mamba_type=mamba
training.mode=rollout
training.rollout_steps=32
seed=0    avg_loss: 0.000000034735  time_per_window : 0.002297   progress : 0.634
name: models.architecture.block_type=simple
models.architecture.mamba_type=mamba
training.mode=rollout
training.rollout_steps=32
seed=0    avg_loss: 0.000000034024  time_per_window : 0.002230   progress : 0.644
name: models.architecture.block_type=simple
models.architecture.mamba_type=mamba
training.mode=rollout
training.rollout_steps=32
seed=0    avg_loss: 0.000000036236  time_per_window : 0.002251   progress : 0.655
name: models.architecture.block_type=simple
models.architecture.mamba_type=mamba
training.mode=rollout
training.rollout_steps=32
seed=0    avg_loss: 0.000000037272  time_per_window : 0.002215   progress : 0.666
name: models.architecture.block_type=simple
models.architecture.mamba_type=mamba
training.mode=rollout
training.rollout_steps=32
seed=0    avg_loss: 0.000000030396  time_per_window : 0.002224   progress : 0.677
name: models.architecture.block_type=simple
models.architecture.mamba_type=mamba
training.mode=rollout
training.rollout_steps=32
seed=0    avg_loss: 0.000000033516  time_per_window : 0.002256   progress : 0.688
name: models.architecture.block_type=simple
models.architecture.mamba_type=mamba
training.mode=rollout
training.rollout_steps=32
seed=0    avg_loss: 0.000000035698  time_per_window : 0.002183   progress : 0.699
name: models.architecture.block_type=simple
models.architecture.mamba_type=mamba
training.mode=rollout
training.rollout_steps=32
seed=0    avg_loss: 0.000000033920  time_per_window : 0.002289   progress : 0.710
name: models.architecture.block_type=simple
models.architecture.mamba_type=mamba
training.mode=rollout
training.rollout_steps=32
seed=0    avg_loss: 0.000000030371  time_per_window : 0.002208   progress : 0.721
name: models.architecture.block_type=simple
models.architecture.mamba_type=mamba
training.mode=rollout
training.rollout_steps=32
seed=0    avg_loss: 0.000000035065  time_per_window : 0.002118   progress : 0.732
name: models.architecture.block_type=simple
models.architecture.mamba_type=mamba
training.mode=rollout
training.rollout_steps=32
seed=0    avg_loss: 0.000000029892  time_per_window : 0.002219   progress : 0.743
name: models.architecture.block_type=simple
models.architecture.mamba_type=mamba
training.mode=rollout
training.rollout_steps=32
seed=0    avg_loss: 0.000000035461  time_per_window : 0.002262   progress : 0.754
name: models.architecture.block_type=simple
models.architecture.mamba_type=mamba
training.mode=rollout
training.rollout_steps=32
seed=0    avg_loss: 0.000000033707  time_per_window : 0.002267   progress : 0.765
name: models.architecture.block_type=simple
models.architecture.mamba_type=mamba
training.mode=rollout
training.rollout_steps=32
seed=0    avg_loss: 0.000000031082  time_per_window : 0.002291   progress : 0.775
name: models.architecture.block_type=simple
models.architecture.mamba_type=mamba
training.mode=rollout
training.rollout_steps=32
seed=0    avg_loss: 0.000000030694  time_per_window : 0.002237   progress : 0.786
name: models.architecture.block_type=simple
models.architecture.mamba_type=mamba
training.mode=rollout
training.rollout_steps=32
seed=0    avg_loss: 0.000000030191  time_per_window : 0.002223   progress : 0.797
name: models.architecture.block_type=simple
models.architecture.mamba_type=mamba
training.mode=rollout
training.rollout_steps=32
seed=0    avg_loss: 0.000000026552  time_per_window : 0.002253   progress : 0.808
name: models.architecture.block_type=simple
models.architecture.mamba_type=mamba
training.mode=rollout
training.rollout_steps=32
seed=0    avg_loss: 0.000000029815  time_per_window : 0.002363   progress : 0.819
name: models.architecture.block_type=simple
models.architecture.mamba_type=mamba
training.mode=rollout
training.rollout_steps=32
seed=0    avg_loss: 0.000000026034  time_per_window : 0.002235   progress : 0.830
name: models.architecture.block_type=simple
models.architecture.mamba_type=mamba
training.mode=rollout
training.rollout_steps=32
seed=0    avg_loss: 0.000000028043  time_per_window : 0.002265   progress : 0.841
name: models.architecture.block_type=simple
models.architecture.mamba_type=mamba
training.mode=rollout
training.rollout_steps=32
seed=0    avg_loss: 0.000000027322  time_per_window : 0.002278   progress : 0.852
name: models.architecture.block_type=simple
models.architecture.mamba_type=mamba
training.mode=rollout
training.rollout_steps=32
seed=1    avg_loss: 0.000000039168  time_per_window : 0.002213   progress : 0.437
name: models.architecture.block_type=simple
models.architecture.mamba_type=mamba
training.mode=rollout
training.rollout_steps=32
seed=1    avg_loss: 0.000000041656  time_per_window : 0.002237   progress : 0.448
name: models.architecture.block_type=simple
models.architecture.mamba_type=mamba
training.mode=rollout
training.rollout_steps=32
seed=1    avg_loss: 0.000000041090  time_per_window : 0.002193   progress : 0.459
name: models.architecture.block_type=simple
models.architecture.mamba_type=mamba
training.mode=rollout
training.rollout_steps=32
seed=1    avg_loss: 0.000000043472  time_per_window : 0.002224   progress : 0.470
name: models.architecture.block_type=simple
models.architecture.mamba_type=mamba
training.mode=rollout
training.rollout_steps=32
seed=1    avg_loss: 0.000000042960  time_per_window : 0.002120   progress : 0.481
name: models.architecture.block_type=simple
models.architecture.mamba_type=mamba
training.mode=rollout
training.rollout_steps=32
seed=1    avg_loss: 0.000000039733  time_per_window : 0.002257   progress : 0.492
name: models.architecture.block_type=simple
models.architecture.mamba_type=mamba
training.mode=rollout
training.rollout_steps=32
seed=1    avg_loss: 0.000000044496  time_per_window : 0.002173   progress : 0.502
name: models.architecture.block_type=simple
models.architecture.mamba_type=mamba
training.mode=rollout
training.rollout_steps=32
seed=1    avg_loss: 0.000000047625  time_per_window : 0.002192   progress : 0.513
name: models.architecture.block_type=simple
models.architecture.mamba_type=mamba
training.mode=rollout
training.rollout_steps=32
seed=1    avg_loss: 0.000000045048  time_per_window : 0.001880   progress : 0.524
name: models.architecture.block_type=simple
models.architecture.mamba_type=mamba
training.mode=rollout
training.rollout_steps=32
seed=1    avg_loss: 0.000000039668  time_per_window : 0.002234   progress : 0.535
name: models.architecture.block_type=simple
models.architecture.mamba_type=mamba
training.mode=rollout
training.rollout_steps=32
seed=1    avg_loss: 0.000000038461  time_per_window : 0.002288   progress : 0.546
name: models.architecture.block_type=simple
models.architecture.mamba_type=mamba
training.mode=rollout
training.rollout_steps=32
seed=1    avg_loss: 0.000000039060  time_per_window : 0.002203   progress : 0.557
name: models.architecture.block_type=simple
models.architecture.mamba_type=mamba
training.mode=rollout
training.rollout_steps=32
seed=1    avg_loss: 0.000000042184  time_per_window : 0.002226   progress : 0.568
name: models.architecture.block_type=simple
models.architecture.mamba_type=mamba
training.mode=rollout
training.rollout_steps=32
seed=1    avg_loss: 0.000000042427  time_per_window : 0.002187   progress : 0.579
name: models.architecture.block_type=simple
models.architecture.mamba_type=mamba
training.mode=rollout
training.rollout_steps=32
seed=1    avg_loss: 0.000000038433  time_per_window : 0.002245   progress : 0.590
name: models.architecture.block_type=simple
models.architecture.mamba_type=mamba
training.mode=rollout
training.rollout_steps=32
seed=1    avg_loss: 0.000000038228  time_per_window : 0.002243   progress : 0.601
name: models.architecture.block_type=simple
models.architecture.mamba_type=mamba
training.mode=rollout
training.rollout_steps=32
seed=1    avg_loss: 0.000000038512  time_per_window : 0.002276   progress : 0.612
name: models.architecture.block_type=simple
models.architecture.mamba_type=mamba
training.mode=rollout
training.rollout_steps=32
seed=1    avg_loss: 0.000000040256  time_per_window : 0.002264   progress : 0.623
name: models.architecture.block_type=simple
models.architecture.mamba_type=mamba
training.mode=rollout
training.rollout_steps=32
seed=1    avg_loss: 0.000000040568  time_per_window : 0.002292   progress : 0.634
name: models.architecture.block_type=simple
models.architecture.mamba_type=mamba
training.mode=rollout
training.rollout_steps=32
seed=1    avg_loss: 0.000000035642  time_per_window : 0.002244   progress : 0.644
name: models.architecture.block_type=simple
models.architecture.mamba_type=mamba
training.mode=rollout
training.rollout_steps=32
seed=1    avg_loss: 0.000000043317  time_per_window : 0.002073   progress : 0.655
name: models.architecture.block_type=simple
models.architecture.mamba_type=mamba
training.mode=rollout
training.rollout_steps=32
seed=1    avg_loss: 0.000000036664  time_per_window : 0.002226   progress : 0.666
name: models.architecture.block_type=simple
models.architecture.mamba_type=mamba
training.mode=rollout
training.rollout_steps=32
seed=1    avg_loss: 0.000000041512  time_per_window : 0.002275   progress : 0.677
name: models.architecture.block_type=simple
models.architecture.mamba_type=mamba
training.mode=rollout
training.rollout_steps=32
seed=1    avg_loss: 0.000000036559  time_per_window : 0.002266   progress : 0.688
name: models.architecture.block_type=simple
models.architecture.mamba_type=mamba
training.mode=rollout
training.rollout_steps=32
seed=1    avg_loss: 0.000000046233  time_per_window : 0.002201   progress : 0.699
name: models.architecture.block_type=simple
models.architecture.mamba_type=mamba
training.mode=rollout
training.rollout_steps=32
seed=1    avg_loss: 0.000000038315  time_per_window : 0.002249   progress : 0.710
name: models.architecture.block_type=simple
models.architecture.mamba_type=mamba
training.mode=rollout
training.rollout_steps=32
seed=1    avg_loss: 0.000000035266  time_per_window : 0.002084   progress : 0.721
name: models.architecture.block_type=simple
models.architecture.mamba_type=mamba
training.mode=rollout
training.rollout_steps=32
seed=1    avg_loss: 0.000000033893  time_per_window : 0.002091   progress : 0.732
name: models.architecture.block_type=simple
models.architecture.mamba_type=mamba
training.mode=rollout
training.rollout_steps=32
seed=1    avg_loss: 0.000000035755  time_per_window : 0.002266   progress : 0.743
name: models.architecture.block_type=simple
models.architecture.mamba_type=mamba
training.mode=rollout
training.rollout_steps=32
seed=1    avg_loss: 0.000000036911  time_per_window : 0.002179   progress : 0.754
name: models.architecture.block_type=simple
models.architecture.mamba_type=mamba
training.mode=rollout
training.rollout_steps=32
seed=1    avg_loss: 0.000000035919  time_per_window : 0.002338   progress : 0.765
name: models.architecture.block_type=simple
models.architecture.mamba_type=mamba
training.mode=rollout
training.rollout_steps=32
seed=1    avg_loss: 0.000000036389  time_per_window : 0.002049   progress : 0.775
name: models.architecture.block_type=simple
models.architecture.mamba_type=mamba
training.mode=rollout
training.rollout_steps=32
seed=1    avg_loss: 0.000000036230  time_per_window : 0.001850   progress : 0.786
name: models.architecture.block_type=simple
models.architecture.mamba_type=mamba
training.mode=rollout
training.rollout_steps=32
seed=1    avg_loss: 0.000000038177  time_per_window : 0.002221   progress : 0.797
name: models.architecture.block_type=simple
models.architecture.mamba_type=mamba
training.mode=rollout
training.rollout_steps=32
seed=1    avg_loss: 0.000000030452  time_per_window : 0.002197   progress : 0.808
name: models.architecture.block_type=simple
models.architecture.mamba_type=mamba
training.mode=rollout
training.rollout_steps=32
seed=1    avg_loss: 0.000000034725  time_per_window : 0.002184   progress : 0.819
name: models.architecture.block_type=simple
models.architecture.mamba_type=mamba
training.mode=rollout
training.rollout_steps=32
seed=1    avg_loss: 0.000000032130  time_per_window : 0.002259   progress : 0.830
name: models.architecture.block_type=simple
models.architecture.mamba_type=mamba
training.mode=rollout
training.rollout_steps=32
seed=1    avg_loss: 0.000000030258  time_per_window : 0.002285   progress : 0.841
name: models.architecture.block_type=simple
models.architecture.mamba_type=mamba
training.mode=rollout
training.rollout_steps=32
seed=1    avg_loss: 0.000000035029  time_per_window : 0.002267   progress : 0.852
name: models.architecture.block_type=simple
models.architecture.mamba_type=mamba
training.mode=rollout
training.rollout_steps=32
seed=3    avg_loss: 0.000000039070  time_per_window : 0.002235   progress : 0.437
name: models.architecture.block_type=simple
models.architecture.mamba_type=mamba
training.mode=rollout
training.rollout_steps=32
seed=3    avg_loss: 0.000000042254  time_per_window : 0.002252   progress : 0.448
name: models.architecture.block_type=simple
models.architecture.mamba_type=mamba
training.mode=rollout
training.rollout_steps=32
seed=3    avg_loss: 0.000000047245  time_per_window : 0.002243   progress : 0.459
name: models.architecture.block_type=simple
models.architecture.mamba_type=mamba
training.mode=rollout
training.rollout_steps=32
seed=3    avg_loss: 0.000000049950  time_per_window : 0.002210   progress : 0.470
name: models.architecture.block_type=simple
models.architecture.mamba_type=mamba
training.mode=rollout
training.rollout_steps=32
seed=3    avg_loss: 0.000000053177  time_per_window : 0.002231   progress : 0.481
name: models.architecture.block_type=simple
models.architecture.mamba_type=mamba
training.mode=rollout
training.rollout_steps=32
seed=3    avg_loss: 0.000000044598  time_per_window : 0.002253   progress : 0.492
name: models.architecture.block_type=simple
models.architecture.mamba_type=mamba
training.mode=rollout
training.rollout_steps=32
seed=3    avg_loss: 0.000000063064  time_per_window : 0.002134   progress : 0.502
name: models.architecture.block_type=simple
models.architecture.mamba_type=mamba
training.mode=rollout
training.rollout_steps=32
seed=3    avg_loss: 0.000000043824  time_per_window : 0.002215   progress : 0.513
name: models.architecture.block_type=simple
models.architecture.mamba_type=mamba
training.mode=rollout
training.rollout_steps=32
seed=3    avg_loss: 0.000000047080  time_per_window : 0.002267   progress : 0.524
name: models.architecture.block_type=simple
models.architecture.mamba_type=mamba
training.mode=rollout
training.rollout_steps=32
seed=3    avg_loss: 0.000000046598  time_per_window : 0.002239   progress : 0.535
name: models.architecture.block_type=simple
models.architecture.mamba_type=mamba
training.mode=rollout
training.rollout_steps=32
seed=3    avg_loss: 0.000000049459  time_per_window : 0.002262   progress : 0.546
name: models.architecture.block_type=simple
models.architecture.mamba_type=mamba
training.mode=rollout
training.rollout_steps=32
seed=3    avg_loss: 0.000000048704  time_per_window : 0.002253   progress : 0.557
name: models.architecture.block_type=simple
models.architecture.mamba_type=mamba
training.mode=rollout
training.rollout_steps=32
seed=3    avg_loss: 0.000000044598  time_per_window : 0.002214   progress : 0.568
name: models.architecture.block_type=simple
models.architecture.mamba_type=mamba
training.mode=rollout
training.rollout_steps=32
seed=3    avg_loss: 0.000000049531  time_per_window : 0.002294   progress : 0.579
name: models.architecture.block_type=simple
models.architecture.mamba_type=mamba
training.mode=rollout
training.rollout_steps=32
seed=3    avg_loss: 0.000000046672  time_per_window : 0.002159   progress : 0.590
name: models.architecture.block_type=simple
models.architecture.mamba_type=mamba
training.mode=rollout
training.rollout_steps=32
seed=3    avg_loss: 0.000000042224  time_per_window : 0.002227   progress : 0.601
name: models.architecture.block_type=simple
models.architecture.mamba_type=mamba
training.mode=rollout
training.rollout_steps=32
seed=3    avg_loss: 0.000000044950  time_per_window : 0.002282   progress : 0.612
name: models.architecture.block_type=simple
models.architecture.mamba_type=mamba
training.mode=rollout
training.rollout_steps=32
seed=3    avg_loss: 0.000000053382  time_per_window : 0.002232   progress : 0.623
name: models.architecture.block_type=simple
models.architecture.mamba_type=mamba
training.mode=rollout
training.rollout_steps=32
seed=3    avg_loss: 0.000000043677  time_per_window : 0.002277   progress : 0.634
name: models.architecture.block_type=simple
models.architecture.mamba_type=mamba
training.mode=rollout
training.rollout_steps=32
seed=3    avg_loss: 0.000000043499  time_per_window : 0.002249   progress : 0.644
name: models.architecture.block_type=simple
models.architecture.mamba_type=mamba
training.mode=rollout
training.rollout_steps=32
seed=3    avg_loss: 0.000000047839  time_per_window : 0.002265   progress : 0.655
name: models.architecture.block_type=simple
models.architecture.mamba_type=mamba
training.mode=rollout
training.rollout_steps=32
seed=3    avg_loss: 0.000000041813  time_per_window : 0.002272   progress : 0.666
name: models.architecture.block_type=simple
models.architecture.mamba_type=mamba
training.mode=rollout
training.rollout_steps=32
seed=3    avg_loss: 0.000000046620  time_per_window : 0.002292   progress : 0.677
name: models.architecture.block_type=simple
models.architecture.mamba_type=mamba
training.mode=rollout
training.rollout_steps=32
seed=3    avg_loss: 0.000000041157  time_per_window : 0.002251   progress : 0.688
name: models.architecture.block_type=simple
models.architecture.mamba_type=mamba
training.mode=rollout
training.rollout_steps=32
seed=3    avg_loss: 0.000000047186  time_per_window : 0.002250   progress : 0.699
name: models.architecture.block_type=simple
models.architecture.mamba_type=mamba
training.mode=rollout
training.rollout_steps=32
seed=3    avg_loss: 0.000000040973  time_per_window : 0.002216   progress : 0.710
name: models.architecture.block_type=simple
models.architecture.mamba_type=mamba
training.mode=rollout
training.rollout_steps=32
seed=3    avg_loss: 0.000000041277  time_per_window : 0.002080   progress : 0.721
name: models.architecture.block_type=simple
models.architecture.mamba_type=mamba
training.mode=rollout
training.rollout_steps=32
seed=3    avg_loss: 0.000000044073  time_per_window : 0.002113   progress : 0.732
name: models.architecture.block_type=simple
models.architecture.mamba_type=mamba
training.mode=rollout
training.rollout_steps=32
seed=3    avg_loss: 0.000000042487  time_per_window : 0.002277   progress : 0.743
name: models.architecture.block_type=simple
models.architecture.mamba_type=mamba
training.mode=rollout
training.rollout_steps=32
seed=3    avg_loss: 0.000000041506  time_per_window : 0.002241   progress : 0.754
name: models.architecture.block_type=simple
models.architecture.mamba_type=mamba
training.mode=rollout
training.rollout_steps=32
seed=3    avg_loss: 0.000000042748  time_per_window : 0.002268   progress : 0.765
name: models.architecture.block_type=simple
models.architecture.mamba_type=mamba
training.mode=rollout
training.rollout_steps=32
seed=3    avg_loss: 0.000000040049  time_per_window : 0.002256   progress : 0.775
name: models.architecture.block_type=simple
models.architecture.mamba_type=mamba
training.mode=rollout
training.rollout_steps=32
seed=3    avg_loss: 0.000000035530  time_per_window : 0.002312   progress : 0.786
name: models.architecture.block_type=simple
models.architecture.mamba_type=mamba
training.mode=rollout
training.rollout_steps=32
seed=3    avg_loss: 0.000000042620  time_per_window : 0.002301   progress : 0.797
name: models.architecture.block_type=simple
models.architecture.mamba_type=mamba
training.mode=rollout
training.rollout_steps=32
seed=3    avg_loss: 0.000000036376  time_per_window : 0.002242   progress : 0.808
name: models.architecture.block_type=simple
models.architecture.mamba_type=mamba
training.mode=rollout
training.rollout_steps=32
seed=3    avg_loss: 0.000000038201  time_per_window : 0.002179   progress : 0.819
name: models.architecture.block_type=simple
models.architecture.mamba_type=mamba
training.mode=rollout
training.rollout_steps=32
seed=3    avg_loss: 0.000000037473  time_per_window : 0.002172   progress : 0.830
name: models.architecture.block_type=simple
models.architecture.mamba_type=mamba
training.mode=rollout
training.rollout_steps=32
seed=3    avg_loss: 0.000000036347  time_per_window : 0.002188   progress : 0.841
name: models.architecture.block_type=simple
models.architecture.mamba_type=mamba
training.mode=rollout
training.rollout_steps=32
seed=3    avg_loss: 0.000000038127  time_per_window : 0.002393   progress : 0.852/home/jdihardjo/miniconda3/envs/mavenv/lib/python3.11/site-packages/torch/_inductor/cudagraph_trees.py:2622: UserWarning: Unable to hit fast path of CUDAGraphs because outputs from a previous step still require backward. Ensure backward() is invoked or detach outputs. You may also call torch.compiler.cudagraph_mark_step_begin() before each model invocation.
  warnings.warn(
/home/jdihardjo/miniconda3/envs/mavenv/lib/python3.11/site-packages/torch/_inductor/cudagraph_trees.py:2622: UserWarning: Unable to hit fast path of CUDAGraphs because outputs from a previous step still require backward. Ensure backward() is invoked or detach outputs. You may also call torch.compiler.cudagraph_mark_step_begin() before each model invocation.
  warnings.warn(
/home/jdihardjo/miniconda3/envs/mavenv/lib/python3.11/site-packages/torch/_inductor/cudagraph_trees.py:2622: UserWarning: Unable to hit fast path of CUDAGraphs because outputs from a previous step still require backward. Ensure backward() is invoked or detach outputs. You may also call torch.compiler.cudagraph_mark_step_begin() before each model invocation.
  warnings.warn(
/home/jdihardjo/miniconda3/envs/mavenv/lib/python3.11/site-packages/torch/_inductor/cudagraph_trees.py:2622: UserWarning: Unable to hit fast path of CUDAGraphs because outputs from a previous step still require backward. Ensure backward() is invoked or detach outputs. You may also call torch.compiler.cudagraph_mark_step_begin() before each model invocation.
  warnings.warn(
/home/jdihardjo/miniconda3/envs/mavenv/lib/python3.11/site-packages/torch/_inductor/cudagraph_trees.py:2622: UserWarning: Unable to hit fast path of CUDAGraphs because outputs from a previous step still require backward. Ensure backward() is invoked or detach outputs. You may also call torch.compiler.cudagraph_mark_step_begin() before each model invocation.
  warnings.warn(
/home/jdihardjo/miniconda3/envs/mavenv/lib/python3.11/site-packages/torch/_inductor/cudagraph_trees.py:2622: UserWarning: Unable to hit fast path of CUDAGraphs because outputs from a previous step still require backward. Ensure backward() is invoked or detach outputs. You may also call torch.compiler.cudagraph_mark_step_begin() before each model invocation.
  warnings.warn(
/home/jdihardjo/miniconda3/envs/mavenv/lib/python3.11/site-packages/torch/_inductor/cudagraph_trees.py:2622: UserWarning: Unable to hit fast path of CUDAGraphs because outputs from a previous step still require backward. Ensure backward() is invoked or detach outputs. You may also call torch.compiler.cudagraph_mark_step_begin() before each model invocation.
  warnings.warn(
/home/jdihardjo/miniconda3/envs/mavenv/lib/python3.11/site-packages/torch/_inductor/cudagraph_trees.py:2622: UserWarning: Unable to hit fast path of CUDAGraphs because outputs from a previous step still require backward. Ensure backward() is invoked or detach outputs. You may also call torch.compiler.cudagraph_mark_step_begin() before each model invocation.
  warnings.warn(
/home/jdihardjo/miniconda3/envs/mavenv/lib/python3.11/site-packages/torch/_inductor/cudagraph_trees.py:2622: UserWarning: Unable to hit fast path of CUDAGraphs because outputs from a previous step still require backward. Ensure backward() is invoked or detach outputs. You may also call torch.compiler.cudagraph_mark_step_begin() before each model invocation.
  warnings.warn(
/home/jdihardjo/miniconda3/envs/mavenv/lib/python3.11/site-packages/torch/_inductor/cudagraph_trees.py:2622: UserWarning: Unable to hit fast path of CUDAGraphs because outputs from a previous step still require backward. Ensure backward() is invoked or detach outputs. You may also call torch.compiler.cudagraph_mark_step_begin() before each model invocation.
  warnings.warn(

name: models.architecture.block_type=simple
models.architecture.mamba_type=mamba
training.mode=rollout
training.rollout_steps=32
seed=4    avg_loss: 0.000000031494  time_per_window : 0.002214   progress : 0.863
name: models.architecture.block_type=simple
models.architecture.mamba_type=mamba
training.mode=rollout
training.rollout_steps=32
seed=4    avg_loss: 0.000000033099  time_per_window : 0.001566   progress : 0.874
name: models.architecture.block_type=simple
models.architecture.mamba_type=mamba
training.mode=rollout
training.rollout_steps=32
seed=4    avg_loss: 0.000000032647  time_per_window : 0.002214   progress : 0.885
name: models.architecture.block_type=simple
models.architecture.mamba_type=mamba
training.mode=rollout
training.rollout_steps=32
seed=4    avg_loss: 0.000000029195  time_per_window : 0.002159   progress : 0.896
name: models.architecture.block_type=simple
models.architecture.mamba_type=mamba
training.mode=rollout
training.rollout_steps=32
seed=4    avg_loss: 0.000000029561  time_per_window : 0.001677   progress : 0.907
name: models.architecture.block_type=simple
models.architecture.mamba_type=mamba
training.mode=rollout
training.rollout_steps=32
seed=4    avg_loss: 0.000000034619  time_per_window : 0.002269   progress : 0.917
name: models.architecture.block_type=simple
models.architecture.mamba_type=mamba
training.mode=rollout
training.rollout_steps=32
seed=4    avg_loss: 0.000000029027  time_per_window : 0.002117   progress : 0.928
name: models.architecture.block_type=simple
models.architecture.mamba_type=mamba
training.mode=rollout
training.rollout_steps=32
seed=4    avg_loss: 0.000000032110  time_per_window : 0.002209   progress : 0.939
name: models.architecture.block_type=simple
models.architecture.mamba_type=mamba
training.mode=rollout
training.rollout_steps=32
seed=4    avg_loss: 0.000000028365  time_per_window : 0.001974   progress : 0.950
name: models.architecture.block_type=simple
models.architecture.mamba_type=mamba
training.mode=rollout
training.rollout_steps=32
seed=4    avg_loss: 0.000000029723  time_per_window : 0.001962   progress : 0.961
name: models.architecture.block_type=simple
models.architecture.mamba_type=mamba
training.mode=rollout
training.rollout_steps=32
seed=4    avg_loss: 0.000000025298  time_per_window : 0.001915   progress : 0.972
name: models.architecture.block_type=simple
models.architecture.mamba_type=mamba
training.mode=rollout
training.rollout_steps=32
seed=4    avg_loss: 0.000000027647  time_per_window : 0.002221   progress : 0.983
name: models.architecture.block_type=simple
models.architecture.mamba_type=mamba
training.mode=rollout
training.rollout_steps=32
seed=4    avg_loss: 0.000000024605  time_per_window : 0.002354   progress : 0.994
name: models.architecture.block_type=simple
models.architecture.mamba_type=mamba
training.mode=rollout
training.rollout_steps=32
seed=4    avg_loss: 0.000000031451  time_per_window : 0.001746   progress : 0.011
name: models.architecture.block_type=simple
models.architecture.mamba_type=mamba
training.mode=rollout
training.rollout_steps=32
seed=4    avg_loss: 0.000000027311  time_per_window : 0.001501   progress : 0.022
name: models.architecture.block_type=simple
models.architecture.mamba_type=mamba
training.mode=rollout
training.rollout_steps=32
seed=4    avg_loss: 0.000000023909  time_per_window : 0.001953   progress : 0.033
name: models.architecture.block_type=simple
models.architecture.mamba_type=mamba
training.mode=rollout
training.rollout_steps=32
seed=4    avg_loss: 0.000000022302  time_per_window : 0.002341   progress : 0.044
name: models.architecture.block_type=simple
models.architecture.mamba_type=mamba
training.mode=rollout
training.rollout_steps=32
seed=4    avg_loss: 0.000000021582  time_per_window : 0.001995   progress : 0.055
name: models.architecture.block_type=simple
models.architecture.mamba_type=mamba
training.mode=rollout
training.rollout_steps=32
seed=4    avg_loss: 0.000000021223  time_per_window : 0.002345   progress : 0.066
name: models.architecture.block_type=simple
models.architecture.mamba_type=mamba
training.mode=rollout
training.rollout_steps=32
seed=4    avg_loss: 0.000000021590  time_per_window : 0.002249   progress : 0.076
name: models.architecture.block_type=simple
models.architecture.mamba_type=mamba
training.mode=rollout
training.rollout_steps=32
seed=4    avg_loss: 0.000000018790  time_per_window : 0.002417   progress : 0.087
name: models.architecture.block_type=simple
models.architecture.mamba_type=mamba
training.mode=rollout
training.rollout_steps=32
seed=4    avg_loss: 0.000000018890  time_per_window : 0.001681   progress : 0.098
name: models.architecture.block_type=simple
models.architecture.mamba_type=mamba
training.mode=rollout
training.rollout_steps=32
seed=4    avg_loss: 0.000000018919  time_per_window : 0.002272   progress : 0.109
name: models.architecture.block_type=simple
models.architecture.mamba_type=mamba
training.mode=rollout
training.rollout_steps=32
seed=4    avg_loss: 0.000000018433  time_per_window : 0.002252   progress : 0.120
name: models.architecture.block_type=simple
models.architecture.mamba_type=mamba
training.mode=rollout
training.rollout_steps=32
seed=4    avg_loss: 0.000000018504  time_per_window : 0.002382   progress : 0.131
name: models.architecture.block_type=simple
models.architecture.mamba_type=mamba
training.mode=rollout
training.rollout_steps=32
seed=4    avg_loss: 0.000000018746  time_per_window : 0.002277   progress : 0.142
name: models.architecture.block_type=simple
models.architecture.mamba_type=mamba
training.mode=rollout
training.rollout_steps=32
seed=4    avg_loss: 0.000000017700  time_per_window : 0.002375   progress : 0.153
name: models.architecture.block_type=simple
models.architecture.mamba_type=mamba
training.mode=rollout
training.rollout_steps=32
seed=4    avg_loss: 0.000000018417  time_per_window : 0.002314   progress : 0.164
name: models.architecture.block_type=simple
models.architecture.mamba_type=mamba
training.mode=rollout
training.rollout_steps=32
seed=4    avg_loss: 0.000000017290  time_per_window : 0.002364   progress : 0.175
name: models.architecture.block_type=simple
models.architecture.mamba_type=mamba
training.mode=rollout
training.rollout_steps=32
seed=4    avg_loss: 0.000000018209  time_per_window : 0.002353   progress : 0.186
name: models.architecture.block_type=simple
models.architecture.mamba_type=mamba
training.mode=rollout
training.rollout_steps=32
seed=4    avg_loss: 0.000000017603  time_per_window : 0.002147   progress : 0.197
name: models.architecture.block_type=simple
models.architecture.mamba_type=mamba
training.mode=rollout
training.rollout_steps=32
seed=4    avg_loss: 0.000000016711  time_per_window : 0.002301   progress : 0.208
name: models.architecture.block_type=simple
models.architecture.mamba_type=mamba
training.mode=rollout
training.rollout_steps=32
seed=4    avg_loss: 0.000000018179  time_per_window : 0.002500   progress : 0.218
name: models.architecture.block_type=simple
models.architecture.mamba_type=mamba
training.mode=rollout
training.rollout_steps=32
seed=4    avg_loss: 0.000000017765  time_per_window : 0.002092   progress : 0.229
name: models.architecture.block_type=simple
models.architecture.mamba_type=mamba
training.mode=rollout
training.rollout_steps=32
seed=4    avg_loss: 0.000000018210  time_per_window : 0.002258   progress : 0.240
name: models.architecture.block_type=simple
models.architecture.mamba_type=mamba
training.mode=rollout
training.rollout_steps=32
seed=4    avg_loss: 0.000000016961  time_per_window : 0.002282   progress : 0.251
name: models.architecture.block_type=simple
models.architecture.mamba_type=mamba
training.mode=rollout
training.rollout_steps=32
seed=4    avg_loss: 0.000000016883  time_per_window : 0.002337   progress : 0.262
name: models.architecture.block_type=simple
models.architecture.mamba_type=mamba
training.mode=rollout
training.rollout_steps=32
seed=4    avg_loss: 0.000000017528  time_per_window : 0.002111   progress : 0.273
name: models.architecture.block_type=simple
models.architecture.mamba_type=mamba
training.mode=rollout
training.rollout_steps=32
seed=4    avg_loss: 0.000000017490  time_per_window : 0.002377   progress : 0.284
name: models.architecture.block_type=simple
models.architecture.mamba_type=mamba
training.mode=rollout
training.rollout_steps=32
seed=0    avg_loss: 0.000000026221  time_per_window : 0.001859   progress : 0.863
name: models.architecture.block_type=simple
models.architecture.mamba_type=mamba
training.mode=rollout
training.rollout_steps=32
seed=0    avg_loss: 0.000000026282  time_per_window : 0.002142   progress : 0.874
name: models.architecture.block_type=simple
models.architecture.mamba_type=mamba
training.mode=rollout
training.rollout_steps=32
seed=0    avg_loss: 0.000000026486  time_per_window : 0.002236   progress : 0.885
name: models.architecture.block_type=simple
models.architecture.mamba_type=mamba
training.mode=rollout
training.rollout_steps=32
seed=0    avg_loss: 0.000000023158  time_per_window : 0.002102   progress : 0.896
name: models.architecture.block_type=simple
models.architecture.mamba_type=mamba
training.mode=rollout
training.rollout_steps=32
seed=0    avg_loss: 0.000000024122  time_per_window : 0.002224   progress : 0.907
name: models.architecture.block_type=simple
models.architecture.mamba_type=mamba
training.mode=rollout
training.rollout_steps=32
seed=0    avg_loss: 0.000000023423  time_per_window : 0.002223   progress : 0.917
name: models.architecture.block_type=simple
models.architecture.mamba_type=mamba
training.mode=rollout
training.rollout_steps=32
seed=0    avg_loss: 0.000000019392  time_per_window : 0.002231   progress : 0.928
name: models.architecture.block_type=simple
models.architecture.mamba_type=mamba
training.mode=rollout
training.rollout_steps=32
seed=0    avg_loss: 0.000000018721  time_per_window : 0.002189   progress : 0.939
name: models.architecture.block_type=simple
models.architecture.mamba_type=mamba
training.mode=rollout
training.rollout_steps=32
seed=0    avg_loss: 0.000000018290  time_per_window : 0.002192   progress : 0.950
name: models.architecture.block_type=simple
models.architecture.mamba_type=mamba
training.mode=rollout
training.rollout_steps=32
seed=0    avg_loss: 0.000000019141  time_per_window : 0.002249   progress : 0.961
name: models.architecture.block_type=simple
models.architecture.mamba_type=mamba
training.mode=rollout
training.rollout_steps=32
seed=0    avg_loss: 0.000000018528  time_per_window : 0.001654   progress : 0.972
name: models.architecture.block_type=simple
models.architecture.mamba_type=mamba
training.mode=rollout
training.rollout_steps=32
seed=0    avg_loss: 0.000000017387  time_per_window : 0.001758   progress : 0.983
name: models.architecture.block_type=simple
models.architecture.mamba_type=mamba
training.mode=rollout
training.rollout_steps=32
seed=0    avg_loss: 0.000000018318  time_per_window : 0.001936   progress : 0.994
name: models.architecture.block_type=simple
models.architecture.mamba_type=mamba
training.mode=rollout
training.rollout_steps=32
seed=0    avg_loss: 0.000000028058  time_per_window : 0.002148   progress : 0.011
name: models.architecture.block_type=simple
models.architecture.mamba_type=mamba
training.mode=rollout
training.rollout_steps=32
seed=0    avg_loss: 0.000000020084  time_per_window : 0.002323   progress : 0.022
name: models.architecture.block_type=simple
models.architecture.mamba_type=mamba
training.mode=rollout
training.rollout_steps=32
seed=0    avg_loss: 0.000000017737  time_per_window : 0.002327   progress : 0.033
name: models.architecture.block_type=simple
models.architecture.mamba_type=mamba
training.mode=rollout
training.rollout_steps=32
seed=0    avg_loss: 0.000000019217  time_per_window : 0.002399   progress : 0.044
name: models.architecture.block_type=simple
models.architecture.mamba_type=mamba
training.mode=rollout
training.rollout_steps=32
seed=0    avg_loss: 0.000000018124  time_per_window : 0.002303   progress : 0.055
name: models.architecture.block_type=simple
models.architecture.mamba_type=mamba
training.mode=rollout
training.rollout_steps=32
seed=0    avg_loss: 0.000000018218  time_per_window : 0.002265   progress : 0.066
name: models.architecture.block_type=simple
models.architecture.mamba_type=mamba
training.mode=rollout
training.rollout_steps=32
seed=0    avg_loss: 0.000000019545  time_per_window : 0.002240   progress : 0.076
name: models.architecture.block_type=simple
models.architecture.mamba_type=mamba
training.mode=rollout
training.rollout_steps=32
seed=0    avg_loss: 0.000000018452  time_per_window : 0.002233   progress : 0.087
name: models.architecture.block_type=simple
models.architecture.mamba_type=mamba
training.mode=rollout
training.rollout_steps=32
seed=0    avg_loss: 0.000000019521  time_per_window : 0.002321   progress : 0.098
name: models.architecture.block_type=simple
models.architecture.mamba_type=mamba
training.mode=rollout
training.rollout_steps=32
seed=0    avg_loss: 0.000000019167  time_per_window : 0.002342   progress : 0.109
name: models.architecture.block_type=simple
models.architecture.mamba_type=mamba
training.mode=rollout
training.rollout_steps=32
seed=0    avg_loss: 0.000000018088  time_per_window : 0.001982   progress : 0.120
name: models.architecture.block_type=simple
models.architecture.mamba_type=mamba
training.mode=rollout
training.rollout_steps=32
seed=0    avg_loss: 0.000000018199  time_per_window : 0.002344   progress : 0.131
name: models.architecture.block_type=simple
models.architecture.mamba_type=mamba
training.mode=rollout
training.rollout_steps=32
seed=0    avg_loss: 0.000000017149  time_per_window : 0.002341   progress : 0.142
name: models.architecture.block_type=simple
models.architecture.mamba_type=mamba
training.mode=rollout
training.rollout_steps=32
seed=0    avg_loss: 0.000000017347  time_per_window : 0.002397   progress : 0.153
name: models.architecture.block_type=simple
models.architecture.mamba_type=mamba
training.mode=rollout
training.rollout_steps=32
seed=0    avg_loss: 0.000000018297  time_per_window : 0.002328   progress : 0.164
name: models.architecture.block_type=simple
models.architecture.mamba_type=mamba
training.mode=rollout
training.rollout_steps=32
seed=0    avg_loss: 0.000000017640  time_per_window : 0.002366   progress : 0.175
name: models.architecture.block_type=simple
models.architecture.mamba_type=mamba
training.mode=rollout
training.rollout_steps=32
seed=0    avg_loss: 0.000000018358  time_per_window : 0.002392   progress : 0.186
name: models.architecture.block_type=simple
models.architecture.mamba_type=mamba
training.mode=rollout
training.rollout_steps=32
seed=0    avg_loss: 0.000000018091  time_per_window : 0.002321   progress : 0.197
name: models.architecture.block_type=simple
models.architecture.mamba_type=mamba
training.mode=rollout
training.rollout_steps=32
seed=0    avg_loss: 0.000000016782  time_per_window : 0.002345   progress : 0.208
name: models.architecture.block_type=simple
models.architecture.mamba_type=mamba
training.mode=rollout
training.rollout_steps=32
seed=0    avg_loss: 0.000000017286  time_per_window : 0.002172   progress : 0.218
name: models.architecture.block_type=simple
models.architecture.mamba_type=mamba
training.mode=rollout
training.rollout_steps=32
seed=0    avg_loss: 0.000000018090  time_per_window : 0.002446   progress : 0.229
name: models.architecture.block_type=simple
models.architecture.mamba_type=mamba
training.mode=rollout
training.rollout_steps=32
seed=0    avg_loss: 0.000000016352  time_per_window : 0.002330   progress : 0.240
name: models.architecture.block_type=simple
models.architecture.mamba_type=mamba
training.mode=rollout
training.rollout_steps=32
seed=0    avg_loss: 0.000000017318  time_per_window : 0.002330   progress : 0.251
name: models.architecture.block_type=simple
models.architecture.mamba_type=mamba
training.mode=rollout
training.rollout_steps=32
seed=0    avg_loss: 0.000000017433  time_per_window : 0.002408   progress : 0.262
name: models.architecture.block_type=simple
models.architecture.mamba_type=mamba
training.mode=rollout
training.rollout_steps=32
seed=0    avg_loss: 0.000000016898  time_per_window : 0.002149   progress : 0.273
name: models.architecture.block_type=simple
models.architecture.mamba_type=mamba
training.mode=rollout
training.rollout_steps=32
seed=0    avg_loss: 0.000000016699  time_per_window : 0.002199   progress : 0.284
name: models.architecture.block_type=simple
models.architecture.mamba_type=mamba
training.mode=rollout
training.rollout_steps=32
seed=2    avg_loss: 0.000000031044  time_per_window : 0.002140   progress : 0.863
name: models.architecture.block_type=simple
models.architecture.mamba_type=mamba
training.mode=rollout
training.rollout_steps=32
seed=2    avg_loss: 0.000000030969  time_per_window : 0.002251   progress : 0.874
name: models.architecture.block_type=simple
models.architecture.mamba_type=mamba
training.mode=rollout
training.rollout_steps=32
seed=2    avg_loss: 0.000000030316  time_per_window : 0.002049   progress : 0.885
name: models.architecture.block_type=simple
models.architecture.mamba_type=mamba
training.mode=rollout
training.rollout_steps=32
seed=2    avg_loss: 0.000000026847  time_per_window : 0.002248   progress : 0.896
name: models.architecture.block_type=simple
models.architecture.mamba_type=mamba
training.mode=rollout
training.rollout_steps=32
seed=2    avg_loss: 0.000000027803  time_per_window : 0.002220   progress : 0.907
name: models.architecture.block_type=simple
models.architecture.mamba_type=mamba
training.mode=rollout
training.rollout_steps=32
seed=2    avg_loss: 0.000000031946  time_per_window : 0.002266   progress : 0.917
name: models.architecture.block_type=simple
models.architecture.mamba_type=mamba
training.mode=rollout
training.rollout_steps=32
seed=2    avg_loss: 0.000000027634  time_per_window : 0.002120   progress : 0.928
name: models.architecture.block_type=simple
models.architecture.mamba_type=mamba
training.mode=rollout
training.rollout_steps=32
seed=2    avg_loss: 0.000000030710  time_per_window : 0.002354   progress : 0.939
name: models.architecture.block_type=simple
models.architecture.mamba_type=mamba
training.mode=rollout
training.rollout_steps=32
seed=2    avg_loss: 0.000000027294  time_per_window : 0.002104   progress : 0.950
name: models.architecture.block_type=simple
models.architecture.mamba_type=mamba
training.mode=rollout
training.rollout_steps=32
seed=2    avg_loss: 0.000000028863  time_per_window : 0.002132   progress : 0.961
name: models.architecture.block_type=simple
models.architecture.mamba_type=mamba
training.mode=rollout
training.rollout_steps=32
seed=2    avg_loss: 0.000000026014  time_per_window : 0.001852   progress : 0.972
name: models.architecture.block_type=simple
models.architecture.mamba_type=mamba
training.mode=rollout
training.rollout_steps=32
seed=2    avg_loss: 0.000000025234  time_per_window : 0.001640   progress : 0.983
name: models.architecture.block_type=simple
models.architecture.mamba_type=mamba
training.mode=rollout
training.rollout_steps=32
seed=2    avg_loss: 0.000000027922  time_per_window : 0.002214   progress : 0.994
name: models.architecture.block_type=simple
models.architecture.mamba_type=mamba
training.mode=rollout
training.rollout_steps=32
seed=2    avg_loss: 0.000000031223  time_per_window : 0.002068   progress : 0.011
name: models.architecture.block_type=simple
models.architecture.mamba_type=mamba
training.mode=rollout
training.rollout_steps=32
seed=2    avg_loss: 0.000000027099  time_per_window : 0.002409   progress : 0.022
name: models.architecture.block_type=simple
models.architecture.mamba_type=mamba
training.mode=rollout
training.rollout_steps=32
seed=2    avg_loss: 0.000000027095  time_per_window : 0.001682   progress : 0.033
name: models.architecture.block_type=simple
models.architecture.mamba_type=mamba
training.mode=rollout
training.rollout_steps=32
seed=2    avg_loss: 0.000000026035  time_per_window : 0.002316   progress : 0.044
name: models.architecture.block_type=simple
models.architecture.mamba_type=mamba
training.mode=rollout
training.rollout_steps=32
seed=2    avg_loss: 0.000000026367  time_per_window : 0.002207   progress : 0.055
name: models.architecture.block_type=simple
models.architecture.mamba_type=mamba
training.mode=rollout
training.rollout_steps=32
seed=2    avg_loss: 0.000000023036  time_per_window : 0.002421   progress : 0.066
name: models.architecture.block_type=simple
models.architecture.mamba_type=mamba
training.mode=rollout
training.rollout_steps=32
seed=2    avg_loss: 0.000000022974  time_per_window : 0.002375   progress : 0.076
name: models.architecture.block_type=simple
models.architecture.mamba_type=mamba
training.mode=rollout
training.rollout_steps=32
seed=2    avg_loss: 0.000000022509  time_per_window : 0.001981   progress : 0.087
name: models.architecture.block_type=simple
models.architecture.mamba_type=mamba
training.mode=rollout
training.rollout_steps=32
seed=2    avg_loss: 0.000000022514  time_per_window : 0.002186   progress : 0.098
name: models.architecture.block_type=simple
models.architecture.mamba_type=mamba
training.mode=rollout
training.rollout_steps=32
seed=2    avg_loss: 0.000000022416  time_per_window : 0.001903   progress : 0.109
name: models.architecture.block_type=simple
models.architecture.mamba_type=mamba
training.mode=rollout
training.rollout_steps=32
seed=2    avg_loss: 0.000000021977  time_per_window : 0.002124   progress : 0.120
name: models.architecture.block_type=simple
models.architecture.mamba_type=mamba
training.mode=rollout
training.rollout_steps=32
seed=2    avg_loss: 0.000000021453  time_per_window : 0.002372   progress : 0.131
name: models.architecture.block_type=simple
models.architecture.mamba_type=mamba
training.mode=rollout
training.rollout_steps=32
seed=2    avg_loss: 0.000000021727  time_per_window : 0.001810   progress : 0.142
name: models.architecture.block_type=simple
models.architecture.mamba_type=mamba
training.mode=rollout
training.rollout_steps=32
seed=2    avg_loss: 0.000000021022  time_per_window : 0.002141   progress : 0.153
name: models.architecture.block_type=simple
models.architecture.mamba_type=mamba
training.mode=rollout
training.rollout_steps=32
seed=2    avg_loss: 0.000000021467  time_per_window : 0.002393   progress : 0.164
name: models.architecture.block_type=simple
models.architecture.mamba_type=mamba
training.mode=rollout
training.rollout_steps=32
seed=2    avg_loss: 0.000000021616  time_per_window : 0.002368   progress : 0.175
name: models.architecture.block_type=simple
models.architecture.mamba_type=mamba
training.mode=rollout
training.rollout_steps=32
seed=2    avg_loss: 0.000000020792  time_per_window : 0.002305   progress : 0.186
name: models.architecture.block_type=simple
models.architecture.mamba_type=mamba
training.mode=rollout
training.rollout_steps=32
seed=2    avg_loss: 0.000000020475  time_per_window : 0.002386   progress : 0.197
name: models.architecture.block_type=simple
models.architecture.mamba_type=mamba
training.mode=rollout
training.rollout_steps=32
seed=2    avg_loss: 0.000000020696  time_per_window : 0.002223   progress : 0.208
name: models.architecture.block_type=simple
models.architecture.mamba_type=mamba
training.mode=rollout
training.rollout_steps=32
seed=2    avg_loss: 0.000000020610  time_per_window : 0.002073   progress : 0.218
name: models.architecture.block_type=simple
models.architecture.mamba_type=mamba
training.mode=rollout
training.rollout_steps=32
seed=2    avg_loss: 0.000000020629  time_per_window : 0.002199   progress : 0.229
name: models.architecture.block_type=simple
models.architecture.mamba_type=mamba
training.mode=rollout
training.rollout_steps=32
seed=2    avg_loss: 0.000000020347  time_per_window : 0.002400   progress : 0.240
name: models.architecture.block_type=simple
models.architecture.mamba_type=mamba
training.mode=rollout
training.rollout_steps=32
seed=2    avg_loss: 0.000000021022  time_per_window : 0.002233   progress : 0.251
name: models.architecture.block_type=simple
models.architecture.mamba_type=mamba
training.mode=rollout
training.rollout_steps=32
seed=2    avg_loss: 0.000000020167  time_per_window : 0.002068   progress : 0.262
name: models.architecture.block_type=simple
models.architecture.mamba_type=mamba
training.mode=rollout
training.rollout_steps=32
seed=2    avg_loss: 0.000000019897  time_per_window : 0.001658   progress : 0.273
name: models.architecture.block_type=simple
models.architecture.mamba_type=mamba
training.mode=rollout
training.rollout_steps=32
seed=2    avg_loss: 0.000000020021  time_per_window : 0.002173   progress : 0.284
name: models.architecture.block_type=simple
models.architecture.mamba_type=mamba
training.mode=rollout
training.rollout_steps=32
seed=1    avg_loss: 0.000000033409  time_per_window : 0.002266   progress : 0.863
name: models.architecture.block_type=simple
models.architecture.mamba_type=mamba
training.mode=rollout
training.rollout_steps=32
seed=1    avg_loss: 0.000000034184  time_per_window : 0.002301   progress : 0.874
name: models.architecture.block_type=simple
models.architecture.mamba_type=mamba
training.mode=rollout
training.rollout_steps=32
seed=1    avg_loss: 0.000000033916  time_per_window : 0.002330   progress : 0.885
name: models.architecture.block_type=simple
models.architecture.mamba_type=mamba
training.mode=rollout
training.rollout_steps=32
seed=1    avg_loss: 0.000000032425  time_per_window : 0.001836   progress : 0.896
name: models.architecture.block_type=simple
models.architecture.mamba_type=mamba
training.mode=rollout
training.rollout_steps=32
seed=1    avg_loss: 0.000000028697  time_per_window : 0.002239   progress : 0.907
name: models.architecture.block_type=simple
models.architecture.mamba_type=mamba
training.mode=rollout
training.rollout_steps=32
seed=1    avg_loss: 0.000000034556  time_per_window : 0.002125   progress : 0.917
name: models.architecture.block_type=simple
models.architecture.mamba_type=mamba
training.mode=rollout
training.rollout_steps=32
seed=1    avg_loss: 0.000000029855  time_per_window : 0.002272   progress : 0.928
name: models.architecture.block_type=simple
models.architecture.mamba_type=mamba
training.mode=rollout
training.rollout_steps=32
seed=1    avg_loss: 0.000000034478  time_per_window : 0.002200   progress : 0.939
name: models.architecture.block_type=simple
models.architecture.mamba_type=mamba
training.mode=rollout
training.rollout_steps=32
seed=1    avg_loss: 0.000000032930  time_per_window : 0.001607   progress : 0.950
name: models.architecture.block_type=simple
models.architecture.mamba_type=mamba
training.mode=rollout
training.rollout_steps=32
seed=1    avg_loss: 0.000000031987  time_per_window : 0.002183   progress : 0.961
name: models.architecture.block_type=simple
models.architecture.mamba_type=mamba
training.mode=rollout
training.rollout_steps=32
seed=1    avg_loss: 0.000000029985  time_per_window : 0.001952   progress : 0.972
name: models.architecture.block_type=simple
models.architecture.mamba_type=mamba
training.mode=rollout
training.rollout_steps=32
seed=1    avg_loss: 0.000000030280  time_per_window : 0.001973   progress : 0.983
name: models.architecture.block_type=simple
models.architecture.mamba_type=mamba
training.mode=rollout
training.rollout_steps=32
seed=1    avg_loss: 0.000000027470  time_per_window : 0.001419   progress : 0.994
name: models.architecture.block_type=simple
models.architecture.mamba_type=mamba
training.mode=rollout
training.rollout_steps=32
seed=1    avg_loss: 0.000000036010  time_per_window : 0.002386   progress : 0.011
name: models.architecture.block_type=simple
models.architecture.mamba_type=mamba
training.mode=rollout
training.rollout_steps=32
seed=1    avg_loss: 0.000000035253  time_per_window : 0.002380   progress : 0.022
name: models.architecture.block_type=simple
models.architecture.mamba_type=mamba
training.mode=rollout
training.rollout_steps=32
seed=1    avg_loss: 0.000000032949  time_per_window : 0.002257   progress : 0.033
name: models.architecture.block_type=simple
models.architecture.mamba_type=mamba
training.mode=rollout
training.rollout_steps=32
seed=1    avg_loss: 0.000000032894  time_per_window : 0.002366   progress : 0.044
name: models.architecture.block_type=simple
models.architecture.mamba_type=mamba
training.mode=rollout
training.rollout_steps=32
seed=1    avg_loss: 0.000000033288  time_per_window : 0.001960   progress : 0.055
name: models.architecture.block_type=simple
models.architecture.mamba_type=mamba
training.mode=rollout
training.rollout_steps=32
seed=1    avg_loss: 0.000000031195  time_per_window : 0.002270   progress : 0.066
name: models.architecture.block_type=simple
models.architecture.mamba_type=mamba
training.mode=rollout
training.rollout_steps=32
seed=1    avg_loss: 0.000000031910  time_per_window : 0.002106   progress : 0.076
name: models.architecture.block_type=simple
models.architecture.mamba_type=mamba
training.mode=rollout
training.rollout_steps=32
seed=1    avg_loss: 0.000000028774  time_per_window : 0.002355   progress : 0.087
name: models.architecture.block_type=simple
models.architecture.mamba_type=mamba
training.mode=rollout
training.rollout_steps=32
seed=1    avg_loss: 0.000000030468  time_per_window : 0.002086   progress : 0.098
name: models.architecture.block_type=simple
models.architecture.mamba_type=mamba
training.mode=rollout
training.rollout_steps=32
seed=1    avg_loss: 0.000000027828  time_per_window : 0.002374   progress : 0.109
name: models.architecture.block_type=simple
models.architecture.mamba_type=mamba
training.mode=rollout
training.rollout_steps=32
seed=1    avg_loss: 0.000000027901  time_per_window : 0.001615   progress : 0.120
name: models.architecture.block_type=simple
models.architecture.mamba_type=mamba
training.mode=rollout
training.rollout_steps=32
seed=1    avg_loss: 0.000000027568  time_per_window : 0.002131   progress : 0.131
name: models.architecture.block_type=simple
models.architecture.mamba_type=mamba
training.mode=rollout
training.rollout_steps=32
seed=1    avg_loss: 0.000000026202  time_per_window : 0.002374   progress : 0.142
name: models.architecture.block_type=simple
models.architecture.mamba_type=mamba
training.mode=rollout
training.rollout_steps=32
seed=1    avg_loss: 0.000000030683  time_per_window : 0.001948   progress : 0.153
name: models.architecture.block_type=simple
models.architecture.mamba_type=mamba
training.mode=rollout
training.rollout_steps=32
seed=1    avg_loss: 0.000000028292  time_per_window : 0.002424   progress : 0.164
name: models.architecture.block_type=simple
models.architecture.mamba_type=mamba
training.mode=rollout
training.rollout_steps=32
seed=1    avg_loss: 0.000000027011  time_per_window : 0.002324   progress : 0.175
name: models.architecture.block_type=simple
models.architecture.mamba_type=mamba
training.mode=rollout
training.rollout_steps=32
seed=1    avg_loss: 0.000000024389  time_per_window : 0.002145   progress : 0.186
name: models.architecture.block_type=simple
models.architecture.mamba_type=mamba
training.mode=rollout
training.rollout_steps=32
seed=1    avg_loss: 0.000000025332  time_per_window : 0.002325   progress : 0.197
name: models.architecture.block_type=simple
models.architecture.mamba_type=mamba
training.mode=rollout
training.rollout_steps=32
seed=1    avg_loss: 0.000000024584  time_per_window : 0.002376   progress : 0.208
name: models.architecture.block_type=simple
models.architecture.mamba_type=mamba
training.mode=rollout
training.rollout_steps=32
seed=1    avg_loss: 0.000000025678  time_per_window : 0.002264   progress : 0.218
name: models.architecture.block_type=simple
models.architecture.mamba_type=mamba
training.mode=rollout
training.rollout_steps=32
seed=1    avg_loss: 0.000000023616  time_per_window : 0.002449   progress : 0.229
name: models.architecture.block_type=simple
models.architecture.mamba_type=mamba
training.mode=rollout
training.rollout_steps=32
seed=1    avg_loss: 0.000000020915  time_per_window : 0.002371   progress : 0.240
name: models.architecture.block_type=simple
models.architecture.mamba_type=mamba
training.mode=rollout
training.rollout_steps=32
seed=1    avg_loss: 0.000000020814  time_per_window : 0.002351   progress : 0.251
name: models.architecture.block_type=simple
models.architecture.mamba_type=mamba
training.mode=rollout
training.rollout_steps=32
seed=1    avg_loss: 0.000000020033  time_per_window : 0.002307   progress : 0.262
name: models.architecture.block_type=simple
models.architecture.mamba_type=mamba
training.mode=rollout
training.rollout_steps=32
seed=1    avg_loss: 0.000000019146  time_per_window : 0.001689   progress : 0.273
name: models.architecture.block_type=simple
models.architecture.mamba_type=mamba
training.mode=rollout
training.rollout_steps=32
seed=1    avg_loss: 0.000000018989  time_per_window : 0.002339   progress : 0.284
name: models.architecture.block_type=simple
models.architecture.mamba_type=mamba
training.mode=rollout
training.rollout_steps=32
seed=3    avg_loss: 0.000000036117  time_per_window : 0.002273   progress : 0.863
name: models.architecture.block_type=simple
models.architecture.mamba_type=mamba
training.mode=rollout
training.rollout_steps=32
seed=3    avg_loss: 0.000000037711  time_per_window : 0.002105   progress : 0.874
name: models.architecture.block_type=simple
models.architecture.mamba_type=mamba
training.mode=rollout
training.rollout_steps=32
seed=3    avg_loss: 0.000000039933  time_per_window : 0.002246   progress : 0.885
name: models.architecture.block_type=simple
models.architecture.mamba_type=mamba
training.mode=rollout
training.rollout_steps=32
seed=3    avg_loss: 0.000000032788  time_per_window : 0.002194   progress : 0.896
name: models.architecture.block_type=simple
models.architecture.mamba_type=mamba
training.mode=rollout
training.rollout_steps=32
seed=3    avg_loss: 0.000000034814  time_per_window : 0.002271   progress : 0.907
name: models.architecture.block_type=simple
models.architecture.mamba_type=mamba
training.mode=rollout
training.rollout_steps=32
seed=3    avg_loss: 0.000000037997  time_per_window : 0.002138   progress : 0.917
name: models.architecture.block_type=simple
models.architecture.mamba_type=mamba
training.mode=rollout
training.rollout_steps=32
seed=3    avg_loss: 0.000000032096  time_per_window : 0.002228   progress : 0.928
name: models.architecture.block_type=simple
models.architecture.mamba_type=mamba
training.mode=rollout
training.rollout_steps=32
seed=3    avg_loss: 0.000000036606  time_per_window : 0.002356   progress : 0.939
name: models.architecture.block_type=simple
models.architecture.mamba_type=mamba
training.mode=rollout
training.rollout_steps=32
seed=3    avg_loss: 0.000000036641  time_per_window : 0.002270   progress : 0.950
name: models.architecture.block_type=simple
models.architecture.mamba_type=mamba
training.mode=rollout
training.rollout_steps=32
seed=3    avg_loss: 0.000000034936  time_per_window : 0.001897   progress : 0.961
name: models.architecture.block_type=simple
models.architecture.mamba_type=mamba
training.mode=rollout
training.rollout_steps=32
seed=3    avg_loss: 0.000000032320  time_per_window : 0.001990   progress : 0.972
name: models.architecture.block_type=simple
models.architecture.mamba_type=mamba
training.mode=rollout
training.rollout_steps=32
seed=3    avg_loss: 0.000000034213  time_per_window : 0.001994   progress : 0.983
name: models.architecture.block_type=simple
models.architecture.mamba_type=mamba
training.mode=rollout
training.rollout_steps=32
seed=3    avg_loss: 0.000000030495  time_per_window : 0.001521   progress : 0.994
name: models.architecture.block_type=simple
models.architecture.mamba_type=mamba
training.mode=rollout
training.rollout_steps=32
seed=3    avg_loss: 0.000000064193  time_per_window : 0.002489   progress : 0.011
name: models.architecture.block_type=simple
models.architecture.mamba_type=mamba
training.mode=rollout
training.rollout_steps=32
seed=3    avg_loss: 0.000000032946  time_per_window : 0.002407   progress : 0.022
name: models.architecture.block_type=simple
models.architecture.mamba_type=mamba
training.mode=rollout
training.rollout_steps=32
seed=3    avg_loss: 0.000000034536  time_per_window : 0.002391   progress : 0.033
name: models.architecture.block_type=simple
models.architecture.mamba_type=mamba
training.mode=rollout
training.rollout_steps=32
seed=3    avg_loss: 0.000000033644  time_per_window : 0.002246   progress : 0.044
name: models.architecture.block_type=simple
models.architecture.mamba_type=mamba
training.mode=rollout
training.rollout_steps=32
seed=3    avg_loss: 0.000000037376  time_per_window : 0.002389   progress : 0.055
name: models.architecture.block_type=simple
models.architecture.mamba_type=mamba
training.mode=rollout
training.rollout_steps=32
seed=3    avg_loss: 0.000000034342  time_per_window : 0.002424   progress : 0.066
name: models.architecture.block_type=simple
models.architecture.mamba_type=mamba
training.mode=rollout
training.rollout_steps=32
seed=3    avg_loss: 0.000000033901  time_per_window : 0.002405   progress : 0.076
name: models.architecture.block_type=simple
models.architecture.mamba_type=mamba
training.mode=rollout
training.rollout_steps=32
seed=3    avg_loss: 0.000000034707  time_per_window : 0.002354   progress : 0.087
name: models.architecture.block_type=simple
models.architecture.mamba_type=mamba
training.mode=rollout
training.rollout_steps=32
seed=3    avg_loss: 0.000000035256  time_per_window : 0.002462   progress : 0.098
name: models.architecture.block_type=simple
models.architecture.mamba_type=mamba
training.mode=rollout
training.rollout_steps=32
seed=3    avg_loss: 0.000000033597  time_per_window : 0.002408   progress : 0.109
name: models.architecture.block_type=simple
models.architecture.mamba_type=mamba
training.mode=rollout
training.rollout_steps=32
seed=3    avg_loss: 0.000000030629  time_per_window : 0.002329   progress : 0.120
name: models.architecture.block_type=simple
models.architecture.mamba_type=mamba
training.mode=rollout
training.rollout_steps=32
seed=3    avg_loss: 0.000000033057  time_per_window : 0.001989   progress : 0.131
name: models.architecture.block_type=simple
models.architecture.mamba_type=mamba
training.mode=rollout
training.rollout_steps=32
seed=3    avg_loss: 0.000000032803  time_per_window : 0.002375   progress : 0.142
name: models.architecture.block_type=simple
models.architecture.mamba_type=mamba
training.mode=rollout
training.rollout_steps=32
seed=3    avg_loss: 0.000000037547  time_per_window : 0.002381   progress : 0.153
name: models.architecture.block_type=simple
models.architecture.mamba_type=mamba
training.mode=rollout
training.rollout_steps=32
seed=3    avg_loss: 0.000000031234  time_per_window : 0.002182   progress : 0.164
name: models.architecture.block_type=simple
models.architecture.mamba_type=mamba
training.mode=rollout
training.rollout_steps=32
seed=3    avg_loss: 0.000000030827  time_per_window : 0.002383   progress : 0.175
name: models.architecture.block_type=simple
models.architecture.mamba_type=mamba
training.mode=rollout
training.rollout_steps=32
seed=3    avg_loss: 0.000000031327  time_per_window : 0.002393   progress : 0.186
name: models.architecture.block_type=simple
models.architecture.mamba_type=mamba
training.mode=rollout
training.rollout_steps=32
seed=3    avg_loss: 0.000000029511  time_per_window : 0.002291   progress : 0.197
name: models.architecture.block_type=simple
models.architecture.mamba_type=mamba
training.mode=rollout
training.rollout_steps=32
seed=3    avg_loss: 0.000000028765  time_per_window : 0.002403   progress : 0.208
name: models.architecture.block_type=simple
models.architecture.mamba_type=mamba
training.mode=rollout
training.rollout_steps=32
seed=3    avg_loss: 0.000000032543  time_per_window : 0.002404   progress : 0.218
name: models.architecture.block_type=simple
models.architecture.mamba_type=mamba
training.mode=rollout
training.rollout_steps=32
seed=3    avg_loss: 0.000000029906  time_per_window : 0.002347   progress : 0.229
name: models.architecture.block_type=simple
models.architecture.mamba_type=mamba
training.mode=rollout
training.rollout_steps=32
seed=3    avg_loss: 0.000000029771  time_per_window : 0.002425   progress : 0.240
name: models.architecture.block_type=simple
models.architecture.mamba_type=mamba
training.mode=rollout
training.rollout_steps=32
seed=3    avg_loss: 0.000000031627  time_per_window : 0.002321   progress : 0.251
name: models.architecture.block_type=simple
models.architecture.mamba_type=mamba
training.mode=rollout
training.rollout_steps=32
seed=3    avg_loss: 0.000000028956  time_per_window : 0.002227   progress : 0.262
name: models.architecture.block_type=simple
models.architecture.mamba_type=mamba
training.mode=rollout
training.rollout_steps=32
seed=3    avg_loss: 0.000000027440  time_per_window : 0.007053   progress : 0.273
name: models.architecture.block_type=simple
models.architecture.mamba_type=mamba
training.mode=rollout
training.rollout_steps=32
seed=3    avg_loss: 0.000000029217  time_per_window : 0.002356   progress : 0.284
name: models.architecture.block_type=simple
models.architecture.mamba_type=mamba
training.mode=rollout
training.rollout_steps=32
seed=4    avg_loss: 0.000000016934  time_per_window : 0.002059   progress : 0.295
name: models.architecture.block_type=simple
models.architecture.mamba_type=mamba
training.mode=rollout
training.rollout_steps=32
seed=4    avg_loss: 0.000000016762  time_per_window : 0.002152   progress : 0.306
name: models.architecture.block_type=simple
models.architecture.mamba_type=mamba
training.mode=rollout
training.rollout_steps=32
seed=4    avg_loss: 0.000000016700  time_per_window : 0.002292   progress : 0.317
name: models.architecture.block_type=simple
models.architecture.mamba_type=mamba
training.mode=rollout
training.rollout_steps=32
seed=4    avg_loss: 0.000000017649  time_per_window : 0.002370   progress : 0.328
name: models.architecture.block_type=simple
models.architecture.mamba_type=mamba
training.mode=rollout
training.rollout_steps=32
seed=4    avg_loss: 0.000000016094  time_per_window : 0.002334   progress : 0.339
name: models.architecture.block_type=simple
models.architecture.mamba_type=mamba
training.mode=rollout
training.rollout_steps=32
seed=4    avg_loss: 0.000000015975  time_per_window : 0.002258   progress : 0.350
name: models.architecture.block_type=simple
models.architecture.mamba_type=mamba
training.mode=rollout
training.rollout_steps=32
seed=4    avg_loss: 0.000000016521  time_per_window : 0.002362   progress : 0.360
name: models.architecture.block_type=simple
models.architecture.mamba_type=mamba
training.mode=rollout
training.rollout_steps=32
seed=4    avg_loss: 0.000000016447  time_per_window : 0.002402   progress : 0.371
name: models.architecture.block_type=simple
models.architecture.mamba_type=mamba
training.mode=rollout
training.rollout_steps=32
seed=4    avg_loss: 0.000000016323  time_per_window : 0.002273   progress : 0.382
name: models.architecture.block_type=simple
models.architecture.mamba_type=mamba
training.mode=rollout
training.rollout_steps=32
seed=4    avg_loss: 0.000000016180  time_per_window : 0.002427   progress : 0.393
name: models.architecture.block_type=simple
models.architecture.mamba_type=mamba
training.mode=rollout
training.rollout_steps=32
seed=4    avg_loss: 0.000000017144  time_per_window : 0.002287   progress : 0.404
name: models.architecture.block_type=simple
models.architecture.mamba_type=mamba
training.mode=rollout
training.rollout_steps=32
seed=4    avg_loss: 0.000000016315  time_per_window : 0.002458   progress : 0.415
name: models.architecture.block_type=simple
models.architecture.mamba_type=mamba
training.mode=rollout
training.rollout_steps=32
seed=4    avg_loss: 0.000000016046  time_per_window : 0.002328   progress : 0.426
name: models.architecture.block_type=simple
models.architecture.mamba_type=mamba
training.mode=rollout
training.rollout_steps=32
seed=4    avg_loss: 0.000000016915  time_per_window : 0.002321   progress : 0.437
name: models.architecture.block_type=simple
models.architecture.mamba_type=mamba
training.mode=rollout
training.rollout_steps=32
seed=4    avg_loss: 0.000000015658  time_per_window : 0.002401   progress : 0.448
name: models.architecture.block_type=simple
models.architecture.mamba_type=mamba
training.mode=rollout
training.rollout_steps=32
seed=4    avg_loss: 0.000000015467  time_per_window : 0.001711   progress : 0.459
name: models.architecture.block_type=simple
models.architecture.mamba_type=mamba
training.mode=rollout
training.rollout_steps=32
seed=4    avg_loss: 0.000000015657  time_per_window : 0.002292   progress : 0.470
name: models.architecture.block_type=simple
models.architecture.mamba_type=mamba
training.mode=rollout
training.rollout_steps=32
seed=4    avg_loss: 0.000000015810  time_per_window : 0.002296   progress : 0.481
name: models.architecture.block_type=simple
models.architecture.mamba_type=mamba
training.mode=rollout
training.rollout_steps=32
seed=4    avg_loss: 0.000000015724  time_per_window : 0.002313   progress : 0.492
name: models.architecture.block_type=simple
models.architecture.mamba_type=mamba
training.mode=rollout
training.rollout_steps=32
seed=4    avg_loss: 0.000000015807  time_per_window : 0.002394   progress : 0.502
name: models.architecture.block_type=simple
models.architecture.mamba_type=mamba
training.mode=rollout
training.rollout_steps=32
seed=4    avg_loss: 0.000000015898  time_per_window : 0.002300   progress : 0.513
name: models.architecture.block_type=simple
models.architecture.mamba_type=mamba
training.mode=rollout
training.rollout_steps=32
seed=4    avg_loss: 0.000000015398  time_per_window : 0.002349   progress : 0.524
name: models.architecture.block_type=simple
models.architecture.mamba_type=mamba
training.mode=rollout
training.rollout_steps=32
seed=4    avg_loss: 0.000000028371  time_per_window : 0.001969   progress : 0.535
name: models.architecture.block_type=simple
models.architecture.mamba_type=mamba
training.mode=rollout
training.rollout_steps=32
seed=4    avg_loss: 0.000000014550  time_per_window : 0.002244   progress : 0.546
name: models.architecture.block_type=simple
models.architecture.mamba_type=mamba
training.mode=rollout
training.rollout_steps=32
seed=4    avg_loss: 0.000000015205  time_per_window : 0.002152   progress : 0.557
name: models.architecture.block_type=simple
models.architecture.mamba_type=mamba
training.mode=rollout
training.rollout_steps=32
seed=4    avg_loss: 0.000000014677  time_per_window : 0.002310   progress : 0.568
name: models.architecture.block_type=simple
models.architecture.mamba_type=mamba
training.mode=rollout
training.rollout_steps=32
seed=4    avg_loss: 0.000000014740  time_per_window : 0.002317   progress : 0.579
name: models.architecture.block_type=simple
models.architecture.mamba_type=mamba
training.mode=rollout
training.rollout_steps=32
seed=4    avg_loss: 0.000000015345  time_per_window : 0.002071   progress : 0.590
name: models.architecture.block_type=simple
models.architecture.mamba_type=mamba
training.mode=rollout
training.rollout_steps=32
seed=4    avg_loss: 0.000000014495  time_per_window : 0.002352   progress : 0.601
name: models.architecture.block_type=simple
models.architecture.mamba_type=mamba
training.mode=rollout
training.rollout_steps=32
seed=4    avg_loss: 0.000000015381  time_per_window : 0.002414   progress : 0.612
name: models.architecture.block_type=simple
models.architecture.mamba_type=mamba
training.mode=rollout
training.rollout_steps=32
seed=4    avg_loss: 0.000000014732  time_per_window : 0.002352   progress : 0.623
name: models.architecture.block_type=simple
models.architecture.mamba_type=mamba
training.mode=rollout
training.rollout_steps=32
seed=4    avg_loss: 0.000000015169  time_per_window : 0.002366   progress : 0.634
name: models.architecture.block_type=simple
models.architecture.mamba_type=mamba
training.mode=rollout
training.rollout_steps=32
seed=4    avg_loss: 0.000000016183  time_per_window : 0.001784   progress : 0.644
name: models.architecture.block_type=simple
models.architecture.mamba_type=mamba
training.mode=rollout
training.rollout_steps=32
seed=4    avg_loss: 0.000000014475  time_per_window : 0.002284   progress : 0.655
name: models.architecture.block_type=simple
models.architecture.mamba_type=mamba
training.mode=rollout
training.rollout_steps=32
seed=4    avg_loss: 0.000000014969  time_per_window : 0.002161   progress : 0.666
name: models.architecture.block_type=simple
models.architecture.mamba_type=mamba
training.mode=rollout
training.rollout_steps=32
seed=4    avg_loss: 0.000000016378  time_per_window : 0.002270   progress : 0.677
name: models.architecture.block_type=simple
models.architecture.mamba_type=mamba
training.mode=rollout
training.rollout_steps=32
seed=4    avg_loss: 0.000000014534  time_per_window : 0.002025   progress : 0.688
name: models.architecture.block_type=simple
models.architecture.mamba_type=mamba
training.mode=rollout
training.rollout_steps=32
seed=4    avg_loss: 0.000000015289  time_per_window : 0.002294   progress : 0.699
name: models.architecture.block_type=simple
models.architecture.mamba_type=mamba
training.mode=rollout
training.rollout_steps=32
seed=4    avg_loss: 0.000000015258  time_per_window : 0.002355   progress : 0.710
name: models.architecture.block_type=simple
models.architecture.mamba_type=mamba
training.mode=rollout
training.rollout_steps=32
seed=0    avg_loss: 0.000000017683  time_per_window : 0.002347   progress : 0.295
name: models.architecture.block_type=simple
models.architecture.mamba_type=mamba
training.mode=rollout
training.rollout_steps=32
seed=0    avg_loss: 0.000000016563  time_per_window : 0.002347   progress : 0.306
name: models.architecture.block_type=simple
models.architecture.mamba_type=mamba
training.mode=rollout
training.rollout_steps=32
seed=0    avg_loss: 0.000000017542  time_per_window : 0.002333   progress : 0.317
name: models.architecture.block_type=simple
models.architecture.mamba_type=mamba
training.mode=rollout
training.rollout_steps=32
seed=0    avg_loss: 0.000000016677  time_per_window : 0.002429   progress : 0.328
name: models.architecture.block_type=simple
models.architecture.mamba_type=mamba
training.mode=rollout
training.rollout_steps=32
seed=0    avg_loss: 0.000000016931  time_per_window : 0.002326   progress : 0.339
name: models.architecture.block_type=simple
models.architecture.mamba_type=mamba
training.mode=rollout
training.rollout_steps=32
seed=0    avg_loss: 0.000000017337  time_per_window : 0.002413   progress : 0.350
name: models.architecture.block_type=simple
models.architecture.mamba_type=mamba
training.mode=rollout
training.rollout_steps=32
seed=0    avg_loss: 0.000000016331  time_per_window : 0.002365   progress : 0.360
name: models.architecture.block_type=simple
models.architecture.mamba_type=mamba
training.mode=rollout
training.rollout_steps=32
seed=0    avg_loss: 0.000000016746  time_per_window : 0.002318   progress : 0.371
name: models.architecture.block_type=simple
models.architecture.mamba_type=mamba
training.mode=rollout
training.rollout_steps=32
seed=0    avg_loss: 0.000000016821  time_per_window : 0.002327   progress : 0.382
name: models.architecture.block_type=simple
models.architecture.mamba_type=mamba
training.mode=rollout
training.rollout_steps=32
seed=0    avg_loss: 0.000000017175  time_per_window : 0.002352   progress : 0.393
name: models.architecture.block_type=simple
models.architecture.mamba_type=mamba
training.mode=rollout
training.rollout_steps=32
seed=0    avg_loss: 0.000000016575  time_per_window : 0.002335   progress : 0.404
name: models.architecture.block_type=simple
models.architecture.mamba_type=mamba
training.mode=rollout
training.rollout_steps=32
seed=0    avg_loss: 0.000000015782  time_per_window : 0.002385   progress : 0.415
name: models.architecture.block_type=simple
models.architecture.mamba_type=mamba
training.mode=rollout
training.rollout_steps=32
seed=0    avg_loss: 0.000000017454  time_per_window : 0.002328   progress : 0.426
name: models.architecture.block_type=simple
models.architecture.mamba_type=mamba
training.mode=rollout
training.rollout_steps=32
seed=0    avg_loss: 0.000000016169  time_per_window : 0.002407   progress : 0.437
name: models.architecture.block_type=simple
models.architecture.mamba_type=mamba
training.mode=rollout
training.rollout_steps=32
seed=0    avg_loss: 0.000000015990  time_per_window : 0.002404   progress : 0.448
name: models.architecture.block_type=simple
models.architecture.mamba_type=mamba
training.mode=rollout
training.rollout_steps=32
seed=0    avg_loss: 0.000000016239  time_per_window : 0.001680   progress : 0.459
name: models.architecture.block_type=simple
models.architecture.mamba_type=mamba
training.mode=rollout
training.rollout_steps=32
seed=0    avg_loss: 0.000000016508  time_per_window : 0.001750   progress : 0.470
name: models.architecture.block_type=simple
models.architecture.mamba_type=mamba
training.mode=rollout
training.rollout_steps=32
seed=0    avg_loss: 0.000000015834  time_per_window : 0.002351   progress : 0.481
name: models.architecture.block_type=simple
models.architecture.mamba_type=mamba
training.mode=rollout
training.rollout_steps=32
seed=0    avg_loss: 0.000000017300  time_per_window : 0.002248   progress : 0.492
name: models.architecture.block_type=simple
models.architecture.mamba_type=mamba
training.mode=rollout
training.rollout_steps=32
seed=0    avg_loss: 0.000000016628  time_per_window : 0.001709   progress : 0.502
name: models.architecture.block_type=simple
models.architecture.mamba_type=mamba
training.mode=rollout
training.rollout_steps=32
seed=0    avg_loss: 0.000000015987  time_per_window : 0.002248   progress : 0.513
name: models.architecture.block_type=simple
models.architecture.mamba_type=mamba
training.mode=rollout
training.rollout_steps=32
seed=0    avg_loss: 0.000000016326  time_per_window : 0.002365   progress : 0.524
name: models.architecture.block_type=simple
models.architecture.mamba_type=mamba
training.mode=rollout
training.rollout_steps=32
seed=0    avg_loss: 0.000000016402  time_per_window : 0.002357   progress : 0.535
name: models.architecture.block_type=simple
models.architecture.mamba_type=mamba
training.mode=rollout
training.rollout_steps=32
seed=0    avg_loss: 0.000000016193  time_per_window : 0.002190   progress : 0.546
name: models.architecture.block_type=simple
models.architecture.mamba_type=mamba
training.mode=rollout
training.rollout_steps=32
seed=0    avg_loss: 0.000000015307  time_per_window : 0.002325   progress : 0.557
name: models.architecture.block_type=simple
models.architecture.mamba_type=mamba
training.mode=rollout
training.rollout_steps=32
seed=0    avg_loss: 0.000000016346  time_per_window : 0.002409   progress : 0.568
name: models.architecture.block_type=simple
models.architecture.mamba_type=mamba
training.mode=rollout
training.rollout_steps=32
seed=0    avg_loss: 0.000000016202  time_per_window : 0.002358   progress : 0.579
name: models.architecture.block_type=simple
models.architecture.mamba_type=mamba
training.mode=rollout
training.rollout_steps=32
seed=0    avg_loss: 0.000000016197  time_per_window : 0.002324   progress : 0.590
name: models.architecture.block_type=simple
models.architecture.mamba_type=mamba
training.mode=rollout
training.rollout_steps=32
seed=0    avg_loss: 0.000000015499  time_per_window : 0.001997   progress : 0.601
name: models.architecture.block_type=simple
models.architecture.mamba_type=mamba
training.mode=rollout
training.rollout_steps=32
seed=0    avg_loss: 0.000000015232  time_per_window : 0.002313   progress : 0.612
name: models.architecture.block_type=simple
models.architecture.mamba_type=mamba
training.mode=rollout
training.rollout_steps=32
seed=0    avg_loss: 0.000000017185  time_per_window : 0.002194   progress : 0.623
name: models.architecture.block_type=simple
models.architecture.mamba_type=mamba
training.mode=rollout
training.rollout_steps=32
seed=0    avg_loss: 0.000000016367  time_per_window : 0.002140   progress : 0.634
name: models.architecture.block_type=simple
models.architecture.mamba_type=mamba
training.mode=rollout
training.rollout_steps=32
seed=0    avg_loss: 0.000000015544  time_per_window : 0.002382   progress : 0.644
name: models.architecture.block_type=simple
models.architecture.mamba_type=mamba
training.mode=rollout
training.rollout_steps=32
seed=0    avg_loss: 0.000000015931  time_per_window : 0.002311   progress : 0.655
name: models.architecture.block_type=simple
models.architecture.mamba_type=mamba
training.mode=rollout
training.rollout_steps=32
seed=0    avg_loss: 0.000000015774  time_per_window : 0.002321   progress : 0.666
name: models.architecture.block_type=simple
models.architecture.mamba_type=mamba
training.mode=rollout
training.rollout_steps=32
seed=0    avg_loss: 0.000000015765  time_per_window : 0.002193   progress : 0.677
name: models.architecture.block_type=simple
models.architecture.mamba_type=mamba
training.mode=rollout
training.rollout_steps=32
seed=0    avg_loss: 0.000000016348  time_per_window : 0.002310   progress : 0.688
name: models.architecture.block_type=simple
models.architecture.mamba_type=mamba
training.mode=rollout
training.rollout_steps=32
seed=0    avg_loss: 0.000000015130  time_per_window : 0.002158   progress : 0.699
name: models.architecture.block_type=simple
models.architecture.mamba_type=mamba
training.mode=rollout
training.rollout_steps=32
seed=0    avg_loss: 0.000000015613  time_per_window : 0.001998   progress : 0.710
name: models.architecture.block_type=simple
models.architecture.mamba_type=mamba
training.mode=rollout
training.rollout_steps=32
seed=2    avg_loss: 0.000000020394  time_per_window : 0.002355   progress : 0.295
name: models.architecture.block_type=simple
models.architecture.mamba_type=mamba
training.mode=rollout
training.rollout_steps=32
seed=2    avg_loss: 0.000000018488  time_per_window : 0.002406   progress : 0.306
name: models.architecture.block_type=simple
models.architecture.mamba_type=mamba
training.mode=rollout
training.rollout_steps=32
seed=2    avg_loss: 0.000000018060  time_per_window : 0.002426   progress : 0.317
name: models.architecture.block_type=simple
models.architecture.mamba_type=mamba
training.mode=rollout
training.rollout_steps=32
seed=2    avg_loss: 0.000000018640  time_per_window : 0.002246   progress : 0.328
name: models.architecture.block_type=simple
models.architecture.mamba_type=mamba
training.mode=rollout
training.rollout_steps=32
seed=2    avg_loss: 0.000000018587  time_per_window : 0.002339   progress : 0.339
name: models.architecture.block_type=simple
models.architecture.mamba_type=mamba
training.mode=rollout
training.rollout_steps=32
seed=2    avg_loss: 0.000000018144  time_per_window : 0.002318   progress : 0.350
name: models.architecture.block_type=simple
models.architecture.mamba_type=mamba
training.mode=rollout
training.rollout_steps=32
seed=2    avg_loss: 0.000000017460  time_per_window : 0.002223   progress : 0.360
name: models.architecture.block_type=simple
models.architecture.mamba_type=mamba
training.mode=rollout
training.rollout_steps=32
seed=2    avg_loss: 0.000000016984  time_per_window : 0.002396   progress : 0.371
name: models.architecture.block_type=simple
models.architecture.mamba_type=mamba
training.mode=rollout
training.rollout_steps=32
seed=2    avg_loss: 0.000000017275  time_per_window : 0.002302   progress : 0.382
name: models.architecture.block_type=simple
models.architecture.mamba_type=mamba
training.mode=rollout
training.rollout_steps=32
seed=2    avg_loss: 0.000000017472  time_per_window : 0.002479   progress : 0.393
name: models.architecture.block_type=simple
models.architecture.mamba_type=mamba
training.mode=rollout
training.rollout_steps=32
seed=2    avg_loss: 0.000000017361  time_per_window : 0.001844   progress : 0.404
name: models.architecture.block_type=simple
models.architecture.mamba_type=mamba
training.mode=rollout
training.rollout_steps=32
seed=2    avg_loss: 0.000000016170  time_per_window : 0.002357   progress : 0.415
name: models.architecture.block_type=simple
models.architecture.mamba_type=mamba
training.mode=rollout
training.rollout_steps=32
seed=2    avg_loss: 0.000000017476  time_per_window : 0.002161   progress : 0.426
name: models.architecture.block_type=simple
models.architecture.mamba_type=mamba
training.mode=rollout
training.rollout_steps=32
seed=2    avg_loss: 0.000000016422  time_per_window : 0.002093   progress : 0.437
name: models.architecture.block_type=simple
models.architecture.mamba_type=mamba
training.mode=rollout
training.rollout_steps=32
seed=2    avg_loss: 0.000000017334  time_per_window : 0.002373   progress : 0.448
name: models.architecture.block_type=simple
models.architecture.mamba_type=mamba
training.mode=rollout
training.rollout_steps=32
seed=2    avg_loss: 0.000000016630  time_per_window : 0.002361   progress : 0.459
name: models.architecture.block_type=simple
models.architecture.mamba_type=mamba
training.mode=rollout
training.rollout_steps=32
seed=2    avg_loss: 0.000000017047  time_per_window : 0.002051   progress : 0.470
name: models.architecture.block_type=simple
models.architecture.mamba_type=mamba
training.mode=rollout
training.rollout_steps=32
seed=2    avg_loss: 0.000000016834  time_per_window : 0.002305   progress : 0.481
name: models.architecture.block_type=simple
models.architecture.mamba_type=mamba
training.mode=rollout
training.rollout_steps=32
seed=2    avg_loss: 0.000000016575  time_per_window : 0.002434   progress : 0.492
name: models.architecture.block_type=simple
models.architecture.mamba_type=mamba
training.mode=rollout
training.rollout_steps=32
seed=2    avg_loss: 0.000000016060  time_per_window : 0.002309   progress : 0.502
name: models.architecture.block_type=simple
models.architecture.mamba_type=mamba
training.mode=rollout
training.rollout_steps=32
seed=2    avg_loss: 0.000000017145  time_per_window : 0.002195   progress : 0.513
name: models.architecture.block_type=simple
models.architecture.mamba_type=mamba
training.mode=rollout
training.rollout_steps=32
seed=2    avg_loss: 0.000000016495  time_per_window : 0.002374   progress : 0.524
name: models.architecture.block_type=simple
models.architecture.mamba_type=mamba
training.mode=rollout
training.rollout_steps=32
seed=2    avg_loss: 0.000000016751  time_per_window : 0.002280   progress : 0.535
name: models.architecture.block_type=simple
models.architecture.mamba_type=mamba
training.mode=rollout
training.rollout_steps=32
seed=2    avg_loss: 0.000000016295  time_per_window : 0.002379   progress : 0.546
name: models.architecture.block_type=simple
models.architecture.mamba_type=mamba
training.mode=rollout
training.rollout_steps=32
seed=2    avg_loss: 0.000000015788  time_per_window : 0.002306   progress : 0.557
name: models.architecture.block_type=simple
models.architecture.mamba_type=mamba
training.mode=rollout
training.rollout_steps=32
seed=2    avg_loss: 0.000000015791  time_per_window : 0.002271   progress : 0.568
name: models.architecture.block_type=simple
models.architecture.mamba_type=mamba
training.mode=rollout
training.rollout_steps=32
seed=2    avg_loss: 0.000000016773  time_per_window : 0.002344   progress : 0.579
name: models.architecture.block_type=simple
models.architecture.mamba_type=mamba
training.mode=rollout
training.rollout_steps=32
seed=2    avg_loss: 0.000000016587  time_per_window : 0.002313   progress : 0.590
name: models.architecture.block_type=simple
models.architecture.mamba_type=mamba
training.mode=rollout
training.rollout_steps=32
seed=2    avg_loss: 0.000000016363  time_per_window : 0.002344   progress : 0.601
name: models.architecture.block_type=simple
models.architecture.mamba_type=mamba
training.mode=rollout
training.rollout_steps=32
seed=2    avg_loss: 0.000000016621  time_per_window : 0.002417   progress : 0.612
name: models.architecture.block_type=simple
models.architecture.mamba_type=mamba
training.mode=rollout
training.rollout_steps=32
seed=2    avg_loss: 0.000000015954  time_per_window : 0.002339   progress : 0.623
name: models.architecture.block_type=simple
models.architecture.mamba_type=mamba
training.mode=rollout
training.rollout_steps=32
seed=2    avg_loss: 0.000000015502  time_per_window : 0.002536   progress : 0.634
name: models.architecture.block_type=simple
models.architecture.mamba_type=mamba
training.mode=rollout
training.rollout_steps=32
seed=2    avg_loss: 0.000000016587  time_per_window : 0.002343   progress : 0.644
name: models.architecture.block_type=simple
models.architecture.mamba_type=mamba
training.mode=rollout
training.rollout_steps=32
seed=2    avg_loss: 0.000000016434  time_per_window : 0.002355   progress : 0.655
name: models.architecture.block_type=simple
models.architecture.mamba_type=mamba
training.mode=rollout
training.rollout_steps=32
seed=2    avg_loss: 0.000000015245  time_per_window : 0.002273   progress : 0.666
name: models.architecture.block_type=simple
models.architecture.mamba_type=mamba
training.mode=rollout
training.rollout_steps=32
seed=2    avg_loss: 0.000000016667  time_per_window : 0.002237   progress : 0.677
name: models.architecture.block_type=simple
models.architecture.mamba_type=mamba
training.mode=rollout
training.rollout_steps=32
seed=2    avg_loss: 0.000000016410  time_per_window : 0.002333   progress : 0.688
name: models.architecture.block_type=simple
models.architecture.mamba_type=mamba
training.mode=rollout
training.rollout_steps=32
seed=2    avg_loss: 0.000000015450  time_per_window : 0.002462   progress : 0.699
name: models.architecture.block_type=simple
models.architecture.mamba_type=mamba
training.mode=rollout
training.rollout_steps=32
seed=2    avg_loss: 0.000000015903  time_per_window : 0.001817   progress : 0.710
name: models.architecture.block_type=simple
models.architecture.mamba_type=mamba
training.mode=rollout
training.rollout_steps=32
seed=1    avg_loss: 0.000000018216  time_per_window : 0.002415   progress : 0.295
name: models.architecture.block_type=simple
models.architecture.mamba_type=mamba
training.mode=rollout
training.rollout_steps=32
seed=1    avg_loss: 0.000000019799  time_per_window : 0.002033   progress : 0.306
name: models.architecture.block_type=simple
models.architecture.mamba_type=mamba
training.mode=rollout
training.rollout_steps=32
seed=1    avg_loss: 0.000000018603  time_per_window : 0.002138   progress : 0.317
name: models.architecture.block_type=simple
models.architecture.mamba_type=mamba
training.mode=rollout
training.rollout_steps=32
seed=1    avg_loss: 0.000000018547  time_per_window : 0.002472   progress : 0.328
name: models.architecture.block_type=simple
models.architecture.mamba_type=mamba
training.mode=rollout
training.rollout_steps=32
seed=1    avg_loss: 0.000000018999  time_per_window : 0.002402   progress : 0.339
name: models.architecture.block_type=simple
models.architecture.mamba_type=mamba
training.mode=rollout
training.rollout_steps=32
seed=1    avg_loss: 0.000000018604  time_per_window : 0.002332   progress : 0.350
name: models.architecture.block_type=simple
models.architecture.mamba_type=mamba
training.mode=rollout
training.rollout_steps=32
seed=1    avg_loss: 0.000000017595  time_per_window : 0.002369   progress : 0.360
name: models.architecture.block_type=simple
models.architecture.mamba_type=mamba
training.mode=rollout
training.rollout_steps=32
seed=1    avg_loss: 0.000000018060  time_per_window : 0.002301   progress : 0.371
name: models.architecture.block_type=simple
models.architecture.mamba_type=mamba
training.mode=rollout
training.rollout_steps=32
seed=1    avg_loss: 0.000000017462  time_per_window : 0.002146   progress : 0.382
name: models.architecture.block_type=simple
models.architecture.mamba_type=mamba
training.mode=rollout
training.rollout_steps=32
seed=1    avg_loss: 0.000000018306  time_per_window : 0.002417   progress : 0.393
name: models.architecture.block_type=simple
models.architecture.mamba_type=mamba
training.mode=rollout
training.rollout_steps=32
seed=1    avg_loss: 0.000000017272  time_per_window : 0.002103   progress : 0.404
name: models.architecture.block_type=simple
models.architecture.mamba_type=mamba
training.mode=rollout
training.rollout_steps=32
seed=1    avg_loss: 0.000000017866  time_per_window : 0.002378   progress : 0.415
name: models.architecture.block_type=simple
models.architecture.mamba_type=mamba
training.mode=rollout
training.rollout_steps=32
seed=1    avg_loss: 0.000000017740  time_per_window : 0.006898   progress : 0.426
name: models.architecture.block_type=simple
models.architecture.mamba_type=mamba
training.mode=rollout
training.rollout_steps=32
seed=1    avg_loss: 0.000000017149  time_per_window : 0.002370   progress : 0.437
name: models.architecture.block_type=simple
models.architecture.mamba_type=mamba
training.mode=rollout
training.rollout_steps=32
seed=1    avg_loss: 0.000000017461  time_per_window : 0.002399   progress : 0.448
name: models.architecture.block_type=simple
models.architecture.mamba_type=mamba
training.mode=rollout
training.rollout_steps=32
seed=1    avg_loss: 0.000000017330  time_per_window : 0.002325   progress : 0.459
name: models.architecture.block_type=simple
models.architecture.mamba_type=mamba
training.mode=rollout
training.rollout_steps=32
seed=1    avg_loss: 0.000000017066  time_per_window : 0.002395   progress : 0.470
name: models.architecture.block_type=simple
models.architecture.mamba_type=mamba
training.mode=rollout
training.rollout_steps=32
seed=1    avg_loss: 0.000000016959  time_per_window : 0.001821   progress : 0.481
name: models.architecture.block_type=simple
models.architecture.mamba_type=mamba
training.mode=rollout
training.rollout_steps=32
seed=1    avg_loss: 0.000000017038  time_per_window : 0.002304   progress : 0.492
name: models.architecture.block_type=simple
models.architecture.mamba_type=mamba
training.mode=rollout
training.rollout_steps=32
seed=1    avg_loss: 0.000000016879  time_per_window : 0.002118   progress : 0.502
name: models.architecture.block_type=simple
models.architecture.mamba_type=mamba
training.mode=rollout
training.rollout_steps=32
seed=1    avg_loss: 0.000000016316  time_per_window : 0.002412   progress : 0.513
name: models.architecture.block_type=simple
models.architecture.mamba_type=mamba
training.mode=rollout
training.rollout_steps=32
seed=1    avg_loss: 0.000000017573  time_per_window : 0.002151   progress : 0.524
name: models.architecture.block_type=simple
models.architecture.mamba_type=mamba
training.mode=rollout
training.rollout_steps=32
seed=1    avg_loss: 0.000000017334  time_per_window : 0.002352   progress : 0.535
name: models.architecture.block_type=simple
models.architecture.mamba_type=mamba
training.mode=rollout
training.rollout_steps=32
seed=1    avg_loss: 0.000000016445  time_per_window : 0.002280   progress : 0.546
name: models.architecture.block_type=simple
models.architecture.mamba_type=mamba
training.mode=rollout
training.rollout_steps=32
seed=1    avg_loss: 0.000000016410  time_per_window : 0.002370   progress : 0.557
name: models.architecture.block_type=simple
models.architecture.mamba_type=mamba
training.mode=rollout
training.rollout_steps=32
seed=1    avg_loss: 0.000000016179  time_per_window : 0.002433   progress : 0.568
name: models.architecture.block_type=simple
models.architecture.mamba_type=mamba
training.mode=rollout
training.rollout_steps=32
seed=1    avg_loss: 0.000000016938  time_per_window : 0.002428   progress : 0.579
name: models.architecture.block_type=simple
models.architecture.mamba_type=mamba
training.mode=rollout
training.rollout_steps=32
seed=1    avg_loss: 0.000000016855  time_per_window : 0.002398   progress : 0.590
name: models.architecture.block_type=simple
models.architecture.mamba_type=mamba
training.mode=rollout
training.rollout_steps=32
seed=1    avg_loss: 0.000000015806  time_per_window : 0.002387   progress : 0.601
name: models.architecture.block_type=simple
models.architecture.mamba_type=mamba
training.mode=rollout
training.rollout_steps=32
seed=1    avg_loss: 0.000000016704  time_per_window : 0.002206   progress : 0.612
name: models.architecture.block_type=simple
models.architecture.mamba_type=mamba
training.mode=rollout
training.rollout_steps=32
seed=1    avg_loss: 0.000000016020  time_per_window : 0.002371   progress : 0.623
name: models.architecture.block_type=simple
models.architecture.mamba_type=mamba
training.mode=rollout
training.rollout_steps=32
seed=1    avg_loss: 0.000000016518  time_per_window : 0.002427   progress : 0.634
name: models.architecture.block_type=simple
models.architecture.mamba_type=mamba
training.mode=rollout
training.rollout_steps=32
seed=1    avg_loss: 0.000000017236  time_per_window : 0.002370   progress : 0.644
name: models.architecture.block_type=simple
models.architecture.mamba_type=mamba
training.mode=rollout
training.rollout_steps=32
seed=1    avg_loss: 0.000000016855  time_per_window : 0.002295   progress : 0.655
name: models.architecture.block_type=simple
models.architecture.mamba_type=mamba
training.mode=rollout
training.rollout_steps=32
seed=1    avg_loss: 0.000000015847  time_per_window : 0.002395   progress : 0.666
name: models.architecture.block_type=simple
models.architecture.mamba_type=mamba
training.mode=rollout
training.rollout_steps=32
seed=1    avg_loss: 0.000000016338  time_per_window : 0.001829   progress : 0.677
name: models.architecture.block_type=simple
models.architecture.mamba_type=mamba
training.mode=rollout
training.rollout_steps=32
seed=1    avg_loss: 0.000000015736  time_per_window : 0.002327   progress : 0.688
name: models.architecture.block_type=simple
models.architecture.mamba_type=mamba
training.mode=rollout
training.rollout_steps=32
seed=1    avg_loss: 0.000000015769  time_per_window : 0.002178   progress : 0.699
name: models.architecture.block_type=simple
models.architecture.mamba_type=mamba
training.mode=rollout
training.rollout_steps=32
seed=1    avg_loss: 0.000000016228  time_per_window : 0.002327   progress : 0.710
name: models.architecture.block_type=simple
models.architecture.mamba_type=mamba
training.mode=rollout
training.rollout_steps=32
seed=3    avg_loss: 0.000000028514  time_per_window : 0.001557   progress : 0.295
name: models.architecture.block_type=simple
models.architecture.mamba_type=mamba
training.mode=rollout
training.rollout_steps=32
seed=3    avg_loss: 0.000000026092  time_per_window : 0.002397   progress : 0.306
name: models.architecture.block_type=simple
models.architecture.mamba_type=mamba
training.mode=rollout
training.rollout_steps=32
seed=3    avg_loss: 0.000000028651  time_per_window : 0.001602   progress : 0.317
name: models.architecture.block_type=simple
models.architecture.mamba_type=mamba
training.mode=rollout
training.rollout_steps=32
seed=3    avg_loss: 0.000000027876  time_per_window : 0.002321   progress : 0.328
name: models.architecture.block_type=simple
models.architecture.mamba_type=mamba
training.mode=rollout
training.rollout_steps=32
seed=3    avg_loss: 0.000000028287  time_per_window : 0.002360   progress : 0.339
name: models.architecture.block_type=simple
models.architecture.mamba_type=mamba
training.mode=rollout
training.rollout_steps=32
seed=3    avg_loss: 0.000000024669  time_per_window : 0.002427   progress : 0.350
name: models.architecture.block_type=simple
models.architecture.mamba_type=mamba
training.mode=rollout
training.rollout_steps=32
seed=3    avg_loss: 0.000000024723  time_per_window : 0.002337   progress : 0.360
name: models.architecture.block_type=simple
models.architecture.mamba_type=mamba
training.mode=rollout
training.rollout_steps=32
seed=3    avg_loss: 0.000000025820  time_per_window : 0.002432   progress : 0.371
name: models.architecture.block_type=simple
models.architecture.mamba_type=mamba
training.mode=rollout
training.rollout_steps=32
seed=3    avg_loss: 0.000000026373  time_per_window : 0.002408   progress : 0.382
name: models.architecture.block_type=simple
models.architecture.mamba_type=mamba
training.mode=rollout
training.rollout_steps=32
seed=3    avg_loss: 0.000000026507  time_per_window : 0.002372   progress : 0.393
name: models.architecture.block_type=simple
models.architecture.mamba_type=mamba
training.mode=rollout
training.rollout_steps=32
seed=3    avg_loss: 0.000000024471  time_per_window : 0.002356   progress : 0.404
name: models.architecture.block_type=simple
models.architecture.mamba_type=mamba
training.mode=rollout
training.rollout_steps=32
seed=3    avg_loss: 0.000000024603  time_per_window : 0.002425   progress : 0.415
name: models.architecture.block_type=simple
models.architecture.mamba_type=mamba
training.mode=rollout
training.rollout_steps=32
seed=3    avg_loss: 0.000000023622  time_per_window : 0.002382   progress : 0.426
name: models.architecture.block_type=simple
models.architecture.mamba_type=mamba
training.mode=rollout
training.rollout_steps=32
seed=3    avg_loss: 0.000000024674  time_per_window : 0.001851   progress : 0.437
name: models.architecture.block_type=simple
models.architecture.mamba_type=mamba
training.mode=rollout
training.rollout_steps=32
seed=3    avg_loss: 0.000000025020  time_per_window : 0.002168   progress : 0.448
name: models.architecture.block_type=simple
models.architecture.mamba_type=mamba
training.mode=rollout
training.rollout_steps=32
seed=3    avg_loss: 0.000000024032  time_per_window : 0.002415   progress : 0.459
name: models.architecture.block_type=simple
models.architecture.mamba_type=mamba
training.mode=rollout
training.rollout_steps=32
seed=3    avg_loss: 0.000000024341  time_per_window : 0.002373   progress : 0.470
name: models.architecture.block_type=simple
models.architecture.mamba_type=mamba
training.mode=rollout
training.rollout_steps=32
seed=3    avg_loss: 0.000000022431  time_per_window : 0.002402   progress : 0.481
name: models.architecture.block_type=simple
models.architecture.mamba_type=mamba
training.mode=rollout
training.rollout_steps=32
seed=3    avg_loss: 0.000000022361  time_per_window : 0.001925   progress : 0.492
name: models.architecture.block_type=simple
models.architecture.mamba_type=mamba
training.mode=rollout
training.rollout_steps=32
seed=3    avg_loss: 0.000000023987  time_per_window : 0.002410   progress : 0.502
name: models.architecture.block_type=simple
models.architecture.mamba_type=mamba
training.mode=rollout
training.rollout_steps=32
seed=3    avg_loss: 0.000000023506  time_per_window : 0.002263   progress : 0.513
name: models.architecture.block_type=simple
models.architecture.mamba_type=mamba
training.mode=rollout
training.rollout_steps=32
seed=3    avg_loss: 0.000000023026  time_per_window : 0.002377   progress : 0.524
name: models.architecture.block_type=simple
models.architecture.mamba_type=mamba
training.mode=rollout
training.rollout_steps=32
seed=3    avg_loss: 0.000000022952  time_per_window : 0.002230   progress : 0.535
name: models.architecture.block_type=simple
models.architecture.mamba_type=mamba
training.mode=rollout
training.rollout_steps=32
seed=3    avg_loss: 0.000000021143  time_per_window : 0.002302   progress : 0.546
name: models.architecture.block_type=simple
models.architecture.mamba_type=mamba
training.mode=rollout
training.rollout_steps=32
seed=3    avg_loss: 0.000000021011  time_per_window : 0.002429   progress : 0.557
name: models.architecture.block_type=simple
models.architecture.mamba_type=mamba
training.mode=rollout
training.rollout_steps=32
seed=3    avg_loss: 0.000000020060  time_per_window : 0.001978   progress : 0.568
name: models.architecture.block_type=simple
models.architecture.mamba_type=mamba
training.mode=rollout
training.rollout_steps=32
seed=3    avg_loss: 0.000000020026  time_per_window : 0.002424   progress : 0.579
name: models.architecture.block_type=simple
models.architecture.mamba_type=mamba
training.mode=rollout
training.rollout_steps=32
seed=3    avg_loss: 0.000000020998  time_per_window : 0.002368   progress : 0.590
name: models.architecture.block_type=simple
models.architecture.mamba_type=mamba
training.mode=rollout
training.rollout_steps=32
seed=3    avg_loss: 0.000000018351  time_per_window : 0.002114   progress : 0.601
name: models.architecture.block_type=simple
models.architecture.mamba_type=mamba
training.mode=rollout
training.rollout_steps=32
seed=3    avg_loss: 0.000000018368  time_per_window : 0.002371   progress : 0.612
name: models.architecture.block_type=simple
models.architecture.mamba_type=mamba
training.mode=rollout
training.rollout_steps=32
seed=3    avg_loss: 0.000000019112  time_per_window : 0.002382   progress : 0.623
name: models.architecture.block_type=simple
models.architecture.mamba_type=mamba
training.mode=rollout
training.rollout_steps=32
seed=3    avg_loss: 0.000000018148  time_per_window : 0.002380   progress : 0.634
name: models.architecture.block_type=simple
models.architecture.mamba_type=mamba
training.mode=rollout
training.rollout_steps=32
seed=3    avg_loss: 0.000000018504  time_per_window : 0.001758   progress : 0.644
name: models.architecture.block_type=simple
models.architecture.mamba_type=mamba
training.mode=rollout
training.rollout_steps=32
seed=3    avg_loss: 0.000000017360  time_per_window : 0.002392   progress : 0.655
name: models.architecture.block_type=simple
models.architecture.mamba_type=mamba
training.mode=rollout
training.rollout_steps=32
seed=3    avg_loss: 0.000000017301  time_per_window : 0.002359   progress : 0.666
name: models.architecture.block_type=simple
models.architecture.mamba_type=mamba
training.mode=rollout
training.rollout_steps=32
seed=3    avg_loss: 0.000000017896  time_per_window : 0.002338   progress : 0.677
name: models.architecture.block_type=simple
models.architecture.mamba_type=mamba
training.mode=rollout
training.rollout_steps=32
seed=3    avg_loss: 0.000000016677  time_per_window : 0.002391   progress : 0.688
name: models.architecture.block_type=simple
models.architecture.mamba_type=mamba
training.mode=rollout
training.rollout_steps=32
seed=3    avg_loss: 0.000000016721  time_per_window : 0.002357   progress : 0.699
name: models.architecture.block_type=simple
models.architecture.mamba_type=mamba
training.mode=rollout
training.rollout_steps=32
seed=3    avg_loss: 0.000000016711  time_per_window : 0.002390   progress : 0.710
name: models.architecture.block_type=simple
models.architecture.mamba_type=mamba
training.mode=rollout
training.rollout_steps=32
seed=4    avg_loss: 0.000000015594  time_per_window : 0.001745   progress : 0.721
name: models.architecture.block_type=simple
models.architecture.mamba_type=mamba
training.mode=rollout
training.rollout_steps=32
seed=4    avg_loss: 0.000000015216  time_per_window : 0.001457   progress : 0.732
name: models.architecture.block_type=simple
models.architecture.mamba_type=mamba
training.mode=rollout
training.rollout_steps=32
seed=4    avg_loss: 0.000000015229  time_per_window : 0.002178   progress : 0.743
name: models.architecture.block_type=simple
models.architecture.mamba_type=mamba
training.mode=rollout
training.rollout_steps=32
seed=4    avg_loss: 0.000000015312  time_per_window : 0.001672   progress : 0.754
name: models.architecture.block_type=simple
models.architecture.mamba_type=mamba
training.mode=rollout
training.rollout_steps=32
seed=4    avg_loss: 0.000000015082  time_per_window : 0.002326   progress : 0.765
name: models.architecture.block_type=simple
models.architecture.mamba_type=mamba
training.mode=rollout
training.rollout_steps=32
seed=4    avg_loss: 0.000000014950  time_per_window : 0.002405   progress : 0.775
name: models.architecture.block_type=simple
models.architecture.mamba_type=mamba
training.mode=rollout
training.rollout_steps=32
seed=4    avg_loss: 0.000000015249  time_per_window : 0.002256   progress : 0.786
name: models.architecture.block_type=simple
models.architecture.mamba_type=mamba
training.mode=rollout
training.rollout_steps=32
seed=4    avg_loss: 0.000000014917  time_per_window : 0.002322   progress : 0.797
name: models.architecture.block_type=simple
models.architecture.mamba_type=mamba
training.mode=rollout
training.rollout_steps=32
seed=4    avg_loss: 0.000000014921  time_per_window : 0.002295   progress : 0.808
name: models.architecture.block_type=simple
models.architecture.mamba_type=mamba
training.mode=rollout
training.rollout_steps=32
seed=4    avg_loss: 0.000000015481  time_per_window : 0.002333   progress : 0.819
name: models.architecture.block_type=simple
models.architecture.mamba_type=mamba
training.mode=rollout
training.rollout_steps=32
seed=4    avg_loss: 0.000000014819  time_per_window : 0.001955   progress : 0.830
name: models.architecture.block_type=simple
models.architecture.mamba_type=mamba
training.mode=rollout
training.rollout_steps=32
seed=4    avg_loss: 0.000000015057  time_per_window : 0.002166   progress : 0.841
name: models.architecture.block_type=simple
models.architecture.mamba_type=mamba
training.mode=rollout
training.rollout_steps=32
seed=4    avg_loss: 0.000000014903  time_per_window : 0.002285   progress : 0.852
name: models.architecture.block_type=simple
models.architecture.mamba_type=mamba
training.mode=rollout
training.rollout_steps=32
seed=4    avg_loss: 0.000000015516  time_per_window : 0.001497   progress : 0.863
name: models.architecture.block_type=simple
models.architecture.mamba_type=mamba
training.mode=rollout
training.rollout_steps=32
seed=4    avg_loss: 0.000000014803  time_per_window : 0.002173   progress : 0.874
name: models.architecture.block_type=simple
models.architecture.mamba_type=mamba
training.mode=rollout
training.rollout_steps=32
seed=4    avg_loss: 0.000000015197  time_per_window : 0.002395   progress : 0.885
name: models.architecture.block_type=simple
models.architecture.mamba_type=mamba
training.mode=rollout
training.rollout_steps=32
seed=4    avg_loss: 0.000000014994  time_per_window : 0.002270   progress : 0.896
name: models.architecture.block_type=simple
models.architecture.mamba_type=mamba
training.mode=rollout
training.rollout_steps=32
seed=4    avg_loss: 0.000000015153  time_per_window : 0.001640   progress : 0.907
name: models.architecture.block_type=simple
models.architecture.mamba_type=mamba
training.mode=rollout
training.rollout_steps=32
seed=4    avg_loss: 0.000000015135  time_per_window : 0.002463   progress : 0.917
name: models.architecture.block_type=simple
models.architecture.mamba_type=mamba
training.mode=rollout
training.rollout_steps=32
seed=4    avg_loss: 0.000000015509  time_per_window : 0.001655   progress : 0.928
name: models.architecture.block_type=simple
models.architecture.mamba_type=mamba
training.mode=rollout
training.rollout_steps=32
seed=4    avg_loss: 0.000000015820  time_per_window : 0.002342   progress : 0.939
name: models.architecture.block_type=simple
models.architecture.mamba_type=mamba
training.mode=rollout
training.rollout_steps=32
seed=4    avg_loss: 0.000000014746  time_per_window : 0.002390   progress : 0.950
name: models.architecture.block_type=simple
models.architecture.mamba_type=mamba
training.mode=rollout
training.rollout_steps=32
seed=4    avg_loss: 0.000000014832  time_per_window : 0.002385   progress : 0.961
name: models.architecture.block_type=simple
models.architecture.mamba_type=mamba
training.mode=rollout
training.rollout_steps=32
seed=4    avg_loss: 0.000000015262  time_per_window : 0.002320   progress : 0.972
name: models.architecture.block_type=simple
models.architecture.mamba_type=mamba
training.mode=rollout
training.rollout_steps=32
seed=4    avg_loss: 0.000000014847  time_per_window : 0.002343   progress : 0.983
name: models.architecture.block_type=simple
models.architecture.mamba_type=mamba
training.mode=rollout
training.rollout_steps=32
seed=4    avg_loss: 0.000000014781  time_per_window : 0.002386   progress : 0.994
name: models.architecture.block_type=simple
models.architecture.mamba_type=mamba
training.mode=rollout
training.rollout_steps=32
seed=4    avg_loss: 0.000001165796  time_per_window : 0.002095   progress : 0.011
name: models.architecture.block_type=simple
models.architecture.mamba_type=mamba
training.mode=rollout
training.rollout_steps=32
seed=4    avg_loss: 0.000000197119  time_per_window : 0.001990   progress : 0.022
name: models.architecture.block_type=simple
models.architecture.mamba_type=mamba
training.mode=rollout
training.rollout_steps=32
seed=4    avg_loss: 0.000000050520  time_per_window : 0.002326   progress : 0.033
name: models.architecture.block_type=simple
models.architecture.mamba_type=mamba
training.mode=rollout
training.rollout_steps=32
seed=4    avg_loss: 0.000000043043  time_per_window : 0.002362   progress : 0.044
name: models.architecture.block_type=simple
models.architecture.mamba_type=mamba
training.mode=rollout
training.rollout_steps=32
seed=4    avg_loss: 0.000000038368  time_per_window : 0.002370   progress : 0.055
name: models.architecture.block_type=simple
models.architecture.mamba_type=mamba
training.mode=rollout
training.rollout_steps=32
seed=4    avg_loss: 0.000000041906  time_per_window : 0.002436   progress : 0.066
name: models.architecture.block_type=simple
models.architecture.mamba_type=mamba
training.mode=rollout
training.rollout_steps=32
seed=4    avg_loss: 0.000000037482  time_per_window : 0.002082   progress : 0.076
name: models.architecture.block_type=simple
models.architecture.mamba_type=mamba
training.mode=rollout
training.rollout_steps=32
seed=4    avg_loss: 0.000000037572  time_per_window : 0.002298   progress : 0.087
name: models.architecture.block_type=simple
models.architecture.mamba_type=mamba
training.mode=rollout
training.rollout_steps=32
seed=4    avg_loss: 0.000000036661  time_per_window : 0.002314   progress : 0.098
name: models.architecture.block_type=simple
models.architecture.mamba_type=mamba
training.mode=rollout
training.rollout_steps=32
seed=4    avg_loss: 0.000000035639  time_per_window : 0.002323   progress : 0.109
name: models.architecture.block_type=simple
models.architecture.mamba_type=mamba
training.mode=rollout
training.rollout_steps=32
seed=4    avg_loss: 0.000000037756  time_per_window : 0.002277   progress : 0.120
name: models.architecture.block_type=simple
models.architecture.mamba_type=mamba
training.mode=rollout
training.rollout_steps=32
seed=4    avg_loss: 0.000000036212  time_per_window : 0.002391   progress : 0.131
name: models.architecture.block_type=simple
models.architecture.mamba_type=mamba
training.mode=rollout
training.rollout_steps=32
seed=4    avg_loss: 0.000000035580  time_per_window : 0.002294   progress : 0.142
name: models.architecture.block_type=simple
models.architecture.mamba_type=mamba
training.mode=rollout
training.rollout_steps=32
seed=0    avg_loss: 0.000000015431  time_per_window : 0.002048   progress : 0.721
name: models.architecture.block_type=simple
models.architecture.mamba_type=mamba
training.mode=rollout
training.rollout_steps=32
seed=0    avg_loss: 0.000000015557  time_per_window : 0.002395   progress : 0.732
name: models.architecture.block_type=simple
models.architecture.mamba_type=mamba
training.mode=rollout
training.rollout_steps=32
seed=0    avg_loss: 0.000000015681  time_per_window : 0.002328   progress : 0.743
name: models.architecture.block_type=simple
models.architecture.mamba_type=mamba
training.mode=rollout
training.rollout_steps=32
seed=0    avg_loss: 0.000000015639  time_per_window : 0.002425   progress : 0.754
name: models.architecture.block_type=simple
models.architecture.mamba_type=mamba
training.mode=rollout
training.rollout_steps=32
seed=0    avg_loss: 0.000000015447  time_per_window : 0.002279   progress : 0.765
name: models.architecture.block_type=simple
models.architecture.mamba_type=mamba
training.mode=rollout
training.rollout_steps=32
seed=0    avg_loss: 0.000000016327  time_per_window : 0.002407   progress : 0.775
name: models.architecture.block_type=simple
models.architecture.mamba_type=mamba
training.mode=rollout
training.rollout_steps=32
seed=0    avg_loss: 0.000000015554  time_per_window : 0.002356   progress : 0.786
name: models.architecture.block_type=simple
models.architecture.mamba_type=mamba
training.mode=rollout
training.rollout_steps=32
seed=0    avg_loss: 0.000000015501  time_per_window : 0.002073   progress : 0.797
name: models.architecture.block_type=simple
models.architecture.mamba_type=mamba
training.mode=rollout
training.rollout_steps=32
seed=0    avg_loss: 0.000000015235  time_per_window : 0.002322   progress : 0.808
name: models.architecture.block_type=simple
models.architecture.mamba_type=mamba
training.mode=rollout
training.rollout_steps=32
seed=0    avg_loss: 0.000000016500  time_per_window : 0.002096   progress : 0.819
name: models.architecture.block_type=simple
models.architecture.mamba_type=mamba
training.mode=rollout
training.rollout_steps=32
seed=0    avg_loss: 0.000000015735  time_per_window : 0.002369   progress : 0.830
name: models.architecture.block_type=simple
models.architecture.mamba_type=mamba
training.mode=rollout
training.rollout_steps=32
seed=0    avg_loss: 0.000000015426  time_per_window : 0.002345   progress : 0.841
name: models.architecture.block_type=simple
models.architecture.mamba_type=mamba
training.mode=rollout
training.rollout_steps=32
seed=0    avg_loss: 0.000000015571  time_per_window : 0.002325   progress : 0.852
name: models.architecture.block_type=simple
models.architecture.mamba_type=mamba
training.mode=rollout
training.rollout_steps=32
seed=0    avg_loss: 0.000000015950  time_per_window : 0.002355   progress : 0.863
name: models.architecture.block_type=simple
models.architecture.mamba_type=mamba
training.mode=rollout
training.rollout_steps=32
seed=0    avg_loss: 0.000000014995  time_per_window : 0.002412   progress : 0.874
name: models.architecture.block_type=simple
models.architecture.mamba_type=mamba
training.mode=rollout
training.rollout_steps=32
seed=0    avg_loss: 0.000000015036  time_per_window : 0.002406   progress : 0.885
name: models.architecture.block_type=simple
models.architecture.mamba_type=mamba
training.mode=rollout
training.rollout_steps=32
seed=0    avg_loss: 0.000000015435  time_per_window : 0.002211   progress : 0.896
name: models.architecture.block_type=simple
models.architecture.mamba_type=mamba
training.mode=rollout
training.rollout_steps=32
seed=0    avg_loss: 0.000000015564  time_per_window : 0.002303   progress : 0.907
name: models.architecture.block_type=simple
models.architecture.mamba_type=mamba
training.mode=rollout
training.rollout_steps=32
seed=0    avg_loss: 0.000000015502  time_per_window : 0.002276   progress : 0.917
name: models.architecture.block_type=simple
models.architecture.mamba_type=mamba
training.mode=rollout
training.rollout_steps=32
seed=0    avg_loss: 0.000000015623  time_per_window : 0.002376   progress : 0.928
name: models.architecture.block_type=simple
models.architecture.mamba_type=mamba
training.mode=rollout
training.rollout_steps=32
seed=0    avg_loss: 0.000000014817  time_per_window : 0.002265   progress : 0.939
name: models.architecture.block_type=simple
models.architecture.mamba_type=mamba
training.mode=rollout
training.rollout_steps=32
seed=0    avg_loss: 0.000000015696  time_per_window : 0.002344   progress : 0.950
name: models.architecture.block_type=simple
models.architecture.mamba_type=mamba
training.mode=rollout
training.rollout_steps=32
seed=0    avg_loss: 0.000000015565  time_per_window : 0.001744   progress : 0.961
name: models.architecture.block_type=simple
models.architecture.mamba_type=mamba
training.mode=rollout
training.rollout_steps=32
seed=0    avg_loss: 0.000000015429  time_per_window : 0.001982   progress : 0.972
name: models.architecture.block_type=simple
models.architecture.mamba_type=mamba
training.mode=rollout
training.rollout_steps=32
seed=0    avg_loss: 0.000000014648  time_per_window : 0.002348   progress : 0.983
name: models.architecture.block_type=simple
models.architecture.mamba_type=mamba
training.mode=rollout
training.rollout_steps=32
seed=0    avg_loss: 0.000000015033  time_per_window : 0.002419   progress : 0.994
name: models.architecture.block_type=simple
models.architecture.mamba_type=mamba
training.mode=rollout
training.rollout_steps=32
seed=0    avg_loss: 0.000001212786  time_per_window : 0.002322   progress : 0.011
name: models.architecture.block_type=simple
models.architecture.mamba_type=mamba
training.mode=rollout
training.rollout_steps=32
seed=0    avg_loss: 0.000000138259  time_per_window : 0.002050   progress : 0.022
name: models.architecture.block_type=simple
models.architecture.mamba_type=mamba
training.mode=rollout
training.rollout_steps=32
seed=0    avg_loss: 0.000000048490  time_per_window : 0.002284   progress : 0.033
name: models.architecture.block_type=simple
models.architecture.mamba_type=mamba
training.mode=rollout
training.rollout_steps=32
seed=0    avg_loss: 0.000000046659  time_per_window : 0.002341   progress : 0.044
name: models.architecture.block_type=simple
models.architecture.mamba_type=mamba
training.mode=rollout
training.rollout_steps=32
seed=0    avg_loss: 0.000000034953  time_per_window : 0.002445   progress : 0.055
name: models.architecture.block_type=simple
models.architecture.mamba_type=mamba
training.mode=rollout
training.rollout_steps=32
seed=0    avg_loss: 0.000000035483  time_per_window : 0.002007   progress : 0.066
name: models.architecture.block_type=simple
models.architecture.mamba_type=mamba
training.mode=rollout
training.rollout_steps=32
seed=0    avg_loss: 0.000000035945  time_per_window : 0.001961   progress : 0.076
name: models.architecture.block_type=simple
models.architecture.mamba_type=mamba
training.mode=rollout
training.rollout_steps=32
seed=0    avg_loss: 0.000000034592  time_per_window : 0.006922   progress : 0.087
name: models.architecture.block_type=simple
models.architecture.mamba_type=mamba
training.mode=rollout
training.rollout_steps=32
seed=0    avg_loss: 0.000000029576  time_per_window : 0.002383   progress : 0.098
name: models.architecture.block_type=simple
models.architecture.mamba_type=mamba
training.mode=rollout
training.rollout_steps=32
seed=0    avg_loss: 0.000000031591  time_per_window : 0.002242   progress : 0.109
name: models.architecture.block_type=simple
models.architecture.mamba_type=mamba
training.mode=rollout
training.rollout_steps=32
seed=0    avg_loss: 0.000000038075  time_per_window : 0.002368   progress : 0.120
name: models.architecture.block_type=simple
models.architecture.mamba_type=mamba
training.mode=rollout
training.rollout_steps=32
seed=0    avg_loss: 0.000000031869  time_per_window : 0.002158   progress : 0.131
name: models.architecture.block_type=simple
models.architecture.mamba_type=mamba
training.mode=rollout
training.rollout_steps=32
seed=0    avg_loss: 0.000000033456  time_per_window : 0.002294   progress : 0.142
name: models.architecture.block_type=simple
models.architecture.mamba_type=mamba
training.mode=rollout
training.rollout_steps=32
seed=2    avg_loss: 0.000000015559  time_per_window : 0.002381   progress : 0.721
name: models.architecture.block_type=simple
models.architecture.mamba_type=mamba
training.mode=rollout
training.rollout_steps=32
seed=2    avg_loss: 0.000000016906  time_per_window : 0.002338   progress : 0.732
name: models.architecture.block_type=simple
models.architecture.mamba_type=mamba
training.mode=rollout
training.rollout_steps=32
seed=2    avg_loss: 0.000000015721  time_per_window : 0.002323   progress : 0.743
name: models.architecture.block_type=simple
models.architecture.mamba_type=mamba
training.mode=rollout
training.rollout_steps=32
seed=2    avg_loss: 0.000000015474  time_per_window : 0.002325   progress : 0.754
name: models.architecture.block_type=simple
models.architecture.mamba_type=mamba
training.mode=rollout
training.rollout_steps=32
seed=2    avg_loss: 0.000000016244  time_per_window : 0.002375   progress : 0.765
name: models.architecture.block_type=simple
models.architecture.mamba_type=mamba
training.mode=rollout
training.rollout_steps=32
seed=2    avg_loss: 0.000000016235  time_per_window : 0.002396   progress : 0.775
name: models.architecture.block_type=simple
models.architecture.mamba_type=mamba
training.mode=rollout
training.rollout_steps=32
seed=2    avg_loss: 0.000000015905  time_per_window : 0.002339   progress : 0.786
name: models.architecture.block_type=simple
models.architecture.mamba_type=mamba
training.mode=rollout
training.rollout_steps=32
seed=2    avg_loss: 0.000000015440  time_per_window : 0.002367   progress : 0.797
name: models.architecture.block_type=simple
models.architecture.mamba_type=mamba
training.mode=rollout
training.rollout_steps=32
seed=2    avg_loss: 0.000000015164  time_per_window : 0.002362   progress : 0.808
name: models.architecture.block_type=simple
models.architecture.mamba_type=mamba
training.mode=rollout
training.rollout_steps=32
seed=2    avg_loss: 0.000000015968  time_per_window : 0.001957   progress : 0.819
name: models.architecture.block_type=simple
models.architecture.mamba_type=mamba
training.mode=rollout
training.rollout_steps=32
seed=2    avg_loss: 0.000000015566  time_per_window : 0.002401   progress : 0.830
name: models.architecture.block_type=simple
models.architecture.mamba_type=mamba
training.mode=rollout
training.rollout_steps=32
seed=2    avg_loss: 0.000000015608  time_per_window : 0.002185   progress : 0.841
name: models.architecture.block_type=simple
models.architecture.mamba_type=mamba
training.mode=rollout
training.rollout_steps=32
seed=2    avg_loss: 0.000000016016  time_per_window : 0.002084   progress : 0.852
name: models.architecture.block_type=simple
models.architecture.mamba_type=mamba
training.mode=rollout
training.rollout_steps=32
seed=2    avg_loss: 0.000000015827  time_per_window : 0.002039   progress : 0.863
name: models.architecture.block_type=simple
models.architecture.mamba_type=mamba
training.mode=rollout
training.rollout_steps=32
seed=2    avg_loss: 0.000000015394  time_per_window : 0.002353   progress : 0.874
name: models.architecture.block_type=simple
models.architecture.mamba_type=mamba
training.mode=rollout
training.rollout_steps=32
seed=2    avg_loss: 0.000000015875  time_per_window : 0.002302   progress : 0.885
name: models.architecture.block_type=simple
models.architecture.mamba_type=mamba
training.mode=rollout
training.rollout_steps=32
seed=2    avg_loss: 0.000000015364  time_per_window : 0.002372   progress : 0.896
name: models.architecture.block_type=simple
models.architecture.mamba_type=mamba
training.mode=rollout
training.rollout_steps=32
seed=2    avg_loss: 0.000000015480  time_per_window : 0.002364   progress : 0.907
name: models.architecture.block_type=simple
models.architecture.mamba_type=mamba
training.mode=rollout
training.rollout_steps=32
seed=2    avg_loss: 0.000000015579  time_per_window : 0.002338   progress : 0.917
name: models.architecture.block_type=simple
models.architecture.mamba_type=mamba
training.mode=rollout
training.rollout_steps=32
seed=2    avg_loss: 0.000000016227  time_per_window : 0.001787   progress : 0.928
name: models.architecture.block_type=simple
models.architecture.mamba_type=mamba
training.mode=rollout
training.rollout_steps=32
seed=2    avg_loss: 0.000000014941  time_per_window : 0.002301   progress : 0.939
name: models.architecture.block_type=simple
models.architecture.mamba_type=mamba
training.mode=rollout
training.rollout_steps=32
seed=2    avg_loss: 0.000000015300  time_per_window : 0.002408   progress : 0.950
name: models.architecture.block_type=simple
models.architecture.mamba_type=mamba
training.mode=rollout
training.rollout_steps=32
seed=2    avg_loss: 0.000000015388  time_per_window : 0.002085   progress : 0.961
name: models.architecture.block_type=simple
models.architecture.mamba_type=mamba
training.mode=rollout
training.rollout_steps=32
seed=2    avg_loss: 0.000000015384  time_per_window : 0.002081   progress : 0.972
name: models.architecture.block_type=simple
models.architecture.mamba_type=mamba
training.mode=rollout
training.rollout_steps=32
seed=2    avg_loss: 0.000000015436  time_per_window : 0.002157   progress : 0.983
name: models.architecture.block_type=simple
models.architecture.mamba_type=mamba
training.mode=rollout
training.rollout_steps=32
seed=2    avg_loss: 0.000000015616  time_per_window : 0.001596   progress : 0.994
name: models.architecture.block_type=simple
models.architecture.mamba_type=mamba
training.mode=rollout
training.rollout_steps=32
seed=2    avg_loss: 0.000001035027  time_per_window : 0.002191   progress : 0.011
name: models.architecture.block_type=simple
models.architecture.mamba_type=mamba
training.mode=rollout
training.rollout_steps=32
seed=2    avg_loss: 0.000000275163  time_per_window : 0.002323   progress : 0.022
name: models.architecture.block_type=simple
models.architecture.mamba_type=mamba
training.mode=rollout
training.rollout_steps=32
seed=2    avg_loss: 0.000000052683  time_per_window : 0.002335   progress : 0.033
name: models.architecture.block_type=simple
models.architecture.mamba_type=mamba
training.mode=rollout
training.rollout_steps=32
seed=2    avg_loss: 0.000000040897  time_per_window : 0.002391   progress : 0.044
name: models.architecture.block_type=simple
models.architecture.mamba_type=mamba
training.mode=rollout
training.rollout_steps=32
seed=2    avg_loss: 0.000000037506  time_per_window : 0.002405   progress : 0.055
name: models.architecture.block_type=simple
models.architecture.mamba_type=mamba
training.mode=rollout
training.rollout_steps=32
seed=2    avg_loss: 0.000000038714  time_per_window : 0.002362   progress : 0.066
name: models.architecture.block_type=simple
models.architecture.mamba_type=mamba
training.mode=rollout
training.rollout_steps=32
seed=2    avg_loss: 0.000000034149  time_per_window : 0.001863   progress : 0.076
name: models.architecture.block_type=simple
models.architecture.mamba_type=mamba
training.mode=rollout
training.rollout_steps=32
seed=2    avg_loss: 0.000000034306  time_per_window : 0.001804   progress : 0.087
name: models.architecture.block_type=simple
models.architecture.mamba_type=mamba
training.mode=rollout
training.rollout_steps=32
seed=2    avg_loss: 0.000000033713  time_per_window : 0.002358   progress : 0.098
name: models.architecture.block_type=simple
models.architecture.mamba_type=mamba
training.mode=rollout
training.rollout_steps=32
seed=2    avg_loss: 0.000000033524  time_per_window : 0.002482   progress : 0.109
name: models.architecture.block_type=simple
models.architecture.mamba_type=mamba
training.mode=rollout
training.rollout_steps=32
seed=2    avg_loss: 0.000000037767  time_per_window : 0.002383   progress : 0.120
name: models.architecture.block_type=simple
models.architecture.mamba_type=mamba
training.mode=rollout
training.rollout_steps=32
seed=2    avg_loss: 0.000000032273  time_per_window : 0.002385   progress : 0.131
name: models.architecture.block_type=simple
models.architecture.mamba_type=mamba
training.mode=rollout
training.rollout_steps=32
seed=2    avg_loss: 0.000000031335  time_per_window : 0.002481   progress : 0.142
name: models.architecture.block_type=simple
models.architecture.mamba_type=mamba
training.mode=rollout
training.rollout_steps=32
seed=1    avg_loss: 0.000000016067  time_per_window : 0.002339   progress : 0.721
name: models.architecture.block_type=simple
models.architecture.mamba_type=mamba
training.mode=rollout
training.rollout_steps=32
seed=1    avg_loss: 0.000000015787  time_per_window : 0.002092   progress : 0.732
name: models.architecture.block_type=simple
models.architecture.mamba_type=mamba
training.mode=rollout
training.rollout_steps=32
seed=1    avg_loss: 0.000000016119  time_per_window : 0.002372   progress : 0.743
name: models.architecture.block_type=simple
models.architecture.mamba_type=mamba
training.mode=rollout
training.rollout_steps=32
seed=1    avg_loss: 0.000000016018  time_per_window : 0.002345   progress : 0.754
name: models.architecture.block_type=simple
models.architecture.mamba_type=mamba
training.mode=rollout
training.rollout_steps=32
seed=1    avg_loss: 0.000000016011  time_per_window : 0.002407   progress : 0.765
name: models.architecture.block_type=simple
models.architecture.mamba_type=mamba
training.mode=rollout
training.rollout_steps=32
seed=1    avg_loss: 0.000000016256  time_per_window : 0.002344   progress : 0.775
name: models.architecture.block_type=simple
models.architecture.mamba_type=mamba
training.mode=rollout
training.rollout_steps=32
seed=1    avg_loss: 0.000000016368  time_per_window : 0.002363   progress : 0.786
name: models.architecture.block_type=simple
models.architecture.mamba_type=mamba
training.mode=rollout
training.rollout_steps=32
seed=1    avg_loss: 0.000000015602  time_per_window : 0.002418   progress : 0.797
name: models.architecture.block_type=simple
models.architecture.mamba_type=mamba
training.mode=rollout
training.rollout_steps=32
seed=1    avg_loss: 0.000000015649  time_per_window : 0.002128   progress : 0.808
name: models.architecture.block_type=simple
models.architecture.mamba_type=mamba
training.mode=rollout
training.rollout_steps=32
seed=1    avg_loss: 0.000000014999  time_per_window : 0.002284   progress : 0.819
name: models.architecture.block_type=simple
models.architecture.mamba_type=mamba
training.mode=rollout
training.rollout_steps=32
seed=1    avg_loss: 0.000000015508  time_per_window : 0.002397   progress : 0.830
name: models.architecture.block_type=simple
models.architecture.mamba_type=mamba
training.mode=rollout
training.rollout_steps=32
seed=1    avg_loss: 0.000000015598  time_per_window : 0.001994   progress : 0.841
name: models.architecture.block_type=simple
models.architecture.mamba_type=mamba
training.mode=rollout
training.rollout_steps=32
seed=1    avg_loss: 0.000000015727  time_per_window : 0.002381   progress : 0.852
name: models.architecture.block_type=simple
models.architecture.mamba_type=mamba
training.mode=rollout
training.rollout_steps=32
seed=1    avg_loss: 0.000000015920  time_per_window : 0.002230   progress : 0.863
name: models.architecture.block_type=simple
models.architecture.mamba_type=mamba
training.mode=rollout
training.rollout_steps=32
seed=1    avg_loss: 0.000000015442  time_per_window : 0.002299   progress : 0.874
name: models.architecture.block_type=simple
models.architecture.mamba_type=mamba
training.mode=rollout
training.rollout_steps=32
seed=1    avg_loss: 0.000000016156  time_per_window : 0.002421   progress : 0.885
name: models.architecture.block_type=simple
models.architecture.mamba_type=mamba
training.mode=rollout
training.rollout_steps=32
seed=1    avg_loss: 0.000000016285  time_per_window : 0.002426   progress : 0.896
name: models.architecture.block_type=simple
models.architecture.mamba_type=mamba
training.mode=rollout
training.rollout_steps=32
seed=1    avg_loss: 0.000000015212  time_per_window : 0.002429   progress : 0.907
name: models.architecture.block_type=simple
models.architecture.mamba_type=mamba
training.mode=rollout
training.rollout_steps=32
seed=1    avg_loss: 0.000000016112  time_per_window : 0.002284   progress : 0.917
name: models.architecture.block_type=simple
models.architecture.mamba_type=mamba
training.mode=rollout
training.rollout_steps=32
seed=1    avg_loss: 0.000000016193  time_per_window : 0.002344   progress : 0.928
name: models.architecture.block_type=simple
models.architecture.mamba_type=mamba
training.mode=rollout
training.rollout_steps=32
seed=1    avg_loss: 0.000000015408  time_per_window : 0.002251   progress : 0.939
name: models.architecture.block_type=simple
models.architecture.mamba_type=mamba
training.mode=rollout
training.rollout_steps=32
seed=1    avg_loss: 0.000000014932  time_per_window : 0.002373   progress : 0.950
name: models.architecture.block_type=simple
models.architecture.mamba_type=mamba
training.mode=rollout
training.rollout_steps=32
seed=1    avg_loss: 0.000000015788  time_per_window : 0.002403   progress : 0.961
name: models.architecture.block_type=simple
models.architecture.mamba_type=mamba
training.mode=rollout
training.rollout_steps=32
seed=1    avg_loss: 0.000000016434  time_per_window : 0.002199   progress : 0.972
name: models.architecture.block_type=simple
models.architecture.mamba_type=mamba
training.mode=rollout
training.rollout_steps=32
seed=1    avg_loss: 0.000000014949  time_per_window : 0.002256   progress : 0.983
name: models.architecture.block_type=simple
models.architecture.mamba_type=mamba
training.mode=rollout
training.rollout_steps=32
seed=1    avg_loss: 0.000000016047  time_per_window : 0.002358   progress : 0.994
name: models.architecture.block_type=simple
models.architecture.mamba_type=mamba
training.mode=rollout
training.rollout_steps=32
seed=1    avg_loss: 0.000001105217  time_per_window : 0.002372   progress : 0.011
name: models.architecture.block_type=simple
models.architecture.mamba_type=mamba
training.mode=rollout
training.rollout_steps=32
seed=1    avg_loss: 0.000000327196  time_per_window : 0.002407   progress : 0.022
name: models.architecture.block_type=simple
models.architecture.mamba_type=mamba
training.mode=rollout
training.rollout_steps=32
seed=1    avg_loss: 0.000000316729  time_per_window : 0.001975   progress : 0.033
name: models.architecture.block_type=simple
models.architecture.mamba_type=mamba
training.mode=rollout
training.rollout_steps=32
seed=1    avg_loss: 0.000000091234  time_per_window : 0.002340   progress : 0.044
name: models.architecture.block_type=simple
models.architecture.mamba_type=mamba
training.mode=rollout
training.rollout_steps=32
seed=1    avg_loss: 0.000000038668  time_per_window : 0.002342   progress : 0.055
name: models.architecture.block_type=simple
models.architecture.mamba_type=mamba
training.mode=rollout
training.rollout_steps=32
seed=1    avg_loss: 0.000000039601  time_per_window : 0.002300   progress : 0.066
name: models.architecture.block_type=simple
models.architecture.mamba_type=mamba
training.mode=rollout
training.rollout_steps=32
seed=1    avg_loss: 0.000000038029  time_per_window : 0.002141   progress : 0.076
name: models.architecture.block_type=simple
models.architecture.mamba_type=mamba
training.mode=rollout
training.rollout_steps=32
seed=1    avg_loss: 0.000000035128  time_per_window : 0.002301   progress : 0.087
name: models.architecture.block_type=simple
models.architecture.mamba_type=mamba
training.mode=rollout
training.rollout_steps=32
seed=1    avg_loss: 0.000000034856  time_per_window : 0.002339   progress : 0.098
name: models.architecture.block_type=simple
models.architecture.mamba_type=mamba
training.mode=rollout
training.rollout_steps=32
seed=1    avg_loss: 0.000000037918  time_per_window : 0.002350   progress : 0.109
name: models.architecture.block_type=simple
models.architecture.mamba_type=mamba
training.mode=rollout
training.rollout_steps=32
seed=1    avg_loss: 0.000000037058  time_per_window : 0.002343   progress : 0.120
name: models.architecture.block_type=simple
models.architecture.mamba_type=mamba
training.mode=rollout
training.rollout_steps=32
seed=1    avg_loss: 0.000000032027  time_per_window : 0.002335   progress : 0.131
name: models.architecture.block_type=simple
models.architecture.mamba_type=mamba
training.mode=rollout
training.rollout_steps=32
seed=1    avg_loss: 0.000000034131  time_per_window : 0.001931   progress : 0.142
name: models.architecture.block_type=simple
models.architecture.mamba_type=mamba
training.mode=rollout
training.rollout_steps=32
seed=3    avg_loss: 0.000000016947  time_per_window : 0.002421   progress : 0.721
name: models.architecture.block_type=simple
models.architecture.mamba_type=mamba
training.mode=rollout
training.rollout_steps=32
seed=3    avg_loss: 0.000000016924  time_per_window : 0.001873   progress : 0.732
name: models.architecture.block_type=simple
models.architecture.mamba_type=mamba
training.mode=rollout
training.rollout_steps=32
seed=3    avg_loss: 0.000000015703  time_per_window : 0.002043   progress : 0.743
name: models.architecture.block_type=simple
models.architecture.mamba_type=mamba
training.mode=rollout
training.rollout_steps=32
seed=3    avg_loss: 0.000000016393  time_per_window : 0.002367   progress : 0.754
name: models.architecture.block_type=simple
models.architecture.mamba_type=mamba
training.mode=rollout
training.rollout_steps=32
seed=3    avg_loss: 0.000000016632  time_per_window : 0.002197   progress : 0.765
name: models.architecture.block_type=simple
models.architecture.mamba_type=mamba
training.mode=rollout
training.rollout_steps=32
seed=3    avg_loss: 0.000000016539  time_per_window : 0.002324   progress : 0.775
name: models.architecture.block_type=simple
models.architecture.mamba_type=mamba
training.mode=rollout
training.rollout_steps=32
seed=3    avg_loss: 0.000000016268  time_per_window : 0.001884   progress : 0.786
name: models.architecture.block_type=simple
models.architecture.mamba_type=mamba
training.mode=rollout
training.rollout_steps=32
seed=3    avg_loss: 0.000000016246  time_per_window : 0.002146   progress : 0.797
name: models.architecture.block_type=simple
models.architecture.mamba_type=mamba
training.mode=rollout
training.rollout_steps=32
seed=3    avg_loss: 0.000000016002  time_per_window : 0.002378   progress : 0.808
name: models.architecture.block_type=simple
models.architecture.mamba_type=mamba
training.mode=rollout
training.rollout_steps=32
seed=3    avg_loss: 0.000000016105  time_per_window : 0.002415   progress : 0.819
name: models.architecture.block_type=simple
models.architecture.mamba_type=mamba
training.mode=rollout
training.rollout_steps=32
seed=3    avg_loss: 0.000000016341  time_per_window : 0.002352   progress : 0.830
name: models.architecture.block_type=simple
models.architecture.mamba_type=mamba
training.mode=rollout
training.rollout_steps=32
seed=3    avg_loss: 0.000000016743  time_per_window : 0.002151   progress : 0.841
name: models.architecture.block_type=simple
models.architecture.mamba_type=mamba
training.mode=rollout
training.rollout_steps=32
seed=3    avg_loss: 0.000000016093  time_per_window : 0.002353   progress : 0.852
name: models.architecture.block_type=simple
models.architecture.mamba_type=mamba
training.mode=rollout
training.rollout_steps=32
seed=3    avg_loss: 0.000000016197  time_per_window : 0.002126   progress : 0.863
name: models.architecture.block_type=simple
models.architecture.mamba_type=mamba
training.mode=rollout
training.rollout_steps=32
seed=3    avg_loss: 0.000000015591  time_per_window : 0.002368   progress : 0.874
name: models.architecture.block_type=simple
models.architecture.mamba_type=mamba
training.mode=rollout
training.rollout_steps=32
seed=3    avg_loss: 0.000000016247  time_per_window : 0.002383   progress : 0.885
name: models.architecture.block_type=simple
models.architecture.mamba_type=mamba
training.mode=rollout
training.rollout_steps=32
seed=3    avg_loss: 0.000000015796  time_per_window : 0.002396   progress : 0.896
name: models.architecture.block_type=simple
models.architecture.mamba_type=mamba
training.mode=rollout
training.rollout_steps=32
seed=3    avg_loss: 0.000000015744  time_per_window : 0.002231   progress : 0.907
name: models.architecture.block_type=simple
models.architecture.mamba_type=mamba
training.mode=rollout
training.rollout_steps=32
seed=3    avg_loss: 0.000000015736  time_per_window : 0.002404   progress : 0.917
name: models.architecture.block_type=simple
models.architecture.mamba_type=mamba
training.mode=rollout
training.rollout_steps=32
seed=3    avg_loss: 0.000000016743  time_per_window : 0.002334   progress : 0.928
name: models.architecture.block_type=simple
models.architecture.mamba_type=mamba
training.mode=rollout
training.rollout_steps=32
seed=3    avg_loss: 0.000000015281  time_per_window : 0.002399   progress : 0.939
name: models.architecture.block_type=simple
models.architecture.mamba_type=mamba
training.mode=rollout
training.rollout_steps=32
seed=3    avg_loss: 0.000000015902  time_per_window : 0.002391   progress : 0.950
name: models.architecture.block_type=simple
models.architecture.mamba_type=mamba
training.mode=rollout
training.rollout_steps=32
seed=3    avg_loss: 0.000000016540  time_per_window : 0.002150   progress : 0.961
name: models.architecture.block_type=simple
models.architecture.mamba_type=mamba
training.mode=rollout
training.rollout_steps=32
seed=3    avg_loss: 0.000000015226  time_per_window : 0.002447   progress : 0.972
name: models.architecture.block_type=simple
models.architecture.mamba_type=mamba
training.mode=rollout
training.rollout_steps=32
seed=3    avg_loss: 0.000000015762  time_per_window : 0.002386   progress : 0.983
name: models.architecture.block_type=simple
models.architecture.mamba_type=mamba
training.mode=rollout
training.rollout_steps=32
seed=3    avg_loss: 0.000000015840  time_per_window : 0.002301   progress : 0.994
name: models.architecture.block_type=simple
models.architecture.mamba_type=mamba
training.mode=rollout
training.rollout_steps=32
seed=3    avg_loss: 0.000001726659  time_per_window : 0.002380   progress : 0.011
name: models.architecture.block_type=simple
models.architecture.mamba_type=mamba
training.mode=rollout
training.rollout_steps=32
seed=3    avg_loss: 0.000000374920  time_per_window : 0.002343   progress : 0.022
name: models.architecture.block_type=simple
models.architecture.mamba_type=mamba
training.mode=rollout
training.rollout_steps=32
seed=3    avg_loss: 0.000000302827  time_per_window : 0.002405   progress : 0.033
name: models.architecture.block_type=simple
models.architecture.mamba_type=mamba
training.mode=rollout
training.rollout_steps=32
seed=3    avg_loss: 0.000000186651  time_per_window : 0.002370   progress : 0.044
name: models.architecture.block_type=simple
models.architecture.mamba_type=mamba
training.mode=rollout
training.rollout_steps=32
seed=3    avg_loss: 0.000000062816  time_per_window : 0.002369   progress : 0.055
name: models.architecture.block_type=simple
models.architecture.mamba_type=mamba
training.mode=rollout
training.rollout_steps=32
seed=3    avg_loss: 0.000000048127  time_per_window : 0.002335   progress : 0.066
name: models.architecture.block_type=simple
models.architecture.mamba_type=mamba
training.mode=rollout
training.rollout_steps=32
seed=3    avg_loss: 0.000000043137  time_per_window : 0.002380   progress : 0.076
name: models.architecture.block_type=simple
models.architecture.mamba_type=mamba
training.mode=rollout
training.rollout_steps=32
seed=3    avg_loss: 0.000000039883  time_per_window : 0.002312   progress : 0.087
name: models.architecture.block_type=simple
models.architecture.mamba_type=mamba
training.mode=rollout
training.rollout_steps=32
seed=3    avg_loss: 0.000000041897  time_per_window : 0.002504   progress : 0.098
name: models.architecture.block_type=simple
models.architecture.mamba_type=mamba
training.mode=rollout
training.rollout_steps=32
seed=3    avg_loss: 0.000000041290  time_per_window : 0.002428   progress : 0.109
name: models.architecture.block_type=simple
models.architecture.mamba_type=mamba
training.mode=rollout
training.rollout_steps=32
seed=3    avg_loss: 0.000000043616  time_per_window : 0.002326   progress : 0.120
name: models.architecture.block_type=simple
models.architecture.mamba_type=mamba
training.mode=rollout
training.rollout_steps=32
seed=3    avg_loss: 0.000000034773  time_per_window : 0.002301   progress : 0.131
name: models.architecture.block_type=simple
models.architecture.mamba_type=mamba
training.mode=rollout
training.rollout_steps=32
seed=3    avg_loss: 0.000000044983  time_per_window : 0.002275   progress : 0.142
name: models.architecture.block_type=simple
models.architecture.mamba_type=mamba
training.mode=rollout
training.rollout_steps=32
seed=4    avg_loss: 0.000000038287  time_per_window : 0.002373   progress : 0.153
name: models.architecture.block_type=simple
models.architecture.mamba_type=mamba
training.mode=rollout
training.rollout_steps=32
seed=4    avg_loss: 0.000000032808  time_per_window : 0.002396   progress : 0.164
name: models.architecture.block_type=simple
models.architecture.mamba_type=mamba
training.mode=rollout
training.rollout_steps=32
seed=4    avg_loss: 0.000000033292  time_per_window : 0.001819   progress : 0.175
name: models.architecture.block_type=simple
models.architecture.mamba_type=mamba
training.mode=rollout
training.rollout_steps=32
seed=4    avg_loss: 0.000000033957  time_per_window : 0.001770   progress : 0.186
name: models.architecture.block_type=simple
models.architecture.mamba_type=mamba
training.mode=rollout
training.rollout_steps=32
seed=4    avg_loss: 0.000000033782  time_per_window : 0.002345   progress : 0.197
name: models.architecture.block_type=simple
models.architecture.mamba_type=mamba
training.mode=rollout
training.rollout_steps=32
seed=4    avg_loss: 0.000000030985  time_per_window : 0.002198   progress : 0.208
name: models.architecture.block_type=simple
models.architecture.mamba_type=mamba
training.mode=rollout
training.rollout_steps=32
seed=4    avg_loss: 0.000000033061  time_per_window : 0.002051   progress : 0.218
name: models.architecture.block_type=simple
models.architecture.mamba_type=mamba
training.mode=rollout
training.rollout_steps=32
seed=4    avg_loss: 0.000000034546  time_per_window : 0.001971   progress : 0.229
name: models.architecture.block_type=simple
models.architecture.mamba_type=mamba
training.mode=rollout
training.rollout_steps=32
seed=4    avg_loss: 0.000000030919  time_per_window : 0.002203   progress : 0.240
name: models.architecture.block_type=simple
models.architecture.mamba_type=mamba
training.mode=rollout
training.rollout_steps=32
seed=4    avg_loss: 0.000000032011  time_per_window : 0.002339   progress : 0.251
name: models.architecture.block_type=simple
models.architecture.mamba_type=mamba
training.mode=rollout
training.rollout_steps=32
seed=4    avg_loss: 0.000000031797  time_per_window : 0.002276   progress : 0.262
name: models.architecture.block_type=simple
models.architecture.mamba_type=mamba
training.mode=rollout
training.rollout_steps=32
seed=4    avg_loss: 0.000000034032  time_per_window : 0.002183   progress : 0.273
name: models.architecture.block_type=simple
models.architecture.mamba_type=mamba
training.mode=rollout
training.rollout_steps=32
seed=4    avg_loss: 0.000000032899  time_per_window : 0.002311   progress : 0.284
name: models.architecture.block_type=simple
models.architecture.mamba_type=mamba
training.mode=rollout
training.rollout_steps=32
seed=4    avg_loss: 0.000000029031  time_per_window : 0.002356   progress : 0.295
name: models.architecture.block_type=simple
models.architecture.mamba_type=mamba
training.mode=rollout
training.rollout_steps=32
seed=4    avg_loss: 0.000000034637  time_per_window : 0.001911   progress : 0.306
name: models.architecture.block_type=simple
models.architecture.mamba_type=mamba
training.mode=rollout
training.rollout_steps=32
seed=4    avg_loss: 0.000000031557  time_per_window : 0.002340   progress : 0.317
name: models.architecture.block_type=simple
models.architecture.mamba_type=mamba
training.mode=rollout
training.rollout_steps=32
seed=4    avg_loss: 0.000000032987  time_per_window : 0.002325   progress : 0.328
name: models.architecture.block_type=simple
models.architecture.mamba_type=mamba
training.mode=rollout
training.rollout_steps=32
seed=4    avg_loss: 0.000000033150  time_per_window : 0.002384   progress : 0.339
name: models.architecture.block_type=simple
models.architecture.mamba_type=mamba
training.mode=rollout
training.rollout_steps=32
seed=4    avg_loss: 0.000000030844  time_per_window : 0.002515   progress : 0.350
name: models.architecture.block_type=simple
models.architecture.mamba_type=mamba
training.mode=rollout
training.rollout_steps=32
seed=4    avg_loss: 0.000000032447  time_per_window : 0.002349   progress : 0.360
name: models.architecture.block_type=simple
models.architecture.mamba_type=mamba
training.mode=rollout
training.rollout_steps=32
seed=4    avg_loss: 0.000000030055  time_per_window : 0.002224   progress : 0.371
name: models.architecture.block_type=simple
models.architecture.mamba_type=mamba
training.mode=rollout
training.rollout_steps=32
seed=4    avg_loss: 0.000000030852  time_per_window : 0.002309   progress : 0.382
name: models.architecture.block_type=simple
models.architecture.mamba_type=mamba
training.mode=rollout
training.rollout_steps=32
seed=4    avg_loss: 0.000000033365  time_per_window : 0.002369   progress : 0.393
name: models.architecture.block_type=simple
models.architecture.mamba_type=mamba
training.mode=rollout
training.rollout_steps=32
seed=4    avg_loss: 0.000000032150  time_per_window : 0.002364   progress : 0.404
name: models.architecture.block_type=simple
models.architecture.mamba_type=mamba
training.mode=rollout
training.rollout_steps=32
seed=4    avg_loss: 0.000000033488  time_per_window : 0.002089   progress : 0.415
name: models.architecture.block_type=simple
models.architecture.mamba_type=mamba
training.mode=rollout
training.rollout_steps=32
seed=4    avg_loss: 0.000000032447  time_per_window : 0.001897   progress : 0.426
name: models.architecture.block_type=simple
models.architecture.mamba_type=mamba
training.mode=rollout
training.rollout_steps=32
seed=4    avg_loss: 0.000000031485  time_per_window : 0.002512   progress : 0.437
name: models.architecture.block_type=simple
models.architecture.mamba_type=mamba
training.mode=rollout
training.rollout_steps=32
seed=4    avg_loss: 0.000000032175  time_per_window : 0.002388   progress : 0.448
name: models.architecture.block_type=simple
models.architecture.mamba_type=mamba
training.mode=rollout
training.rollout_steps=32
seed=4    avg_loss: 0.000000029335  time_per_window : 0.002202   progress : 0.459
name: models.architecture.block_type=simple
models.architecture.mamba_type=mamba
training.mode=rollout
training.rollout_steps=32
seed=4    avg_loss: 0.000000031076  time_per_window : 0.002354   progress : 0.470
name: models.architecture.block_type=simple
models.architecture.mamba_type=mamba
training.mode=rollout
training.rollout_steps=32
seed=4    avg_loss: 0.000000030208  time_per_window : 0.002241   progress : 0.481
name: models.architecture.block_type=simple
models.architecture.mamba_type=mamba
training.mode=rollout
training.rollout_steps=32
seed=4    avg_loss: 0.000000031282  time_per_window : 0.002202   progress : 0.492
name: models.architecture.block_type=simple
models.architecture.mamba_type=mamba
training.mode=rollout
training.rollout_steps=32
seed=4    avg_loss: 0.000000031836  time_per_window : 0.002010   progress : 0.502
name: models.architecture.block_type=simple
models.architecture.mamba_type=mamba
training.mode=rollout
training.rollout_steps=32
seed=4    avg_loss: 0.000000033090  time_per_window : 0.002283   progress : 0.513
name: models.architecture.block_type=simple
models.architecture.mamba_type=mamba
training.mode=rollout
training.rollout_steps=32
seed=4    avg_loss: 0.000000031607  time_per_window : 0.002070   progress : 0.524
name: models.architecture.block_type=simple
models.architecture.mamba_type=mamba
training.mode=rollout
training.rollout_steps=32
seed=4    avg_loss: 0.000000032399  time_per_window : 0.001812   progress : 0.535
name: models.architecture.block_type=simple
models.architecture.mamba_type=mamba
training.mode=rollout
training.rollout_steps=32
seed=4    avg_loss: 0.000000029565  time_per_window : 0.001829   progress : 0.546
name: models.architecture.block_type=simple
models.architecture.mamba_type=mamba
training.mode=rollout
training.rollout_steps=32
seed=4    avg_loss: 0.000000030753  time_per_window : 0.002396   progress : 0.557
name: models.architecture.block_type=simple
models.architecture.mamba_type=mamba
training.mode=rollout
training.rollout_steps=32
seed=4    avg_loss: 0.000000029872  time_per_window : 0.002199   progress : 0.568
name: models.architecture.block_type=simple
models.architecture.mamba_type=mamba
training.mode=rollout
training.rollout_steps=32
seed=0    avg_loss: 0.000000031311  time_per_window : 0.002373   progress : 0.153
name: models.architecture.block_type=simple
models.architecture.mamba_type=mamba
training.mode=rollout
training.rollout_steps=32
seed=0    avg_loss: 0.000000033657  time_per_window : 0.002312   progress : 0.164
name: models.architecture.block_type=simple
models.architecture.mamba_type=mamba
training.mode=rollout
training.rollout_steps=32
seed=0    avg_loss: 0.000000031635  time_per_window : 0.002035   progress : 0.175
name: models.architecture.block_type=simple
models.architecture.mamba_type=mamba
training.mode=rollout
training.rollout_steps=32
seed=0    avg_loss: 0.000000031386  time_per_window : 0.002262   progress : 0.186
name: models.architecture.block_type=simple
models.architecture.mamba_type=mamba
training.mode=rollout
training.rollout_steps=32
seed=0    avg_loss: 0.000000035198  time_per_window : 0.002408   progress : 0.197
name: models.architecture.block_type=simple
models.architecture.mamba_type=mamba
training.mode=rollout
training.rollout_steps=32
seed=0    avg_loss: 0.000000033456  time_per_window : 0.002362   progress : 0.208
name: models.architecture.block_type=simple
models.architecture.mamba_type=mamba
training.mode=rollout
training.rollout_steps=32
seed=0    avg_loss: 0.000000033309  time_per_window : 0.002317   progress : 0.218
name: models.architecture.block_type=simple
models.architecture.mamba_type=mamba
training.mode=rollout
training.rollout_steps=32
seed=0    avg_loss: 0.000000033327  time_per_window : 0.002419   progress : 0.229
name: models.architecture.block_type=simple
models.architecture.mamba_type=mamba
training.mode=rollout
training.rollout_steps=32
seed=0    avg_loss: 0.000000035134  time_per_window : 0.002231   progress : 0.240
name: models.architecture.block_type=simple
models.architecture.mamba_type=mamba
training.mode=rollout
training.rollout_steps=32
seed=0    avg_loss: 0.000000037272  time_per_window : 0.002327   progress : 0.251
name: models.architecture.block_type=simple
models.architecture.mamba_type=mamba
training.mode=rollout
training.rollout_steps=32
seed=0    avg_loss: 0.000000032432  time_per_window : 0.002326   progress : 0.262
name: models.architecture.block_type=simple
models.architecture.mamba_type=mamba
training.mode=rollout
training.rollout_steps=32
seed=0    avg_loss: 0.000000032926  time_per_window : 0.002235   progress : 0.273
name: models.architecture.block_type=simple
models.architecture.mamba_type=mamba
training.mode=rollout
training.rollout_steps=32
seed=0    avg_loss: 0.000000033406  time_per_window : 0.002309   progress : 0.284
name: models.architecture.block_type=simple
models.architecture.mamba_type=mamba
training.mode=rollout
training.rollout_steps=32
seed=0    avg_loss: 0.000000034701  time_per_window : 0.002047   progress : 0.295
name: models.architecture.block_type=simple
models.architecture.mamba_type=mamba
training.mode=rollout
training.rollout_steps=32
seed=0    avg_loss: 0.000000035094  time_per_window : 0.002324   progress : 0.306
name: models.architecture.block_type=simple
models.architecture.mamba_type=mamba
training.mode=rollout
training.rollout_steps=32
seed=0    avg_loss: 0.000000031454  time_per_window : 0.002012   progress : 0.317
name: models.architecture.block_type=simple
models.architecture.mamba_type=mamba
training.mode=rollout
training.rollout_steps=32
seed=0    avg_loss: 0.000000031691  time_per_window : 0.001986   progress : 0.328
name: models.architecture.block_type=simple
models.architecture.mamba_type=mamba
training.mode=rollout
training.rollout_steps=32
seed=0    avg_loss: 0.000000034604  time_per_window : 0.002327   progress : 0.339
name: models.architecture.block_type=simple
models.architecture.mamba_type=mamba
training.mode=rollout
training.rollout_steps=32
seed=0    avg_loss: 0.000000031996  time_per_window : 0.002377   progress : 0.350
name: models.architecture.block_type=simple
models.architecture.mamba_type=mamba
training.mode=rollout
training.rollout_steps=32
seed=0    avg_loss: 0.000000034394  time_per_window : 0.001762   progress : 0.360
name: models.architecture.block_type=simple
models.architecture.mamba_type=mamba
training.mode=rollout
training.rollout_steps=32
seed=0    avg_loss: 0.000000036644  time_per_window : 0.002303   progress : 0.371
name: models.architecture.block_type=simple
models.architecture.mamba_type=mamba
training.mode=rollout
training.rollout_steps=32
seed=0    avg_loss: 0.000000034094  time_per_window : 0.002373   progress : 0.382
name: models.architecture.block_type=simple
models.architecture.mamba_type=mamba
training.mode=rollout
training.rollout_steps=32
seed=0    avg_loss: 0.000000032279  time_per_window : 0.002403   progress : 0.393
name: models.architecture.block_type=simple
models.architecture.mamba_type=mamba
training.mode=rollout
training.rollout_steps=32
seed=0    avg_loss: 0.000000033190  time_per_window : 0.002354   progress : 0.404
name: models.architecture.block_type=simple
models.architecture.mamba_type=mamba
training.mode=rollout
training.rollout_steps=32
seed=0    avg_loss: 0.000000038393  time_per_window : 0.002374   progress : 0.415
name: models.architecture.block_type=simple
models.architecture.mamba_type=mamba
training.mode=rollout
training.rollout_steps=32
seed=0    avg_loss: 0.000000042826  time_per_window : 0.002238   progress : 0.426
name: models.architecture.block_type=simple
models.architecture.mamba_type=mamba
training.mode=rollout
training.rollout_steps=32
seed=0    avg_loss: 0.000000033162  time_per_window : 0.002382   progress : 0.437
name: models.architecture.block_type=simple
models.architecture.mamba_type=mamba
training.mode=rollout
training.rollout_steps=32
seed=0    avg_loss: 0.000000032603  time_per_window : 0.002152   progress : 0.448
name: models.architecture.block_type=simple
models.architecture.mamba_type=mamba
training.mode=rollout
training.rollout_steps=32
seed=0    avg_loss: 0.000000032997  time_per_window : 0.002388   progress : 0.459
name: models.architecture.block_type=simple
models.architecture.mamba_type=mamba
training.mode=rollout
training.rollout_steps=32
seed=0    avg_loss: 0.000000031992  time_per_window : 0.002343   progress : 0.470
name: models.architecture.block_type=simple
models.architecture.mamba_type=mamba
training.mode=rollout
training.rollout_steps=32
seed=0    avg_loss: 0.000000035257  time_per_window : 0.002136   progress : 0.481
name: models.architecture.block_type=simple
models.architecture.mamba_type=mamba
training.mode=rollout
training.rollout_steps=32
seed=0    avg_loss: 0.000000033761  time_per_window : 0.001836   progress : 0.492
name: models.architecture.block_type=simple
models.architecture.mamba_type=mamba
training.mode=rollout
training.rollout_steps=32
seed=0    avg_loss: 0.000000036441  time_per_window : 0.002422   progress : 0.502
name: models.architecture.block_type=simple
models.architecture.mamba_type=mamba
training.mode=rollout
training.rollout_steps=32
seed=0    avg_loss: 0.000000030874  time_per_window : 0.002227   progress : 0.513
name: models.architecture.block_type=simple
models.architecture.mamba_type=mamba
training.mode=rollout
training.rollout_steps=32
seed=0    avg_loss: 0.000000036885  time_per_window : 0.001845   progress : 0.524
name: models.architecture.block_type=simple
models.architecture.mamba_type=mamba
training.mode=rollout
training.rollout_steps=32
seed=0    avg_loss: 0.000000032636  time_per_window : 0.002270   progress : 0.535
name: models.architecture.block_type=simple
models.architecture.mamba_type=mamba
training.mode=rollout
training.rollout_steps=32
seed=0    avg_loss: 0.000000033089  time_per_window : 0.002371   progress : 0.546
name: models.architecture.block_type=simple
models.architecture.mamba_type=mamba
training.mode=rollout
training.rollout_steps=32
seed=0    avg_loss: 0.000000033487  time_per_window : 0.002388   progress : 0.557
name: models.architecture.block_type=simple
models.architecture.mamba_type=mamba
training.mode=rollout
training.rollout_steps=32
seed=0    avg_loss: 0.000000034080  time_per_window : 0.002328   progress : 0.568
name: models.architecture.block_type=simple
models.architecture.mamba_type=mamba
training.mode=rollout
training.rollout_steps=32
seed=2    avg_loss: 0.000000032769  time_per_window : 0.002341   progress : 0.153
name: models.architecture.block_type=simple
models.architecture.mamba_type=mamba
training.mode=rollout
training.rollout_steps=32
seed=2    avg_loss: 0.000000031056  time_per_window : 0.002405   progress : 0.164
name: models.architecture.block_type=simple
models.architecture.mamba_type=mamba
training.mode=rollout
training.rollout_steps=32
seed=2    avg_loss: 0.000000035127  time_per_window : 0.002362   progress : 0.175
name: models.architecture.block_type=simple
models.architecture.mamba_type=mamba
training.mode=rollout
training.rollout_steps=32
seed=2    avg_loss: 0.000000033248  time_per_window : 0.002298   progress : 0.186
name: models.architecture.block_type=simple
models.architecture.mamba_type=mamba
training.mode=rollout
training.rollout_steps=32
seed=2    avg_loss: 0.000000034787  time_per_window : 0.002365   progress : 0.197
name: models.architecture.block_type=simple
models.architecture.mamba_type=mamba
training.mode=rollout
training.rollout_steps=32
seed=2    avg_loss: 0.000000030455  time_per_window : 0.002159   progress : 0.208
name: models.architecture.block_type=simple
models.architecture.mamba_type=mamba
training.mode=rollout
training.rollout_steps=32
seed=2    avg_loss: 0.000000033493  time_per_window : 0.002431   progress : 0.218
name: models.architecture.block_type=simple
models.architecture.mamba_type=mamba
training.mode=rollout
training.rollout_steps=32
seed=2    avg_loss: 0.000000033793  time_per_window : 0.002238   progress : 0.229
name: models.architecture.block_type=simple
models.architecture.mamba_type=mamba
training.mode=rollout
training.rollout_steps=32
seed=2    avg_loss: 0.000000031894  time_per_window : 0.002288   progress : 0.240
name: models.architecture.block_type=simple
models.architecture.mamba_type=mamba
training.mode=rollout
training.rollout_steps=32
seed=2    avg_loss: 0.000000040370  time_per_window : 0.006992   progress : 0.251
name: models.architecture.block_type=simple
models.architecture.mamba_type=mamba
training.mode=rollout
training.rollout_steps=32
seed=2    avg_loss: 0.000000033056  time_per_window : 0.002391   progress : 0.262
name: models.architecture.block_type=simple
models.architecture.mamba_type=mamba
training.mode=rollout
training.rollout_steps=32
seed=2    avg_loss: 0.000000033358  time_per_window : 0.002374   progress : 0.273
name: models.architecture.block_type=simple
models.architecture.mamba_type=mamba
training.mode=rollout
training.rollout_steps=32
seed=2    avg_loss: 0.000000033328  time_per_window : 0.002346   progress : 0.284
name: models.architecture.block_type=simple
models.architecture.mamba_type=mamba
training.mode=rollout
training.rollout_steps=32
seed=2    avg_loss: 0.000000034214  time_per_window : 0.002200   progress : 0.295
name: models.architecture.block_type=simple
models.architecture.mamba_type=mamba
training.mode=rollout
training.rollout_steps=32
seed=2    avg_loss: 0.000000033351  time_per_window : 0.002483   progress : 0.306
name: models.architecture.block_type=simple
models.architecture.mamba_type=mamba
training.mode=rollout
training.rollout_steps=32
seed=2    avg_loss: 0.000000031731  time_per_window : 0.002356   progress : 0.317
name: models.architecture.block_type=simple
models.architecture.mamba_type=mamba
training.mode=rollout
training.rollout_steps=32
seed=2    avg_loss: 0.000000032232  time_per_window : 0.002388   progress : 0.328
name: models.architecture.block_type=simple
models.architecture.mamba_type=mamba
training.mode=rollout
training.rollout_steps=32
seed=2    avg_loss: 0.000000035990  time_per_window : 0.002406   progress : 0.339
name: models.architecture.block_type=simple
models.architecture.mamba_type=mamba
training.mode=rollout
training.rollout_steps=32
seed=2    avg_loss: 0.000000034551  time_per_window : 0.002313   progress : 0.350
name: models.architecture.block_type=simple
models.architecture.mamba_type=mamba
training.mode=rollout
training.rollout_steps=32
seed=2    avg_loss: 0.000000034931  time_per_window : 0.001654   progress : 0.360
name: models.architecture.block_type=simple
models.architecture.mamba_type=mamba
training.mode=rollout
training.rollout_steps=32
seed=2    avg_loss: 0.000000033159  time_per_window : 0.002392   progress : 0.371
name: models.architecture.block_type=simple
models.architecture.mamba_type=mamba
training.mode=rollout
training.rollout_steps=32
seed=2    avg_loss: 0.000000033253  time_per_window : 0.002327   progress : 0.382
name: models.architecture.block_type=simple
models.architecture.mamba_type=mamba
training.mode=rollout
training.rollout_steps=32
seed=2    avg_loss: 0.000000074447  time_per_window : 0.002261   progress : 0.393
name: models.architecture.block_type=simple
models.architecture.mamba_type=mamba
training.mode=rollout
training.rollout_steps=32
seed=2    avg_loss: 0.000000032513  time_per_window : 0.002423   progress : 0.404
name: models.architecture.block_type=simple
models.architecture.mamba_type=mamba
training.mode=rollout
training.rollout_steps=32
seed=2    avg_loss: 0.000000030418  time_per_window : 0.001959   progress : 0.415
name: models.architecture.block_type=simple
models.architecture.mamba_type=mamba
training.mode=rollout
training.rollout_steps=32
seed=2    avg_loss: 0.000000031507  time_per_window : 0.002352   progress : 0.426
name: models.architecture.block_type=simple
models.architecture.mamba_type=mamba
training.mode=rollout
training.rollout_steps=32
seed=2    avg_loss: 0.000000031599  time_per_window : 0.002100   progress : 0.437
name: models.architecture.block_type=simple
models.architecture.mamba_type=mamba
training.mode=rollout
training.rollout_steps=32
seed=2    avg_loss: 0.000000030964  time_per_window : 0.002181   progress : 0.448
name: models.architecture.block_type=simple
models.architecture.mamba_type=mamba
training.mode=rollout
training.rollout_steps=32
seed=2    avg_loss: 0.000000032838  time_per_window : 0.001887   progress : 0.459
name: models.architecture.block_type=simple
models.architecture.mamba_type=mamba
training.mode=rollout
training.rollout_steps=32
seed=2    avg_loss: 0.000000033003  time_per_window : 0.002272   progress : 0.470
name: models.architecture.block_type=simple
models.architecture.mamba_type=mamba
training.mode=rollout
training.rollout_steps=32
seed=2    avg_loss: 0.000000031903  time_per_window : 0.002235   progress : 0.481
name: models.architecture.block_type=simple
models.architecture.mamba_type=mamba
training.mode=rollout
training.rollout_steps=32
seed=2    avg_loss: 0.000000032403  time_per_window : 0.001949   progress : 0.492
name: models.architecture.block_type=simple
models.architecture.mamba_type=mamba
training.mode=rollout
training.rollout_steps=32
seed=2    avg_loss: 0.000000031859  time_per_window : 0.002497   progress : 0.502
name: models.architecture.block_type=simple
models.architecture.mamba_type=mamba
training.mode=rollout
training.rollout_steps=32
seed=2    avg_loss: 0.000000031816  time_per_window : 0.002378   progress : 0.513
name: models.architecture.block_type=simple
models.architecture.mamba_type=mamba
training.mode=rollout
training.rollout_steps=32
seed=2    avg_loss: 0.000000034818  time_per_window : 0.001859   progress : 0.524
name: models.architecture.block_type=simple
models.architecture.mamba_type=mamba
training.mode=rollout
training.rollout_steps=32
seed=2    avg_loss: 0.000000037701  time_per_window : 0.002407   progress : 0.535
name: models.architecture.block_type=simple
models.architecture.mamba_type=mamba
training.mode=rollout
training.rollout_steps=32
seed=2    avg_loss: 0.000000030102  time_per_window : 0.002200   progress : 0.546
name: models.architecture.block_type=simple
models.architecture.mamba_type=mamba
training.mode=rollout
training.rollout_steps=32
seed=2    avg_loss: 0.000000038821  time_per_window : 0.002354   progress : 0.557
name: models.architecture.block_type=simple
models.architecture.mamba_type=mamba
training.mode=rollout
training.rollout_steps=32
seed=2    avg_loss: 0.000000031451  time_per_window : 0.002418   progress : 0.568
name: models.architecture.block_type=simple
models.architecture.mamba_type=mamba
training.mode=rollout
training.rollout_steps=32
seed=1    avg_loss: 0.000000035799  time_per_window : 0.002271   progress : 0.153
name: models.architecture.block_type=simple
models.architecture.mamba_type=mamba
training.mode=rollout
training.rollout_steps=32
seed=1    avg_loss: 0.000000034322  time_per_window : 0.002313   progress : 0.164
name: models.architecture.block_type=simple
models.architecture.mamba_type=mamba
training.mode=rollout
training.rollout_steps=32
seed=1    avg_loss: 0.000000032592  time_per_window : 0.002372   progress : 0.175
name: models.architecture.block_type=simple
models.architecture.mamba_type=mamba
training.mode=rollout
training.rollout_steps=32
seed=1    avg_loss: 0.000000032215  time_per_window : 0.002344   progress : 0.186
name: models.architecture.block_type=simple
models.architecture.mamba_type=mamba
training.mode=rollout
training.rollout_steps=32
seed=1    avg_loss: 0.000000032417  time_per_window : 0.001701   progress : 0.197
name: models.architecture.block_type=simple
models.architecture.mamba_type=mamba
training.mode=rollout
training.rollout_steps=32
seed=1    avg_loss: 0.000000037015  time_per_window : 0.002047   progress : 0.208
name: models.architecture.block_type=simple
models.architecture.mamba_type=mamba
training.mode=rollout
training.rollout_steps=32
seed=1    avg_loss: 0.000000034222  time_per_window : 0.002140   progress : 0.218
name: models.architecture.block_type=simple
models.architecture.mamba_type=mamba
training.mode=rollout
training.rollout_steps=32
seed=1    avg_loss: 0.000000031024  time_per_window : 0.002300   progress : 0.229
name: models.architecture.block_type=simple
models.architecture.mamba_type=mamba
training.mode=rollout
training.rollout_steps=32
seed=1    avg_loss: 0.000000039315  time_per_window : 0.002158   progress : 0.240
name: models.architecture.block_type=simple
models.architecture.mamba_type=mamba
training.mode=rollout
training.rollout_steps=32
seed=1    avg_loss: 0.000000038445  time_per_window : 0.002335   progress : 0.251
name: models.architecture.block_type=simple
models.architecture.mamba_type=mamba
training.mode=rollout
training.rollout_steps=32
seed=1    avg_loss: 0.000000036549  time_per_window : 0.002377   progress : 0.262
name: models.architecture.block_type=simple
models.architecture.mamba_type=mamba
training.mode=rollout
training.rollout_steps=32
seed=1    avg_loss: 0.000000032130  time_per_window : 0.002257   progress : 0.273
name: models.architecture.block_type=simple
models.architecture.mamba_type=mamba
training.mode=rollout
training.rollout_steps=32
seed=1    avg_loss: 0.000000032126  time_per_window : 0.002215   progress : 0.284
name: models.architecture.block_type=simple
models.architecture.mamba_type=mamba
training.mode=rollout
training.rollout_steps=32
seed=1    avg_loss: 0.000000037336  time_per_window : 0.002321   progress : 0.295
name: models.architecture.block_type=simple
models.architecture.mamba_type=mamba
training.mode=rollout
training.rollout_steps=32
seed=1    avg_loss: 0.000000034179  time_per_window : 0.002401   progress : 0.306
name: models.architecture.block_type=simple
models.architecture.mamba_type=mamba
training.mode=rollout
training.rollout_steps=32
seed=1    avg_loss: 0.000000035704  time_per_window : 0.002384   progress : 0.317
name: models.architecture.block_type=simple
models.architecture.mamba_type=mamba
training.mode=rollout
training.rollout_steps=32
seed=1    avg_loss: 0.000000033173  time_per_window : 0.002260   progress : 0.328
name: models.architecture.block_type=simple
models.architecture.mamba_type=mamba
training.mode=rollout
training.rollout_steps=32
seed=1    avg_loss: 0.000000035126  time_per_window : 0.002377   progress : 0.339
name: models.architecture.block_type=simple
models.architecture.mamba_type=mamba
training.mode=rollout
training.rollout_steps=32
seed=1    avg_loss: 0.000000036685  time_per_window : 0.002394   progress : 0.350
name: models.architecture.block_type=simple
models.architecture.mamba_type=mamba
training.mode=rollout
training.rollout_steps=32
seed=1    avg_loss: 0.000000032584  time_per_window : 0.002311   progress : 0.360
name: models.architecture.block_type=simple
models.architecture.mamba_type=mamba
training.mode=rollout
training.rollout_steps=32
seed=1    avg_loss: 0.000000036595  time_per_window : 0.001649   progress : 0.371
name: models.architecture.block_type=simple
models.architecture.mamba_type=mamba
training.mode=rollout
training.rollout_steps=32
seed=1    avg_loss: 0.000000034385  time_per_window : 0.002330   progress : 0.382
name: models.architecture.block_type=simple
models.architecture.mamba_type=mamba
training.mode=rollout
training.rollout_steps=32
seed=1    avg_loss: 0.000000036025  time_per_window : 0.002418   progress : 0.393
name: models.architecture.block_type=simple
models.architecture.mamba_type=mamba
training.mode=rollout
training.rollout_steps=32
seed=1    avg_loss: 0.000000037012  time_per_window : 0.002395   progress : 0.404
name: models.architecture.block_type=simple
models.architecture.mamba_type=mamba
training.mode=rollout
training.rollout_steps=32
seed=1    avg_loss: 0.000000035070  time_per_window : 0.002285   progress : 0.415
name: models.architecture.block_type=simple
models.architecture.mamba_type=mamba
training.mode=rollout
training.rollout_steps=32
seed=1    avg_loss: 0.000000030687  time_per_window : 0.002403   progress : 0.426
name: models.architecture.block_type=simple
models.architecture.mamba_type=mamba
training.mode=rollout
training.rollout_steps=32
seed=1    avg_loss: 0.000000035213  time_per_window : 0.002414   progress : 0.437
name: models.architecture.block_type=simple
models.architecture.mamba_type=mamba
training.mode=rollout
training.rollout_steps=32
seed=1    avg_loss: 0.000000032883  time_per_window : 0.002377   progress : 0.448
name: models.architecture.block_type=simple
models.architecture.mamba_type=mamba
training.mode=rollout
training.rollout_steps=32
seed=1    avg_loss: 0.000000032801  time_per_window : 0.002321   progress : 0.459
name: models.architecture.block_type=simple
models.architecture.mamba_type=mamba
training.mode=rollout
training.rollout_steps=32
seed=1    avg_loss: 0.000000035216  time_per_window : 0.002190   progress : 0.470
name: models.architecture.block_type=simple
models.architecture.mamba_type=mamba
training.mode=rollout
training.rollout_steps=32
seed=1    avg_loss: 0.000000034964  time_per_window : 0.002346   progress : 0.481
name: models.architecture.block_type=simple
models.architecture.mamba_type=mamba
training.mode=rollout
training.rollout_steps=32
seed=1    avg_loss: 0.000000034297  time_per_window : 0.002309   progress : 0.492
name: models.architecture.block_type=simple
models.architecture.mamba_type=mamba
training.mode=rollout
training.rollout_steps=32
seed=1    avg_loss: 0.000000035146  time_per_window : 0.002399   progress : 0.502
name: models.architecture.block_type=simple
models.architecture.mamba_type=mamba
training.mode=rollout
training.rollout_steps=32
seed=1    avg_loss: 0.000000033665  time_per_window : 0.002324   progress : 0.513
name: models.architecture.block_type=simple
models.architecture.mamba_type=mamba
training.mode=rollout
training.rollout_steps=32
seed=1    avg_loss: 0.000000035830  time_per_window : 0.002321   progress : 0.524
name: models.architecture.block_type=simple
models.architecture.mamba_type=mamba
training.mode=rollout
training.rollout_steps=32
seed=1    avg_loss: 0.000000042867  time_per_window : 0.002398   progress : 0.535
name: models.architecture.block_type=simple
models.architecture.mamba_type=mamba
training.mode=rollout
training.rollout_steps=32
seed=1    avg_loss: 0.000000034552  time_per_window : 0.002306   progress : 0.546
name: models.architecture.block_type=simple
models.architecture.mamba_type=mamba
training.mode=rollout
training.rollout_steps=32
seed=1    avg_loss: 0.000000031347  time_per_window : 0.002079   progress : 0.557
name: models.architecture.block_type=simple
models.architecture.mamba_type=mamba
training.mode=rollout
training.rollout_steps=32
seed=1    avg_loss: 0.000000034778  time_per_window : 0.001936   progress : 0.568
name: models.architecture.block_type=simple
models.architecture.mamba_type=mamba
training.mode=rollout
training.rollout_steps=32
seed=3    avg_loss: 0.000000034276  time_per_window : 0.002327   progress : 0.153
name: models.architecture.block_type=simple
models.architecture.mamba_type=mamba
training.mode=rollout
training.rollout_steps=32
seed=3    avg_loss: 0.000000034372  time_per_window : 0.002032   progress : 0.164
name: models.architecture.block_type=simple
models.architecture.mamba_type=mamba
training.mode=rollout
training.rollout_steps=32
seed=3    avg_loss: 0.000000031949  time_per_window : 0.002340   progress : 0.175
name: models.architecture.block_type=simple
models.architecture.mamba_type=mamba
training.mode=rollout
training.rollout_steps=32
seed=3    avg_loss: 0.000000036260  time_per_window : 0.002275   progress : 0.186
name: models.architecture.block_type=simple
models.architecture.mamba_type=mamba
training.mode=rollout
training.rollout_steps=32
seed=3    avg_loss: 0.000000032316  time_per_window : 0.002393   progress : 0.197
name: models.architecture.block_type=simple
models.architecture.mamba_type=mamba
training.mode=rollout
training.rollout_steps=32
seed=3    avg_loss: 0.000000032212  time_per_window : 0.002335   progress : 0.208
name: models.architecture.block_type=simple
models.architecture.mamba_type=mamba
training.mode=rollout
training.rollout_steps=32
seed=3    avg_loss: 0.000000034031  time_per_window : 0.002280   progress : 0.218
name: models.architecture.block_type=simple
models.architecture.mamba_type=mamba
training.mode=rollout
training.rollout_steps=32
seed=3    avg_loss: 0.000000035844  time_per_window : 0.002365   progress : 0.229
name: models.architecture.block_type=simple
models.architecture.mamba_type=mamba
training.mode=rollout
training.rollout_steps=32
seed=3    avg_loss: 0.000000038169  time_per_window : 0.002311   progress : 0.240
name: models.architecture.block_type=simple
models.architecture.mamba_type=mamba
training.mode=rollout
training.rollout_steps=32
seed=3    avg_loss: 0.000000033620  time_per_window : 0.002270   progress : 0.251
name: models.architecture.block_type=simple
models.architecture.mamba_type=mamba
training.mode=rollout
training.rollout_steps=32
seed=3    avg_loss: 0.000000033136  time_per_window : 0.002435   progress : 0.262
name: models.architecture.block_type=simple
models.architecture.mamba_type=mamba
training.mode=rollout
training.rollout_steps=32
seed=3    avg_loss: 0.000000037201  time_per_window : 0.002359   progress : 0.273
name: models.architecture.block_type=simple
models.architecture.mamba_type=mamba
training.mode=rollout
training.rollout_steps=32
seed=3    avg_loss: 0.000000032788  time_per_window : 0.002332   progress : 0.284
name: models.architecture.block_type=simple
models.architecture.mamba_type=mamba
training.mode=rollout
training.rollout_steps=32
seed=3    avg_loss: 0.000000035626  time_per_window : 0.002369   progress : 0.295
name: models.architecture.block_type=simple
models.architecture.mamba_type=mamba
training.mode=rollout
training.rollout_steps=32
seed=3    avg_loss: 0.000000037598  time_per_window : 0.002283   progress : 0.306
name: models.architecture.block_type=simple
models.architecture.mamba_type=mamba
training.mode=rollout
training.rollout_steps=32
seed=3    avg_loss: 0.000000037307  time_per_window : 0.001986   progress : 0.317
name: models.architecture.block_type=simple
models.architecture.mamba_type=mamba
training.mode=rollout
training.rollout_steps=32
seed=3    avg_loss: 0.000000030575  time_per_window : 0.001698   progress : 0.328
name: models.architecture.block_type=simple
models.architecture.mamba_type=mamba
training.mode=rollout
training.rollout_steps=32
seed=3    avg_loss: 0.000000030516  time_per_window : 0.002317   progress : 0.339
name: models.architecture.block_type=simple
models.architecture.mamba_type=mamba
training.mode=rollout
training.rollout_steps=32
seed=3    avg_loss: 0.000000040288  time_per_window : 0.002376   progress : 0.350
name: models.architecture.block_type=simple
models.architecture.mamba_type=mamba
training.mode=rollout
training.rollout_steps=32
seed=3    avg_loss: 0.000000035075  time_per_window : 0.002375   progress : 0.360
name: models.architecture.block_type=simple
models.architecture.mamba_type=mamba
training.mode=rollout
training.rollout_steps=32
seed=3    avg_loss: 0.000000037200  time_per_window : 0.002399   progress : 0.371
name: models.architecture.block_type=simple
models.architecture.mamba_type=mamba
training.mode=rollout
training.rollout_steps=32
seed=3    avg_loss: 0.000000032686  time_per_window : 0.002419   progress : 0.382
name: models.architecture.block_type=simple
models.architecture.mamba_type=mamba
training.mode=rollout
training.rollout_steps=32
seed=3    avg_loss: 0.000000033986  time_per_window : 0.002040   progress : 0.393
name: models.architecture.block_type=simple
models.architecture.mamba_type=mamba
training.mode=rollout
training.rollout_steps=32
seed=3    avg_loss: 0.000000036779  time_per_window : 0.002312   progress : 0.404
name: models.architecture.block_type=simple
models.architecture.mamba_type=mamba
training.mode=rollout
training.rollout_steps=32
seed=3    avg_loss: 0.000000030544  time_per_window : 0.002368   progress : 0.415
name: models.architecture.block_type=simple
models.architecture.mamba_type=mamba
training.mode=rollout
training.rollout_steps=32
seed=3    avg_loss: 0.000000031792  time_per_window : 0.002253   progress : 0.426
name: models.architecture.block_type=simple
models.architecture.mamba_type=mamba
training.mode=rollout
training.rollout_steps=32
seed=3    avg_loss: 0.000000034497  time_per_window : 0.002373   progress : 0.437
name: models.architecture.block_type=simple
models.architecture.mamba_type=mamba
training.mode=rollout
training.rollout_steps=32
seed=3    avg_loss: 0.000000035662  time_per_window : 0.002386   progress : 0.448
name: models.architecture.block_type=simple
models.architecture.mamba_type=mamba
training.mode=rollout
training.rollout_steps=32
seed=3    avg_loss: 0.000000034642  time_per_window : 0.002308   progress : 0.459
name: models.architecture.block_type=simple
models.architecture.mamba_type=mamba
training.mode=rollout
training.rollout_steps=32
seed=3    avg_loss: 0.000000032417  time_per_window : 0.002367   progress : 0.470
name: models.architecture.block_type=simple
models.architecture.mamba_type=mamba
training.mode=rollout
training.rollout_steps=32
seed=3    avg_loss: 0.000000038672  time_per_window : 0.002240   progress : 0.481
name: models.architecture.block_type=simple
models.architecture.mamba_type=mamba
training.mode=rollout
training.rollout_steps=32
seed=3    avg_loss: 0.000000032423  time_per_window : 0.002335   progress : 0.492
name: models.architecture.block_type=simple
models.architecture.mamba_type=mamba
training.mode=rollout
training.rollout_steps=32
seed=3    avg_loss: 0.000000034343  time_per_window : 0.002282   progress : 0.502
name: models.architecture.block_type=simple
models.architecture.mamba_type=mamba
training.mode=rollout
training.rollout_steps=32
seed=3    avg_loss: 0.000000039008  time_per_window : 0.002357   progress : 0.513
name: models.architecture.block_type=simple
models.architecture.mamba_type=mamba
training.mode=rollout
training.rollout_steps=32
seed=3    avg_loss: 0.000000035695  time_per_window : 0.002329   progress : 0.524
name: models.architecture.block_type=simple
models.architecture.mamba_type=mamba
training.mode=rollout
training.rollout_steps=32
seed=3    avg_loss: 0.000000035187  time_per_window : 0.002407   progress : 0.535
name: models.architecture.block_type=simple
models.architecture.mamba_type=mamba
training.mode=rollout
training.rollout_steps=32
seed=3    avg_loss: 0.000000034536  time_per_window : 0.002401   progress : 0.546
name: models.architecture.block_type=simple
models.architecture.mamba_type=mamba
training.mode=rollout
training.rollout_steps=32
seed=3    avg_loss: 0.000000032553  time_per_window : 0.002369   progress : 0.557
name: models.architecture.block_type=simple
models.architecture.mamba_type=mamba
training.mode=rollout
training.rollout_steps=32
seed=3    avg_loss: 0.000000032536  time_per_window : 0.002413   progress : 0.568
name: models.architecture.block_type=simple
models.architecture.mamba_type=mamba
training.mode=rollout
training.rollout_steps=32
seed=4    avg_loss: 0.000000031694  time_per_window : 0.002297   progress : 0.579
name: models.architecture.block_type=simple
models.architecture.mamba_type=mamba
training.mode=rollout
training.rollout_steps=32
seed=4    avg_loss: 0.000000030555  time_per_window : 0.002340   progress : 0.590
name: models.architecture.block_type=simple
models.architecture.mamba_type=mamba
training.mode=rollout
training.rollout_steps=32
seed=4    avg_loss: 0.000000032104  time_per_window : 0.002298   progress : 0.601
name: models.architecture.block_type=simple
models.architecture.mamba_type=mamba
training.mode=rollout
training.rollout_steps=32
seed=4    avg_loss: 0.000000033476  time_per_window : 0.002433   progress : 0.612
name: models.architecture.block_type=simple
models.architecture.mamba_type=mamba
training.mode=rollout
training.rollout_steps=32
seed=4    avg_loss: 0.000000029272  time_per_window : 0.002331   progress : 0.623
name: models.architecture.block_type=simple
models.architecture.mamba_type=mamba
training.mode=rollout
training.rollout_steps=32
seed=4    avg_loss: 0.000000031512  time_per_window : 0.002035   progress : 0.634
name: models.architecture.block_type=simple
models.architecture.mamba_type=mamba
training.mode=rollout
training.rollout_steps=32
seed=4    avg_loss: 0.000000033347  time_per_window : 0.002147   progress : 0.644
name: models.architecture.block_type=simple
models.architecture.mamba_type=mamba
training.mode=rollout
training.rollout_steps=32
seed=4    avg_loss: 0.000000029991  time_per_window : 0.001991   progress : 0.655
name: models.architecture.block_type=simple
models.architecture.mamba_type=mamba
training.mode=rollout
training.rollout_steps=32
seed=4    avg_loss: 0.000000030277  time_per_window : 0.002501   progress : 0.666
name: models.architecture.block_type=simple
models.architecture.mamba_type=mamba
training.mode=rollout
training.rollout_steps=32
seed=4    avg_loss: 0.000000028898  time_per_window : 0.002239   progress : 0.677
name: models.architecture.block_type=simple
models.architecture.mamba_type=mamba
training.mode=rollout
training.rollout_steps=32
seed=4    avg_loss: 0.000000030326  time_per_window : 0.002274   progress : 0.688
name: models.architecture.block_type=simple
models.architecture.mamba_type=mamba
training.mode=rollout
training.rollout_steps=32
seed=4    avg_loss: 0.000000031586  time_per_window : 0.002291   progress : 0.699
name: models.architecture.block_type=simple
models.architecture.mamba_type=mamba
training.mode=rollout
training.rollout_steps=32
seed=4    avg_loss: 0.000000029695  time_per_window : 0.002345   progress : 0.710
name: models.architecture.block_type=simple
models.architecture.mamba_type=mamba
training.mode=rollout
training.rollout_steps=32
seed=4    avg_loss: 0.000000029449  time_per_window : 0.001737   progress : 0.721
name: models.architecture.block_type=simple
models.architecture.mamba_type=mamba
training.mode=rollout
training.rollout_steps=32
seed=4    avg_loss: 0.000000031493  time_per_window : 0.002335   progress : 0.732
name: models.architecture.block_type=simple
models.architecture.mamba_type=mamba
training.mode=rollout
training.rollout_steps=32
seed=4    avg_loss: 0.000000030667  time_per_window : 0.002362   progress : 0.743
name: models.architecture.block_type=simple
models.architecture.mamba_type=mamba
training.mode=rollout
training.rollout_steps=32
seed=4    avg_loss: 0.000000028727  time_per_window : 0.002323   progress : 0.754
name: models.architecture.block_type=simple
models.architecture.mamba_type=mamba
training.mode=rollout
training.rollout_steps=32
seed=4    avg_loss: 0.000000031931  time_per_window : 0.002350   progress : 0.765
name: models.architecture.block_type=simple
models.architecture.mamba_type=mamba
training.mode=rollout
training.rollout_steps=32
seed=4    avg_loss: 0.000000028479  time_per_window : 0.002367   progress : 0.775
name: models.architecture.block_type=simple
models.architecture.mamba_type=mamba
training.mode=rollout
training.rollout_steps=32
seed=4    avg_loss: 0.000000030747  time_per_window : 0.002383   progress : 0.786
name: models.architecture.block_type=simple
models.architecture.mamba_type=mamba
training.mode=rollout
training.rollout_steps=32
seed=4    avg_loss: 0.000000028349  time_per_window : 0.002351   progress : 0.797
name: models.architecture.block_type=simple
models.architecture.mamba_type=mamba
training.mode=rollout
training.rollout_steps=32
seed=4    avg_loss: 0.000000030203  time_per_window : 0.002073   progress : 0.808
name: models.architecture.block_type=simple
models.architecture.mamba_type=mamba
training.mode=rollout
training.rollout_steps=32
seed=4    avg_loss: 0.000000030054  time_per_window : 0.002336   progress : 0.819
name: models.architecture.block_type=simple
models.architecture.mamba_type=mamba
training.mode=rollout
training.rollout_steps=32
seed=4    avg_loss: 0.000000029527  time_per_window : 0.002290   progress : 0.830
name: models.architecture.block_type=simple
models.architecture.mamba_type=mamba
training.mode=rollout
training.rollout_steps=32
seed=4    avg_loss: 0.000000031656  time_per_window : 0.001999   progress : 0.841
name: models.architecture.block_type=simple
models.architecture.mamba_type=mamba
training.mode=rollout
training.rollout_steps=32
seed=4    avg_loss: 0.000000028714  time_per_window : 0.002284   progress : 0.852
name: models.architecture.block_type=simple
models.architecture.mamba_type=mamba
training.mode=rollout
training.rollout_steps=32
seed=4    avg_loss: 0.000000028046  time_per_window : 0.002385   progress : 0.863
name: models.architecture.block_type=simple
models.architecture.mamba_type=mamba
training.mode=rollout
training.rollout_steps=32
seed=4    avg_loss: 0.000000028842  time_per_window : 0.002201   progress : 0.874
name: models.architecture.block_type=simple
models.architecture.mamba_type=mamba
training.mode=rollout
training.rollout_steps=32
seed=4    avg_loss: 0.000000030746  time_per_window : 0.002330   progress : 0.885
name: models.architecture.block_type=simple
models.architecture.mamba_type=mamba
training.mode=rollout
training.rollout_steps=32
seed=4    avg_loss: 0.000000028849  time_per_window : 0.002342   progress : 0.896
name: models.architecture.block_type=simple
models.architecture.mamba_type=mamba
training.mode=rollout
training.rollout_steps=32
seed=4    avg_loss: 0.000000029062  time_per_window : 0.002013   progress : 0.907
name: models.architecture.block_type=simple
models.architecture.mamba_type=mamba
training.mode=rollout
training.rollout_steps=32
seed=4    avg_loss: 0.000000030399  time_per_window : 0.002353   progress : 0.917
name: models.architecture.block_type=simple
models.architecture.mamba_type=mamba
training.mode=rollout
training.rollout_steps=32
seed=4    avg_loss: 0.000000031570  time_per_window : 0.002348   progress : 0.928
name: models.architecture.block_type=simple
models.architecture.mamba_type=mamba
training.mode=rollout
training.rollout_steps=32
seed=4    avg_loss: 0.000000028448  time_per_window : 0.002386   progress : 0.939
name: models.architecture.block_type=simple
models.architecture.mamba_type=mamba
training.mode=rollout
training.rollout_steps=32
seed=4    avg_loss: 0.000000031205  time_per_window : 0.002368   progress : 0.950
name: models.architecture.block_type=simple
models.architecture.mamba_type=mamba
training.mode=rollout
training.rollout_steps=32
seed=4    avg_loss: 0.000000029804  time_per_window : 0.002232   progress : 0.961
name: models.architecture.block_type=simple
models.architecture.mamba_type=mamba
training.mode=rollout
training.rollout_steps=32
seed=4    avg_loss: 0.000000030074  time_per_window : 0.001908   progress : 0.972
name: models.architecture.block_type=simple
models.architecture.mamba_type=mamba
training.mode=rollout
training.rollout_steps=32
seed=4    avg_loss: 0.000000029437  time_per_window : 0.002277   progress : 0.983
name: models.architecture.block_type=simple
models.architecture.mamba_type=mamba
training.mode=rollout
training.rollout_steps=32
seed=4    avg_loss: 0.000000028043  time_per_window : 0.002361   progress : 0.994
name: models.architecture.block_type=simple
models.architecture.mamba_type=mamba
training.mode=rollout
training.rollout_steps=32
seed=0    avg_loss: 0.000000032515  time_per_window : 0.002317   progress : 0.579
name: models.architecture.block_type=simple
models.architecture.mamba_type=mamba
training.mode=rollout
training.rollout_steps=32
seed=0    avg_loss: 0.000000031955  time_per_window : 0.002321   progress : 0.590
name: models.architecture.block_type=simple
models.architecture.mamba_type=mamba
training.mode=rollout
training.rollout_steps=32
seed=0    avg_loss: 0.000000033215  time_per_window : 0.002129   progress : 0.601
name: models.architecture.block_type=simple
models.architecture.mamba_type=mamba
training.mode=rollout
training.rollout_steps=32
seed=0    avg_loss: 0.000000030659  time_per_window : 0.002379   progress : 0.612
name: models.architecture.block_type=simple
models.architecture.mamba_type=mamba
training.mode=rollout
training.rollout_steps=32
seed=0    avg_loss: 0.000000031282  time_per_window : 0.002301   progress : 0.623
name: models.architecture.block_type=simple
models.architecture.mamba_type=mamba
training.mode=rollout
training.rollout_steps=32
seed=0    avg_loss: 0.000000034943  time_per_window : 0.002215   progress : 0.634
name: models.architecture.block_type=simple
models.architecture.mamba_type=mamba
training.mode=rollout
training.rollout_steps=32
seed=0    avg_loss: 0.000000031711  time_per_window : 0.002256   progress : 0.644
name: models.architecture.block_type=simple
models.architecture.mamba_type=mamba
training.mode=rollout
training.rollout_steps=32
seed=0    avg_loss: 0.000000033988  time_per_window : 0.002355   progress : 0.655
name: models.architecture.block_type=simple
models.architecture.mamba_type=mamba
training.mode=rollout
training.rollout_steps=32
seed=0    avg_loss: 0.000000029205  time_per_window : 0.002262   progress : 0.666
name: models.architecture.block_type=simple
models.architecture.mamba_type=mamba
training.mode=rollout
training.rollout_steps=32
seed=0    avg_loss: 0.000000032732  time_per_window : 0.002375   progress : 0.677
name: models.architecture.block_type=simple
models.architecture.mamba_type=mamba
training.mode=rollout
training.rollout_steps=32
seed=0    avg_loss: 0.000000031812  time_per_window : 0.001828   progress : 0.688
name: models.architecture.block_type=simple
models.architecture.mamba_type=mamba
training.mode=rollout
training.rollout_steps=32
seed=0    avg_loss: 0.000000033272  time_per_window : 0.002303   progress : 0.699
name: models.architecture.block_type=simple
models.architecture.mamba_type=mamba
training.mode=rollout
training.rollout_steps=32
seed=0    avg_loss: 0.000000031610  time_per_window : 0.002349   progress : 0.710
name: models.architecture.block_type=simple
models.architecture.mamba_type=mamba
training.mode=rollout
training.rollout_steps=32
seed=0    avg_loss: 0.000000031971  time_per_window : 0.002415   progress : 0.721
name: models.architecture.block_type=simple
models.architecture.mamba_type=mamba
training.mode=rollout
training.rollout_steps=32
seed=0    avg_loss: 0.000000030120  time_per_window : 0.002092   progress : 0.732
name: models.architecture.block_type=simple
models.architecture.mamba_type=mamba
training.mode=rollout
training.rollout_steps=32
seed=0    avg_loss: 0.000000032578  time_per_window : 0.002392   progress : 0.743
name: models.architecture.block_type=simple
models.architecture.mamba_type=mamba
training.mode=rollout
training.rollout_steps=32
seed=0    avg_loss: 0.000000033553  time_per_window : 0.002310   progress : 0.754
name: models.architecture.block_type=simple
models.architecture.mamba_type=mamba
training.mode=rollout
training.rollout_steps=32
seed=0    avg_loss: 0.000000030037  time_per_window : 0.002352   progress : 0.765
name: models.architecture.block_type=simple
models.architecture.mamba_type=mamba
training.mode=rollout
training.rollout_steps=32
seed=0    avg_loss: 0.000000035111  time_per_window : 0.002345   progress : 0.775
name: models.architecture.block_type=simple
models.architecture.mamba_type=mamba
training.mode=rollout
training.rollout_steps=32
seed=0    avg_loss: 0.000000033144  time_per_window : 0.002094   progress : 0.786
name: models.architecture.block_type=simple
models.architecture.mamba_type=mamba
training.mode=rollout
training.rollout_steps=32
seed=0    avg_loss: 0.000000030984  time_per_window : 0.002102   progress : 0.797
name: models.architecture.block_type=simple
models.architecture.mamba_type=mamba
training.mode=rollout
training.rollout_steps=32
seed=0    avg_loss: 0.000000032125  time_per_window : 0.002266   progress : 0.808
name: models.architecture.block_type=simple
models.architecture.mamba_type=mamba
training.mode=rollout
training.rollout_steps=32
seed=0    avg_loss: 0.000000032460  time_per_window : 0.002051   progress : 0.819
name: models.architecture.block_type=simple
models.architecture.mamba_type=mamba
training.mode=rollout
training.rollout_steps=32
seed=0    avg_loss: 0.000000030918  time_per_window : 0.002357   progress : 0.830
name: models.architecture.block_type=simple
models.architecture.mamba_type=mamba
training.mode=rollout
training.rollout_steps=32
seed=0    avg_loss: 0.000000034458  time_per_window : 0.002389   progress : 0.841
name: models.architecture.block_type=simple
models.architecture.mamba_type=mamba
training.mode=rollout
training.rollout_steps=32
seed=0    avg_loss: 0.000000030144  time_per_window : 0.002424   progress : 0.852
name: models.architecture.block_type=simple
models.architecture.mamba_type=mamba
training.mode=rollout
training.rollout_steps=32
seed=0    avg_loss: 0.000000032051  time_per_window : 0.002366   progress : 0.863
name: models.architecture.block_type=simple
models.architecture.mamba_type=mamba
training.mode=rollout
training.rollout_steps=32
seed=0    avg_loss: 0.000000031725  time_per_window : 0.002350   progress : 0.874
name: models.architecture.block_type=simple
models.architecture.mamba_type=mamba
training.mode=rollout
training.rollout_steps=32
seed=0    avg_loss: 0.000000035301  time_per_window : 0.002394   progress : 0.885
name: models.architecture.block_type=simple
models.architecture.mamba_type=mamba
training.mode=rollout
training.rollout_steps=32
seed=0    avg_loss: 0.000000033067  time_per_window : 0.002107   progress : 0.896
name: models.architecture.block_type=simple
models.architecture.mamba_type=mamba
training.mode=rollout
training.rollout_steps=32
seed=0    avg_loss: 0.000000030425  time_per_window : 0.002348   progress : 0.907
name: models.architecture.block_type=simple
models.architecture.mamba_type=mamba
training.mode=rollout
training.rollout_steps=32
seed=0    avg_loss: 0.000000029981  time_per_window : 0.002148   progress : 0.917
name: models.architecture.block_type=simple
models.architecture.mamba_type=mamba
training.mode=rollout
training.rollout_steps=32
seed=0    avg_loss: 0.000000030708  time_per_window : 0.002380   progress : 0.928
name: models.architecture.block_type=simple
models.architecture.mamba_type=mamba
training.mode=rollout
training.rollout_steps=32
seed=0    avg_loss: 0.000000028776  time_per_window : 0.002319   progress : 0.939
name: models.architecture.block_type=simple
models.architecture.mamba_type=mamba
training.mode=rollout
training.rollout_steps=32
seed=0    avg_loss: 0.000000032228  time_per_window : 0.002091   progress : 0.950
name: models.architecture.block_type=simple
models.architecture.mamba_type=mamba
training.mode=rollout
training.rollout_steps=32
seed=0    avg_loss: 0.000000031243  time_per_window : 0.002455   progress : 0.961
name: models.architecture.block_type=simple
models.architecture.mamba_type=mamba
training.mode=rollout
training.rollout_steps=32
seed=0    avg_loss: 0.000000033908  time_per_window : 0.001749   progress : 0.972
name: models.architecture.block_type=simple
models.architecture.mamba_type=mamba
training.mode=rollout
training.rollout_steps=32
seed=0    avg_loss: 0.000000029669  time_per_window : 0.002407   progress : 0.983
name: models.architecture.block_type=simple
models.architecture.mamba_type=mamba
training.mode=rollout
training.rollout_steps=32
seed=0    avg_loss: 0.000000029503  time_per_window : 0.002366   progress : 0.994
name: models.architecture.block_type=simple
models.architecture.mamba_type=mamba
training.mode=rollout
training.rollout_steps=32
seed=2    avg_loss: 0.000000032990  time_per_window : 0.002319   progress : 0.579
name: models.architecture.block_type=simple
models.architecture.mamba_type=mamba
training.mode=rollout
training.rollout_steps=32
seed=2    avg_loss: 0.000000034922  time_per_window : 0.002399   progress : 0.590
name: models.architecture.block_type=simple
models.architecture.mamba_type=mamba
training.mode=rollout
training.rollout_steps=32
seed=2    avg_loss: 0.000000031678  time_per_window : 0.002511   progress : 0.601
name: models.architecture.block_type=simple
models.architecture.mamba_type=mamba
training.mode=rollout
training.rollout_steps=32
seed=2    avg_loss: 0.000000031346  time_per_window : 0.002294   progress : 0.612
name: models.architecture.block_type=simple
models.architecture.mamba_type=mamba
training.mode=rollout
training.rollout_steps=32
seed=2    avg_loss: 0.000000033345  time_per_window : 0.002370   progress : 0.623
name: models.architecture.block_type=simple
models.architecture.mamba_type=mamba
training.mode=rollout
training.rollout_steps=32
seed=2    avg_loss: 0.000000032591  time_per_window : 0.002281   progress : 0.634
name: models.architecture.block_type=simple
models.architecture.mamba_type=mamba
training.mode=rollout
training.rollout_steps=32
seed=2    avg_loss: 0.000000033923  time_per_window : 0.002292   progress : 0.644
name: models.architecture.block_type=simple
models.architecture.mamba_type=mamba
training.mode=rollout
training.rollout_steps=32
seed=2    avg_loss: 0.000000033128  time_per_window : 0.002565   progress : 0.655
name: models.architecture.block_type=simple
models.architecture.mamba_type=mamba
training.mode=rollout
training.rollout_steps=32
seed=2    avg_loss: 0.000000040077  time_per_window : 0.002378   progress : 0.666
name: models.architecture.block_type=simple
models.architecture.mamba_type=mamba
training.mode=rollout
training.rollout_steps=32
seed=2    avg_loss: 0.000000031717  time_per_window : 0.002474   progress : 0.677
name: models.architecture.block_type=simple
models.architecture.mamba_type=mamba
training.mode=rollout
training.rollout_steps=32
seed=2    avg_loss: 0.000000028540  time_per_window : 0.001851   progress : 0.688
name: models.architecture.block_type=simple
models.architecture.mamba_type=mamba
training.mode=rollout
training.rollout_steps=32
seed=2    avg_loss: 0.000000030378  time_per_window : 0.002303   progress : 0.699
name: models.architecture.block_type=simple
models.architecture.mamba_type=mamba
training.mode=rollout
training.rollout_steps=32
seed=2    avg_loss: 0.000000029292  time_per_window : 0.002355   progress : 0.710
name: models.architecture.block_type=simple
models.architecture.mamba_type=mamba
training.mode=rollout
training.rollout_steps=32
seed=2    avg_loss: 0.000000029898  time_per_window : 0.002334   progress : 0.721
name: models.architecture.block_type=simple
models.architecture.mamba_type=mamba
training.mode=rollout
training.rollout_steps=32
seed=2    avg_loss: 0.000000031921  time_per_window : 0.002108   progress : 0.732
name: models.architecture.block_type=simple
models.architecture.mamba_type=mamba
training.mode=rollout
training.rollout_steps=32
seed=2    avg_loss: 0.000000029246  time_per_window : 0.001783   progress : 0.743
name: models.architecture.block_type=simple
models.architecture.mamba_type=mamba
training.mode=rollout
training.rollout_steps=32
seed=2    avg_loss: 0.000000034326  time_per_window : 0.006987   progress : 0.754
name: models.architecture.block_type=simple
models.architecture.mamba_type=mamba
training.mode=rollout
training.rollout_steps=32
seed=2    avg_loss: 0.000000032244  time_per_window : 0.002569   progress : 0.765
name: models.architecture.block_type=simple
models.architecture.mamba_type=mamba
training.mode=rollout
training.rollout_steps=32
seed=2    avg_loss: 0.000000032919  time_per_window : 0.002376   progress : 0.775
name: models.architecture.block_type=simple
models.architecture.mamba_type=mamba
training.mode=rollout
training.rollout_steps=32
seed=2    avg_loss: 0.000000030135  time_per_window : 0.002304   progress : 0.786
name: models.architecture.block_type=simple
models.architecture.mamba_type=mamba
training.mode=rollout
training.rollout_steps=32
seed=2    avg_loss: 0.000000030618  time_per_window : 0.001872   progress : 0.797
name: models.architecture.block_type=simple
models.architecture.mamba_type=mamba
training.mode=rollout
training.rollout_steps=32
seed=2    avg_loss: 0.000000029463  time_per_window : 0.001860   progress : 0.808
name: models.architecture.block_type=simple
models.architecture.mamba_type=mamba
training.mode=rollout
training.rollout_steps=32
seed=2    avg_loss: 0.000000030035  time_per_window : 0.002391   progress : 0.819
name: models.architecture.block_type=simple
models.architecture.mamba_type=mamba
training.mode=rollout
training.rollout_steps=32
seed=2    avg_loss: 0.000000029735  time_per_window : 0.002332   progress : 0.830
name: models.architecture.block_type=simple
models.architecture.mamba_type=mamba
training.mode=rollout
training.rollout_steps=32
seed=2    avg_loss: 0.000000030836  time_per_window : 0.002367   progress : 0.841
name: models.architecture.block_type=simple
models.architecture.mamba_type=mamba
training.mode=rollout
training.rollout_steps=32
seed=2    avg_loss: 0.000000031518  time_per_window : 0.002394   progress : 0.852
name: models.architecture.block_type=simple
models.architecture.mamba_type=mamba
training.mode=rollout
training.rollout_steps=32
seed=2    avg_loss: 0.000000030164  time_per_window : 0.002419   progress : 0.863
name: models.architecture.block_type=simple
models.architecture.mamba_type=mamba
training.mode=rollout
training.rollout_steps=32
seed=2    avg_loss: 0.000000029518  time_per_window : 0.002300   progress : 0.874
name: models.architecture.block_type=simple
models.architecture.mamba_type=mamba
training.mode=rollout
training.rollout_steps=32
seed=2    avg_loss: 0.000000032265  time_per_window : 0.002126   progress : 0.885
name: models.architecture.block_type=simple
models.architecture.mamba_type=mamba
training.mode=rollout
training.rollout_steps=32
seed=2    avg_loss: 0.000000029899  time_per_window : 0.002362   progress : 0.896
name: models.architecture.block_type=simple
models.architecture.mamba_type=mamba
training.mode=rollout
training.rollout_steps=32
seed=2    avg_loss: 0.000000027655  time_per_window : 0.002161   progress : 0.907
name: models.architecture.block_type=simple
models.architecture.mamba_type=mamba
training.mode=rollout
training.rollout_steps=32
seed=2    avg_loss: 0.000000032970  time_per_window : 0.002395   progress : 0.917
name: models.architecture.block_type=simple
models.architecture.mamba_type=mamba
training.mode=rollout
training.rollout_steps=32
seed=2    avg_loss: 0.000000032455  time_per_window : 0.002328   progress : 0.928
name: models.architecture.block_type=simple
models.architecture.mamba_type=mamba
training.mode=rollout
training.rollout_steps=32
seed=2    avg_loss: 0.000000028418  time_per_window : 0.002338   progress : 0.939
name: models.architecture.block_type=simple
models.architecture.mamba_type=mamba
training.mode=rollout
training.rollout_steps=32
seed=2    avg_loss: 0.000000032293  time_per_window : 0.002409   progress : 0.950
name: models.architecture.block_type=simple
models.architecture.mamba_type=mamba
training.mode=rollout
training.rollout_steps=32
seed=2    avg_loss: 0.000000029414  time_per_window : 0.002404   progress : 0.961
name: models.architecture.block_type=simple
models.architecture.mamba_type=mamba
training.mode=rollout
training.rollout_steps=32
seed=2    avg_loss: 0.000000030309  time_per_window : 0.002137   progress : 0.972
name: models.architecture.block_type=simple
models.architecture.mamba_type=mamba
training.mode=rollout
training.rollout_steps=32
seed=2    avg_loss: 0.000000032262  time_per_window : 0.002172   progress : 0.983
name: models.architecture.block_type=simple
models.architecture.mamba_type=mamba
training.mode=rollout
training.rollout_steps=32
seed=2    avg_loss: 0.000000031620  time_per_window : 0.002217   progress : 0.994
name: models.architecture.block_type=simple
models.architecture.mamba_type=mamba
training.mode=rollout
training.rollout_steps=32
seed=1    avg_loss: 0.000000033060  time_per_window : 0.002338   progress : 0.579
name: models.architecture.block_type=simple
models.architecture.mamba_type=mamba
training.mode=rollout
training.rollout_steps=32
seed=1    avg_loss: 0.000000032364  time_per_window : 0.002176   progress : 0.590
name: models.architecture.block_type=simple
models.architecture.mamba_type=mamba
training.mode=rollout
training.rollout_steps=32
seed=1    avg_loss: 0.000000034515  time_per_window : 0.002411   progress : 0.601
name: models.architecture.block_type=simple
models.architecture.mamba_type=mamba
training.mode=rollout
training.rollout_steps=32
seed=1    avg_loss: 0.000000029657  time_per_window : 0.002356   progress : 0.612
name: models.architecture.block_type=simple
models.architecture.mamba_type=mamba
training.mode=rollout
training.rollout_steps=32
seed=1    avg_loss: 0.000000031252  time_per_window : 0.002373   progress : 0.623
name: models.architecture.block_type=simple
models.architecture.mamba_type=mamba
training.mode=rollout
training.rollout_steps=32
seed=1    avg_loss: 0.000000032491  time_per_window : 0.002407   progress : 0.634
name: models.architecture.block_type=simple
models.architecture.mamba_type=mamba
training.mode=rollout
training.rollout_steps=32
seed=1    avg_loss: 0.000000057832  time_per_window : 0.002319   progress : 0.644
name: models.architecture.block_type=simple
models.architecture.mamba_type=mamba
training.mode=rollout
training.rollout_steps=32
seed=1    avg_loss: 0.000000029705  time_per_window : 0.002340   progress : 0.655
name: models.architecture.block_type=simple
models.architecture.mamba_type=mamba
training.mode=rollout
training.rollout_steps=32
seed=1    avg_loss: 0.000000028293  time_per_window : 0.002347   progress : 0.666
name: models.architecture.block_type=simple
models.architecture.mamba_type=mamba
training.mode=rollout
training.rollout_steps=32
seed=1    avg_loss: 0.000000029758  time_per_window : 0.002372   progress : 0.677
name: models.architecture.block_type=simple
models.architecture.mamba_type=mamba
training.mode=rollout
training.rollout_steps=32
seed=1    avg_loss: 0.000000031196  time_per_window : 0.002381   progress : 0.688
name: models.architecture.block_type=simple
models.architecture.mamba_type=mamba
training.mode=rollout
training.rollout_steps=32
seed=1    avg_loss: 0.000000029939  time_per_window : 0.002374   progress : 0.699
name: models.architecture.block_type=simple
models.architecture.mamba_type=mamba
training.mode=rollout
training.rollout_steps=32
seed=1    avg_loss: 0.000000034372  time_per_window : 0.002312   progress : 0.710
name: models.architecture.block_type=simple
models.architecture.mamba_type=mamba
training.mode=rollout
training.rollout_steps=32
seed=1    avg_loss: 0.000000029508  time_per_window : 0.002010   progress : 0.721
name: models.architecture.block_type=simple
models.architecture.mamba_type=mamba
training.mode=rollout
training.rollout_steps=32
seed=1    avg_loss: 0.000000034123  time_per_window : 0.002478   progress : 0.732
name: models.architecture.block_type=simple
models.architecture.mamba_type=mamba
training.mode=rollout
training.rollout_steps=32
seed=1    avg_loss: 0.000000029965  time_per_window : 0.002337   progress : 0.743
name: models.architecture.block_type=simple
models.architecture.mamba_type=mamba
training.mode=rollout
training.rollout_steps=32
seed=1    avg_loss: 0.000000030093  time_per_window : 0.001984   progress : 0.754
name: models.architecture.block_type=simple
models.architecture.mamba_type=mamba
training.mode=rollout
training.rollout_steps=32
seed=1    avg_loss: 0.000000032107  time_per_window : 0.002354   progress : 0.765
name: models.architecture.block_type=simple
models.architecture.mamba_type=mamba
training.mode=rollout
training.rollout_steps=32
seed=1    avg_loss: 0.000000032230  time_per_window : 0.002316   progress : 0.775
name: models.architecture.block_type=simple
models.architecture.mamba_type=mamba
training.mode=rollout
training.rollout_steps=32
seed=1    avg_loss: 0.000000034044  time_per_window : 0.001811   progress : 0.786
name: models.architecture.block_type=simple
models.architecture.mamba_type=mamba
training.mode=rollout
training.rollout_steps=32
seed=1    avg_loss: 0.000000032339  time_per_window : 0.002351   progress : 0.797
name: models.architecture.block_type=simple
models.architecture.mamba_type=mamba
training.mode=rollout
training.rollout_steps=32
seed=1    avg_loss: 0.000000030184  time_per_window : 0.002375   progress : 0.808
name: models.architecture.block_type=simple
models.architecture.mamba_type=mamba
training.mode=rollout
training.rollout_steps=32
seed=1    avg_loss: 0.000000030450  time_per_window : 0.002376   progress : 0.819
name: models.architecture.block_type=simple
models.architecture.mamba_type=mamba
training.mode=rollout
training.rollout_steps=32
seed=1    avg_loss: 0.000000034390  time_per_window : 0.002327   progress : 0.830
name: models.architecture.block_type=simple
models.architecture.mamba_type=mamba
training.mode=rollout
training.rollout_steps=32
seed=1    avg_loss: 0.000000039815  time_per_window : 0.002374   progress : 0.841
name: models.architecture.block_type=simple
models.architecture.mamba_type=mamba
training.mode=rollout
training.rollout_steps=32
seed=1    avg_loss: 0.000000050920  time_per_window : 0.001910   progress : 0.852
name: models.architecture.block_type=simple
models.architecture.mamba_type=mamba
training.mode=rollout
training.rollout_steps=32
seed=1    avg_loss: 0.000000027496  time_per_window : 0.002525   progress : 0.863
name: models.architecture.block_type=simple
models.architecture.mamba_type=mamba
training.mode=rollout
training.rollout_steps=32
seed=1    avg_loss: 0.000000028812  time_per_window : 0.002362   progress : 0.874
name: models.architecture.block_type=simple
models.architecture.mamba_type=mamba
training.mode=rollout
training.rollout_steps=32
seed=1    avg_loss: 0.000000030478  time_per_window : 0.002256   progress : 0.885
name: models.architecture.block_type=simple
models.architecture.mamba_type=mamba
training.mode=rollout
training.rollout_steps=32
seed=1    avg_loss: 0.000000029729  time_per_window : 0.002455   progress : 0.896
name: models.architecture.block_type=simple
models.architecture.mamba_type=mamba
training.mode=rollout
training.rollout_steps=32
seed=1    avg_loss: 0.000000029206  time_per_window : 0.002180   progress : 0.907
name: models.architecture.block_type=simple
models.architecture.mamba_type=mamba
training.mode=rollout
training.rollout_steps=32
seed=1    avg_loss: 0.000000030848  time_per_window : 0.002333   progress : 0.917
name: models.architecture.block_type=simple
models.architecture.mamba_type=mamba
training.mode=rollout
training.rollout_steps=32
seed=1    avg_loss: 0.000000032005  time_per_window : 0.002335   progress : 0.928
name: models.architecture.block_type=simple
models.architecture.mamba_type=mamba
training.mode=rollout
training.rollout_steps=32
seed=1    avg_loss: 0.000000032248  time_per_window : 0.002379   progress : 0.939
name: models.architecture.block_type=simple
models.architecture.mamba_type=mamba
training.mode=rollout
training.rollout_steps=32
seed=1    avg_loss: 0.000000030753  time_per_window : 0.002366   progress : 0.950
name: models.architecture.block_type=simple
models.architecture.mamba_type=mamba
training.mode=rollout
training.rollout_steps=32
seed=1    avg_loss: 0.000000028984  time_per_window : 0.002153   progress : 0.961
name: models.architecture.block_type=simple
models.architecture.mamba_type=mamba
training.mode=rollout
training.rollout_steps=32
seed=1    avg_loss: 0.000000030005  time_per_window : 0.002271   progress : 0.972
name: models.architecture.block_type=simple
models.architecture.mamba_type=mamba
training.mode=rollout
training.rollout_steps=32
seed=1    avg_loss: 0.000000028444  time_per_window : 0.002285   progress : 0.983
name: models.architecture.block_type=simple
models.architecture.mamba_type=mamba
training.mode=rollout
training.rollout_steps=32
seed=1    avg_loss: 0.000000032074  time_per_window : 0.002497   progress : 0.994
name: models.architecture.block_type=simple
models.architecture.mamba_type=mamba
training.mode=rollout
training.rollout_steps=32
seed=3    avg_loss: 0.000000035268  time_per_window : 0.002406   progress : 0.579
name: models.architecture.block_type=simple
models.architecture.mamba_type=mamba
training.mode=rollout
training.rollout_steps=32
seed=3    avg_loss: 0.000000034288  time_per_window : 0.002403   progress : 0.590
name: models.architecture.block_type=simple
models.architecture.mamba_type=mamba
training.mode=rollout
training.rollout_steps=32
seed=3    avg_loss: 0.000000032635  time_per_window : 0.002349   progress : 0.601
name: models.architecture.block_type=simple
models.architecture.mamba_type=mamba
training.mode=rollout
training.rollout_steps=32
seed=3    avg_loss: 0.000000036114  time_per_window : 0.002419   progress : 0.612
name: models.architecture.block_type=simple
models.architecture.mamba_type=mamba
training.mode=rollout
training.rollout_steps=32
seed=3    avg_loss: 0.000000032760  time_per_window : 0.001921   progress : 0.623
name: models.architecture.block_type=simple
models.architecture.mamba_type=mamba
training.mode=rollout
training.rollout_steps=32
seed=3    avg_loss: 0.000000036774  time_per_window : 0.002399   progress : 0.634
name: models.architecture.block_type=simple
models.architecture.mamba_type=mamba
training.mode=rollout
training.rollout_steps=32
seed=3    avg_loss: 0.000000032823  time_per_window : 0.002315   progress : 0.644
name: models.architecture.block_type=simple
models.architecture.mamba_type=mamba
training.mode=rollout
training.rollout_steps=32
seed=3    avg_loss: 0.000000035295  time_per_window : 0.002374   progress : 0.655
name: models.architecture.block_type=simple
models.architecture.mamba_type=mamba
training.mode=rollout
training.rollout_steps=32
seed=3    avg_loss: 0.000000032899  time_per_window : 0.002352   progress : 0.666
name: models.architecture.block_type=simple
models.architecture.mamba_type=mamba
training.mode=rollout
training.rollout_steps=32
seed=3    avg_loss: 0.000000038483  time_per_window : 0.002019   progress : 0.677
name: models.architecture.block_type=simple
models.architecture.mamba_type=mamba
training.mode=rollout
training.rollout_steps=32
seed=3    avg_loss: 0.000000032455  time_per_window : 0.002392   progress : 0.688
name: models.architecture.block_type=simple
models.architecture.mamba_type=mamba
training.mode=rollout
training.rollout_steps=32
seed=3    avg_loss: 0.000000035922  time_per_window : 0.002376   progress : 0.699
name: models.architecture.block_type=simple
models.architecture.mamba_type=mamba
training.mode=rollout
training.rollout_steps=32
seed=3    avg_loss: 0.000000033228  time_per_window : 0.002316   progress : 0.710
name: models.architecture.block_type=simple
models.architecture.mamba_type=mamba
training.mode=rollout
training.rollout_steps=32
seed=3    avg_loss: 0.000000034291  time_per_window : 0.002391   progress : 0.721
name: models.architecture.block_type=simple
models.architecture.mamba_type=mamba
training.mode=rollout
training.rollout_steps=32
seed=3    avg_loss: 0.000000033832  time_per_window : 0.002404   progress : 0.732
name: models.architecture.block_type=simple
models.architecture.mamba_type=mamba
training.mode=rollout
training.rollout_steps=32
seed=3    avg_loss: 0.000000031759  time_per_window : 0.002348   progress : 0.743
name: models.architecture.block_type=simple
models.architecture.mamba_type=mamba
training.mode=rollout
training.rollout_steps=32
seed=3    avg_loss: 0.000000030074  time_per_window : 0.002348   progress : 0.754
name: models.architecture.block_type=simple
models.architecture.mamba_type=mamba
training.mode=rollout
training.rollout_steps=32
seed=3    avg_loss: 0.000000030714  time_per_window : 0.002341   progress : 0.765
name: models.architecture.block_type=simple
models.architecture.mamba_type=mamba
training.mode=rollout
training.rollout_steps=32
seed=3    avg_loss: 0.000000034358  time_per_window : 0.002365   progress : 0.775
name: models.architecture.block_type=simple
models.architecture.mamba_type=mamba
training.mode=rollout
training.rollout_steps=32
seed=3    avg_loss: 0.000000032021  time_per_window : 0.002519   progress : 0.786
name: models.architecture.block_type=simple
models.architecture.mamba_type=mamba
training.mode=rollout
training.rollout_steps=32
seed=3    avg_loss: 0.000000032192  time_per_window : 0.002318   progress : 0.797
name: models.architecture.block_type=simple
models.architecture.mamba_type=mamba
training.mode=rollout
training.rollout_steps=32
seed=3    avg_loss: 0.000000032430  time_per_window : 0.002397   progress : 0.808
name: models.architecture.block_type=simple
models.architecture.mamba_type=mamba
training.mode=rollout
training.rollout_steps=32
seed=3    avg_loss: 0.000000033179  time_per_window : 0.002370   progress : 0.819
name: models.architecture.block_type=simple
models.architecture.mamba_type=mamba
training.mode=rollout
training.rollout_steps=32
seed=3    avg_loss: 0.000000031621  time_per_window : 0.002210   progress : 0.830
name: models.architecture.block_type=simple
models.architecture.mamba_type=mamba
training.mode=rollout
training.rollout_steps=32
seed=3    avg_loss: 0.000000034756  time_per_window : 0.002347   progress : 0.841
name: models.architecture.block_type=simple
models.architecture.mamba_type=mamba
training.mode=rollout
training.rollout_steps=32
seed=3    avg_loss: 0.000000036632  time_per_window : 0.002386   progress : 0.852
name: models.architecture.block_type=simple
models.architecture.mamba_type=mamba
training.mode=rollout
training.rollout_steps=32
seed=3    avg_loss: 0.000000033040  time_per_window : 0.002339   progress : 0.863
name: models.architecture.block_type=simple
models.architecture.mamba_type=mamba
training.mode=rollout
training.rollout_steps=32
seed=3    avg_loss: 0.000000030513  time_per_window : 0.002345   progress : 0.874
name: models.architecture.block_type=simple
models.architecture.mamba_type=mamba
training.mode=rollout
training.rollout_steps=32
seed=3    avg_loss: 0.000000030895  time_per_window : 0.002202   progress : 0.885
name: models.architecture.block_type=simple
models.architecture.mamba_type=mamba
training.mode=rollout
training.rollout_steps=32
seed=3    avg_loss: 0.000000032754  time_per_window : 0.002398   progress : 0.896
name: models.architecture.block_type=simple
models.architecture.mamba_type=mamba
training.mode=rollout
training.rollout_steps=32
seed=3    avg_loss: 0.000000032018  time_per_window : 0.002333   progress : 0.907
name: models.architecture.block_type=simple
models.architecture.mamba_type=mamba
training.mode=rollout
training.rollout_steps=32
seed=3    avg_loss: 0.000000031212  time_per_window : 0.002210   progress : 0.917
name: models.architecture.block_type=simple
models.architecture.mamba_type=mamba
training.mode=rollout
training.rollout_steps=32
seed=3    avg_loss: 0.000000031040  time_per_window : 0.002216   progress : 0.928
name: models.architecture.block_type=simple
models.architecture.mamba_type=mamba
training.mode=rollout
training.rollout_steps=32
seed=3    avg_loss: 0.000000030214  time_per_window : 0.002287   progress : 0.939
name: models.architecture.block_type=simple
models.architecture.mamba_type=mamba
training.mode=rollout
training.rollout_steps=32
seed=3    avg_loss: 0.000000033105  time_per_window : 0.002383   progress : 0.950
name: models.architecture.block_type=simple
models.architecture.mamba_type=mamba
training.mode=rollout
training.rollout_steps=32
seed=3    avg_loss: 0.000000033631  time_per_window : 0.001909   progress : 0.961
name: models.architecture.block_type=simple
models.architecture.mamba_type=mamba
training.mode=rollout
training.rollout_steps=32
seed=3    avg_loss: 0.000000032545  time_per_window : 0.002478   progress : 0.972
name: models.architecture.block_type=simple
models.architecture.mamba_type=mamba
training.mode=rollout
training.rollout_steps=32
seed=3    avg_loss: 0.000000033622  time_per_window : 0.002428   progress : 0.983
name: models.architecture.block_type=simple
models.architecture.mamba_type=mamba
training.mode=rollout
training.rollout_steps=32
seed=3    avg_loss: 0.000000038763  time_per_window : 0.002287   progress : 0.994
name: models.architecture.block_type=simple
models.architecture.mamba_type=mamba
training.mode=rollout
training.rollout_steps=32
seed=4    avg_loss: 0.000027809507  time_per_window : 0.001601   progress : 0.011
name: models.architecture.block_type=simple
models.architecture.mamba_type=mamba
training.mode=rollout
training.rollout_steps=32
seed=4    avg_loss: 0.000007074155  time_per_window : 0.002340   progress : 0.022
name: models.architecture.block_type=simple
models.architecture.mamba_type=mamba
training.mode=rollout
training.rollout_steps=32
seed=4    avg_loss: 0.000003452303  time_per_window : 0.002273   progress : 0.033
name: models.architecture.block_type=simple
models.architecture.mamba_type=mamba
training.mode=rollout
training.rollout_steps=32
seed=4    avg_loss: 0.000001928129  time_per_window : 0.001755   progress : 0.044
name: models.architecture.block_type=simple
models.architecture.mamba_type=mamba
training.mode=rollout
training.rollout_steps=32
seed=4    avg_loss: 0.000000742311  time_per_window : 0.002300   progress : 0.055
name: models.architecture.block_type=simple
models.architecture.mamba_type=mamba
training.mode=rollout
training.rollout_steps=32
seed=4    avg_loss: 0.000000459235  time_per_window : 0.002257   progress : 0.066
name: models.architecture.block_type=simple
models.architecture.mamba_type=mamba
training.mode=rollout
training.rollout_steps=32
seed=4    avg_loss: 0.000000375404  time_per_window : 0.002168   progress : 0.076
name: models.architecture.block_type=simple
models.architecture.mamba_type=mamba
training.mode=rollout
training.rollout_steps=32
seed=4    avg_loss: 0.000000360605  time_per_window : 0.002320   progress : 0.087
name: models.architecture.block_type=simple
models.architecture.mamba_type=mamba
training.mode=rollout
training.rollout_steps=32
seed=4    avg_loss: 0.000000384843  time_per_window : 0.001768   progress : 0.098
name: models.architecture.block_type=simple
models.architecture.mamba_type=mamba
training.mode=rollout
training.rollout_steps=32
seed=4    avg_loss: 0.000000362308  time_per_window : 0.002345   progress : 0.109
name: models.architecture.block_type=simple
models.architecture.mamba_type=mamba
training.mode=rollout
training.rollout_steps=32
seed=4    avg_loss: 0.000000302645  time_per_window : 0.001813   progress : 0.120
name: models.architecture.block_type=simple
models.architecture.mamba_type=mamba
training.mode=rollout
training.rollout_steps=32
seed=4    avg_loss: 0.000000277405  time_per_window : 0.002187   progress : 0.131
name: models.architecture.block_type=simple
models.architecture.mamba_type=mamba
training.mode=rollout
training.rollout_steps=32
seed=4    avg_loss: 0.000000283689  time_per_window : 0.002323   progress : 0.142
name: models.architecture.block_type=simple
models.architecture.mamba_type=mamba
training.mode=rollout
training.rollout_steps=32
seed=4    avg_loss: 0.000000266530  time_per_window : 0.002220   progress : 0.153
name: models.architecture.block_type=simple
models.architecture.mamba_type=mamba
training.mode=rollout
training.rollout_steps=32
seed=4    avg_loss: 0.000000303108  time_per_window : 0.002342   progress : 0.164
name: models.architecture.block_type=simple
models.architecture.mamba_type=mamba
training.mode=rollout
training.rollout_steps=32
seed=4    avg_loss: 0.000000292281  time_per_window : 0.002030   progress : 0.175
name: models.architecture.block_type=simple
models.architecture.mamba_type=mamba
training.mode=rollout
training.rollout_steps=32
seed=4    avg_loss: 0.000000322288  time_per_window : 0.002320   progress : 0.186
name: models.architecture.block_type=simple
models.architecture.mamba_type=mamba
training.mode=rollout
training.rollout_steps=32
seed=4    avg_loss: 0.000000249616  time_per_window : 0.001971   progress : 0.197
name: models.architecture.block_type=simple
models.architecture.mamba_type=mamba
training.mode=rollout
training.rollout_steps=32
seed=4    avg_loss: 0.000000349909  time_per_window : 0.002430   progress : 0.208
name: models.architecture.block_type=simple
models.architecture.mamba_type=mamba
training.mode=rollout
training.rollout_steps=32
seed=4    avg_loss: 0.000000362753  time_per_window : 0.002366   progress : 0.218
name: models.architecture.block_type=simple
models.architecture.mamba_type=mamba
training.mode=rollout
training.rollout_steps=32
seed=4    avg_loss: 0.000000290418  time_per_window : 0.002295   progress : 0.229
name: models.architecture.block_type=simple
models.architecture.mamba_type=mamba
training.mode=rollout
training.rollout_steps=32
seed=4    avg_loss: 0.000000301873  time_per_window : 0.001949   progress : 0.240
name: models.architecture.block_type=simple
models.architecture.mamba_type=mamba
training.mode=rollout
training.rollout_steps=32
seed=4    avg_loss: 0.000000347696  time_per_window : 0.002318   progress : 0.251
name: models.architecture.block_type=simple
models.architecture.mamba_type=mamba
training.mode=rollout
training.rollout_steps=32
seed=4    avg_loss: 0.000000328914  time_per_window : 0.002379   progress : 0.262
name: models.architecture.block_type=simple
models.architecture.mamba_type=mamba
training.mode=rollout
training.rollout_steps=32
seed=4    avg_loss: 0.000000357802  time_per_window : 0.002192   progress : 0.273
name: models.architecture.block_type=simple
models.architecture.mamba_type=mamba
training.mode=rollout
training.rollout_steps=32
seed=4    avg_loss: 0.000000357144  time_per_window : 0.002350   progress : 0.284
name: models.architecture.block_type=simple
models.architecture.mamba_type=mamba
training.mode=rollout
training.rollout_steps=32
seed=4    avg_loss: 0.000000295006  time_per_window : 0.002400   progress : 0.295
name: models.architecture.block_type=simple
models.architecture.mamba_type=mamba
training.mode=rollout
training.rollout_steps=32
seed=4    avg_loss: 0.000000317853  time_per_window : 0.002294   progress : 0.306
name: models.architecture.block_type=simple
models.architecture.mamba_type=mamba
training.mode=rollout
training.rollout_steps=32
seed=4    avg_loss: 0.000000305787  time_per_window : 0.001819   progress : 0.317
name: models.architecture.block_type=simple
models.architecture.mamba_type=mamba
training.mode=rollout
training.rollout_steps=32
seed=4    avg_loss: 0.000000317902  time_per_window : 0.002071   progress : 0.328
name: models.architecture.block_type=simple
models.architecture.mamba_type=mamba
training.mode=rollout
training.rollout_steps=32
seed=4    avg_loss: 0.000000332843  time_per_window : 0.002350   progress : 0.339
name: models.architecture.block_type=simple
models.architecture.mamba_type=mamba
training.mode=rollout
training.rollout_steps=32
seed=4    avg_loss: 0.000000328208  time_per_window : 0.002331   progress : 0.350
name: models.architecture.block_type=simple
models.architecture.mamba_type=mamba
training.mode=rollout
training.rollout_steps=32
seed=4    avg_loss: 0.000000309606  time_per_window : 0.002319   progress : 0.360
name: models.architecture.block_type=simple
models.architecture.mamba_type=mamba
training.mode=rollout
training.rollout_steps=32
seed=4    avg_loss: 0.000000281230  time_per_window : 0.002310   progress : 0.371
name: models.architecture.block_type=simple
models.architecture.mamba_type=mamba
training.mode=rollout
training.rollout_steps=32
seed=4    avg_loss: 0.000000274960  time_per_window : 0.002443   progress : 0.382
name: models.architecture.block_type=simple
models.architecture.mamba_type=mamba
training.mode=rollout
training.rollout_steps=32
seed=4    avg_loss: 0.000000360349  time_per_window : 0.002229   progress : 0.393
name: models.architecture.block_type=simple
models.architecture.mamba_type=mamba
training.mode=rollout
training.rollout_steps=32
seed=4    avg_loss: 0.000000365252  time_per_window : 0.002138   progress : 0.404
name: models.architecture.block_type=simple
models.architecture.mamba_type=mamba
training.mode=rollout
training.rollout_steps=32
seed=4    avg_loss: 0.000000269713  time_per_window : 0.002255   progress : 0.415
name: models.architecture.block_type=simple
models.architecture.mamba_type=mamba
training.mode=rollout
training.rollout_steps=32
seed=4    avg_loss: 0.000000299994  time_per_window : 0.002387   progress : 0.426
name: models.architecture.block_type=simple
models.architecture.mamba_type=mamba
training.mode=rollout
training.rollout_steps=32
seed=0    avg_loss: 0.000052131621  time_per_window : 0.001458   progress : 0.011
name: models.architecture.block_type=simple
models.architecture.mamba_type=mamba
training.mode=rollout
training.rollout_steps=32
seed=0    avg_loss: 0.000020208787  time_per_window : 0.002369   progress : 0.022
name: models.architecture.block_type=simple
models.architecture.mamba_type=mamba
training.mode=rollout
training.rollout_steps=32
seed=0    avg_loss: 0.000011662557  time_per_window : 0.002535   progress : 0.033
name: models.architecture.block_type=simple
models.architecture.mamba_type=mamba
training.mode=rollout
training.rollout_steps=32
seed=0    avg_loss: 0.000007600982  time_per_window : 0.002347   progress : 0.044
name: models.architecture.block_type=simple
models.architecture.mamba_type=mamba
training.mode=rollout
training.rollout_steps=32
seed=0    avg_loss: 0.000005973261  time_per_window : 0.002358   progress : 0.055
name: models.architecture.block_type=simple
models.architecture.mamba_type=mamba
training.mode=rollout
training.rollout_steps=32
seed=0    avg_loss: 0.000004625460  time_per_window : 0.002424   progress : 0.066
name: models.architecture.block_type=simple
models.architecture.mamba_type=mamba
training.mode=rollout
training.rollout_steps=32
seed=0    avg_loss: 0.000004303288  time_per_window : 0.002412   progress : 0.076
name: models.architecture.block_type=simple
models.architecture.mamba_type=mamba
training.mode=rollout
training.rollout_steps=32
seed=0    avg_loss: 0.000003976043  time_per_window : 0.002356   progress : 0.087
name: models.architecture.block_type=simple
models.architecture.mamba_type=mamba
training.mode=rollout
training.rollout_steps=32
seed=0    avg_loss: 0.000004409009  time_per_window : 0.002378   progress : 0.098
name: models.architecture.block_type=simple
models.architecture.mamba_type=mamba
training.mode=rollout
training.rollout_steps=32
seed=0    avg_loss: 0.000003705339  time_per_window : 0.002459   progress : 0.109
name: models.architecture.block_type=simple
models.architecture.mamba_type=mamba
training.mode=rollout
training.rollout_steps=32
seed=0    avg_loss: 0.000003700153  time_per_window : 0.002351   progress : 0.120
name: models.architecture.block_type=simple
models.architecture.mamba_type=mamba
training.mode=rollout
training.rollout_steps=32
seed=0    avg_loss: 0.000003358755  time_per_window : 0.002165   progress : 0.131
name: models.architecture.block_type=simple
models.architecture.mamba_type=mamba
training.mode=rollout
training.rollout_steps=32
seed=0    avg_loss: 0.000003233793  time_per_window : 0.002441   progress : 0.142
name: models.architecture.block_type=simple
models.architecture.mamba_type=mamba
training.mode=rollout
training.rollout_steps=32
seed=0    avg_loss: 0.000003309679  time_per_window : 0.002368   progress : 0.153
name: models.architecture.block_type=simple
models.architecture.mamba_type=mamba
training.mode=rollout
training.rollout_steps=32
seed=0    avg_loss: 0.000002998638  time_per_window : 0.001751   progress : 0.164
name: models.architecture.block_type=simple
models.architecture.mamba_type=mamba
training.mode=rollout
training.rollout_steps=32
seed=0    avg_loss: 0.000003247600  time_per_window : 0.002377   progress : 0.175
name: models.architecture.block_type=simple
models.architecture.mamba_type=mamba
training.mode=rollout
training.rollout_steps=32
seed=0    avg_loss: 0.000002969402  time_per_window : 0.002415   progress : 0.186
name: models.architecture.block_type=simple
models.architecture.mamba_type=mamba
training.mode=rollout
training.rollout_steps=32
seed=0    avg_loss: 0.000003136658  time_per_window : 0.001987   progress : 0.197
name: models.architecture.block_type=simple
models.architecture.mamba_type=mamba
training.mode=rollout
training.rollout_steps=32
seed=0    avg_loss: 0.000002680227  time_per_window : 0.002341   progress : 0.208
name: models.architecture.block_type=simple
models.architecture.mamba_type=mamba
training.mode=rollout
training.rollout_steps=32
seed=0    avg_loss: 0.000002611701  time_per_window : 0.002381   progress : 0.218
name: models.architecture.block_type=simple
models.architecture.mamba_type=mamba
training.mode=rollout
training.rollout_steps=32
seed=0    avg_loss: 0.000002666387  time_per_window : 0.002098   progress : 0.229
name: models.architecture.block_type=simple
models.architecture.mamba_type=mamba
training.mode=rollout
training.rollout_steps=32
seed=0    avg_loss: 0.000002346944  time_per_window : 0.002124   progress : 0.240
name: models.architecture.block_type=simple
models.architecture.mamba_type=mamba
training.mode=rollout
training.rollout_steps=32
seed=0    avg_loss: 0.000002364452  time_per_window : 0.002347   progress : 0.251
name: models.architecture.block_type=simple
models.architecture.mamba_type=mamba
training.mode=rollout
training.rollout_steps=32
seed=0    avg_loss: 0.000002258537  time_per_window : 0.002379   progress : 0.262
name: models.architecture.block_type=simple
models.architecture.mamba_type=mamba
training.mode=rollout
training.rollout_steps=32
seed=0    avg_loss: 0.000001893080  time_per_window : 0.002423   progress : 0.273
name: models.architecture.block_type=simple
models.architecture.mamba_type=mamba
training.mode=rollout
training.rollout_steps=32
seed=0    avg_loss: 0.000002017404  time_per_window : 0.002356   progress : 0.284
name: models.architecture.block_type=simple
models.architecture.mamba_type=mamba
training.mode=rollout
training.rollout_steps=32
seed=0    avg_loss: 0.000001713774  time_per_window : 0.002424   progress : 0.295
name: models.architecture.block_type=simple
models.architecture.mamba_type=mamba
training.mode=rollout
training.rollout_steps=32
seed=0    avg_loss: 0.000002707193  time_per_window : 0.002108   progress : 0.306
name: models.architecture.block_type=simple
models.architecture.mamba_type=mamba
training.mode=rollout
training.rollout_steps=32
seed=0    avg_loss: 0.000001259685  time_per_window : 0.002430   progress : 0.317
name: models.architecture.block_type=simple
models.architecture.mamba_type=mamba
training.mode=rollout
training.rollout_steps=32
seed=0    avg_loss: 0.000001648648  time_per_window : 0.002200   progress : 0.328
name: models.architecture.block_type=simple
models.architecture.mamba_type=mamba
training.mode=rollout
training.rollout_steps=32
seed=0    avg_loss: 0.000001499078  time_per_window : 0.002294   progress : 0.339
name: models.architecture.block_type=simple
models.architecture.mamba_type=mamba
training.mode=rollout
training.rollout_steps=32
seed=0    avg_loss: 0.000001383762  time_per_window : 0.002392   progress : 0.350
name: models.architecture.block_type=simple
models.architecture.mamba_type=mamba
training.mode=rollout
training.rollout_steps=32
seed=0    avg_loss: 0.000000985944  time_per_window : 0.001655   progress : 0.360
name: models.architecture.block_type=simple
models.architecture.mamba_type=mamba
training.mode=rollout
training.rollout_steps=32
seed=0    avg_loss: 0.000001400168  time_per_window : 0.002375   progress : 0.371
name: models.architecture.block_type=simple
models.architecture.mamba_type=mamba
training.mode=rollout
training.rollout_steps=32
seed=0    avg_loss: 0.000001118319  time_per_window : 0.002235   progress : 0.382
name: models.architecture.block_type=simple
models.architecture.mamba_type=mamba
training.mode=rollout
training.rollout_steps=32
seed=0    avg_loss: 0.000001234867  time_per_window : 0.002223   progress : 0.393
name: models.architecture.block_type=simple
models.architecture.mamba_type=mamba
training.mode=rollout
training.rollout_steps=32
seed=0    avg_loss: 0.000000969890  time_per_window : 0.002360   progress : 0.404
name: models.architecture.block_type=simple
models.architecture.mamba_type=mamba
training.mode=rollout
training.rollout_steps=32
seed=0    avg_loss: 0.000001090032  time_per_window : 0.002342   progress : 0.415
name: models.architecture.block_type=simple
models.architecture.mamba_type=mamba
training.mode=rollout
training.rollout_steps=32
seed=0    avg_loss: 0.000000974098  time_per_window : 0.002379   progress : 0.426
name: models.architecture.block_type=simple
models.architecture.mamba_type=mamba
training.mode=rollout
training.rollout_steps=32
seed=2    avg_loss: 0.000045960453  time_per_window : 0.002330   progress : 0.011
name: models.architecture.block_type=simple
models.architecture.mamba_type=mamba
training.mode=rollout
training.rollout_steps=32
seed=2    avg_loss: 0.000015200501  time_per_window : 0.002278   progress : 0.022
name: models.architecture.block_type=simple
models.architecture.mamba_type=mamba
training.mode=rollout
training.rollout_steps=32
seed=2    avg_loss: 0.000008493456  time_per_window : 0.002402   progress : 0.033
name: models.architecture.block_type=simple
models.architecture.mamba_type=mamba
training.mode=rollout
training.rollout_steps=32
seed=2    avg_loss: 0.000006725645  time_per_window : 0.002331   progress : 0.044
name: models.architecture.block_type=simple
models.architecture.mamba_type=mamba
training.mode=rollout
training.rollout_steps=32
seed=2    avg_loss: 0.000004336783  time_per_window : 0.002168   progress : 0.055
name: models.architecture.block_type=simple
models.architecture.mamba_type=mamba
training.mode=rollout
training.rollout_steps=32
seed=2    avg_loss: 0.000002865083  time_per_window : 0.002350   progress : 0.066
name: models.architecture.block_type=simple
models.architecture.mamba_type=mamba
training.mode=rollout
training.rollout_steps=32
seed=2    avg_loss: 0.000002523479  time_per_window : 0.002383   progress : 0.076
name: models.architecture.block_type=simple
models.architecture.mamba_type=mamba
training.mode=rollout
training.rollout_steps=32
seed=2    avg_loss: 0.000001896443  time_per_window : 0.002373   progress : 0.087
name: models.architecture.block_type=simple
models.architecture.mamba_type=mamba
training.mode=rollout
training.rollout_steps=32
seed=2    avg_loss: 0.000001024211  time_per_window : 0.002336   progress : 0.098
name: models.architecture.block_type=simple
models.architecture.mamba_type=mamba
training.mode=rollout
training.rollout_steps=32
seed=2    avg_loss: 0.000000615523  time_per_window : 0.002526   progress : 0.109
name: models.architecture.block_type=simple
models.architecture.mamba_type=mamba
training.mode=rollout
training.rollout_steps=32
seed=2    avg_loss: 0.000000526019  time_per_window : 0.002329   progress : 0.120
name: models.architecture.block_type=simple
models.architecture.mamba_type=mamba
training.mode=rollout
training.rollout_steps=32
seed=2    avg_loss: 0.000000363426  time_per_window : 0.007198   progress : 0.131
name: models.architecture.block_type=simple
models.architecture.mamba_type=mamba
training.mode=rollout
training.rollout_steps=32
seed=2    avg_loss: 0.000000377146  time_per_window : 0.002348   progress : 0.142
name: models.architecture.block_type=simple
models.architecture.mamba_type=mamba
training.mode=rollout
training.rollout_steps=32
seed=2    avg_loss: 0.000000340450  time_per_window : 0.002495   progress : 0.153
name: models.architecture.block_type=simple
models.architecture.mamba_type=mamba
training.mode=rollout
training.rollout_steps=32
seed=2    avg_loss: 0.000000333634  time_per_window : 0.002258   progress : 0.164
name: models.architecture.block_type=simple
models.architecture.mamba_type=mamba
training.mode=rollout
training.rollout_steps=32
seed=2    avg_loss: 0.000000332660  time_per_window : 0.002309   progress : 0.175
name: models.architecture.block_type=simple
models.architecture.mamba_type=mamba
training.mode=rollout
training.rollout_steps=32
seed=2    avg_loss: 0.000000350598  time_per_window : 0.001674   progress : 0.186
name: models.architecture.block_type=simple
models.architecture.mamba_type=mamba
training.mode=rollout
training.rollout_steps=32
seed=2    avg_loss: 0.000000340387  time_per_window : 0.001664   progress : 0.197
name: models.architecture.block_type=simple
models.architecture.mamba_type=mamba
training.mode=rollout
training.rollout_steps=32
seed=2    avg_loss: 0.000000319179  time_per_window : 0.002396   progress : 0.208
name: models.architecture.block_type=simple
models.architecture.mamba_type=mamba
training.mode=rollout
training.rollout_steps=32
seed=2    avg_loss: 0.000000300588  time_per_window : 0.002318   progress : 0.218
name: models.architecture.block_type=simple
models.architecture.mamba_type=mamba
training.mode=rollout
training.rollout_steps=32
seed=2    avg_loss: 0.000000316531  time_per_window : 0.002367   progress : 0.229
name: models.architecture.block_type=simple
models.architecture.mamba_type=mamba
training.mode=rollout
training.rollout_steps=32
seed=2    avg_loss: 0.000000294458  time_per_window : 0.001930   progress : 0.240
name: models.architecture.block_type=simple
models.architecture.mamba_type=mamba
training.mode=rollout
training.rollout_steps=32
seed=2    avg_loss: 0.000000360944  time_per_window : 0.002423   progress : 0.251
name: models.architecture.block_type=simple
models.architecture.mamba_type=mamba
training.mode=rollout
training.rollout_steps=32
seed=2    avg_loss: 0.000000370580  time_per_window : 0.002402   progress : 0.262
name: models.architecture.block_type=simple
models.architecture.mamba_type=mamba
training.mode=rollout
training.rollout_steps=32
seed=2    avg_loss: 0.000000339592  time_per_window : 0.002184   progress : 0.273
name: models.architecture.block_type=simple
models.architecture.mamba_type=mamba
training.mode=rollout
training.rollout_steps=32
seed=2    avg_loss: 0.000000391629  time_per_window : 0.002492   progress : 0.284
name: models.architecture.block_type=simple
models.architecture.mamba_type=mamba
training.mode=rollout
training.rollout_steps=32
seed=2    avg_loss: 0.000000311099  time_per_window : 0.002405   progress : 0.295
name: models.architecture.block_type=simple
models.architecture.mamba_type=mamba
training.mode=rollout
training.rollout_steps=32
seed=2    avg_loss: 0.000000294841  time_per_window : 0.002432   progress : 0.306
name: models.architecture.block_type=simple
models.architecture.mamba_type=mamba
training.mode=rollout
training.rollout_steps=32
seed=2    avg_loss: 0.000000304690  time_per_window : 0.002130   progress : 0.317
name: models.architecture.block_type=simple
models.architecture.mamba_type=mamba
training.mode=rollout
training.rollout_steps=32
seed=2    avg_loss: 0.000000368428  time_per_window : 0.002392   progress : 0.328
name: models.architecture.block_type=simple
models.architecture.mamba_type=mamba
training.mode=rollout
training.rollout_steps=32
seed=2    avg_loss: 0.000000328252  time_per_window : 0.002321   progress : 0.339
name: models.architecture.block_type=simple
models.architecture.mamba_type=mamba
training.mode=rollout
training.rollout_steps=32
seed=2    avg_loss: 0.000000313664  time_per_window : 0.001582   progress : 0.350
name: models.architecture.block_type=simple
models.architecture.mamba_type=mamba
training.mode=rollout
training.rollout_steps=32
seed=2    avg_loss: 0.000000406857  time_per_window : 0.002303   progress : 0.360
name: models.architecture.block_type=simple
models.architecture.mamba_type=mamba
training.mode=rollout
training.rollout_steps=32
seed=2    avg_loss: 0.000000260730  time_per_window : 0.002286   progress : 0.371
name: models.architecture.block_type=simple
models.architecture.mamba_type=mamba
training.mode=rollout
training.rollout_steps=32
seed=2    avg_loss: 0.000000287768  time_per_window : 0.002303   progress : 0.382
name: models.architecture.block_type=simple
models.architecture.mamba_type=mamba
training.mode=rollout
training.rollout_steps=32
seed=2    avg_loss: 0.000000370650  time_per_window : 0.002314   progress : 0.393
name: models.architecture.block_type=simple
models.architecture.mamba_type=mamba
training.mode=rollout
training.rollout_steps=32
seed=2    avg_loss: 0.000000399527  time_per_window : 0.002113   progress : 0.404
name: models.architecture.block_type=simple
models.architecture.mamba_type=mamba
training.mode=rollout
training.rollout_steps=32
seed=2    avg_loss: 0.000000336461  time_per_window : 0.002132   progress : 0.415
name: models.architecture.block_type=simple
models.architecture.mamba_type=mamba
training.mode=rollout
training.rollout_steps=32
seed=2    avg_loss: 0.000000374670  time_per_window : 0.002297   progress : 0.426
name: models.architecture.block_type=simple
models.architecture.mamba_type=mamba
training.mode=rollout
training.rollout_steps=32
seed=1    avg_loss: 0.000038127582  time_per_window : 0.002315   progress : 0.011
name: models.architecture.block_type=simple
models.architecture.mamba_type=mamba
training.mode=rollout
training.rollout_steps=32
seed=1    avg_loss: 0.000007791165  time_per_window : 0.002354   progress : 0.022
name: models.architecture.block_type=simple
models.architecture.mamba_type=mamba
training.mode=rollout
training.rollout_steps=32
seed=1    avg_loss: 0.000008064109  time_per_window : 0.002342   progress : 0.033
name: models.architecture.block_type=simple
models.architecture.mamba_type=mamba
training.mode=rollout
training.rollout_steps=32
seed=1    avg_loss: 0.000007376781  time_per_window : 0.001751   progress : 0.044
name: models.architecture.block_type=simple
models.architecture.mamba_type=mamba
training.mode=rollout
training.rollout_steps=32
seed=1    avg_loss: 0.000005099302  time_per_window : 0.002405   progress : 0.055
name: models.architecture.block_type=simple
models.architecture.mamba_type=mamba
training.mode=rollout
training.rollout_steps=32
seed=1    avg_loss: 0.000003994067  time_per_window : 0.002408   progress : 0.066
name: models.architecture.block_type=simple
models.architecture.mamba_type=mamba
training.mode=rollout
training.rollout_steps=32
seed=1    avg_loss: 0.000003464724  time_per_window : 0.002268   progress : 0.076
name: models.architecture.block_type=simple
models.architecture.mamba_type=mamba
training.mode=rollout
training.rollout_steps=32
seed=1    avg_loss: 0.000003226316  time_per_window : 0.002053   progress : 0.087
name: models.architecture.block_type=simple
models.architecture.mamba_type=mamba
training.mode=rollout
training.rollout_steps=32
seed=1    avg_loss: 0.000003331714  time_per_window : 0.002362   progress : 0.098
name: models.architecture.block_type=simple
models.architecture.mamba_type=mamba
training.mode=rollout
training.rollout_steps=32
seed=1    avg_loss: 0.000003014302  time_per_window : 0.002368   progress : 0.109
name: models.architecture.block_type=simple
models.architecture.mamba_type=mamba
training.mode=rollout
training.rollout_steps=32
seed=1    avg_loss: 0.000003100671  time_per_window : 0.002184   progress : 0.120
name: models.architecture.block_type=simple
models.architecture.mamba_type=mamba
training.mode=rollout
training.rollout_steps=32
seed=1    avg_loss: 0.000002789181  time_per_window : 0.002333   progress : 0.131
name: models.architecture.block_type=simple
models.architecture.mamba_type=mamba
training.mode=rollout
training.rollout_steps=32
seed=1    avg_loss: 0.000002863316  time_per_window : 0.002257   progress : 0.142
name: models.architecture.block_type=simple
models.architecture.mamba_type=mamba
training.mode=rollout
training.rollout_steps=32
seed=1    avg_loss: 0.000002653132  time_per_window : 0.002063   progress : 0.153
name: models.architecture.block_type=simple
models.architecture.mamba_type=mamba
training.mode=rollout
training.rollout_steps=32
seed=1    avg_loss: 0.000002329421  time_per_window : 0.002278   progress : 0.164
name: models.architecture.block_type=simple
models.architecture.mamba_type=mamba
training.mode=rollout
training.rollout_steps=32
seed=1    avg_loss: 0.000002113419  time_per_window : 0.002262   progress : 0.175
name: models.architecture.block_type=simple
models.architecture.mamba_type=mamba
training.mode=rollout
training.rollout_steps=32
seed=1    avg_loss: 0.000002336042  time_per_window : 0.002385   progress : 0.186
name: models.architecture.block_type=simple
models.architecture.mamba_type=mamba
training.mode=rollout
training.rollout_steps=32
seed=1    avg_loss: 0.000002107041  time_per_window : 0.002340   progress : 0.197
name: models.architecture.block_type=simple
models.architecture.mamba_type=mamba
training.mode=rollout
training.rollout_steps=32
seed=1    avg_loss: 0.000001534001  time_per_window : 0.002365   progress : 0.208
name: models.architecture.block_type=simple
models.architecture.mamba_type=mamba
training.mode=rollout
training.rollout_steps=32
seed=1    avg_loss: 0.000002190288  time_per_window : 0.002356   progress : 0.218
name: models.architecture.block_type=simple
models.architecture.mamba_type=mamba
training.mode=rollout
training.rollout_steps=32
seed=1    avg_loss: 0.000001609206  time_per_window : 0.002404   progress : 0.229
name: models.architecture.block_type=simple
models.architecture.mamba_type=mamba
training.mode=rollout
training.rollout_steps=32
seed=1    avg_loss: 0.000001309117  time_per_window : 0.002404   progress : 0.240
name: models.architecture.block_type=simple
models.architecture.mamba_type=mamba
training.mode=rollout
training.rollout_steps=32
seed=1    avg_loss: 0.000001788955  time_per_window : 0.002177   progress : 0.251
name: models.architecture.block_type=simple
models.architecture.mamba_type=mamba
training.mode=rollout
training.rollout_steps=32
seed=1    avg_loss: 0.000001273779  time_per_window : 0.001822   progress : 0.262
name: models.architecture.block_type=simple
models.architecture.mamba_type=mamba
training.mode=rollout
training.rollout_steps=32
seed=1    avg_loss: 0.000001360086  time_per_window : 0.002244   progress : 0.273
name: models.architecture.block_type=simple
models.architecture.mamba_type=mamba
training.mode=rollout
training.rollout_steps=32
seed=1    avg_loss: 0.000000957455  time_per_window : 0.002448   progress : 0.284
name: models.architecture.block_type=simple
models.architecture.mamba_type=mamba
training.mode=rollout
training.rollout_steps=32
seed=1    avg_loss: 0.000001146744  time_per_window : 0.002486   progress : 0.295
name: models.architecture.block_type=simple
models.architecture.mamba_type=mamba
training.mode=rollout
training.rollout_steps=32
seed=1    avg_loss: 0.000000974528  time_per_window : 0.002431   progress : 0.306
name: models.architecture.block_type=simple
models.architecture.mamba_type=mamba
training.mode=rollout
training.rollout_steps=32
seed=1    avg_loss: 0.000000793668  time_per_window : 0.002209   progress : 0.317
name: models.architecture.block_type=simple
models.architecture.mamba_type=mamba
training.mode=rollout
training.rollout_steps=32
seed=1    avg_loss: 0.000000776393  time_per_window : 0.002185   progress : 0.328
name: models.architecture.block_type=simple
models.architecture.mamba_type=mamba
training.mode=rollout
training.rollout_steps=32
seed=1    avg_loss: 0.000000855571  time_per_window : 0.002526   progress : 0.339
name: models.architecture.block_type=simple
models.architecture.mamba_type=mamba
training.mode=rollout
training.rollout_steps=32
seed=1    avg_loss: 0.000000956507  time_per_window : 0.002353   progress : 0.350
name: models.architecture.block_type=simple
models.architecture.mamba_type=mamba
training.mode=rollout
training.rollout_steps=32
seed=1    avg_loss: 0.000001572403  time_per_window : 0.002358   progress : 0.360
name: models.architecture.block_type=simple
models.architecture.mamba_type=mamba
training.mode=rollout
training.rollout_steps=32
seed=1    avg_loss: 0.000000868724  time_per_window : 0.002337   progress : 0.371
name: models.architecture.block_type=simple
models.architecture.mamba_type=mamba
training.mode=rollout
training.rollout_steps=32
seed=1    avg_loss: 0.000000632022  time_per_window : 0.001962   progress : 0.382
name: models.architecture.block_type=simple
models.architecture.mamba_type=mamba
training.mode=rollout
training.rollout_steps=32
seed=1    avg_loss: 0.000000658573  time_per_window : 0.002304   progress : 0.393
name: models.architecture.block_type=simple
models.architecture.mamba_type=mamba
training.mode=rollout
training.rollout_steps=32
seed=1    avg_loss: 0.000000790606  time_per_window : 0.002163   progress : 0.404
name: models.architecture.block_type=simple
models.architecture.mamba_type=mamba
training.mode=rollout
training.rollout_steps=32
seed=1    avg_loss: 0.000000579653  time_per_window : 0.002400   progress : 0.415
name: models.architecture.block_type=simple
models.architecture.mamba_type=mamba
training.mode=rollout
training.rollout_steps=32
seed=1    avg_loss: 0.000000788793  time_per_window : 0.002235   progress : 0.426
name: models.architecture.block_type=simple
models.architecture.mamba_type=mamba
training.mode=rollout
training.rollout_steps=32
seed=3    avg_loss: 0.000032810523  time_per_window : 0.002497   progress : 0.011
name: models.architecture.block_type=simple
models.architecture.mamba_type=mamba
training.mode=rollout
training.rollout_steps=32
seed=3    avg_loss: 0.000008248797  time_per_window : 0.001617   progress : 0.022
name: models.architecture.block_type=simple
models.architecture.mamba_type=mamba
training.mode=rollout
training.rollout_steps=32
seed=3    avg_loss: 0.000008268797  time_per_window : 0.002324   progress : 0.033
name: models.architecture.block_type=simple
models.architecture.mamba_type=mamba
training.mode=rollout
training.rollout_steps=32
seed=3    avg_loss: 0.000008257713  time_per_window : 0.002376   progress : 0.044
name: models.architecture.block_type=simple
models.architecture.mamba_type=mamba
training.mode=rollout
training.rollout_steps=32
seed=3    avg_loss: 0.000007904006  time_per_window : 0.002384   progress : 0.055
name: models.architecture.block_type=simple
models.architecture.mamba_type=mamba
training.mode=rollout
training.rollout_steps=32
seed=3    avg_loss: 0.000007827149  time_per_window : 0.002400   progress : 0.066
name: models.architecture.block_type=simple
models.architecture.mamba_type=mamba
training.mode=rollout
training.rollout_steps=32
seed=3    avg_loss: 0.000006759470  time_per_window : 0.002132   progress : 0.076
name: models.architecture.block_type=simple
models.architecture.mamba_type=mamba
training.mode=rollout
training.rollout_steps=32
seed=3    avg_loss: 0.000004750762  time_per_window : 0.002336   progress : 0.087
name: models.architecture.block_type=simple
models.architecture.mamba_type=mamba
training.mode=rollout
training.rollout_steps=32
seed=3    avg_loss: 0.000003997809  time_per_window : 0.002207   progress : 0.098
name: models.architecture.block_type=simple
models.architecture.mamba_type=mamba
training.mode=rollout
training.rollout_steps=32
seed=3    avg_loss: 0.000003720426  time_per_window : 0.002316   progress : 0.109
name: models.architecture.block_type=simple
models.architecture.mamba_type=mamba
training.mode=rollout
training.rollout_steps=32
seed=3    avg_loss: 0.000003233049  time_per_window : 0.002299   progress : 0.120
name: models.architecture.block_type=simple
models.architecture.mamba_type=mamba
training.mode=rollout
training.rollout_steps=32
seed=3    avg_loss: 0.000003076359  time_per_window : 0.001952   progress : 0.131
name: models.architecture.block_type=simple
models.architecture.mamba_type=mamba
training.mode=rollout
training.rollout_steps=32
seed=3    avg_loss: 0.000002949964  time_per_window : 0.002387   progress : 0.142
name: models.architecture.block_type=simple
models.architecture.mamba_type=mamba
training.mode=rollout
training.rollout_steps=32
seed=3    avg_loss: 0.000002537389  time_per_window : 0.001744   progress : 0.153
name: models.architecture.block_type=simple
models.architecture.mamba_type=mamba
training.mode=rollout
training.rollout_steps=32
seed=3    avg_loss: 0.000002126704  time_per_window : 0.002335   progress : 0.164
name: models.architecture.block_type=simple
models.architecture.mamba_type=mamba
training.mode=rollout
training.rollout_steps=32
seed=3    avg_loss: 0.000002167656  time_per_window : 0.002222   progress : 0.175
name: models.architecture.block_type=simple
models.architecture.mamba_type=mamba
training.mode=rollout
training.rollout_steps=32
seed=3    avg_loss: 0.000001618530  time_per_window : 0.002380   progress : 0.186
name: models.architecture.block_type=simple
models.architecture.mamba_type=mamba
training.mode=rollout
training.rollout_steps=32
seed=3    avg_loss: 0.000001340510  time_per_window : 0.002369   progress : 0.197
name: models.architecture.block_type=simple
models.architecture.mamba_type=mamba
training.mode=rollout
training.rollout_steps=32
seed=3    avg_loss: 0.000001482006  time_per_window : 0.002386   progress : 0.208
name: models.architecture.block_type=simple
models.architecture.mamba_type=mamba
training.mode=rollout
training.rollout_steps=32
seed=3    avg_loss: 0.000000824142  time_per_window : 0.002384   progress : 0.218
name: models.architecture.block_type=simple
models.architecture.mamba_type=mamba
training.mode=rollout
training.rollout_steps=32
seed=3    avg_loss: 0.000000964596  time_per_window : 0.002388   progress : 0.229
name: models.architecture.block_type=simple
models.architecture.mamba_type=mamba
training.mode=rollout
training.rollout_steps=32
seed=3    avg_loss: 0.000000664234  time_per_window : 0.002364   progress : 0.240
name: models.architecture.block_type=simple
models.architecture.mamba_type=mamba
training.mode=rollout
training.rollout_steps=32
seed=3    avg_loss: 0.000000872573  time_per_window : 0.002414   progress : 0.251
name: models.architecture.block_type=simple
models.architecture.mamba_type=mamba
training.mode=rollout
training.rollout_steps=32
seed=3    avg_loss: 0.000000634068  time_per_window : 0.002322   progress : 0.262
name: models.architecture.block_type=simple
models.architecture.mamba_type=mamba
training.mode=rollout
training.rollout_steps=32
seed=3    avg_loss: 0.000000521701  time_per_window : 0.002403   progress : 0.273
name: models.architecture.block_type=simple
models.architecture.mamba_type=mamba
training.mode=rollout
training.rollout_steps=32
seed=3    avg_loss: 0.000000762483  time_per_window : 0.002438   progress : 0.284
name: models.architecture.block_type=simple
models.architecture.mamba_type=mamba
training.mode=rollout
training.rollout_steps=32
seed=3    avg_loss: 0.000000427927  time_per_window : 0.001673   progress : 0.295
name: models.architecture.block_type=simple
models.architecture.mamba_type=mamba
training.mode=rollout
training.rollout_steps=32
seed=3    avg_loss: 0.000000622482  time_per_window : 0.002207   progress : 0.306
name: models.architecture.block_type=simple
models.architecture.mamba_type=mamba
training.mode=rollout
training.rollout_steps=32
seed=3    avg_loss: 0.000000465338  time_per_window : 0.002125   progress : 0.317
name: models.architecture.block_type=simple
models.architecture.mamba_type=mamba
training.mode=rollout
training.rollout_steps=32
seed=3    avg_loss: 0.000000651191  time_per_window : 0.002409   progress : 0.328
name: models.architecture.block_type=simple
models.architecture.mamba_type=mamba
training.mode=rollout
training.rollout_steps=32
seed=3    avg_loss: 0.000000501681  time_per_window : 0.002381   progress : 0.339
name: models.architecture.block_type=simple
models.architecture.mamba_type=mamba
training.mode=rollout
training.rollout_steps=32
seed=3    avg_loss: 0.000000426737  time_per_window : 0.002013   progress : 0.350
name: models.architecture.block_type=simple
models.architecture.mamba_type=mamba
training.mode=rollout
training.rollout_steps=32
seed=3    avg_loss: 0.000000445487  time_per_window : 0.002396   progress : 0.360
name: models.architecture.block_type=simple
models.architecture.mamba_type=mamba
training.mode=rollout
training.rollout_steps=32
seed=3    avg_loss: 0.000000414795  time_per_window : 0.002209   progress : 0.371
name: models.architecture.block_type=simple
models.architecture.mamba_type=mamba
training.mode=rollout
training.rollout_steps=32
seed=3    avg_loss: 0.000000433190  time_per_window : 0.002323   progress : 0.382
name: models.architecture.block_type=simple
models.architecture.mamba_type=mamba
training.mode=rollout
training.rollout_steps=32
seed=3    avg_loss: 0.000000489939  time_per_window : 0.002346   progress : 0.393
name: models.architecture.block_type=simple
models.architecture.mamba_type=mamba
training.mode=rollout
training.rollout_steps=32
seed=3    avg_loss: 0.000000655207  time_per_window : 0.001913   progress : 0.404
name: models.architecture.block_type=simple
models.architecture.mamba_type=mamba
training.mode=rollout
training.rollout_steps=32
seed=3    avg_loss: 0.000000490687  time_per_window : 0.002342   progress : 0.415
name: models.architecture.block_type=simple
models.architecture.mamba_type=mamba
training.mode=rollout
training.rollout_steps=32
seed=3    avg_loss: 0.000000374452  time_per_window : 0.002388   progress : 0.426
name: models.architecture.block_type=simple
models.architecture.mamba_type=mamba
training.mode=rollout
training.rollout_steps=32
seed=4    avg_loss: 0.000000286398  time_per_window : 0.002007   progress : 0.437
name: models.architecture.block_type=simple
models.architecture.mamba_type=mamba
training.mode=rollout
training.rollout_steps=32
seed=4    avg_loss: 0.000000382776  time_per_window : 0.002290   progress : 0.448
name: models.architecture.block_type=simple
models.architecture.mamba_type=mamba
training.mode=rollout
training.rollout_steps=32
seed=4    avg_loss: 0.000000328791  time_per_window : 0.002350   progress : 0.459
name: models.architecture.block_type=simple
models.architecture.mamba_type=mamba
training.mode=rollout
training.rollout_steps=32
seed=4    avg_loss: 0.000000334220  time_per_window : 0.002254   progress : 0.470
name: models.architecture.block_type=simple
models.architecture.mamba_type=mamba
training.mode=rollout
training.rollout_steps=32
seed=4    avg_loss: 0.000000309308  time_per_window : 0.002417   progress : 0.481
name: models.architecture.block_type=simple
models.architecture.mamba_type=mamba
training.mode=rollout
training.rollout_steps=32
seed=4    avg_loss: 0.000000367636  time_per_window : 0.002310   progress : 0.492
name: models.architecture.block_type=simple
models.architecture.mamba_type=mamba
training.mode=rollout
training.rollout_steps=32
seed=4    avg_loss: 0.000000324167  time_per_window : 0.002225   progress : 0.502
name: models.architecture.block_type=simple
models.architecture.mamba_type=mamba
training.mode=rollout
training.rollout_steps=32
seed=4    avg_loss: 0.000000334946  time_per_window : 0.002305   progress : 0.513
name: models.architecture.block_type=simple
models.architecture.mamba_type=mamba
training.mode=rollout
training.rollout_steps=32
seed=4    avg_loss: 0.000000319757  time_per_window : 0.001967   progress : 0.524
name: models.architecture.block_type=simple
models.architecture.mamba_type=mamba
training.mode=rollout
training.rollout_steps=32
seed=4    avg_loss: 0.000000273459  time_per_window : 0.002084   progress : 0.535
name: models.architecture.block_type=simple
models.architecture.mamba_type=mamba
training.mode=rollout
training.rollout_steps=32
seed=4    avg_loss: 0.000000403679  time_per_window : 0.001942   progress : 0.546
name: models.architecture.block_type=simple
models.architecture.mamba_type=mamba
training.mode=rollout
training.rollout_steps=32
seed=4    avg_loss: 0.000000257736  time_per_window : 0.002230   progress : 0.557
name: models.architecture.block_type=simple
models.architecture.mamba_type=mamba
training.mode=rollout
training.rollout_steps=32
seed=4    avg_loss: 0.000000293575  time_per_window : 0.002241   progress : 0.568
name: models.architecture.block_type=simple
models.architecture.mamba_type=mamba
training.mode=rollout
training.rollout_steps=32
seed=4    avg_loss: 0.000000327427  time_per_window : 0.002331   progress : 0.579
name: models.architecture.block_type=simple
models.architecture.mamba_type=mamba
training.mode=rollout
training.rollout_steps=32
seed=4    avg_loss: 0.000000307848  time_per_window : 0.002264   progress : 0.590
name: models.architecture.block_type=simple
models.architecture.mamba_type=mamba
training.mode=rollout
training.rollout_steps=32
seed=4    avg_loss: 0.000000281330  time_per_window : 0.002324   progress : 0.601
name: models.architecture.block_type=simple
models.architecture.mamba_type=mamba
training.mode=rollout
training.rollout_steps=32
seed=4    avg_loss: 0.000000280709  time_per_window : 0.002164   progress : 0.612
name: models.architecture.block_type=simple
models.architecture.mamba_type=mamba
training.mode=rollout
training.rollout_steps=32
seed=4    avg_loss: 0.000000298249  time_per_window : 0.002378   progress : 0.623
name: models.architecture.block_type=simple
models.architecture.mamba_type=mamba
training.mode=rollout
training.rollout_steps=32
seed=4    avg_loss: 0.000000314546  time_per_window : 0.002315   progress : 0.634
name: models.architecture.block_type=simple
models.architecture.mamba_type=mamba
training.mode=rollout
training.rollout_steps=32
seed=4    avg_loss: 0.000000306673  time_per_window : 0.002228   progress : 0.644
name: models.architecture.block_type=simple
models.architecture.mamba_type=mamba
training.mode=rollout
training.rollout_steps=32
seed=4    avg_loss: 0.000000418931  time_per_window : 0.001675   progress : 0.655
name: models.architecture.block_type=simple
models.architecture.mamba_type=mamba
training.mode=rollout
training.rollout_steps=32
seed=4    avg_loss: 0.000000371975  time_per_window : 0.002231   progress : 0.666
name: models.architecture.block_type=simple
models.architecture.mamba_type=mamba
training.mode=rollout
training.rollout_steps=32
seed=4    avg_loss: 0.000000275275  time_per_window : 0.001887   progress : 0.677
name: models.architecture.block_type=simple
models.architecture.mamba_type=mamba
training.mode=rollout
training.rollout_steps=32
seed=4    avg_loss: 0.000000277339  time_per_window : 0.002301   progress : 0.688
name: models.architecture.block_type=simple
models.architecture.mamba_type=mamba
training.mode=rollout
training.rollout_steps=32
seed=4    avg_loss: 0.000000360901  time_per_window : 0.002317   progress : 0.699
name: models.architecture.block_type=simple
models.architecture.mamba_type=mamba
training.mode=rollout
training.rollout_steps=32
seed=4    avg_loss: 0.000000300373  time_per_window : 0.002085   progress : 0.710
name: models.architecture.block_type=simple
models.architecture.mamba_type=mamba
training.mode=rollout
training.rollout_steps=32
seed=4    avg_loss: 0.000000305825  time_per_window : 0.002264   progress : 0.721
name: models.architecture.block_type=simple
models.architecture.mamba_type=mamba
training.mode=rollout
training.rollout_steps=32
seed=4    avg_loss: 0.000000253532  time_per_window : 0.001877   progress : 0.732
name: models.architecture.block_type=simple
models.architecture.mamba_type=mamba
training.mode=rollout
training.rollout_steps=32
seed=4    avg_loss: 0.000000304333  time_per_window : 0.002167   progress : 0.743
name: models.architecture.block_type=simple
models.architecture.mamba_type=mamba
training.mode=rollout
training.rollout_steps=32
seed=4    avg_loss: 0.000000267528  time_per_window : 0.002181   progress : 0.754
name: models.architecture.block_type=simple
models.architecture.mamba_type=mamba
training.mode=rollout
training.rollout_steps=32
seed=4    avg_loss: 0.000000288188  time_per_window : 0.002028   progress : 0.765
name: models.architecture.block_type=simple
models.architecture.mamba_type=mamba
training.mode=rollout
training.rollout_steps=32
seed=4    avg_loss: 0.000000291678  time_per_window : 0.002348   progress : 0.775
name: models.architecture.block_type=simple
models.architecture.mamba_type=mamba
training.mode=rollout
training.rollout_steps=32
seed=4    avg_loss: 0.000000296784  time_per_window : 0.002340   progress : 0.786
name: models.architecture.block_type=simple
models.architecture.mamba_type=mamba
training.mode=rollout
training.rollout_steps=32
seed=4    avg_loss: 0.000000303555  time_per_window : 0.001754   progress : 0.797
name: models.architecture.block_type=simple
models.architecture.mamba_type=mamba
training.mode=rollout
training.rollout_steps=32
seed=4    avg_loss: 0.000000291718  time_per_window : 0.002235   progress : 0.808
name: models.architecture.block_type=simple
models.architecture.mamba_type=mamba
training.mode=rollout
training.rollout_steps=32
seed=4    avg_loss: 0.000000317092  time_per_window : 0.002260   progress : 0.819
name: models.architecture.block_type=simple
models.architecture.mamba_type=mamba
training.mode=rollout
training.rollout_steps=32
seed=4    avg_loss: 0.000000286562  time_per_window : 0.002413   progress : 0.830
name: models.architecture.block_type=simple
models.architecture.mamba_type=mamba
training.mode=rollout
training.rollout_steps=32
seed=4    avg_loss: 0.000000294459  time_per_window : 0.002565   progress : 0.841
name: models.architecture.block_type=simple
models.architecture.mamba_type=mamba
training.mode=rollout
training.rollout_steps=32
seed=4    avg_loss: 0.000000292401  time_per_window : 0.002367   progress : 0.852
name: models.architecture.block_type=simple
models.architecture.mamba_type=mamba
training.mode=rollout
training.rollout_steps=32
seed=0    avg_loss: 0.000000921637  time_per_window : 0.002361   progress : 0.437
name: models.architecture.block_type=simple
models.architecture.mamba_type=mamba
training.mode=rollout
training.rollout_steps=32
seed=0    avg_loss: 0.000001052179  time_per_window : 0.002390   progress : 0.448
name: models.architecture.block_type=simple
models.architecture.mamba_type=mamba
training.mode=rollout
training.rollout_steps=32
seed=0    avg_loss: 0.000000898646  time_per_window : 0.001960   progress : 0.459
name: models.architecture.block_type=simple
models.architecture.mamba_type=mamba
training.mode=rollout
training.rollout_steps=32
seed=0    avg_loss: 0.000000652332  time_per_window : 0.001660   progress : 0.470
name: models.architecture.block_type=simple
models.architecture.mamba_type=mamba
training.mode=rollout
training.rollout_steps=32
seed=0    avg_loss: 0.000000948228  time_per_window : 0.002420   progress : 0.481
name: models.architecture.block_type=simple
models.architecture.mamba_type=mamba
training.mode=rollout
training.rollout_steps=32
seed=0    avg_loss: 0.000000688613  time_per_window : 0.002193   progress : 0.492
name: models.architecture.block_type=simple
models.architecture.mamba_type=mamba
training.mode=rollout
training.rollout_steps=32
seed=0    avg_loss: 0.000000915777  time_per_window : 0.002126   progress : 0.502
name: models.architecture.block_type=simple
models.architecture.mamba_type=mamba
training.mode=rollout
training.rollout_steps=32
seed=0    avg_loss: 0.000000721526  time_per_window : 0.002374   progress : 0.513
name: models.architecture.block_type=simple
models.architecture.mamba_type=mamba
training.mode=rollout
training.rollout_steps=32
seed=0    avg_loss: 0.000000999110  time_per_window : 0.002376   progress : 0.524
name: models.architecture.block_type=simple
models.architecture.mamba_type=mamba
training.mode=rollout
training.rollout_steps=32
seed=0    avg_loss: 0.000000863037  time_per_window : 0.002379   progress : 0.535
name: models.architecture.block_type=simple
models.architecture.mamba_type=mamba
training.mode=rollout
training.rollout_steps=32
seed=0    avg_loss: 0.000000688731  time_per_window : 0.001882   progress : 0.546
name: models.architecture.block_type=simple
models.architecture.mamba_type=mamba
training.mode=rollout
training.rollout_steps=32
seed=0    avg_loss: 0.000000752180  time_per_window : 0.002371   progress : 0.557
name: models.architecture.block_type=simple
models.architecture.mamba_type=mamba
training.mode=rollout
training.rollout_steps=32
seed=0    avg_loss: 0.000000688867  time_per_window : 0.001647   progress : 0.568
name: models.architecture.block_type=simple
models.architecture.mamba_type=mamba
training.mode=rollout
training.rollout_steps=32
seed=0    avg_loss: 0.000000660006  time_per_window : 0.002319   progress : 0.579
name: models.architecture.block_type=simple
models.architecture.mamba_type=mamba
training.mode=rollout
training.rollout_steps=32
seed=0    avg_loss: 0.000000905455  time_per_window : 0.002358   progress : 0.590
name: models.architecture.block_type=simple
models.architecture.mamba_type=mamba
training.mode=rollout
training.rollout_steps=32
seed=0    avg_loss: 0.000000606890  time_per_window : 0.002410   progress : 0.601
name: models.architecture.block_type=simple
models.architecture.mamba_type=mamba
training.mode=rollout
training.rollout_steps=32
seed=0    avg_loss: 0.000000767481  time_per_window : 0.002081   progress : 0.612
name: models.architecture.block_type=simple
models.architecture.mamba_type=mamba
training.mode=rollout
training.rollout_steps=32
seed=0    avg_loss: 0.000000873870  time_per_window : 0.002351   progress : 0.623
name: models.architecture.block_type=simple
models.architecture.mamba_type=mamba
training.mode=rollout
training.rollout_steps=32
seed=0    avg_loss: 0.000000680907  time_per_window : 0.002333   progress : 0.634
name: models.architecture.block_type=simple
models.architecture.mamba_type=mamba
training.mode=rollout
training.rollout_steps=32
seed=0    avg_loss: 0.000000731770  time_per_window : 0.002451   progress : 0.644
name: models.architecture.block_type=simple
models.architecture.mamba_type=mamba
training.mode=rollout
training.rollout_steps=32
seed=0    avg_loss: 0.000000948588  time_per_window : 0.002011   progress : 0.655
name: models.architecture.block_type=simple
models.architecture.mamba_type=mamba
training.mode=rollout
training.rollout_steps=32
seed=0    avg_loss: 0.000000639052  time_per_window : 0.002003   progress : 0.666
name: models.architecture.block_type=simple
models.architecture.mamba_type=mamba
training.mode=rollout
training.rollout_steps=32
seed=0    avg_loss: 0.000000528749  time_per_window : 0.002203   progress : 0.677
name: models.architecture.block_type=simple
models.architecture.mamba_type=mamba
training.mode=rollout
training.rollout_steps=32
seed=0    avg_loss: 0.000000622359  time_per_window : 0.002268   progress : 0.688
name: models.architecture.block_type=simple
models.architecture.mamba_type=mamba
training.mode=rollout
training.rollout_steps=32
seed=0    avg_loss: 0.000000552881  time_per_window : 0.002398   progress : 0.699
name: models.architecture.block_type=simple
models.architecture.mamba_type=mamba
training.mode=rollout
training.rollout_steps=32
seed=0    avg_loss: 0.000000601050  time_per_window : 0.001668   progress : 0.710
name: models.architecture.block_type=simple
models.architecture.mamba_type=mamba
training.mode=rollout
training.rollout_steps=32
seed=0    avg_loss: 0.000000665859  time_per_window : 0.002358   progress : 0.721
name: models.architecture.block_type=simple
models.architecture.mamba_type=mamba
training.mode=rollout
training.rollout_steps=32
seed=0    avg_loss: 0.000000584730  time_per_window : 0.002400   progress : 0.732
name: models.architecture.block_type=simple
models.architecture.mamba_type=mamba
training.mode=rollout
training.rollout_steps=32
seed=0    avg_loss: 0.000000636419  time_per_window : 0.002349   progress : 0.743
name: models.architecture.block_type=simple
models.architecture.mamba_type=mamba
training.mode=rollout
training.rollout_steps=32
seed=0    avg_loss: 0.000000757355  time_per_window : 0.002345   progress : 0.754
name: models.architecture.block_type=simple
models.architecture.mamba_type=mamba
training.mode=rollout
training.rollout_steps=32
seed=0    avg_loss: 0.000000679699  time_per_window : 0.002324   progress : 0.765
name: models.architecture.block_type=simple
models.architecture.mamba_type=mamba
training.mode=rollout
training.rollout_steps=32
seed=0    avg_loss: 0.000000472357  time_per_window : 0.002406   progress : 0.775
name: models.architecture.block_type=simple
models.architecture.mamba_type=mamba
training.mode=rollout
training.rollout_steps=32
seed=0    avg_loss: 0.000000699785  time_per_window : 0.002363   progress : 0.786
name: models.architecture.block_type=simple
models.architecture.mamba_type=mamba
training.mode=rollout
training.rollout_steps=32
seed=0    avg_loss: 0.000000484961  time_per_window : 0.002148   progress : 0.797
name: models.architecture.block_type=simple
models.architecture.mamba_type=mamba
training.mode=rollout
training.rollout_steps=32
seed=0    avg_loss: 0.000000456999  time_per_window : 0.002327   progress : 0.808
name: models.architecture.block_type=simple
models.architecture.mamba_type=mamba
training.mode=rollout
training.rollout_steps=32
seed=0    avg_loss: 0.000000502025  time_per_window : 0.002351   progress : 0.819
name: models.architecture.block_type=simple
models.architecture.mamba_type=mamba
training.mode=rollout
training.rollout_steps=32
seed=0    avg_loss: 0.000000432658  time_per_window : 0.002374   progress : 0.830
name: models.architecture.block_type=simple
models.architecture.mamba_type=mamba
training.mode=rollout
training.rollout_steps=32
seed=0    avg_loss: 0.000000812322  time_per_window : 0.002336   progress : 0.841
name: models.architecture.block_type=simple
models.architecture.mamba_type=mamba
training.mode=rollout
training.rollout_steps=32
seed=0    avg_loss: 0.000000766318  time_per_window : 0.002311   progress : 0.852
name: models.architecture.block_type=simple
models.architecture.mamba_type=mamba
training.mode=rollout
training.rollout_steps=32
seed=2    avg_loss: 0.000000359628  time_per_window : 0.002457   progress : 0.437
name: models.architecture.block_type=simple
models.architecture.mamba_type=mamba
training.mode=rollout
training.rollout_steps=32
seed=2    avg_loss: 0.000000354434  time_per_window : 0.002372   progress : 0.448
name: models.architecture.block_type=simple
models.architecture.mamba_type=mamba
training.mode=rollout
training.rollout_steps=32
seed=2    avg_loss: 0.000000349991  time_per_window : 0.002385   progress : 0.459
name: models.architecture.block_type=simple
models.architecture.mamba_type=mamba
training.mode=rollout
training.rollout_steps=32
seed=2    avg_loss: 0.000000327605  time_per_window : 0.002422   progress : 0.470
name: models.architecture.block_type=simple
models.architecture.mamba_type=mamba
training.mode=rollout
training.rollout_steps=32
seed=2    avg_loss: 0.000000337941  time_per_window : 0.002292   progress : 0.481
name: models.architecture.block_type=simple
models.architecture.mamba_type=mamba
training.mode=rollout
training.rollout_steps=32
seed=2    avg_loss: 0.000000337057  time_per_window : 0.002367   progress : 0.492
name: models.architecture.block_type=simple
models.architecture.mamba_type=mamba
training.mode=rollout
training.rollout_steps=32
seed=2    avg_loss: 0.000000294961  time_per_window : 0.002072   progress : 0.502
name: models.architecture.block_type=simple
models.architecture.mamba_type=mamba
training.mode=rollout
training.rollout_steps=32
seed=2    avg_loss: 0.000000286254  time_per_window : 0.001964   progress : 0.513
name: models.architecture.block_type=simple
models.architecture.mamba_type=mamba
training.mode=rollout
training.rollout_steps=32
seed=2    avg_loss: 0.000000280312  time_per_window : 0.002383   progress : 0.524
name: models.architecture.block_type=simple
models.architecture.mamba_type=mamba
training.mode=rollout
training.rollout_steps=32
seed=2    avg_loss: 0.000000416932  time_per_window : 0.001639   progress : 0.535
name: models.architecture.block_type=simple
models.architecture.mamba_type=mamba
training.mode=rollout
training.rollout_steps=32
seed=2    avg_loss: 0.000000324423  time_per_window : 0.001965   progress : 0.546
name: models.architecture.block_type=simple
models.architecture.mamba_type=mamba
training.mode=rollout
training.rollout_steps=32
seed=2    avg_loss: 0.000000336410  time_per_window : 0.002431   progress : 0.557
name: models.architecture.block_type=simple
models.architecture.mamba_type=mamba
training.mode=rollout
training.rollout_steps=32
seed=2    avg_loss: 0.000000409104  time_per_window : 0.002122   progress : 0.568
name: models.architecture.block_type=simple
models.architecture.mamba_type=mamba
training.mode=rollout
training.rollout_steps=32
seed=2    avg_loss: 0.000000310136  time_per_window : 0.002146   progress : 0.579
name: models.architecture.block_type=simple
models.architecture.mamba_type=mamba
training.mode=rollout
training.rollout_steps=32
seed=2    avg_loss: 0.000000331610  time_per_window : 0.002185   progress : 0.590
name: models.architecture.block_type=simple
models.architecture.mamba_type=mamba
training.mode=rollout
training.rollout_steps=32
seed=2    avg_loss: 0.000000332656  time_per_window : 0.002307   progress : 0.601
name: models.architecture.block_type=simple
models.architecture.mamba_type=mamba
training.mode=rollout
training.rollout_steps=32
seed=2    avg_loss: 0.000000314289  time_per_window : 0.002176   progress : 0.612
name: models.architecture.block_type=simple
models.architecture.mamba_type=mamba
training.mode=rollout
training.rollout_steps=32
seed=2    avg_loss: 0.000000327852  time_per_window : 0.002518   progress : 0.623
name: models.architecture.block_type=simple
models.architecture.mamba_type=mamba
training.mode=rollout
training.rollout_steps=32
seed=2    avg_loss: 0.000000286670  time_per_window : 0.002418   progress : 0.634
name: models.architecture.block_type=simple
models.architecture.mamba_type=mamba
training.mode=rollout
training.rollout_steps=32
seed=2    avg_loss: 0.000000333948  time_per_window : 0.002409   progress : 0.644
name: models.architecture.block_type=simple
models.architecture.mamba_type=mamba
training.mode=rollout
training.rollout_steps=32
seed=2    avg_loss: 0.000000291796  time_per_window : 0.001954   progress : 0.655
name: models.architecture.block_type=simple
models.architecture.mamba_type=mamba
training.mode=rollout
training.rollout_steps=32
seed=2    avg_loss: 0.000000328126  time_per_window : 0.002382   progress : 0.666
name: models.architecture.block_type=simple
models.architecture.mamba_type=mamba
training.mode=rollout
training.rollout_steps=32
seed=2    avg_loss: 0.000000328266  time_per_window : 0.002416   progress : 0.677
name: models.architecture.block_type=simple
models.architecture.mamba_type=mamba
training.mode=rollout
training.rollout_steps=32
seed=2    avg_loss: 0.000000322970  time_per_window : 0.001819   progress : 0.688
name: models.architecture.block_type=simple
models.architecture.mamba_type=mamba
training.mode=rollout
training.rollout_steps=32
seed=2    avg_loss: 0.000000304817  time_per_window : 0.002344   progress : 0.699
name: models.architecture.block_type=simple
models.architecture.mamba_type=mamba
training.mode=rollout
training.rollout_steps=32
seed=2    avg_loss: 0.000000318035  time_per_window : 0.001778   progress : 0.710
name: models.architecture.block_type=simple
models.architecture.mamba_type=mamba
training.mode=rollout
training.rollout_steps=32
seed=2    avg_loss: 0.000000275153  time_per_window : 0.002349   progress : 0.721
name: models.architecture.block_type=simple
models.architecture.mamba_type=mamba
training.mode=rollout
training.rollout_steps=32
seed=2    avg_loss: 0.000000318986  time_per_window : 0.002215   progress : 0.732
name: models.architecture.block_type=simple
models.architecture.mamba_type=mamba
training.mode=rollout
training.rollout_steps=32
seed=2    avg_loss: 0.000000305620  time_per_window : 0.002380   progress : 0.743
name: models.architecture.block_type=simple
models.architecture.mamba_type=mamba
training.mode=rollout
training.rollout_steps=32
seed=2    avg_loss: 0.000000298485  time_per_window : 0.002443   progress : 0.754
name: models.architecture.block_type=simple
models.architecture.mamba_type=mamba
training.mode=rollout
training.rollout_steps=32
seed=2    avg_loss: 0.000000284417  time_per_window : 0.001954   progress : 0.765
name: models.architecture.block_type=simple
models.architecture.mamba_type=mamba
training.mode=rollout
training.rollout_steps=32
seed=2    avg_loss: 0.000000425526  time_per_window : 0.002329   progress : 0.775
name: models.architecture.block_type=simple
models.architecture.mamba_type=mamba
training.mode=rollout
training.rollout_steps=32
seed=2    avg_loss: 0.000000345534  time_per_window : 0.002388   progress : 0.786
name: models.architecture.block_type=simple
models.architecture.mamba_type=mamba
training.mode=rollout
training.rollout_steps=32
seed=2    avg_loss: 0.000000270515  time_per_window : 0.002157   progress : 0.797
name: models.architecture.block_type=simple
models.architecture.mamba_type=mamba
training.mode=rollout
training.rollout_steps=32
seed=2    avg_loss: 0.000000311005  time_per_window : 0.001721   progress : 0.808
name: models.architecture.block_type=simple
models.architecture.mamba_type=mamba
training.mode=rollout
training.rollout_steps=32
seed=2    avg_loss: 0.000000338184  time_per_window : 0.002394   progress : 0.819
name: models.architecture.block_type=simple
models.architecture.mamba_type=mamba
training.mode=rollout
training.rollout_steps=32
seed=2    avg_loss: 0.000000288700  time_per_window : 0.002356   progress : 0.830
name: models.architecture.block_type=simple
models.architecture.mamba_type=mamba
training.mode=rollout
training.rollout_steps=32
seed=2    avg_loss: 0.000000421518  time_per_window : 0.002346   progress : 0.841
name: models.architecture.block_type=simple
models.architecture.mamba_type=mamba
training.mode=rollout
training.rollout_steps=32
seed=2    avg_loss: 0.000000283044  time_per_window : 0.001952   progress : 0.852
name: models.architecture.block_type=simple
models.architecture.mamba_type=mamba
training.mode=rollout
training.rollout_steps=32
seed=1    avg_loss: 0.000000563324  time_per_window : 0.002322   progress : 0.437
name: models.architecture.block_type=simple
models.architecture.mamba_type=mamba
training.mode=rollout
training.rollout_steps=32
seed=1    avg_loss: 0.000000616435  time_per_window : 0.002389   progress : 0.448
name: models.architecture.block_type=simple
models.architecture.mamba_type=mamba
training.mode=rollout
training.rollout_steps=32
seed=1    avg_loss: 0.000000689168  time_per_window : 0.002302   progress : 0.459
name: models.architecture.block_type=simple
models.architecture.mamba_type=mamba
training.mode=rollout
training.rollout_steps=32
seed=1    avg_loss: 0.000000615316  time_per_window : 0.002336   progress : 0.470
name: models.architecture.block_type=simple
models.architecture.mamba_type=mamba
training.mode=rollout
training.rollout_steps=32
seed=1    avg_loss: 0.000000671178  time_per_window : 0.002255   progress : 0.481
name: models.architecture.block_type=simple
models.architecture.mamba_type=mamba
training.mode=rollout
training.rollout_steps=32
seed=1    avg_loss: 0.000000591965  time_per_window : 0.002304   progress : 0.492
name: models.architecture.block_type=simple
models.architecture.mamba_type=mamba
training.mode=rollout
training.rollout_steps=32
seed=1    avg_loss: 0.000000520864  time_per_window : 0.002254   progress : 0.502
name: models.architecture.block_type=simple
models.architecture.mamba_type=mamba
training.mode=rollout
training.rollout_steps=32
seed=1    avg_loss: 0.000000791848  time_per_window : 0.002397   progress : 0.513
name: models.architecture.block_type=simple
models.architecture.mamba_type=mamba
training.mode=rollout
training.rollout_steps=32
seed=1    avg_loss: 0.000000546054  time_per_window : 0.001643   progress : 0.524
name: models.architecture.block_type=simple
models.architecture.mamba_type=mamba
training.mode=rollout
training.rollout_steps=32
seed=1    avg_loss: 0.000000738459  time_per_window : 0.002400   progress : 0.535
name: models.architecture.block_type=simple
models.architecture.mamba_type=mamba
training.mode=rollout
training.rollout_steps=32
seed=1    avg_loss: 0.000000711157  time_per_window : 0.002338   progress : 0.546
name: models.architecture.block_type=simple
models.architecture.mamba_type=mamba
training.mode=rollout
training.rollout_steps=32
seed=1    avg_loss: 0.000000520728  time_per_window : 0.002275   progress : 0.557
name: models.architecture.block_type=simple
models.architecture.mamba_type=mamba
training.mode=rollout
training.rollout_steps=32
seed=1    avg_loss: 0.000000513678  time_per_window : 0.002328   progress : 0.568
name: models.architecture.block_type=simple
models.architecture.mamba_type=mamba
training.mode=rollout
training.rollout_steps=32
seed=1    avg_loss: 0.000000472674  time_per_window : 0.001792   progress : 0.579
name: models.architecture.block_type=simple
models.architecture.mamba_type=mamba
training.mode=rollout
training.rollout_steps=32
seed=1    avg_loss: 0.000000408983  time_per_window : 0.002277   progress : 0.590
name: models.architecture.block_type=simple
models.architecture.mamba_type=mamba
training.mode=rollout
training.rollout_steps=32
seed=1    avg_loss: 0.000000402299  time_per_window : 0.002355   progress : 0.601
name: models.architecture.block_type=simple
models.architecture.mamba_type=mamba
training.mode=rollout
training.rollout_steps=32
seed=1    avg_loss: 0.000000541941  time_per_window : 0.002379   progress : 0.612
name: models.architecture.block_type=simple
models.architecture.mamba_type=mamba
training.mode=rollout
training.rollout_steps=32
seed=1    avg_loss: 0.000000625078  time_per_window : 0.001743   progress : 0.623
name: models.architecture.block_type=simple
models.architecture.mamba_type=mamba
training.mode=rollout
training.rollout_steps=32
seed=1    avg_loss: 0.000000425395  time_per_window : 0.002388   progress : 0.634
name: models.architecture.block_type=simple
models.architecture.mamba_type=mamba
training.mode=rollout
training.rollout_steps=32
seed=1    avg_loss: 0.000000540757  time_per_window : 0.002379   progress : 0.644
name: models.architecture.block_type=simple
models.architecture.mamba_type=mamba
training.mode=rollout
training.rollout_steps=32
seed=1    avg_loss: 0.000000483431  time_per_window : 0.002286   progress : 0.655
name: models.architecture.block_type=simple
models.architecture.mamba_type=mamba
training.mode=rollout
training.rollout_steps=32
seed=1    avg_loss: 0.000000602246  time_per_window : 0.002330   progress : 0.666
name: models.architecture.block_type=simple
models.architecture.mamba_type=mamba
training.mode=rollout
training.rollout_steps=32
seed=1    avg_loss: 0.000000680086  time_per_window : 0.002389   progress : 0.677
name: models.architecture.block_type=simple
models.architecture.mamba_type=mamba
training.mode=rollout
training.rollout_steps=32
seed=1    avg_loss: 0.000000350181  time_per_window : 0.002371   progress : 0.688
name: models.architecture.block_type=simple
models.architecture.mamba_type=mamba
training.mode=rollout
training.rollout_steps=32
seed=1    avg_loss: 0.000000566038  time_per_window : 0.002158   progress : 0.699
name: models.architecture.block_type=simple
models.architecture.mamba_type=mamba
training.mode=rollout
training.rollout_steps=32
seed=1    avg_loss: 0.000000502203  time_per_window : 0.002351   progress : 0.710
name: models.architecture.block_type=simple
models.architecture.mamba_type=mamba
training.mode=rollout
training.rollout_steps=32
seed=1    avg_loss: 0.000000475028  time_per_window : 0.002335   progress : 0.721
name: models.architecture.block_type=simple
models.architecture.mamba_type=mamba
training.mode=rollout
training.rollout_steps=32
seed=1    avg_loss: 0.000000459290  time_per_window : 0.002323   progress : 0.732
name: models.architecture.block_type=simple
models.architecture.mamba_type=mamba
training.mode=rollout
training.rollout_steps=32
seed=1    avg_loss: 0.000000468520  time_per_window : 0.002314   progress : 0.743
name: models.architecture.block_type=simple
models.architecture.mamba_type=mamba
training.mode=rollout
training.rollout_steps=32
seed=1    avg_loss: 0.000000566905  time_per_window : 0.002297   progress : 0.754
name: models.architecture.block_type=simple
models.architecture.mamba_type=mamba
training.mode=rollout
training.rollout_steps=32
seed=1    avg_loss: 0.000000348772  time_per_window : 0.002128   progress : 0.765
name: models.architecture.block_type=simple
models.architecture.mamba_type=mamba
training.mode=rollout
training.rollout_steps=32
seed=1    avg_loss: 0.000000773048  time_per_window : 0.002440   progress : 0.775
name: models.architecture.block_type=simple
models.architecture.mamba_type=mamba
training.mode=rollout
training.rollout_steps=32
seed=1    avg_loss: 0.000000481859  time_per_window : 0.002386   progress : 0.786
name: models.architecture.block_type=simple
models.architecture.mamba_type=mamba
training.mode=rollout
training.rollout_steps=32
seed=1    avg_loss: 0.000000324169  time_per_window : 0.002344   progress : 0.797
name: models.architecture.block_type=simple
models.architecture.mamba_type=mamba
training.mode=rollout
training.rollout_steps=32
seed=1    avg_loss: 0.000000358853  time_per_window : 0.002362   progress : 0.808
name: models.architecture.block_type=simple
models.architecture.mamba_type=mamba
training.mode=rollout
training.rollout_steps=32
seed=1    avg_loss: 0.000000455465  time_per_window : 0.002394   progress : 0.819
name: models.architecture.block_type=simple
models.architecture.mamba_type=mamba
training.mode=rollout
training.rollout_steps=32
seed=1    avg_loss: 0.000000386842  time_per_window : 0.002344   progress : 0.830
name: models.architecture.block_type=simple
models.architecture.mamba_type=mamba
training.mode=rollout
training.rollout_steps=32
seed=1    avg_loss: 0.000000507603  time_per_window : 0.001803   progress : 0.841
name: models.architecture.block_type=simple
models.architecture.mamba_type=mamba
training.mode=rollout
training.rollout_steps=32
seed=1    avg_loss: 0.000000531161  time_per_window : 0.002392   progress : 0.852
name: models.architecture.block_type=simple
models.architecture.mamba_type=mamba
training.mode=rollout
training.rollout_steps=32
seed=3    avg_loss: 0.000000419582  time_per_window : 0.002407   progress : 0.437
name: models.architecture.block_type=simple
models.architecture.mamba_type=mamba
training.mode=rollout
training.rollout_steps=32
seed=3    avg_loss: 0.000000497663  time_per_window : 0.002342   progress : 0.448
name: models.architecture.block_type=simple
models.architecture.mamba_type=mamba
training.mode=rollout
training.rollout_steps=32
seed=3    avg_loss: 0.000000426656  time_per_window : 0.002238   progress : 0.459
name: models.architecture.block_type=simple
models.architecture.mamba_type=mamba
training.mode=rollout
training.rollout_steps=32
seed=3    avg_loss: 0.000000454997  time_per_window : 0.002228   progress : 0.470
name: models.architecture.block_type=simple
models.architecture.mamba_type=mamba
training.mode=rollout
training.rollout_steps=32
seed=3    avg_loss: 0.000000369632  time_per_window : 0.002325   progress : 0.481
name: models.architecture.block_type=simple
models.architecture.mamba_type=mamba
training.mode=rollout
training.rollout_steps=32
seed=3    avg_loss: 0.000000358365  time_per_window : 0.002368   progress : 0.492
name: models.architecture.block_type=simple
models.architecture.mamba_type=mamba
training.mode=rollout
training.rollout_steps=32
seed=3    avg_loss: 0.000000503815  time_per_window : 0.002373   progress : 0.502
name: models.architecture.block_type=simple
models.architecture.mamba_type=mamba
training.mode=rollout
training.rollout_steps=32
seed=3    avg_loss: 0.000000472146  time_per_window : 0.002182   progress : 0.513
name: models.architecture.block_type=simple
models.architecture.mamba_type=mamba
training.mode=rollout
training.rollout_steps=32
seed=3    avg_loss: 0.000000392490  time_per_window : 0.002370   progress : 0.524
name: models.architecture.block_type=simple
models.architecture.mamba_type=mamba
training.mode=rollout
training.rollout_steps=32
seed=3    avg_loss: 0.000000539996  time_per_window : 0.002106   progress : 0.535
name: models.architecture.block_type=simple
models.architecture.mamba_type=mamba
training.mode=rollout
training.rollout_steps=32
seed=3    avg_loss: 0.000000324730  time_per_window : 0.002325   progress : 0.546
name: models.architecture.block_type=simple
models.architecture.mamba_type=mamba
training.mode=rollout
training.rollout_steps=32
seed=3    avg_loss: 0.000000380003  time_per_window : 0.002392   progress : 0.557
name: models.architecture.block_type=simple
models.architecture.mamba_type=mamba
training.mode=rollout
training.rollout_steps=32
seed=3    avg_loss: 0.000000417621  time_per_window : 0.002377   progress : 0.568
name: models.architecture.block_type=simple
models.architecture.mamba_type=mamba
training.mode=rollout
training.rollout_steps=32
seed=3    avg_loss: 0.000000413186  time_per_window : 0.002282   progress : 0.579
name: models.architecture.block_type=simple
models.architecture.mamba_type=mamba
training.mode=rollout
training.rollout_steps=32
seed=3    avg_loss: 0.000000431694  time_per_window : 0.002357   progress : 0.590
name: models.architecture.block_type=simple
models.architecture.mamba_type=mamba
training.mode=rollout
training.rollout_steps=32
seed=3    avg_loss: 0.000000408947  time_per_window : 0.002361   progress : 0.601
name: models.architecture.block_type=simple
models.architecture.mamba_type=mamba
training.mode=rollout
training.rollout_steps=32
seed=3    avg_loss: 0.000000317324  time_per_window : 0.002294   progress : 0.612
name: models.architecture.block_type=simple
models.architecture.mamba_type=mamba
training.mode=rollout
training.rollout_steps=32
seed=3    avg_loss: 0.000000354433  time_per_window : 0.002077   progress : 0.623
name: models.architecture.block_type=simple
models.architecture.mamba_type=mamba
training.mode=rollout
training.rollout_steps=32
seed=3    avg_loss: 0.000000341747  time_per_window : 0.001718   progress : 0.634
name: models.architecture.block_type=simple
models.architecture.mamba_type=mamba
training.mode=rollout
training.rollout_steps=32
seed=3    avg_loss: 0.000000510565  time_per_window : 0.002379   progress : 0.644
name: models.architecture.block_type=simple
models.architecture.mamba_type=mamba
training.mode=rollout
training.rollout_steps=32
seed=3    avg_loss: 0.000000433764  time_per_window : 0.002425   progress : 0.655
name: models.architecture.block_type=simple
models.architecture.mamba_type=mamba
training.mode=rollout
training.rollout_steps=32
seed=3    avg_loss: 0.000000412545  time_per_window : 0.002026   progress : 0.666
name: models.architecture.block_type=simple
models.architecture.mamba_type=mamba
training.mode=rollout
training.rollout_steps=32
seed=3    avg_loss: 0.000000370813  time_per_window : 0.002323   progress : 0.677
name: models.architecture.block_type=simple
models.architecture.mamba_type=mamba
training.mode=rollout
training.rollout_steps=32
seed=3    avg_loss: 0.000000388371  time_per_window : 0.002395   progress : 0.688
name: models.architecture.block_type=simple
models.architecture.mamba_type=mamba
training.mode=rollout
training.rollout_steps=32
seed=3    avg_loss: 0.000000414558  time_per_window : 0.001923   progress : 0.699
name: models.architecture.block_type=simple
models.architecture.mamba_type=mamba
training.mode=rollout
training.rollout_steps=32
seed=3    avg_loss: 0.000000348500  time_per_window : 0.002262   progress : 0.710
name: models.architecture.block_type=simple
models.architecture.mamba_type=mamba
training.mode=rollout
training.rollout_steps=32
seed=3    avg_loss: 0.000000299696  time_per_window : 0.002178   progress : 0.721
name: models.architecture.block_type=simple
models.architecture.mamba_type=mamba
training.mode=rollout
training.rollout_steps=32
seed=3    avg_loss: 0.000000438492  time_per_window : 0.002317   progress : 0.732
name: models.architecture.block_type=simple
models.architecture.mamba_type=mamba
training.mode=rollout
training.rollout_steps=32
seed=3    avg_loss: 0.000000297419  time_per_window : 0.002441   progress : 0.743
name: models.architecture.block_type=simple
models.architecture.mamba_type=mamba
training.mode=rollout
training.rollout_steps=32
seed=3    avg_loss: 0.000000378106  time_per_window : 0.002392   progress : 0.754
name: models.architecture.block_type=simple
models.architecture.mamba_type=mamba
training.mode=rollout
training.rollout_steps=32
seed=3    avg_loss: 0.000000363832  time_per_window : 0.002417   progress : 0.765
name: models.architecture.block_type=simple
models.architecture.mamba_type=mamba
training.mode=rollout
training.rollout_steps=32
seed=3    avg_loss: 0.000000508569  time_per_window : 0.002270   progress : 0.775
name: models.architecture.block_type=simple
models.architecture.mamba_type=mamba
training.mode=rollout
training.rollout_steps=32
seed=3    avg_loss: 0.000000322828  time_per_window : 0.002393   progress : 0.786
name: models.architecture.block_type=simple
models.architecture.mamba_type=mamba
training.mode=rollout
training.rollout_steps=32
seed=3    avg_loss: 0.000000342638  time_per_window : 0.002192   progress : 0.797
name: models.architecture.block_type=simple
models.architecture.mamba_type=mamba
training.mode=rollout
training.rollout_steps=32
seed=3    avg_loss: 0.000000418056  time_per_window : 0.002384   progress : 0.808
name: models.architecture.block_type=simple
models.architecture.mamba_type=mamba
training.mode=rollout
training.rollout_steps=32
seed=3    avg_loss: 0.000000324164  time_per_window : 0.002289   progress : 0.819
name: models.architecture.block_type=simple
models.architecture.mamba_type=mamba
training.mode=rollout
training.rollout_steps=32
seed=3    avg_loss: 0.000000322385  time_per_window : 0.002352   progress : 0.830
name: models.architecture.block_type=simple
models.architecture.mamba_type=mamba
training.mode=rollout
training.rollout_steps=32
seed=3    avg_loss: 0.000000426562  time_per_window : 0.002363   progress : 0.841
name: models.architecture.block_type=simple
models.architecture.mamba_type=mamba
training.mode=rollout
training.rollout_steps=32
seed=3    avg_loss: 0.000000299759  time_per_window : 0.002425   progress : 0.852
name: models.architecture.block_type=simple
models.architecture.mamba_type=mamba
training.mode=rollout
training.rollout_steps=32
seed=4    avg_loss: 0.000000377990  time_per_window : 0.001957   progress : 0.863
name: models.architecture.block_type=simple
models.architecture.mamba_type=mamba
training.mode=rollout
training.rollout_steps=32
seed=4    avg_loss: 0.000000254365  time_per_window : 0.002337   progress : 0.874
name: models.architecture.block_type=simple
models.architecture.mamba_type=mamba
training.mode=rollout
training.rollout_steps=32
seed=4    avg_loss: 0.000000293968  time_per_window : 0.002337   progress : 0.885
name: models.architecture.block_type=simple
models.architecture.mamba_type=mamba
training.mode=rollout
training.rollout_steps=32
seed=4    avg_loss: 0.000000293189  time_per_window : 0.002317   progress : 0.896
name: models.architecture.block_type=simple
models.architecture.mamba_type=mamba
training.mode=rollout
training.rollout_steps=32
seed=4    avg_loss: 0.000000303296  time_per_window : 0.001738   progress : 0.907
name: models.architecture.block_type=simple
models.architecture.mamba_type=mamba
training.mode=rollout
training.rollout_steps=32
seed=4    avg_loss: 0.000000266961  time_per_window : 0.002246   progress : 0.917
name: models.architecture.block_type=simple
models.architecture.mamba_type=mamba
training.mode=rollout
training.rollout_steps=32
seed=4    avg_loss: 0.000000391921  time_per_window : 0.002347   progress : 0.928
name: models.architecture.block_type=simple
models.architecture.mamba_type=mamba
training.mode=rollout
training.rollout_steps=32
seed=4    avg_loss: 0.000000255746  time_per_window : 0.002371   progress : 0.939
name: models.architecture.block_type=simple
models.architecture.mamba_type=mamba
training.mode=rollout
training.rollout_steps=32
seed=4    avg_loss: 0.000000252864  time_per_window : 0.002027   progress : 0.950
name: models.architecture.block_type=simple
models.architecture.mamba_type=mamba
training.mode=rollout
training.rollout_steps=32
seed=4    avg_loss: 0.000000287191  time_per_window : 0.002314   progress : 0.961
name: models.architecture.block_type=simple
models.architecture.mamba_type=mamba
training.mode=rollout
training.rollout_steps=32
seed=4    avg_loss: 0.000000249388  time_per_window : 0.002158   progress : 0.972
name: models.architecture.block_type=simple
models.architecture.mamba_type=mamba
training.mode=rollout
training.rollout_steps=32
seed=4    avg_loss: 0.000000251695  time_per_window : 0.002305   progress : 0.983
name: models.architecture.block_type=simple
models.architecture.mamba_type=mamba
training.mode=rollout
training.rollout_steps=32
seed=4    avg_loss: 0.000000279799  time_per_window : 0.002339   progress : 0.994
name: models.architecture.block_type=simple
models.architecture.mamba_type=mamba
training.mode=rollout
training.rollout_steps=32
seed=4    avg_loss: 0.000020844242  time_per_window : 0.001898   progress : 0.011
name: models.architecture.block_type=simple
models.architecture.mamba_type=mamba
training.mode=rollout
training.rollout_steps=32
seed=4    avg_loss: 0.000003926102  time_per_window : 0.002374   progress : 0.022
name: models.architecture.block_type=simple
models.architecture.mamba_type=mamba
training.mode=rollout
training.rollout_steps=32
seed=4    avg_loss: 0.000000454370  time_per_window : 0.002409   progress : 0.033
name: models.architecture.block_type=simple
models.architecture.mamba_type=mamba
training.mode=rollout
training.rollout_steps=32
seed=4    avg_loss: 0.000000398605  time_per_window : 0.002390   progress : 0.044
name: models.architecture.block_type=simple
models.architecture.mamba_type=mamba
training.mode=rollout
training.rollout_steps=32
seed=4    avg_loss: 0.000000335010  time_per_window : 0.002366   progress : 0.055
name: models.architecture.block_type=simple
models.architecture.mamba_type=mamba
training.mode=rollout
training.rollout_steps=32
seed=4    avg_loss: 0.000000332694  time_per_window : 0.002284   progress : 0.066
name: models.architecture.block_type=simple
models.architecture.mamba_type=mamba
training.mode=rollout
training.rollout_steps=32
seed=4    avg_loss: 0.000000373251  time_per_window : 0.002291   progress : 0.076
name: models.architecture.block_type=simple
models.architecture.mamba_type=mamba
training.mode=rollout
training.rollout_steps=32
seed=4    avg_loss: 0.000000332180  time_per_window : 0.002464   progress : 0.087
name: models.architecture.block_type=simple
models.architecture.mamba_type=mamba
training.mode=rollout
training.rollout_steps=32
seed=4    avg_loss: 0.000000344924  time_per_window : 0.002310   progress : 0.098
name: models.architecture.block_type=simple
models.architecture.mamba_type=mamba
training.mode=rollout
training.rollout_steps=32
seed=4    avg_loss: 0.000000333392  time_per_window : 0.002374   progress : 0.109
name: models.architecture.block_type=simple
models.architecture.mamba_type=mamba
training.mode=rollout
training.rollout_steps=32
seed=4    avg_loss: 0.000000336105  time_per_window : 0.002387   progress : 0.120
name: models.architecture.block_type=simple
models.architecture.mamba_type=mamba
training.mode=rollout
training.rollout_steps=32
seed=4    avg_loss: 0.000000314014  time_per_window : 0.002348   progress : 0.131
name: models.architecture.block_type=simple
models.architecture.mamba_type=mamba
training.mode=rollout
training.rollout_steps=32
seed=4    avg_loss: 0.000000328001  time_per_window : 0.002274   progress : 0.142
name: models.architecture.block_type=simple
models.architecture.mamba_type=mamba
training.mode=rollout
training.rollout_steps=32
seed=4    avg_loss: 0.000000330920  time_per_window : 0.001919   progress : 0.153
name: models.architecture.block_type=simple
models.architecture.mamba_type=mamba
training.mode=rollout
training.rollout_steps=32
seed=4    avg_loss: 0.000000369684  time_per_window : 0.002299   progress : 0.164
name: models.architecture.block_type=simple
models.architecture.mamba_type=mamba
training.mode=rollout
training.rollout_steps=32
seed=4    avg_loss: 0.000000363854  time_per_window : 0.002057   progress : 0.175
name: models.architecture.block_type=simple
models.architecture.mamba_type=mamba
training.mode=rollout
training.rollout_steps=32
seed=4    avg_loss: 0.000000368592  time_per_window : 0.002389   progress : 0.186
name: models.architecture.block_type=simple
models.architecture.mamba_type=mamba
training.mode=rollout
training.rollout_steps=32
seed=4    avg_loss: 0.000000390224  time_per_window : 0.001964   progress : 0.197
name: models.architecture.block_type=simple
models.architecture.mamba_type=mamba
training.mode=rollout
training.rollout_steps=32
seed=4    avg_loss: 0.000000357869  time_per_window : 0.001830   progress : 0.208
name: models.architecture.block_type=simple
models.architecture.mamba_type=mamba
training.mode=rollout
training.rollout_steps=32
seed=4    avg_loss: 0.000000364804  time_per_window : 0.001783   progress : 0.218
name: models.architecture.block_type=simple
models.architecture.mamba_type=mamba
training.mode=rollout
training.rollout_steps=32
seed=4    avg_loss: 0.000000389540  time_per_window : 0.002259   progress : 0.229
name: models.architecture.block_type=simple
models.architecture.mamba_type=mamba
training.mode=rollout
training.rollout_steps=32
seed=4    avg_loss: 0.000000415585  time_per_window : 0.002367   progress : 0.240
name: models.architecture.block_type=simple
models.architecture.mamba_type=mamba
training.mode=rollout
training.rollout_steps=32
seed=4    avg_loss: 0.000000465504  time_per_window : 0.002355   progress : 0.251
name: models.architecture.block_type=simple
models.architecture.mamba_type=mamba
training.mode=rollout
training.rollout_steps=32
seed=4    avg_loss: 0.000000384241  time_per_window : 0.002260   progress : 0.262
name: models.architecture.block_type=simple
models.architecture.mamba_type=mamba
training.mode=rollout
training.rollout_steps=32
seed=4    avg_loss: 0.000000403938  time_per_window : 0.002390   progress : 0.273
name: models.architecture.block_type=simple
models.architecture.mamba_type=mamba
training.mode=rollout
training.rollout_steps=32
seed=4    avg_loss: 0.000000388655  time_per_window : 0.002361   progress : 0.284
name: models.architecture.block_type=simple
models.architecture.mamba_type=mamba
training.mode=rollout
training.rollout_steps=32
seed=0    avg_loss: 0.000000415827  time_per_window : 0.002377   progress : 0.863
name: models.architecture.block_type=simple
models.architecture.mamba_type=mamba
training.mode=rollout
training.rollout_steps=32
seed=0    avg_loss: 0.000000514751  time_per_window : 0.002371   progress : 0.874
name: models.architecture.block_type=simple
models.architecture.mamba_type=mamba
training.mode=rollout
training.rollout_steps=32
seed=0    avg_loss: 0.000000459911  time_per_window : 0.002155   progress : 0.885
name: models.architecture.block_type=simple
models.architecture.mamba_type=mamba
training.mode=rollout
training.rollout_steps=32
seed=0    avg_loss: 0.000000492397  time_per_window : 0.002424   progress : 0.896
name: models.architecture.block_type=simple
models.architecture.mamba_type=mamba
training.mode=rollout
training.rollout_steps=32
seed=0    avg_loss: 0.000000523628  time_per_window : 0.002029   progress : 0.907
name: models.architecture.block_type=simple
models.architecture.mamba_type=mamba
training.mode=rollout
training.rollout_steps=32
seed=0    avg_loss: 0.000000545569  time_per_window : 0.002384   progress : 0.917
name: models.architecture.block_type=simple
models.architecture.mamba_type=mamba
training.mode=rollout
training.rollout_steps=32
seed=0    avg_loss: 0.000000370926  time_per_window : 0.002438   progress : 0.928
name: models.architecture.block_type=simple
models.architecture.mamba_type=mamba
training.mode=rollout
training.rollout_steps=32
seed=0    avg_loss: 0.000000611033  time_per_window : 0.001819   progress : 0.939
name: models.architecture.block_type=simple
models.architecture.mamba_type=mamba
training.mode=rollout
training.rollout_steps=32
seed=0    avg_loss: 0.000000494248  time_per_window : 0.001640   progress : 0.950
name: models.architecture.block_type=simple
models.architecture.mamba_type=mamba
training.mode=rollout
training.rollout_steps=32
seed=0    avg_loss: 0.000000375340  time_per_window : 0.002344   progress : 0.961
name: models.architecture.block_type=simple
models.architecture.mamba_type=mamba
training.mode=rollout
training.rollout_steps=32
seed=0    avg_loss: 0.000000794005  time_per_window : 0.002121   progress : 0.972
name: models.architecture.block_type=simple
models.architecture.mamba_type=mamba
training.mode=rollout
training.rollout_steps=32
seed=0    avg_loss: 0.000000466730  time_per_window : 0.002380   progress : 0.983
name: models.architecture.block_type=simple
models.architecture.mamba_type=mamba
training.mode=rollout
training.rollout_steps=32
seed=0    avg_loss: 0.000000465738  time_per_window : 0.002478   progress : 0.994
name: models.architecture.block_type=simple
models.architecture.mamba_type=mamba
training.mode=rollout
training.rollout_steps=32
seed=0    avg_loss: 0.000020249505  time_per_window : 0.002031   progress : 0.011
name: models.architecture.block_type=simple
models.architecture.mamba_type=mamba
training.mode=rollout
training.rollout_steps=32
seed=0    avg_loss: 0.000005342786  time_per_window : 0.002338   progress : 0.022
name: models.architecture.block_type=simple
models.architecture.mamba_type=mamba
training.mode=rollout
training.rollout_steps=32
seed=0    avg_loss: 0.000002421334  time_per_window : 0.001989   progress : 0.033
name: models.architecture.block_type=simple
models.architecture.mamba_type=mamba
training.mode=rollout
training.rollout_steps=32
seed=0    avg_loss: 0.000000949745  time_per_window : 0.002071   progress : 0.044
name: models.architecture.block_type=simple
models.architecture.mamba_type=mamba
training.mode=rollout
training.rollout_steps=32
seed=0    avg_loss: 0.000001043746  time_per_window : 0.002260   progress : 0.055
name: models.architecture.block_type=simple
models.architecture.mamba_type=mamba
training.mode=rollout
training.rollout_steps=32
seed=0    avg_loss: 0.000000617755  time_per_window : 0.002387   progress : 0.066
name: models.architecture.block_type=simple
models.architecture.mamba_type=mamba
training.mode=rollout
training.rollout_steps=32
seed=0    avg_loss: 0.000000790123  time_per_window : 0.002425   progress : 0.076
name: models.architecture.block_type=simple
models.architecture.mamba_type=mamba
training.mode=rollout
training.rollout_steps=32
seed=0    avg_loss: 0.000000784382  time_per_window : 0.002301   progress : 0.087
name: models.architecture.block_type=simple
models.architecture.mamba_type=mamba
training.mode=rollout
training.rollout_steps=32
seed=0    avg_loss: 0.000000576381  time_per_window : 0.002266   progress : 0.098
name: models.architecture.block_type=simple
models.architecture.mamba_type=mamba
training.mode=rollout
training.rollout_steps=32
seed=0    avg_loss: 0.000000728564  time_per_window : 0.002286   progress : 0.109
name: models.architecture.block_type=simple
models.architecture.mamba_type=mamba
training.mode=rollout
training.rollout_steps=32
seed=0    avg_loss: 0.000000613796  time_per_window : 0.002315   progress : 0.120
name: models.architecture.block_type=simple
models.architecture.mamba_type=mamba
training.mode=rollout
training.rollout_steps=32
seed=0    avg_loss: 0.000000793521  time_per_window : 0.002376   progress : 0.131
name: models.architecture.block_type=simple
models.architecture.mamba_type=mamba
training.mode=rollout
training.rollout_steps=32
seed=0    avg_loss: 0.000000751152  time_per_window : 0.002434   progress : 0.142
name: models.architecture.block_type=simple
models.architecture.mamba_type=mamba
training.mode=rollout
training.rollout_steps=32
seed=0    avg_loss: 0.000000859283  time_per_window : 0.002233   progress : 0.153
name: models.architecture.block_type=simple
models.architecture.mamba_type=mamba
training.mode=rollout
training.rollout_steps=32
seed=0    avg_loss: 0.000000696605  time_per_window : 0.002068   progress : 0.164
name: models.architecture.block_type=simple
models.architecture.mamba_type=mamba
training.mode=rollout
training.rollout_steps=32
seed=0    avg_loss: 0.000000568223  time_per_window : 0.002402   progress : 0.175
name: models.architecture.block_type=simple
models.architecture.mamba_type=mamba
training.mode=rollout
training.rollout_steps=32
seed=0    avg_loss: 0.000000550149  time_per_window : 0.002420   progress : 0.186
name: models.architecture.block_type=simple
models.architecture.mamba_type=mamba
training.mode=rollout
training.rollout_steps=32
seed=0    avg_loss: 0.000000778438  time_per_window : 0.002404   progress : 0.197
name: models.architecture.block_type=simple
models.architecture.mamba_type=mamba
training.mode=rollout
training.rollout_steps=32
seed=0    avg_loss: 0.000000525481  time_per_window : 0.001922   progress : 0.208
name: models.architecture.block_type=simple
models.architecture.mamba_type=mamba
training.mode=rollout
training.rollout_steps=32
seed=0    avg_loss: 0.000000685378  time_per_window : 0.002244   progress : 0.218
name: models.architecture.block_type=simple
models.architecture.mamba_type=mamba
training.mode=rollout
training.rollout_steps=32
seed=0    avg_loss: 0.000000811897  time_per_window : 0.002382   progress : 0.229
name: models.architecture.block_type=simple
models.architecture.mamba_type=mamba
training.mode=rollout
training.rollout_steps=32
seed=0    avg_loss: 0.000000570961  time_per_window : 0.002347   progress : 0.240
name: models.architecture.block_type=simple
models.architecture.mamba_type=mamba
training.mode=rollout
training.rollout_steps=32
seed=0    avg_loss: 0.000000678568  time_per_window : 0.002347   progress : 0.251
name: models.architecture.block_type=simple
models.architecture.mamba_type=mamba
training.mode=rollout
training.rollout_steps=32
seed=0    avg_loss: 0.000000942820  time_per_window : 0.002286   progress : 0.262
name: models.architecture.block_type=simple
models.architecture.mamba_type=mamba
training.mode=rollout
training.rollout_steps=32
seed=0    avg_loss: 0.000000705389  time_per_window : 0.002382   progress : 0.273
name: models.architecture.block_type=simple
models.architecture.mamba_type=mamba
training.mode=rollout
training.rollout_steps=32
seed=0    avg_loss: 0.000000618570  time_per_window : 0.002005   progress : 0.284
name: models.architecture.block_type=simple
models.architecture.mamba_type=mamba
training.mode=rollout
training.rollout_steps=32
seed=2    avg_loss: 0.000000250403  time_per_window : 0.002359   progress : 0.863
name: models.architecture.block_type=simple
models.architecture.mamba_type=mamba
training.mode=rollout
training.rollout_steps=32
seed=2    avg_loss: 0.000000289380  time_per_window : 0.002350   progress : 0.874
name: models.architecture.block_type=simple
models.architecture.mamba_type=mamba
training.mode=rollout
training.rollout_steps=32
seed=2    avg_loss: 0.000000287677  time_per_window : 0.002389   progress : 0.885
name: models.architecture.block_type=simple
models.architecture.mamba_type=mamba
training.mode=rollout
training.rollout_steps=32
seed=2    avg_loss: 0.000000264587  time_per_window : 0.002299   progress : 0.896
name: models.architecture.block_type=simple
models.architecture.mamba_type=mamba
training.mode=rollout
training.rollout_steps=32
seed=2    avg_loss: 0.000000324739  time_per_window : 0.002401   progress : 0.907
name: models.architecture.block_type=simple
models.architecture.mamba_type=mamba
training.mode=rollout
training.rollout_steps=32
seed=2    avg_loss: 0.000000308445  time_per_window : 0.002410   progress : 0.917
name: models.architecture.block_type=simple
models.architecture.mamba_type=mamba
training.mode=rollout
training.rollout_steps=32
seed=2    avg_loss: 0.000000343548  time_per_window : 0.002398   progress : 0.928
name: models.architecture.block_type=simple
models.architecture.mamba_type=mamba
training.mode=rollout
training.rollout_steps=32
seed=2    avg_loss: 0.000000284915  time_per_window : 0.002439   progress : 0.939
name: models.architecture.block_type=simple
models.architecture.mamba_type=mamba
training.mode=rollout
training.rollout_steps=32
seed=2    avg_loss: 0.000000396788  time_per_window : 0.002355   progress : 0.950
name: models.architecture.block_type=simple
models.architecture.mamba_type=mamba
training.mode=rollout
training.rollout_steps=32
seed=2    avg_loss: 0.000000343025  time_per_window : 0.002387   progress : 0.961
name: models.architecture.block_type=simple
models.architecture.mamba_type=mamba
training.mode=rollout
training.rollout_steps=32
seed=2    avg_loss: 0.000000254567  time_per_window : 0.002297   progress : 0.972
name: models.architecture.block_type=simple
models.architecture.mamba_type=mamba
training.mode=rollout
training.rollout_steps=32
seed=2    avg_loss: 0.000000282484  time_per_window : 0.002436   progress : 0.983
name: models.architecture.block_type=simple
models.architecture.mamba_type=mamba
training.mode=rollout
training.rollout_steps=32
seed=2    avg_loss: 0.000000318998  time_per_window : 0.002322   progress : 0.994
name: models.architecture.block_type=simple
models.architecture.mamba_type=mamba
training.mode=rollout
training.rollout_steps=32
seed=2    avg_loss: 0.000009980473  time_per_window : 0.001832   progress : 0.011
name: models.architecture.block_type=simple
models.architecture.mamba_type=mamba
training.mode=rollout
training.rollout_steps=32
seed=2    avg_loss: 0.000000329288  time_per_window : 0.002294   progress : 0.022
name: models.architecture.block_type=simple
models.architecture.mamba_type=mamba
training.mode=rollout
training.rollout_steps=32
seed=2    avg_loss: 0.000000316608  time_per_window : 0.002417   progress : 0.033
name: models.architecture.block_type=simple
models.architecture.mamba_type=mamba
training.mode=rollout
training.rollout_steps=32
seed=2    avg_loss: 0.000000362636  time_per_window : 0.002309   progress : 0.044
name: models.architecture.block_type=simple
models.architecture.mamba_type=mamba
training.mode=rollout
training.rollout_steps=32
seed=2    avg_loss: 0.000000339079  time_per_window : 0.001870   progress : 0.055
name: models.architecture.block_type=simple
models.architecture.mamba_type=mamba
training.mode=rollout
training.rollout_steps=32
seed=2    avg_loss: 0.000000381007  time_per_window : 0.002384   progress : 0.066
name: models.architecture.block_type=simple
models.architecture.mamba_type=mamba
training.mode=rollout
training.rollout_steps=32
seed=2    avg_loss: 0.000000321031  time_per_window : 0.002566   progress : 0.076
name: models.architecture.block_type=simple
models.architecture.mamba_type=mamba
training.mode=rollout
training.rollout_steps=32
seed=2    avg_loss: 0.000000492389  time_per_window : 0.002335   progress : 0.087
name: models.architecture.block_type=simple
models.architecture.mamba_type=mamba
training.mode=rollout
training.rollout_steps=32
seed=2    avg_loss: 0.000000345372  time_per_window : 0.002434   progress : 0.098
name: models.architecture.block_type=simple
models.architecture.mamba_type=mamba
training.mode=rollout
training.rollout_steps=32
seed=2    avg_loss: 0.000000354860  time_per_window : 0.002133   progress : 0.109
name: models.architecture.block_type=simple
models.architecture.mamba_type=mamba
training.mode=rollout
training.rollout_steps=32
seed=2    avg_loss: 0.000000311982  time_per_window : 0.002422   progress : 0.120
name: models.architecture.block_type=simple
models.architecture.mamba_type=mamba
training.mode=rollout
training.rollout_steps=32
seed=2    avg_loss: 0.000000356697  time_per_window : 0.002362   progress : 0.131
name: models.architecture.block_type=simple
models.architecture.mamba_type=mamba
training.mode=rollout
training.rollout_steps=32
seed=2    avg_loss: 0.000000336780  time_per_window : 0.002389   progress : 0.142
name: models.architecture.block_type=simple
models.architecture.mamba_type=mamba
training.mode=rollout
training.rollout_steps=32
seed=2    avg_loss: 0.000000447907  time_per_window : 0.002381   progress : 0.153
name: models.architecture.block_type=simple
models.architecture.mamba_type=mamba
training.mode=rollout
training.rollout_steps=32
seed=2    avg_loss: 0.000000377716  time_per_window : 0.001940   progress : 0.164
name: models.architecture.block_type=simple
models.architecture.mamba_type=mamba
training.mode=rollout
training.rollout_steps=32
seed=2    avg_loss: 0.000000334847  time_per_window : 0.001901   progress : 0.175
name: models.architecture.block_type=simple
models.architecture.mamba_type=mamba
training.mode=rollout
training.rollout_steps=32
seed=2    avg_loss: 0.000000357892  time_per_window : 0.002382   progress : 0.186
name: models.architecture.block_type=simple
models.architecture.mamba_type=mamba
training.mode=rollout
training.rollout_steps=32
seed=2    avg_loss: 0.000000383140  time_per_window : 0.002308   progress : 0.197
name: models.architecture.block_type=simple
models.architecture.mamba_type=mamba
training.mode=rollout
training.rollout_steps=32
seed=2    avg_loss: 0.000000406577  time_per_window : 0.002215   progress : 0.208
name: models.architecture.block_type=simple
models.architecture.mamba_type=mamba
training.mode=rollout
training.rollout_steps=32
seed=2    avg_loss: 0.000000419564  time_per_window : 0.002353   progress : 0.218
name: models.architecture.block_type=simple
models.architecture.mamba_type=mamba
training.mode=rollout
training.rollout_steps=32
seed=2    avg_loss: 0.000000465076  time_per_window : 0.002437   progress : 0.229
name: models.architecture.block_type=simple
models.architecture.mamba_type=mamba
training.mode=rollout
training.rollout_steps=32
seed=2    avg_loss: 0.000000441460  time_per_window : 0.002418   progress : 0.240
name: models.architecture.block_type=simple
models.architecture.mamba_type=mamba
training.mode=rollout
training.rollout_steps=32
seed=2    avg_loss: 0.000000325510  time_per_window : 0.002302   progress : 0.251
name: models.architecture.block_type=simple
models.architecture.mamba_type=mamba
training.mode=rollout
training.rollout_steps=32
seed=2    avg_loss: 0.000000378268  time_per_window : 0.002357   progress : 0.262
name: models.architecture.block_type=simple
models.architecture.mamba_type=mamba
training.mode=rollout
training.rollout_steps=32
seed=2    avg_loss: 0.000000399160  time_per_window : 0.002405   progress : 0.273
name: models.architecture.block_type=simple
models.architecture.mamba_type=mamba
training.mode=rollout
training.rollout_steps=32
seed=2    avg_loss: 0.000000397860  time_per_window : 0.002101   progress : 0.284
name: models.architecture.block_type=simple
models.architecture.mamba_type=mamba
training.mode=rollout
training.rollout_steps=32
seed=1    avg_loss: 0.000000516941  time_per_window : 0.002290   progress : 0.863
name: models.architecture.block_type=simple
models.architecture.mamba_type=mamba
training.mode=rollout
training.rollout_steps=32
seed=1    avg_loss: 0.000000330255  time_per_window : 0.002393   progress : 0.874
name: models.architecture.block_type=simple
models.architecture.mamba_type=mamba
training.mode=rollout
training.rollout_steps=32
seed=1    avg_loss: 0.000000374753  time_per_window : 0.002262   progress : 0.885
name: models.architecture.block_type=simple
models.architecture.mamba_type=mamba
training.mode=rollout
training.rollout_steps=32
seed=1    avg_loss: 0.000000354670  time_per_window : 0.002347   progress : 0.896
name: models.architecture.block_type=simple
models.architecture.mamba_type=mamba
training.mode=rollout
training.rollout_steps=32
seed=1    avg_loss: 0.000000862430  time_per_window : 0.002357   progress : 0.907
name: models.architecture.block_type=simple
models.architecture.mamba_type=mamba
training.mode=rollout
training.rollout_steps=32
seed=1    avg_loss: 0.000000394112  time_per_window : 0.001779   progress : 0.917
name: models.architecture.block_type=simple
models.architecture.mamba_type=mamba
training.mode=rollout
training.rollout_steps=32
seed=1    avg_loss: 0.000000345553  time_per_window : 0.002312   progress : 0.928
name: models.architecture.block_type=simple
models.architecture.mamba_type=mamba
training.mode=rollout
training.rollout_steps=32
seed=1    avg_loss: 0.000000397090  time_per_window : 0.002391   progress : 0.939
name: models.architecture.block_type=simple
models.architecture.mamba_type=mamba
training.mode=rollout
training.rollout_steps=32
seed=1    avg_loss: 0.000000403465  time_per_window : 0.001688   progress : 0.950
name: models.architecture.block_type=simple
models.architecture.mamba_type=mamba
training.mode=rollout
training.rollout_steps=32
seed=1    avg_loss: 0.000000454773  time_per_window : 0.002360   progress : 0.961
name: models.architecture.block_type=simple
models.architecture.mamba_type=mamba
training.mode=rollout
training.rollout_steps=32
seed=1    avg_loss: 0.000000397883  time_per_window : 0.002352   progress : 0.972
name: models.architecture.block_type=simple
models.architecture.mamba_type=mamba
training.mode=rollout
training.rollout_steps=32
seed=1    avg_loss: 0.000000307412  time_per_window : 0.002329   progress : 0.983
name: models.architecture.block_type=simple
models.architecture.mamba_type=mamba
training.mode=rollout
training.rollout_steps=32
seed=1    avg_loss: 0.000000426122  time_per_window : 0.002254   progress : 0.994
name: models.architecture.block_type=simple
models.architecture.mamba_type=mamba
training.mode=rollout
training.rollout_steps=32
seed=1    avg_loss: 0.000013900539  time_per_window : 0.002440   progress : 0.011
name: models.architecture.block_type=simple
models.architecture.mamba_type=mamba
training.mode=rollout
training.rollout_steps=32
seed=1    avg_loss: 0.000001414840  time_per_window : 0.002389   progress : 0.022
name: models.architecture.block_type=simple
models.architecture.mamba_type=mamba
training.mode=rollout
training.rollout_steps=32
seed=1    avg_loss: 0.000000569562  time_per_window : 0.002257   progress : 0.033
name: models.architecture.block_type=simple
models.architecture.mamba_type=mamba
training.mode=rollout
training.rollout_steps=32
seed=1    avg_loss: 0.000000608357  time_per_window : 0.002327   progress : 0.044
name: models.architecture.block_type=simple
models.architecture.mamba_type=mamba
training.mode=rollout
training.rollout_steps=32
seed=1    avg_loss: 0.000000524303  time_per_window : 0.002385   progress : 0.055
name: models.architecture.block_type=simple
models.architecture.mamba_type=mamba
training.mode=rollout
training.rollout_steps=32
seed=1    avg_loss: 0.000000467506  time_per_window : 0.002285   progress : 0.066
name: models.architecture.block_type=simple
models.architecture.mamba_type=mamba
training.mode=rollout
training.rollout_steps=32
seed=1    avg_loss: 0.000000504413  time_per_window : 0.002266   progress : 0.076
name: models.architecture.block_type=simple
models.architecture.mamba_type=mamba
training.mode=rollout
training.rollout_steps=32
seed=1    avg_loss: 0.000000580105  time_per_window : 0.002367   progress : 0.087
name: models.architecture.block_type=simple
models.architecture.mamba_type=mamba
training.mode=rollout
training.rollout_steps=32
seed=1    avg_loss: 0.000000590375  time_per_window : 0.001599   progress : 0.098
name: models.architecture.block_type=simple
models.architecture.mamba_type=mamba
training.mode=rollout
training.rollout_steps=32
seed=1    avg_loss: 0.000000514806  time_per_window : 0.002294   progress : 0.109
name: models.architecture.block_type=simple
models.architecture.mamba_type=mamba
training.mode=rollout
training.rollout_steps=32
seed=1    avg_loss: 0.000000655418  time_per_window : 0.002384   progress : 0.120
name: models.architecture.block_type=simple
models.architecture.mamba_type=mamba
training.mode=rollout
training.rollout_steps=32
seed=1    avg_loss: 0.000000571881  time_per_window : 0.002369   progress : 0.131
name: models.architecture.block_type=simple
models.architecture.mamba_type=mamba
training.mode=rollout
training.rollout_steps=32
seed=1    avg_loss: 0.000000449776  time_per_window : 0.002346   progress : 0.142
name: models.architecture.block_type=simple
models.architecture.mamba_type=mamba
training.mode=rollout
training.rollout_steps=32
seed=1    avg_loss: 0.000000556240  time_per_window : 0.002394   progress : 0.153
name: models.architecture.block_type=simple
models.architecture.mamba_type=mamba
training.mode=rollout
training.rollout_steps=32
seed=1    avg_loss: 0.000000523744  time_per_window : 0.001973   progress : 0.164
name: models.architecture.block_type=simple
models.architecture.mamba_type=mamba
training.mode=rollout
training.rollout_steps=32
seed=1    avg_loss: 0.000000486303  time_per_window : 0.002398   progress : 0.175
name: models.architecture.block_type=simple
models.architecture.mamba_type=mamba
training.mode=rollout
training.rollout_steps=32
seed=1    avg_loss: 0.000000526780  time_per_window : 0.001709   progress : 0.186
name: models.architecture.block_type=simple
models.architecture.mamba_type=mamba
training.mode=rollout
training.rollout_steps=32
seed=1    avg_loss: 0.000000534870  time_per_window : 0.002163   progress : 0.197
name: models.architecture.block_type=simple
models.architecture.mamba_type=mamba
training.mode=rollout
training.rollout_steps=32
seed=1    avg_loss: 0.000000487264  time_per_window : 0.001863   progress : 0.208
name: models.architecture.block_type=simple
models.architecture.mamba_type=mamba
training.mode=rollout
training.rollout_steps=32
seed=1    avg_loss: 0.000000551813  time_per_window : 0.002393   progress : 0.218
name: models.architecture.block_type=simple
models.architecture.mamba_type=mamba
training.mode=rollout
training.rollout_steps=32
seed=1    avg_loss: 0.000000517326  time_per_window : 0.002282   progress : 0.229
name: models.architecture.block_type=simple
models.architecture.mamba_type=mamba
training.mode=rollout
training.rollout_steps=32
seed=1    avg_loss: 0.000000485771  time_per_window : 0.002353   progress : 0.240
name: models.architecture.block_type=simple
models.architecture.mamba_type=mamba
training.mode=rollout
training.rollout_steps=32
seed=1    avg_loss: 0.000000540449  time_per_window : 0.002328   progress : 0.251
name: models.architecture.block_type=simple
models.architecture.mamba_type=mamba
training.mode=rollout
training.rollout_steps=32
seed=1    avg_loss: 0.000000706712  time_per_window : 0.002393   progress : 0.262
name: models.architecture.block_type=simple
models.architecture.mamba_type=mamba
training.mode=rollout
training.rollout_steps=32
seed=1    avg_loss: 0.000000692962  time_per_window : 0.002371   progress : 0.273
name: models.architecture.block_type=simple
models.architecture.mamba_type=mamba
training.mode=rollout
training.rollout_steps=32
seed=1    avg_loss: 0.000000461235  time_per_window : 0.002519   progress : 0.284
name: models.architecture.block_type=simple
models.architecture.mamba_type=mamba
training.mode=rollout
training.rollout_steps=32
seed=3    avg_loss: 0.000000263155  time_per_window : 0.002211   progress : 0.863
name: models.architecture.block_type=simple
models.architecture.mamba_type=mamba
training.mode=rollout
training.rollout_steps=32
seed=3    avg_loss: 0.000000316756  time_per_window : 0.002409   progress : 0.874
name: models.architecture.block_type=simple
models.architecture.mamba_type=mamba
training.mode=rollout
training.rollout_steps=32
seed=3    avg_loss: 0.000000374835  time_per_window : 0.002330   progress : 0.885
name: models.architecture.block_type=simple
models.architecture.mamba_type=mamba
training.mode=rollout
training.rollout_steps=32
seed=3    avg_loss: 0.000000352598  time_per_window : 0.002327   progress : 0.896
name: models.architecture.block_type=simple
models.architecture.mamba_type=mamba
training.mode=rollout
training.rollout_steps=32
seed=3    avg_loss: 0.000000374233  time_per_window : 0.002360   progress : 0.907
name: models.architecture.block_type=simple
models.architecture.mamba_type=mamba
training.mode=rollout
training.rollout_steps=32
seed=3    avg_loss: 0.000000349394  time_per_window : 0.002363   progress : 0.917
name: models.architecture.block_type=simple
models.architecture.mamba_type=mamba
training.mode=rollout
training.rollout_steps=32
seed=3    avg_loss: 0.000000382142  time_per_window : 0.002428   progress : 0.928
name: models.architecture.block_type=simple
models.architecture.mamba_type=mamba
training.mode=rollout
training.rollout_steps=32
seed=3    avg_loss: 0.000000544397  time_per_window : 0.002363   progress : 0.939
name: models.architecture.block_type=simple
models.architecture.mamba_type=mamba
training.mode=rollout
training.rollout_steps=32
seed=3    avg_loss: 0.000000430365  time_per_window : 0.002406   progress : 0.950
name: models.architecture.block_type=simple
models.architecture.mamba_type=mamba
training.mode=rollout
training.rollout_steps=32
seed=3    avg_loss: 0.000000283292  time_per_window : 0.002357   progress : 0.961
name: models.architecture.block_type=simple
models.architecture.mamba_type=mamba
training.mode=rollout
training.rollout_steps=32
seed=3    avg_loss: 0.000000345878  time_per_window : 0.002333   progress : 0.972
name: models.architecture.block_type=simple
models.architecture.mamba_type=mamba
training.mode=rollout
training.rollout_steps=32
seed=3    avg_loss: 0.000000289109  time_per_window : 0.002408   progress : 0.983
name: models.architecture.block_type=simple
models.architecture.mamba_type=mamba
training.mode=rollout
training.rollout_steps=32
seed=3    avg_loss: 0.000000348011  time_per_window : 0.002286   progress : 0.994
name: models.architecture.block_type=simple
models.architecture.mamba_type=mamba
training.mode=rollout
training.rollout_steps=32
seed=3    avg_loss: 0.000022942695  time_per_window : 0.002346   progress : 0.011
name: models.architecture.block_type=simple
models.architecture.mamba_type=mamba
training.mode=rollout
training.rollout_steps=32
seed=3    avg_loss: 0.000003043918  time_per_window : 0.002302   progress : 0.022
name: models.architecture.block_type=simple
models.architecture.mamba_type=mamba
training.mode=rollout
training.rollout_steps=32
seed=3    avg_loss: 0.000001999912  time_per_window : 0.002425   progress : 0.033
name: models.architecture.block_type=simple
models.architecture.mamba_type=mamba
training.mode=rollout
training.rollout_steps=32
seed=3    avg_loss: 0.000001010008  time_per_window : 0.002365   progress : 0.044
name: models.architecture.block_type=simple
models.architecture.mamba_type=mamba
training.mode=rollout
training.rollout_steps=32
seed=3    avg_loss: 0.000001037504  time_per_window : 0.002418   progress : 0.055
name: models.architecture.block_type=simple
models.architecture.mamba_type=mamba
training.mode=rollout
training.rollout_steps=32
seed=3    avg_loss: 0.000000828940  time_per_window : 0.002340   progress : 0.066
name: models.architecture.block_type=simple
models.architecture.mamba_type=mamba
training.mode=rollout
training.rollout_steps=32
seed=3    avg_loss: 0.000000497829  time_per_window : 0.002316   progress : 0.076
name: models.architecture.block_type=simple
models.architecture.mamba_type=mamba
training.mode=rollout
training.rollout_steps=32
seed=3    avg_loss: 0.000000601081  time_per_window : 0.002332   progress : 0.087
name: models.architecture.block_type=simple
models.architecture.mamba_type=mamba
training.mode=rollout
training.rollout_steps=32
seed=3    avg_loss: 0.000000516400  time_per_window : 0.002395   progress : 0.098
name: models.architecture.block_type=simple
models.architecture.mamba_type=mamba
training.mode=rollout
training.rollout_steps=32
seed=3    avg_loss: 0.000000587768  time_per_window : 0.002394   progress : 0.109
name: models.architecture.block_type=simple
models.architecture.mamba_type=mamba
training.mode=rollout
training.rollout_steps=32
seed=3    avg_loss: 0.000000546975  time_per_window : 0.002401   progress : 0.120
name: models.architecture.block_type=simple
models.architecture.mamba_type=mamba
training.mode=rollout
training.rollout_steps=32
seed=3    avg_loss: 0.000000472380  time_per_window : 0.002221   progress : 0.131
name: models.architecture.block_type=simple
models.architecture.mamba_type=mamba
training.mode=rollout
training.rollout_steps=32
seed=3    avg_loss: 0.000000426667  time_per_window : 0.002360   progress : 0.142
name: models.architecture.block_type=simple
models.architecture.mamba_type=mamba
training.mode=rollout
training.rollout_steps=32
seed=3    avg_loss: 0.000000735277  time_per_window : 0.002276   progress : 0.153
name: models.architecture.block_type=simple
models.architecture.mamba_type=mamba
training.mode=rollout
training.rollout_steps=32
seed=3    avg_loss: 0.000000471899  time_per_window : 0.002311   progress : 0.164
name: models.architecture.block_type=simple
models.architecture.mamba_type=mamba
training.mode=rollout
training.rollout_steps=32
seed=3    avg_loss: 0.000000443222  time_per_window : 0.002390   progress : 0.175
name: models.architecture.block_type=simple
models.architecture.mamba_type=mamba
training.mode=rollout
training.rollout_steps=32
seed=3    avg_loss: 0.000000498026  time_per_window : 0.002416   progress : 0.186
name: models.architecture.block_type=simple
models.architecture.mamba_type=mamba
training.mode=rollout
training.rollout_steps=32
seed=3    avg_loss: 0.000000476728  time_per_window : 0.002413   progress : 0.197
name: models.architecture.block_type=simple
models.architecture.mamba_type=mamba
training.mode=rollout
training.rollout_steps=32
seed=3    avg_loss: 0.000000498707  time_per_window : 0.002377   progress : 0.208
name: models.architecture.block_type=simple
models.architecture.mamba_type=mamba
training.mode=rollout
training.rollout_steps=32
seed=3    avg_loss: 0.000000478727  time_per_window : 0.002305   progress : 0.218
name: models.architecture.block_type=simple
models.architecture.mamba_type=mamba
training.mode=rollout
training.rollout_steps=32
seed=3    avg_loss: 0.000000507561  time_per_window : 0.002408   progress : 0.229
name: models.architecture.block_type=simple
models.architecture.mamba_type=mamba
training.mode=rollout
training.rollout_steps=32
seed=3    avg_loss: 0.000000590898  time_per_window : 0.002190   progress : 0.240
name: models.architecture.block_type=simple
models.architecture.mamba_type=mamba
training.mode=rollout
training.rollout_steps=32
seed=3    avg_loss: 0.000000566512  time_per_window : 0.002389   progress : 0.251
name: models.architecture.block_type=simple
models.architecture.mamba_type=mamba
training.mode=rollout
training.rollout_steps=32
seed=3    avg_loss: 0.000000560760  time_per_window : 0.002406   progress : 0.262
name: models.architecture.block_type=simple
models.architecture.mamba_type=mamba
training.mode=rollout
training.rollout_steps=32
seed=3    avg_loss: 0.000000510833  time_per_window : 0.002379   progress : 0.273
name: models.architecture.block_type=simple
models.architecture.mamba_type=mamba
training.mode=rollout
training.rollout_steps=32
seed=3    avg_loss: 0.000000491379  time_per_window : 0.002399   progress : 0.284
name: models.architecture.block_type=simple
models.architecture.mamba_type=mamba
training.mode=rollout
training.rollout_steps=32
seed=4    avg_loss: 0.000000354282  time_per_window : 0.002178   progress : 0.295
name: models.architecture.block_type=simple
models.architecture.mamba_type=mamba
training.mode=rollout
training.rollout_steps=32
seed=4    avg_loss: 0.000000396939  time_per_window : 0.002381   progress : 0.306
name: models.architecture.block_type=simple
models.architecture.mamba_type=mamba
training.mode=rollout
training.rollout_steps=32
seed=4    avg_loss: 0.000000370457  time_per_window : 0.002170   progress : 0.317
name: models.architecture.block_type=simple
models.architecture.mamba_type=mamba
training.mode=rollout
training.rollout_steps=32
seed=4    avg_loss: 0.000000376927  time_per_window : 0.002267   progress : 0.328
name: models.architecture.block_type=simple
models.architecture.mamba_type=mamba
training.mode=rollout
training.rollout_steps=32
seed=4    avg_loss: 0.000000409683  time_per_window : 0.002289   progress : 0.339
name: models.architecture.block_type=simple
models.architecture.mamba_type=mamba
training.mode=rollout
training.rollout_steps=32
seed=4    avg_loss: 0.000000350215  time_per_window : 0.001975   progress : 0.350
name: models.architecture.block_type=simple
models.architecture.mamba_type=mamba
training.mode=rollout
training.rollout_steps=32
seed=4    avg_loss: 0.000000380121  time_per_window : 0.002207   progress : 0.360
name: models.architecture.block_type=simple
models.architecture.mamba_type=mamba
training.mode=rollout
training.rollout_steps=32
seed=4    avg_loss: 0.000000342878  time_per_window : 0.002036   progress : 0.371
name: models.architecture.block_type=simple
models.architecture.mamba_type=mamba
training.mode=rollout
training.rollout_steps=32
seed=4    avg_loss: 0.000000384540  time_per_window : 0.002193   progress : 0.382
name: models.architecture.block_type=simple
models.architecture.mamba_type=mamba
training.mode=rollout
training.rollout_steps=32
seed=4    avg_loss: 0.000000355816  time_per_window : 0.001639   progress : 0.393
name: models.architecture.block_type=simple
models.architecture.mamba_type=mamba
training.mode=rollout
training.rollout_steps=32
seed=4    avg_loss: 0.000000424922  time_per_window : 0.002357   progress : 0.404
name: models.architecture.block_type=simple
models.architecture.mamba_type=mamba
training.mode=rollout
training.rollout_steps=32
seed=4    avg_loss: 0.000000372929  time_per_window : 0.002297   progress : 0.415
name: models.architecture.block_type=simple
models.architecture.mamba_type=mamba
training.mode=rollout
training.rollout_steps=32
seed=4    avg_loss: 0.000000400435  time_per_window : 0.001881   progress : 0.426
name: models.architecture.block_type=simple
models.architecture.mamba_type=mamba
training.mode=rollout
training.rollout_steps=32
seed=4    avg_loss: 0.000000374521  time_per_window : 0.002121   progress : 0.437
name: models.architecture.block_type=simple
models.architecture.mamba_type=mamba
training.mode=rollout
training.rollout_steps=32
seed=4    avg_loss: 0.000000357407  time_per_window : 0.002279   progress : 0.448
name: models.architecture.block_type=simple
models.architecture.mamba_type=mamba
training.mode=rollout
training.rollout_steps=32
seed=4    avg_loss: 0.000000358843  time_per_window : 0.002325   progress : 0.459
name: models.architecture.block_type=simple
models.architecture.mamba_type=mamba
training.mode=rollout
training.rollout_steps=32
seed=4    avg_loss: 0.000000328046  time_per_window : 0.002098   progress : 0.470
name: models.architecture.block_type=simple
models.architecture.mamba_type=mamba
training.mode=rollout
training.rollout_steps=32
seed=4    avg_loss: 0.000000400389  time_per_window : 0.002349   progress : 0.481
name: models.architecture.block_type=simple
models.architecture.mamba_type=mamba
training.mode=rollout
training.rollout_steps=32
seed=4    avg_loss: 0.000000490305  time_per_window : 0.002368   progress : 0.492
name: models.architecture.block_type=simple
models.architecture.mamba_type=mamba
training.mode=rollout
training.rollout_steps=32
seed=4    avg_loss: 0.000000365301  time_per_window : 0.002409   progress : 0.502
name: models.architecture.block_type=simple
models.architecture.mamba_type=mamba
training.mode=rollout
training.rollout_steps=32
seed=4    avg_loss: 0.000000343980  time_per_window : 0.002184   progress : 0.513
name: models.architecture.block_type=simple
models.architecture.mamba_type=mamba
training.mode=rollout
training.rollout_steps=32
seed=4    avg_loss: 0.000000363227  time_per_window : 0.002297   progress : 0.524
name: models.architecture.block_type=simple
models.architecture.mamba_type=mamba
training.mode=rollout
training.rollout_steps=32
seed=4    avg_loss: 0.000000382781  time_per_window : 0.002379   progress : 0.535
name: models.architecture.block_type=simple
models.architecture.mamba_type=mamba
training.mode=rollout
training.rollout_steps=32
seed=4    avg_loss: 0.000000338934  time_per_window : 0.002366   progress : 0.546
name: models.architecture.block_type=simple
models.architecture.mamba_type=mamba
training.mode=rollout
training.rollout_steps=32
seed=4    avg_loss: 0.000000380368  time_per_window : 0.002181   progress : 0.557
name: models.architecture.block_type=simple
models.architecture.mamba_type=mamba
training.mode=rollout
training.rollout_steps=32
seed=4    avg_loss: 0.000034841920  time_per_window : 0.001741   progress : 0.568
name: models.architecture.block_type=simple
models.architecture.mamba_type=mamba
training.mode=rollout
training.rollout_steps=32
seed=4    avg_loss: 0.000014199479  time_per_window : 0.001729   progress : 0.579
name: models.architecture.block_type=simple
models.architecture.mamba_type=mamba
training.mode=rollout
training.rollout_steps=32
seed=4    avg_loss: 0.000011970659  time_per_window : 0.002210   progress : 0.590
name: models.architecture.block_type=simple
models.architecture.mamba_type=mamba
training.mode=rollout
training.rollout_steps=32
seed=4    avg_loss: 0.000007635150  time_per_window : 0.002215   progress : 0.601
name: models.architecture.block_type=simple
models.architecture.mamba_type=mamba
training.mode=rollout
training.rollout_steps=32
seed=4    avg_loss: 0.000006950908  time_per_window : 0.001902   progress : 0.612
name: models.architecture.block_type=simple
models.architecture.mamba_type=mamba
training.mode=rollout
training.rollout_steps=32
seed=4    avg_loss: 0.000006093680  time_per_window : 0.002318   progress : 0.623
name: models.architecture.block_type=simple
models.architecture.mamba_type=mamba
training.mode=rollout
training.rollout_steps=32
seed=4    avg_loss: 0.000006134135  time_per_window : 0.002284   progress : 0.634
name: models.architecture.block_type=simple
models.architecture.mamba_type=mamba
training.mode=rollout
training.rollout_steps=32
seed=4    avg_loss: 0.000006052898  time_per_window : 0.002376   progress : 0.644
name: models.architecture.block_type=simple
models.architecture.mamba_type=mamba
training.mode=rollout
training.rollout_steps=32
seed=4    avg_loss: 0.000005067234  time_per_window : 0.002352   progress : 0.655
name: models.architecture.block_type=simple
models.architecture.mamba_type=mamba
training.mode=rollout
training.rollout_steps=32
seed=4    avg_loss: 0.000005290192  time_per_window : 0.001469   progress : 0.666
name: models.architecture.block_type=simple
models.architecture.mamba_type=mamba
training.mode=rollout
training.rollout_steps=32
seed=4    avg_loss: 0.000005598902  time_per_window : 0.002298   progress : 0.677
name: models.architecture.block_type=simple
models.architecture.mamba_type=mamba
training.mode=rollout
training.rollout_steps=32
seed=4    avg_loss: 0.000004409127  time_per_window : 0.002289   progress : 0.688
name: models.architecture.block_type=simple
models.architecture.mamba_type=mamba
training.mode=rollout
training.rollout_steps=32
seed=4    avg_loss: 0.000004877727  time_per_window : 0.001957   progress : 0.699
name: models.architecture.block_type=simple
models.architecture.mamba_type=mamba
training.mode=rollout
training.rollout_steps=32
seed=4    avg_loss: 0.000004502185  time_per_window : 0.002326   progress : 0.710
name: models.architecture.block_type=simple
models.architecture.mamba_type=mamba
training.mode=rollout
training.rollout_steps=32
seed=0    avg_loss: 0.000000623015  time_per_window : 0.002444   progress : 0.295
name: models.architecture.block_type=simple
models.architecture.mamba_type=mamba
training.mode=rollout
training.rollout_steps=32
seed=0    avg_loss: 0.000000622896  time_per_window : 0.002385   progress : 0.306
name: models.architecture.block_type=simple
models.architecture.mamba_type=mamba
training.mode=rollout
training.rollout_steps=32
seed=0    avg_loss: 0.000000654443  time_per_window : 0.002319   progress : 0.317
name: models.architecture.block_type=simple
models.architecture.mamba_type=mamba
training.mode=rollout
training.rollout_steps=32
seed=0    avg_loss: 0.000000923942  time_per_window : 0.002493   progress : 0.328
name: models.architecture.block_type=simple
models.architecture.mamba_type=mamba
training.mode=rollout
training.rollout_steps=32
seed=0    avg_loss: 0.000000821048  time_per_window : 0.002381   progress : 0.339
name: models.architecture.block_type=simple
models.architecture.mamba_type=mamba
training.mode=rollout
training.rollout_steps=32
seed=0    avg_loss: 0.000000552636  time_per_window : 0.002418   progress : 0.350
name: models.architecture.block_type=simple
models.architecture.mamba_type=mamba
training.mode=rollout
training.rollout_steps=32
seed=0    avg_loss: 0.000000637613  time_per_window : 0.001979   progress : 0.360
name: models.architecture.block_type=simple
models.architecture.mamba_type=mamba
training.mode=rollout
training.rollout_steps=32
seed=0    avg_loss: 0.000000526371  time_per_window : 0.002373   progress : 0.371
name: models.architecture.block_type=simple
models.architecture.mamba_type=mamba
training.mode=rollout
training.rollout_steps=32
seed=0    avg_loss: 0.000000539799  time_per_window : 0.002302   progress : 0.382
name: models.architecture.block_type=simple
models.architecture.mamba_type=mamba
training.mode=rollout
training.rollout_steps=32
seed=0    avg_loss: 0.000000643509  time_per_window : 0.001714   progress : 0.393
name: models.architecture.block_type=simple
models.architecture.mamba_type=mamba
training.mode=rollout
training.rollout_steps=32
seed=0    avg_loss: 0.000000979554  time_per_window : 0.002326   progress : 0.404
name: models.architecture.block_type=simple
models.architecture.mamba_type=mamba
training.mode=rollout
training.rollout_steps=32
seed=0    avg_loss: 0.000000713707  time_per_window : 0.002312   progress : 0.415
name: models.architecture.block_type=simple
models.architecture.mamba_type=mamba
training.mode=rollout
training.rollout_steps=32
seed=0    avg_loss: 0.000000863172  time_per_window : 0.002371   progress : 0.426
name: models.architecture.block_type=simple
models.architecture.mamba_type=mamba
training.mode=rollout
training.rollout_steps=32
seed=0    avg_loss: 0.000000542371  time_per_window : 0.002372   progress : 0.437
name: models.architecture.block_type=simple
models.architecture.mamba_type=mamba
training.mode=rollout
training.rollout_steps=32
seed=0    avg_loss: 0.000000576077  time_per_window : 0.002364   progress : 0.448
name: models.architecture.block_type=simple
models.architecture.mamba_type=mamba
training.mode=rollout
training.rollout_steps=32
seed=0    avg_loss: 0.000000622892  time_per_window : 0.002349   progress : 0.459
name: models.architecture.block_type=simple
models.architecture.mamba_type=mamba
training.mode=rollout
training.rollout_steps=32
seed=0    avg_loss: 0.000000621914  time_per_window : 0.001930   progress : 0.470
name: models.architecture.block_type=simple
models.architecture.mamba_type=mamba
training.mode=rollout
training.rollout_steps=32
seed=0    avg_loss: 0.000000515708  time_per_window : 0.002121   progress : 0.481
name: models.architecture.block_type=simple
models.architecture.mamba_type=mamba
training.mode=rollout
training.rollout_steps=32
seed=0    avg_loss: 0.000000558978  time_per_window : 0.002111   progress : 0.492
name: models.architecture.block_type=simple
models.architecture.mamba_type=mamba
training.mode=rollout
training.rollout_steps=32
seed=0    avg_loss: 0.000000787581  time_per_window : 0.002047   progress : 0.502
name: models.architecture.block_type=simple
models.architecture.mamba_type=mamba
training.mode=rollout
training.rollout_steps=32
seed=0    avg_loss: 0.000000654999  time_per_window : 0.002359   progress : 0.513
name: models.architecture.block_type=simple
models.architecture.mamba_type=mamba
training.mode=rollout
training.rollout_steps=32
seed=0    avg_loss: 0.000000561780  time_per_window : 0.002221   progress : 0.524
name: models.architecture.block_type=simple
models.architecture.mamba_type=mamba
training.mode=rollout
training.rollout_steps=32
seed=0    avg_loss: 0.000000751970  time_per_window : 0.002361   progress : 0.535
name: models.architecture.block_type=simple
models.architecture.mamba_type=mamba
training.mode=rollout
training.rollout_steps=32
seed=0    avg_loss: 0.000000560979  time_per_window : 0.001787   progress : 0.546
name: models.architecture.block_type=simple
models.architecture.mamba_type=mamba
training.mode=rollout
training.rollout_steps=32
seed=0    avg_loss: 0.000000685531  time_per_window : 0.002362   progress : 0.557
name: models.architecture.block_type=simple
models.architecture.mamba_type=mamba
training.mode=rollout
training.rollout_steps=32
seed=0    avg_loss: 0.000000634120  time_per_window : 0.002365   progress : 0.568
name: models.architecture.block_type=simple
models.architecture.mamba_type=mamba
training.mode=rollout
training.rollout_steps=32
seed=0    avg_loss: 0.000000509443  time_per_window : 0.002077   progress : 0.579
name: models.architecture.block_type=simple
models.architecture.mamba_type=mamba
training.mode=rollout
training.rollout_steps=32
seed=0    avg_loss: 0.000000658053  time_per_window : 0.002510   progress : 0.590
name: models.architecture.block_type=simple
models.architecture.mamba_type=mamba
training.mode=rollout
training.rollout_steps=32
seed=0    avg_loss: 0.000000579818  time_per_window : 0.002236   progress : 0.601
name: models.architecture.block_type=simple
models.architecture.mamba_type=mamba
training.mode=rollout
training.rollout_steps=32
seed=0    avg_loss: 0.000000718023  time_per_window : 0.002347   progress : 0.612
name: models.architecture.block_type=simple
models.architecture.mamba_type=mamba
training.mode=rollout
training.rollout_steps=32
seed=0    avg_loss: 0.000000579079  time_per_window : 0.002408   progress : 0.623
name: models.architecture.block_type=simple
models.architecture.mamba_type=mamba
training.mode=rollout
training.rollout_steps=32
seed=0    avg_loss: 0.000000535135  time_per_window : 0.002368   progress : 0.634
name: models.architecture.block_type=simple
models.architecture.mamba_type=mamba
training.mode=rollout
training.rollout_steps=32
seed=0    avg_loss: 0.000000520611  time_per_window : 0.002423   progress : 0.644
name: models.architecture.block_type=simple
models.architecture.mamba_type=mamba
training.mode=rollout
training.rollout_steps=32
seed=0    avg_loss: 0.000000537266  time_per_window : 0.002352   progress : 0.655
name: models.architecture.block_type=simple
models.architecture.mamba_type=mamba
training.mode=rollout
training.rollout_steps=32
seed=0    avg_loss: 0.000000551176  time_per_window : 0.002311   progress : 0.666
name: models.architecture.block_type=simple
models.architecture.mamba_type=mamba
training.mode=rollout
training.rollout_steps=32
seed=0    avg_loss: 0.000000632956  time_per_window : 0.002360   progress : 0.677
name: models.architecture.block_type=simple
models.architecture.mamba_type=mamba
training.mode=rollout
training.rollout_steps=32
seed=0    avg_loss: 0.000000720406  time_per_window : 0.002376   progress : 0.688
name: models.architecture.block_type=simple
models.architecture.mamba_type=mamba
training.mode=rollout
training.rollout_steps=32
seed=0    avg_loss: 0.000000646875  time_per_window : 0.002390   progress : 0.699
name: models.architecture.block_type=simple
models.architecture.mamba_type=mamba
training.mode=rollout
training.rollout_steps=32
seed=0    avg_loss: 0.000000456884  time_per_window : 0.002281   progress : 0.710
name: models.architecture.block_type=simple
models.architecture.mamba_type=mamba
training.mode=rollout
training.rollout_steps=32
seed=2    avg_loss: 0.000000402500  time_per_window : 0.002184   progress : 0.295
name: models.architecture.block_type=simple
models.architecture.mamba_type=mamba
training.mode=rollout
training.rollout_steps=32
seed=2    avg_loss: 0.000000359607  time_per_window : 0.002188   progress : 0.306
name: models.architecture.block_type=simple
models.architecture.mamba_type=mamba
training.mode=rollout
training.rollout_steps=32
seed=2    avg_loss: 0.000000332020  time_per_window : 0.002365   progress : 0.317
name: models.architecture.block_type=simple
models.architecture.mamba_type=mamba
training.mode=rollout
training.rollout_steps=32
seed=2    avg_loss: 0.000000426171  time_per_window : 0.002402   progress : 0.328
name: models.architecture.block_type=simple
models.architecture.mamba_type=mamba
training.mode=rollout
training.rollout_steps=32
seed=2    avg_loss: 0.000000394440  time_per_window : 0.002432   progress : 0.339
name: models.architecture.block_type=simple
models.architecture.mamba_type=mamba
training.mode=rollout
training.rollout_steps=32
seed=2    avg_loss: 0.000000322827  time_per_window : 0.002364   progress : 0.350
name: models.architecture.block_type=simple
models.architecture.mamba_type=mamba
training.mode=rollout
training.rollout_steps=32
seed=2    avg_loss: 0.000000330055  time_per_window : 0.002239   progress : 0.360
name: models.architecture.block_type=simple
models.architecture.mamba_type=mamba
training.mode=rollout
training.rollout_steps=32
seed=2    avg_loss: 0.000000357660  time_per_window : 0.002326   progress : 0.371
name: models.architecture.block_type=simple
models.architecture.mamba_type=mamba
training.mode=rollout
training.rollout_steps=32
seed=2    avg_loss: 0.000000322757  time_per_window : 0.002311   progress : 0.382
name: models.architecture.block_type=simple
models.architecture.mamba_type=mamba
training.mode=rollout
training.rollout_steps=32
seed=2    avg_loss: 0.000000428034  time_per_window : 0.002297   progress : 0.393
name: models.architecture.block_type=simple
models.architecture.mamba_type=mamba
training.mode=rollout
training.rollout_steps=32
seed=2    avg_loss: 0.000000423166  time_per_window : 0.002302   progress : 0.404
name: models.architecture.block_type=simple
models.architecture.mamba_type=mamba
training.mode=rollout
training.rollout_steps=32
seed=2    avg_loss: 0.000000323409  time_per_window : 0.002322   progress : 0.415
name: models.architecture.block_type=simple
models.architecture.mamba_type=mamba
training.mode=rollout
training.rollout_steps=32
seed=2    avg_loss: 0.000000366586  time_per_window : 0.002463   progress : 0.426
name: models.architecture.block_type=simple
models.architecture.mamba_type=mamba
training.mode=rollout
training.rollout_steps=32
seed=2    avg_loss: 0.000000335984  time_per_window : 0.002368   progress : 0.437
name: models.architecture.block_type=simple
models.architecture.mamba_type=mamba
training.mode=rollout
training.rollout_steps=32
seed=2    avg_loss: 0.000000359178  time_per_window : 0.002259   progress : 0.448
name: models.architecture.block_type=simple
models.architecture.mamba_type=mamba
training.mode=rollout
training.rollout_steps=32
seed=2    avg_loss: 0.000000329861  time_per_window : 0.002408   progress : 0.459
name: models.architecture.block_type=simple
models.architecture.mamba_type=mamba
training.mode=rollout
training.rollout_steps=32
seed=2    avg_loss: 0.000000425987  time_per_window : 0.002388   progress : 0.470
name: models.architecture.block_type=simple
models.architecture.mamba_type=mamba
training.mode=rollout
training.rollout_steps=32
seed=2    avg_loss: 0.000000332557  time_per_window : 0.001902   progress : 0.481
name: models.architecture.block_type=simple
models.architecture.mamba_type=mamba
training.mode=rollout
training.rollout_steps=32
seed=2    avg_loss: 0.000000431201  time_per_window : 0.002428   progress : 0.492
name: models.architecture.block_type=simple
models.architecture.mamba_type=mamba
training.mode=rollout
training.rollout_steps=32
seed=2    avg_loss: 0.000000327896  time_per_window : 0.002334   progress : 0.502
name: models.architecture.block_type=simple
models.architecture.mamba_type=mamba
training.mode=rollout
training.rollout_steps=32
seed=2    avg_loss: 0.000000345848  time_per_window : 0.002286   progress : 0.513
name: models.architecture.block_type=simple
models.architecture.mamba_type=mamba
training.mode=rollout
training.rollout_steps=32
seed=2    avg_loss: 0.000000421555  time_per_window : 0.002126   progress : 0.524
name: models.architecture.block_type=simple
models.architecture.mamba_type=mamba
training.mode=rollout
training.rollout_steps=32
seed=2    avg_loss: 0.000000407629  time_per_window : 0.002291   progress : 0.535
name: models.architecture.block_type=simple
models.architecture.mamba_type=mamba
training.mode=rollout
training.rollout_steps=32
seed=2    avg_loss: 0.000000325128  time_per_window : 0.002435   progress : 0.546
name: models.architecture.block_type=simple
models.architecture.mamba_type=mamba
training.mode=rollout
training.rollout_steps=32
seed=2    avg_loss: 0.000000310803  time_per_window : 0.002346   progress : 0.557
name: models.architecture.block_type=simple
models.architecture.mamba_type=mamba
training.mode=rollout
training.rollout_steps=32
seed=2    avg_loss: 0.000000306159  time_per_window : 0.002349   progress : 0.568
name: models.architecture.block_type=simple
models.architecture.mamba_type=mamba
training.mode=rollout
training.rollout_steps=32
seed=2    avg_loss: 0.000000357806  time_per_window : 0.002137   progress : 0.579
name: models.architecture.block_type=simple
models.architecture.mamba_type=mamba
training.mode=rollout
training.rollout_steps=32
seed=2    avg_loss: 0.000000310835  time_per_window : 0.001799   progress : 0.590
name: models.architecture.block_type=simple
models.architecture.mamba_type=mamba
training.mode=rollout
training.rollout_steps=32
seed=2    avg_loss: 0.000000312124  time_per_window : 0.002247   progress : 0.601
name: models.architecture.block_type=simple
models.architecture.mamba_type=mamba
training.mode=rollout
training.rollout_steps=32
seed=2    avg_loss: 0.000000346420  time_per_window : 0.002067   progress : 0.612
name: models.architecture.block_type=simple
models.architecture.mamba_type=mamba
training.mode=rollout
training.rollout_steps=32
seed=2    avg_loss: 0.000000308778  time_per_window : 0.002403   progress : 0.623
name: models.architecture.block_type=simple
models.architecture.mamba_type=mamba
training.mode=rollout
training.rollout_steps=32
seed=2    avg_loss: 0.000000316655  time_per_window : 0.002345   progress : 0.634
name: models.architecture.block_type=simple
models.architecture.mamba_type=mamba
training.mode=rollout
training.rollout_steps=32
seed=2    avg_loss: 0.000000565351  time_per_window : 0.002297   progress : 0.644
name: models.architecture.block_type=simple
models.architecture.mamba_type=mamba
training.mode=rollout
training.rollout_steps=32
seed=2    avg_loss: 0.000000321624  time_per_window : 0.002403   progress : 0.655
name: models.architecture.block_type=simple
models.architecture.mamba_type=mamba
training.mode=rollout
training.rollout_steps=32
seed=2    avg_loss: 0.000000270446  time_per_window : 0.002261   progress : 0.666
name: models.architecture.block_type=simple
models.architecture.mamba_type=mamba
training.mode=rollout
training.rollout_steps=32
seed=2    avg_loss: 0.000000419724  time_per_window : 0.001883   progress : 0.677
name: models.architecture.block_type=simple
models.architecture.mamba_type=mamba
training.mode=rollout
training.rollout_steps=32
seed=2    avg_loss: 0.000000320098  time_per_window : 0.002333   progress : 0.688
name: models.architecture.block_type=simple
models.architecture.mamba_type=mamba
training.mode=rollout
training.rollout_steps=32
seed=2    avg_loss: 0.000000276201  time_per_window : 0.002364   progress : 0.699
name: models.architecture.block_type=simple
models.architecture.mamba_type=mamba
training.mode=rollout
training.rollout_steps=32
seed=2    avg_loss: 0.000000274790  time_per_window : 0.002353   progress : 0.710
name: models.architecture.block_type=simple
models.architecture.mamba_type=mamba
training.mode=rollout
training.rollout_steps=32
seed=1    avg_loss: 0.000000685390  time_per_window : 0.002278   progress : 0.295
name: models.architecture.block_type=simple
models.architecture.mamba_type=mamba
training.mode=rollout
training.rollout_steps=32
seed=1    avg_loss: 0.000000492163  time_per_window : 0.002379   progress : 0.306
name: models.architecture.block_type=simple
models.architecture.mamba_type=mamba
training.mode=rollout
training.rollout_steps=32
seed=1    avg_loss: 0.000000427579  time_per_window : 0.002343   progress : 0.317
name: models.architecture.block_type=simple
models.architecture.mamba_type=mamba
training.mode=rollout
training.rollout_steps=32
seed=1    avg_loss: 0.000000580966  time_per_window : 0.001925   progress : 0.328
name: models.architecture.block_type=simple
models.architecture.mamba_type=mamba
training.mode=rollout
training.rollout_steps=32
seed=1    avg_loss: 0.000000600048  time_per_window : 0.002424   progress : 0.339
name: models.architecture.block_type=simple
models.architecture.mamba_type=mamba
training.mode=rollout
training.rollout_steps=32
seed=1    avg_loss: 0.000000492135  time_per_window : 0.002337   progress : 0.350
name: models.architecture.block_type=simple
models.architecture.mamba_type=mamba
training.mode=rollout
training.rollout_steps=32
seed=1    avg_loss: 0.000000462854  time_per_window : 0.002361   progress : 0.360
name: models.architecture.block_type=simple
models.architecture.mamba_type=mamba
training.mode=rollout
training.rollout_steps=32
seed=1    avg_loss: 0.000000424153  time_per_window : 0.002277   progress : 0.371
name: models.architecture.block_type=simple
models.architecture.mamba_type=mamba
training.mode=rollout
training.rollout_steps=32
seed=1    avg_loss: 0.000000511728  time_per_window : 0.002381   progress : 0.382
name: models.architecture.block_type=simple
models.architecture.mamba_type=mamba
training.mode=rollout
training.rollout_steps=32
seed=1    avg_loss: 0.000000514375  time_per_window : 0.002279   progress : 0.393
name: models.architecture.block_type=simple
models.architecture.mamba_type=mamba
training.mode=rollout
training.rollout_steps=32
seed=1    avg_loss: 0.000000596043  time_per_window : 0.002388   progress : 0.404
name: models.architecture.block_type=simple
models.architecture.mamba_type=mamba
training.mode=rollout
training.rollout_steps=32
seed=1    avg_loss: 0.000000477827  time_per_window : 0.002304   progress : 0.415
name: models.architecture.block_type=simple
models.architecture.mamba_type=mamba
training.mode=rollout
training.rollout_steps=32
seed=1    avg_loss: 0.000000562285  time_per_window : 0.002378   progress : 0.426
name: models.architecture.block_type=simple
models.architecture.mamba_type=mamba
training.mode=rollout
training.rollout_steps=32
seed=1    avg_loss: 0.000000501220  time_per_window : 0.002224   progress : 0.437
name: models.architecture.block_type=simple
models.architecture.mamba_type=mamba
training.mode=rollout
training.rollout_steps=32
seed=1    avg_loss: 0.000000466284  time_per_window : 0.002056   progress : 0.448
name: models.architecture.block_type=simple
models.architecture.mamba_type=mamba
training.mode=rollout
training.rollout_steps=32
seed=1    avg_loss: 0.000000541026  time_per_window : 0.002239   progress : 0.459
name: models.architecture.block_type=simple
models.architecture.mamba_type=mamba
training.mode=rollout
training.rollout_steps=32
seed=1    avg_loss: 0.000000442725  time_per_window : 0.002340   progress : 0.470
name: models.architecture.block_type=simple
models.architecture.mamba_type=mamba
training.mode=rollout
training.rollout_steps=32
seed=1    avg_loss: 0.000000415798  time_per_window : 0.002393   progress : 0.481
name: models.architecture.block_type=simple
models.architecture.mamba_type=mamba
training.mode=rollout
training.rollout_steps=32
seed=1    avg_loss: 0.000000471289  time_per_window : 0.002331   progress : 0.492
name: models.architecture.block_type=simple
models.architecture.mamba_type=mamba
training.mode=rollout
training.rollout_steps=32
seed=1    avg_loss: 0.000000502849  time_per_window : 0.002160   progress : 0.502
name: models.architecture.block_type=simple
models.architecture.mamba_type=mamba
training.mode=rollout
training.rollout_steps=32
seed=1    avg_loss: 0.000000486771  time_per_window : 0.002414   progress : 0.513
name: models.architecture.block_type=simple
models.architecture.mamba_type=mamba
training.mode=rollout
training.rollout_steps=32
seed=1    avg_loss: 0.000000404511  time_per_window : 0.002278   progress : 0.524
name: models.architecture.block_type=simple
models.architecture.mamba_type=mamba
training.mode=rollout
training.rollout_steps=32
seed=1    avg_loss: 0.000000708658  time_per_window : 0.002357   progress : 0.535
name: models.architecture.block_type=simple
models.architecture.mamba_type=mamba
training.mode=rollout
training.rollout_steps=32
seed=1    avg_loss: 0.000000413511  time_per_window : 0.002205   progress : 0.546
name: models.architecture.block_type=simple
models.architecture.mamba_type=mamba
training.mode=rollout
training.rollout_steps=32
seed=1    avg_loss: 0.000000601786  time_per_window : 0.002277   progress : 0.557
name: models.architecture.block_type=simple
models.architecture.mamba_type=mamba
training.mode=rollout
training.rollout_steps=32
seed=1    avg_loss: 0.000000390846  time_per_window : 0.002381   progress : 0.568
name: models.architecture.block_type=simple
models.architecture.mamba_type=mamba
training.mode=rollout
training.rollout_steps=32
seed=1    avg_loss: 0.000000405439  time_per_window : 0.002320   progress : 0.579
name: models.architecture.block_type=simple
models.architecture.mamba_type=mamba
training.mode=rollout
training.rollout_steps=32
seed=1    avg_loss: 0.000000417475  time_per_window : 0.002402   progress : 0.590
name: models.architecture.block_type=simple
models.architecture.mamba_type=mamba
training.mode=rollout
training.rollout_steps=32
seed=1    avg_loss: 0.000000356338  time_per_window : 0.002439   progress : 0.601
name: models.architecture.block_type=simple
models.architecture.mamba_type=mamba
training.mode=rollout
training.rollout_steps=32
seed=1    avg_loss: 0.000000513416  time_per_window : 0.002406   progress : 0.612
name: models.architecture.block_type=simple
models.architecture.mamba_type=mamba
training.mode=rollout
training.rollout_steps=32
seed=1    avg_loss: 0.000000442348  time_per_window : 0.002422   progress : 0.623
name: models.architecture.block_type=simple
models.architecture.mamba_type=mamba
training.mode=rollout
training.rollout_steps=32
seed=1    avg_loss: 0.000000371212  time_per_window : 0.002254   progress : 0.634
name: models.architecture.block_type=simple
models.architecture.mamba_type=mamba
training.mode=rollout
training.rollout_steps=32
seed=1    avg_loss: 0.000000467636  time_per_window : 0.002371   progress : 0.644
name: models.architecture.block_type=simple
models.architecture.mamba_type=mamba
training.mode=rollout
training.rollout_steps=32
seed=1    avg_loss: 0.000000519064  time_per_window : 0.002380   progress : 0.655
name: models.architecture.block_type=simple
models.architecture.mamba_type=mamba
training.mode=rollout
training.rollout_steps=32
seed=1    avg_loss: 0.000000365410  time_per_window : 0.002391   progress : 0.666
name: models.architecture.block_type=simple
models.architecture.mamba_type=mamba
training.mode=rollout
training.rollout_steps=32
seed=1    avg_loss: 0.000000392260  time_per_window : 0.002239   progress : 0.677
name: models.architecture.block_type=simple
models.architecture.mamba_type=mamba
training.mode=rollout
training.rollout_steps=32
seed=1    avg_loss: 0.000000375129  time_per_window : 0.002334   progress : 0.688
name: models.architecture.block_type=simple
models.architecture.mamba_type=mamba
training.mode=rollout
training.rollout_steps=32
seed=1    avg_loss: 0.000000497185  time_per_window : 0.002353   progress : 0.699
name: models.architecture.block_type=simple
models.architecture.mamba_type=mamba
training.mode=rollout
training.rollout_steps=32
seed=1    avg_loss: 0.000000438254  time_per_window : 0.002337   progress : 0.710
name: models.architecture.block_type=simple
models.architecture.mamba_type=mamba
training.mode=rollout
training.rollout_steps=32
seed=3    avg_loss: 0.000000523816  time_per_window : 0.002398   progress : 0.295
name: models.architecture.block_type=simple
models.architecture.mamba_type=mamba
training.mode=rollout
training.rollout_steps=32
seed=3    avg_loss: 0.000000441592  time_per_window : 0.002081   progress : 0.306
name: models.architecture.block_type=simple
models.architecture.mamba_type=mamba
training.mode=rollout
training.rollout_steps=32
seed=3    avg_loss: 0.000000516033  time_per_window : 0.002453   progress : 0.317
name: models.architecture.block_type=simple
models.architecture.mamba_type=mamba
training.mode=rollout
training.rollout_steps=32
seed=3    avg_loss: 0.000000564183  time_per_window : 0.002422   progress : 0.328
name: models.architecture.block_type=simple
models.architecture.mamba_type=mamba
training.mode=rollout
training.rollout_steps=32
seed=3    avg_loss: 0.000000569460  time_per_window : 0.002349   progress : 0.339
name: models.architecture.block_type=simple
models.architecture.mamba_type=mamba
training.mode=rollout
training.rollout_steps=32
seed=3    avg_loss: 0.000000434185  time_per_window : 0.002360   progress : 0.350
name: models.architecture.block_type=simple
models.architecture.mamba_type=mamba
training.mode=rollout
training.rollout_steps=32
seed=3    avg_loss: 0.000000498749  time_per_window : 0.002024   progress : 0.360
name: models.architecture.block_type=simple
models.architecture.mamba_type=mamba
training.mode=rollout
training.rollout_steps=32
seed=3    avg_loss: 0.000000532306  time_per_window : 0.002503   progress : 0.371
name: models.architecture.block_type=simple
models.architecture.mamba_type=mamba
training.mode=rollout
training.rollout_steps=32
seed=3    avg_loss: 0.000000487366  time_per_window : 0.002394   progress : 0.382
name: models.architecture.block_type=simple
models.architecture.mamba_type=mamba
training.mode=rollout
training.rollout_steps=32
seed=3    avg_loss: 0.000000530355  time_per_window : 0.002342   progress : 0.393
name: models.architecture.block_type=simple
models.architecture.mamba_type=mamba
training.mode=rollout
training.rollout_steps=32
seed=3    avg_loss: 0.000000572242  time_per_window : 0.002358   progress : 0.404
name: models.architecture.block_type=simple
models.architecture.mamba_type=mamba
training.mode=rollout
training.rollout_steps=32
seed=3    avg_loss: 0.000000475585  time_per_window : 0.002366   progress : 0.415
name: models.architecture.block_type=simple
models.architecture.mamba_type=mamba
training.mode=rollout
training.rollout_steps=32
seed=3    avg_loss: 0.000000485100  time_per_window : 0.002364   progress : 0.426
name: models.architecture.block_type=simple
models.architecture.mamba_type=mamba
training.mode=rollout
training.rollout_steps=32
seed=3    avg_loss: 0.000000508078  time_per_window : 0.002343   progress : 0.437
name: models.architecture.block_type=simple
models.architecture.mamba_type=mamba
training.mode=rollout
training.rollout_steps=32
seed=3    avg_loss: 0.000000453310  time_per_window : 0.001933   progress : 0.448
name: models.architecture.block_type=simple
models.architecture.mamba_type=mamba
training.mode=rollout
training.rollout_steps=32
seed=3    avg_loss: 0.000000504920  time_per_window : 0.002400   progress : 0.459
name: models.architecture.block_type=simple
models.architecture.mamba_type=mamba
training.mode=rollout
training.rollout_steps=32
seed=3    avg_loss: 0.000000497274  time_per_window : 0.002410   progress : 0.470
name: models.architecture.block_type=simple
models.architecture.mamba_type=mamba
training.mode=rollout
training.rollout_steps=32
seed=3    avg_loss: 0.000000526619  time_per_window : 0.002300   progress : 0.481
name: models.architecture.block_type=simple
models.architecture.mamba_type=mamba
training.mode=rollout
training.rollout_steps=32
seed=3    avg_loss: 0.000000505582  time_per_window : 0.002351   progress : 0.492
name: models.architecture.block_type=simple
models.architecture.mamba_type=mamba
training.mode=rollout
training.rollout_steps=32
seed=3    avg_loss: 0.000000490645  time_per_window : 0.002332   progress : 0.502
name: models.architecture.block_type=simple
models.architecture.mamba_type=mamba
training.mode=rollout
training.rollout_steps=32
seed=3    avg_loss: 0.000000400191  time_per_window : 0.002418   progress : 0.513
name: models.architecture.block_type=simple
models.architecture.mamba_type=mamba
training.mode=rollout
training.rollout_steps=32
seed=3    avg_loss: 0.000000452025  time_per_window : 0.002425   progress : 0.524
name: models.architecture.block_type=simple
models.architecture.mamba_type=mamba
training.mode=rollout
training.rollout_steps=32
seed=3    avg_loss: 0.000000472456  time_per_window : 0.002404   progress : 0.535
name: models.architecture.block_type=simple
models.architecture.mamba_type=mamba
training.mode=rollout
training.rollout_steps=32
seed=3    avg_loss: 0.000000406713  time_per_window : 0.002054   progress : 0.546
name: models.architecture.block_type=simple
models.architecture.mamba_type=mamba
training.mode=rollout
training.rollout_steps=32
seed=3    avg_loss: 0.000000481125  time_per_window : 0.001772   progress : 0.557
name: models.architecture.block_type=simple
models.architecture.mamba_type=mamba
training.mode=rollout
training.rollout_steps=32
seed=3    avg_loss: 0.000000483189  time_per_window : 0.002379   progress : 0.568
name: models.architecture.block_type=simple
models.architecture.mamba_type=mamba
training.mode=rollout
training.rollout_steps=32
seed=3    avg_loss: 0.000000389124  time_per_window : 0.002311   progress : 0.579
name: models.architecture.block_type=simple
models.architecture.mamba_type=mamba
training.mode=rollout
training.rollout_steps=32
seed=3    avg_loss: 0.000000394472  time_per_window : 0.002324   progress : 0.590
name: models.architecture.block_type=simple
models.architecture.mamba_type=mamba
training.mode=rollout
training.rollout_steps=32
seed=3    avg_loss: 0.000000402647  time_per_window : 0.002228   progress : 0.601
name: models.architecture.block_type=simple
models.architecture.mamba_type=mamba
training.mode=rollout
training.rollout_steps=32
seed=3    avg_loss: 0.000000421295  time_per_window : 0.002387   progress : 0.612
name: models.architecture.block_type=simple
models.architecture.mamba_type=mamba
training.mode=rollout
training.rollout_steps=32
seed=3    avg_loss: 0.000000429212  time_per_window : 0.002337   progress : 0.623
name: models.architecture.block_type=simple
models.architecture.mamba_type=mamba
training.mode=rollout
training.rollout_steps=32
seed=3    avg_loss: 0.000000428565  time_per_window : 0.002339   progress : 0.634
name: models.architecture.block_type=simple
models.architecture.mamba_type=mamba
training.mode=rollout
training.rollout_steps=32
seed=3    avg_loss: 0.000000568893  time_per_window : 0.002400   progress : 0.644
name: models.architecture.block_type=simple
models.architecture.mamba_type=mamba
training.mode=rollout
training.rollout_steps=32
seed=3    avg_loss: 0.000000568584  time_per_window : 0.002371   progress : 0.655
name: models.architecture.block_type=simple
models.architecture.mamba_type=mamba
training.mode=rollout
training.rollout_steps=32
seed=3    avg_loss: 0.000000405937  time_per_window : 0.002361   progress : 0.666
name: models.architecture.block_type=simple
models.architecture.mamba_type=mamba
training.mode=rollout
training.rollout_steps=32
seed=3    avg_loss: 0.000000423728  time_per_window : 0.002261   progress : 0.677
name: models.architecture.block_type=simple
models.architecture.mamba_type=mamba
training.mode=rollout
training.rollout_steps=32
seed=3    avg_loss: 0.000000347569  time_per_window : 0.002357   progress : 0.688
name: models.architecture.block_type=simple
models.architecture.mamba_type=mamba
training.mode=rollout
training.rollout_steps=32
seed=3    avg_loss: 0.000000438899  time_per_window : 0.002352   progress : 0.699
name: models.architecture.block_type=simple
models.architecture.mamba_type=mamba
training.mode=rollout
training.rollout_steps=32
seed=3    avg_loss: 0.000000414071  time_per_window : 0.002405   progress : 0.710
name: models.architecture.block_type=simple
models.architecture.mamba_type=mamba
training.mode=rollout
training.rollout_steps=32
seed=4    avg_loss: 0.000003988840  time_per_window : 0.002345   progress : 0.721
name: models.architecture.block_type=simple
models.architecture.mamba_type=mamba
training.mode=rollout
training.rollout_steps=32
seed=4    avg_loss: 0.000004020421  time_per_window : 0.002360   progress : 0.732
name: models.architecture.block_type=simple
models.architecture.mamba_type=mamba
training.mode=rollout
training.rollout_steps=32
seed=4    avg_loss: 0.000003632922  time_per_window : 0.002362   progress : 0.743
name: models.architecture.block_type=simple
models.architecture.mamba_type=mamba
training.mode=rollout
training.rollout_steps=32
seed=4    avg_loss: 0.000004102113  time_per_window : 0.002349   progress : 0.754
name: models.architecture.block_type=simple
models.architecture.mamba_type=mamba
training.mode=rollout
training.rollout_steps=32
seed=4    avg_loss: 0.000003666969  time_per_window : 0.002346   progress : 0.765
name: models.architecture.block_type=simple
models.architecture.mamba_type=mamba
training.mode=rollout
training.rollout_steps=32
seed=4    avg_loss: 0.000003275135  time_per_window : 0.002237   progress : 0.775
name: models.architecture.block_type=simple
models.architecture.mamba_type=mamba
training.mode=rollout
training.rollout_steps=32
seed=4    avg_loss: 0.000003130252  time_per_window : 0.002272   progress : 0.786
name: models.architecture.block_type=simple
models.architecture.mamba_type=mamba
training.mode=rollout
training.rollout_steps=32
seed=4    avg_loss: 0.000002783000  time_per_window : 0.001908   progress : 0.797
name: models.architecture.block_type=simple
models.architecture.mamba_type=mamba
training.mode=rollout
training.rollout_steps=32
seed=4    avg_loss: 0.000002530031  time_per_window : 0.002232   progress : 0.808
name: models.architecture.block_type=simple
models.architecture.mamba_type=mamba
training.mode=rollout
training.rollout_steps=32
seed=4    avg_loss: 0.000002897610  time_per_window : 0.001988   progress : 0.819
name: models.architecture.block_type=simple
models.architecture.mamba_type=mamba
training.mode=rollout
training.rollout_steps=32
seed=4    avg_loss: 0.000002284085  time_per_window : 0.002417   progress : 0.830
name: models.architecture.block_type=simple
models.architecture.mamba_type=mamba
training.mode=rollout
training.rollout_steps=32
seed=4    avg_loss: 0.000002231403  time_per_window : 0.001694   progress : 0.841
name: models.architecture.block_type=simple
models.architecture.mamba_type=mamba
training.mode=rollout
training.rollout_steps=32
seed=4    avg_loss: 0.000001910053  time_per_window : 0.002037   progress : 0.852
name: models.architecture.block_type=simple
models.architecture.mamba_type=mamba
training.mode=rollout
training.rollout_steps=32
seed=4    avg_loss: 0.000002214999  time_per_window : 0.002180   progress : 0.863
name: models.architecture.block_type=simple
models.architecture.mamba_type=mamba
training.mode=rollout
training.rollout_steps=32
seed=4    avg_loss: 0.000002285470  time_per_window : 0.002288   progress : 0.874
name: models.architecture.block_type=simple
models.architecture.mamba_type=mamba
training.mode=rollout
training.rollout_steps=32
seed=4    avg_loss: 0.000001966737  time_per_window : 0.002248   progress : 0.885
name: models.architecture.block_type=simple
models.architecture.mamba_type=mamba
training.mode=rollout
training.rollout_steps=32
seed=4    avg_loss: 0.000001733017  time_per_window : 0.002228   progress : 0.896
name: models.architecture.block_type=simple
models.architecture.mamba_type=mamba
training.mode=rollout
training.rollout_steps=32
seed=4    avg_loss: 0.000001664739  time_per_window : 0.002340   progress : 0.907
name: models.architecture.block_type=simple
models.architecture.mamba_type=mamba
training.mode=rollout
training.rollout_steps=32
seed=4    avg_loss: 0.000001601026  time_per_window : 0.002291   progress : 0.917
name: models.architecture.block_type=simple
models.architecture.mamba_type=mamba
training.mode=rollout
training.rollout_steps=32
seed=4    avg_loss: 0.000001708369  time_per_window : 0.002125   progress : 0.928
name: models.architecture.block_type=simple
models.architecture.mamba_type=mamba
training.mode=rollout
training.rollout_steps=32
seed=4    avg_loss: 0.000001919515  time_per_window : 0.002359   progress : 0.939
name: models.architecture.block_type=simple
models.architecture.mamba_type=mamba
training.mode=rollout
training.rollout_steps=32
seed=4    avg_loss: 0.000001321084  time_per_window : 0.002089   progress : 0.950
name: models.architecture.block_type=simple
models.architecture.mamba_type=mamba
training.mode=rollout
training.rollout_steps=32
seed=4    avg_loss: 0.000001916364  time_per_window : 0.002380   progress : 0.961
name: models.architecture.block_type=simple
models.architecture.mamba_type=mamba
training.mode=rollout
training.rollout_steps=32
seed=4    avg_loss: 0.000001313695  time_per_window : 0.002312   progress : 0.972
name: models.architecture.block_type=simple
models.architecture.mamba_type=mamba
training.mode=rollout
training.rollout_steps=32
seed=4    avg_loss: 0.000001463573  time_per_window : 0.002028   progress : 0.983
name: models.architecture.block_type=simple
models.architecture.mamba_type=mamba
training.mode=rollout
training.rollout_steps=32
seed=4    avg_loss: 0.000001352328  time_per_window : 0.002316   progress : 0.994
DONE!!!

name: models.architecture.block_type=simple
models.architecture.mamba_type=mamba
training.mode=rollout
training.rollout_steps=32
seed=0    avg_loss: 0.000000581501  time_per_window : 0.002365   progress : 0.721
name: models.architecture.block_type=simple
models.architecture.mamba_type=mamba
training.mode=rollout
training.rollout_steps=32
seed=0    avg_loss: 0.000000508069  time_per_window : 0.001849   progress : 0.732
name: models.architecture.block_type=simple
models.architecture.mamba_type=mamba
training.mode=rollout
training.rollout_steps=32
seed=0    avg_loss: 0.000000557991  time_per_window : 0.002348   progress : 0.743
name: models.architecture.block_type=simple
models.architecture.mamba_type=mamba
training.mode=rollout
training.rollout_steps=32
seed=0    avg_loss: 0.000000553270  time_per_window : 0.002430   progress : 0.754
name: models.architecture.block_type=simple
models.architecture.mamba_type=mamba
training.mode=rollout
training.rollout_steps=32
seed=0    avg_loss: 0.000000559962  time_per_window : 0.002368   progress : 0.765
name: models.architecture.block_type=simple
models.architecture.mamba_type=mamba
training.mode=rollout
training.rollout_steps=32
seed=0    avg_loss: 0.000000592670  time_per_window : 0.002320   progress : 0.775
name: models.architecture.block_type=simple
models.architecture.mamba_type=mamba
training.mode=rollout
training.rollout_steps=32
seed=0    avg_loss: 0.000000430303  time_per_window : 0.002209   progress : 0.786
name: models.architecture.block_type=simple
models.architecture.mamba_type=mamba
training.mode=rollout
training.rollout_steps=32
seed=0    avg_loss: 0.000000504381  time_per_window : 0.002329   progress : 0.797
name: models.architecture.block_type=simple
models.architecture.mamba_type=mamba
training.mode=rollout
training.rollout_steps=32
seed=0    avg_loss: 0.000000484791  time_per_window : 0.002410   progress : 0.808
name: models.architecture.block_type=simple
models.architecture.mamba_type=mamba
training.mode=rollout
training.rollout_steps=32
seed=0    avg_loss: 0.000000556531  time_per_window : 0.002395   progress : 0.819
name: models.architecture.block_type=simple
models.architecture.mamba_type=mamba
training.mode=rollout
training.rollout_steps=32
seed=0    avg_loss: 0.000000399335  time_per_window : 0.002299   progress : 0.830
name: models.architecture.block_type=simple
models.architecture.mamba_type=mamba
training.mode=rollout
training.rollout_steps=32
seed=0    avg_loss: 0.000000571985  time_per_window : 0.001946   progress : 0.841
name: models.architecture.block_type=simple
models.architecture.mamba_type=mamba
training.mode=rollout
training.rollout_steps=32
seed=0    avg_loss: 0.000000636345  time_per_window : 0.002377   progress : 0.852
name: models.architecture.block_type=simple
models.architecture.mamba_type=mamba
training.mode=rollout
training.rollout_steps=32
seed=0    avg_loss: 0.000000492060  time_per_window : 0.002377   progress : 0.863
name: models.architecture.block_type=simple
models.architecture.mamba_type=mamba
training.mode=rollout
training.rollout_steps=32
seed=0    avg_loss: 0.000000470047  time_per_window : 0.002281   progress : 0.874
name: models.architecture.block_type=simple
models.architecture.mamba_type=mamba
training.mode=rollout
training.rollout_steps=32
seed=0    avg_loss: 0.000000579342  time_per_window : 0.001998   progress : 0.885
name: models.architecture.block_type=simple
models.architecture.mamba_type=mamba
training.mode=rollout
training.rollout_steps=32
seed=0    avg_loss: 0.000000461944  time_per_window : 0.001721   progress : 0.896
name: models.architecture.block_type=simple
models.architecture.mamba_type=mamba
training.mode=rollout
training.rollout_steps=32
seed=0    avg_loss: 0.000000450672  time_per_window : 0.002054   progress : 0.907
name: models.architecture.block_type=simple
models.architecture.mamba_type=mamba
training.mode=rollout
training.rollout_steps=32
seed=0    avg_loss: 0.000000527594  time_per_window : 0.001490   progress : 0.917
name: models.architecture.block_type=simple
models.architecture.mamba_type=mamba
training.mode=rollout
training.rollout_steps=32
seed=0    avg_loss: 0.000000544761  time_per_window : 0.001991   progress : 0.928
name: models.architecture.block_type=simple
models.architecture.mamba_type=mamba
training.mode=rollout
training.rollout_steps=32
seed=0    avg_loss: 0.000000425644  time_per_window : 0.002046   progress : 0.939
name: models.architecture.block_type=simple
models.architecture.mamba_type=mamba
training.mode=rollout
training.rollout_steps=32
seed=0    avg_loss: 0.000000507079  time_per_window : 0.001964   progress : 0.950
name: models.architecture.block_type=simple
models.architecture.mamba_type=mamba
training.mode=rollout
training.rollout_steps=32
seed=0    avg_loss: 0.000000412757  time_per_window : 0.001893   progress : 0.961
name: models.architecture.block_type=simple
models.architecture.mamba_type=mamba
training.mode=rollout
training.rollout_steps=32
seed=0    avg_loss: 0.000000459676  time_per_window : 0.002001   progress : 0.972
name: models.architecture.block_type=simple
models.architecture.mamba_type=mamba
training.mode=rollout
training.rollout_steps=32
seed=0    avg_loss: 0.000000451104  time_per_window : 0.001912   progress : 0.983
name: models.architecture.block_type=simple
models.architecture.mamba_type=mamba
training.mode=rollout
training.rollout_steps=32
seed=0    avg_loss: 0.000000458803  time_per_window : 0.001978   progress : 0.994
DONE!!!

name: models.architecture.block_type=simple
models.architecture.mamba_type=mamba
training.mode=rollout
training.rollout_steps=32
seed=2    avg_loss: 0.000000260910  time_per_window : 0.002407   progress : 0.721
name: models.architecture.block_type=simple
models.architecture.mamba_type=mamba
training.mode=rollout
training.rollout_steps=32
seed=2    avg_loss: 0.000000359789  time_per_window : 0.002366   progress : 0.732
name: models.architecture.block_type=simple
models.architecture.mamba_type=mamba
training.mode=rollout
training.rollout_steps=32
seed=2    avg_loss: 0.000000304427  time_per_window : 0.002042   progress : 0.743
name: models.architecture.block_type=simple
models.architecture.mamba_type=mamba
training.mode=rollout
training.rollout_steps=32
seed=2    avg_loss: 0.000000375986  time_per_window : 0.002347   progress : 0.754
name: models.architecture.block_type=simple
models.architecture.mamba_type=mamba
training.mode=rollout
training.rollout_steps=32
seed=2    avg_loss: 0.000000291282  time_per_window : 0.002360   progress : 0.765
name: models.architecture.block_type=simple
models.architecture.mamba_type=mamba
training.mode=rollout
training.rollout_steps=32
seed=2    avg_loss: 0.000000361292  time_per_window : 0.002303   progress : 0.775
name: models.architecture.block_type=simple
models.architecture.mamba_type=mamba
training.mode=rollout
training.rollout_steps=32
seed=2    avg_loss: 0.000000353246  time_per_window : 0.002374   progress : 0.786
name: models.architecture.block_type=simple
models.architecture.mamba_type=mamba
training.mode=rollout
training.rollout_steps=32
seed=2    avg_loss: 0.000000312915  time_per_window : 0.002313   progress : 0.797
name: models.architecture.block_type=simple
models.architecture.mamba_type=mamba
training.mode=rollout
training.rollout_steps=32
seed=2    avg_loss: 0.000000268403  time_per_window : 0.002338   progress : 0.808
name: models.architecture.block_type=simple
models.architecture.mamba_type=mamba
training.mode=rollout
training.rollout_steps=32
seed=2    avg_loss: 0.000000308510  time_per_window : 0.002409   progress : 0.819
name: models.architecture.block_type=simple
models.architecture.mamba_type=mamba
training.mode=rollout
training.rollout_steps=32
seed=2    avg_loss: 0.000000300037  time_per_window : 0.002439   progress : 0.830
name: models.architecture.block_type=simple
models.architecture.mamba_type=mamba
training.mode=rollout
training.rollout_steps=32
seed=2    avg_loss: 0.000000490835  time_per_window : 0.002402   progress : 0.841
name: models.architecture.block_type=simple
models.architecture.mamba_type=mamba
training.mode=rollout
training.rollout_steps=32
seed=2    avg_loss: 0.000000318507  time_per_window : 0.002083   progress : 0.852
name: models.architecture.block_type=simple
models.architecture.mamba_type=mamba
training.mode=rollout
training.rollout_steps=32
seed=2    avg_loss: 0.000000254072  time_per_window : 0.002378   progress : 0.863
name: models.architecture.block_type=simple
models.architecture.mamba_type=mamba
training.mode=rollout
training.rollout_steps=32
seed=2    avg_loss: 0.000000297249  time_per_window : 0.002036   progress : 0.874
name: models.architecture.block_type=simple
models.architecture.mamba_type=mamba
training.mode=rollout
training.rollout_steps=32
seed=2    avg_loss: 0.000000337125  time_per_window : 0.002042   progress : 0.885
name: models.architecture.block_type=simple
models.architecture.mamba_type=mamba
training.mode=rollout
training.rollout_steps=32
seed=2    avg_loss: 0.000000242481  time_per_window : 0.002106   progress : 0.896
name: models.architecture.block_type=simple
models.architecture.mamba_type=mamba
training.mode=rollout
training.rollout_steps=32
seed=2    avg_loss: 0.000000316537  time_per_window : 0.001900   progress : 0.907
name: models.architecture.block_type=simple
models.architecture.mamba_type=mamba
training.mode=rollout
training.rollout_steps=32
seed=2    avg_loss: 0.000000302769  time_per_window : 0.002096   progress : 0.917
name: models.architecture.block_type=simple
models.architecture.mamba_type=mamba
training.mode=rollout
training.rollout_steps=32
seed=2    avg_loss: 0.000000305898  time_per_window : 0.002159   progress : 0.928
name: models.architecture.block_type=simple
models.architecture.mamba_type=mamba
training.mode=rollout
training.rollout_steps=32
seed=2    avg_loss: 0.000000540608  time_per_window : 0.002091   progress : 0.939
name: models.architecture.block_type=simple
models.architecture.mamba_type=mamba
training.mode=rollout
training.rollout_steps=32
seed=2    avg_loss: 0.000000284619  time_per_window : 0.002084   progress : 0.950
name: models.architecture.block_type=simple
models.architecture.mamba_type=mamba
training.mode=rollout
training.rollout_steps=32
seed=2    avg_loss: 0.000000268928  time_per_window : 0.002072   progress : 0.961
name: models.architecture.block_type=simple
models.architecture.mamba_type=mamba
training.mode=rollout
training.rollout_steps=32
seed=2    avg_loss: 0.000000265565  time_per_window : 0.001941   progress : 0.972
name: models.architecture.block_type=simple
models.architecture.mamba_type=mamba
training.mode=rollout
training.rollout_steps=32
seed=2    avg_loss: 0.000000211424  time_per_window : 0.002090   progress : 0.983
name: models.architecture.block_type=simple
models.architecture.mamba_type=mamba
training.mode=rollout
training.rollout_steps=32
seed=2    avg_loss: 0.000000320148  time_per_window : 0.001792   progress : 0.994
DONE!!!

name: models.architecture.block_type=simple
models.architecture.mamba_type=mamba
training.mode=rollout
training.rollout_steps=32
seed=1    avg_loss: 0.000000328710  time_per_window : 0.002486   progress : 0.721
name: models.architecture.block_type=simple
models.architecture.mamba_type=mamba
training.mode=rollout
training.rollout_steps=32
seed=1    avg_loss: 0.000000346213  time_per_window : 0.002286   progress : 0.732
name: models.architecture.block_type=simple
models.architecture.mamba_type=mamba
training.mode=rollout
training.rollout_steps=32
seed=1    avg_loss: 0.000000378392  time_per_window : 0.002373   progress : 0.743
name: models.architecture.block_type=simple
models.architecture.mamba_type=mamba
training.mode=rollout
training.rollout_steps=32
seed=1    avg_loss: 0.000000405122  time_per_window : 0.002415   progress : 0.754
name: models.architecture.block_type=simple
models.architecture.mamba_type=mamba
training.mode=rollout
training.rollout_steps=32
seed=1    avg_loss: 0.000000392452  time_per_window : 0.002429   progress : 0.765
name: models.architecture.block_type=simple
models.architecture.mamba_type=mamba
training.mode=rollout
training.rollout_steps=32
seed=1    avg_loss: 0.000000356004  time_per_window : 0.002138   progress : 0.775
name: models.architecture.block_type=simple
models.architecture.mamba_type=mamba
training.mode=rollout
training.rollout_steps=32
seed=1    avg_loss: 0.000000359255  time_per_window : 0.001826   progress : 0.786
name: models.architecture.block_type=simple
models.architecture.mamba_type=mamba
training.mode=rollout
training.rollout_steps=32
seed=1    avg_loss: 0.000000376613  time_per_window : 0.002189   progress : 0.797
name: models.architecture.block_type=simple
models.architecture.mamba_type=mamba
training.mode=rollout
training.rollout_steps=32
seed=1    avg_loss: 0.000000369710  time_per_window : 0.002042   progress : 0.808
name: models.architecture.block_type=simple
models.architecture.mamba_type=mamba
training.mode=rollout
training.rollout_steps=32
seed=1    avg_loss: 0.000000414793  time_per_window : 0.001641   progress : 0.819
name: models.architecture.block_type=simple
models.architecture.mamba_type=mamba
training.mode=rollout
training.rollout_steps=32
seed=1    avg_loss: 0.000000446840  time_per_window : 0.002408   progress : 0.830
name: models.architecture.block_type=simple
models.architecture.mamba_type=mamba
training.mode=rollout
training.rollout_steps=32
seed=1    avg_loss: 0.000000357905  time_per_window : 0.002384   progress : 0.841
name: models.architecture.block_type=simple
models.architecture.mamba_type=mamba
training.mode=rollout
training.rollout_steps=32
seed=1    avg_loss: 0.000000322531  time_per_window : 0.002415   progress : 0.852
name: models.architecture.block_type=simple
models.architecture.mamba_type=mamba
training.mode=rollout
training.rollout_steps=32
seed=1    avg_loss: 0.000000334710  time_per_window : 0.002108   progress : 0.863
name: models.architecture.block_type=simple
models.architecture.mamba_type=mamba
training.mode=rollout
training.rollout_steps=32
seed=1    avg_loss: 0.000000384840  time_per_window : 0.002062   progress : 0.874
name: models.architecture.block_type=simple
models.architecture.mamba_type=mamba
training.mode=rollout
training.rollout_steps=32
seed=1    avg_loss: 0.000000488981  time_per_window : 0.002017   progress : 0.885
name: models.architecture.block_type=simple
models.architecture.mamba_type=mamba
training.mode=rollout
training.rollout_steps=32
seed=1    avg_loss: 0.000000322272  time_per_window : 0.002081   progress : 0.896
name: models.architecture.block_type=simple
models.architecture.mamba_type=mamba
training.mode=rollout
training.rollout_steps=32
seed=1    avg_loss: 0.000000330910  time_per_window : 0.002074   progress : 0.907
name: models.architecture.block_type=simple
models.architecture.mamba_type=mamba
training.mode=rollout
training.rollout_steps=32
seed=1    avg_loss: 0.000001712436  time_per_window : 0.002151   progress : 0.917
name: models.architecture.block_type=simple
models.architecture.mamba_type=mamba
training.mode=rollout
training.rollout_steps=32
seed=1    avg_loss: 0.000003831033  time_per_window : 0.002114   progress : 0.928
name: models.architecture.block_type=simple
models.architecture.mamba_type=mamba
training.mode=rollout
training.rollout_steps=32
seed=1    avg_loss: 0.000000296046  time_per_window : 0.002092   progress : 0.939
name: models.architecture.block_type=simple
models.architecture.mamba_type=mamba
training.mode=rollout
training.rollout_steps=32
seed=1    avg_loss: 0.000000262577  time_per_window : 0.001552   progress : 0.950
name: models.architecture.block_type=simple
models.architecture.mamba_type=mamba
training.mode=rollout
training.rollout_steps=32
seed=1    avg_loss: 0.000000261752  time_per_window : 0.001877   progress : 0.961
name: models.architecture.block_type=simple
models.architecture.mamba_type=mamba
training.mode=rollout
training.rollout_steps=32
seed=1    avg_loss: 0.000000275734  time_per_window : 0.002038   progress : 0.972
name: models.architecture.block_type=simple
models.architecture.mamba_type=mamba
training.mode=rollout
training.rollout_steps=32
seed=1    avg_loss: 0.000000237786  time_per_window : 0.001788   progress : 0.983
name: models.architecture.block_type=simple
models.architecture.mamba_type=mamba
training.mode=rollout
training.rollout_steps=32
seed=1    avg_loss: 0.000000255418  time_per_window : 0.001467   progress : 0.994
DONE!!!

name: models.architecture.block_type=simple
models.architecture.mamba_type=mamba
training.mode=rollout
training.rollout_steps=32
seed=3    avg_loss: 0.000000369999  time_per_window : 0.002431   progress : 0.721
name: models.architecture.block_type=simple
models.architecture.mamba_type=mamba
training.mode=rollout
training.rollout_steps=32
seed=3    avg_loss: 0.000000403588  time_per_window : 0.002306   progress : 0.732
name: models.architecture.block_type=simple
models.architecture.mamba_type=mamba
training.mode=rollout
training.rollout_steps=32
seed=3    avg_loss: 0.000000412132  time_per_window : 0.002402   progress : 0.743
name: models.architecture.block_type=simple
models.architecture.mamba_type=mamba
training.mode=rollout
training.rollout_steps=32
seed=3    avg_loss: 0.000000428222  time_per_window : 0.002398   progress : 0.754
name: models.architecture.block_type=simple
models.architecture.mamba_type=mamba
training.mode=rollout
training.rollout_steps=32
seed=3    avg_loss: 0.000000460755  time_per_window : 0.002345   progress : 0.765
name: models.architecture.block_type=simple
models.architecture.mamba_type=mamba
training.mode=rollout
training.rollout_steps=32
seed=3    avg_loss: 0.000000445262  time_per_window : 0.002426   progress : 0.775
name: models.architecture.block_type=simple
models.architecture.mamba_type=mamba
training.mode=rollout
training.rollout_steps=32
seed=3    avg_loss: 0.000000437412  time_per_window : 0.002012   progress : 0.786
name: models.architecture.block_type=simple
models.architecture.mamba_type=mamba
training.mode=rollout
training.rollout_steps=32
seed=3    avg_loss: 0.000000390920  time_per_window : 0.002484   progress : 0.797
name: models.architecture.block_type=simple
models.architecture.mamba_type=mamba
training.mode=rollout
training.rollout_steps=32
seed=3    avg_loss: 0.000000371573  time_per_window : 0.002351   progress : 0.808
name: models.architecture.block_type=simple
models.architecture.mamba_type=mamba
training.mode=rollout
training.rollout_steps=32
seed=3    avg_loss: 0.000003314822  time_per_window : 0.001516   progress : 0.819
name: models.architecture.block_type=simple
models.architecture.mamba_type=mamba
training.mode=rollout
training.rollout_steps=32
seed=3    avg_loss: 0.000000384548  time_per_window : 0.001978   progress : 0.830
name: models.architecture.block_type=simple
models.architecture.mamba_type=mamba
training.mode=rollout
training.rollout_steps=32
seed=3    avg_loss: 0.000000342269  time_per_window : 0.002036   progress : 0.841
name: models.architecture.block_type=simple
models.architecture.mamba_type=mamba
training.mode=rollout
training.rollout_steps=32
seed=3    avg_loss: 0.000000359889  time_per_window : 0.002119   progress : 0.852
name: models.architecture.block_type=simple
models.architecture.mamba_type=mamba
training.mode=rollout
training.rollout_steps=32
seed=3    avg_loss: 0.000000356875  time_per_window : 0.001983   progress : 0.863
name: models.architecture.block_type=simple
models.architecture.mamba_type=mamba
training.mode=rollout
training.rollout_steps=32
seed=3    avg_loss: 0.000000320482  time_per_window : 0.002005   progress : 0.874
name: models.architecture.block_type=simple
models.architecture.mamba_type=mamba
training.mode=rollout
training.rollout_steps=32
seed=3    avg_loss: 0.000000354262  time_per_window : 0.002193   progress : 0.885
name: models.architecture.block_type=simple
models.architecture.mamba_type=mamba
training.mode=rollout
training.rollout_steps=32
seed=3    avg_loss: 0.000000357911  time_per_window : 0.001927   progress : 0.896
name: models.architecture.block_type=simple
models.architecture.mamba_type=mamba
training.mode=rollout
training.rollout_steps=32
seed=3    avg_loss: 0.000000314702  time_per_window : 0.002068   progress : 0.907
name: models.architecture.block_type=simple
models.architecture.mamba_type=mamba
training.mode=rollout
training.rollout_steps=32
seed=3    avg_loss: 0.000000337400  time_per_window : 0.001991   progress : 0.917
name: models.architecture.block_type=simple
models.architecture.mamba_type=mamba
training.mode=rollout
training.rollout_steps=32
seed=3    avg_loss: 0.000000377078  time_per_window : 0.002048   progress : 0.928
name: models.architecture.block_type=simple
models.architecture.mamba_type=mamba
training.mode=rollout
training.rollout_steps=32
seed=3    avg_loss: 0.000000338229  time_per_window : 0.001698   progress : 0.939
name: models.architecture.block_type=simple
models.architecture.mamba_type=mamba
training.mode=rollout
training.rollout_steps=32
seed=3    avg_loss: 0.000000565706  time_per_window : 0.001494   progress : 0.950
name: models.architecture.block_type=simple
models.architecture.mamba_type=mamba
training.mode=rollout
training.rollout_steps=32
seed=3    avg_loss: 0.000000360400  time_per_window : 0.001490   progress : 0.961
name: models.architecture.block_type=simple
models.architecture.mamba_type=mamba
training.mode=rollout
training.rollout_steps=32
seed=3    avg_loss: 0.000000314885  time_per_window : 0.001363   progress : 0.972
name: models.architecture.block_type=simple
models.architecture.mamba_type=mamba
training.mode=rollout
training.rollout_steps=32
seed=3    avg_loss: 0.000000302039  time_per_window : 0.001341   progress : 0.983
name: models.architecture.block_type=simple
models.architecture.mamba_type=mamba
training.mode=rollout
training.rollout_steps=32
seed=3    avg_loss: 0.000000447372  time_per_window : 0.001340   progress : 0.994
DONE!!!
