/home/jdihardjo/miniconda3/envs/mavenv/lib/python3.11/site-packages/hydra/_internal/defaults_list.py:251: UserWarning: In 'config': Defaults list is missing `_self_`. See https://hydra.cc/docs/1.2/upgrades/1.0_to_1.1/default_composition_order for more information
  warnings.warn(msg, UserWarning)
Using cuda device
[2026-07-24 23:30:19,827][HYDRA] Joblib.Parallel(n_jobs=4,backend=loky,prefer=processes,require=None,verbose=0,timeout=None,pre_dispatch=2*n_jobs,batch_size=auto,temp_folder=None,max_nbytes=None,mmap_mode=r) is launching 1 jobs
[2026-07-24 23:30:19,827][HYDRA] Launching jobs, sweep output dir : ablation_runs/2026-07-24_23-30-14/attention_1e0d_out10
[2026-07-24 23:30:19,827][HYDRA] 	#0 : models.architecture.block_type=attention training.mode=rollout models.out_dim=10 models.architecture.n_encoder_layers=1 models.architecture.n_decoder_layers=0
/home/jdihardjo/miniconda3/envs/mavenv/lib/python3.11/site-packages/hydra/_internal/defaults_list.py:251: UserWarning: In 'config': Defaults list is missing `_self_`. See https://hydra.cc/docs/1.2/upgrades/1.0_to_1.1/default_composition_order for more information
  warnings.warn(msg, UserWarning)
models:
  n_dim: 23
  out_dim: 10
  architecture:
    d_model: 128
    n_encoder_layers: 1
    n_decoder_layers: 0
    block_type: attention
    time_adapter: last_token
    in_norm: none
    out_norm: none
    layer_scale: 0.0001
    drop_path: 0.05
    mamba_type: mamba
    mamba_kwargs:
      d_state: 16
      d_conv: 2
      expand: 2
      norm: rms
    skip: false
    cls_kwargs:
      n_heads: 2
      n_mlp: 2
      positional_encoding: false
      max_len: 5000
input_len: 32
output_len: 1
batch_size: 128
epochs: 5
seed: 0
dataset:
  path: /home/jdihardjo/simdata/train.zarr/
  training_size: 1500000
evaluation:
  path: /home/jdihardjo/simdata/evaluation.zarr/
  evaluation_size: 50
training:
  mode: rollout
  lr: 0.0002
  weight_decay: 0.1
  rollout_steps: 16
checkpoint:
  save_path: hydra-test.pth
  load: false
  path: hydra-test.pth
compile: true

/home/jdihardjo/miniconda3/envs/mavenv/lib/python3.11/site-packages/torch/_inductor/cudagraph_trees.py:2622: UserWarning: Unable to hit fast path of CUDAGraphs because outputs from a previous step still require backward. Ensure backward() is invoked or detach outputs. You may also call torch.compiler.cudagraph_mark_step_begin() before each model invocation.
  warnings.warn(
name: models.architecture.block_type=attention
training.mode=rollout
models.out_dim=10
models.architecture.n_encoder_layers=1
models.architecture.n_decoder_layers=0    avg_loss: 0.000113619477  time_per_window : 0.000175   progress : 0.011
name: models.architecture.block_type=attention
training.mode=rollout
models.out_dim=10
models.architecture.n_encoder_layers=1
models.architecture.n_decoder_layers=0    avg_loss: 0.000000877209  time_per_window : 0.000165   progress : 0.022
name: models.architecture.block_type=attention
training.mode=rollout
models.out_dim=10
models.architecture.n_encoder_layers=1
models.architecture.n_decoder_layers=0    avg_loss: 0.000000419308  time_per_window : 0.000168   progress : 0.033
name: models.architecture.block_type=attention
training.mode=rollout
models.out_dim=10
models.architecture.n_encoder_layers=1
models.architecture.n_decoder_layers=0    avg_loss: 0.000000313236  time_per_window : 0.000180   progress : 0.044
name: models.architecture.block_type=attention
training.mode=rollout
models.out_dim=10
models.architecture.n_encoder_layers=1
models.architecture.n_decoder_layers=0    avg_loss: 0.000000243304  time_per_window : 0.000177   progress : 0.055
name: models.architecture.block_type=attention
training.mode=rollout
models.out_dim=10
models.architecture.n_encoder_layers=1
models.architecture.n_decoder_layers=0    avg_loss: 0.000000200441  time_per_window : 0.000169   progress : 0.066
name: models.architecture.block_type=attention
training.mode=rollout
models.out_dim=10
models.architecture.n_encoder_layers=1
models.architecture.n_decoder_layers=0    avg_loss: 0.000000169154  time_per_window : 0.000193   progress : 0.076
name: models.architecture.block_type=attention
training.mode=rollout
models.out_dim=10
models.architecture.n_encoder_layers=1
models.architecture.n_decoder_layers=0    avg_loss: 0.000000145975  time_per_window : 0.000169   progress : 0.087
name: models.architecture.block_type=attention
training.mode=rollout
models.out_dim=10
models.architecture.n_encoder_layers=1
models.architecture.n_decoder_layers=0    avg_loss: 0.000000128539  time_per_window : 0.000173   progress : 0.098
name: models.architecture.block_type=attention
training.mode=rollout
models.out_dim=10
models.architecture.n_encoder_layers=1
models.architecture.n_decoder_layers=0    avg_loss: 0.000000118039  time_per_window : 0.000187   progress : 0.109
name: models.architecture.block_type=attention
training.mode=rollout
models.out_dim=10
models.architecture.n_encoder_layers=1
models.architecture.n_decoder_layers=0    avg_loss: 0.000000105279  time_per_window : 0.000174   progress : 0.120
name: models.architecture.block_type=attention
training.mode=rollout
models.out_dim=10
models.architecture.n_encoder_layers=1
models.architecture.n_decoder_layers=0    avg_loss: 0.000000096346  time_per_window : 0.000202   progress : 0.131
name: models.architecture.block_type=attention
training.mode=rollout
models.out_dim=10
models.architecture.n_encoder_layers=1
models.architecture.n_decoder_layers=0    avg_loss: 0.000000089097  time_per_window : 0.000226   progress : 0.142
name: models.architecture.block_type=attention
training.mode=rollout
models.out_dim=10
models.architecture.n_encoder_layers=1
models.architecture.n_decoder_layers=0    avg_loss: 0.000000085588  time_per_window : 0.000191   progress : 0.153
name: models.architecture.block_type=attention
training.mode=rollout
models.out_dim=10
models.architecture.n_encoder_layers=1
models.architecture.n_decoder_layers=0    avg_loss: 0.000000078079  time_per_window : 0.000178   progress : 0.164
name: models.architecture.block_type=attention
training.mode=rollout
models.out_dim=10
models.architecture.n_encoder_layers=1
models.architecture.n_decoder_layers=0    avg_loss: 0.000000074204  time_per_window : 0.000183   progress : 0.175
name: models.architecture.block_type=attention
training.mode=rollout
models.out_dim=10
models.architecture.n_encoder_layers=1
models.architecture.n_decoder_layers=0    avg_loss: 0.000000072216  time_per_window : 0.000185   progress : 0.186
name: models.architecture.block_type=attention
training.mode=rollout
models.out_dim=10
models.architecture.n_encoder_layers=1
models.architecture.n_decoder_layers=0    avg_loss: 0.000000067548  time_per_window : 0.000194   progress : 0.197
name: models.architecture.block_type=attention
training.mode=rollout
models.out_dim=10
models.architecture.n_encoder_layers=1
models.architecture.n_decoder_layers=0    avg_loss: 0.000000069898  time_per_window : 0.000214   progress : 0.208
name: models.architecture.block_type=attention
training.mode=rollout
models.out_dim=10
models.architecture.n_encoder_layers=1
models.architecture.n_decoder_layers=0    avg_loss: 0.000000064721  time_per_window : 0.000168   progress : 0.218
name: models.architecture.block_type=attention
training.mode=rollout
models.out_dim=10
models.architecture.n_encoder_layers=1
models.architecture.n_decoder_layers=0    avg_loss: 0.000000073539  time_per_window : 0.000174   progress : 0.229
name: models.architecture.block_type=attention
training.mode=rollout
models.out_dim=10
models.architecture.n_encoder_layers=1
models.architecture.n_decoder_layers=0    avg_loss: 0.000000086231  time_per_window : 0.000178   progress : 0.240
name: models.architecture.block_type=attention
training.mode=rollout
models.out_dim=10
models.architecture.n_encoder_layers=1
models.architecture.n_decoder_layers=0    avg_loss: 0.000000084843  time_per_window : 0.000176   progress : 0.251
name: models.architecture.block_type=attention
training.mode=rollout
models.out_dim=10
models.architecture.n_encoder_layers=1
models.architecture.n_decoder_layers=0    avg_loss: 0.000000098896  time_per_window : 0.000160   progress : 0.262
name: models.architecture.block_type=attention
training.mode=rollout
models.out_dim=10
models.architecture.n_encoder_layers=1
models.architecture.n_decoder_layers=0    avg_loss: 0.000000096359  time_per_window : 0.000174   progress : 0.273
name: models.architecture.block_type=attention
training.mode=rollout
models.out_dim=10
models.architecture.n_encoder_layers=1
models.architecture.n_decoder_layers=0    avg_loss: 0.000000073711  time_per_window : 0.000179   progress : 0.284
name: models.architecture.block_type=attention
training.mode=rollout
models.out_dim=10
models.architecture.n_encoder_layers=1
models.architecture.n_decoder_layers=0    avg_loss: 0.000000107381  time_per_window : 0.000195   progress : 0.295
name: models.architecture.block_type=attention
training.mode=rollout
models.out_dim=10
models.architecture.n_encoder_layers=1
models.architecture.n_decoder_layers=0    avg_loss: 0.000000085530  time_per_window : 0.000186   progress : 0.306
name: models.architecture.block_type=attention
training.mode=rollout
models.out_dim=10
models.architecture.n_encoder_layers=1
models.architecture.n_decoder_layers=0    avg_loss: 0.000000099513  time_per_window : 0.000181   progress : 0.317
name: models.architecture.block_type=attention
training.mode=rollout
models.out_dim=10
models.architecture.n_encoder_layers=1
models.architecture.n_decoder_layers=0    avg_loss: 0.000000077080  time_per_window : 0.000187   progress : 0.328
name: models.architecture.block_type=attention
training.mode=rollout
models.out_dim=10
models.architecture.n_encoder_layers=1
models.architecture.n_decoder_layers=0    avg_loss: 0.000000094590  time_per_window : 0.000204   progress : 0.339
name: models.architecture.block_type=attention
training.mode=rollout
models.out_dim=10
models.architecture.n_encoder_layers=1
models.architecture.n_decoder_layers=0    avg_loss: 0.000000073989  time_per_window : 0.000180   progress : 0.350
name: models.architecture.block_type=attention
training.mode=rollout
models.out_dim=10
models.architecture.n_encoder_layers=1
models.architecture.n_decoder_layers=0    avg_loss: 0.000000092105  time_per_window : 0.000181   progress : 0.360
name: models.architecture.block_type=attention
training.mode=rollout
models.out_dim=10
models.architecture.n_encoder_layers=1
models.architecture.n_decoder_layers=0    avg_loss: 0.000000096986  time_per_window : 0.000181   progress : 0.371
name: models.architecture.block_type=attention
training.mode=rollout
models.out_dim=10
models.architecture.n_encoder_layers=1
models.architecture.n_decoder_layers=0    avg_loss: 0.000000079901  time_per_window : 0.000173   progress : 0.382
name: models.architecture.block_type=attention
training.mode=rollout
models.out_dim=10
models.architecture.n_encoder_layers=1
models.architecture.n_decoder_layers=0    avg_loss: 0.000000095701  time_per_window : 0.000185   progress : 0.393
name: models.architecture.block_type=attention
training.mode=rollout
models.out_dim=10
models.architecture.n_encoder_layers=1
models.architecture.n_decoder_layers=0    avg_loss: 0.000000091523  time_per_window : 0.000191   progress : 0.404
name: models.architecture.block_type=attention
training.mode=rollout
models.out_dim=10
models.architecture.n_encoder_layers=1
models.architecture.n_decoder_layers=0    avg_loss: 0.000000095518  time_per_window : 0.000190   progress : 0.415
name: models.architecture.block_type=attention
training.mode=rollout
models.out_dim=10
models.architecture.n_encoder_layers=1
models.architecture.n_decoder_layers=0    avg_loss: 0.000000083623  time_per_window : 0.000244   progress : 0.426
name: models.architecture.block_type=attention
training.mode=rollout
models.out_dim=10
models.architecture.n_encoder_layers=1
models.architecture.n_decoder_layers=0    avg_loss: 0.000000091605  time_per_window : 0.000167   progress : 0.437
name: models.architecture.block_type=attention
training.mode=rollout
models.out_dim=10
models.architecture.n_encoder_layers=1
models.architecture.n_decoder_layers=0    avg_loss: 0.000000091655  time_per_window : 0.000178   progress : 0.448
name: models.architecture.block_type=attention
training.mode=rollout
models.out_dim=10
models.architecture.n_encoder_layers=1
models.architecture.n_decoder_layers=0    avg_loss: 0.000000094415  time_per_window : 0.000194   progress : 0.459
name: models.architecture.block_type=attention
training.mode=rollout
models.out_dim=10
models.architecture.n_encoder_layers=1
models.architecture.n_decoder_layers=0    avg_loss: 0.000000079394  time_per_window : 0.000185   progress : 0.470
name: models.architecture.block_type=attention
training.mode=rollout
models.out_dim=10
models.architecture.n_encoder_layers=1
models.architecture.n_decoder_layers=0    avg_loss: 0.000000103575  time_per_window : 0.000183   progress : 0.481
name: models.architecture.block_type=attention
training.mode=rollout
models.out_dim=10
models.architecture.n_encoder_layers=1
models.architecture.n_decoder_layers=0    avg_loss: 0.000000075620  time_per_window : 0.000198   progress : 0.492
name: models.architecture.block_type=attention
training.mode=rollout
models.out_dim=10
models.architecture.n_encoder_layers=1
models.architecture.n_decoder_layers=0    avg_loss: 0.000000103994  time_per_window : 0.000162   progress : 0.502
name: models.architecture.block_type=attention
training.mode=rollout
models.out_dim=10
models.architecture.n_encoder_layers=1
models.architecture.n_decoder_layers=0    avg_loss: 0.000000084848  time_per_window : 0.000227   progress : 0.513
name: models.architecture.block_type=attention
training.mode=rollout
models.out_dim=10
models.architecture.n_encoder_layers=1
models.architecture.n_decoder_layers=0    avg_loss: 0.000000075358  time_per_window : 0.000178   progress : 0.524
name: models.architecture.block_type=attention
training.mode=rollout
models.out_dim=10
models.architecture.n_encoder_layers=1
models.architecture.n_decoder_layers=0    avg_loss: 0.000000087653  time_per_window : 0.000201   progress : 0.535
name: models.architecture.block_type=attention
training.mode=rollout
models.out_dim=10
models.architecture.n_encoder_layers=1
models.architecture.n_decoder_layers=0    avg_loss: 0.000000082800  time_per_window : 0.000189   progress : 0.546
name: models.architecture.block_type=attention
training.mode=rollout
models.out_dim=10
models.architecture.n_encoder_layers=1
models.architecture.n_decoder_layers=0    avg_loss: 0.000000080383  time_per_window : 0.000173   progress : 0.557
name: models.architecture.block_type=attention
training.mode=rollout
models.out_dim=10
models.architecture.n_encoder_layers=1
models.architecture.n_decoder_layers=0    avg_loss: 0.000000078735  time_per_window : 0.000191   progress : 0.568
name: models.architecture.block_type=attention
training.mode=rollout
models.out_dim=10
models.architecture.n_encoder_layers=1
models.architecture.n_decoder_layers=0    avg_loss: 0.000000087526  time_per_window : 0.000218   progress : 0.579
name: models.architecture.block_type=attention
training.mode=rollout
models.out_dim=10
models.architecture.n_encoder_layers=1
models.architecture.n_decoder_layers=0    avg_loss: 0.000000081945  time_per_window : 0.000180   progress : 0.590
name: models.architecture.block_type=attention
training.mode=rollout
models.out_dim=10
models.architecture.n_encoder_layers=1
models.architecture.n_decoder_layers=0    avg_loss: 0.000000068435  time_per_window : 0.000174   progress : 0.601
name: models.architecture.block_type=attention
training.mode=rollout
models.out_dim=10
models.architecture.n_encoder_layers=1
models.architecture.n_decoder_layers=0    avg_loss: 0.000000083276  time_per_window : 0.000178   progress : 0.612
name: models.architecture.block_type=attention
training.mode=rollout
models.out_dim=10
models.architecture.n_encoder_layers=1
models.architecture.n_decoder_layers=0    avg_loss: 0.000000064931  time_per_window : 0.000190   progress : 0.623
name: models.architecture.block_type=attention
training.mode=rollout
models.out_dim=10
models.architecture.n_encoder_layers=1
models.architecture.n_decoder_layers=0    avg_loss: 0.000000087401  time_per_window : 0.000175   progress : 0.634
name: models.architecture.block_type=attention
training.mode=rollout
models.out_dim=10
models.architecture.n_encoder_layers=1
models.architecture.n_decoder_layers=0    avg_loss: 0.000000068964  time_per_window : 0.000179   progress : 0.644
name: models.architecture.block_type=attention
training.mode=rollout
models.out_dim=10
models.architecture.n_encoder_layers=1
models.architecture.n_decoder_layers=0    avg_loss: 0.000000071000  time_per_window : 0.000172   progress : 0.655
name: models.architecture.block_type=attention
training.mode=rollout
models.out_dim=10
models.architecture.n_encoder_layers=1
models.architecture.n_decoder_layers=0    avg_loss: 0.000000066922  time_per_window : 0.000211   progress : 0.666
name: models.architecture.block_type=attention
training.mode=rollout
models.out_dim=10
models.architecture.n_encoder_layers=1
models.architecture.n_decoder_layers=0    avg_loss: 0.000000074675  time_per_window : 0.000173   progress : 0.677
name: models.architecture.block_type=attention
training.mode=rollout
models.out_dim=10
models.architecture.n_encoder_layers=1
models.architecture.n_decoder_layers=0    avg_loss: 0.000000064123  time_per_window : 0.000187   progress : 0.688
name: models.architecture.block_type=attention
training.mode=rollout
models.out_dim=10
models.architecture.n_encoder_layers=1
models.architecture.n_decoder_layers=0    avg_loss: 0.000000070191  time_per_window : 0.000185   progress : 0.699
name: models.architecture.block_type=attention
training.mode=rollout
models.out_dim=10
models.architecture.n_encoder_layers=1
models.architecture.n_decoder_layers=0    avg_loss: 0.000000064931  time_per_window : 0.000221   progress : 0.710
name: models.architecture.block_type=attention
training.mode=rollout
models.out_dim=10
models.architecture.n_encoder_layers=1
models.architecture.n_decoder_layers=0    avg_loss: 0.000000065956  time_per_window : 0.000175   progress : 0.721
name: models.architecture.block_type=attention
training.mode=rollout
models.out_dim=10
models.architecture.n_encoder_layers=1
models.architecture.n_decoder_layers=0    avg_loss: 0.000000074056  time_per_window : 0.000185   progress : 0.732
name: models.architecture.block_type=attention
training.mode=rollout
models.out_dim=10
models.architecture.n_encoder_layers=1
models.architecture.n_decoder_layers=0    avg_loss: 0.000000060622  time_per_window : 0.000195   progress : 0.743
name: models.architecture.block_type=attention
training.mode=rollout
models.out_dim=10
models.architecture.n_encoder_layers=1
models.architecture.n_decoder_layers=0    avg_loss: 0.000000069615  time_per_window : 0.000182   progress : 0.754
name: models.architecture.block_type=attention
training.mode=rollout
models.out_dim=10
models.architecture.n_encoder_layers=1
models.architecture.n_decoder_layers=0    avg_loss: 0.000000058165  time_per_window : 0.000190   progress : 0.765/home/jdihardjo/miniconda3/envs/mavenv/lib/python3.11/site-packages/torch/_inductor/cudagraph_trees.py:2622: UserWarning: Unable to hit fast path of CUDAGraphs because outputs from a previous step still require backward. Ensure backward() is invoked or detach outputs. You may also call torch.compiler.cudagraph_mark_step_begin() before each model invocation.
  warnings.warn(
/home/jdihardjo/miniconda3/envs/mavenv/lib/python3.11/site-packages/torch/_inductor/cudagraph_trees.py:2622: UserWarning: Unable to hit fast path of CUDAGraphs because outputs from a previous step still require backward. Ensure backward() is invoked or detach outputs. You may also call torch.compiler.cudagraph_mark_step_begin() before each model invocation.
  warnings.warn(

name: models.architecture.block_type=attention
training.mode=rollout
models.out_dim=10
models.architecture.n_encoder_layers=1
models.architecture.n_decoder_layers=0    avg_loss: 0.000000066165  time_per_window : 0.000175   progress : 0.775
name: models.architecture.block_type=attention
training.mode=rollout
models.out_dim=10
models.architecture.n_encoder_layers=1
models.architecture.n_decoder_layers=0    avg_loss: 0.000000063875  time_per_window : 0.000197   progress : 0.786
name: models.architecture.block_type=attention
training.mode=rollout
models.out_dim=10
models.architecture.n_encoder_layers=1
models.architecture.n_decoder_layers=0    avg_loss: 0.000000060636  time_per_window : 0.000190   progress : 0.797
name: models.architecture.block_type=attention
training.mode=rollout
models.out_dim=10
models.architecture.n_encoder_layers=1
models.architecture.n_decoder_layers=0    avg_loss: 0.000000056111  time_per_window : 0.000185   progress : 0.808
name: models.architecture.block_type=attention
training.mode=rollout
models.out_dim=10
models.architecture.n_encoder_layers=1
models.architecture.n_decoder_layers=0    avg_loss: 0.000000057032  time_per_window : 0.000179   progress : 0.819
name: models.architecture.block_type=attention
training.mode=rollout
models.out_dim=10
models.architecture.n_encoder_layers=1
models.architecture.n_decoder_layers=0    avg_loss: 0.000000058936  time_per_window : 0.000173   progress : 0.830
name: models.architecture.block_type=attention
training.mode=rollout
models.out_dim=10
models.architecture.n_encoder_layers=1
models.architecture.n_decoder_layers=0    avg_loss: 0.000000053472  time_per_window : 0.000184   progress : 0.841
name: models.architecture.block_type=attention
training.mode=rollout
models.out_dim=10
models.architecture.n_encoder_layers=1
models.architecture.n_decoder_layers=0    avg_loss: 0.000000061979  time_per_window : 0.000221   progress : 0.852
name: models.architecture.block_type=attention
training.mode=rollout
models.out_dim=10
models.architecture.n_encoder_layers=1
models.architecture.n_decoder_layers=0    avg_loss: 0.000000060076  time_per_window : 0.000168   progress : 0.863
name: models.architecture.block_type=attention
training.mode=rollout
models.out_dim=10
models.architecture.n_encoder_layers=1
models.architecture.n_decoder_layers=0    avg_loss: 0.000000060921  time_per_window : 0.000172   progress : 0.874
name: models.architecture.block_type=attention
training.mode=rollout
models.out_dim=10
models.architecture.n_encoder_layers=1
models.architecture.n_decoder_layers=0    avg_loss: 0.000000054676  time_per_window : 0.000215   progress : 0.885
name: models.architecture.block_type=attention
training.mode=rollout
models.out_dim=10
models.architecture.n_encoder_layers=1
models.architecture.n_decoder_layers=0    avg_loss: 0.000000048279  time_per_window : 0.000195   progress : 0.896
name: models.architecture.block_type=attention
training.mode=rollout
models.out_dim=10
models.architecture.n_encoder_layers=1
models.architecture.n_decoder_layers=0    avg_loss: 0.000000051604  time_per_window : 0.000171   progress : 0.907
name: models.architecture.block_type=attention
training.mode=rollout
models.out_dim=10
models.architecture.n_encoder_layers=1
models.architecture.n_decoder_layers=0    avg_loss: 0.000000061814  time_per_window : 0.000182   progress : 0.917
name: models.architecture.block_type=attention
training.mode=rollout
models.out_dim=10
models.architecture.n_encoder_layers=1
models.architecture.n_decoder_layers=0    avg_loss: 0.000000053689  time_per_window : 0.000186   progress : 0.928
name: models.architecture.block_type=attention
training.mode=rollout
models.out_dim=10
models.architecture.n_encoder_layers=1
models.architecture.n_decoder_layers=0    avg_loss: 0.000000053833  time_per_window : 0.000188   progress : 0.939
name: models.architecture.block_type=attention
training.mode=rollout
models.out_dim=10
models.architecture.n_encoder_layers=1
models.architecture.n_decoder_layers=0    avg_loss: 0.000000051716  time_per_window : 0.000226   progress : 0.950
name: models.architecture.block_type=attention
training.mode=rollout
models.out_dim=10
models.architecture.n_encoder_layers=1
models.architecture.n_decoder_layers=0    avg_loss: 0.000000048272  time_per_window : 0.000255   progress : 0.961
name: models.architecture.block_type=attention
training.mode=rollout
models.out_dim=10
models.architecture.n_encoder_layers=1
models.architecture.n_decoder_layers=0    avg_loss: 0.000000052177  time_per_window : 0.000188   progress : 0.972
name: models.architecture.block_type=attention
training.mode=rollout
models.out_dim=10
models.architecture.n_encoder_layers=1
models.architecture.n_decoder_layers=0    avg_loss: 0.000000047762  time_per_window : 0.000180   progress : 0.983
name: models.architecture.block_type=attention
training.mode=rollout
models.out_dim=10
models.architecture.n_encoder_layers=1
models.architecture.n_decoder_layers=0    avg_loss: 0.000000048071  time_per_window : 0.000185   progress : 0.994
name: models.architecture.block_type=attention
training.mode=rollout
models.out_dim=10
models.architecture.n_encoder_layers=1
models.architecture.n_decoder_layers=0    avg_loss: 0.000000147117  time_per_window : 0.000284   progress : 0.011
name: models.architecture.block_type=attention
training.mode=rollout
models.out_dim=10
models.architecture.n_encoder_layers=1
models.architecture.n_decoder_layers=0    avg_loss: 0.000000043680  time_per_window : 0.000248   progress : 0.022
name: models.architecture.block_type=attention
training.mode=rollout
models.out_dim=10
models.architecture.n_encoder_layers=1
models.architecture.n_decoder_layers=0    avg_loss: 0.000000044378  time_per_window : 0.000194   progress : 0.033
name: models.architecture.block_type=attention
training.mode=rollout
models.out_dim=10
models.architecture.n_encoder_layers=1
models.architecture.n_decoder_layers=0    avg_loss: 0.000000052156  time_per_window : 0.000205   progress : 0.044
name: models.architecture.block_type=attention
training.mode=rollout
models.out_dim=10
models.architecture.n_encoder_layers=1
models.architecture.n_decoder_layers=0    avg_loss: 0.000000048235  time_per_window : 0.000186   progress : 0.055
name: models.architecture.block_type=attention
training.mode=rollout
models.out_dim=10
models.architecture.n_encoder_layers=1
models.architecture.n_decoder_layers=0    avg_loss: 0.000000051995  time_per_window : 0.000276   progress : 0.066
name: models.architecture.block_type=attention
training.mode=rollout
models.out_dim=10
models.architecture.n_encoder_layers=1
models.architecture.n_decoder_layers=0    avg_loss: 0.000000049903  time_per_window : 0.000195   progress : 0.076
name: models.architecture.block_type=attention
training.mode=rollout
models.out_dim=10
models.architecture.n_encoder_layers=1
models.architecture.n_decoder_layers=0    avg_loss: 0.000000051804  time_per_window : 0.000217   progress : 0.087
name: models.architecture.block_type=attention
training.mode=rollout
models.out_dim=10
models.architecture.n_encoder_layers=1
models.architecture.n_decoder_layers=0    avg_loss: 0.000000045947  time_per_window : 0.000203   progress : 0.098
name: models.architecture.block_type=attention
training.mode=rollout
models.out_dim=10
models.architecture.n_encoder_layers=1
models.architecture.n_decoder_layers=0    avg_loss: 0.000000050831  time_per_window : 0.000176   progress : 0.109
name: models.architecture.block_type=attention
training.mode=rollout
models.out_dim=10
models.architecture.n_encoder_layers=1
models.architecture.n_decoder_layers=0    avg_loss: 0.000000045973  time_per_window : 0.000205   progress : 0.120
name: models.architecture.block_type=attention
training.mode=rollout
models.out_dim=10
models.architecture.n_encoder_layers=1
models.architecture.n_decoder_layers=0    avg_loss: 0.000000044394  time_per_window : 0.000213   progress : 0.131
name: models.architecture.block_type=attention
training.mode=rollout
models.out_dim=10
models.architecture.n_encoder_layers=1
models.architecture.n_decoder_layers=0    avg_loss: 0.000000046310  time_per_window : 0.000194   progress : 0.142
name: models.architecture.block_type=attention
training.mode=rollout
models.out_dim=10
models.architecture.n_encoder_layers=1
models.architecture.n_decoder_layers=0    avg_loss: 0.000000051586  time_per_window : 0.000240   progress : 0.153
name: models.architecture.block_type=attention
training.mode=rollout
models.out_dim=10
models.architecture.n_encoder_layers=1
models.architecture.n_decoder_layers=0    avg_loss: 0.000000048173  time_per_window : 0.000206   progress : 0.164
name: models.architecture.block_type=attention
training.mode=rollout
models.out_dim=10
models.architecture.n_encoder_layers=1
models.architecture.n_decoder_layers=0    avg_loss: 0.000000044693  time_per_window : 0.000210   progress : 0.175
name: models.architecture.block_type=attention
training.mode=rollout
models.out_dim=10
models.architecture.n_encoder_layers=1
models.architecture.n_decoder_layers=0    avg_loss: 0.000000046245  time_per_window : 0.000184   progress : 0.186
name: models.architecture.block_type=attention
training.mode=rollout
models.out_dim=10
models.architecture.n_encoder_layers=1
models.architecture.n_decoder_layers=0    avg_loss: 0.000000047435  time_per_window : 0.000197   progress : 0.197
name: models.architecture.block_type=attention
training.mode=rollout
models.out_dim=10
models.architecture.n_encoder_layers=1
models.architecture.n_decoder_layers=0    avg_loss: 0.000000044063  time_per_window : 0.000174   progress : 0.208
name: models.architecture.block_type=attention
training.mode=rollout
models.out_dim=10
models.architecture.n_encoder_layers=1
models.architecture.n_decoder_layers=0    avg_loss: 0.000000047113  time_per_window : 0.000205   progress : 0.218
name: models.architecture.block_type=attention
training.mode=rollout
models.out_dim=10
models.architecture.n_encoder_layers=1
models.architecture.n_decoder_layers=0    avg_loss: 0.000000044032  time_per_window : 0.000203   progress : 0.229
name: models.architecture.block_type=attention
training.mode=rollout
models.out_dim=10
models.architecture.n_encoder_layers=1
models.architecture.n_decoder_layers=0    avg_loss: 0.000000041230  time_per_window : 0.000199   progress : 0.240
name: models.architecture.block_type=attention
training.mode=rollout
models.out_dim=10
models.architecture.n_encoder_layers=1
models.architecture.n_decoder_layers=0    avg_loss: 0.000000047276  time_per_window : 0.000210   progress : 0.251
name: models.architecture.block_type=attention
training.mode=rollout
models.out_dim=10
models.architecture.n_encoder_layers=1
models.architecture.n_decoder_layers=0    avg_loss: 0.000000044782  time_per_window : 0.000245   progress : 0.262
name: models.architecture.block_type=attention
training.mode=rollout
models.out_dim=10
models.architecture.n_encoder_layers=1
models.architecture.n_decoder_layers=0    avg_loss: 0.000000040411  time_per_window : 0.000222   progress : 0.273
name: models.architecture.block_type=attention
training.mode=rollout
models.out_dim=10
models.architecture.n_encoder_layers=1
models.architecture.n_decoder_layers=0    avg_loss: 0.000000040685  time_per_window : 0.000192   progress : 0.284
name: models.architecture.block_type=attention
training.mode=rollout
models.out_dim=10
models.architecture.n_encoder_layers=1
models.architecture.n_decoder_layers=0    avg_loss: 0.000000041584  time_per_window : 0.000203   progress : 0.295
name: models.architecture.block_type=attention
training.mode=rollout
models.out_dim=10
models.architecture.n_encoder_layers=1
models.architecture.n_decoder_layers=0    avg_loss: 0.000000042700  time_per_window : 0.000183   progress : 0.306
name: models.architecture.block_type=attention
training.mode=rollout
models.out_dim=10
models.architecture.n_encoder_layers=1
models.architecture.n_decoder_layers=0    avg_loss: 0.000000042936  time_per_window : 0.000204   progress : 0.317
name: models.architecture.block_type=attention
training.mode=rollout
models.out_dim=10
models.architecture.n_encoder_layers=1
models.architecture.n_decoder_layers=0    avg_loss: 0.000000038275  time_per_window : 0.000240   progress : 0.328
name: models.architecture.block_type=attention
training.mode=rollout
models.out_dim=10
models.architecture.n_encoder_layers=1
models.architecture.n_decoder_layers=0    avg_loss: 0.000000043071  time_per_window : 0.000235   progress : 0.339
name: models.architecture.block_type=attention
training.mode=rollout
models.out_dim=10
models.architecture.n_encoder_layers=1
models.architecture.n_decoder_layers=0    avg_loss: 0.000000039084  time_per_window : 0.000217   progress : 0.350
name: models.architecture.block_type=attention
training.mode=rollout
models.out_dim=10
models.architecture.n_encoder_layers=1
models.architecture.n_decoder_layers=0    avg_loss: 0.000000036955  time_per_window : 0.000205   progress : 0.360
name: models.architecture.block_type=attention
training.mode=rollout
models.out_dim=10
models.architecture.n_encoder_layers=1
models.architecture.n_decoder_layers=0    avg_loss: 0.000000041149  time_per_window : 0.000163   progress : 0.371
name: models.architecture.block_type=attention
training.mode=rollout
models.out_dim=10
models.architecture.n_encoder_layers=1
models.architecture.n_decoder_layers=0    avg_loss: 0.000000039969  time_per_window : 0.000195   progress : 0.382
name: models.architecture.block_type=attention
training.mode=rollout
models.out_dim=10
models.architecture.n_encoder_layers=1
models.architecture.n_decoder_layers=0    avg_loss: 0.000000042666  time_per_window : 0.000191   progress : 0.393
name: models.architecture.block_type=attention
training.mode=rollout
models.out_dim=10
models.architecture.n_encoder_layers=1
models.architecture.n_decoder_layers=0    avg_loss: 0.000000047300  time_per_window : 0.000204   progress : 0.404
name: models.architecture.block_type=attention
training.mode=rollout
models.out_dim=10
models.architecture.n_encoder_layers=1
models.architecture.n_decoder_layers=0    avg_loss: 0.000000038823  time_per_window : 0.000178   progress : 0.415
name: models.architecture.block_type=attention
training.mode=rollout
models.out_dim=10
models.architecture.n_encoder_layers=1
models.architecture.n_decoder_layers=0    avg_loss: 0.000000035312  time_per_window : 0.000195   progress : 0.426
name: models.architecture.block_type=attention
training.mode=rollout
models.out_dim=10
models.architecture.n_encoder_layers=1
models.architecture.n_decoder_layers=0    avg_loss: 0.000000040264  time_per_window : 0.000244   progress : 0.437
name: models.architecture.block_type=attention
training.mode=rollout
models.out_dim=10
models.architecture.n_encoder_layers=1
models.architecture.n_decoder_layers=0    avg_loss: 0.000000038887  time_per_window : 0.000204   progress : 0.448
name: models.architecture.block_type=attention
training.mode=rollout
models.out_dim=10
models.architecture.n_encoder_layers=1
models.architecture.n_decoder_layers=0    avg_loss: 0.000000038927  time_per_window : 0.000216   progress : 0.459
name: models.architecture.block_type=attention
training.mode=rollout
models.out_dim=10
models.architecture.n_encoder_layers=1
models.architecture.n_decoder_layers=0    avg_loss: 0.000000039545  time_per_window : 0.000197   progress : 0.470
name: models.architecture.block_type=attention
training.mode=rollout
models.out_dim=10
models.architecture.n_encoder_layers=1
models.architecture.n_decoder_layers=0    avg_loss: 0.000000036272  time_per_window : 0.000189   progress : 0.481
name: models.architecture.block_type=attention
training.mode=rollout
models.out_dim=10
models.architecture.n_encoder_layers=1
models.architecture.n_decoder_layers=0    avg_loss: 0.000000040385  time_per_window : 0.000244   progress : 0.492
name: models.architecture.block_type=attention
training.mode=rollout
models.out_dim=10
models.architecture.n_encoder_layers=1
models.architecture.n_decoder_layers=0    avg_loss: 0.000000037172  time_per_window : 0.000187   progress : 0.502
name: models.architecture.block_type=attention
training.mode=rollout
models.out_dim=10
models.architecture.n_encoder_layers=1
models.architecture.n_decoder_layers=0    avg_loss: 0.000000038191  time_per_window : 0.000198   progress : 0.513
name: models.architecture.block_type=attention
training.mode=rollout
models.out_dim=10
models.architecture.n_encoder_layers=1
models.architecture.n_decoder_layers=0    avg_loss: 0.000000034111  time_per_window : 0.000218   progress : 0.524
name: models.architecture.block_type=attention
training.mode=rollout
models.out_dim=10
models.architecture.n_encoder_layers=1
models.architecture.n_decoder_layers=0    avg_loss: 0.000000036392  time_per_window : 0.000220   progress : 0.535
name: models.architecture.block_type=attention
training.mode=rollout
models.out_dim=10
models.architecture.n_encoder_layers=1
models.architecture.n_decoder_layers=0    avg_loss: 0.000000038192  time_per_window : 0.000216   progress : 0.546
name: models.architecture.block_type=attention
training.mode=rollout
models.out_dim=10
models.architecture.n_encoder_layers=1
models.architecture.n_decoder_layers=0    avg_loss: 0.000000037822  time_per_window : 0.000211   progress : 0.557
name: models.architecture.block_type=attention
training.mode=rollout
models.out_dim=10
models.architecture.n_encoder_layers=1
models.architecture.n_decoder_layers=0    avg_loss: 0.000000034370  time_per_window : 0.000236   progress : 0.568
name: models.architecture.block_type=attention
training.mode=rollout
models.out_dim=10
models.architecture.n_encoder_layers=1
models.architecture.n_decoder_layers=0    avg_loss: 0.000000038820  time_per_window : 0.000207   progress : 0.579
name: models.architecture.block_type=attention
training.mode=rollout
models.out_dim=10
models.architecture.n_encoder_layers=1
models.architecture.n_decoder_layers=0    avg_loss: 0.000000032862  time_per_window : 0.000175   progress : 0.590
name: models.architecture.block_type=attention
training.mode=rollout
models.out_dim=10
models.architecture.n_encoder_layers=1
models.architecture.n_decoder_layers=0    avg_loss: 0.000000034092  time_per_window : 0.000264   progress : 0.601
name: models.architecture.block_type=attention
training.mode=rollout
models.out_dim=10
models.architecture.n_encoder_layers=1
models.architecture.n_decoder_layers=0    avg_loss: 0.000000033797  time_per_window : 0.000190   progress : 0.612
name: models.architecture.block_type=attention
training.mode=rollout
models.out_dim=10
models.architecture.n_encoder_layers=1
models.architecture.n_decoder_layers=0    avg_loss: 0.000000033543  time_per_window : 0.000271   progress : 0.623
name: models.architecture.block_type=attention
training.mode=rollout
models.out_dim=10
models.architecture.n_encoder_layers=1
models.architecture.n_decoder_layers=0    avg_loss: 0.000000034173  time_per_window : 0.000210   progress : 0.634
name: models.architecture.block_type=attention
training.mode=rollout
models.out_dim=10
models.architecture.n_encoder_layers=1
models.architecture.n_decoder_layers=0    avg_loss: 0.000000034691  time_per_window : 0.000236   progress : 0.644
name: models.architecture.block_type=attention
training.mode=rollout
models.out_dim=10
models.architecture.n_encoder_layers=1
models.architecture.n_decoder_layers=0    avg_loss: 0.000000033466  time_per_window : 0.000200   progress : 0.655
name: models.architecture.block_type=attention
training.mode=rollout
models.out_dim=10
models.architecture.n_encoder_layers=1
models.architecture.n_decoder_layers=0    avg_loss: 0.000000030792  time_per_window : 0.000207   progress : 0.666
name: models.architecture.block_type=attention
training.mode=rollout
models.out_dim=10
models.architecture.n_encoder_layers=1
models.architecture.n_decoder_layers=0    avg_loss: 0.000000034455  time_per_window : 0.000216   progress : 0.677
name: models.architecture.block_type=attention
training.mode=rollout
models.out_dim=10
models.architecture.n_encoder_layers=1
models.architecture.n_decoder_layers=0    avg_loss: 0.000000030946  time_per_window : 0.000190   progress : 0.688
name: models.architecture.block_type=attention
training.mode=rollout
models.out_dim=10
models.architecture.n_encoder_layers=1
models.architecture.n_decoder_layers=0    avg_loss: 0.000000032687  time_per_window : 0.000210   progress : 0.699
name: models.architecture.block_type=attention
training.mode=rollout
models.out_dim=10
models.architecture.n_encoder_layers=1
models.architecture.n_decoder_layers=0    avg_loss: 0.000000036533  time_per_window : 0.000193   progress : 0.710
name: models.architecture.block_type=attention
training.mode=rollout
models.out_dim=10
models.architecture.n_encoder_layers=1
models.architecture.n_decoder_layers=0    avg_loss: 0.000000029974  time_per_window : 0.000194   progress : 0.721
name: models.architecture.block_type=attention
training.mode=rollout
models.out_dim=10
models.architecture.n_encoder_layers=1
models.architecture.n_decoder_layers=0    avg_loss: 0.000000031680  time_per_window : 0.000202   progress : 0.732
name: models.architecture.block_type=attention
training.mode=rollout
models.out_dim=10
models.architecture.n_encoder_layers=1
models.architecture.n_decoder_layers=0    avg_loss: 0.000000032465  time_per_window : 0.000298   progress : 0.743
name: models.architecture.block_type=attention
training.mode=rollout
models.out_dim=10
models.architecture.n_encoder_layers=1
models.architecture.n_decoder_layers=0    avg_loss: 0.000000030363  time_per_window : 0.000180   progress : 0.754
name: models.architecture.block_type=attention
training.mode=rollout
models.out_dim=10
models.architecture.n_encoder_layers=1
models.architecture.n_decoder_layers=0    avg_loss: 0.000000033730  time_per_window : 0.000169   progress : 0.765
name: models.architecture.block_type=attention
training.mode=rollout
models.out_dim=10
models.architecture.n_encoder_layers=1
models.architecture.n_decoder_layers=0    avg_loss: 0.000000031365  time_per_window : 0.000220   progress : 0.775
name: models.architecture.block_type=attention
training.mode=rollout
models.out_dim=10
models.architecture.n_encoder_layers=1
models.architecture.n_decoder_layers=0    avg_loss: 0.000000033908  time_per_window : 0.000180   progress : 0.786
name: models.architecture.block_type=attention
training.mode=rollout
models.out_dim=10
models.architecture.n_encoder_layers=1
models.architecture.n_decoder_layers=0    avg_loss: 0.000000029333  time_per_window : 0.000230   progress : 0.797
name: models.architecture.block_type=attention
training.mode=rollout
models.out_dim=10
models.architecture.n_encoder_layers=1
models.architecture.n_decoder_layers=0    avg_loss: 0.000000029259  time_per_window : 0.000194   progress : 0.808
name: models.architecture.block_type=attention
training.mode=rollout
models.out_dim=10
models.architecture.n_encoder_layers=1
models.architecture.n_decoder_layers=0    avg_loss: 0.000000028162  time_per_window : 0.000189   progress : 0.819
name: models.architecture.block_type=attention
training.mode=rollout
models.out_dim=10
models.architecture.n_encoder_layers=1
models.architecture.n_decoder_layers=0    avg_loss: 0.000000029055  time_per_window : 0.000199   progress : 0.830
name: models.architecture.block_type=attention
training.mode=rollout
models.out_dim=10
models.architecture.n_encoder_layers=1
models.architecture.n_decoder_layers=0    avg_loss: 0.000000030072  time_per_window : 0.000188   progress : 0.841
name: models.architecture.block_type=attention
training.mode=rollout
models.out_dim=10
models.architecture.n_encoder_layers=1
models.architecture.n_decoder_layers=0    avg_loss: 0.000000032960  time_per_window : 0.000184   progress : 0.852
name: models.architecture.block_type=attention
training.mode=rollout
models.out_dim=10
models.architecture.n_encoder_layers=1
models.architecture.n_decoder_layers=0    avg_loss: 0.000000031003  time_per_window : 0.000174   progress : 0.863
name: models.architecture.block_type=attention
training.mode=rollout
models.out_dim=10
models.architecture.n_encoder_layers=1
models.architecture.n_decoder_layers=0    avg_loss: 0.000000029638  time_per_window : 0.000199   progress : 0.874
name: models.architecture.block_type=attention
training.mode=rollout
models.out_dim=10
models.architecture.n_encoder_layers=1
models.architecture.n_decoder_layers=0    avg_loss: 0.000000030113  time_per_window : 0.000226   progress : 0.885
name: models.architecture.block_type=attention
training.mode=rollout
models.out_dim=10
models.architecture.n_encoder_layers=1
models.architecture.n_decoder_layers=0    avg_loss: 0.000000026620  time_per_window : 0.000268   progress : 0.896
name: models.architecture.block_type=attention
training.mode=rollout
models.out_dim=10
models.architecture.n_encoder_layers=1
models.architecture.n_decoder_layers=0    avg_loss: 0.000000028281  time_per_window : 0.000271   progress : 0.907
name: models.architecture.block_type=attention
training.mode=rollout
models.out_dim=10
models.architecture.n_encoder_layers=1
models.architecture.n_decoder_layers=0    avg_loss: 0.000000030879  time_per_window : 0.000236   progress : 0.917
name: models.architecture.block_type=attention
training.mode=rollout
models.out_dim=10
models.architecture.n_encoder_layers=1
models.architecture.n_decoder_layers=0    avg_loss: 0.000000030337  time_per_window : 0.000201   progress : 0.928
name: models.architecture.block_type=attention
training.mode=rollout
models.out_dim=10
models.architecture.n_encoder_layers=1
models.architecture.n_decoder_layers=0    avg_loss: 0.000000027829  time_per_window : 0.000218   progress : 0.939
name: models.architecture.block_type=attention
training.mode=rollout
models.out_dim=10
models.architecture.n_encoder_layers=1
models.architecture.n_decoder_layers=0    avg_loss: 0.000000028801  time_per_window : 0.000292   progress : 0.950
name: models.architecture.block_type=attention
training.mode=rollout
models.out_dim=10
models.architecture.n_encoder_layers=1
models.architecture.n_decoder_layers=0    avg_loss: 0.000000029017  time_per_window : 0.000183   progress : 0.961
name: models.architecture.block_type=attention
training.mode=rollout
models.out_dim=10
models.architecture.n_encoder_layers=1
models.architecture.n_decoder_layers=0    avg_loss: 0.000000027209  time_per_window : 0.000186   progress : 0.972
name: models.architecture.block_type=attention
training.mode=rollout
models.out_dim=10
models.architecture.n_encoder_layers=1
models.architecture.n_decoder_layers=0    avg_loss: 0.000000030510  time_per_window : 0.000201   progress : 0.983
name: models.architecture.block_type=attention
training.mode=rollout
models.out_dim=10
models.architecture.n_encoder_layers=1
models.architecture.n_decoder_layers=0    avg_loss: 0.000000026033  time_per_window : 0.000165   progress : 0.994
name: models.architecture.block_type=attention
training.mode=rollout
models.out_dim=10
models.architecture.n_encoder_layers=1
models.architecture.n_decoder_layers=0    avg_loss: 0.000002126469  time_per_window : 0.000178   progress : 0.011
name: models.architecture.block_type=attention
training.mode=rollout
models.out_dim=10
models.architecture.n_encoder_layers=1
models.architecture.n_decoder_layers=0    avg_loss: 0.000000243854  time_per_window : 0.000188   progress : 0.022
name: models.architecture.block_type=attention
training.mode=rollout
models.out_dim=10
models.architecture.n_encoder_layers=1
models.architecture.n_decoder_layers=0    avg_loss: 0.000000175405  time_per_window : 0.000211   progress : 0.033
name: models.architecture.block_type=attention
training.mode=rollout
models.out_dim=10
models.architecture.n_encoder_layers=1
models.architecture.n_decoder_layers=0    avg_loss: 0.000000151229  time_per_window : 0.000193   progress : 0.044
name: models.architecture.block_type=attention
training.mode=rollout
models.out_dim=10
models.architecture.n_encoder_layers=1
models.architecture.n_decoder_layers=0    avg_loss: 0.000000115451  time_per_window : 0.000249   progress : 0.055
name: models.architecture.block_type=attention
training.mode=rollout
models.out_dim=10
models.architecture.n_encoder_layers=1
models.architecture.n_decoder_layers=0    avg_loss: 0.000000116037  time_per_window : 0.000230   progress : 0.066
name: models.architecture.block_type=attention
training.mode=rollout
models.out_dim=10
models.architecture.n_encoder_layers=1
models.architecture.n_decoder_layers=0    avg_loss: 0.000000117466  time_per_window : 0.000234   progress : 0.076
name: models.architecture.block_type=attention
training.mode=rollout
models.out_dim=10
models.architecture.n_encoder_layers=1
models.architecture.n_decoder_layers=0    avg_loss: 0.000000118565  time_per_window : 0.000207   progress : 0.087
name: models.architecture.block_type=attention
training.mode=rollout
models.out_dim=10
models.architecture.n_encoder_layers=1
models.architecture.n_decoder_layers=0    avg_loss: 0.000000109592  time_per_window : 0.000208   progress : 0.098
name: models.architecture.block_type=attention
training.mode=rollout
models.out_dim=10
models.architecture.n_encoder_layers=1
models.architecture.n_decoder_layers=0    avg_loss: 0.000000099803  time_per_window : 0.000234   progress : 0.109
name: models.architecture.block_type=attention
training.mode=rollout
models.out_dim=10
models.architecture.n_encoder_layers=1
models.architecture.n_decoder_layers=0    avg_loss: 0.000000113409  time_per_window : 0.000190   progress : 0.120
name: models.architecture.block_type=attention
training.mode=rollout
models.out_dim=10
models.architecture.n_encoder_layers=1
models.architecture.n_decoder_layers=0    avg_loss: 0.000000102167  time_per_window : 0.000255   progress : 0.131
name: models.architecture.block_type=attention
training.mode=rollout
models.out_dim=10
models.architecture.n_encoder_layers=1
models.architecture.n_decoder_layers=0    avg_loss: 0.000000093710  time_per_window : 0.000252   progress : 0.142
name: models.architecture.block_type=attention
training.mode=rollout
models.out_dim=10
models.architecture.n_encoder_layers=1
models.architecture.n_decoder_layers=0    avg_loss: 0.000000109743  time_per_window : 0.000209   progress : 0.153
name: models.architecture.block_type=attention
training.mode=rollout
models.out_dim=10
models.architecture.n_encoder_layers=1
models.architecture.n_decoder_layers=0    avg_loss: 0.000000089941  time_per_window : 0.000192   progress : 0.164
name: models.architecture.block_type=attention
training.mode=rollout
models.out_dim=10
models.architecture.n_encoder_layers=1
models.architecture.n_decoder_layers=0    avg_loss: 0.000000101654  time_per_window : 0.000196   progress : 0.175
name: models.architecture.block_type=attention
training.mode=rollout
models.out_dim=10
models.architecture.n_encoder_layers=1
models.architecture.n_decoder_layers=0    avg_loss: 0.000000097673  time_per_window : 0.000193   progress : 0.186
name: models.architecture.block_type=attention
training.mode=rollout
models.out_dim=10
models.architecture.n_encoder_layers=1
models.architecture.n_decoder_layers=0    avg_loss: 0.000000083239  time_per_window : 0.000216   progress : 0.197
name: models.architecture.block_type=attention
training.mode=rollout
models.out_dim=10
models.architecture.n_encoder_layers=1
models.architecture.n_decoder_layers=0    avg_loss: 0.000000114166  time_per_window : 0.000182   progress : 0.208
name: models.architecture.block_type=attention
training.mode=rollout
models.out_dim=10
models.architecture.n_encoder_layers=1
models.architecture.n_decoder_layers=0    avg_loss: 0.000000096033  time_per_window : 0.000192   progress : 0.218
name: models.architecture.block_type=attention
training.mode=rollout
models.out_dim=10
models.architecture.n_encoder_layers=1
models.architecture.n_decoder_layers=0    avg_loss: 0.000000092568  time_per_window : 0.000224   progress : 0.229
name: models.architecture.block_type=attention
training.mode=rollout
models.out_dim=10
models.architecture.n_encoder_layers=1
models.architecture.n_decoder_layers=0    avg_loss: 0.000000088796  time_per_window : 0.000209   progress : 0.240
name: models.architecture.block_type=attention
training.mode=rollout
models.out_dim=10
models.architecture.n_encoder_layers=1
models.architecture.n_decoder_layers=0    avg_loss: 0.000000105171  time_per_window : 0.000186   progress : 0.251
name: models.architecture.block_type=attention
training.mode=rollout
models.out_dim=10
models.architecture.n_encoder_layers=1
models.architecture.n_decoder_layers=0    avg_loss: 0.000000086451  time_per_window : 0.000180   progress : 0.262
name: models.architecture.block_type=attention
training.mode=rollout
models.out_dim=10
models.architecture.n_encoder_layers=1
models.architecture.n_decoder_layers=0    avg_loss: 0.000000089651  time_per_window : 0.000197   progress : 0.273
name: models.architecture.block_type=attention
training.mode=rollout
models.out_dim=10
models.architecture.n_encoder_layers=1
models.architecture.n_decoder_layers=0    avg_loss: 0.000000084714  time_per_window : 0.000208   progress : 0.284
name: models.architecture.block_type=attention
training.mode=rollout
models.out_dim=10
models.architecture.n_encoder_layers=1
models.architecture.n_decoder_layers=0    avg_loss: 0.000000111087  time_per_window : 0.000177   progress : 0.295
name: models.architecture.block_type=attention
training.mode=rollout
models.out_dim=10
models.architecture.n_encoder_layers=1
models.architecture.n_decoder_layers=0    avg_loss: 0.000000086721  time_per_window : 0.000168   progress : 0.306
name: models.architecture.block_type=attention
training.mode=rollout
models.out_dim=10
models.architecture.n_encoder_layers=1
models.architecture.n_decoder_layers=0    avg_loss: 0.000000089327  time_per_window : 0.000207   progress : 0.317
name: models.architecture.block_type=attention
training.mode=rollout
models.out_dim=10
models.architecture.n_encoder_layers=1
models.architecture.n_decoder_layers=0    avg_loss: 0.000000081893  time_per_window : 0.000186   progress : 0.328
name: models.architecture.block_type=attention
training.mode=rollout
models.out_dim=10
models.architecture.n_encoder_layers=1
models.architecture.n_decoder_layers=0    avg_loss: 0.000000100844  time_per_window : 0.000200   progress : 0.339
name: models.architecture.block_type=attention
training.mode=rollout
models.out_dim=10
models.architecture.n_encoder_layers=1
models.architecture.n_decoder_layers=0    avg_loss: 0.000000091111  time_per_window : 0.000201   progress : 0.350
name: models.architecture.block_type=attention
training.mode=rollout
models.out_dim=10
models.architecture.n_encoder_layers=1
models.architecture.n_decoder_layers=0    avg_loss: 0.000000087081  time_per_window : 0.000205   progress : 0.360
name: models.architecture.block_type=attention
training.mode=rollout
models.out_dim=10
models.architecture.n_encoder_layers=1
models.architecture.n_decoder_layers=0    avg_loss: 0.000000089108  time_per_window : 0.000181   progress : 0.371
name: models.architecture.block_type=attention
training.mode=rollout
models.out_dim=10
models.architecture.n_encoder_layers=1
models.architecture.n_decoder_layers=0    avg_loss: 0.000000076518  time_per_window : 0.000210   progress : 0.382
name: models.architecture.block_type=attention
training.mode=rollout
models.out_dim=10
models.architecture.n_encoder_layers=1
models.architecture.n_decoder_layers=0    avg_loss: 0.000000085309  time_per_window : 0.000179   progress : 0.393
name: models.architecture.block_type=attention
training.mode=rollout
models.out_dim=10
models.architecture.n_encoder_layers=1
models.architecture.n_decoder_layers=0    avg_loss: 0.000000089305  time_per_window : 0.000192   progress : 0.404
name: models.architecture.block_type=attention
training.mode=rollout
models.out_dim=10
models.architecture.n_encoder_layers=1
models.architecture.n_decoder_layers=0    avg_loss: 0.000000079460  time_per_window : 0.000215   progress : 0.415
name: models.architecture.block_type=attention
training.mode=rollout
models.out_dim=10
models.architecture.n_encoder_layers=1
models.architecture.n_decoder_layers=0    avg_loss: 0.000000076904  time_per_window : 0.000211   progress : 0.426
name: models.architecture.block_type=attention
training.mode=rollout
models.out_dim=10
models.architecture.n_encoder_layers=1
models.architecture.n_decoder_layers=0    avg_loss: 0.000000083682  time_per_window : 0.000181   progress : 0.437
name: models.architecture.block_type=attention
training.mode=rollout
models.out_dim=10
models.architecture.n_encoder_layers=1
models.architecture.n_decoder_layers=0    avg_loss: 0.000000087374  time_per_window : 0.000212   progress : 0.448
name: models.architecture.block_type=attention
training.mode=rollout
models.out_dim=10
models.architecture.n_encoder_layers=1
models.architecture.n_decoder_layers=0    avg_loss: 0.000000087407  time_per_window : 0.000171   progress : 0.459
name: models.architecture.block_type=attention
training.mode=rollout
models.out_dim=10
models.architecture.n_encoder_layers=1
models.architecture.n_decoder_layers=0    avg_loss: 0.000000095647  time_per_window : 0.000230   progress : 0.470
name: models.architecture.block_type=attention
training.mode=rollout
models.out_dim=10
models.architecture.n_encoder_layers=1
models.architecture.n_decoder_layers=0    avg_loss: 0.000000082680  time_per_window : 0.000196   progress : 0.481
name: models.architecture.block_type=attention
training.mode=rollout
models.out_dim=10
models.architecture.n_encoder_layers=1
models.architecture.n_decoder_layers=0    avg_loss: 0.000000083373  time_per_window : 0.000220   progress : 0.492
name: models.architecture.block_type=attention
training.mode=rollout
models.out_dim=10
models.architecture.n_encoder_layers=1
models.architecture.n_decoder_layers=0    avg_loss: 0.000000082729  time_per_window : 0.000260   progress : 0.502
name: models.architecture.block_type=attention
training.mode=rollout
models.out_dim=10
models.architecture.n_encoder_layers=1
models.architecture.n_decoder_layers=0    avg_loss: 0.000000075187  time_per_window : 0.000192   progress : 0.513
name: models.architecture.block_type=attention
training.mode=rollout
models.out_dim=10
models.architecture.n_encoder_layers=1
models.architecture.n_decoder_layers=0    avg_loss: 0.000000080423  time_per_window : 0.000195   progress : 0.524
name: models.architecture.block_type=attention
training.mode=rollout
models.out_dim=10
models.architecture.n_encoder_layers=1
models.architecture.n_decoder_layers=0    avg_loss: 0.000000097893  time_per_window : 0.000185   progress : 0.535
name: models.architecture.block_type=attention
training.mode=rollout
models.out_dim=10
models.architecture.n_encoder_layers=1
models.architecture.n_decoder_layers=0    avg_loss: 0.000000085737  time_per_window : 0.000217   progress : 0.546
name: models.architecture.block_type=attention
training.mode=rollout
models.out_dim=10
models.architecture.n_encoder_layers=1
models.architecture.n_decoder_layers=0    avg_loss: 0.000000082644  time_per_window : 0.000212   progress : 0.557
name: models.architecture.block_type=attention
training.mode=rollout
models.out_dim=10
models.architecture.n_encoder_layers=1
models.architecture.n_decoder_layers=0    avg_loss: 0.000000076604  time_per_window : 0.000272   progress : 0.568
name: models.architecture.block_type=attention
training.mode=rollout
models.out_dim=10
models.architecture.n_encoder_layers=1
models.architecture.n_decoder_layers=0    avg_loss: 0.000000076889  time_per_window : 0.000216   progress : 0.579
name: models.architecture.block_type=attention
training.mode=rollout
models.out_dim=10
models.architecture.n_encoder_layers=1
models.architecture.n_decoder_layers=0    avg_loss: 0.000000096679  time_per_window : 0.000179   progress : 0.590
name: models.architecture.block_type=attention
training.mode=rollout
models.out_dim=10
models.architecture.n_encoder_layers=1
models.architecture.n_decoder_layers=0    avg_loss: 0.000000081779  time_per_window : 0.000205   progress : 0.601
name: models.architecture.block_type=attention
training.mode=rollout
models.out_dim=10
models.architecture.n_encoder_layers=1
models.architecture.n_decoder_layers=0    avg_loss: 0.000000066905  time_per_window : 0.000229   progress : 0.612
name: models.architecture.block_type=attention
training.mode=rollout
models.out_dim=10
models.architecture.n_encoder_layers=1
models.architecture.n_decoder_layers=0    avg_loss: 0.000000089858  time_per_window : 0.000211   progress : 0.623
name: models.architecture.block_type=attention
training.mode=rollout
models.out_dim=10
models.architecture.n_encoder_layers=1
models.architecture.n_decoder_layers=0    avg_loss: 0.000000066625  time_per_window : 0.000209   progress : 0.634
name: models.architecture.block_type=attention
training.mode=rollout
models.out_dim=10
models.architecture.n_encoder_layers=1
models.architecture.n_decoder_layers=0    avg_loss: 0.000000086045  time_per_window : 0.000232   progress : 0.644
name: models.architecture.block_type=attention
training.mode=rollout
models.out_dim=10
models.architecture.n_encoder_layers=1
models.architecture.n_decoder_layers=0    avg_loss: 0.000000073044  time_per_window : 0.000303   progress : 0.655
name: models.architecture.block_type=attention
training.mode=rollout
models.out_dim=10
models.architecture.n_encoder_layers=1
models.architecture.n_decoder_layers=0    avg_loss: 0.000000071137  time_per_window : 0.000234   progress : 0.666
name: models.architecture.block_type=attention
training.mode=rollout
models.out_dim=10
models.architecture.n_encoder_layers=1
models.architecture.n_decoder_layers=0    avg_loss: 0.000000076305  time_per_window : 0.000189   progress : 0.677
name: models.architecture.block_type=attention
training.mode=rollout
models.out_dim=10
models.architecture.n_encoder_layers=1
models.architecture.n_decoder_layers=0    avg_loss: 0.000000070069  time_per_window : 0.000208   progress : 0.688
name: models.architecture.block_type=attention
training.mode=rollout
models.out_dim=10
models.architecture.n_encoder_layers=1
models.architecture.n_decoder_layers=0    avg_loss: 0.000000074508  time_per_window : 0.000177   progress : 0.699
name: models.architecture.block_type=attention
training.mode=rollout
models.out_dim=10
models.architecture.n_encoder_layers=1
models.architecture.n_decoder_layers=0    avg_loss: 0.000000079019  time_per_window : 0.000237   progress : 0.710
name: models.architecture.block_type=attention
training.mode=rollout
models.out_dim=10
models.architecture.n_encoder_layers=1
models.architecture.n_decoder_layers=0    avg_loss: 0.000000073610  time_per_window : 0.000184   progress : 0.721
name: models.architecture.block_type=attention
training.mode=rollout
models.out_dim=10
models.architecture.n_encoder_layers=1
models.architecture.n_decoder_layers=0    avg_loss: 0.000000069025  time_per_window : 0.000198   progress : 0.732
name: models.architecture.block_type=attention
training.mode=rollout
models.out_dim=10
models.architecture.n_encoder_layers=1
models.architecture.n_decoder_layers=0    avg_loss: 0.000000081777  time_per_window : 0.000187   progress : 0.743
name: models.architecture.block_type=attention
training.mode=rollout
models.out_dim=10
models.architecture.n_encoder_layers=1
models.architecture.n_decoder_layers=0    avg_loss: 0.000000073277  time_per_window : 0.000299   progress : 0.754
name: models.architecture.block_type=attention
training.mode=rollout
models.out_dim=10
models.architecture.n_encoder_layers=1
models.architecture.n_decoder_layers=0    avg_loss: 0.000000083037  time_per_window : 0.000184   progress : 0.765
name: models.architecture.block_type=attention
training.mode=rollout
models.out_dim=10
models.architecture.n_encoder_layers=1
models.architecture.n_decoder_layers=0    avg_loss: 0.000000079342  time_per_window : 0.000257   progress : 0.775
name: models.architecture.block_type=attention
training.mode=rollout
models.out_dim=10
models.architecture.n_encoder_layers=1
models.architecture.n_decoder_layers=0    avg_loss: 0.000000085349  time_per_window : 0.000221   progress : 0.786
name: models.architecture.block_type=attention
training.mode=rollout
models.out_dim=10
models.architecture.n_encoder_layers=1
models.architecture.n_decoder_layers=0    avg_loss: 0.000000069324  time_per_window : 0.000223   progress : 0.797
name: models.architecture.block_type=attention
training.mode=rollout
models.out_dim=10
models.architecture.n_encoder_layers=1
models.architecture.n_decoder_layers=0    avg_loss: 0.000000071655  time_per_window : 0.000222   progress : 0.808
name: models.architecture.block_type=attention
training.mode=rollout
models.out_dim=10
models.architecture.n_encoder_layers=1
models.architecture.n_decoder_layers=0    avg_loss: 0.000000064133  time_per_window : 0.000197   progress : 0.819
name: models.architecture.block_type=attention
training.mode=rollout
models.out_dim=10
models.architecture.n_encoder_layers=1
models.architecture.n_decoder_layers=0    avg_loss: 0.000000064794  time_per_window : 0.000184   progress : 0.830
name: models.architecture.block_type=attention
training.mode=rollout
models.out_dim=10
models.architecture.n_encoder_layers=1
models.architecture.n_decoder_layers=0    avg_loss: 0.000000071255  time_per_window : 0.000209   progress : 0.841
name: models.architecture.block_type=attention
training.mode=rollout
models.out_dim=10
models.architecture.n_encoder_layers=1
models.architecture.n_decoder_layers=0    avg_loss: 0.000000076491  time_per_window : 0.000183   progress : 0.852
name: models.architecture.block_type=attention
training.mode=rollout
models.out_dim=10
models.architecture.n_encoder_layers=1
models.architecture.n_decoder_layers=0    avg_loss: 0.000000084354  time_per_window : 0.000237   progress : 0.863
name: models.architecture.block_type=attention
training.mode=rollout
models.out_dim=10
models.architecture.n_encoder_layers=1
models.architecture.n_decoder_layers=0    avg_loss: 0.000000057144  time_per_window : 0.000203   progress : 0.874
name: models.architecture.block_type=attention
training.mode=rollout
models.out_dim=10
models.architecture.n_encoder_layers=1
models.architecture.n_decoder_layers=0    avg_loss: 0.000000073800  time_per_window : 0.000194   progress : 0.885
name: models.architecture.block_type=attention
training.mode=rollout
models.out_dim=10
models.architecture.n_encoder_layers=1
models.architecture.n_decoder_layers=0    avg_loss: 0.000000063848  time_per_window : 0.000286   progress : 0.896
name: models.architecture.block_type=attention
training.mode=rollout
models.out_dim=10
models.architecture.n_encoder_layers=1
models.architecture.n_decoder_layers=0    avg_loss: 0.000000073610  time_per_window : 0.000201   progress : 0.907
name: models.architecture.block_type=attention
training.mode=rollout
models.out_dim=10
models.architecture.n_encoder_layers=1
models.architecture.n_decoder_layers=0    avg_loss: 0.000000075602  time_per_window : 0.000187   progress : 0.917
name: models.architecture.block_type=attention
training.mode=rollout
models.out_dim=10
models.architecture.n_encoder_layers=1
models.architecture.n_decoder_layers=0    avg_loss: 0.000000080216  time_per_window : 0.000205   progress : 0.928
name: models.architecture.block_type=attention
training.mode=rollout
models.out_dim=10
models.architecture.n_encoder_layers=1
models.architecture.n_decoder_layers=0    avg_loss: 0.000000066775  time_per_window : 0.000258   progress : 0.939
name: models.architecture.block_type=attention
training.mode=rollout
models.out_dim=10
models.architecture.n_encoder_layers=1
models.architecture.n_decoder_layers=0    avg_loss: 0.000000069003  time_per_window : 0.000224   progress : 0.950
name: models.architecture.block_type=attention
training.mode=rollout
models.out_dim=10
models.architecture.n_encoder_layers=1
models.architecture.n_decoder_layers=0    avg_loss: 0.000000065409  time_per_window : 0.000211   progress : 0.961
name: models.architecture.block_type=attention
training.mode=rollout
models.out_dim=10
models.architecture.n_encoder_layers=1
models.architecture.n_decoder_layers=0    avg_loss: 0.000000067971  time_per_window : 0.000252   progress : 0.972
name: models.architecture.block_type=attention
training.mode=rollout
models.out_dim=10
models.architecture.n_encoder_layers=1
models.architecture.n_decoder_layers=0    avg_loss: 0.000000072761  time_per_window : 0.000211   progress : 0.983
name: models.architecture.block_type=attention
training.mode=rollout
models.out_dim=10
models.architecture.n_encoder_layers=1
models.architecture.n_decoder_layers=0    avg_loss: 0.000000070694  time_per_window : 0.000169   progress : 0.994
name: models.architecture.block_type=attention
training.mode=rollout
models.out_dim=10
models.architecture.n_encoder_layers=1
models.architecture.n_decoder_layers=0    avg_loss: 0.000017811110  time_per_window : 0.000214   progress : 0.011
name: models.architecture.block_type=attention
training.mode=rollout
models.out_dim=10
models.architecture.n_encoder_layers=1
models.architecture.n_decoder_layers=0    avg_loss: 0.000002967554  time_per_window : 0.000209   progress : 0.022
name: models.architecture.block_type=attention
training.mode=rollout
models.out_dim=10
models.architecture.n_encoder_layers=1
models.architecture.n_decoder_layers=0    avg_loss: 0.000002782475  time_per_window : 0.000226   progress : 0.033
name: models.architecture.block_type=attention
training.mode=rollout
models.out_dim=10
models.architecture.n_encoder_layers=1
models.architecture.n_decoder_layers=0    avg_loss: 0.000002380921  time_per_window : 0.000219   progress : 0.044
name: models.architecture.block_type=attention
training.mode=rollout
models.out_dim=10
models.architecture.n_encoder_layers=1
models.architecture.n_decoder_layers=0    avg_loss: 0.000001723327  time_per_window : 0.000231   progress : 0.055
name: models.architecture.block_type=attention
training.mode=rollout
models.out_dim=10
models.architecture.n_encoder_layers=1
models.architecture.n_decoder_layers=0    avg_loss: 0.000001368022  time_per_window : 0.000233   progress : 0.066
name: models.architecture.block_type=attention
training.mode=rollout
models.out_dim=10
models.architecture.n_encoder_layers=1
models.architecture.n_decoder_layers=0    avg_loss: 0.000001190479  time_per_window : 0.000199   progress : 0.076
name: models.architecture.block_type=attention
training.mode=rollout
models.out_dim=10
models.architecture.n_encoder_layers=1
models.architecture.n_decoder_layers=0    avg_loss: 0.000001214260  time_per_window : 0.000185   progress : 0.087
name: models.architecture.block_type=attention
training.mode=rollout
models.out_dim=10
models.architecture.n_encoder_layers=1
models.architecture.n_decoder_layers=0    avg_loss: 0.000001064678  time_per_window : 0.000174   progress : 0.098
name: models.architecture.block_type=attention
training.mode=rollout
models.out_dim=10
models.architecture.n_encoder_layers=1
models.architecture.n_decoder_layers=0    avg_loss: 0.000001028342  time_per_window : 0.000194   progress : 0.109
name: models.architecture.block_type=attention
training.mode=rollout
models.out_dim=10
models.architecture.n_encoder_layers=1
models.architecture.n_decoder_layers=0    avg_loss: 0.000000908397  time_per_window : 0.000200   progress : 0.120
name: models.architecture.block_type=attention
training.mode=rollout
models.out_dim=10
models.architecture.n_encoder_layers=1
models.architecture.n_decoder_layers=0    avg_loss: 0.000000905341  time_per_window : 0.000207   progress : 0.131
name: models.architecture.block_type=attention
training.mode=rollout
models.out_dim=10
models.architecture.n_encoder_layers=1
models.architecture.n_decoder_layers=0    avg_loss: 0.000000955718  time_per_window : 0.000243   progress : 0.142
name: models.architecture.block_type=attention
training.mode=rollout
models.out_dim=10
models.architecture.n_encoder_layers=1
models.architecture.n_decoder_layers=0    avg_loss: 0.000000830795  time_per_window : 0.000229   progress : 0.153
name: models.architecture.block_type=attention
training.mode=rollout
models.out_dim=10
models.architecture.n_encoder_layers=1
models.architecture.n_decoder_layers=0    avg_loss: 0.000000905765  time_per_window : 0.000230   progress : 0.164
name: models.architecture.block_type=attention
training.mode=rollout
models.out_dim=10
models.architecture.n_encoder_layers=1
models.architecture.n_decoder_layers=0    avg_loss: 0.000000844976  time_per_window : 0.000197   progress : 0.175
name: models.architecture.block_type=attention
training.mode=rollout
models.out_dim=10
models.architecture.n_encoder_layers=1
models.architecture.n_decoder_layers=0    avg_loss: 0.000000819082  time_per_window : 0.000202   progress : 0.186
name: models.architecture.block_type=attention
training.mode=rollout
models.out_dim=10
models.architecture.n_encoder_layers=1
models.architecture.n_decoder_layers=0    avg_loss: 0.000000740917  time_per_window : 0.000270   progress : 0.197
name: models.architecture.block_type=attention
training.mode=rollout
models.out_dim=10
models.architecture.n_encoder_layers=1
models.architecture.n_decoder_layers=0    avg_loss: 0.000000744082  time_per_window : 0.000234   progress : 0.208
name: models.architecture.block_type=attention
training.mode=rollout
models.out_dim=10
models.architecture.n_encoder_layers=1
models.architecture.n_decoder_layers=0    avg_loss: 0.000000782774  time_per_window : 0.000213   progress : 0.218
name: models.architecture.block_type=attention
training.mode=rollout
models.out_dim=10
models.architecture.n_encoder_layers=1
models.architecture.n_decoder_layers=0    avg_loss: 0.000000754080  time_per_window : 0.000187   progress : 0.229
name: models.architecture.block_type=attention
training.mode=rollout
models.out_dim=10
models.architecture.n_encoder_layers=1
models.architecture.n_decoder_layers=0    avg_loss: 0.000000652104  time_per_window : 0.000170   progress : 0.240
name: models.architecture.block_type=attention
training.mode=rollout
models.out_dim=10
models.architecture.n_encoder_layers=1
models.architecture.n_decoder_layers=0    avg_loss: 0.000000853793  time_per_window : 0.000191   progress : 0.251
name: models.architecture.block_type=attention
training.mode=rollout
models.out_dim=10
models.architecture.n_encoder_layers=1
models.architecture.n_decoder_layers=0    avg_loss: 0.000000656682  time_per_window : 0.000210   progress : 0.262
name: models.architecture.block_type=attention
training.mode=rollout
models.out_dim=10
models.architecture.n_encoder_layers=1
models.architecture.n_decoder_layers=0    avg_loss: 0.000000771047  time_per_window : 0.000268   progress : 0.273
name: models.architecture.block_type=attention
training.mode=rollout
models.out_dim=10
models.architecture.n_encoder_layers=1
models.architecture.n_decoder_layers=0    avg_loss: 0.000000639296  time_per_window : 0.000212   progress : 0.284
name: models.architecture.block_type=attention
training.mode=rollout
models.out_dim=10
models.architecture.n_encoder_layers=1
models.architecture.n_decoder_layers=0    avg_loss: 0.000000716757  time_per_window : 0.000191   progress : 0.295
name: models.architecture.block_type=attention
training.mode=rollout
models.out_dim=10
models.architecture.n_encoder_layers=1
models.architecture.n_decoder_layers=0    avg_loss: 0.000000666608  time_per_window : 0.000216   progress : 0.306
name: models.architecture.block_type=attention
training.mode=rollout
models.out_dim=10
models.architecture.n_encoder_layers=1
models.architecture.n_decoder_layers=0    avg_loss: 0.000000684932  time_per_window : 0.000196   progress : 0.317
name: models.architecture.block_type=attention
training.mode=rollout
models.out_dim=10
models.architecture.n_encoder_layers=1
models.architecture.n_decoder_layers=0    avg_loss: 0.000000634750  time_per_window : 0.000175   progress : 0.328
name: models.architecture.block_type=attention
training.mode=rollout
models.out_dim=10
models.architecture.n_encoder_layers=1
models.architecture.n_decoder_layers=0    avg_loss: 0.000000649363  time_per_window : 0.000194   progress : 0.339
name: models.architecture.block_type=attention
training.mode=rollout
models.out_dim=10
models.architecture.n_encoder_layers=1
models.architecture.n_decoder_layers=0    avg_loss: 0.000000585328  time_per_window : 0.000198   progress : 0.350
name: models.architecture.block_type=attention
training.mode=rollout
models.out_dim=10
models.architecture.n_encoder_layers=1
models.architecture.n_decoder_layers=0    avg_loss: 0.000000636340  time_per_window : 0.000269   progress : 0.360
name: models.architecture.block_type=attention
training.mode=rollout
models.out_dim=10
models.architecture.n_encoder_layers=1
models.architecture.n_decoder_layers=0    avg_loss: 0.000000639165  time_per_window : 0.000199   progress : 0.371
name: models.architecture.block_type=attention
training.mode=rollout
models.out_dim=10
models.architecture.n_encoder_layers=1
models.architecture.n_decoder_layers=0    avg_loss: 0.000000609060  time_per_window : 0.000265   progress : 0.382
name: models.architecture.block_type=attention
training.mode=rollout
models.out_dim=10
models.architecture.n_encoder_layers=1
models.architecture.n_decoder_layers=0    avg_loss: 0.000000567940  time_per_window : 0.000174   progress : 0.393
name: models.architecture.block_type=attention
training.mode=rollout
models.out_dim=10
models.architecture.n_encoder_layers=1
models.architecture.n_decoder_layers=0    avg_loss: 0.000000572505  time_per_window : 0.000183   progress : 0.404
name: models.architecture.block_type=attention
training.mode=rollout
models.out_dim=10
models.architecture.n_encoder_layers=1
models.architecture.n_decoder_layers=0    avg_loss: 0.000000648854  time_per_window : 0.000197   progress : 0.415
name: models.architecture.block_type=attention
training.mode=rollout
models.out_dim=10
models.architecture.n_encoder_layers=1
models.architecture.n_decoder_layers=0    avg_loss: 0.000000549530  time_per_window : 0.000191   progress : 0.426
name: models.architecture.block_type=attention
training.mode=rollout
models.out_dim=10
models.architecture.n_encoder_layers=1
models.architecture.n_decoder_layers=0    avg_loss: 0.000000564170  time_per_window : 0.000212   progress : 0.437
name: models.architecture.block_type=attention
training.mode=rollout
models.out_dim=10
models.architecture.n_encoder_layers=1
models.architecture.n_decoder_layers=0    avg_loss: 0.000000593230  time_per_window : 0.000287   progress : 0.448
name: models.architecture.block_type=attention
training.mode=rollout
models.out_dim=10
models.architecture.n_encoder_layers=1
models.architecture.n_decoder_layers=0    avg_loss: 0.000000539093  time_per_window : 0.000193   progress : 0.459
name: models.architecture.block_type=attention
training.mode=rollout
models.out_dim=10
models.architecture.n_encoder_layers=1
models.architecture.n_decoder_layers=0    avg_loss: 0.000000670627  time_per_window : 0.000190   progress : 0.470
name: models.architecture.block_type=attention
training.mode=rollout
models.out_dim=10
models.architecture.n_encoder_layers=1
models.architecture.n_decoder_layers=0    avg_loss: 0.000000544351  time_per_window : 0.000246   progress : 0.481
name: models.architecture.block_type=attention
training.mode=rollout
models.out_dim=10
models.architecture.n_encoder_layers=1
models.architecture.n_decoder_layers=0    avg_loss: 0.000000520377  time_per_window : 0.000174   progress : 0.492
name: models.architecture.block_type=attention
training.mode=rollout
models.out_dim=10
models.architecture.n_encoder_layers=1
models.architecture.n_decoder_layers=0    avg_loss: 0.000000610397  time_per_window : 0.000172   progress : 0.502
name: models.architecture.block_type=attention
training.mode=rollout
models.out_dim=10
models.architecture.n_encoder_layers=1
models.architecture.n_decoder_layers=0    avg_loss: 0.000000484715  time_per_window : 0.000205   progress : 0.513
name: models.architecture.block_type=attention
training.mode=rollout
models.out_dim=10
models.architecture.n_encoder_layers=1
models.architecture.n_decoder_layers=0    avg_loss: 0.000000502391  time_per_window : 0.000256   progress : 0.524
name: models.architecture.block_type=attention
training.mode=rollout
models.out_dim=10
models.architecture.n_encoder_layers=1
models.architecture.n_decoder_layers=0    avg_loss: 0.000000579242  time_per_window : 0.000211   progress : 0.535
name: models.architecture.block_type=attention
training.mode=rollout
models.out_dim=10
models.architecture.n_encoder_layers=1
models.architecture.n_decoder_layers=0    avg_loss: 0.000000581569  time_per_window : 0.000194   progress : 0.546
name: models.architecture.block_type=attention
training.mode=rollout
models.out_dim=10
models.architecture.n_encoder_layers=1
models.architecture.n_decoder_layers=0    avg_loss: 0.000000536506  time_per_window : 0.000219   progress : 0.557
name: models.architecture.block_type=attention
training.mode=rollout
models.out_dim=10
models.architecture.n_encoder_layers=1
models.architecture.n_decoder_layers=0    avg_loss: 0.000000477683  time_per_window : 0.000231   progress : 0.568
name: models.architecture.block_type=attention
training.mode=rollout
models.out_dim=10
models.architecture.n_encoder_layers=1
models.architecture.n_decoder_layers=0    avg_loss: 0.000000596684  time_per_window : 0.000187   progress : 0.579
name: models.architecture.block_type=attention
training.mode=rollout
models.out_dim=10
models.architecture.n_encoder_layers=1
models.architecture.n_decoder_layers=0    avg_loss: 0.000000497075  time_per_window : 0.000212   progress : 0.590
name: models.architecture.block_type=attention
training.mode=rollout
models.out_dim=10
models.architecture.n_encoder_layers=1
models.architecture.n_decoder_layers=0    avg_loss: 0.000000490128  time_per_window : 0.000188   progress : 0.601
name: models.architecture.block_type=attention
training.mode=rollout
models.out_dim=10
models.architecture.n_encoder_layers=1
models.architecture.n_decoder_layers=0    avg_loss: 0.000000532474  time_per_window : 0.000211   progress : 0.612
name: models.architecture.block_type=attention
training.mode=rollout
models.out_dim=10
models.architecture.n_encoder_layers=1
models.architecture.n_decoder_layers=0    avg_loss: 0.000000629519  time_per_window : 0.000180   progress : 0.623
name: models.architecture.block_type=attention
training.mode=rollout
models.out_dim=10
models.architecture.n_encoder_layers=1
models.architecture.n_decoder_layers=0    avg_loss: 0.000000454225  time_per_window : 0.000192   progress : 0.634
name: models.architecture.block_type=attention
training.mode=rollout
models.out_dim=10
models.architecture.n_encoder_layers=1
models.architecture.n_decoder_layers=0    avg_loss: 0.000000532674  time_per_window : 0.000208   progress : 0.644
name: models.architecture.block_type=attention
training.mode=rollout
models.out_dim=10
models.architecture.n_encoder_layers=1
models.architecture.n_decoder_layers=0    avg_loss: 0.000000468985  time_per_window : 0.000237   progress : 0.655
name: models.architecture.block_type=attention
training.mode=rollout
models.out_dim=10
models.architecture.n_encoder_layers=1
models.architecture.n_decoder_layers=0    avg_loss: 0.000000565115  time_per_window : 0.000187   progress : 0.666
name: models.architecture.block_type=attention
training.mode=rollout
models.out_dim=10
models.architecture.n_encoder_layers=1
models.architecture.n_decoder_layers=0    avg_loss: 0.000000462003  time_per_window : 0.000209   progress : 0.677
name: models.architecture.block_type=attention
training.mode=rollout
models.out_dim=10
models.architecture.n_encoder_layers=1
models.architecture.n_decoder_layers=0    avg_loss: 0.000000523531  time_per_window : 0.000204   progress : 0.688
name: models.architecture.block_type=attention
training.mode=rollout
models.out_dim=10
models.architecture.n_encoder_layers=1
models.architecture.n_decoder_layers=0    avg_loss: 0.000000545191  time_per_window : 0.000195   progress : 0.699
name: models.architecture.block_type=attention
training.mode=rollout
models.out_dim=10
models.architecture.n_encoder_layers=1
models.architecture.n_decoder_layers=0    avg_loss: 0.000000444812  time_per_window : 0.000178   progress : 0.710
name: models.architecture.block_type=attention
training.mode=rollout
models.out_dim=10
models.architecture.n_encoder_layers=1
models.architecture.n_decoder_layers=0    avg_loss: 0.000000445313  time_per_window : 0.000181   progress : 0.721
name: models.architecture.block_type=attention
training.mode=rollout
models.out_dim=10
models.architecture.n_encoder_layers=1
models.architecture.n_decoder_layers=0    avg_loss: 0.000000438737  time_per_window : 0.000189   progress : 0.732
name: models.architecture.block_type=attention
training.mode=rollout
models.out_dim=10
models.architecture.n_encoder_layers=1
models.architecture.n_decoder_layers=0    avg_loss: 0.000000483471  time_per_window : 0.000209   progress : 0.743
name: models.architecture.block_type=attention
training.mode=rollout
models.out_dim=10
models.architecture.n_encoder_layers=1
models.architecture.n_decoder_layers=0    avg_loss: 0.000000534805  time_per_window : 0.000200   progress : 0.754
name: models.architecture.block_type=attention
training.mode=rollout
models.out_dim=10
models.architecture.n_encoder_layers=1
models.architecture.n_decoder_layers=0    avg_loss: 0.000000617249  time_per_window : 0.000223   progress : 0.765
name: models.architecture.block_type=attention
training.mode=rollout
models.out_dim=10
models.architecture.n_encoder_layers=1
models.architecture.n_decoder_layers=0    avg_loss: 0.000000591459  time_per_window : 0.000197   progress : 0.775
name: models.architecture.block_type=attention
training.mode=rollout
models.out_dim=10
models.architecture.n_encoder_layers=1
models.architecture.n_decoder_layers=0    avg_loss: 0.000000444142  time_per_window : 0.000180   progress : 0.786
name: models.architecture.block_type=attention
training.mode=rollout
models.out_dim=10
models.architecture.n_encoder_layers=1
models.architecture.n_decoder_layers=0    avg_loss: 0.000000433310  time_per_window : 0.000241   progress : 0.797
name: models.architecture.block_type=attention
training.mode=rollout
models.out_dim=10
models.architecture.n_encoder_layers=1
models.architecture.n_decoder_layers=0    avg_loss: 0.000000442224  time_per_window : 0.000212   progress : 0.808
name: models.architecture.block_type=attention
training.mode=rollout
models.out_dim=10
models.architecture.n_encoder_layers=1
models.architecture.n_decoder_layers=0    avg_loss: 0.000000480914  time_per_window : 0.000192   progress : 0.819
name: models.architecture.block_type=attention
training.mode=rollout
models.out_dim=10
models.architecture.n_encoder_layers=1
models.architecture.n_decoder_layers=0    avg_loss: 0.000000424250  time_per_window : 0.000194   progress : 0.830
name: models.architecture.block_type=attention
training.mode=rollout
models.out_dim=10
models.architecture.n_encoder_layers=1
models.architecture.n_decoder_layers=0    avg_loss: 0.000000496598  time_per_window : 0.000257   progress : 0.841
name: models.architecture.block_type=attention
training.mode=rollout
models.out_dim=10
models.architecture.n_encoder_layers=1
models.architecture.n_decoder_layers=0    avg_loss: 0.000000445220  time_per_window : 0.000208   progress : 0.852
name: models.architecture.block_type=attention
training.mode=rollout
models.out_dim=10
models.architecture.n_encoder_layers=1
models.architecture.n_decoder_layers=0    avg_loss: 0.000000580485  time_per_window : 0.000220   progress : 0.863
name: models.architecture.block_type=attention
training.mode=rollout
models.out_dim=10
models.architecture.n_encoder_layers=1
models.architecture.n_decoder_layers=0    avg_loss: 0.000000410181  time_per_window : 0.000197   progress : 0.874
name: models.architecture.block_type=attention
training.mode=rollout
models.out_dim=10
models.architecture.n_encoder_layers=1
models.architecture.n_decoder_layers=0    avg_loss: 0.000000527461  time_per_window : 0.000222   progress : 0.885
name: models.architecture.block_type=attention
training.mode=rollout
models.out_dim=10
models.architecture.n_encoder_layers=1
models.architecture.n_decoder_layers=0    avg_loss: 0.000000460539  time_per_window : 0.000235   progress : 0.896
name: models.architecture.block_type=attention
training.mode=rollout
models.out_dim=10
models.architecture.n_encoder_layers=1
models.architecture.n_decoder_layers=0    avg_loss: 0.000000539418  time_per_window : 0.000232   progress : 0.907
name: models.architecture.block_type=attention
training.mode=rollout
models.out_dim=10
models.architecture.n_encoder_layers=1
models.architecture.n_decoder_layers=0    avg_loss: 0.000000431640  time_per_window : 0.000303   progress : 0.917
name: models.architecture.block_type=attention
training.mode=rollout
models.out_dim=10
models.architecture.n_encoder_layers=1
models.architecture.n_decoder_layers=0    avg_loss: 0.000000503760  time_per_window : 0.000197   progress : 0.928
name: models.architecture.block_type=attention
training.mode=rollout
models.out_dim=10
models.architecture.n_encoder_layers=1
models.architecture.n_decoder_layers=0    avg_loss: 0.000000464403  time_per_window : 0.000219   progress : 0.939
name: models.architecture.block_type=attention
training.mode=rollout
models.out_dim=10
models.architecture.n_encoder_layers=1
models.architecture.n_decoder_layers=0    avg_loss: 0.000000531880  time_per_window : 0.000237   progress : 0.950
name: models.architecture.block_type=attention
training.mode=rollout
models.out_dim=10
models.architecture.n_encoder_layers=1
models.architecture.n_decoder_layers=0    avg_loss: 0.000000424228  time_per_window : 0.000200   progress : 0.961
name: models.architecture.block_type=attention
training.mode=rollout
models.out_dim=10
models.architecture.n_encoder_layers=1
models.architecture.n_decoder_layers=0    avg_loss: 0.000000422192  time_per_window : 0.000232   progress : 0.972
name: models.architecture.block_type=attention
training.mode=rollout
models.out_dim=10
models.architecture.n_encoder_layers=1
models.architecture.n_decoder_layers=0    avg_loss: 0.000000506718  time_per_window : 0.000214   progress : 0.983
name: models.architecture.block_type=attention
training.mode=rollout
models.out_dim=10
models.architecture.n_encoder_layers=1
models.architecture.n_decoder_layers=0    avg_loss: 0.000000434188  time_per_window : 0.000193   progress : 0.994
name: models.architecture.block_type=attention
training.mode=rollout
models.out_dim=10
models.architecture.n_encoder_layers=1
models.architecture.n_decoder_layers=0    avg_loss: 0.000000994458  time_per_window : 0.000208   progress : 0.011
name: models.architecture.block_type=attention
training.mode=rollout
models.out_dim=10
models.architecture.n_encoder_layers=1
models.architecture.n_decoder_layers=0    avg_loss: 0.000000712821  time_per_window : 0.000233   progress : 0.022
name: models.architecture.block_type=attention
training.mode=rollout
models.out_dim=10
models.architecture.n_encoder_layers=1
models.architecture.n_decoder_layers=0    avg_loss: 0.000000618180  time_per_window : 0.000209   progress : 0.033
name: models.architecture.block_type=attention
training.mode=rollout
models.out_dim=10
models.architecture.n_encoder_layers=1
models.architecture.n_decoder_layers=0    avg_loss: 0.000000633389  time_per_window : 0.000196   progress : 0.044
name: models.architecture.block_type=attention
training.mode=rollout
models.out_dim=10
models.architecture.n_encoder_layers=1
models.architecture.n_decoder_layers=0    avg_loss: 0.000000695792  time_per_window : 0.000201   progress : 0.055
name: models.architecture.block_type=attention
training.mode=rollout
models.out_dim=10
models.architecture.n_encoder_layers=1
models.architecture.n_decoder_layers=0    avg_loss: 0.000000712403  time_per_window : 0.000211   progress : 0.066
name: models.architecture.block_type=attention
training.mode=rollout
models.out_dim=10
models.architecture.n_encoder_layers=1
models.architecture.n_decoder_layers=0    avg_loss: 0.000000582146  time_per_window : 0.000204   progress : 0.076
name: models.architecture.block_type=attention
training.mode=rollout
models.out_dim=10
models.architecture.n_encoder_layers=1
models.architecture.n_decoder_layers=0    avg_loss: 0.000000591536  time_per_window : 0.000218   progress : 0.087
name: models.architecture.block_type=attention
training.mode=rollout
models.out_dim=10
models.architecture.n_encoder_layers=1
models.architecture.n_decoder_layers=0    avg_loss: 0.000000536525  time_per_window : 0.000216   progress : 0.098
name: models.architecture.block_type=attention
training.mode=rollout
models.out_dim=10
models.architecture.n_encoder_layers=1
models.architecture.n_decoder_layers=0    avg_loss: 0.000000629175  time_per_window : 0.000215   progress : 0.109
name: models.architecture.block_type=attention
training.mode=rollout
models.out_dim=10
models.architecture.n_encoder_layers=1
models.architecture.n_decoder_layers=0    avg_loss: 0.000000590497  time_per_window : 0.000223   progress : 0.120
name: models.architecture.block_type=attention
training.mode=rollout
models.out_dim=10
models.architecture.n_encoder_layers=1
models.architecture.n_decoder_layers=0    avg_loss: 0.000000525855  time_per_window : 0.000242   progress : 0.131
name: models.architecture.block_type=attention
training.mode=rollout
models.out_dim=10
models.architecture.n_encoder_layers=1
models.architecture.n_decoder_layers=0    avg_loss: 0.000000509593  time_per_window : 0.000194   progress : 0.142
name: models.architecture.block_type=attention
training.mode=rollout
models.out_dim=10
models.architecture.n_encoder_layers=1
models.architecture.n_decoder_layers=0    avg_loss: 0.000000539110  time_per_window : 0.000210   progress : 0.153
name: models.architecture.block_type=attention
training.mode=rollout
models.out_dim=10
models.architecture.n_encoder_layers=1
models.architecture.n_decoder_layers=0    avg_loss: 0.000000606369  time_per_window : 0.000205   progress : 0.164
name: models.architecture.block_type=attention
training.mode=rollout
models.out_dim=10
models.architecture.n_encoder_layers=1
models.architecture.n_decoder_layers=0    avg_loss: 0.000000573704  time_per_window : 0.000250   progress : 0.175
name: models.architecture.block_type=attention
training.mode=rollout
models.out_dim=10
models.architecture.n_encoder_layers=1
models.architecture.n_decoder_layers=0    avg_loss: 0.000000567833  time_per_window : 0.000278   progress : 0.186
name: models.architecture.block_type=attention
training.mode=rollout
models.out_dim=10
models.architecture.n_encoder_layers=1
models.architecture.n_decoder_layers=0    avg_loss: 0.000000612362  time_per_window : 0.000201   progress : 0.197
name: models.architecture.block_type=attention
training.mode=rollout
models.out_dim=10
models.architecture.n_encoder_layers=1
models.architecture.n_decoder_layers=0    avg_loss: 0.000000479039  time_per_window : 0.000176   progress : 0.208
name: models.architecture.block_type=attention
training.mode=rollout
models.out_dim=10
models.architecture.n_encoder_layers=1
models.architecture.n_decoder_layers=0    avg_loss: 0.000000549662  time_per_window : 0.000275   progress : 0.218
name: models.architecture.block_type=attention
training.mode=rollout
models.out_dim=10
models.architecture.n_encoder_layers=1
models.architecture.n_decoder_layers=0    avg_loss: 0.000000566618  time_per_window : 0.000229   progress : 0.229
name: models.architecture.block_type=attention
training.mode=rollout
models.out_dim=10
models.architecture.n_encoder_layers=1
models.architecture.n_decoder_layers=0    avg_loss: 0.000000568003  time_per_window : 0.000248   progress : 0.240
name: models.architecture.block_type=attention
training.mode=rollout
models.out_dim=10
models.architecture.n_encoder_layers=1
models.architecture.n_decoder_layers=0    avg_loss: 0.000000625954  time_per_window : 0.000206   progress : 0.251
name: models.architecture.block_type=attention
training.mode=rollout
models.out_dim=10
models.architecture.n_encoder_layers=1
models.architecture.n_decoder_layers=0    avg_loss: 0.000000567117  time_per_window : 0.000245   progress : 0.262
name: models.architecture.block_type=attention
training.mode=rollout
models.out_dim=10
models.architecture.n_encoder_layers=1
models.architecture.n_decoder_layers=0    avg_loss: 0.000000495551  time_per_window : 0.000217   progress : 0.273
name: models.architecture.block_type=attention
training.mode=rollout
models.out_dim=10
models.architecture.n_encoder_layers=1
models.architecture.n_decoder_layers=0    avg_loss: 0.000000571722  time_per_window : 0.000198   progress : 0.284
name: models.architecture.block_type=attention
training.mode=rollout
models.out_dim=10
models.architecture.n_encoder_layers=1
models.architecture.n_decoder_layers=0    avg_loss: 0.000000510693  time_per_window : 0.000201   progress : 0.295
name: models.architecture.block_type=attention
training.mode=rollout
models.out_dim=10
models.architecture.n_encoder_layers=1
models.architecture.n_decoder_layers=0    avg_loss: 0.000000514972  time_per_window : 0.000218   progress : 0.306
name: models.architecture.block_type=attention
training.mode=rollout
models.out_dim=10
models.architecture.n_encoder_layers=1
models.architecture.n_decoder_layers=0    avg_loss: 0.000000617649  time_per_window : 0.000205   progress : 0.317
name: models.architecture.block_type=attention
training.mode=rollout
models.out_dim=10
models.architecture.n_encoder_layers=1
models.architecture.n_decoder_layers=0    avg_loss: 0.000000523806  time_per_window : 0.000195   progress : 0.328
name: models.architecture.block_type=attention
training.mode=rollout
models.out_dim=10
models.architecture.n_encoder_layers=1
models.architecture.n_decoder_layers=0    avg_loss: 0.000000455489  time_per_window : 0.000194   progress : 0.339
name: models.architecture.block_type=attention
training.mode=rollout
models.out_dim=10
models.architecture.n_encoder_layers=1
models.architecture.n_decoder_layers=0    avg_loss: 0.000000477371  time_per_window : 0.000230   progress : 0.350
name: models.architecture.block_type=attention
training.mode=rollout
models.out_dim=10
models.architecture.n_encoder_layers=1
models.architecture.n_decoder_layers=0    avg_loss: 0.000000622270  time_per_window : 0.000197   progress : 0.360
name: models.architecture.block_type=attention
training.mode=rollout
models.out_dim=10
models.architecture.n_encoder_layers=1
models.architecture.n_decoder_layers=0    avg_loss: 0.000000620812  time_per_window : 0.000198   progress : 0.371
name: models.architecture.block_type=attention
training.mode=rollout
models.out_dim=10
models.architecture.n_encoder_layers=1
models.architecture.n_decoder_layers=0    avg_loss: 0.000000455739  time_per_window : 0.000183   progress : 0.382
name: models.architecture.block_type=attention
training.mode=rollout
models.out_dim=10
models.architecture.n_encoder_layers=1
models.architecture.n_decoder_layers=0    avg_loss: 0.000000551265  time_per_window : 0.000205   progress : 0.393
name: models.architecture.block_type=attention
training.mode=rollout
models.out_dim=10
models.architecture.n_encoder_layers=1
models.architecture.n_decoder_layers=0    avg_loss: 0.000000500473  time_per_window : 0.000202   progress : 0.404
name: models.architecture.block_type=attention
training.mode=rollout
models.out_dim=10
models.architecture.n_encoder_layers=1
models.architecture.n_decoder_layers=0    avg_loss: 0.000000555093  time_per_window : 0.000265   progress : 0.415
name: models.architecture.block_type=attention
training.mode=rollout
models.out_dim=10
models.architecture.n_encoder_layers=1
models.architecture.n_decoder_layers=0    avg_loss: 0.000000497058  time_per_window : 0.000260   progress : 0.426
name: models.architecture.block_type=attention
training.mode=rollout
models.out_dim=10
models.architecture.n_encoder_layers=1
models.architecture.n_decoder_layers=0    avg_loss: 0.000000501951  time_per_window : 0.000213   progress : 0.437
name: models.architecture.block_type=attention
training.mode=rollout
models.out_dim=10
models.architecture.n_encoder_layers=1
models.architecture.n_decoder_layers=0    avg_loss: 0.000000521088  time_per_window : 0.000204   progress : 0.448
name: models.architecture.block_type=attention
training.mode=rollout
models.out_dim=10
models.architecture.n_encoder_layers=1
models.architecture.n_decoder_layers=0    avg_loss: 0.000000604146  time_per_window : 0.000227   progress : 0.459
name: models.architecture.block_type=attention
training.mode=rollout
models.out_dim=10
models.architecture.n_encoder_layers=1
models.architecture.n_decoder_layers=0    avg_loss: 0.000000620473  time_per_window : 0.000206   progress : 0.470
name: models.architecture.block_type=attention
training.mode=rollout
models.out_dim=10
models.architecture.n_encoder_layers=1
models.architecture.n_decoder_layers=0    avg_loss: 0.000000439945  time_per_window : 0.000225   progress : 0.481
name: models.architecture.block_type=attention
training.mode=rollout
models.out_dim=10
models.architecture.n_encoder_layers=1
models.architecture.n_decoder_layers=0    avg_loss: 0.000000538847  time_per_window : 0.000188   progress : 0.492
name: models.architecture.block_type=attention
training.mode=rollout
models.out_dim=10
models.architecture.n_encoder_layers=1
models.architecture.n_decoder_layers=0    avg_loss: 0.000000524501  time_per_window : 0.000254   progress : 0.502
name: models.architecture.block_type=attention
training.mode=rollout
models.out_dim=10
models.architecture.n_encoder_layers=1
models.architecture.n_decoder_layers=0    avg_loss: 0.000000468972  time_per_window : 0.000196   progress : 0.513
name: models.architecture.block_type=attention
training.mode=rollout
models.out_dim=10
models.architecture.n_encoder_layers=1
models.architecture.n_decoder_layers=0    avg_loss: 0.000000538875  time_per_window : 0.000196   progress : 0.524
name: models.architecture.block_type=attention
training.mode=rollout
models.out_dim=10
models.architecture.n_encoder_layers=1
models.architecture.n_decoder_layers=0    avg_loss: 0.000000605147  time_per_window : 0.000195   progress : 0.535
name: models.architecture.block_type=attention
training.mode=rollout
models.out_dim=10
models.architecture.n_encoder_layers=1
models.architecture.n_decoder_layers=0    avg_loss: 0.000000497703  time_per_window : 0.000191   progress : 0.546
name: models.architecture.block_type=attention
training.mode=rollout
models.out_dim=10
models.architecture.n_encoder_layers=1
models.architecture.n_decoder_layers=0    avg_loss: 0.000000523508  time_per_window : 0.000200   progress : 0.557
name: models.architecture.block_type=attention
training.mode=rollout
models.out_dim=10
models.architecture.n_encoder_layers=1
models.architecture.n_decoder_layers=0    avg_loss: 0.000000471475  time_per_window : 0.000203   progress : 0.568
name: models.architecture.block_type=attention
training.mode=rollout
models.out_dim=10
models.architecture.n_encoder_layers=1
models.architecture.n_decoder_layers=0    avg_loss: 0.000000538556  time_per_window : 0.000211   progress : 0.579
name: models.architecture.block_type=attention
training.mode=rollout
models.out_dim=10
models.architecture.n_encoder_layers=1
models.architecture.n_decoder_layers=0    avg_loss: 0.000000494296  time_per_window : 0.000190   progress : 0.590
name: models.architecture.block_type=attention
training.mode=rollout
models.out_dim=10
models.architecture.n_encoder_layers=1
models.architecture.n_decoder_layers=0    avg_loss: 0.000000485500  time_per_window : 0.000244   progress : 0.601
name: models.architecture.block_type=attention
training.mode=rollout
models.out_dim=10
models.architecture.n_encoder_layers=1
models.architecture.n_decoder_layers=0    avg_loss: 0.000000558628  time_per_window : 0.000204   progress : 0.612
name: models.architecture.block_type=attention
training.mode=rollout
models.out_dim=10
models.architecture.n_encoder_layers=1
models.architecture.n_decoder_layers=0    avg_loss: 0.000000474587  time_per_window : 0.000202   progress : 0.623
name: models.architecture.block_type=attention
training.mode=rollout
models.out_dim=10
models.architecture.n_encoder_layers=1
models.architecture.n_decoder_layers=0    avg_loss: 0.000000457723  time_per_window : 0.000233   progress : 0.634
name: models.architecture.block_type=attention
training.mode=rollout
models.out_dim=10
models.architecture.n_encoder_layers=1
models.architecture.n_decoder_layers=0    avg_loss: 0.000000499279  time_per_window : 0.000224   progress : 0.644
name: models.architecture.block_type=attention
training.mode=rollout
models.out_dim=10
models.architecture.n_encoder_layers=1
models.architecture.n_decoder_layers=0    avg_loss: 0.000000587736  time_per_window : 0.000263   progress : 0.655
name: models.architecture.block_type=attention
training.mode=rollout
models.out_dim=10
models.architecture.n_encoder_layers=1
models.architecture.n_decoder_layers=0    avg_loss: 0.000000525645  time_per_window : 0.000247   progress : 0.666
name: models.architecture.block_type=attention
training.mode=rollout
models.out_dim=10
models.architecture.n_encoder_layers=1
models.architecture.n_decoder_layers=0    avg_loss: 0.000000534041  time_per_window : 0.000251   progress : 0.677
name: models.architecture.block_type=attention
training.mode=rollout
models.out_dim=10
models.architecture.n_encoder_layers=1
models.architecture.n_decoder_layers=0    avg_loss: 0.000000516076  time_per_window : 0.000196   progress : 0.688
name: models.architecture.block_type=attention
training.mode=rollout
models.out_dim=10
models.architecture.n_encoder_layers=1
models.architecture.n_decoder_layers=0    avg_loss: 0.000000545226  time_per_window : 0.000198   progress : 0.699
name: models.architecture.block_type=attention
training.mode=rollout
models.out_dim=10
models.architecture.n_encoder_layers=1
models.architecture.n_decoder_layers=0    avg_loss: 0.000000510950  time_per_window : 0.000221   progress : 0.710
name: models.architecture.block_type=attention
training.mode=rollout
models.out_dim=10
models.architecture.n_encoder_layers=1
models.architecture.n_decoder_layers=0    avg_loss: 0.000000485706  time_per_window : 0.000238   progress : 0.721
name: models.architecture.block_type=attention
training.mode=rollout
models.out_dim=10
models.architecture.n_encoder_layers=1
models.architecture.n_decoder_layers=0    avg_loss: 0.000000493062  time_per_window : 0.000185   progress : 0.732
name: models.architecture.block_type=attention
training.mode=rollout
models.out_dim=10
models.architecture.n_encoder_layers=1
models.architecture.n_decoder_layers=0    avg_loss: 0.000000464780  time_per_window : 0.000228   progress : 0.743
name: models.architecture.block_type=attention
training.mode=rollout
models.out_dim=10
models.architecture.n_encoder_layers=1
models.architecture.n_decoder_layers=0    avg_loss: 0.000000469832  time_per_window : 0.000265   progress : 0.754
name: models.architecture.block_type=attention
training.mode=rollout
models.out_dim=10
models.architecture.n_encoder_layers=1
models.architecture.n_decoder_layers=0    avg_loss: 0.000000608241  time_per_window : 0.000189   progress : 0.765
name: models.architecture.block_type=attention
training.mode=rollout
models.out_dim=10
models.architecture.n_encoder_layers=1
models.architecture.n_decoder_layers=0    avg_loss: 0.000000495629  time_per_window : 0.000232   progress : 0.775
name: models.architecture.block_type=attention
training.mode=rollout
models.out_dim=10
models.architecture.n_encoder_layers=1
models.architecture.n_decoder_layers=0    avg_loss: 0.000000601099  time_per_window : 0.000235   progress : 0.786
name: models.architecture.block_type=attention
training.mode=rollout
models.out_dim=10
models.architecture.n_encoder_layers=1
models.architecture.n_decoder_layers=0    avg_loss: 0.000000523777  time_per_window : 0.000220   progress : 0.797
name: models.architecture.block_type=attention
training.mode=rollout
models.out_dim=10
models.architecture.n_encoder_layers=1
models.architecture.n_decoder_layers=0    avg_loss: 0.000000471849  time_per_window : 0.000210   progress : 0.808
name: models.architecture.block_type=attention
training.mode=rollout
models.out_dim=10
models.architecture.n_encoder_layers=1
models.architecture.n_decoder_layers=0    avg_loss: 0.000000444207  time_per_window : 0.000202   progress : 0.819
name: models.architecture.block_type=attention
training.mode=rollout
models.out_dim=10
models.architecture.n_encoder_layers=1
models.architecture.n_decoder_layers=0    avg_loss: 0.000000423747  time_per_window : 0.000188   progress : 0.830
name: models.architecture.block_type=attention
training.mode=rollout
models.out_dim=10
models.architecture.n_encoder_layers=1
models.architecture.n_decoder_layers=0    avg_loss: 0.000000505380  time_per_window : 0.000210   progress : 0.841
name: models.architecture.block_type=attention
training.mode=rollout
models.out_dim=10
models.architecture.n_encoder_layers=1
models.architecture.n_decoder_layers=0    avg_loss: 0.000000475648  time_per_window : 0.000206   progress : 0.852
name: models.architecture.block_type=attention
training.mode=rollout
models.out_dim=10
models.architecture.n_encoder_layers=1
models.architecture.n_decoder_layers=0    avg_loss: 0.000000534973  time_per_window : 0.000240   progress : 0.863
name: models.architecture.block_type=attention
training.mode=rollout
models.out_dim=10
models.architecture.n_encoder_layers=1
models.architecture.n_decoder_layers=0    avg_loss: 0.000000418413  time_per_window : 0.000211   progress : 0.874
name: models.architecture.block_type=attention
training.mode=rollout
models.out_dim=10
models.architecture.n_encoder_layers=1
models.architecture.n_decoder_layers=0    avg_loss: 0.000000629928  time_per_window : 0.000199   progress : 0.885
name: models.architecture.block_type=attention
training.mode=rollout
models.out_dim=10
models.architecture.n_encoder_layers=1
models.architecture.n_decoder_layers=0    avg_loss: 0.000000488664  time_per_window : 0.000268   progress : 0.896
name: models.architecture.block_type=attention
training.mode=rollout
models.out_dim=10
models.architecture.n_encoder_layers=1
models.architecture.n_decoder_layers=0    avg_loss: 0.000000479378  time_per_window : 0.000224   progress : 0.907
name: models.architecture.block_type=attention
training.mode=rollout
models.out_dim=10
models.architecture.n_encoder_layers=1
models.architecture.n_decoder_layers=0    avg_loss: 0.000000491498  time_per_window : 0.000196   progress : 0.917
name: models.architecture.block_type=attention
training.mode=rollout
models.out_dim=10
models.architecture.n_encoder_layers=1
models.architecture.n_decoder_layers=0    avg_loss: 0.000000551026  time_per_window : 0.000201   progress : 0.928
name: models.architecture.block_type=attention
training.mode=rollout
models.out_dim=10
models.architecture.n_encoder_layers=1
models.architecture.n_decoder_layers=0    avg_loss: 0.000000467704  time_per_window : 0.000201   progress : 0.939
name: models.architecture.block_type=attention
training.mode=rollout
models.out_dim=10
models.architecture.n_encoder_layers=1
models.architecture.n_decoder_layers=0    avg_loss: 0.000000518859  time_per_window : 0.000218   progress : 0.950
name: models.architecture.block_type=attention
training.mode=rollout
models.out_dim=10
models.architecture.n_encoder_layers=1
models.architecture.n_decoder_layers=0    avg_loss: 0.000000519133  time_per_window : 0.000221   progress : 0.961
name: models.architecture.block_type=attention
training.mode=rollout
models.out_dim=10
models.architecture.n_encoder_layers=1
models.architecture.n_decoder_layers=0    avg_loss: 0.000000589106  time_per_window : 0.000217   progress : 0.972
name: models.architecture.block_type=attention
training.mode=rollout
models.out_dim=10
models.architecture.n_encoder_layers=1
models.architecture.n_decoder_layers=0    avg_loss: 0.000000556228  time_per_window : 0.000228   progress : 0.983
name: models.architecture.block_type=attention
training.mode=rollout
models.out_dim=10
models.architecture.n_encoder_layers=1
models.architecture.n_decoder_layers=0    avg_loss: 0.000000404856  time_per_window : 0.000252   progress : 0.994
DONE!!!
