/home/jdihardjo/miniconda3/envs/mavenv/lib/python3.11/site-packages/hydra/_internal/defaults_list.py:251: UserWarning: In 'config': Defaults list is missing `_self_`. See https://hydra.cc/docs/1.2/upgrades/1.0_to_1.1/default_composition_order for more information
  warnings.warn(msg, UserWarning)
Using cuda device
[2026-07-24 23:30:19,634][HYDRA] Joblib.Parallel(n_jobs=4,backend=loky,prefer=processes,require=None,verbose=0,timeout=None,pre_dispatch=2*n_jobs,batch_size=auto,temp_folder=None,max_nbytes=None,mmap_mode=r) is launching 1 jobs
[2026-07-24 23:30:19,634][HYDRA] Launching jobs, sweep output dir : ablation_runs/2026-07-24_23-30-14/attention_1e1d_out10
[2026-07-24 23:30:19,634][HYDRA] 	#0 : models.architecture.block_type=attention training.mode=rollout models.out_dim=10 models.architecture.n_encoder_layers=1 models.architecture.n_decoder_layers=1
/home/jdihardjo/miniconda3/envs/mavenv/lib/python3.11/site-packages/hydra/_internal/defaults_list.py:251: UserWarning: In 'config': Defaults list is missing `_self_`. See https://hydra.cc/docs/1.2/upgrades/1.0_to_1.1/default_composition_order for more information
  warnings.warn(msg, UserWarning)
models:
  n_dim: 23
  out_dim: 10
  architecture:
    d_model: 128
    n_encoder_layers: 1
    n_decoder_layers: 1
    block_type: attention
    time_adapter: last_token
    in_norm: none
    out_norm: none
    layer_scale: 0.0001
    drop_path: 0.05
    mamba_type: mamba
    mamba_kwargs:
      d_state: 16
      d_conv: 2
      expand: 2
      norm: rms
    skip: false
    cls_kwargs:
      n_heads: 2
      n_mlp: 2
      positional_encoding: false
      max_len: 5000
input_len: 32
output_len: 1
batch_size: 128
epochs: 5
seed: 0
dataset:
  path: /home/jdihardjo/simdata/train.zarr/
  training_size: 1500000
evaluation:
  path: /home/jdihardjo/simdata/evaluation.zarr/
  evaluation_size: 50
training:
  mode: rollout
  lr: 0.0002
  weight_decay: 0.1
  rollout_steps: 16
checkpoint:
  save_path: hydra-test.pth
  load: false
  path: hydra-test.pth
compile: true

/home/jdihardjo/miniconda3/envs/mavenv/lib/python3.11/site-packages/torch/_inductor/cudagraph_trees.py:2622: UserWarning: Unable to hit fast path of CUDAGraphs because outputs from a previous step still require backward. Ensure backward() is invoked or detach outputs. You may also call torch.compiler.cudagraph_mark_step_begin() before each model invocation.
  warnings.warn(
name: models.architecture.block_type=attention
training.mode=rollout
models.out_dim=10
models.architecture.n_encoder_layers=1
models.architecture.n_decoder_layers=1    avg_loss: 0.005654099397  time_per_window : 0.000186   progress : 0.011
name: models.architecture.block_type=attention
training.mode=rollout
models.out_dim=10
models.architecture.n_encoder_layers=1
models.architecture.n_decoder_layers=1    avg_loss: 0.000046758349  time_per_window : 0.000202   progress : 0.022
name: models.architecture.block_type=attention
training.mode=rollout
models.out_dim=10
models.architecture.n_encoder_layers=1
models.architecture.n_decoder_layers=1    avg_loss: 0.000017455992  time_per_window : 0.000191   progress : 0.033
name: models.architecture.block_type=attention
training.mode=rollout
models.out_dim=10
models.architecture.n_encoder_layers=1
models.architecture.n_decoder_layers=1    avg_loss: 0.000008438461  time_per_window : 0.000184   progress : 0.044
name: models.architecture.block_type=attention
training.mode=rollout
models.out_dim=10
models.architecture.n_encoder_layers=1
models.architecture.n_decoder_layers=1    avg_loss: 0.000005011479  time_per_window : 0.000207   progress : 0.055
name: models.architecture.block_type=attention
training.mode=rollout
models.out_dim=10
models.architecture.n_encoder_layers=1
models.architecture.n_decoder_layers=1    avg_loss: 0.000003762218  time_per_window : 0.000200   progress : 0.066
name: models.architecture.block_type=attention
training.mode=rollout
models.out_dim=10
models.architecture.n_encoder_layers=1
models.architecture.n_decoder_layers=1    avg_loss: 0.000003091339  time_per_window : 0.000178   progress : 0.076
name: models.architecture.block_type=attention
training.mode=rollout
models.out_dim=10
models.architecture.n_encoder_layers=1
models.architecture.n_decoder_layers=1    avg_loss: 0.000002690346  time_per_window : 0.000198   progress : 0.087
name: models.architecture.block_type=attention
training.mode=rollout
models.out_dim=10
models.architecture.n_encoder_layers=1
models.architecture.n_decoder_layers=1    avg_loss: 0.000002347253  time_per_window : 0.000219   progress : 0.098
name: models.architecture.block_type=attention
training.mode=rollout
models.out_dim=10
models.architecture.n_encoder_layers=1
models.architecture.n_decoder_layers=1    avg_loss: 0.000002130990  time_per_window : 0.000216   progress : 0.109
name: models.architecture.block_type=attention
training.mode=rollout
models.out_dim=10
models.architecture.n_encoder_layers=1
models.architecture.n_decoder_layers=1    avg_loss: 0.000001962066  time_per_window : 0.000205   progress : 0.120
name: models.architecture.block_type=attention
training.mode=rollout
models.out_dim=10
models.architecture.n_encoder_layers=1
models.architecture.n_decoder_layers=1    avg_loss: 0.000001844769  time_per_window : 0.000177   progress : 0.131
name: models.architecture.block_type=attention
training.mode=rollout
models.out_dim=10
models.architecture.n_encoder_layers=1
models.architecture.n_decoder_layers=1    avg_loss: 0.000001643730  time_per_window : 0.000231   progress : 0.142
name: models.architecture.block_type=attention
training.mode=rollout
models.out_dim=10
models.architecture.n_encoder_layers=1
models.architecture.n_decoder_layers=1    avg_loss: 0.000001485564  time_per_window : 0.000188   progress : 0.153
name: models.architecture.block_type=attention
training.mode=rollout
models.out_dim=10
models.architecture.n_encoder_layers=1
models.architecture.n_decoder_layers=1    avg_loss: 0.000001422861  time_per_window : 0.000194   progress : 0.164
name: models.architecture.block_type=attention
training.mode=rollout
models.out_dim=10
models.architecture.n_encoder_layers=1
models.architecture.n_decoder_layers=1    avg_loss: 0.000001324916  time_per_window : 0.000171   progress : 0.175
name: models.architecture.block_type=attention
training.mode=rollout
models.out_dim=10
models.architecture.n_encoder_layers=1
models.architecture.n_decoder_layers=1    avg_loss: 0.000001258648  time_per_window : 0.000180   progress : 0.186
name: models.architecture.block_type=attention
training.mode=rollout
models.out_dim=10
models.architecture.n_encoder_layers=1
models.architecture.n_decoder_layers=1    avg_loss: 0.000001219212  time_per_window : 0.000205   progress : 0.197
name: models.architecture.block_type=attention
training.mode=rollout
models.out_dim=10
models.architecture.n_encoder_layers=1
models.architecture.n_decoder_layers=1    avg_loss: 0.000001172706  time_per_window : 0.000202   progress : 0.208
name: models.architecture.block_type=attention
training.mode=rollout
models.out_dim=10
models.architecture.n_encoder_layers=1
models.architecture.n_decoder_layers=1    avg_loss: 0.000001265448  time_per_window : 0.000184   progress : 0.218
name: models.architecture.block_type=attention
training.mode=rollout
models.out_dim=10
models.architecture.n_encoder_layers=1
models.architecture.n_decoder_layers=1    avg_loss: 0.000001659822  time_per_window : 0.000190   progress : 0.229
name: models.architecture.block_type=attention
training.mode=rollout
models.out_dim=10
models.architecture.n_encoder_layers=1
models.architecture.n_decoder_layers=1    avg_loss: 0.000003474334  time_per_window : 0.000210   progress : 0.240
name: models.architecture.block_type=attention
training.mode=rollout
models.out_dim=10
models.architecture.n_encoder_layers=1
models.architecture.n_decoder_layers=1    avg_loss: 0.000005036182  time_per_window : 0.000190   progress : 0.251
name: models.architecture.block_type=attention
training.mode=rollout
models.out_dim=10
models.architecture.n_encoder_layers=1
models.architecture.n_decoder_layers=1    avg_loss: 0.000004479860  time_per_window : 0.000210   progress : 0.262
name: models.architecture.block_type=attention
training.mode=rollout
models.out_dim=10
models.architecture.n_encoder_layers=1
models.architecture.n_decoder_layers=1    avg_loss: 0.000006596626  time_per_window : 0.000194   progress : 0.273
name: models.architecture.block_type=attention
training.mode=rollout
models.out_dim=10
models.architecture.n_encoder_layers=1
models.architecture.n_decoder_layers=1    avg_loss: 0.000006787915  time_per_window : 0.000193   progress : 0.284
name: models.architecture.block_type=attention
training.mode=rollout
models.out_dim=10
models.architecture.n_encoder_layers=1
models.architecture.n_decoder_layers=1    avg_loss: 0.000008338353  time_per_window : 0.000180   progress : 0.295
name: models.architecture.block_type=attention
training.mode=rollout
models.out_dim=10
models.architecture.n_encoder_layers=1
models.architecture.n_decoder_layers=1    avg_loss: 0.000004513064  time_per_window : 0.000191   progress : 0.306
name: models.architecture.block_type=attention
training.mode=rollout
models.out_dim=10
models.architecture.n_encoder_layers=1
models.architecture.n_decoder_layers=1    avg_loss: 0.000007409432  time_per_window : 0.000180   progress : 0.317
name: models.architecture.block_type=attention
training.mode=rollout
models.out_dim=10
models.architecture.n_encoder_layers=1
models.architecture.n_decoder_layers=1    avg_loss: 0.000007748278  time_per_window : 0.000195   progress : 0.328
name: models.architecture.block_type=attention
training.mode=rollout
models.out_dim=10
models.architecture.n_encoder_layers=1
models.architecture.n_decoder_layers=1    avg_loss: 0.000008320198  time_per_window : 0.000214   progress : 0.339
name: models.architecture.block_type=attention
training.mode=rollout
models.out_dim=10
models.architecture.n_encoder_layers=1
models.architecture.n_decoder_layers=1    avg_loss: 0.000007452683  time_per_window : 0.000207   progress : 0.350
name: models.architecture.block_type=attention
training.mode=rollout
models.out_dim=10
models.architecture.n_encoder_layers=1
models.architecture.n_decoder_layers=1    avg_loss: 0.000007394517  time_per_window : 0.000181   progress : 0.360
name: models.architecture.block_type=attention
training.mode=rollout
models.out_dim=10
models.architecture.n_encoder_layers=1
models.architecture.n_decoder_layers=1    avg_loss: 0.000009814846  time_per_window : 0.000197   progress : 0.371
name: models.architecture.block_type=attention
training.mode=rollout
models.out_dim=10
models.architecture.n_encoder_layers=1
models.architecture.n_decoder_layers=1    avg_loss: 0.000006514896  time_per_window : 0.000195   progress : 0.382
name: models.architecture.block_type=attention
training.mode=rollout
models.out_dim=10
models.architecture.n_encoder_layers=1
models.architecture.n_decoder_layers=1    avg_loss: 0.000008666981  time_per_window : 0.000196   progress : 0.393
name: models.architecture.block_type=attention
training.mode=rollout
models.out_dim=10
models.architecture.n_encoder_layers=1
models.architecture.n_decoder_layers=1    avg_loss: 0.000006167418  time_per_window : 0.000208   progress : 0.404
name: models.architecture.block_type=attention
training.mode=rollout
models.out_dim=10
models.architecture.n_encoder_layers=1
models.architecture.n_decoder_layers=1    avg_loss: 0.000009375456  time_per_window : 0.000180   progress : 0.415
name: models.architecture.block_type=attention
training.mode=rollout
models.out_dim=10
models.architecture.n_encoder_layers=1
models.architecture.n_decoder_layers=1    avg_loss: 0.000007874312  time_per_window : 0.000177   progress : 0.426
name: models.architecture.block_type=attention
training.mode=rollout
models.out_dim=10
models.architecture.n_encoder_layers=1
models.architecture.n_decoder_layers=1    avg_loss: 0.000006912204  time_per_window : 0.000201   progress : 0.437
name: models.architecture.block_type=attention
training.mode=rollout
models.out_dim=10
models.architecture.n_encoder_layers=1
models.architecture.n_decoder_layers=1    avg_loss: 0.000009942330  time_per_window : 0.000195   progress : 0.448
name: models.architecture.block_type=attention
training.mode=rollout
models.out_dim=10
models.architecture.n_encoder_layers=1
models.architecture.n_decoder_layers=1    avg_loss: 0.000005780792  time_per_window : 0.000197   progress : 0.459
name: models.architecture.block_type=attention
training.mode=rollout
models.out_dim=10
models.architecture.n_encoder_layers=1
models.architecture.n_decoder_layers=1    avg_loss: 0.000007829882  time_per_window : 0.000202   progress : 0.470
name: models.architecture.block_type=attention
training.mode=rollout
models.out_dim=10
models.architecture.n_encoder_layers=1
models.architecture.n_decoder_layers=1    avg_loss: 0.000007553464  time_per_window : 0.000193   progress : 0.481
name: models.architecture.block_type=attention
training.mode=rollout
models.out_dim=10
models.architecture.n_encoder_layers=1
models.architecture.n_decoder_layers=1    avg_loss: 0.000007609374  time_per_window : 0.000196   progress : 0.492
name: models.architecture.block_type=attention
training.mode=rollout
models.out_dim=10
models.architecture.n_encoder_layers=1
models.architecture.n_decoder_layers=1    avg_loss: 0.000006185091  time_per_window : 0.000220   progress : 0.502
name: models.architecture.block_type=attention
training.mode=rollout
models.out_dim=10
models.architecture.n_encoder_layers=1
models.architecture.n_decoder_layers=1    avg_loss: 0.000006858790  time_per_window : 0.000199   progress : 0.513
name: models.architecture.block_type=attention
training.mode=rollout
models.out_dim=10
models.architecture.n_encoder_layers=1
models.architecture.n_decoder_layers=1    avg_loss: 0.000007055854  time_per_window : 0.000192   progress : 0.524
name: models.architecture.block_type=attention
training.mode=rollout
models.out_dim=10
models.architecture.n_encoder_layers=1
models.architecture.n_decoder_layers=1    avg_loss: 0.000006806093  time_per_window : 0.000247   progress : 0.535
name: models.architecture.block_type=attention
training.mode=rollout
models.out_dim=10
models.architecture.n_encoder_layers=1
models.architecture.n_decoder_layers=1    avg_loss: 0.000006438217  time_per_window : 0.000184   progress : 0.546
name: models.architecture.block_type=attention
training.mode=rollout
models.out_dim=10
models.architecture.n_encoder_layers=1
models.architecture.n_decoder_layers=1    avg_loss: 0.000006135725  time_per_window : 0.000212   progress : 0.557
name: models.architecture.block_type=attention
training.mode=rollout
models.out_dim=10
models.architecture.n_encoder_layers=1
models.architecture.n_decoder_layers=1    avg_loss: 0.000006915904  time_per_window : 0.000207   progress : 0.568
name: models.architecture.block_type=attention
training.mode=rollout
models.out_dim=10
models.architecture.n_encoder_layers=1
models.architecture.n_decoder_layers=1    avg_loss: 0.000006469731  time_per_window : 0.000187   progress : 0.579
name: models.architecture.block_type=attention
training.mode=rollout
models.out_dim=10
models.architecture.n_encoder_layers=1
models.architecture.n_decoder_layers=1    avg_loss: 0.000005767878  time_per_window : 0.000213   progress : 0.590
name: models.architecture.block_type=attention
training.mode=rollout
models.out_dim=10
models.architecture.n_encoder_layers=1
models.architecture.n_decoder_layers=1    avg_loss: 0.000006924505  time_per_window : 0.000210   progress : 0.601
name: models.architecture.block_type=attention
training.mode=rollout
models.out_dim=10
models.architecture.n_encoder_layers=1
models.architecture.n_decoder_layers=1    avg_loss: 0.000004590335  time_per_window : 0.000198   progress : 0.612
name: models.architecture.block_type=attention
training.mode=rollout
models.out_dim=10
models.architecture.n_encoder_layers=1
models.architecture.n_decoder_layers=1    avg_loss: 0.000006240977  time_per_window : 0.000192   progress : 0.623
name: models.architecture.block_type=attention
training.mode=rollout
models.out_dim=10
models.architecture.n_encoder_layers=1
models.architecture.n_decoder_layers=1    avg_loss: 0.000006607884  time_per_window : 0.000214   progress : 0.634
name: models.architecture.block_type=attention
training.mode=rollout
models.out_dim=10
models.architecture.n_encoder_layers=1
models.architecture.n_decoder_layers=1    avg_loss: 0.000004777332  time_per_window : 0.000182   progress : 0.644
name: models.architecture.block_type=attention
training.mode=rollout
models.out_dim=10
models.architecture.n_encoder_layers=1
models.architecture.n_decoder_layers=1    avg_loss: 0.000005768043  time_per_window : 0.000188   progress : 0.655
name: models.architecture.block_type=attention
training.mode=rollout
models.out_dim=10
models.architecture.n_encoder_layers=1
models.architecture.n_decoder_layers=1    avg_loss: 0.000004906227  time_per_window : 0.000207   progress : 0.666
name: models.architecture.block_type=attention
training.mode=rollout
models.out_dim=10
models.architecture.n_encoder_layers=1
models.architecture.n_decoder_layers=1    avg_loss: 0.000005726101  time_per_window : 0.000189   progress : 0.677
name: models.architecture.block_type=attention
training.mode=rollout
models.out_dim=10
models.architecture.n_encoder_layers=1
models.architecture.n_decoder_layers=1    avg_loss: 0.000005108460  time_per_window : 0.000188   progress : 0.688
name: models.architecture.block_type=attention
training.mode=rollout
models.out_dim=10
models.architecture.n_encoder_layers=1
models.architecture.n_decoder_layers=1    avg_loss: 0.000005052097  time_per_window : 0.000189   progress : 0.699
name: models.architecture.block_type=attention
training.mode=rollout
models.out_dim=10
models.architecture.n_encoder_layers=1
models.architecture.n_decoder_layers=1    avg_loss: 0.000004463620  time_per_window : 0.000199   progress : 0.710
name: models.architecture.block_type=attention
training.mode=rollout
models.out_dim=10
models.architecture.n_encoder_layers=1
models.architecture.n_decoder_layers=1    avg_loss: 0.000005239335  time_per_window : 0.000182   progress : 0.721
name: models.architecture.block_type=attention
training.mode=rollout
models.out_dim=10
models.architecture.n_encoder_layers=1
models.architecture.n_decoder_layers=1    avg_loss: 0.000004483294  time_per_window : 0.000189   progress : 0.732
name: models.architecture.block_type=attention
training.mode=rollout
models.out_dim=10
models.architecture.n_encoder_layers=1
models.architecture.n_decoder_layers=1    avg_loss: 0.000004534242  time_per_window : 0.000209   progress : 0.743
name: models.architecture.block_type=attention
training.mode=rollout
models.out_dim=10
models.architecture.n_encoder_layers=1
models.architecture.n_decoder_layers=1    avg_loss: 0.000004630104  time_per_window : 0.000204   progress : 0.754
name: models.architecture.block_type=attention
training.mode=rollout
models.out_dim=10
models.architecture.n_encoder_layers=1
models.architecture.n_decoder_layers=1    avg_loss: 0.000004707363  time_per_window : 0.000211   progress : 0.765/home/jdihardjo/miniconda3/envs/mavenv/lib/python3.11/site-packages/torch/_inductor/cudagraph_trees.py:2622: UserWarning: Unable to hit fast path of CUDAGraphs because outputs from a previous step still require backward. Ensure backward() is invoked or detach outputs. You may also call torch.compiler.cudagraph_mark_step_begin() before each model invocation.
  warnings.warn(
/home/jdihardjo/miniconda3/envs/mavenv/lib/python3.11/site-packages/torch/_inductor/cudagraph_trees.py:2622: UserWarning: Unable to hit fast path of CUDAGraphs because outputs from a previous step still require backward. Ensure backward() is invoked or detach outputs. You may also call torch.compiler.cudagraph_mark_step_begin() before each model invocation.
  warnings.warn(

name: models.architecture.block_type=attention
training.mode=rollout
models.out_dim=10
models.architecture.n_encoder_layers=1
models.architecture.n_decoder_layers=1    avg_loss: 0.000004009806  time_per_window : 0.000195   progress : 0.775
name: models.architecture.block_type=attention
training.mode=rollout
models.out_dim=10
models.architecture.n_encoder_layers=1
models.architecture.n_decoder_layers=1    avg_loss: 0.000004113928  time_per_window : 0.000196   progress : 0.786
name: models.architecture.block_type=attention
training.mode=rollout
models.out_dim=10
models.architecture.n_encoder_layers=1
models.architecture.n_decoder_layers=1    avg_loss: 0.000004187641  time_per_window : 0.000201   progress : 0.797
name: models.architecture.block_type=attention
training.mode=rollout
models.out_dim=10
models.architecture.n_encoder_layers=1
models.architecture.n_decoder_layers=1    avg_loss: 0.000004143983  time_per_window : 0.000185   progress : 0.808
name: models.architecture.block_type=attention
training.mode=rollout
models.out_dim=10
models.architecture.n_encoder_layers=1
models.architecture.n_decoder_layers=1    avg_loss: 0.000003724676  time_per_window : 0.000210   progress : 0.819
name: models.architecture.block_type=attention
training.mode=rollout
models.out_dim=10
models.architecture.n_encoder_layers=1
models.architecture.n_decoder_layers=1    avg_loss: 0.000004381121  time_per_window : 0.000219   progress : 0.830
name: models.architecture.block_type=attention
training.mode=rollout
models.out_dim=10
models.architecture.n_encoder_layers=1
models.architecture.n_decoder_layers=1    avg_loss: 0.000004459675  time_per_window : 0.000196   progress : 0.841
name: models.architecture.block_type=attention
training.mode=rollout
models.out_dim=10
models.architecture.n_encoder_layers=1
models.architecture.n_decoder_layers=1    avg_loss: 0.000003214836  time_per_window : 0.000242   progress : 0.852
name: models.architecture.block_type=attention
training.mode=rollout
models.out_dim=10
models.architecture.n_encoder_layers=1
models.architecture.n_decoder_layers=1    avg_loss: 0.000003858166  time_per_window : 0.000221   progress : 0.863
name: models.architecture.block_type=attention
training.mode=rollout
models.out_dim=10
models.architecture.n_encoder_layers=1
models.architecture.n_decoder_layers=1    avg_loss: 0.000003774967  time_per_window : 0.000206   progress : 0.874
name: models.architecture.block_type=attention
training.mode=rollout
models.out_dim=10
models.architecture.n_encoder_layers=1
models.architecture.n_decoder_layers=1    avg_loss: 0.000003981399  time_per_window : 0.000192   progress : 0.885
name: models.architecture.block_type=attention
training.mode=rollout
models.out_dim=10
models.architecture.n_encoder_layers=1
models.architecture.n_decoder_layers=1    avg_loss: 0.000002811450  time_per_window : 0.000204   progress : 0.896
name: models.architecture.block_type=attention
training.mode=rollout
models.out_dim=10
models.architecture.n_encoder_layers=1
models.architecture.n_decoder_layers=1    avg_loss: 0.000003679066  time_per_window : 0.000206   progress : 0.907
name: models.architecture.block_type=attention
training.mode=rollout
models.out_dim=10
models.architecture.n_encoder_layers=1
models.architecture.n_decoder_layers=1    avg_loss: 0.000003265281  time_per_window : 0.000173   progress : 0.917
name: models.architecture.block_type=attention
training.mode=rollout
models.out_dim=10
models.architecture.n_encoder_layers=1
models.architecture.n_decoder_layers=1    avg_loss: 0.000003359661  time_per_window : 0.000190   progress : 0.928
name: models.architecture.block_type=attention
training.mode=rollout
models.out_dim=10
models.architecture.n_encoder_layers=1
models.architecture.n_decoder_layers=1    avg_loss: 0.000003573422  time_per_window : 0.000182   progress : 0.939
name: models.architecture.block_type=attention
training.mode=rollout
models.out_dim=10
models.architecture.n_encoder_layers=1
models.architecture.n_decoder_layers=1    avg_loss: 0.000003202005  time_per_window : 0.000206   progress : 0.950
name: models.architecture.block_type=attention
training.mode=rollout
models.out_dim=10
models.architecture.n_encoder_layers=1
models.architecture.n_decoder_layers=1    avg_loss: 0.000003230479  time_per_window : 0.000190   progress : 0.961
name: models.architecture.block_type=attention
training.mode=rollout
models.out_dim=10
models.architecture.n_encoder_layers=1
models.architecture.n_decoder_layers=1    avg_loss: 0.000003065911  time_per_window : 0.000191   progress : 0.972
name: models.architecture.block_type=attention
training.mode=rollout
models.out_dim=10
models.architecture.n_encoder_layers=1
models.architecture.n_decoder_layers=1    avg_loss: 0.000003005505  time_per_window : 0.000216   progress : 0.983
name: models.architecture.block_type=attention
training.mode=rollout
models.out_dim=10
models.architecture.n_encoder_layers=1
models.architecture.n_decoder_layers=1    avg_loss: 0.000002953485  time_per_window : 0.000204   progress : 0.994
name: models.architecture.block_type=attention
training.mode=rollout
models.out_dim=10
models.architecture.n_encoder_layers=1
models.architecture.n_decoder_layers=1    avg_loss: 0.000022266448  time_per_window : 0.000194   progress : 0.011
name: models.architecture.block_type=attention
training.mode=rollout
models.out_dim=10
models.architecture.n_encoder_layers=1
models.architecture.n_decoder_layers=1    avg_loss: 0.000000265799  time_per_window : 0.000281   progress : 0.022
name: models.architecture.block_type=attention
training.mode=rollout
models.out_dim=10
models.architecture.n_encoder_layers=1
models.architecture.n_decoder_layers=1    avg_loss: 0.000000416404  time_per_window : 0.000235   progress : 0.033
name: models.architecture.block_type=attention
training.mode=rollout
models.out_dim=10
models.architecture.n_encoder_layers=1
models.architecture.n_decoder_layers=1    avg_loss: 0.000001613034  time_per_window : 0.000260   progress : 0.044
name: models.architecture.block_type=attention
training.mode=rollout
models.out_dim=10
models.architecture.n_encoder_layers=1
models.architecture.n_decoder_layers=1    avg_loss: 0.000002156009  time_per_window : 0.000221   progress : 0.055
name: models.architecture.block_type=attention
training.mode=rollout
models.out_dim=10
models.architecture.n_encoder_layers=1
models.architecture.n_decoder_layers=1    avg_loss: 0.000002423028  time_per_window : 0.000235   progress : 0.066
name: models.architecture.block_type=attention
training.mode=rollout
models.out_dim=10
models.architecture.n_encoder_layers=1
models.architecture.n_decoder_layers=1    avg_loss: 0.000002520832  time_per_window : 0.000200   progress : 0.076
name: models.architecture.block_type=attention
training.mode=rollout
models.out_dim=10
models.architecture.n_encoder_layers=1
models.architecture.n_decoder_layers=1    avg_loss: 0.000002410467  time_per_window : 0.000226   progress : 0.087
name: models.architecture.block_type=attention
training.mode=rollout
models.out_dim=10
models.architecture.n_encoder_layers=1
models.architecture.n_decoder_layers=1    avg_loss: 0.000002703000  time_per_window : 0.000219   progress : 0.098
name: models.architecture.block_type=attention
training.mode=rollout
models.out_dim=10
models.architecture.n_encoder_layers=1
models.architecture.n_decoder_layers=1    avg_loss: 0.000002697149  time_per_window : 0.000233   progress : 0.109
name: models.architecture.block_type=attention
training.mode=rollout
models.out_dim=10
models.architecture.n_encoder_layers=1
models.architecture.n_decoder_layers=1    avg_loss: 0.000002373247  time_per_window : 0.000246   progress : 0.120
name: models.architecture.block_type=attention
training.mode=rollout
models.out_dim=10
models.architecture.n_encoder_layers=1
models.architecture.n_decoder_layers=1    avg_loss: 0.000002753573  time_per_window : 0.000219   progress : 0.131
name: models.architecture.block_type=attention
training.mode=rollout
models.out_dim=10
models.architecture.n_encoder_layers=1
models.architecture.n_decoder_layers=1    avg_loss: 0.000002133738  time_per_window : 0.000193   progress : 0.142
name: models.architecture.block_type=attention
training.mode=rollout
models.out_dim=10
models.architecture.n_encoder_layers=1
models.architecture.n_decoder_layers=1    avg_loss: 0.000002497841  time_per_window : 0.000267   progress : 0.153
name: models.architecture.block_type=attention
training.mode=rollout
models.out_dim=10
models.architecture.n_encoder_layers=1
models.architecture.n_decoder_layers=1    avg_loss: 0.000002736608  time_per_window : 0.000257   progress : 0.164
name: models.architecture.block_type=attention
training.mode=rollout
models.out_dim=10
models.architecture.n_encoder_layers=1
models.architecture.n_decoder_layers=1    avg_loss: 0.000002522664  time_per_window : 0.000236   progress : 0.175
name: models.architecture.block_type=attention
training.mode=rollout
models.out_dim=10
models.architecture.n_encoder_layers=1
models.architecture.n_decoder_layers=1    avg_loss: 0.000002128880  time_per_window : 0.000234   progress : 0.186
name: models.architecture.block_type=attention
training.mode=rollout
models.out_dim=10
models.architecture.n_encoder_layers=1
models.architecture.n_decoder_layers=1    avg_loss: 0.000002095649  time_per_window : 0.000214   progress : 0.197
name: models.architecture.block_type=attention
training.mode=rollout
models.out_dim=10
models.architecture.n_encoder_layers=1
models.architecture.n_decoder_layers=1    avg_loss: 0.000002318408  time_per_window : 0.000186   progress : 0.208
name: models.architecture.block_type=attention
training.mode=rollout
models.out_dim=10
models.architecture.n_encoder_layers=1
models.architecture.n_decoder_layers=1    avg_loss: 0.000002477969  time_per_window : 0.000221   progress : 0.218
name: models.architecture.block_type=attention
training.mode=rollout
models.out_dim=10
models.architecture.n_encoder_layers=1
models.architecture.n_decoder_layers=1    avg_loss: 0.000002140823  time_per_window : 0.000198   progress : 0.229
name: models.architecture.block_type=attention
training.mode=rollout
models.out_dim=10
models.architecture.n_encoder_layers=1
models.architecture.n_decoder_layers=1    avg_loss: 0.000002101335  time_per_window : 0.000257   progress : 0.240
name: models.architecture.block_type=attention
training.mode=rollout
models.out_dim=10
models.architecture.n_encoder_layers=1
models.architecture.n_decoder_layers=1    avg_loss: 0.000002463305  time_per_window : 0.000210   progress : 0.251
name: models.architecture.block_type=attention
training.mode=rollout
models.out_dim=10
models.architecture.n_encoder_layers=1
models.architecture.n_decoder_layers=1    avg_loss: 0.000002130398  time_per_window : 0.000240   progress : 0.262
name: models.architecture.block_type=attention
training.mode=rollout
models.out_dim=10
models.architecture.n_encoder_layers=1
models.architecture.n_decoder_layers=1    avg_loss: 0.000002035031  time_per_window : 0.000201   progress : 0.273
name: models.architecture.block_type=attention
training.mode=rollout
models.out_dim=10
models.architecture.n_encoder_layers=1
models.architecture.n_decoder_layers=1    avg_loss: 0.000002018521  time_per_window : 0.000274   progress : 0.284
name: models.architecture.block_type=attention
training.mode=rollout
models.out_dim=10
models.architecture.n_encoder_layers=1
models.architecture.n_decoder_layers=1    avg_loss: 0.000002045551  time_per_window : 0.000200   progress : 0.295
name: models.architecture.block_type=attention
training.mode=rollout
models.out_dim=10
models.architecture.n_encoder_layers=1
models.architecture.n_decoder_layers=1    avg_loss: 0.000001991748  time_per_window : 0.000234   progress : 0.306
name: models.architecture.block_type=attention
training.mode=rollout
models.out_dim=10
models.architecture.n_encoder_layers=1
models.architecture.n_decoder_layers=1    avg_loss: 0.000001811332  time_per_window : 0.000217   progress : 0.317
name: models.architecture.block_type=attention
training.mode=rollout
models.out_dim=10
models.architecture.n_encoder_layers=1
models.architecture.n_decoder_layers=1    avg_loss: 0.000002008270  time_per_window : 0.000303   progress : 0.328
name: models.architecture.block_type=attention
training.mode=rollout
models.out_dim=10
models.architecture.n_encoder_layers=1
models.architecture.n_decoder_layers=1    avg_loss: 0.000001930318  time_per_window : 0.000277   progress : 0.339
name: models.architecture.block_type=attention
training.mode=rollout
models.out_dim=10
models.architecture.n_encoder_layers=1
models.architecture.n_decoder_layers=1    avg_loss: 0.000001869332  time_per_window : 0.000210   progress : 0.350
name: models.architecture.block_type=attention
training.mode=rollout
models.out_dim=10
models.architecture.n_encoder_layers=1
models.architecture.n_decoder_layers=1    avg_loss: 0.000002069231  time_per_window : 0.000193   progress : 0.360
name: models.architecture.block_type=attention
training.mode=rollout
models.out_dim=10
models.architecture.n_encoder_layers=1
models.architecture.n_decoder_layers=1    avg_loss: 0.000001594352  time_per_window : 0.000198   progress : 0.371
name: models.architecture.block_type=attention
training.mode=rollout
models.out_dim=10
models.architecture.n_encoder_layers=1
models.architecture.n_decoder_layers=1    avg_loss: 0.000001981310  time_per_window : 0.000283   progress : 0.382
name: models.architecture.block_type=attention
training.mode=rollout
models.out_dim=10
models.architecture.n_encoder_layers=1
models.architecture.n_decoder_layers=1    avg_loss: 0.000001566607  time_per_window : 0.000224   progress : 0.393
name: models.architecture.block_type=attention
training.mode=rollout
models.out_dim=10
models.architecture.n_encoder_layers=1
models.architecture.n_decoder_layers=1    avg_loss: 0.000002016040  time_per_window : 0.000246   progress : 0.404
name: models.architecture.block_type=attention
training.mode=rollout
models.out_dim=10
models.architecture.n_encoder_layers=1
models.architecture.n_decoder_layers=1    avg_loss: 0.000001598541  time_per_window : 0.000223   progress : 0.415
name: models.architecture.block_type=attention
training.mode=rollout
models.out_dim=10
models.architecture.n_encoder_layers=1
models.architecture.n_decoder_layers=1    avg_loss: 0.000001697310  time_per_window : 0.000230   progress : 0.426
name: models.architecture.block_type=attention
training.mode=rollout
models.out_dim=10
models.architecture.n_encoder_layers=1
models.architecture.n_decoder_layers=1    avg_loss: 0.000001787935  time_per_window : 0.000253   progress : 0.437
name: models.architecture.block_type=attention
training.mode=rollout
models.out_dim=10
models.architecture.n_encoder_layers=1
models.architecture.n_decoder_layers=1    avg_loss: 0.000001686375  time_per_window : 0.000218   progress : 0.448
name: models.architecture.block_type=attention
training.mode=rollout
models.out_dim=10
models.architecture.n_encoder_layers=1
models.architecture.n_decoder_layers=1    avg_loss: 0.000001604358  time_per_window : 0.000219   progress : 0.459
name: models.architecture.block_type=attention
training.mode=rollout
models.out_dim=10
models.architecture.n_encoder_layers=1
models.architecture.n_decoder_layers=1    avg_loss: 0.000001437571  time_per_window : 0.000227   progress : 0.470
name: models.architecture.block_type=attention
training.mode=rollout
models.out_dim=10
models.architecture.n_encoder_layers=1
models.architecture.n_decoder_layers=1    avg_loss: 0.000001611966  time_per_window : 0.000193   progress : 0.481
name: models.architecture.block_type=attention
training.mode=rollout
models.out_dim=10
models.architecture.n_encoder_layers=1
models.architecture.n_decoder_layers=1    avg_loss: 0.000001577750  time_per_window : 0.000217   progress : 0.492
name: models.architecture.block_type=attention
training.mode=rollout
models.out_dim=10
models.architecture.n_encoder_layers=1
models.architecture.n_decoder_layers=1    avg_loss: 0.000001500848  time_per_window : 0.000188   progress : 0.502
name: models.architecture.block_type=attention
training.mode=rollout
models.out_dim=10
models.architecture.n_encoder_layers=1
models.architecture.n_decoder_layers=1    avg_loss: 0.000001572479  time_per_window : 0.000201   progress : 0.513
name: models.architecture.block_type=attention
training.mode=rollout
models.out_dim=10
models.architecture.n_encoder_layers=1
models.architecture.n_decoder_layers=1    avg_loss: 0.000001472843  time_per_window : 0.000194   progress : 0.524
name: models.architecture.block_type=attention
training.mode=rollout
models.out_dim=10
models.architecture.n_encoder_layers=1
models.architecture.n_decoder_layers=1    avg_loss: 0.000001584691  time_per_window : 0.000182   progress : 0.535
name: models.architecture.block_type=attention
training.mode=rollout
models.out_dim=10
models.architecture.n_encoder_layers=1
models.architecture.n_decoder_layers=1    avg_loss: 0.000001362088  time_per_window : 0.000218   progress : 0.546
name: models.architecture.block_type=attention
training.mode=rollout
models.out_dim=10
models.architecture.n_encoder_layers=1
models.architecture.n_decoder_layers=1    avg_loss: 0.000001378094  time_per_window : 0.000209   progress : 0.557
name: models.architecture.block_type=attention
training.mode=rollout
models.out_dim=10
models.architecture.n_encoder_layers=1
models.architecture.n_decoder_layers=1    avg_loss: 0.000001427497  time_per_window : 0.000265   progress : 0.568
name: models.architecture.block_type=attention
training.mode=rollout
models.out_dim=10
models.architecture.n_encoder_layers=1
models.architecture.n_decoder_layers=1    avg_loss: 0.000001501380  time_per_window : 0.000219   progress : 0.579
name: models.architecture.block_type=attention
training.mode=rollout
models.out_dim=10
models.architecture.n_encoder_layers=1
models.architecture.n_decoder_layers=1    avg_loss: 0.000001203965  time_per_window : 0.000194   progress : 0.590
name: models.architecture.block_type=attention
training.mode=rollout
models.out_dim=10
models.architecture.n_encoder_layers=1
models.architecture.n_decoder_layers=1    avg_loss: 0.000001539403  time_per_window : 0.000259   progress : 0.601
name: models.architecture.block_type=attention
training.mode=rollout
models.out_dim=10
models.architecture.n_encoder_layers=1
models.architecture.n_decoder_layers=1    avg_loss: 0.000001451036  time_per_window : 0.000253   progress : 0.612
name: models.architecture.block_type=attention
training.mode=rollout
models.out_dim=10
models.architecture.n_encoder_layers=1
models.architecture.n_decoder_layers=1    avg_loss: 0.000001210843  time_per_window : 0.000247   progress : 0.623
name: models.architecture.block_type=attention
training.mode=rollout
models.out_dim=10
models.architecture.n_encoder_layers=1
models.architecture.n_decoder_layers=1    avg_loss: 0.000001396031  time_per_window : 0.000264   progress : 0.634
name: models.architecture.block_type=attention
training.mode=rollout
models.out_dim=10
models.architecture.n_encoder_layers=1
models.architecture.n_decoder_layers=1    avg_loss: 0.000001171928  time_per_window : 0.000220   progress : 0.644
name: models.architecture.block_type=attention
training.mode=rollout
models.out_dim=10
models.architecture.n_encoder_layers=1
models.architecture.n_decoder_layers=1    avg_loss: 0.000001395278  time_per_window : 0.000231   progress : 0.655
name: models.architecture.block_type=attention
training.mode=rollout
models.out_dim=10
models.architecture.n_encoder_layers=1
models.architecture.n_decoder_layers=1    avg_loss: 0.000001154349  time_per_window : 0.000238   progress : 0.666
name: models.architecture.block_type=attention
training.mode=rollout
models.out_dim=10
models.architecture.n_encoder_layers=1
models.architecture.n_decoder_layers=1    avg_loss: 0.000001193410  time_per_window : 0.000212   progress : 0.677
name: models.architecture.block_type=attention
training.mode=rollout
models.out_dim=10
models.architecture.n_encoder_layers=1
models.architecture.n_decoder_layers=1    avg_loss: 0.000001220243  time_per_window : 0.000226   progress : 0.688
name: models.architecture.block_type=attention
training.mode=rollout
models.out_dim=10
models.architecture.n_encoder_layers=1
models.architecture.n_decoder_layers=1    avg_loss: 0.000001225098  time_per_window : 0.000218   progress : 0.699
name: models.architecture.block_type=attention
training.mode=rollout
models.out_dim=10
models.architecture.n_encoder_layers=1
models.architecture.n_decoder_layers=1    avg_loss: 0.000001066681  time_per_window : 0.000242   progress : 0.710
name: models.architecture.block_type=attention
training.mode=rollout
models.out_dim=10
models.architecture.n_encoder_layers=1
models.architecture.n_decoder_layers=1    avg_loss: 0.000001262228  time_per_window : 0.000211   progress : 0.721
name: models.architecture.block_type=attention
training.mode=rollout
models.out_dim=10
models.architecture.n_encoder_layers=1
models.architecture.n_decoder_layers=1    avg_loss: 0.000001099728  time_per_window : 0.000268   progress : 0.732
name: models.architecture.block_type=attention
training.mode=rollout
models.out_dim=10
models.architecture.n_encoder_layers=1
models.architecture.n_decoder_layers=1    avg_loss: 0.000001117436  time_per_window : 0.000236   progress : 0.743
name: models.architecture.block_type=attention
training.mode=rollout
models.out_dim=10
models.architecture.n_encoder_layers=1
models.architecture.n_decoder_layers=1    avg_loss: 0.000001235385  time_per_window : 0.000206   progress : 0.754
name: models.architecture.block_type=attention
training.mode=rollout
models.out_dim=10
models.architecture.n_encoder_layers=1
models.architecture.n_decoder_layers=1    avg_loss: 0.000000982976  time_per_window : 0.000208   progress : 0.765
name: models.architecture.block_type=attention
training.mode=rollout
models.out_dim=10
models.architecture.n_encoder_layers=1
models.architecture.n_decoder_layers=1    avg_loss: 0.000001221410  time_per_window : 0.000208   progress : 0.775
name: models.architecture.block_type=attention
training.mode=rollout
models.out_dim=10
models.architecture.n_encoder_layers=1
models.architecture.n_decoder_layers=1    avg_loss: 0.000001195520  time_per_window : 0.000205   progress : 0.786
name: models.architecture.block_type=attention
training.mode=rollout
models.out_dim=10
models.architecture.n_encoder_layers=1
models.architecture.n_decoder_layers=1    avg_loss: 0.000000963131  time_per_window : 0.000222   progress : 0.797
name: models.architecture.block_type=attention
training.mode=rollout
models.out_dim=10
models.architecture.n_encoder_layers=1
models.architecture.n_decoder_layers=1    avg_loss: 0.000001013237  time_per_window : 0.000191   progress : 0.808
name: models.architecture.block_type=attention
training.mode=rollout
models.out_dim=10
models.architecture.n_encoder_layers=1
models.architecture.n_decoder_layers=1    avg_loss: 0.000001100649  time_per_window : 0.000210   progress : 0.819
name: models.architecture.block_type=attention
training.mode=rollout
models.out_dim=10
models.architecture.n_encoder_layers=1
models.architecture.n_decoder_layers=1    avg_loss: 0.000000951729  time_per_window : 0.000235   progress : 0.830
name: models.architecture.block_type=attention
training.mode=rollout
models.out_dim=10
models.architecture.n_encoder_layers=1
models.architecture.n_decoder_layers=1    avg_loss: 0.000001171901  time_per_window : 0.000247   progress : 0.841
name: models.architecture.block_type=attention
training.mode=rollout
models.out_dim=10
models.architecture.n_encoder_layers=1
models.architecture.n_decoder_layers=1    avg_loss: 0.000000959996  time_per_window : 0.000273   progress : 0.852
name: models.architecture.block_type=attention
training.mode=rollout
models.out_dim=10
models.architecture.n_encoder_layers=1
models.architecture.n_decoder_layers=1    avg_loss: 0.000000968646  time_per_window : 0.000216   progress : 0.863
name: models.architecture.block_type=attention
training.mode=rollout
models.out_dim=10
models.architecture.n_encoder_layers=1
models.architecture.n_decoder_layers=1    avg_loss: 0.000000907687  time_per_window : 0.000206   progress : 0.874
name: models.architecture.block_type=attention
training.mode=rollout
models.out_dim=10
models.architecture.n_encoder_layers=1
models.architecture.n_decoder_layers=1    avg_loss: 0.000001017085  time_per_window : 0.000222   progress : 0.885
name: models.architecture.block_type=attention
training.mode=rollout
models.out_dim=10
models.architecture.n_encoder_layers=1
models.architecture.n_decoder_layers=1    avg_loss: 0.000000926533  time_per_window : 0.000194   progress : 0.896
name: models.architecture.block_type=attention
training.mode=rollout
models.out_dim=10
models.architecture.n_encoder_layers=1
models.architecture.n_decoder_layers=1    avg_loss: 0.000000951365  time_per_window : 0.000224   progress : 0.907
name: models.architecture.block_type=attention
training.mode=rollout
models.out_dim=10
models.architecture.n_encoder_layers=1
models.architecture.n_decoder_layers=1    avg_loss: 0.000000978464  time_per_window : 0.000195   progress : 0.917
name: models.architecture.block_type=attention
training.mode=rollout
models.out_dim=10
models.architecture.n_encoder_layers=1
models.architecture.n_decoder_layers=1    avg_loss: 0.000000952602  time_per_window : 0.000255   progress : 0.928
name: models.architecture.block_type=attention
training.mode=rollout
models.out_dim=10
models.architecture.n_encoder_layers=1
models.architecture.n_decoder_layers=1    avg_loss: 0.000000889035  time_per_window : 0.000302   progress : 0.939
name: models.architecture.block_type=attention
training.mode=rollout
models.out_dim=10
models.architecture.n_encoder_layers=1
models.architecture.n_decoder_layers=1    avg_loss: 0.000000811058  time_per_window : 0.000223   progress : 0.950
name: models.architecture.block_type=attention
training.mode=rollout
models.out_dim=10
models.architecture.n_encoder_layers=1
models.architecture.n_decoder_layers=1    avg_loss: 0.000000949219  time_per_window : 0.000227   progress : 0.961
name: models.architecture.block_type=attention
training.mode=rollout
models.out_dim=10
models.architecture.n_encoder_layers=1
models.architecture.n_decoder_layers=1    avg_loss: 0.000000893977  time_per_window : 0.000254   progress : 0.972
name: models.architecture.block_type=attention
training.mode=rollout
models.out_dim=10
models.architecture.n_encoder_layers=1
models.architecture.n_decoder_layers=1    avg_loss: 0.000000787750  time_per_window : 0.000226   progress : 0.983
name: models.architecture.block_type=attention
training.mode=rollout
models.out_dim=10
models.architecture.n_encoder_layers=1
models.architecture.n_decoder_layers=1    avg_loss: 0.000000810998  time_per_window : 0.000220   progress : 0.994
name: models.architecture.block_type=attention
training.mode=rollout
models.out_dim=10
models.architecture.n_encoder_layers=1
models.architecture.n_decoder_layers=1    avg_loss: 0.000523492810  time_per_window : 0.000216   progress : 0.011
name: models.architecture.block_type=attention
training.mode=rollout
models.out_dim=10
models.architecture.n_encoder_layers=1
models.architecture.n_decoder_layers=1    avg_loss: 0.000000806380  time_per_window : 0.000203   progress : 0.022
name: models.architecture.block_type=attention
training.mode=rollout
models.out_dim=10
models.architecture.n_encoder_layers=1
models.architecture.n_decoder_layers=1    avg_loss: 0.000000855186  time_per_window : 0.000251   progress : 0.033
name: models.architecture.block_type=attention
training.mode=rollout
models.out_dim=10
models.architecture.n_encoder_layers=1
models.architecture.n_decoder_layers=1    avg_loss: 0.000000827603  time_per_window : 0.000220   progress : 0.044
name: models.architecture.block_type=attention
training.mode=rollout
models.out_dim=10
models.architecture.n_encoder_layers=1
models.architecture.n_decoder_layers=1    avg_loss: 0.000000966180  time_per_window : 0.000204   progress : 0.055
name: models.architecture.block_type=attention
training.mode=rollout
models.out_dim=10
models.architecture.n_encoder_layers=1
models.architecture.n_decoder_layers=1    avg_loss: 0.000000862382  time_per_window : 0.000219   progress : 0.066
name: models.architecture.block_type=attention
training.mode=rollout
models.out_dim=10
models.architecture.n_encoder_layers=1
models.architecture.n_decoder_layers=1    avg_loss: 0.000000864847  time_per_window : 0.000291   progress : 0.076
name: models.architecture.block_type=attention
training.mode=rollout
models.out_dim=10
models.architecture.n_encoder_layers=1
models.architecture.n_decoder_layers=1    avg_loss: 0.000000816125  time_per_window : 0.000244   progress : 0.087
name: models.architecture.block_type=attention
training.mode=rollout
models.out_dim=10
models.architecture.n_encoder_layers=1
models.architecture.n_decoder_layers=1    avg_loss: 0.000000830029  time_per_window : 0.000237   progress : 0.098
name: models.architecture.block_type=attention
training.mode=rollout
models.out_dim=10
models.architecture.n_encoder_layers=1
models.architecture.n_decoder_layers=1    avg_loss: 0.000000894874  time_per_window : 0.000205   progress : 0.109
name: models.architecture.block_type=attention
training.mode=rollout
models.out_dim=10
models.architecture.n_encoder_layers=1
models.architecture.n_decoder_layers=1    avg_loss: 0.000000883421  time_per_window : 0.000235   progress : 0.120
name: models.architecture.block_type=attention
training.mode=rollout
models.out_dim=10
models.architecture.n_encoder_layers=1
models.architecture.n_decoder_layers=1    avg_loss: 0.000000772393  time_per_window : 0.000209   progress : 0.131
name: models.architecture.block_type=attention
training.mode=rollout
models.out_dim=10
models.architecture.n_encoder_layers=1
models.architecture.n_decoder_layers=1    avg_loss: 0.000000814853  time_per_window : 0.000234   progress : 0.142
name: models.architecture.block_type=attention
training.mode=rollout
models.out_dim=10
models.architecture.n_encoder_layers=1
models.architecture.n_decoder_layers=1    avg_loss: 0.000000948430  time_per_window : 0.000209   progress : 0.153
name: models.architecture.block_type=attention
training.mode=rollout
models.out_dim=10
models.architecture.n_encoder_layers=1
models.architecture.n_decoder_layers=1    avg_loss: 0.000000793140  time_per_window : 0.000213   progress : 0.164
name: models.architecture.block_type=attention
training.mode=rollout
models.out_dim=10
models.architecture.n_encoder_layers=1
models.architecture.n_decoder_layers=1    avg_loss: 0.000001006098  time_per_window : 0.000195   progress : 0.175
name: models.architecture.block_type=attention
training.mode=rollout
models.out_dim=10
models.architecture.n_encoder_layers=1
models.architecture.n_decoder_layers=1    avg_loss: 0.000001203391  time_per_window : 0.000203   progress : 0.186
name: models.architecture.block_type=attention
training.mode=rollout
models.out_dim=10
models.architecture.n_encoder_layers=1
models.architecture.n_decoder_layers=1    avg_loss: 0.000001195405  time_per_window : 0.000213   progress : 0.197
name: models.architecture.block_type=attention
training.mode=rollout
models.out_dim=10
models.architecture.n_encoder_layers=1
models.architecture.n_decoder_layers=1    avg_loss: 0.000002637969  time_per_window : 0.000231   progress : 0.208
name: models.architecture.block_type=attention
training.mode=rollout
models.out_dim=10
models.architecture.n_encoder_layers=1
models.architecture.n_decoder_layers=1    avg_loss: 0.000001119091  time_per_window : 0.000271   progress : 0.218
name: models.architecture.block_type=attention
training.mode=rollout
models.out_dim=10
models.architecture.n_encoder_layers=1
models.architecture.n_decoder_layers=1    avg_loss: 0.000001639713  time_per_window : 0.000197   progress : 0.229
name: models.architecture.block_type=attention
training.mode=rollout
models.out_dim=10
models.architecture.n_encoder_layers=1
models.architecture.n_decoder_layers=1    avg_loss: 0.000001788521  time_per_window : 0.000312   progress : 0.240
name: models.architecture.block_type=attention
training.mode=rollout
models.out_dim=10
models.architecture.n_encoder_layers=1
models.architecture.n_decoder_layers=1    avg_loss: 0.000001361561  time_per_window : 0.000211   progress : 0.251
name: models.architecture.block_type=attention
training.mode=rollout
models.out_dim=10
models.architecture.n_encoder_layers=1
models.architecture.n_decoder_layers=1    avg_loss: 0.000001716805  time_per_window : 0.000301   progress : 0.262
name: models.architecture.block_type=attention
training.mode=rollout
models.out_dim=10
models.architecture.n_encoder_layers=1
models.architecture.n_decoder_layers=1    avg_loss: 0.000001142894  time_per_window : 0.000265   progress : 0.273
name: models.architecture.block_type=attention
training.mode=rollout
models.out_dim=10
models.architecture.n_encoder_layers=1
models.architecture.n_decoder_layers=1    avg_loss: 0.000002291667  time_per_window : 0.000217   progress : 0.284
name: models.architecture.block_type=attention
training.mode=rollout
models.out_dim=10
models.architecture.n_encoder_layers=1
models.architecture.n_decoder_layers=1    avg_loss: 0.000002388972  time_per_window : 0.000268   progress : 0.295
name: models.architecture.block_type=attention
training.mode=rollout
models.out_dim=10
models.architecture.n_encoder_layers=1
models.architecture.n_decoder_layers=1    avg_loss: 0.000001474080  time_per_window : 0.000231   progress : 0.306
name: models.architecture.block_type=attention
training.mode=rollout
models.out_dim=10
models.architecture.n_encoder_layers=1
models.architecture.n_decoder_layers=1    avg_loss: 0.000003673281  time_per_window : 0.000211   progress : 0.317
name: models.architecture.block_type=attention
training.mode=rollout
models.out_dim=10
models.architecture.n_encoder_layers=1
models.architecture.n_decoder_layers=1    avg_loss: 0.000001253881  time_per_window : 0.000265   progress : 0.328
name: models.architecture.block_type=attention
training.mode=rollout
models.out_dim=10
models.architecture.n_encoder_layers=1
models.architecture.n_decoder_layers=1    avg_loss: 0.000003340908  time_per_window : 0.000240   progress : 0.339
name: models.architecture.block_type=attention
training.mode=rollout
models.out_dim=10
models.architecture.n_encoder_layers=1
models.architecture.n_decoder_layers=1    avg_loss: 0.000001673835  time_per_window : 0.000191   progress : 0.350
name: models.architecture.block_type=attention
training.mode=rollout
models.out_dim=10
models.architecture.n_encoder_layers=1
models.architecture.n_decoder_layers=1    avg_loss: 0.000001492484  time_per_window : 0.000193   progress : 0.360
name: models.architecture.block_type=attention
training.mode=rollout
models.out_dim=10
models.architecture.n_encoder_layers=1
models.architecture.n_decoder_layers=1    avg_loss: 0.000002092421  time_per_window : 0.000237   progress : 0.371
name: models.architecture.block_type=attention
training.mode=rollout
models.out_dim=10
models.architecture.n_encoder_layers=1
models.architecture.n_decoder_layers=1    avg_loss: 0.000001982889  time_per_window : 0.000205   progress : 0.382
name: models.architecture.block_type=attention
training.mode=rollout
models.out_dim=10
models.architecture.n_encoder_layers=1
models.architecture.n_decoder_layers=1    avg_loss: 0.000003087938  time_per_window : 0.000199   progress : 0.393
name: models.architecture.block_type=attention
training.mode=rollout
models.out_dim=10
models.architecture.n_encoder_layers=1
models.architecture.n_decoder_layers=1    avg_loss: 0.000002255183  time_per_window : 0.000267   progress : 0.404
name: models.architecture.block_type=attention
training.mode=rollout
models.out_dim=10
models.architecture.n_encoder_layers=1
models.architecture.n_decoder_layers=1    avg_loss: 0.000000922386  time_per_window : 0.000246   progress : 0.415
name: models.architecture.block_type=attention
training.mode=rollout
models.out_dim=10
models.architecture.n_encoder_layers=1
models.architecture.n_decoder_layers=1    avg_loss: 0.000001370247  time_per_window : 0.000249   progress : 0.426
name: models.architecture.block_type=attention
training.mode=rollout
models.out_dim=10
models.architecture.n_encoder_layers=1
models.architecture.n_decoder_layers=1    avg_loss: 0.000008230693  time_per_window : 0.000232   progress : 0.437
name: models.architecture.block_type=attention
training.mode=rollout
models.out_dim=10
models.architecture.n_encoder_layers=1
models.architecture.n_decoder_layers=1    avg_loss: 0.000000930779  time_per_window : 0.000208   progress : 0.448
name: models.architecture.block_type=attention
training.mode=rollout
models.out_dim=10
models.architecture.n_encoder_layers=1
models.architecture.n_decoder_layers=1    avg_loss: 0.000000820073  time_per_window : 0.000272   progress : 0.459
name: models.architecture.block_type=attention
training.mode=rollout
models.out_dim=10
models.architecture.n_encoder_layers=1
models.architecture.n_decoder_layers=1    avg_loss: 0.000001085957  time_per_window : 0.000214   progress : 0.470
name: models.architecture.block_type=attention
training.mode=rollout
models.out_dim=10
models.architecture.n_encoder_layers=1
models.architecture.n_decoder_layers=1    avg_loss: 0.000001186672  time_per_window : 0.000208   progress : 0.481
name: models.architecture.block_type=attention
training.mode=rollout
models.out_dim=10
models.architecture.n_encoder_layers=1
models.architecture.n_decoder_layers=1    avg_loss: 0.000001935956  time_per_window : 0.000216   progress : 0.492
name: models.architecture.block_type=attention
training.mode=rollout
models.out_dim=10
models.architecture.n_encoder_layers=1
models.architecture.n_decoder_layers=1    avg_loss: 0.000002384598  time_per_window : 0.000252   progress : 0.502
name: models.architecture.block_type=attention
training.mode=rollout
models.out_dim=10
models.architecture.n_encoder_layers=1
models.architecture.n_decoder_layers=1    avg_loss: 0.000001563092  time_per_window : 0.000216   progress : 0.513
name: models.architecture.block_type=attention
training.mode=rollout
models.out_dim=10
models.architecture.n_encoder_layers=1
models.architecture.n_decoder_layers=1    avg_loss: 0.000003856485  time_per_window : 0.000203   progress : 0.524
name: models.architecture.block_type=attention
training.mode=rollout
models.out_dim=10
models.architecture.n_encoder_layers=1
models.architecture.n_decoder_layers=1    avg_loss: 0.000000973878  time_per_window : 0.000208   progress : 0.535
name: models.architecture.block_type=attention
training.mode=rollout
models.out_dim=10
models.architecture.n_encoder_layers=1
models.architecture.n_decoder_layers=1    avg_loss: 0.000001004696  time_per_window : 0.000202   progress : 0.546
name: models.architecture.block_type=attention
training.mode=rollout
models.out_dim=10
models.architecture.n_encoder_layers=1
models.architecture.n_decoder_layers=1    avg_loss: 0.000001365750  time_per_window : 0.000285   progress : 0.557
name: models.architecture.block_type=attention
training.mode=rollout
models.out_dim=10
models.architecture.n_encoder_layers=1
models.architecture.n_decoder_layers=1    avg_loss: 0.000002735029  time_per_window : 0.000230   progress : 0.568
name: models.architecture.block_type=attention
training.mode=rollout
models.out_dim=10
models.architecture.n_encoder_layers=1
models.architecture.n_decoder_layers=1    avg_loss: 0.000001560461  time_per_window : 0.000213   progress : 0.579
name: models.architecture.block_type=attention
training.mode=rollout
models.out_dim=10
models.architecture.n_encoder_layers=1
models.architecture.n_decoder_layers=1    avg_loss: 0.000001433056  time_per_window : 0.000196   progress : 0.590
name: models.architecture.block_type=attention
training.mode=rollout
models.out_dim=10
models.architecture.n_encoder_layers=1
models.architecture.n_decoder_layers=1    avg_loss: 0.000002166413  time_per_window : 0.000272   progress : 0.601
name: models.architecture.block_type=attention
training.mode=rollout
models.out_dim=10
models.architecture.n_encoder_layers=1
models.architecture.n_decoder_layers=1    avg_loss: 0.000001574321  time_per_window : 0.000235   progress : 0.612
name: models.architecture.block_type=attention
training.mode=rollout
models.out_dim=10
models.architecture.n_encoder_layers=1
models.architecture.n_decoder_layers=1    avg_loss: 0.000001701614  time_per_window : 0.000185   progress : 0.623
name: models.architecture.block_type=attention
training.mode=rollout
models.out_dim=10
models.architecture.n_encoder_layers=1
models.architecture.n_decoder_layers=1    avg_loss: 0.000001752783  time_per_window : 0.000226   progress : 0.634
name: models.architecture.block_type=attention
training.mode=rollout
models.out_dim=10
models.architecture.n_encoder_layers=1
models.architecture.n_decoder_layers=1    avg_loss: 0.000002005714  time_per_window : 0.000250   progress : 0.644
name: models.architecture.block_type=attention
training.mode=rollout
models.out_dim=10
models.architecture.n_encoder_layers=1
models.architecture.n_decoder_layers=1    avg_loss: 0.000000760436  time_per_window : 0.000202   progress : 0.655
name: models.architecture.block_type=attention
training.mode=rollout
models.out_dim=10
models.architecture.n_encoder_layers=1
models.architecture.n_decoder_layers=1    avg_loss: 0.000002987694  time_per_window : 0.000257   progress : 0.666
name: models.architecture.block_type=attention
training.mode=rollout
models.out_dim=10
models.architecture.n_encoder_layers=1
models.architecture.n_decoder_layers=1    avg_loss: 0.000002012825  time_per_window : 0.000224   progress : 0.677
name: models.architecture.block_type=attention
training.mode=rollout
models.out_dim=10
models.architecture.n_encoder_layers=1
models.architecture.n_decoder_layers=1    avg_loss: 0.000000651134  time_per_window : 0.000299   progress : 0.688
name: models.architecture.block_type=attention
training.mode=rollout
models.out_dim=10
models.architecture.n_encoder_layers=1
models.architecture.n_decoder_layers=1    avg_loss: 0.000002331856  time_per_window : 0.000230   progress : 0.699
name: models.architecture.block_type=attention
training.mode=rollout
models.out_dim=10
models.architecture.n_encoder_layers=1
models.architecture.n_decoder_layers=1    avg_loss: 0.000001359549  time_per_window : 0.000205   progress : 0.710
name: models.architecture.block_type=attention
training.mode=rollout
models.out_dim=10
models.architecture.n_encoder_layers=1
models.architecture.n_decoder_layers=1    avg_loss: 0.000000954872  time_per_window : 0.000291   progress : 0.721
name: models.architecture.block_type=attention
training.mode=rollout
models.out_dim=10
models.architecture.n_encoder_layers=1
models.architecture.n_decoder_layers=1    avg_loss: 0.000001140434  time_per_window : 0.000243   progress : 0.732
name: models.architecture.block_type=attention
training.mode=rollout
models.out_dim=10
models.architecture.n_encoder_layers=1
models.architecture.n_decoder_layers=1    avg_loss: 0.000002348092  time_per_window : 0.000193   progress : 0.743
name: models.architecture.block_type=attention
training.mode=rollout
models.out_dim=10
models.architecture.n_encoder_layers=1
models.architecture.n_decoder_layers=1    avg_loss: 0.000001695265  time_per_window : 0.000239   progress : 0.754
name: models.architecture.block_type=attention
training.mode=rollout
models.out_dim=10
models.architecture.n_encoder_layers=1
models.architecture.n_decoder_layers=1    avg_loss: 0.000001668628  time_per_window : 0.000255   progress : 0.765
name: models.architecture.block_type=attention
training.mode=rollout
models.out_dim=10
models.architecture.n_encoder_layers=1
models.architecture.n_decoder_layers=1    avg_loss: 0.000002268923  time_per_window : 0.000223   progress : 0.775
name: models.architecture.block_type=attention
training.mode=rollout
models.out_dim=10
models.architecture.n_encoder_layers=1
models.architecture.n_decoder_layers=1    avg_loss: 0.000000724086  time_per_window : 0.000237   progress : 0.786
name: models.architecture.block_type=attention
training.mode=rollout
models.out_dim=10
models.architecture.n_encoder_layers=1
models.architecture.n_decoder_layers=1    avg_loss: 0.000001618859  time_per_window : 0.000291   progress : 0.797
name: models.architecture.block_type=attention
training.mode=rollout
models.out_dim=10
models.architecture.n_encoder_layers=1
models.architecture.n_decoder_layers=1    avg_loss: 0.000001584175  time_per_window : 0.000203   progress : 0.808
name: models.architecture.block_type=attention
training.mode=rollout
models.out_dim=10
models.architecture.n_encoder_layers=1
models.architecture.n_decoder_layers=1    avg_loss: 0.000001020066  time_per_window : 0.000204   progress : 0.819
name: models.architecture.block_type=attention
training.mode=rollout
models.out_dim=10
models.architecture.n_encoder_layers=1
models.architecture.n_decoder_layers=1    avg_loss: 0.000000822670  time_per_window : 0.000196   progress : 0.830
name: models.architecture.block_type=attention
training.mode=rollout
models.out_dim=10
models.architecture.n_encoder_layers=1
models.architecture.n_decoder_layers=1    avg_loss: 0.000002375748  time_per_window : 0.000202   progress : 0.841
name: models.architecture.block_type=attention
training.mode=rollout
models.out_dim=10
models.architecture.n_encoder_layers=1
models.architecture.n_decoder_layers=1    avg_loss: 0.000001137537  time_per_window : 0.000222   progress : 0.852
name: models.architecture.block_type=attention
training.mode=rollout
models.out_dim=10
models.architecture.n_encoder_layers=1
models.architecture.n_decoder_layers=1    avg_loss: 0.000001045992  time_per_window : 0.000202   progress : 0.863
name: models.architecture.block_type=attention
training.mode=rollout
models.out_dim=10
models.architecture.n_encoder_layers=1
models.architecture.n_decoder_layers=1    avg_loss: 0.000001345280  time_per_window : 0.000240   progress : 0.874
name: models.architecture.block_type=attention
training.mode=rollout
models.out_dim=10
models.architecture.n_encoder_layers=1
models.architecture.n_decoder_layers=1    avg_loss: 0.000001649927  time_per_window : 0.000259   progress : 0.885
name: models.architecture.block_type=attention
training.mode=rollout
models.out_dim=10
models.architecture.n_encoder_layers=1
models.architecture.n_decoder_layers=1    avg_loss: 0.000001506262  time_per_window : 0.000242   progress : 0.896
name: models.architecture.block_type=attention
training.mode=rollout
models.out_dim=10
models.architecture.n_encoder_layers=1
models.architecture.n_decoder_layers=1    avg_loss: 0.000000865385  time_per_window : 0.000207   progress : 0.907
name: models.architecture.block_type=attention
training.mode=rollout
models.out_dim=10
models.architecture.n_encoder_layers=1
models.architecture.n_decoder_layers=1    avg_loss: 0.000001242036  time_per_window : 0.000199   progress : 0.917
name: models.architecture.block_type=attention
training.mode=rollout
models.out_dim=10
models.architecture.n_encoder_layers=1
models.architecture.n_decoder_layers=1    avg_loss: 0.000001360990  time_per_window : 0.000200   progress : 0.928
name: models.architecture.block_type=attention
training.mode=rollout
models.out_dim=10
models.architecture.n_encoder_layers=1
models.architecture.n_decoder_layers=1    avg_loss: 0.000001762352  time_per_window : 0.000197   progress : 0.939
name: models.architecture.block_type=attention
training.mode=rollout
models.out_dim=10
models.architecture.n_encoder_layers=1
models.architecture.n_decoder_layers=1    avg_loss: 0.000001050627  time_per_window : 0.000257   progress : 0.950
name: models.architecture.block_type=attention
training.mode=rollout
models.out_dim=10
models.architecture.n_encoder_layers=1
models.architecture.n_decoder_layers=1    avg_loss: 0.000001129783  time_per_window : 0.000206   progress : 0.961
name: models.architecture.block_type=attention
training.mode=rollout
models.out_dim=10
models.architecture.n_encoder_layers=1
models.architecture.n_decoder_layers=1    avg_loss: 0.000001709821  time_per_window : 0.000283   progress : 0.972
name: models.architecture.block_type=attention
training.mode=rollout
models.out_dim=10
models.architecture.n_encoder_layers=1
models.architecture.n_decoder_layers=1    avg_loss: 0.000001028161  time_per_window : 0.000210   progress : 0.983
name: models.architecture.block_type=attention
training.mode=rollout
models.out_dim=10
models.architecture.n_encoder_layers=1
models.architecture.n_decoder_layers=1    avg_loss: 0.000001777484  time_per_window : 0.000201   progress : 0.994
name: models.architecture.block_type=attention
training.mode=rollout
models.out_dim=10
models.architecture.n_encoder_layers=1
models.architecture.n_decoder_layers=1    avg_loss: 0.001945856144  time_per_window : 0.000215   progress : 0.011
name: models.architecture.block_type=attention
training.mode=rollout
models.out_dim=10
models.architecture.n_encoder_layers=1
models.architecture.n_decoder_layers=1    avg_loss: 0.000009368197  time_per_window : 0.000222   progress : 0.022
name: models.architecture.block_type=attention
training.mode=rollout
models.out_dim=10
models.architecture.n_encoder_layers=1
models.architecture.n_decoder_layers=1    avg_loss: 0.000009599986  time_per_window : 0.000244   progress : 0.033
name: models.architecture.block_type=attention
training.mode=rollout
models.out_dim=10
models.architecture.n_encoder_layers=1
models.architecture.n_decoder_layers=1    avg_loss: 0.000009196493  time_per_window : 0.000212   progress : 0.044
name: models.architecture.block_type=attention
training.mode=rollout
models.out_dim=10
models.architecture.n_encoder_layers=1
models.architecture.n_decoder_layers=1    avg_loss: 0.000008427889  time_per_window : 0.000194   progress : 0.055
name: models.architecture.block_type=attention
training.mode=rollout
models.out_dim=10
models.architecture.n_encoder_layers=1
models.architecture.n_decoder_layers=1    avg_loss: 0.000006581473  time_per_window : 0.000215   progress : 0.066
name: models.architecture.block_type=attention
training.mode=rollout
models.out_dim=10
models.architecture.n_encoder_layers=1
models.architecture.n_decoder_layers=1    avg_loss: 0.000005006506  time_per_window : 0.000207   progress : 0.076
name: models.architecture.block_type=attention
training.mode=rollout
models.out_dim=10
models.architecture.n_encoder_layers=1
models.architecture.n_decoder_layers=1    avg_loss: 0.000004070722  time_per_window : 0.000205   progress : 0.087
name: models.architecture.block_type=attention
training.mode=rollout
models.out_dim=10
models.architecture.n_encoder_layers=1
models.architecture.n_decoder_layers=1    avg_loss: 0.000003698763  time_per_window : 0.000202   progress : 0.098
name: models.architecture.block_type=attention
training.mode=rollout
models.out_dim=10
models.architecture.n_encoder_layers=1
models.architecture.n_decoder_layers=1    avg_loss: 0.000003617875  time_per_window : 0.000267   progress : 0.109
name: models.architecture.block_type=attention
training.mode=rollout
models.out_dim=10
models.architecture.n_encoder_layers=1
models.architecture.n_decoder_layers=1    avg_loss: 0.000003730400  time_per_window : 0.000205   progress : 0.120
name: models.architecture.block_type=attention
training.mode=rollout
models.out_dim=10
models.architecture.n_encoder_layers=1
models.architecture.n_decoder_layers=1    avg_loss: 0.000003437801  time_per_window : 0.000232   progress : 0.131
name: models.architecture.block_type=attention
training.mode=rollout
models.out_dim=10
models.architecture.n_encoder_layers=1
models.architecture.n_decoder_layers=1    avg_loss: 0.000003627038  time_per_window : 0.000300   progress : 0.142
name: models.architecture.block_type=attention
training.mode=rollout
models.out_dim=10
models.architecture.n_encoder_layers=1
models.architecture.n_decoder_layers=1    avg_loss: 0.000003673613  time_per_window : 0.000192   progress : 0.153
name: models.architecture.block_type=attention
training.mode=rollout
models.out_dim=10
models.architecture.n_encoder_layers=1
models.architecture.n_decoder_layers=1    avg_loss: 0.000003707216  time_per_window : 0.000203   progress : 0.164
name: models.architecture.block_type=attention
training.mode=rollout
models.out_dim=10
models.architecture.n_encoder_layers=1
models.architecture.n_decoder_layers=1    avg_loss: 0.000004079129  time_per_window : 0.000254   progress : 0.175
name: models.architecture.block_type=attention
training.mode=rollout
models.out_dim=10
models.architecture.n_encoder_layers=1
models.architecture.n_decoder_layers=1    avg_loss: 0.000003908047  time_per_window : 0.000238   progress : 0.186
name: models.architecture.block_type=attention
training.mode=rollout
models.out_dim=10
models.architecture.n_encoder_layers=1
models.architecture.n_decoder_layers=1    avg_loss: 0.000004155152  time_per_window : 0.000265   progress : 0.197
name: models.architecture.block_type=attention
training.mode=rollout
models.out_dim=10
models.architecture.n_encoder_layers=1
models.architecture.n_decoder_layers=1    avg_loss: 0.000004756614  time_per_window : 0.000208   progress : 0.208
name: models.architecture.block_type=attention
training.mode=rollout
models.out_dim=10
models.architecture.n_encoder_layers=1
models.architecture.n_decoder_layers=1    avg_loss: 0.000007128175  time_per_window : 0.000213   progress : 0.218
name: models.architecture.block_type=attention
training.mode=rollout
models.out_dim=10
models.architecture.n_encoder_layers=1
models.architecture.n_decoder_layers=1    avg_loss: 0.000006607655  time_per_window : 0.000227   progress : 0.229
name: models.architecture.block_type=attention
training.mode=rollout
models.out_dim=10
models.architecture.n_encoder_layers=1
models.architecture.n_decoder_layers=1    avg_loss: 0.000005956951  time_per_window : 0.000211   progress : 0.240
name: models.architecture.block_type=attention
training.mode=rollout
models.out_dim=10
models.architecture.n_encoder_layers=1
models.architecture.n_decoder_layers=1    avg_loss: 0.000011648776  time_per_window : 0.000224   progress : 0.251
name: models.architecture.block_type=attention
training.mode=rollout
models.out_dim=10
models.architecture.n_encoder_layers=1
models.architecture.n_decoder_layers=1    avg_loss: 0.000009332881  time_per_window : 0.000277   progress : 0.262
name: models.architecture.block_type=attention
training.mode=rollout
models.out_dim=10
models.architecture.n_encoder_layers=1
models.architecture.n_decoder_layers=1    avg_loss: 0.000005617657  time_per_window : 0.000276   progress : 0.273
name: models.architecture.block_type=attention
training.mode=rollout
models.out_dim=10
models.architecture.n_encoder_layers=1
models.architecture.n_decoder_layers=1    avg_loss: 0.000006740860  time_per_window : 0.000202   progress : 0.284
name: models.architecture.block_type=attention
training.mode=rollout
models.out_dim=10
models.architecture.n_encoder_layers=1
models.architecture.n_decoder_layers=1    avg_loss: 0.000007765562  time_per_window : 0.000206   progress : 0.295
name: models.architecture.block_type=attention
training.mode=rollout
models.out_dim=10
models.architecture.n_encoder_layers=1
models.architecture.n_decoder_layers=1    avg_loss: 0.000009494404  time_per_window : 0.000192   progress : 0.306
name: models.architecture.block_type=attention
training.mode=rollout
models.out_dim=10
models.architecture.n_encoder_layers=1
models.architecture.n_decoder_layers=1    avg_loss: 0.000008641211  time_per_window : 0.000222   progress : 0.317
name: models.architecture.block_type=attention
training.mode=rollout
models.out_dim=10
models.architecture.n_encoder_layers=1
models.architecture.n_decoder_layers=1    avg_loss: 0.000010302788  time_per_window : 0.000194   progress : 0.328
name: models.architecture.block_type=attention
training.mode=rollout
models.out_dim=10
models.architecture.n_encoder_layers=1
models.architecture.n_decoder_layers=1    avg_loss: 0.000008192324  time_per_window : 0.000222   progress : 0.339
name: models.architecture.block_type=attention
training.mode=rollout
models.out_dim=10
models.architecture.n_encoder_layers=1
models.architecture.n_decoder_layers=1    avg_loss: 0.000009874793  time_per_window : 0.000253   progress : 0.350
name: models.architecture.block_type=attention
training.mode=rollout
models.out_dim=10
models.architecture.n_encoder_layers=1
models.architecture.n_decoder_layers=1    avg_loss: 0.000008953712  time_per_window : 0.000222   progress : 0.360
name: models.architecture.block_type=attention
training.mode=rollout
models.out_dim=10
models.architecture.n_encoder_layers=1
models.architecture.n_decoder_layers=1    avg_loss: 0.000006101427  time_per_window : 0.000228   progress : 0.371
name: models.architecture.block_type=attention
training.mode=rollout
models.out_dim=10
models.architecture.n_encoder_layers=1
models.architecture.n_decoder_layers=1    avg_loss: 0.000008844871  time_per_window : 0.000198   progress : 0.382
name: models.architecture.block_type=attention
training.mode=rollout
models.out_dim=10
models.architecture.n_encoder_layers=1
models.architecture.n_decoder_layers=1    avg_loss: 0.000011448055  time_per_window : 0.000230   progress : 0.393
name: models.architecture.block_type=attention
training.mode=rollout
models.out_dim=10
models.architecture.n_encoder_layers=1
models.architecture.n_decoder_layers=1    avg_loss: 0.000008892519  time_per_window : 0.000196   progress : 0.404
name: models.architecture.block_type=attention
training.mode=rollout
models.out_dim=10
models.architecture.n_encoder_layers=1
models.architecture.n_decoder_layers=1    avg_loss: 0.000012101658  time_per_window : 0.000211   progress : 0.415
name: models.architecture.block_type=attention
training.mode=rollout
models.out_dim=10
models.architecture.n_encoder_layers=1
models.architecture.n_decoder_layers=1    avg_loss: 0.000008834468  time_per_window : 0.000259   progress : 0.426
name: models.architecture.block_type=attention
training.mode=rollout
models.out_dim=10
models.architecture.n_encoder_layers=1
models.architecture.n_decoder_layers=1    avg_loss: 0.000007639310  time_per_window : 0.000266   progress : 0.437
name: models.architecture.block_type=attention
training.mode=rollout
models.out_dim=10
models.architecture.n_encoder_layers=1
models.architecture.n_decoder_layers=1    avg_loss: 0.000007397751  time_per_window : 0.000265   progress : 0.448
name: models.architecture.block_type=attention
training.mode=rollout
models.out_dim=10
models.architecture.n_encoder_layers=1
models.architecture.n_decoder_layers=1    avg_loss: 0.000009041006  time_per_window : 0.000211   progress : 0.459
name: models.architecture.block_type=attention
training.mode=rollout
models.out_dim=10
models.architecture.n_encoder_layers=1
models.architecture.n_decoder_layers=1    avg_loss: 0.000009424353  time_per_window : 0.000215   progress : 0.470
name: models.architecture.block_type=attention
training.mode=rollout
models.out_dim=10
models.architecture.n_encoder_layers=1
models.architecture.n_decoder_layers=1    avg_loss: 0.000007925663  time_per_window : 0.000196   progress : 0.481
name: models.architecture.block_type=attention
training.mode=rollout
models.out_dim=10
models.architecture.n_encoder_layers=1
models.architecture.n_decoder_layers=1    avg_loss: 0.000010341732  time_per_window : 0.000212   progress : 0.492
name: models.architecture.block_type=attention
training.mode=rollout
models.out_dim=10
models.architecture.n_encoder_layers=1
models.architecture.n_decoder_layers=1    avg_loss: 0.000008563671  time_per_window : 0.000235   progress : 0.502
name: models.architecture.block_type=attention
training.mode=rollout
models.out_dim=10
models.architecture.n_encoder_layers=1
models.architecture.n_decoder_layers=1    avg_loss: 0.000010011689  time_per_window : 0.000226   progress : 0.513
name: models.architecture.block_type=attention
training.mode=rollout
models.out_dim=10
models.architecture.n_encoder_layers=1
models.architecture.n_decoder_layers=1    avg_loss: 0.000006774924  time_per_window : 0.000240   progress : 0.524
name: models.architecture.block_type=attention
training.mode=rollout
models.out_dim=10
models.architecture.n_encoder_layers=1
models.architecture.n_decoder_layers=1    avg_loss: 0.000008635726  time_per_window : 0.000258   progress : 0.535
name: models.architecture.block_type=attention
training.mode=rollout
models.out_dim=10
models.architecture.n_encoder_layers=1
models.architecture.n_decoder_layers=1    avg_loss: 0.000006972304  time_per_window : 0.000222   progress : 0.546
name: models.architecture.block_type=attention
training.mode=rollout
models.out_dim=10
models.architecture.n_encoder_layers=1
models.architecture.n_decoder_layers=1    avg_loss: 0.000008870256  time_per_window : 0.000229   progress : 0.557
name: models.architecture.block_type=attention
training.mode=rollout
models.out_dim=10
models.architecture.n_encoder_layers=1
models.architecture.n_decoder_layers=1    avg_loss: 0.000008461325  time_per_window : 0.000208   progress : 0.568
name: models.architecture.block_type=attention
training.mode=rollout
models.out_dim=10
models.architecture.n_encoder_layers=1
models.architecture.n_decoder_layers=1    avg_loss: 0.000007179964  time_per_window : 0.000207   progress : 0.579
name: models.architecture.block_type=attention
training.mode=rollout
models.out_dim=10
models.architecture.n_encoder_layers=1
models.architecture.n_decoder_layers=1    avg_loss: 0.000012392448  time_per_window : 0.000256   progress : 0.590
name: models.architecture.block_type=attention
training.mode=rollout
models.out_dim=10
models.architecture.n_encoder_layers=1
models.architecture.n_decoder_layers=1    avg_loss: 0.000005805086  time_per_window : 0.000282   progress : 0.601
name: models.architecture.block_type=attention
training.mode=rollout
models.out_dim=10
models.architecture.n_encoder_layers=1
models.architecture.n_decoder_layers=1    avg_loss: 0.000006968207  time_per_window : 0.000199   progress : 0.612
name: models.architecture.block_type=attention
training.mode=rollout
models.out_dim=10
models.architecture.n_encoder_layers=1
models.architecture.n_decoder_layers=1    avg_loss: 0.000008248934  time_per_window : 0.000263   progress : 0.623
name: models.architecture.block_type=attention
training.mode=rollout
models.out_dim=10
models.architecture.n_encoder_layers=1
models.architecture.n_decoder_layers=1    avg_loss: 0.000010959889  time_per_window : 0.000218   progress : 0.634
name: models.architecture.block_type=attention
training.mode=rollout
models.out_dim=10
models.architecture.n_encoder_layers=1
models.architecture.n_decoder_layers=1    avg_loss: 0.000005811554  time_per_window : 0.000220   progress : 0.644
name: models.architecture.block_type=attention
training.mode=rollout
models.out_dim=10
models.architecture.n_encoder_layers=1
models.architecture.n_decoder_layers=1    avg_loss: 0.000007509197  time_per_window : 0.000209   progress : 0.655
name: models.architecture.block_type=attention
training.mode=rollout
models.out_dim=10
models.architecture.n_encoder_layers=1
models.architecture.n_decoder_layers=1    avg_loss: 0.000005311586  time_per_window : 0.000251   progress : 0.666
name: models.architecture.block_type=attention
training.mode=rollout
models.out_dim=10
models.architecture.n_encoder_layers=1
models.architecture.n_decoder_layers=1    avg_loss: 0.000013030352  time_per_window : 0.000241   progress : 0.677
name: models.architecture.block_type=attention
training.mode=rollout
models.out_dim=10
models.architecture.n_encoder_layers=1
models.architecture.n_decoder_layers=1    avg_loss: 0.000005199765  time_per_window : 0.000224   progress : 0.688
name: models.architecture.block_type=attention
training.mode=rollout
models.out_dim=10
models.architecture.n_encoder_layers=1
models.architecture.n_decoder_layers=1    avg_loss: 0.000006217897  time_per_window : 0.000209   progress : 0.699
name: models.architecture.block_type=attention
training.mode=rollout
models.out_dim=10
models.architecture.n_encoder_layers=1
models.architecture.n_decoder_layers=1    avg_loss: 0.000006270108  time_per_window : 0.000272   progress : 0.710
name: models.architecture.block_type=attention
training.mode=rollout
models.out_dim=10
models.architecture.n_encoder_layers=1
models.architecture.n_decoder_layers=1    avg_loss: 0.000005756755  time_per_window : 0.000213   progress : 0.721
name: models.architecture.block_type=attention
training.mode=rollout
models.out_dim=10
models.architecture.n_encoder_layers=1
models.architecture.n_decoder_layers=1    avg_loss: 0.000006717493  time_per_window : 0.000228   progress : 0.732
name: models.architecture.block_type=attention
training.mode=rollout
models.out_dim=10
models.architecture.n_encoder_layers=1
models.architecture.n_decoder_layers=1    avg_loss: 0.000010276286  time_per_window : 0.000218   progress : 0.743
name: models.architecture.block_type=attention
training.mode=rollout
models.out_dim=10
models.architecture.n_encoder_layers=1
models.architecture.n_decoder_layers=1    avg_loss: 0.000005485244  time_per_window : 0.000216   progress : 0.754
name: models.architecture.block_type=attention
training.mode=rollout
models.out_dim=10
models.architecture.n_encoder_layers=1
models.architecture.n_decoder_layers=1    avg_loss: 0.000005611449  time_per_window : 0.000255   progress : 0.765
name: models.architecture.block_type=attention
training.mode=rollout
models.out_dim=10
models.architecture.n_encoder_layers=1
models.architecture.n_decoder_layers=1    avg_loss: 0.000008674881  time_per_window : 0.000221   progress : 0.775
name: models.architecture.block_type=attention
training.mode=rollout
models.out_dim=10
models.architecture.n_encoder_layers=1
models.architecture.n_decoder_layers=1    avg_loss: 0.000007630521  time_per_window : 0.000198   progress : 0.786
name: models.architecture.block_type=attention
training.mode=rollout
models.out_dim=10
models.architecture.n_encoder_layers=1
models.architecture.n_decoder_layers=1    avg_loss: 0.000006743643  time_per_window : 0.000197   progress : 0.797
name: models.architecture.block_type=attention
training.mode=rollout
models.out_dim=10
models.architecture.n_encoder_layers=1
models.architecture.n_decoder_layers=1    avg_loss: 0.000005766970  time_per_window : 0.000210   progress : 0.808
name: models.architecture.block_type=attention
training.mode=rollout
models.out_dim=10
models.architecture.n_encoder_layers=1
models.architecture.n_decoder_layers=1    avg_loss: 0.000005783048  time_per_window : 0.000238   progress : 0.819
name: models.architecture.block_type=attention
training.mode=rollout
models.out_dim=10
models.architecture.n_encoder_layers=1
models.architecture.n_decoder_layers=1    avg_loss: 0.000006744411  time_per_window : 0.000232   progress : 0.830
name: models.architecture.block_type=attention
training.mode=rollout
models.out_dim=10
models.architecture.n_encoder_layers=1
models.architecture.n_decoder_layers=1    avg_loss: 0.000005451145  time_per_window : 0.000246   progress : 0.841
name: models.architecture.block_type=attention
training.mode=rollout
models.out_dim=10
models.architecture.n_encoder_layers=1
models.architecture.n_decoder_layers=1    avg_loss: 0.000007255464  time_per_window : 0.000227   progress : 0.852
name: models.architecture.block_type=attention
training.mode=rollout
models.out_dim=10
models.architecture.n_encoder_layers=1
models.architecture.n_decoder_layers=1    avg_loss: 0.000006979744  time_per_window : 0.000195   progress : 0.863
name: models.architecture.block_type=attention
training.mode=rollout
models.out_dim=10
models.architecture.n_encoder_layers=1
models.architecture.n_decoder_layers=1    avg_loss: 0.000005188893  time_per_window : 0.000200   progress : 0.874
name: models.architecture.block_type=attention
training.mode=rollout
models.out_dim=10
models.architecture.n_encoder_layers=1
models.architecture.n_decoder_layers=1    avg_loss: 0.000007946118  time_per_window : 0.000207   progress : 0.885
name: models.architecture.block_type=attention
training.mode=rollout
models.out_dim=10
models.architecture.n_encoder_layers=1
models.architecture.n_decoder_layers=1    avg_loss: 0.000004152893  time_per_window : 0.000253   progress : 0.896
name: models.architecture.block_type=attention
training.mode=rollout
models.out_dim=10
models.architecture.n_encoder_layers=1
models.architecture.n_decoder_layers=1    avg_loss: 0.000005459783  time_per_window : 0.000226   progress : 0.907
name: models.architecture.block_type=attention
training.mode=rollout
models.out_dim=10
models.architecture.n_encoder_layers=1
models.architecture.n_decoder_layers=1    avg_loss: 0.000007711568  time_per_window : 0.000195   progress : 0.917
name: models.architecture.block_type=attention
training.mode=rollout
models.out_dim=10
models.architecture.n_encoder_layers=1
models.architecture.n_decoder_layers=1    avg_loss: 0.000005917254  time_per_window : 0.000244   progress : 0.928
name: models.architecture.block_type=attention
training.mode=rollout
models.out_dim=10
models.architecture.n_encoder_layers=1
models.architecture.n_decoder_layers=1    avg_loss: 0.000005015738  time_per_window : 0.000223   progress : 0.939
name: models.architecture.block_type=attention
training.mode=rollout
models.out_dim=10
models.architecture.n_encoder_layers=1
models.architecture.n_decoder_layers=1    avg_loss: 0.000004588484  time_per_window : 0.000196   progress : 0.950
name: models.architecture.block_type=attention
training.mode=rollout
models.out_dim=10
models.architecture.n_encoder_layers=1
models.architecture.n_decoder_layers=1    avg_loss: 0.000007115697  time_per_window : 0.000220   progress : 0.961
name: models.architecture.block_type=attention
training.mode=rollout
models.out_dim=10
models.architecture.n_encoder_layers=1
models.architecture.n_decoder_layers=1    avg_loss: 0.000005523957  time_per_window : 0.000241   progress : 0.972
name: models.architecture.block_type=attention
training.mode=rollout
models.out_dim=10
models.architecture.n_encoder_layers=1
models.architecture.n_decoder_layers=1    avg_loss: 0.000005762198  time_per_window : 0.000232   progress : 0.983
name: models.architecture.block_type=attention
training.mode=rollout
models.out_dim=10
models.architecture.n_encoder_layers=1
models.architecture.n_decoder_layers=1    avg_loss: 0.000004751122  time_per_window : 0.000229   progress : 0.994
name: models.architecture.block_type=attention
training.mode=rollout
models.out_dim=10
models.architecture.n_encoder_layers=1
models.architecture.n_decoder_layers=1    avg_loss: 0.000209082267  time_per_window : 0.000223   progress : 0.011
name: models.architecture.block_type=attention
training.mode=rollout
models.out_dim=10
models.architecture.n_encoder_layers=1
models.architecture.n_decoder_layers=1    avg_loss: 0.000003132503  time_per_window : 0.000220   progress : 0.022
name: models.architecture.block_type=attention
training.mode=rollout
models.out_dim=10
models.architecture.n_encoder_layers=1
models.architecture.n_decoder_layers=1    avg_loss: 0.000002377203  time_per_window : 0.000233   progress : 0.033
name: models.architecture.block_type=attention
training.mode=rollout
models.out_dim=10
models.architecture.n_encoder_layers=1
models.architecture.n_decoder_layers=1    avg_loss: 0.000002638640  time_per_window : 0.000205   progress : 0.044
name: models.architecture.block_type=attention
training.mode=rollout
models.out_dim=10
models.architecture.n_encoder_layers=1
models.architecture.n_decoder_layers=1    avg_loss: 0.000002989973  time_per_window : 0.000251   progress : 0.055
name: models.architecture.block_type=attention
training.mode=rollout
models.out_dim=10
models.architecture.n_encoder_layers=1
models.architecture.n_decoder_layers=1    avg_loss: 0.000003545602  time_per_window : 0.000247   progress : 0.066
name: models.architecture.block_type=attention
training.mode=rollout
models.out_dim=10
models.architecture.n_encoder_layers=1
models.architecture.n_decoder_layers=1    avg_loss: 0.000003242974  time_per_window : 0.000260   progress : 0.076
name: models.architecture.block_type=attention
training.mode=rollout
models.out_dim=10
models.architecture.n_encoder_layers=1
models.architecture.n_decoder_layers=1    avg_loss: 0.000003526636  time_per_window : 0.000227   progress : 0.087
name: models.architecture.block_type=attention
training.mode=rollout
models.out_dim=10
models.architecture.n_encoder_layers=1
models.architecture.n_decoder_layers=1    avg_loss: 0.000004053164  time_per_window : 0.000245   progress : 0.098
name: models.architecture.block_type=attention
training.mode=rollout
models.out_dim=10
models.architecture.n_encoder_layers=1
models.architecture.n_decoder_layers=1    avg_loss: 0.000004396134  time_per_window : 0.000224   progress : 0.109
name: models.architecture.block_type=attention
training.mode=rollout
models.out_dim=10
models.architecture.n_encoder_layers=1
models.architecture.n_decoder_layers=1    avg_loss: 0.000004102071  time_per_window : 0.000278   progress : 0.120
name: models.architecture.block_type=attention
training.mode=rollout
models.out_dim=10
models.architecture.n_encoder_layers=1
models.architecture.n_decoder_layers=1    avg_loss: 0.000003699193  time_per_window : 0.000221   progress : 0.131
name: models.architecture.block_type=attention
training.mode=rollout
models.out_dim=10
models.architecture.n_encoder_layers=1
models.architecture.n_decoder_layers=1    avg_loss: 0.000004941031  time_per_window : 0.000217   progress : 0.142
name: models.architecture.block_type=attention
training.mode=rollout
models.out_dim=10
models.architecture.n_encoder_layers=1
models.architecture.n_decoder_layers=1    avg_loss: 0.000005185432  time_per_window : 0.000233   progress : 0.153
name: models.architecture.block_type=attention
training.mode=rollout
models.out_dim=10
models.architecture.n_encoder_layers=1
models.architecture.n_decoder_layers=1    avg_loss: 0.000004624618  time_per_window : 0.000317   progress : 0.164
name: models.architecture.block_type=attention
training.mode=rollout
models.out_dim=10
models.architecture.n_encoder_layers=1
models.architecture.n_decoder_layers=1    avg_loss: 0.000004315649  time_per_window : 0.000237   progress : 0.175
name: models.architecture.block_type=attention
training.mode=rollout
models.out_dim=10
models.architecture.n_encoder_layers=1
models.architecture.n_decoder_layers=1    avg_loss: 0.000005071674  time_per_window : 0.000206   progress : 0.186
name: models.architecture.block_type=attention
training.mode=rollout
models.out_dim=10
models.architecture.n_encoder_layers=1
models.architecture.n_decoder_layers=1    avg_loss: 0.000005532403  time_per_window : 0.000222   progress : 0.197
name: models.architecture.block_type=attention
training.mode=rollout
models.out_dim=10
models.architecture.n_encoder_layers=1
models.architecture.n_decoder_layers=1    avg_loss: 0.000004820914  time_per_window : 0.000219   progress : 0.208
name: models.architecture.block_type=attention
training.mode=rollout
models.out_dim=10
models.architecture.n_encoder_layers=1
models.architecture.n_decoder_layers=1    avg_loss: 0.000006629285  time_per_window : 0.000274   progress : 0.218
name: models.architecture.block_type=attention
training.mode=rollout
models.out_dim=10
models.architecture.n_encoder_layers=1
models.architecture.n_decoder_layers=1    avg_loss: 0.000004885908  time_per_window : 0.000183   progress : 0.229
name: models.architecture.block_type=attention
training.mode=rollout
models.out_dim=10
models.architecture.n_encoder_layers=1
models.architecture.n_decoder_layers=1    avg_loss: 0.000005110853  time_per_window : 0.000260   progress : 0.240
name: models.architecture.block_type=attention
training.mode=rollout
models.out_dim=10
models.architecture.n_encoder_layers=1
models.architecture.n_decoder_layers=1    avg_loss: 0.000005928140  time_per_window : 0.000225   progress : 0.251
name: models.architecture.block_type=attention
training.mode=rollout
models.out_dim=10
models.architecture.n_encoder_layers=1
models.architecture.n_decoder_layers=1    avg_loss: 0.000005859353  time_per_window : 0.000239   progress : 0.262
name: models.architecture.block_type=attention
training.mode=rollout
models.out_dim=10
models.architecture.n_encoder_layers=1
models.architecture.n_decoder_layers=1    avg_loss: 0.000005512054  time_per_window : 0.000232   progress : 0.273
name: models.architecture.block_type=attention
training.mode=rollout
models.out_dim=10
models.architecture.n_encoder_layers=1
models.architecture.n_decoder_layers=1    avg_loss: 0.000006130898  time_per_window : 0.000209   progress : 0.284
name: models.architecture.block_type=attention
training.mode=rollout
models.out_dim=10
models.architecture.n_encoder_layers=1
models.architecture.n_decoder_layers=1    avg_loss: 0.000006053991  time_per_window : 0.000284   progress : 0.295
name: models.architecture.block_type=attention
training.mode=rollout
models.out_dim=10
models.architecture.n_encoder_layers=1
models.architecture.n_decoder_layers=1    avg_loss: 0.000006142900  time_per_window : 0.000227   progress : 0.306
name: models.architecture.block_type=attention
training.mode=rollout
models.out_dim=10
models.architecture.n_encoder_layers=1
models.architecture.n_decoder_layers=1    avg_loss: 0.000005099292  time_per_window : 0.000214   progress : 0.317
name: models.architecture.block_type=attention
training.mode=rollout
models.out_dim=10
models.architecture.n_encoder_layers=1
models.architecture.n_decoder_layers=1    avg_loss: 0.000005545520  time_per_window : 0.000234   progress : 0.328
name: models.architecture.block_type=attention
training.mode=rollout
models.out_dim=10
models.architecture.n_encoder_layers=1
models.architecture.n_decoder_layers=1    avg_loss: 0.000005331699  time_per_window : 0.000184   progress : 0.339
name: models.architecture.block_type=attention
training.mode=rollout
models.out_dim=10
models.architecture.n_encoder_layers=1
models.architecture.n_decoder_layers=1    avg_loss: 0.000005795299  time_per_window : 0.000267   progress : 0.350
name: models.architecture.block_type=attention
training.mode=rollout
models.out_dim=10
models.architecture.n_encoder_layers=1
models.architecture.n_decoder_layers=1    avg_loss: 0.000004468986  time_per_window : 0.000222   progress : 0.360
name: models.architecture.block_type=attention
training.mode=rollout
models.out_dim=10
models.architecture.n_encoder_layers=1
models.architecture.n_decoder_layers=1    avg_loss: 0.000005497840  time_per_window : 0.000288   progress : 0.371
name: models.architecture.block_type=attention
training.mode=rollout
models.out_dim=10
models.architecture.n_encoder_layers=1
models.architecture.n_decoder_layers=1    avg_loss: 0.000006044013  time_per_window : 0.000199   progress : 0.382
name: models.architecture.block_type=attention
training.mode=rollout
models.out_dim=10
models.architecture.n_encoder_layers=1
models.architecture.n_decoder_layers=1    avg_loss: 0.000004902995  time_per_window : 0.000245   progress : 0.393
name: models.architecture.block_type=attention
training.mode=rollout
models.out_dim=10
models.architecture.n_encoder_layers=1
models.architecture.n_decoder_layers=1    avg_loss: 0.000005380642  time_per_window : 0.000217   progress : 0.404
name: models.architecture.block_type=attention
training.mode=rollout
models.out_dim=10
models.architecture.n_encoder_layers=1
models.architecture.n_decoder_layers=1    avg_loss: 0.000004794838  time_per_window : 0.000209   progress : 0.415
name: models.architecture.block_type=attention
training.mode=rollout
models.out_dim=10
models.architecture.n_encoder_layers=1
models.architecture.n_decoder_layers=1    avg_loss: 0.000005917146  time_per_window : 0.000278   progress : 0.426
name: models.architecture.block_type=attention
training.mode=rollout
models.out_dim=10
models.architecture.n_encoder_layers=1
models.architecture.n_decoder_layers=1    avg_loss: 0.000004269127  time_per_window : 0.000197   progress : 0.437
name: models.architecture.block_type=attention
training.mode=rollout
models.out_dim=10
models.architecture.n_encoder_layers=1
models.architecture.n_decoder_layers=1    avg_loss: 0.000005145138  time_per_window : 0.000225   progress : 0.448
name: models.architecture.block_type=attention
training.mode=rollout
models.out_dim=10
models.architecture.n_encoder_layers=1
models.architecture.n_decoder_layers=1    avg_loss: 0.000004918479  time_per_window : 0.000199   progress : 0.459
name: models.architecture.block_type=attention
training.mode=rollout
models.out_dim=10
models.architecture.n_encoder_layers=1
models.architecture.n_decoder_layers=1    avg_loss: 0.000005111673  time_per_window : 0.000223   progress : 0.470
name: models.architecture.block_type=attention
training.mode=rollout
models.out_dim=10
models.architecture.n_encoder_layers=1
models.architecture.n_decoder_layers=1    avg_loss: 0.000005190869  time_per_window : 0.000244   progress : 0.481
name: models.architecture.block_type=attention
training.mode=rollout
models.out_dim=10
models.architecture.n_encoder_layers=1
models.architecture.n_decoder_layers=1    avg_loss: 0.000004600372  time_per_window : 0.000219   progress : 0.492
name: models.architecture.block_type=attention
training.mode=rollout
models.out_dim=10
models.architecture.n_encoder_layers=1
models.architecture.n_decoder_layers=1    avg_loss: 0.000004467438  time_per_window : 0.000230   progress : 0.502
name: models.architecture.block_type=attention
training.mode=rollout
models.out_dim=10
models.architecture.n_encoder_layers=1
models.architecture.n_decoder_layers=1    avg_loss: 0.000005523369  time_per_window : 0.000219   progress : 0.513
name: models.architecture.block_type=attention
training.mode=rollout
models.out_dim=10
models.architecture.n_encoder_layers=1
models.architecture.n_decoder_layers=1    avg_loss: 0.000004684332  time_per_window : 0.000188   progress : 0.524
name: models.architecture.block_type=attention
training.mode=rollout
models.out_dim=10
models.architecture.n_encoder_layers=1
models.architecture.n_decoder_layers=1    avg_loss: 0.000004384080  time_per_window : 0.000270   progress : 0.535
name: models.architecture.block_type=attention
training.mode=rollout
models.out_dim=10
models.architecture.n_encoder_layers=1
models.architecture.n_decoder_layers=1    avg_loss: 0.000004762961  time_per_window : 0.000199   progress : 0.546
name: models.architecture.block_type=attention
training.mode=rollout
models.out_dim=10
models.architecture.n_encoder_layers=1
models.architecture.n_decoder_layers=1    avg_loss: 0.000005094132  time_per_window : 0.000211   progress : 0.557
name: models.architecture.block_type=attention
training.mode=rollout
models.out_dim=10
models.architecture.n_encoder_layers=1
models.architecture.n_decoder_layers=1    avg_loss: 0.000004319098  time_per_window : 0.000253   progress : 0.568
name: models.architecture.block_type=attention
training.mode=rollout
models.out_dim=10
models.architecture.n_encoder_layers=1
models.architecture.n_decoder_layers=1    avg_loss: 0.000004619072  time_per_window : 0.000196   progress : 0.579
name: models.architecture.block_type=attention
training.mode=rollout
models.out_dim=10
models.architecture.n_encoder_layers=1
models.architecture.n_decoder_layers=1    avg_loss: 0.000005739608  time_per_window : 0.000231   progress : 0.590
name: models.architecture.block_type=attention
training.mode=rollout
models.out_dim=10
models.architecture.n_encoder_layers=1
models.architecture.n_decoder_layers=1    avg_loss: 0.000003495221  time_per_window : 0.000223   progress : 0.601
name: models.architecture.block_type=attention
training.mode=rollout
models.out_dim=10
models.architecture.n_encoder_layers=1
models.architecture.n_decoder_layers=1    avg_loss: 0.000003884760  time_per_window : 0.000193   progress : 0.612
name: models.architecture.block_type=attention
training.mode=rollout
models.out_dim=10
models.architecture.n_encoder_layers=1
models.architecture.n_decoder_layers=1    avg_loss: 0.000004752098  time_per_window : 0.000217   progress : 0.623
name: models.architecture.block_type=attention
training.mode=rollout
models.out_dim=10
models.architecture.n_encoder_layers=1
models.architecture.n_decoder_layers=1    avg_loss: 0.000004976736  time_per_window : 0.000228   progress : 0.634
name: models.architecture.block_type=attention
training.mode=rollout
models.out_dim=10
models.architecture.n_encoder_layers=1
models.architecture.n_decoder_layers=1    avg_loss: 0.000003987239  time_per_window : 0.000282   progress : 0.644
name: models.architecture.block_type=attention
training.mode=rollout
models.out_dim=10
models.architecture.n_encoder_layers=1
models.architecture.n_decoder_layers=1    avg_loss: 0.000004847122  time_per_window : 0.000192   progress : 0.655
name: models.architecture.block_type=attention
training.mode=rollout
models.out_dim=10
models.architecture.n_encoder_layers=1
models.architecture.n_decoder_layers=1    avg_loss: 0.000003723271  time_per_window : 0.000261   progress : 0.666
name: models.architecture.block_type=attention
training.mode=rollout
models.out_dim=10
models.architecture.n_encoder_layers=1
models.architecture.n_decoder_layers=1    avg_loss: 0.000004844062  time_per_window : 0.000230   progress : 0.677
name: models.architecture.block_type=attention
training.mode=rollout
models.out_dim=10
models.architecture.n_encoder_layers=1
models.architecture.n_decoder_layers=1    avg_loss: 0.000004525621  time_per_window : 0.000255   progress : 0.688
name: models.architecture.block_type=attention
training.mode=rollout
models.out_dim=10
models.architecture.n_encoder_layers=1
models.architecture.n_decoder_layers=1    avg_loss: 0.000003803928  time_per_window : 0.000234   progress : 0.699
name: models.architecture.block_type=attention
training.mode=rollout
models.out_dim=10
models.architecture.n_encoder_layers=1
models.architecture.n_decoder_layers=1    avg_loss: 0.000003246253  time_per_window : 0.000247   progress : 0.710
name: models.architecture.block_type=attention
training.mode=rollout
models.out_dim=10
models.architecture.n_encoder_layers=1
models.architecture.n_decoder_layers=1    avg_loss: 0.000009654724  time_per_window : 0.000204   progress : 0.721
name: models.architecture.block_type=attention
training.mode=rollout
models.out_dim=10
models.architecture.n_encoder_layers=1
models.architecture.n_decoder_layers=1    avg_loss: 0.000029790377  time_per_window : 0.000257   progress : 0.732
name: models.architecture.block_type=attention
training.mode=rollout
models.out_dim=10
models.architecture.n_encoder_layers=1
models.architecture.n_decoder_layers=1    avg_loss: 0.000001495267  time_per_window : 0.000222   progress : 0.743
name: models.architecture.block_type=attention
training.mode=rollout
models.out_dim=10
models.architecture.n_encoder_layers=1
models.architecture.n_decoder_layers=1    avg_loss: 0.000001463315  time_per_window : 0.000292   progress : 0.754
name: models.architecture.block_type=attention
training.mode=rollout
models.out_dim=10
models.architecture.n_encoder_layers=1
models.architecture.n_decoder_layers=1    avg_loss: 0.000002398283  time_per_window : 0.000203   progress : 0.765
name: models.architecture.block_type=attention
training.mode=rollout
models.out_dim=10
models.architecture.n_encoder_layers=1
models.architecture.n_decoder_layers=1    avg_loss: 0.000001947669  time_per_window : 0.000278   progress : 0.775
name: models.architecture.block_type=attention
training.mode=rollout
models.out_dim=10
models.architecture.n_encoder_layers=1
models.architecture.n_decoder_layers=1    avg_loss: 0.000002605852  time_per_window : 0.000224   progress : 0.786
name: models.architecture.block_type=attention
training.mode=rollout
models.out_dim=10
models.architecture.n_encoder_layers=1
models.architecture.n_decoder_layers=1    avg_loss: 0.000002889268  time_per_window : 0.000212   progress : 0.797
name: models.architecture.block_type=attention
training.mode=rollout
models.out_dim=10
models.architecture.n_encoder_layers=1
models.architecture.n_decoder_layers=1    avg_loss: 0.000002269744  time_per_window : 0.000232   progress : 0.808
name: models.architecture.block_type=attention
training.mode=rollout
models.out_dim=10
models.architecture.n_encoder_layers=1
models.architecture.n_decoder_layers=1    avg_loss: 0.000002895206  time_per_window : 0.000255   progress : 0.819
name: models.architecture.block_type=attention
training.mode=rollout
models.out_dim=10
models.architecture.n_encoder_layers=1
models.architecture.n_decoder_layers=1    avg_loss: 0.000003058730  time_per_window : 0.000194   progress : 0.830
name: models.architecture.block_type=attention
training.mode=rollout
models.out_dim=10
models.architecture.n_encoder_layers=1
models.architecture.n_decoder_layers=1    avg_loss: 0.000003533738  time_per_window : 0.000232   progress : 0.841
name: models.architecture.block_type=attention
training.mode=rollout
models.out_dim=10
models.architecture.n_encoder_layers=1
models.architecture.n_decoder_layers=1    avg_loss: 0.000003585827  time_per_window : 0.000254   progress : 0.852
name: models.architecture.block_type=attention
training.mode=rollout
models.out_dim=10
models.architecture.n_encoder_layers=1
models.architecture.n_decoder_layers=1    avg_loss: 0.000003180260  time_per_window : 0.000208   progress : 0.863
name: models.architecture.block_type=attention
training.mode=rollout
models.out_dim=10
models.architecture.n_encoder_layers=1
models.architecture.n_decoder_layers=1    avg_loss: 0.000004375563  time_per_window : 0.000285   progress : 0.874
name: models.architecture.block_type=attention
training.mode=rollout
models.out_dim=10
models.architecture.n_encoder_layers=1
models.architecture.n_decoder_layers=1    avg_loss: 0.000003145724  time_per_window : 0.000225   progress : 0.885
name: models.architecture.block_type=attention
training.mode=rollout
models.out_dim=10
models.architecture.n_encoder_layers=1
models.architecture.n_decoder_layers=1    avg_loss: 0.000002771049  time_per_window : 0.000271   progress : 0.896
name: models.architecture.block_type=attention
training.mode=rollout
models.out_dim=10
models.architecture.n_encoder_layers=1
models.architecture.n_decoder_layers=1    avg_loss: 0.000003754907  time_per_window : 0.000271   progress : 0.907
name: models.architecture.block_type=attention
training.mode=rollout
models.out_dim=10
models.architecture.n_encoder_layers=1
models.architecture.n_decoder_layers=1    avg_loss: 0.000003753464  time_per_window : 0.000202   progress : 0.917
name: models.architecture.block_type=attention
training.mode=rollout
models.out_dim=10
models.architecture.n_encoder_layers=1
models.architecture.n_decoder_layers=1    avg_loss: 0.000002827761  time_per_window : 0.000229   progress : 0.928
name: models.architecture.block_type=attention
training.mode=rollout
models.out_dim=10
models.architecture.n_encoder_layers=1
models.architecture.n_decoder_layers=1    avg_loss: 0.000004401871  time_per_window : 0.000226   progress : 0.939
name: models.architecture.block_type=attention
training.mode=rollout
models.out_dim=10
models.architecture.n_encoder_layers=1
models.architecture.n_decoder_layers=1    avg_loss: 0.000002442404  time_per_window : 0.000211   progress : 0.950
name: models.architecture.block_type=attention
training.mode=rollout
models.out_dim=10
models.architecture.n_encoder_layers=1
models.architecture.n_decoder_layers=1    avg_loss: 0.000003891266  time_per_window : 0.000218   progress : 0.961
name: models.architecture.block_type=attention
training.mode=rollout
models.out_dim=10
models.architecture.n_encoder_layers=1
models.architecture.n_decoder_layers=1    avg_loss: 0.000002865750  time_per_window : 0.000264   progress : 0.972
name: models.architecture.block_type=attention
training.mode=rollout
models.out_dim=10
models.architecture.n_encoder_layers=1
models.architecture.n_decoder_layers=1    avg_loss: 0.000003355534  time_per_window : 0.000222   progress : 0.983
name: models.architecture.block_type=attention
training.mode=rollout
models.out_dim=10
models.architecture.n_encoder_layers=1
models.architecture.n_decoder_layers=1    avg_loss: 0.000003264766  time_per_window : 0.000144   progress : 0.994
DONE!!!
