/home/jdihardjo/miniconda3/envs/mavenv/lib/python3.11/site-packages/hydra/_internal/defaults_list.py:251: UserWarning: In 'config': Defaults list is missing `_self_`. See https://hydra.cc/docs/1.2/upgrades/1.0_to_1.1/default_composition_order for more information
  warnings.warn(msg, UserWarning)
Using cuda device
[2026-07-24 23:30:19,682][HYDRA] Joblib.Parallel(n_jobs=4,backend=loky,prefer=processes,require=None,verbose=0,timeout=None,pre_dispatch=2*n_jobs,batch_size=auto,temp_folder=None,max_nbytes=None,mmap_mode=r) is launching 1 jobs
[2026-07-24 23:30:19,682][HYDRA] Launching jobs, sweep output dir : ablation_runs/2026-07-24_23-30-14/attention_1e1d_gml_out10
[2026-07-24 23:30:19,682][HYDRA] 	#0 : models.architecture.block_type=attention training.mode=gml_rollout models.out_dim=10 models.architecture.n_encoder_layers=1 models.architecture.n_decoder_layers=1
/home/jdihardjo/miniconda3/envs/mavenv/lib/python3.11/site-packages/hydra/_internal/defaults_list.py:251: UserWarning: In 'config': Defaults list is missing `_self_`. See https://hydra.cc/docs/1.2/upgrades/1.0_to_1.1/default_composition_order for more information
  warnings.warn(msg, UserWarning)
models:
  n_dim: 23
  out_dim: 10
  architecture:
    d_model: 128
    n_encoder_layers: 1
    n_decoder_layers: 1
    block_type: attention
    time_adapter: last_token
    in_norm: none
    out_norm: none
    layer_scale: 0.0001
    drop_path: 0.05
    mamba_type: mamba
    mamba_kwargs:
      d_state: 16
      d_conv: 2
      expand: 2
      norm: rms
    skip: false
    cls_kwargs:
      n_heads: 2
      n_mlp: 2
      positional_encoding: false
      max_len: 5000
input_len: 32
output_len: 1
batch_size: 128
epochs: 5
seed: 0
dataset:
  path: /home/jdihardjo/simdata/train.zarr/
  training_size: 1500000
evaluation:
  path: /home/jdihardjo/simdata/evaluation.zarr/
  evaluation_size: 50
training:
  mode: gml_rollout
  lr: 0.0002
  weight_decay: 0.1
  rollout_steps: 16
checkpoint:
  save_path: hydra-test.pth
  load: false
  path: hydra-test.pth
compile: true

/home/jdihardjo/miniconda3/envs/mavenv/lib/python3.11/site-packages/torch/_inductor/cudagraph_trees.py:2622: UserWarning: Unable to hit fast path of CUDAGraphs because outputs from a previous step still require backward. Ensure backward() is invoked or detach outputs. You may also call torch.compiler.cudagraph_mark_step_begin() before each model invocation.
  warnings.warn(
name: models.architecture.block_type=attention
training.mode=gml_rollout
models.out_dim=10
models.architecture.n_encoder_layers=1
models.architecture.n_decoder_layers=1    avg_loss: 0.002831457648  time_per_window : 0.000201   progress : 0.011
name: models.architecture.block_type=attention
training.mode=gml_rollout
models.out_dim=10
models.architecture.n_encoder_layers=1
models.architecture.n_decoder_layers=1    avg_loss: 0.000027395741  time_per_window : 0.000207   progress : 0.022
name: models.architecture.block_type=attention
training.mode=gml_rollout
models.out_dim=10
models.architecture.n_encoder_layers=1
models.architecture.n_decoder_layers=1    avg_loss: 0.000012752623  time_per_window : 0.000206   progress : 0.033
name: models.architecture.block_type=attention
training.mode=gml_rollout
models.out_dim=10
models.architecture.n_encoder_layers=1
models.architecture.n_decoder_layers=1    avg_loss: 0.000007927375  time_per_window : 0.000161   progress : 0.044
name: models.architecture.block_type=attention
training.mode=gml_rollout
models.out_dim=10
models.architecture.n_encoder_layers=1
models.architecture.n_decoder_layers=1    avg_loss: 0.000005766445  time_per_window : 0.000198   progress : 0.055
name: models.architecture.block_type=attention
training.mode=gml_rollout
models.out_dim=10
models.architecture.n_encoder_layers=1
models.architecture.n_decoder_layers=1    avg_loss: 0.000004601948  time_per_window : 0.000158   progress : 0.066
name: models.architecture.block_type=attention
training.mode=gml_rollout
models.out_dim=10
models.architecture.n_encoder_layers=1
models.architecture.n_decoder_layers=1    avg_loss: 0.000003681786  time_per_window : 0.000219   progress : 0.076
name: models.architecture.block_type=attention
training.mode=gml_rollout
models.out_dim=10
models.architecture.n_encoder_layers=1
models.architecture.n_decoder_layers=1    avg_loss: 0.000003068775  time_per_window : 0.000204   progress : 0.087
name: models.architecture.block_type=attention
training.mode=gml_rollout
models.out_dim=10
models.architecture.n_encoder_layers=1
models.architecture.n_decoder_layers=1    avg_loss: 0.000002782710  time_per_window : 0.000185   progress : 0.098
name: models.architecture.block_type=attention
training.mode=gml_rollout
models.out_dim=10
models.architecture.n_encoder_layers=1
models.architecture.n_decoder_layers=1    avg_loss: 0.000002608694  time_per_window : 0.000183   progress : 0.109
name: models.architecture.block_type=attention
training.mode=gml_rollout
models.out_dim=10
models.architecture.n_encoder_layers=1
models.architecture.n_decoder_layers=1    avg_loss: 0.000002147455  time_per_window : 0.000219   progress : 0.120
name: models.architecture.block_type=attention
training.mode=gml_rollout
models.out_dim=10
models.architecture.n_encoder_layers=1
models.architecture.n_decoder_layers=1    avg_loss: 0.000002565245  time_per_window : 0.000224   progress : 0.131
name: models.architecture.block_type=attention
training.mode=gml_rollout
models.out_dim=10
models.architecture.n_encoder_layers=1
models.architecture.n_decoder_layers=1    avg_loss: 0.000003669626  time_per_window : 0.000207   progress : 0.142
name: models.architecture.block_type=attention
training.mode=gml_rollout
models.out_dim=10
models.architecture.n_encoder_layers=1
models.architecture.n_decoder_layers=1    avg_loss: 0.000006246475  time_per_window : 0.000194   progress : 0.153
name: models.architecture.block_type=attention
training.mode=gml_rollout
models.out_dim=10
models.architecture.n_encoder_layers=1
models.architecture.n_decoder_layers=1    avg_loss: 0.000013059069  time_per_window : 0.000185   progress : 0.164
name: models.architecture.block_type=attention
training.mode=gml_rollout
models.out_dim=10
models.architecture.n_encoder_layers=1
models.architecture.n_decoder_layers=1    avg_loss: 0.000008007299  time_per_window : 0.000200   progress : 0.175
name: models.architecture.block_type=attention
training.mode=gml_rollout
models.out_dim=10
models.architecture.n_encoder_layers=1
models.architecture.n_decoder_layers=1    avg_loss: 0.000006130464  time_per_window : 0.000206   progress : 0.186
name: models.architecture.block_type=attention
training.mode=gml_rollout
models.out_dim=10
models.architecture.n_encoder_layers=1
models.architecture.n_decoder_layers=1    avg_loss: 0.000009294014  time_per_window : 0.000200   progress : 0.197
name: models.architecture.block_type=attention
training.mode=gml_rollout
models.out_dim=10
models.architecture.n_encoder_layers=1
models.architecture.n_decoder_layers=1    avg_loss: 0.000009631310  time_per_window : 0.000186   progress : 0.208
name: models.architecture.block_type=attention
training.mode=gml_rollout
models.out_dim=10
models.architecture.n_encoder_layers=1
models.architecture.n_decoder_layers=1    avg_loss: 0.000010382947  time_per_window : 0.000193   progress : 0.218
name: models.architecture.block_type=attention
training.mode=gml_rollout
models.out_dim=10
models.architecture.n_encoder_layers=1
models.architecture.n_decoder_layers=1    avg_loss: 0.000008721495  time_per_window : 0.000196   progress : 0.229
name: models.architecture.block_type=attention
training.mode=gml_rollout
models.out_dim=10
models.architecture.n_encoder_layers=1
models.architecture.n_decoder_layers=1    avg_loss: 0.000011373210  time_per_window : 0.000182   progress : 0.240
name: models.architecture.block_type=attention
training.mode=gml_rollout
models.out_dim=10
models.architecture.n_encoder_layers=1
models.architecture.n_decoder_layers=1    avg_loss: 0.000008346536  time_per_window : 0.000224   progress : 0.251
name: models.architecture.block_type=attention
training.mode=gml_rollout
models.out_dim=10
models.architecture.n_encoder_layers=1
models.architecture.n_decoder_layers=1    avg_loss: 0.000008586439  time_per_window : 0.000204   progress : 0.262
name: models.architecture.block_type=attention
training.mode=gml_rollout
models.out_dim=10
models.architecture.n_encoder_layers=1
models.architecture.n_decoder_layers=1    avg_loss: 0.000008944447  time_per_window : 0.000200   progress : 0.273
name: models.architecture.block_type=attention
training.mode=gml_rollout
models.out_dim=10
models.architecture.n_encoder_layers=1
models.architecture.n_decoder_layers=1    avg_loss: 0.000011522769  time_per_window : 0.000186   progress : 0.284
name: models.architecture.block_type=attention
training.mode=gml_rollout
models.out_dim=10
models.architecture.n_encoder_layers=1
models.architecture.n_decoder_layers=1    avg_loss: 0.000008164518  time_per_window : 0.000203   progress : 0.295
name: models.architecture.block_type=attention
training.mode=gml_rollout
models.out_dim=10
models.architecture.n_encoder_layers=1
models.architecture.n_decoder_layers=1    avg_loss: 0.000008590515  time_per_window : 0.000193   progress : 0.306
name: models.architecture.block_type=attention
training.mode=gml_rollout
models.out_dim=10
models.architecture.n_encoder_layers=1
models.architecture.n_decoder_layers=1    avg_loss: 0.000010323134  time_per_window : 0.000213   progress : 0.317
name: models.architecture.block_type=attention
training.mode=gml_rollout
models.out_dim=10
models.architecture.n_encoder_layers=1
models.architecture.n_decoder_layers=1    avg_loss: 0.000008449502  time_per_window : 0.000215   progress : 0.328
name: models.architecture.block_type=attention
training.mode=gml_rollout
models.out_dim=10
models.architecture.n_encoder_layers=1
models.architecture.n_decoder_layers=1    avg_loss: 0.000008007472  time_per_window : 0.000193   progress : 0.339
name: models.architecture.block_type=attention
training.mode=gml_rollout
models.out_dim=10
models.architecture.n_encoder_layers=1
models.architecture.n_decoder_layers=1    avg_loss: 0.000010389966  time_per_window : 0.000205   progress : 0.350
name: models.architecture.block_type=attention
training.mode=gml_rollout
models.out_dim=10
models.architecture.n_encoder_layers=1
models.architecture.n_decoder_layers=1    avg_loss: 0.000006574734  time_per_window : 0.000203   progress : 0.360
name: models.architecture.block_type=attention
training.mode=gml_rollout
models.out_dim=10
models.architecture.n_encoder_layers=1
models.architecture.n_decoder_layers=1    avg_loss: 0.000008595353  time_per_window : 0.000207   progress : 0.371
name: models.architecture.block_type=attention
training.mode=gml_rollout
models.out_dim=10
models.architecture.n_encoder_layers=1
models.architecture.n_decoder_layers=1    avg_loss: 0.000008515772  time_per_window : 0.000209   progress : 0.382
name: models.architecture.block_type=attention
training.mode=gml_rollout
models.out_dim=10
models.architecture.n_encoder_layers=1
models.architecture.n_decoder_layers=1    avg_loss: 0.000008797738  time_per_window : 0.000190   progress : 0.393
name: models.architecture.block_type=attention
training.mode=gml_rollout
models.out_dim=10
models.architecture.n_encoder_layers=1
models.architecture.n_decoder_layers=1    avg_loss: 0.000006416412  time_per_window : 0.000180   progress : 0.404
name: models.architecture.block_type=attention
training.mode=gml_rollout
models.out_dim=10
models.architecture.n_encoder_layers=1
models.architecture.n_decoder_layers=1    avg_loss: 0.000007103455  time_per_window : 0.000218   progress : 0.415
name: models.architecture.block_type=attention
training.mode=gml_rollout
models.out_dim=10
models.architecture.n_encoder_layers=1
models.architecture.n_decoder_layers=1    avg_loss: 0.000007758323  time_per_window : 0.000204   progress : 0.426
name: models.architecture.block_type=attention
training.mode=gml_rollout
models.out_dim=10
models.architecture.n_encoder_layers=1
models.architecture.n_decoder_layers=1    avg_loss: 0.000008322348  time_per_window : 0.000185   progress : 0.437
name: models.architecture.block_type=attention
training.mode=gml_rollout
models.out_dim=10
models.architecture.n_encoder_layers=1
models.architecture.n_decoder_layers=1    avg_loss: 0.000006856602  time_per_window : 0.000199   progress : 0.448
name: models.architecture.block_type=attention
training.mode=gml_rollout
models.out_dim=10
models.architecture.n_encoder_layers=1
models.architecture.n_decoder_layers=1    avg_loss: 0.000007408599  time_per_window : 0.000182   progress : 0.459
name: models.architecture.block_type=attention
training.mode=gml_rollout
models.out_dim=10
models.architecture.n_encoder_layers=1
models.architecture.n_decoder_layers=1    avg_loss: 0.000006981744  time_per_window : 0.000210   progress : 0.470
name: models.architecture.block_type=attention
training.mode=gml_rollout
models.out_dim=10
models.architecture.n_encoder_layers=1
models.architecture.n_decoder_layers=1    avg_loss: 0.000006583266  time_per_window : 0.000202   progress : 0.481
name: models.architecture.block_type=attention
training.mode=gml_rollout
models.out_dim=10
models.architecture.n_encoder_layers=1
models.architecture.n_decoder_layers=1    avg_loss: 0.000007062556  time_per_window : 0.000186   progress : 0.492
name: models.architecture.block_type=attention
training.mode=gml_rollout
models.out_dim=10
models.architecture.n_encoder_layers=1
models.architecture.n_decoder_layers=1    avg_loss: 0.000007014663  time_per_window : 0.000205   progress : 0.502
name: models.architecture.block_type=attention
training.mode=gml_rollout
models.out_dim=10
models.architecture.n_encoder_layers=1
models.architecture.n_decoder_layers=1    avg_loss: 0.000006454254  time_per_window : 0.000204   progress : 0.513
name: models.architecture.block_type=attention
training.mode=gml_rollout
models.out_dim=10
models.architecture.n_encoder_layers=1
models.architecture.n_decoder_layers=1    avg_loss: 0.000006229223  time_per_window : 0.000216   progress : 0.524
name: models.architecture.block_type=attention
training.mode=gml_rollout
models.out_dim=10
models.architecture.n_encoder_layers=1
models.architecture.n_decoder_layers=1    avg_loss: 0.000006286977  time_per_window : 0.000207   progress : 0.535
name: models.architecture.block_type=attention
training.mode=gml_rollout
models.out_dim=10
models.architecture.n_encoder_layers=1
models.architecture.n_decoder_layers=1    avg_loss: 0.000005920034  time_per_window : 0.000206   progress : 0.546
name: models.architecture.block_type=attention
training.mode=gml_rollout
models.out_dim=10
models.architecture.n_encoder_layers=1
models.architecture.n_decoder_layers=1    avg_loss: 0.000006123060  time_per_window : 0.000203   progress : 0.557
name: models.architecture.block_type=attention
training.mode=gml_rollout
models.out_dim=10
models.architecture.n_encoder_layers=1
models.architecture.n_decoder_layers=1    avg_loss: 0.000005613693  time_per_window : 0.000186   progress : 0.568
name: models.architecture.block_type=attention
training.mode=gml_rollout
models.out_dim=10
models.architecture.n_encoder_layers=1
models.architecture.n_decoder_layers=1    avg_loss: 0.000005937313  time_per_window : 0.000196   progress : 0.579
name: models.architecture.block_type=attention
training.mode=gml_rollout
models.out_dim=10
models.architecture.n_encoder_layers=1
models.architecture.n_decoder_layers=1    avg_loss: 0.000005425193  time_per_window : 0.000179   progress : 0.590
name: models.architecture.block_type=attention
training.mode=gml_rollout
models.out_dim=10
models.architecture.n_encoder_layers=1
models.architecture.n_decoder_layers=1    avg_loss: 0.000005930792  time_per_window : 0.000190   progress : 0.601
name: models.architecture.block_type=attention
training.mode=gml_rollout
models.out_dim=10
models.architecture.n_encoder_layers=1
models.architecture.n_decoder_layers=1    avg_loss: 0.000004922104  time_per_window : 0.000180   progress : 0.612
name: models.architecture.block_type=attention
training.mode=gml_rollout
models.out_dim=10
models.architecture.n_encoder_layers=1
models.architecture.n_decoder_layers=1    avg_loss: 0.000005514066  time_per_window : 0.000199   progress : 0.623
name: models.architecture.block_type=attention
training.mode=gml_rollout
models.out_dim=10
models.architecture.n_encoder_layers=1
models.architecture.n_decoder_layers=1    avg_loss: 0.000005309585  time_per_window : 0.000217   progress : 0.634
name: models.architecture.block_type=attention
training.mode=gml_rollout
models.out_dim=10
models.architecture.n_encoder_layers=1
models.architecture.n_decoder_layers=1    avg_loss: 0.000005903515  time_per_window : 0.000205   progress : 0.644
name: models.architecture.block_type=attention
training.mode=gml_rollout
models.out_dim=10
models.architecture.n_encoder_layers=1
models.architecture.n_decoder_layers=1    avg_loss: 0.000004903064  time_per_window : 0.000208   progress : 0.655
name: models.architecture.block_type=attention
training.mode=gml_rollout
models.out_dim=10
models.architecture.n_encoder_layers=1
models.architecture.n_decoder_layers=1    avg_loss: 0.000004261744  time_per_window : 0.000216   progress : 0.666
name: models.architecture.block_type=attention
training.mode=gml_rollout
models.out_dim=10
models.architecture.n_encoder_layers=1
models.architecture.n_decoder_layers=1    avg_loss: 0.000005013837  time_per_window : 0.000209   progress : 0.677
name: models.architecture.block_type=attention
training.mode=gml_rollout
models.out_dim=10
models.architecture.n_encoder_layers=1
models.architecture.n_decoder_layers=1    avg_loss: 0.000005113048  time_per_window : 0.000201   progress : 0.688
name: models.architecture.block_type=attention
training.mode=gml_rollout
models.out_dim=10
models.architecture.n_encoder_layers=1
models.architecture.n_decoder_layers=1    avg_loss: 0.000004342423  time_per_window : 0.000205   progress : 0.699
name: models.architecture.block_type=attention
training.mode=gml_rollout
models.out_dim=10
models.architecture.n_encoder_layers=1
models.architecture.n_decoder_layers=1    avg_loss: 0.000005031430  time_per_window : 0.000208   progress : 0.710
name: models.architecture.block_type=attention
training.mode=gml_rollout
models.out_dim=10
models.architecture.n_encoder_layers=1
models.architecture.n_decoder_layers=1    avg_loss: 0.000004114329  time_per_window : 0.000213   progress : 0.721
name: models.architecture.block_type=attention
training.mode=gml_rollout
models.out_dim=10
models.architecture.n_encoder_layers=1
models.architecture.n_decoder_layers=1    avg_loss: 0.000004656832  time_per_window : 0.000227   progress : 0.732
name: models.architecture.block_type=attention
training.mode=gml_rollout
models.out_dim=10
models.architecture.n_encoder_layers=1
models.architecture.n_decoder_layers=1    avg_loss: 0.000004373654  time_per_window : 0.000203   progress : 0.743/home/jdihardjo/miniconda3/envs/mavenv/lib/python3.11/site-packages/torch/_inductor/cudagraph_trees.py:2622: UserWarning: Unable to hit fast path of CUDAGraphs because outputs from a previous step still require backward. Ensure backward() is invoked or detach outputs. You may also call torch.compiler.cudagraph_mark_step_begin() before each model invocation.
  warnings.warn(
/home/jdihardjo/miniconda3/envs/mavenv/lib/python3.11/site-packages/torch/_inductor/cudagraph_trees.py:2622: UserWarning: Unable to hit fast path of CUDAGraphs because outputs from a previous step still require backward. Ensure backward() is invoked or detach outputs. You may also call torch.compiler.cudagraph_mark_step_begin() before each model invocation.
  warnings.warn(

name: models.architecture.block_type=attention
training.mode=gml_rollout
models.out_dim=10
models.architecture.n_encoder_layers=1
models.architecture.n_decoder_layers=1    avg_loss: 0.000004171527  time_per_window : 0.000218   progress : 0.754
name: models.architecture.block_type=attention
training.mode=gml_rollout
models.out_dim=10
models.architecture.n_encoder_layers=1
models.architecture.n_decoder_layers=1    avg_loss: 0.000004199844  time_per_window : 0.000198   progress : 0.765
name: models.architecture.block_type=attention
training.mode=gml_rollout
models.out_dim=10
models.architecture.n_encoder_layers=1
models.architecture.n_decoder_layers=1    avg_loss: 0.000004399266  time_per_window : 0.000190   progress : 0.775
name: models.architecture.block_type=attention
training.mode=gml_rollout
models.out_dim=10
models.architecture.n_encoder_layers=1
models.architecture.n_decoder_layers=1    avg_loss: 0.000004288878  time_per_window : 0.000188   progress : 0.786
name: models.architecture.block_type=attention
training.mode=gml_rollout
models.out_dim=10
models.architecture.n_encoder_layers=1
models.architecture.n_decoder_layers=1    avg_loss: 0.000003570053  time_per_window : 0.000196   progress : 0.797
name: models.architecture.block_type=attention
training.mode=gml_rollout
models.out_dim=10
models.architecture.n_encoder_layers=1
models.architecture.n_decoder_layers=1    avg_loss: 0.000003903999  time_per_window : 0.000202   progress : 0.808
name: models.architecture.block_type=attention
training.mode=gml_rollout
models.out_dim=10
models.architecture.n_encoder_layers=1
models.architecture.n_decoder_layers=1    avg_loss: 0.000003700604  time_per_window : 0.000216   progress : 0.819
name: models.architecture.block_type=attention
training.mode=gml_rollout
models.out_dim=10
models.architecture.n_encoder_layers=1
models.architecture.n_decoder_layers=1    avg_loss: 0.000003446497  time_per_window : 0.000197   progress : 0.830
name: models.architecture.block_type=attention
training.mode=gml_rollout
models.out_dim=10
models.architecture.n_encoder_layers=1
models.architecture.n_decoder_layers=1    avg_loss: 0.000004062255  time_per_window : 0.000206   progress : 0.841
name: models.architecture.block_type=attention
training.mode=gml_rollout
models.out_dim=10
models.architecture.n_encoder_layers=1
models.architecture.n_decoder_layers=1    avg_loss: 0.000003325500  time_per_window : 0.000219   progress : 0.852
name: models.architecture.block_type=attention
training.mode=gml_rollout
models.out_dim=10
models.architecture.n_encoder_layers=1
models.architecture.n_decoder_layers=1    avg_loss: 0.000003550072  time_per_window : 0.000203   progress : 0.863
name: models.architecture.block_type=attention
training.mode=gml_rollout
models.out_dim=10
models.architecture.n_encoder_layers=1
models.architecture.n_decoder_layers=1    avg_loss: 0.000003418876  time_per_window : 0.000190   progress : 0.874
name: models.architecture.block_type=attention
training.mode=gml_rollout
models.out_dim=10
models.architecture.n_encoder_layers=1
models.architecture.n_decoder_layers=1    avg_loss: 0.000003817929  time_per_window : 0.000214   progress : 0.885
name: models.architecture.block_type=attention
training.mode=gml_rollout
models.out_dim=10
models.architecture.n_encoder_layers=1
models.architecture.n_decoder_layers=1    avg_loss: 0.000003511788  time_per_window : 0.000205   progress : 0.896
name: models.architecture.block_type=attention
training.mode=gml_rollout
models.out_dim=10
models.architecture.n_encoder_layers=1
models.architecture.n_decoder_layers=1    avg_loss: 0.000002924542  time_per_window : 0.000235   progress : 0.907
name: models.architecture.block_type=attention
training.mode=gml_rollout
models.out_dim=10
models.architecture.n_encoder_layers=1
models.architecture.n_decoder_layers=1    avg_loss: 0.000003059323  time_per_window : 0.000212   progress : 0.917
name: models.architecture.block_type=attention
training.mode=gml_rollout
models.out_dim=10
models.architecture.n_encoder_layers=1
models.architecture.n_decoder_layers=1    avg_loss: 0.000003323513  time_per_window : 0.000177   progress : 0.928
name: models.architecture.block_type=attention
training.mode=gml_rollout
models.out_dim=10
models.architecture.n_encoder_layers=1
models.architecture.n_decoder_layers=1    avg_loss: 0.000003295406  time_per_window : 0.000216   progress : 0.939
name: models.architecture.block_type=attention
training.mode=gml_rollout
models.out_dim=10
models.architecture.n_encoder_layers=1
models.architecture.n_decoder_layers=1    avg_loss: 0.000003039508  time_per_window : 0.000183   progress : 0.950
name: models.architecture.block_type=attention
training.mode=gml_rollout
models.out_dim=10
models.architecture.n_encoder_layers=1
models.architecture.n_decoder_layers=1    avg_loss: 0.000002814503  time_per_window : 0.000227   progress : 0.961
name: models.architecture.block_type=attention
training.mode=gml_rollout
models.out_dim=10
models.architecture.n_encoder_layers=1
models.architecture.n_decoder_layers=1    avg_loss: 0.000003542023  time_per_window : 0.000222   progress : 0.972
name: models.architecture.block_type=attention
training.mode=gml_rollout
models.out_dim=10
models.architecture.n_encoder_layers=1
models.architecture.n_decoder_layers=1    avg_loss: 0.000002442029  time_per_window : 0.000201   progress : 0.983
name: models.architecture.block_type=attention
training.mode=gml_rollout
models.out_dim=10
models.architecture.n_encoder_layers=1
models.architecture.n_decoder_layers=1    avg_loss: 0.000002936739  time_per_window : 0.000211   progress : 0.994
name: models.architecture.block_type=attention
training.mode=gml_rollout
models.out_dim=10
models.architecture.n_encoder_layers=1
models.architecture.n_decoder_layers=1    avg_loss: 0.000020128144  time_per_window : 0.000318   progress : 0.011
name: models.architecture.block_type=attention
training.mode=gml_rollout
models.out_dim=10
models.architecture.n_encoder_layers=1
models.architecture.n_decoder_layers=1    avg_loss: 0.000000343813  time_per_window : 0.000234   progress : 0.022
name: models.architecture.block_type=attention
training.mode=gml_rollout
models.out_dim=10
models.architecture.n_encoder_layers=1
models.architecture.n_decoder_layers=1    avg_loss: 0.000000728036  time_per_window : 0.000211   progress : 0.033
name: models.architecture.block_type=attention
training.mode=gml_rollout
models.out_dim=10
models.architecture.n_encoder_layers=1
models.architecture.n_decoder_layers=1    avg_loss: 0.000002012878  time_per_window : 0.000205   progress : 0.044
name: models.architecture.block_type=attention
training.mode=gml_rollout
models.out_dim=10
models.architecture.n_encoder_layers=1
models.architecture.n_decoder_layers=1    avg_loss: 0.000002178195  time_per_window : 0.000204   progress : 0.055
name: models.architecture.block_type=attention
training.mode=gml_rollout
models.out_dim=10
models.architecture.n_encoder_layers=1
models.architecture.n_decoder_layers=1    avg_loss: 0.000002723279  time_per_window : 0.000286   progress : 0.066
name: models.architecture.block_type=attention
training.mode=gml_rollout
models.out_dim=10
models.architecture.n_encoder_layers=1
models.architecture.n_decoder_layers=1    avg_loss: 0.000002119990  time_per_window : 0.000211   progress : 0.076
name: models.architecture.block_type=attention
training.mode=gml_rollout
models.out_dim=10
models.architecture.n_encoder_layers=1
models.architecture.n_decoder_layers=1    avg_loss: 0.000002296103  time_per_window : 0.000199   progress : 0.087
name: models.architecture.block_type=attention
training.mode=gml_rollout
models.out_dim=10
models.architecture.n_encoder_layers=1
models.architecture.n_decoder_layers=1    avg_loss: 0.000002417900  time_per_window : 0.000211   progress : 0.098
name: models.architecture.block_type=attention
training.mode=gml_rollout
models.out_dim=10
models.architecture.n_encoder_layers=1
models.architecture.n_decoder_layers=1    avg_loss: 0.000002449699  time_per_window : 0.000236   progress : 0.109
name: models.architecture.block_type=attention
training.mode=gml_rollout
models.out_dim=10
models.architecture.n_encoder_layers=1
models.architecture.n_decoder_layers=1    avg_loss: 0.000002369155  time_per_window : 0.000243   progress : 0.120
name: models.architecture.block_type=attention
training.mode=gml_rollout
models.out_dim=10
models.architecture.n_encoder_layers=1
models.architecture.n_decoder_layers=1    avg_loss: 0.000002806881  time_per_window : 0.000204   progress : 0.131
name: models.architecture.block_type=attention
training.mode=gml_rollout
models.out_dim=10
models.architecture.n_encoder_layers=1
models.architecture.n_decoder_layers=1    avg_loss: 0.000002188859  time_per_window : 0.000264   progress : 0.142
name: models.architecture.block_type=attention
training.mode=gml_rollout
models.out_dim=10
models.architecture.n_encoder_layers=1
models.architecture.n_decoder_layers=1    avg_loss: 0.000002378052  time_per_window : 0.000204   progress : 0.153
name: models.architecture.block_type=attention
training.mode=gml_rollout
models.out_dim=10
models.architecture.n_encoder_layers=1
models.architecture.n_decoder_layers=1    avg_loss: 0.000002363617  time_per_window : 0.000212   progress : 0.164
name: models.architecture.block_type=attention
training.mode=gml_rollout
models.out_dim=10
models.architecture.n_encoder_layers=1
models.architecture.n_decoder_layers=1    avg_loss: 0.000002119327  time_per_window : 0.000189   progress : 0.175
name: models.architecture.block_type=attention
training.mode=gml_rollout
models.out_dim=10
models.architecture.n_encoder_layers=1
models.architecture.n_decoder_layers=1    avg_loss: 0.000002364013  time_per_window : 0.000229   progress : 0.186
name: models.architecture.block_type=attention
training.mode=gml_rollout
models.out_dim=10
models.architecture.n_encoder_layers=1
models.architecture.n_decoder_layers=1    avg_loss: 0.000002271093  time_per_window : 0.000243   progress : 0.197
name: models.architecture.block_type=attention
training.mode=gml_rollout
models.out_dim=10
models.architecture.n_encoder_layers=1
models.architecture.n_decoder_layers=1    avg_loss: 0.000001911402  time_per_window : 0.000278   progress : 0.208
name: models.architecture.block_type=attention
training.mode=gml_rollout
models.out_dim=10
models.architecture.n_encoder_layers=1
models.architecture.n_decoder_layers=1    avg_loss: 0.000002694069  time_per_window : 0.000183   progress : 0.218
name: models.architecture.block_type=attention
training.mode=gml_rollout
models.out_dim=10
models.architecture.n_encoder_layers=1
models.architecture.n_decoder_layers=1    avg_loss: 0.000002243333  time_per_window : 0.000236   progress : 0.229
name: models.architecture.block_type=attention
training.mode=gml_rollout
models.out_dim=10
models.architecture.n_encoder_layers=1
models.architecture.n_decoder_layers=1    avg_loss: 0.000001906019  time_per_window : 0.000262   progress : 0.240
name: models.architecture.block_type=attention
training.mode=gml_rollout
models.out_dim=10
models.architecture.n_encoder_layers=1
models.architecture.n_decoder_layers=1    avg_loss: 0.000002246600  time_per_window : 0.000193   progress : 0.251
name: models.architecture.block_type=attention
training.mode=gml_rollout
models.out_dim=10
models.architecture.n_encoder_layers=1
models.architecture.n_decoder_layers=1    avg_loss: 0.000001795073  time_per_window : 0.000266   progress : 0.262
name: models.architecture.block_type=attention
training.mode=gml_rollout
models.out_dim=10
models.architecture.n_encoder_layers=1
models.architecture.n_decoder_layers=1    avg_loss: 0.000001922550  time_per_window : 0.000243   progress : 0.273
name: models.architecture.block_type=attention
training.mode=gml_rollout
models.out_dim=10
models.architecture.n_encoder_layers=1
models.architecture.n_decoder_layers=1    avg_loss: 0.000002109567  time_per_window : 0.000210   progress : 0.284
name: models.architecture.block_type=attention
training.mode=gml_rollout
models.out_dim=10
models.architecture.n_encoder_layers=1
models.architecture.n_decoder_layers=1    avg_loss: 0.000002078754  time_per_window : 0.000235   progress : 0.295
name: models.architecture.block_type=attention
training.mode=gml_rollout
models.out_dim=10
models.architecture.n_encoder_layers=1
models.architecture.n_decoder_layers=1    avg_loss: 0.000001858868  time_per_window : 0.000186   progress : 0.306
name: models.architecture.block_type=attention
training.mode=gml_rollout
models.out_dim=10
models.architecture.n_encoder_layers=1
models.architecture.n_decoder_layers=1    avg_loss: 0.000002173825  time_per_window : 0.000217   progress : 0.317
name: models.architecture.block_type=attention
training.mode=gml_rollout
models.out_dim=10
models.architecture.n_encoder_layers=1
models.architecture.n_decoder_layers=1    avg_loss: 0.000001936000  time_per_window : 0.000248   progress : 0.328
name: models.architecture.block_type=attention
training.mode=gml_rollout
models.out_dim=10
models.architecture.n_encoder_layers=1
models.architecture.n_decoder_layers=1    avg_loss: 0.000001524872  time_per_window : 0.000215   progress : 0.339
name: models.architecture.block_type=attention
training.mode=gml_rollout
models.out_dim=10
models.architecture.n_encoder_layers=1
models.architecture.n_decoder_layers=1    avg_loss: 0.000001800494  time_per_window : 0.000196   progress : 0.350
name: models.architecture.block_type=attention
training.mode=gml_rollout
models.out_dim=10
models.architecture.n_encoder_layers=1
models.architecture.n_decoder_layers=1    avg_loss: 0.000001944016  time_per_window : 0.000229   progress : 0.360
name: models.architecture.block_type=attention
training.mode=gml_rollout
models.out_dim=10
models.architecture.n_encoder_layers=1
models.architecture.n_decoder_layers=1    avg_loss: 0.000001804164  time_per_window : 0.000244   progress : 0.371
name: models.architecture.block_type=attention
training.mode=gml_rollout
models.out_dim=10
models.architecture.n_encoder_layers=1
models.architecture.n_decoder_layers=1    avg_loss: 0.000001773016  time_per_window : 0.000231   progress : 0.382
name: models.architecture.block_type=attention
training.mode=gml_rollout
models.out_dim=10
models.architecture.n_encoder_layers=1
models.architecture.n_decoder_layers=1    avg_loss: 0.000001738261  time_per_window : 0.000192   progress : 0.393
name: models.architecture.block_type=attention
training.mode=gml_rollout
models.out_dim=10
models.architecture.n_encoder_layers=1
models.architecture.n_decoder_layers=1    avg_loss: 0.000001562988  time_per_window : 0.000260   progress : 0.404
name: models.architecture.block_type=attention
training.mode=gml_rollout
models.out_dim=10
models.architecture.n_encoder_layers=1
models.architecture.n_decoder_layers=1    avg_loss: 0.000001946317  time_per_window : 0.000189   progress : 0.415
name: models.architecture.block_type=attention
training.mode=gml_rollout
models.out_dim=10
models.architecture.n_encoder_layers=1
models.architecture.n_decoder_layers=1    avg_loss: 0.000001318246  time_per_window : 0.000225   progress : 0.426
name: models.architecture.block_type=attention
training.mode=gml_rollout
models.out_dim=10
models.architecture.n_encoder_layers=1
models.architecture.n_decoder_layers=1    avg_loss: 0.000001941703  time_per_window : 0.000226   progress : 0.437
name: models.architecture.block_type=attention
training.mode=gml_rollout
models.out_dim=10
models.architecture.n_encoder_layers=1
models.architecture.n_decoder_layers=1    avg_loss: 0.000001654071  time_per_window : 0.000206   progress : 0.448
name: models.architecture.block_type=attention
training.mode=gml_rollout
models.out_dim=10
models.architecture.n_encoder_layers=1
models.architecture.n_decoder_layers=1    avg_loss: 0.000001427228  time_per_window : 0.000220   progress : 0.459
name: models.architecture.block_type=attention
training.mode=gml_rollout
models.out_dim=10
models.architecture.n_encoder_layers=1
models.architecture.n_decoder_layers=1    avg_loss: 0.000001655497  time_per_window : 0.000235   progress : 0.470
name: models.architecture.block_type=attention
training.mode=gml_rollout
models.out_dim=10
models.architecture.n_encoder_layers=1
models.architecture.n_decoder_layers=1    avg_loss: 0.000001479466  time_per_window : 0.000266   progress : 0.481
name: models.architecture.block_type=attention
training.mode=gml_rollout
models.out_dim=10
models.architecture.n_encoder_layers=1
models.architecture.n_decoder_layers=1    avg_loss: 0.000001557245  time_per_window : 0.000213   progress : 0.492
name: models.architecture.block_type=attention
training.mode=gml_rollout
models.out_dim=10
models.architecture.n_encoder_layers=1
models.architecture.n_decoder_layers=1    avg_loss: 0.000001369229  time_per_window : 0.000264   progress : 0.502
name: models.architecture.block_type=attention
training.mode=gml_rollout
models.out_dim=10
models.architecture.n_encoder_layers=1
models.architecture.n_decoder_layers=1    avg_loss: 0.000001629346  time_per_window : 0.000240   progress : 0.513
name: models.architecture.block_type=attention
training.mode=gml_rollout
models.out_dim=10
models.architecture.n_encoder_layers=1
models.architecture.n_decoder_layers=1    avg_loss: 0.000001565233  time_per_window : 0.000211   progress : 0.524
name: models.architecture.block_type=attention
training.mode=gml_rollout
models.out_dim=10
models.architecture.n_encoder_layers=1
models.architecture.n_decoder_layers=1    avg_loss: 0.000001319434  time_per_window : 0.000235   progress : 0.535
name: models.architecture.block_type=attention
training.mode=gml_rollout
models.out_dim=10
models.architecture.n_encoder_layers=1
models.architecture.n_decoder_layers=1    avg_loss: 0.000001561826  time_per_window : 0.000228   progress : 0.546
name: models.architecture.block_type=attention
training.mode=gml_rollout
models.out_dim=10
models.architecture.n_encoder_layers=1
models.architecture.n_decoder_layers=1    avg_loss: 0.000001369448  time_per_window : 0.000214   progress : 0.557
name: models.architecture.block_type=attention
training.mode=gml_rollout
models.out_dim=10
models.architecture.n_encoder_layers=1
models.architecture.n_decoder_layers=1    avg_loss: 0.000001276664  time_per_window : 0.000227   progress : 0.568
name: models.architecture.block_type=attention
training.mode=gml_rollout
models.out_dim=10
models.architecture.n_encoder_layers=1
models.architecture.n_decoder_layers=1    avg_loss: 0.000001276641  time_per_window : 0.000205   progress : 0.579
name: models.architecture.block_type=attention
training.mode=gml_rollout
models.out_dim=10
models.architecture.n_encoder_layers=1
models.architecture.n_decoder_layers=1    avg_loss: 0.000001448895  time_per_window : 0.000201   progress : 0.590
name: models.architecture.block_type=attention
training.mode=gml_rollout
models.out_dim=10
models.architecture.n_encoder_layers=1
models.architecture.n_decoder_layers=1    avg_loss: 0.000001331062  time_per_window : 0.000199   progress : 0.601
name: models.architecture.block_type=attention
training.mode=gml_rollout
models.out_dim=10
models.architecture.n_encoder_layers=1
models.architecture.n_decoder_layers=1    avg_loss: 0.000001270593  time_per_window : 0.000270   progress : 0.612
name: models.architecture.block_type=attention
training.mode=gml_rollout
models.out_dim=10
models.architecture.n_encoder_layers=1
models.architecture.n_decoder_layers=1    avg_loss: 0.000001405877  time_per_window : 0.000243   progress : 0.623
name: models.architecture.block_type=attention
training.mode=gml_rollout
models.out_dim=10
models.architecture.n_encoder_layers=1
models.architecture.n_decoder_layers=1    avg_loss: 0.000001386762  time_per_window : 0.000255   progress : 0.634
name: models.architecture.block_type=attention
training.mode=gml_rollout
models.out_dim=10
models.architecture.n_encoder_layers=1
models.architecture.n_decoder_layers=1    avg_loss: 0.000001124691  time_per_window : 0.000211   progress : 0.644
name: models.architecture.block_type=attention
training.mode=gml_rollout
models.out_dim=10
models.architecture.n_encoder_layers=1
models.architecture.n_decoder_layers=1    avg_loss: 0.000001258293  time_per_window : 0.000198   progress : 0.655
name: models.architecture.block_type=attention
training.mode=gml_rollout
models.out_dim=10
models.architecture.n_encoder_layers=1
models.architecture.n_decoder_layers=1    avg_loss: 0.000001213703  time_per_window : 0.000210   progress : 0.666
name: models.architecture.block_type=attention
training.mode=gml_rollout
models.out_dim=10
models.architecture.n_encoder_layers=1
models.architecture.n_decoder_layers=1    avg_loss: 0.000001260953  time_per_window : 0.000212   progress : 0.677
name: models.architecture.block_type=attention
training.mode=gml_rollout
models.out_dim=10
models.architecture.n_encoder_layers=1
models.architecture.n_decoder_layers=1    avg_loss: 0.000001203538  time_per_window : 0.000250   progress : 0.688
name: models.architecture.block_type=attention
training.mode=gml_rollout
models.out_dim=10
models.architecture.n_encoder_layers=1
models.architecture.n_decoder_layers=1    avg_loss: 0.000001128648  time_per_window : 0.000213   progress : 0.699
name: models.architecture.block_type=attention
training.mode=gml_rollout
models.out_dim=10
models.architecture.n_encoder_layers=1
models.architecture.n_decoder_layers=1    avg_loss: 0.000001149438  time_per_window : 0.000214   progress : 0.710
name: models.architecture.block_type=attention
training.mode=gml_rollout
models.out_dim=10
models.architecture.n_encoder_layers=1
models.architecture.n_decoder_layers=1    avg_loss: 0.000001243425  time_per_window : 0.000228   progress : 0.721
name: models.architecture.block_type=attention
training.mode=gml_rollout
models.out_dim=10
models.architecture.n_encoder_layers=1
models.architecture.n_decoder_layers=1    avg_loss: 0.000001154926  time_per_window : 0.000267   progress : 0.732
name: models.architecture.block_type=attention
training.mode=gml_rollout
models.out_dim=10
models.architecture.n_encoder_layers=1
models.architecture.n_decoder_layers=1    avg_loss: 0.000001146676  time_per_window : 0.000209   progress : 0.743
name: models.architecture.block_type=attention
training.mode=gml_rollout
models.out_dim=10
models.architecture.n_encoder_layers=1
models.architecture.n_decoder_layers=1    avg_loss: 0.000000971072  time_per_window : 0.000273   progress : 0.754
name: models.architecture.block_type=attention
training.mode=gml_rollout
models.out_dim=10
models.architecture.n_encoder_layers=1
models.architecture.n_decoder_layers=1    avg_loss: 0.000001093394  time_per_window : 0.000241   progress : 0.765
name: models.architecture.block_type=attention
training.mode=gml_rollout
models.out_dim=10
models.architecture.n_encoder_layers=1
models.architecture.n_decoder_layers=1    avg_loss: 0.000001104167  time_per_window : 0.000205   progress : 0.775
name: models.architecture.block_type=attention
training.mode=gml_rollout
models.out_dim=10
models.architecture.n_encoder_layers=1
models.architecture.n_decoder_layers=1    avg_loss: 0.000000984529  time_per_window : 0.000215   progress : 0.786
name: models.architecture.block_type=attention
training.mode=gml_rollout
models.out_dim=10
models.architecture.n_encoder_layers=1
models.architecture.n_decoder_layers=1    avg_loss: 0.000001076709  time_per_window : 0.000247   progress : 0.797
name: models.architecture.block_type=attention
training.mode=gml_rollout
models.out_dim=10
models.architecture.n_encoder_layers=1
models.architecture.n_decoder_layers=1    avg_loss: 0.000001144594  time_per_window : 0.000203   progress : 0.808
name: models.architecture.block_type=attention
training.mode=gml_rollout
models.out_dim=10
models.architecture.n_encoder_layers=1
models.architecture.n_decoder_layers=1    avg_loss: 0.000001046881  time_per_window : 0.000187   progress : 0.819
name: models.architecture.block_type=attention
training.mode=gml_rollout
models.out_dim=10
models.architecture.n_encoder_layers=1
models.architecture.n_decoder_layers=1    avg_loss: 0.000001051637  time_per_window : 0.000197   progress : 0.830
name: models.architecture.block_type=attention
training.mode=gml_rollout
models.out_dim=10
models.architecture.n_encoder_layers=1
models.architecture.n_decoder_layers=1    avg_loss: 0.000001018219  time_per_window : 0.000243   progress : 0.841
name: models.architecture.block_type=attention
training.mode=gml_rollout
models.out_dim=10
models.architecture.n_encoder_layers=1
models.architecture.n_decoder_layers=1    avg_loss: 0.000000759761  time_per_window : 0.000310   progress : 0.852
name: models.architecture.block_type=attention
training.mode=gml_rollout
models.out_dim=10
models.architecture.n_encoder_layers=1
models.architecture.n_decoder_layers=1    avg_loss: 0.000001058828  time_per_window : 0.000215   progress : 0.863
name: models.architecture.block_type=attention
training.mode=gml_rollout
models.out_dim=10
models.architecture.n_encoder_layers=1
models.architecture.n_decoder_layers=1    avg_loss: 0.000001072325  time_per_window : 0.000187   progress : 0.874
name: models.architecture.block_type=attention
training.mode=gml_rollout
models.out_dim=10
models.architecture.n_encoder_layers=1
models.architecture.n_decoder_layers=1    avg_loss: 0.000000840051  time_per_window : 0.000258   progress : 0.885
name: models.architecture.block_type=attention
training.mode=gml_rollout
models.out_dim=10
models.architecture.n_encoder_layers=1
models.architecture.n_decoder_layers=1    avg_loss: 0.000000986958  time_per_window : 0.000239   progress : 0.896
name: models.architecture.block_type=attention
training.mode=gml_rollout
models.out_dim=10
models.architecture.n_encoder_layers=1
models.architecture.n_decoder_layers=1    avg_loss: 0.000000818147  time_per_window : 0.000235   progress : 0.907
name: models.architecture.block_type=attention
training.mode=gml_rollout
models.out_dim=10
models.architecture.n_encoder_layers=1
models.architecture.n_decoder_layers=1    avg_loss: 0.000001029816  time_per_window : 0.000189   progress : 0.917
name: models.architecture.block_type=attention
training.mode=gml_rollout
models.out_dim=10
models.architecture.n_encoder_layers=1
models.architecture.n_decoder_layers=1    avg_loss: 0.000000859693  time_per_window : 0.000259   progress : 0.928
name: models.architecture.block_type=attention
training.mode=gml_rollout
models.out_dim=10
models.architecture.n_encoder_layers=1
models.architecture.n_decoder_layers=1    avg_loss: 0.000000887973  time_per_window : 0.000201   progress : 0.939
name: models.architecture.block_type=attention
training.mode=gml_rollout
models.out_dim=10
models.architecture.n_encoder_layers=1
models.architecture.n_decoder_layers=1    avg_loss: 0.000000903351  time_per_window : 0.000262   progress : 0.950
name: models.architecture.block_type=attention
training.mode=gml_rollout
models.out_dim=10
models.architecture.n_encoder_layers=1
models.architecture.n_decoder_layers=1    avg_loss: 0.000001014496  time_per_window : 0.000217   progress : 0.961
name: models.architecture.block_type=attention
training.mode=gml_rollout
models.out_dim=10
models.architecture.n_encoder_layers=1
models.architecture.n_decoder_layers=1    avg_loss: 0.000000777046  time_per_window : 0.000265   progress : 0.972
name: models.architecture.block_type=attention
training.mode=gml_rollout
models.out_dim=10
models.architecture.n_encoder_layers=1
models.architecture.n_decoder_layers=1    avg_loss: 0.000000767000  time_per_window : 0.000232   progress : 0.983
name: models.architecture.block_type=attention
training.mode=gml_rollout
models.out_dim=10
models.architecture.n_encoder_layers=1
models.architecture.n_decoder_layers=1    avg_loss: 0.000000852757  time_per_window : 0.000238   progress : 0.994
name: models.architecture.block_type=attention
training.mode=gml_rollout
models.out_dim=10
models.architecture.n_encoder_layers=1
models.architecture.n_decoder_layers=1    avg_loss: 0.000512326485  time_per_window : 0.000257   progress : 0.011
name: models.architecture.block_type=attention
training.mode=gml_rollout
models.out_dim=10
models.architecture.n_encoder_layers=1
models.architecture.n_decoder_layers=1    avg_loss: 0.000000740593  time_per_window : 0.000213   progress : 0.022
name: models.architecture.block_type=attention
training.mode=gml_rollout
models.out_dim=10
models.architecture.n_encoder_layers=1
models.architecture.n_decoder_layers=1    avg_loss: 0.000000769990  time_per_window : 0.000271   progress : 0.033
name: models.architecture.block_type=attention
training.mode=gml_rollout
models.out_dim=10
models.architecture.n_encoder_layers=1
models.architecture.n_decoder_layers=1    avg_loss: 0.000000753199  time_per_window : 0.000220   progress : 0.044
name: models.architecture.block_type=attention
training.mode=gml_rollout
models.out_dim=10
models.architecture.n_encoder_layers=1
models.architecture.n_decoder_layers=1    avg_loss: 0.000000814802  time_per_window : 0.000286   progress : 0.055
name: models.architecture.block_type=attention
training.mode=gml_rollout
models.out_dim=10
models.architecture.n_encoder_layers=1
models.architecture.n_decoder_layers=1    avg_loss: 0.000000742248  time_per_window : 0.000228   progress : 0.066
name: models.architecture.block_type=attention
training.mode=gml_rollout
models.out_dim=10
models.architecture.n_encoder_layers=1
models.architecture.n_decoder_layers=1    avg_loss: 0.000000693146  time_per_window : 0.000227   progress : 0.076
name: models.architecture.block_type=attention
training.mode=gml_rollout
models.out_dim=10
models.architecture.n_encoder_layers=1
models.architecture.n_decoder_layers=1    avg_loss: 0.000000638562  time_per_window : 0.000240   progress : 0.087
name: models.architecture.block_type=attention
training.mode=gml_rollout
models.out_dim=10
models.architecture.n_encoder_layers=1
models.architecture.n_decoder_layers=1    avg_loss: 0.000000571019  time_per_window : 0.000250   progress : 0.098
name: models.architecture.block_type=attention
training.mode=gml_rollout
models.out_dim=10
models.architecture.n_encoder_layers=1
models.architecture.n_decoder_layers=1    avg_loss: 0.000000579029  time_per_window : 0.000224   progress : 0.109
name: models.architecture.block_type=attention
training.mode=gml_rollout
models.out_dim=10
models.architecture.n_encoder_layers=1
models.architecture.n_decoder_layers=1    avg_loss: 0.000000544840  time_per_window : 0.000203   progress : 0.120
name: models.architecture.block_type=attention
training.mode=gml_rollout
models.out_dim=10
models.architecture.n_encoder_layers=1
models.architecture.n_decoder_layers=1    avg_loss: 0.000000436142  time_per_window : 0.000247   progress : 0.131
name: models.architecture.block_type=attention
training.mode=gml_rollout
models.out_dim=10
models.architecture.n_encoder_layers=1
models.architecture.n_decoder_layers=1    avg_loss: 0.000000481329  time_per_window : 0.000221   progress : 0.142
name: models.architecture.block_type=attention
training.mode=gml_rollout
models.out_dim=10
models.architecture.n_encoder_layers=1
models.architecture.n_decoder_layers=1    avg_loss: 0.000000557279  time_per_window : 0.000204   progress : 0.153
name: models.architecture.block_type=attention
training.mode=gml_rollout
models.out_dim=10
models.architecture.n_encoder_layers=1
models.architecture.n_decoder_layers=1    avg_loss: 0.000000499165  time_per_window : 0.000243   progress : 0.164
name: models.architecture.block_type=attention
training.mode=gml_rollout
models.out_dim=10
models.architecture.n_encoder_layers=1
models.architecture.n_decoder_layers=1    avg_loss: 0.000000776166  time_per_window : 0.000221   progress : 0.175
name: models.architecture.block_type=attention
training.mode=gml_rollout
models.out_dim=10
models.architecture.n_encoder_layers=1
models.architecture.n_decoder_layers=1    avg_loss: 0.000000798814  time_per_window : 0.000245   progress : 0.186
name: models.architecture.block_type=attention
training.mode=gml_rollout
models.out_dim=10
models.architecture.n_encoder_layers=1
models.architecture.n_decoder_layers=1    avg_loss: 0.000002430576  time_per_window : 0.000263   progress : 0.197
name: models.architecture.block_type=attention
training.mode=gml_rollout
models.out_dim=10
models.architecture.n_encoder_layers=1
models.architecture.n_decoder_layers=1    avg_loss: 0.000000700370  time_per_window : 0.000226   progress : 0.208
name: models.architecture.block_type=attention
training.mode=gml_rollout
models.out_dim=10
models.architecture.n_encoder_layers=1
models.architecture.n_decoder_layers=1    avg_loss: 0.000000790277  time_per_window : 0.000224   progress : 0.218
name: models.architecture.block_type=attention
training.mode=gml_rollout
models.out_dim=10
models.architecture.n_encoder_layers=1
models.architecture.n_decoder_layers=1    avg_loss: 0.000001116406  time_per_window : 0.000239   progress : 0.229
name: models.architecture.block_type=attention
training.mode=gml_rollout
models.out_dim=10
models.architecture.n_encoder_layers=1
models.architecture.n_decoder_layers=1    avg_loss: 0.000002276034  time_per_window : 0.000249   progress : 0.240
name: models.architecture.block_type=attention
training.mode=gml_rollout
models.out_dim=10
models.architecture.n_encoder_layers=1
models.architecture.n_decoder_layers=1    avg_loss: 0.000001796515  time_per_window : 0.000229   progress : 0.251
name: models.architecture.block_type=attention
training.mode=gml_rollout
models.out_dim=10
models.architecture.n_encoder_layers=1
models.architecture.n_decoder_layers=1    avg_loss: 0.000001458753  time_per_window : 0.000287   progress : 0.262
name: models.architecture.block_type=attention
training.mode=gml_rollout
models.out_dim=10
models.architecture.n_encoder_layers=1
models.architecture.n_decoder_layers=1    avg_loss: 0.000001460146  time_per_window : 0.000222   progress : 0.273
name: models.architecture.block_type=attention
training.mode=gml_rollout
models.out_dim=10
models.architecture.n_encoder_layers=1
models.architecture.n_decoder_layers=1    avg_loss: 0.000001629615  time_per_window : 0.000232   progress : 0.284
name: models.architecture.block_type=attention
training.mode=gml_rollout
models.out_dim=10
models.architecture.n_encoder_layers=1
models.architecture.n_decoder_layers=1    avg_loss: 0.000002706805  time_per_window : 0.000258   progress : 0.295
name: models.architecture.block_type=attention
training.mode=gml_rollout
models.out_dim=10
models.architecture.n_encoder_layers=1
models.architecture.n_decoder_layers=1    avg_loss: 0.000001162444  time_per_window : 0.000195   progress : 0.306
name: models.architecture.block_type=attention
training.mode=gml_rollout
models.out_dim=10
models.architecture.n_encoder_layers=1
models.architecture.n_decoder_layers=1    avg_loss: 0.000004168687  time_per_window : 0.000238   progress : 0.317
name: models.architecture.block_type=attention
training.mode=gml_rollout
models.out_dim=10
models.architecture.n_encoder_layers=1
models.architecture.n_decoder_layers=1    avg_loss: 0.000000738422  time_per_window : 0.000182   progress : 0.328
name: models.architecture.block_type=attention
training.mode=gml_rollout
models.out_dim=10
models.architecture.n_encoder_layers=1
models.architecture.n_decoder_layers=1    avg_loss: 0.000002308136  time_per_window : 0.000247   progress : 0.339
name: models.architecture.block_type=attention
training.mode=gml_rollout
models.out_dim=10
models.architecture.n_encoder_layers=1
models.architecture.n_decoder_layers=1    avg_loss: 0.000000991390  time_per_window : 0.000206   progress : 0.350
name: models.architecture.block_type=attention
training.mode=gml_rollout
models.out_dim=10
models.architecture.n_encoder_layers=1
models.architecture.n_decoder_layers=1    avg_loss: 0.000004039773  time_per_window : 0.000206   progress : 0.360
name: models.architecture.block_type=attention
training.mode=gml_rollout
models.out_dim=10
models.architecture.n_encoder_layers=1
models.architecture.n_decoder_layers=1    avg_loss: 0.000001663456  time_per_window : 0.000202   progress : 0.371
name: models.architecture.block_type=attention
training.mode=gml_rollout
models.out_dim=10
models.architecture.n_encoder_layers=1
models.architecture.n_decoder_layers=1    avg_loss: 0.000002088785  time_per_window : 0.000208   progress : 0.382
name: models.architecture.block_type=attention
training.mode=gml_rollout
models.out_dim=10
models.architecture.n_encoder_layers=1
models.architecture.n_decoder_layers=1    avg_loss: 0.000001187668  time_per_window : 0.000221   progress : 0.393
name: models.architecture.block_type=attention
training.mode=gml_rollout
models.out_dim=10
models.architecture.n_encoder_layers=1
models.architecture.n_decoder_layers=1    avg_loss: 0.000002307199  time_per_window : 0.000206   progress : 0.404
name: models.architecture.block_type=attention
training.mode=gml_rollout
models.out_dim=10
models.architecture.n_encoder_layers=1
models.architecture.n_decoder_layers=1    avg_loss: 0.000001403536  time_per_window : 0.000206   progress : 0.415
name: models.architecture.block_type=attention
training.mode=gml_rollout
models.out_dim=10
models.architecture.n_encoder_layers=1
models.architecture.n_decoder_layers=1    avg_loss: 0.000001980204  time_per_window : 0.000203   progress : 0.426
name: models.architecture.block_type=attention
training.mode=gml_rollout
models.out_dim=10
models.architecture.n_encoder_layers=1
models.architecture.n_decoder_layers=1    avg_loss: 0.000002726284  time_per_window : 0.000215   progress : 0.437
name: models.architecture.block_type=attention
training.mode=gml_rollout
models.out_dim=10
models.architecture.n_encoder_layers=1
models.architecture.n_decoder_layers=1    avg_loss: 0.000001911502  time_per_window : 0.000207   progress : 0.448
name: models.architecture.block_type=attention
training.mode=gml_rollout
models.out_dim=10
models.architecture.n_encoder_layers=1
models.architecture.n_decoder_layers=1    avg_loss: 0.000003027288  time_per_window : 0.000205   progress : 0.459
name: models.architecture.block_type=attention
training.mode=gml_rollout
models.out_dim=10
models.architecture.n_encoder_layers=1
models.architecture.n_decoder_layers=1    avg_loss: 0.000001816249  time_per_window : 0.000217   progress : 0.470
name: models.architecture.block_type=attention
training.mode=gml_rollout
models.out_dim=10
models.architecture.n_encoder_layers=1
models.architecture.n_decoder_layers=1    avg_loss: 0.000001347795  time_per_window : 0.000245   progress : 0.481
name: models.architecture.block_type=attention
training.mode=gml_rollout
models.out_dim=10
models.architecture.n_encoder_layers=1
models.architecture.n_decoder_layers=1    avg_loss: 0.000001531464  time_per_window : 0.000239   progress : 0.492
name: models.architecture.block_type=attention
training.mode=gml_rollout
models.out_dim=10
models.architecture.n_encoder_layers=1
models.architecture.n_decoder_layers=1    avg_loss: 0.000001460234  time_per_window : 0.000220   progress : 0.502
name: models.architecture.block_type=attention
training.mode=gml_rollout
models.out_dim=10
models.architecture.n_encoder_layers=1
models.architecture.n_decoder_layers=1    avg_loss: 0.000002252448  time_per_window : 0.000216   progress : 0.513
name: models.architecture.block_type=attention
training.mode=gml_rollout
models.out_dim=10
models.architecture.n_encoder_layers=1
models.architecture.n_decoder_layers=1    avg_loss: 0.000001862125  time_per_window : 0.000228   progress : 0.524
name: models.architecture.block_type=attention
training.mode=gml_rollout
models.out_dim=10
models.architecture.n_encoder_layers=1
models.architecture.n_decoder_layers=1    avg_loss: 0.000002304912  time_per_window : 0.000245   progress : 0.535
name: models.architecture.block_type=attention
training.mode=gml_rollout
models.out_dim=10
models.architecture.n_encoder_layers=1
models.architecture.n_decoder_layers=1    avg_loss: 0.000001279346  time_per_window : 0.000237   progress : 0.546
name: models.architecture.block_type=attention
training.mode=gml_rollout
models.out_dim=10
models.architecture.n_encoder_layers=1
models.architecture.n_decoder_layers=1    avg_loss: 0.000001144708  time_per_window : 0.000255   progress : 0.557
name: models.architecture.block_type=attention
training.mode=gml_rollout
models.out_dim=10
models.architecture.n_encoder_layers=1
models.architecture.n_decoder_layers=1    avg_loss: 0.000001856790  time_per_window : 0.000251   progress : 0.568
name: models.architecture.block_type=attention
training.mode=gml_rollout
models.out_dim=10
models.architecture.n_encoder_layers=1
models.architecture.n_decoder_layers=1    avg_loss: 0.000001938322  time_per_window : 0.000209   progress : 0.579
name: models.architecture.block_type=attention
training.mode=gml_rollout
models.out_dim=10
models.architecture.n_encoder_layers=1
models.architecture.n_decoder_layers=1    avg_loss: 0.000001708299  time_per_window : 0.000238   progress : 0.590
name: models.architecture.block_type=attention
training.mode=gml_rollout
models.out_dim=10
models.architecture.n_encoder_layers=1
models.architecture.n_decoder_layers=1    avg_loss: 0.000002096077  time_per_window : 0.000186   progress : 0.601
name: models.architecture.block_type=attention
training.mode=gml_rollout
models.out_dim=10
models.architecture.n_encoder_layers=1
models.architecture.n_decoder_layers=1    avg_loss: 0.000002216067  time_per_window : 0.000272   progress : 0.612
name: models.architecture.block_type=attention
training.mode=gml_rollout
models.out_dim=10
models.architecture.n_encoder_layers=1
models.architecture.n_decoder_layers=1    avg_loss: 0.000001292124  time_per_window : 0.000214   progress : 0.623
name: models.architecture.block_type=attention
training.mode=gml_rollout
models.out_dim=10
models.architecture.n_encoder_layers=1
models.architecture.n_decoder_layers=1    avg_loss: 0.000002017623  time_per_window : 0.000234   progress : 0.634
name: models.architecture.block_type=attention
training.mode=gml_rollout
models.out_dim=10
models.architecture.n_encoder_layers=1
models.architecture.n_decoder_layers=1    avg_loss: 0.000001866896  time_per_window : 0.000222   progress : 0.644
name: models.architecture.block_type=attention
training.mode=gml_rollout
models.out_dim=10
models.architecture.n_encoder_layers=1
models.architecture.n_decoder_layers=1    avg_loss: 0.000000682545  time_per_window : 0.000238   progress : 0.655
name: models.architecture.block_type=attention
training.mode=gml_rollout
models.out_dim=10
models.architecture.n_encoder_layers=1
models.architecture.n_decoder_layers=1    avg_loss: 0.000002398414  time_per_window : 0.000247   progress : 0.666
name: models.architecture.block_type=attention
training.mode=gml_rollout
models.out_dim=10
models.architecture.n_encoder_layers=1
models.architecture.n_decoder_layers=1    avg_loss: 0.000001452613  time_per_window : 0.000307   progress : 0.677
name: models.architecture.block_type=attention
training.mode=gml_rollout
models.out_dim=10
models.architecture.n_encoder_layers=1
models.architecture.n_decoder_layers=1    avg_loss: 0.000001395916  time_per_window : 0.000272   progress : 0.688
name: models.architecture.block_type=attention
training.mode=gml_rollout
models.out_dim=10
models.architecture.n_encoder_layers=1
models.architecture.n_decoder_layers=1    avg_loss: 0.000001390190  time_per_window : 0.000197   progress : 0.699
name: models.architecture.block_type=attention
training.mode=gml_rollout
models.out_dim=10
models.architecture.n_encoder_layers=1
models.architecture.n_decoder_layers=1    avg_loss: 0.000001622526  time_per_window : 0.000250   progress : 0.710
name: models.architecture.block_type=attention
training.mode=gml_rollout
models.out_dim=10
models.architecture.n_encoder_layers=1
models.architecture.n_decoder_layers=1    avg_loss: 0.000001369644  time_per_window : 0.000275   progress : 0.721
name: models.architecture.block_type=attention
training.mode=gml_rollout
models.out_dim=10
models.architecture.n_encoder_layers=1
models.architecture.n_decoder_layers=1    avg_loss: 0.000001042031  time_per_window : 0.000261   progress : 0.732
name: models.architecture.block_type=attention
training.mode=gml_rollout
models.out_dim=10
models.architecture.n_encoder_layers=1
models.architecture.n_decoder_layers=1    avg_loss: 0.000001950388  time_per_window : 0.000230   progress : 0.743
name: models.architecture.block_type=attention
training.mode=gml_rollout
models.out_dim=10
models.architecture.n_encoder_layers=1
models.architecture.n_decoder_layers=1    avg_loss: 0.000000874493  time_per_window : 0.000223   progress : 0.754
name: models.architecture.block_type=attention
training.mode=gml_rollout
models.out_dim=10
models.architecture.n_encoder_layers=1
models.architecture.n_decoder_layers=1    avg_loss: 0.000001972123  time_per_window : 0.000232   progress : 0.765
name: models.architecture.block_type=attention
training.mode=gml_rollout
models.out_dim=10
models.architecture.n_encoder_layers=1
models.architecture.n_decoder_layers=1    avg_loss: 0.000001556503  time_per_window : 0.000224   progress : 0.775
name: models.architecture.block_type=attention
training.mode=gml_rollout
models.out_dim=10
models.architecture.n_encoder_layers=1
models.architecture.n_decoder_layers=1    avg_loss: 0.000001246461  time_per_window : 0.000226   progress : 0.786
name: models.architecture.block_type=attention
training.mode=gml_rollout
models.out_dim=10
models.architecture.n_encoder_layers=1
models.architecture.n_decoder_layers=1    avg_loss: 0.000001411182  time_per_window : 0.000294   progress : 0.797
name: models.architecture.block_type=attention
training.mode=gml_rollout
models.out_dim=10
models.architecture.n_encoder_layers=1
models.architecture.n_decoder_layers=1    avg_loss: 0.000001092844  time_per_window : 0.000224   progress : 0.808
name: models.architecture.block_type=attention
training.mode=gml_rollout
models.out_dim=10
models.architecture.n_encoder_layers=1
models.architecture.n_decoder_layers=1    avg_loss: 0.000000962258  time_per_window : 0.000294   progress : 0.819
name: models.architecture.block_type=attention
training.mode=gml_rollout
models.out_dim=10
models.architecture.n_encoder_layers=1
models.architecture.n_decoder_layers=1    avg_loss: 0.000000970166  time_per_window : 0.000210   progress : 0.830
name: models.architecture.block_type=attention
training.mode=gml_rollout
models.out_dim=10
models.architecture.n_encoder_layers=1
models.architecture.n_decoder_layers=1    avg_loss: 0.000003030463  time_per_window : 0.000210   progress : 0.841
name: models.architecture.block_type=attention
training.mode=gml_rollout
models.out_dim=10
models.architecture.n_encoder_layers=1
models.architecture.n_decoder_layers=1    avg_loss: 0.000000689629  time_per_window : 0.000224   progress : 0.852
name: models.architecture.block_type=attention
training.mode=gml_rollout
models.out_dim=10
models.architecture.n_encoder_layers=1
models.architecture.n_decoder_layers=1    avg_loss: 0.000001376418  time_per_window : 0.000199   progress : 0.863
name: models.architecture.block_type=attention
training.mode=gml_rollout
models.out_dim=10
models.architecture.n_encoder_layers=1
models.architecture.n_decoder_layers=1    avg_loss: 0.000000845722  time_per_window : 0.000205   progress : 0.874
name: models.architecture.block_type=attention
training.mode=gml_rollout
models.out_dim=10
models.architecture.n_encoder_layers=1
models.architecture.n_decoder_layers=1    avg_loss: 0.000002154285  time_per_window : 0.000219   progress : 0.885
name: models.architecture.block_type=attention
training.mode=gml_rollout
models.out_dim=10
models.architecture.n_encoder_layers=1
models.architecture.n_decoder_layers=1    avg_loss: 0.000002996255  time_per_window : 0.000216   progress : 0.896
name: models.architecture.block_type=attention
training.mode=gml_rollout
models.out_dim=10
models.architecture.n_encoder_layers=1
models.architecture.n_decoder_layers=1    avg_loss: 0.000000468989  time_per_window : 0.000243   progress : 0.907
name: models.architecture.block_type=attention
training.mode=gml_rollout
models.out_dim=10
models.architecture.n_encoder_layers=1
models.architecture.n_decoder_layers=1    avg_loss: 0.000000851749  time_per_window : 0.000216   progress : 0.917
name: models.architecture.block_type=attention
training.mode=gml_rollout
models.out_dim=10
models.architecture.n_encoder_layers=1
models.architecture.n_decoder_layers=1    avg_loss: 0.000000736955  time_per_window : 0.000246   progress : 0.928
name: models.architecture.block_type=attention
training.mode=gml_rollout
models.out_dim=10
models.architecture.n_encoder_layers=1
models.architecture.n_decoder_layers=1    avg_loss: 0.000001567598  time_per_window : 0.000204   progress : 0.939
name: models.architecture.block_type=attention
training.mode=gml_rollout
models.out_dim=10
models.architecture.n_encoder_layers=1
models.architecture.n_decoder_layers=1    avg_loss: 0.000001828869  time_per_window : 0.000236   progress : 0.950
name: models.architecture.block_type=attention
training.mode=gml_rollout
models.out_dim=10
models.architecture.n_encoder_layers=1
models.architecture.n_decoder_layers=1    avg_loss: 0.000000664447  time_per_window : 0.000208   progress : 0.961
name: models.architecture.block_type=attention
training.mode=gml_rollout
models.out_dim=10
models.architecture.n_encoder_layers=1
models.architecture.n_decoder_layers=1    avg_loss: 0.000001527888  time_per_window : 0.000234   progress : 0.972
name: models.architecture.block_type=attention
training.mode=gml_rollout
models.out_dim=10
models.architecture.n_encoder_layers=1
models.architecture.n_decoder_layers=1    avg_loss: 0.000000803551  time_per_window : 0.000209   progress : 0.983
name: models.architecture.block_type=attention
training.mode=gml_rollout
models.out_dim=10
models.architecture.n_encoder_layers=1
models.architecture.n_decoder_layers=1    avg_loss: 0.000001690660  time_per_window : 0.000158   progress : 0.994
name: models.architecture.block_type=attention
training.mode=gml_rollout
models.out_dim=10
models.architecture.n_encoder_layers=1
models.architecture.n_decoder_layers=1    avg_loss: 0.001840148005  time_per_window : 0.000250   progress : 0.011
name: models.architecture.block_type=attention
training.mode=gml_rollout
models.out_dim=10
models.architecture.n_encoder_layers=1
models.architecture.n_decoder_layers=1    avg_loss: 0.000009358429  time_per_window : 0.000235   progress : 0.022
name: models.architecture.block_type=attention
training.mode=gml_rollout
models.out_dim=10
models.architecture.n_encoder_layers=1
models.architecture.n_decoder_layers=1    avg_loss: 0.000009496880  time_per_window : 0.000220   progress : 0.033
name: models.architecture.block_type=attention
training.mode=gml_rollout
models.out_dim=10
models.architecture.n_encoder_layers=1
models.architecture.n_decoder_layers=1    avg_loss: 0.000009162298  time_per_window : 0.000211   progress : 0.044
name: models.architecture.block_type=attention
training.mode=gml_rollout
models.out_dim=10
models.architecture.n_encoder_layers=1
models.architecture.n_decoder_layers=1    avg_loss: 0.000007978507  time_per_window : 0.000211   progress : 0.055
name: models.architecture.block_type=attention
training.mode=gml_rollout
models.out_dim=10
models.architecture.n_encoder_layers=1
models.architecture.n_decoder_layers=1    avg_loss: 0.000006560736  time_per_window : 0.000240   progress : 0.066
name: models.architecture.block_type=attention
training.mode=gml_rollout
models.out_dim=10
models.architecture.n_encoder_layers=1
models.architecture.n_decoder_layers=1    avg_loss: 0.000005784818  time_per_window : 0.000247   progress : 0.076
name: models.architecture.block_type=attention
training.mode=gml_rollout
models.out_dim=10
models.architecture.n_encoder_layers=1
models.architecture.n_decoder_layers=1    avg_loss: 0.000004756747  time_per_window : 0.000188   progress : 0.087
name: models.architecture.block_type=attention
training.mode=gml_rollout
models.out_dim=10
models.architecture.n_encoder_layers=1
models.architecture.n_decoder_layers=1    avg_loss: 0.000004268941  time_per_window : 0.000214   progress : 0.098
name: models.architecture.block_type=attention
training.mode=gml_rollout
models.out_dim=10
models.architecture.n_encoder_layers=1
models.architecture.n_decoder_layers=1    avg_loss: 0.000003824589  time_per_window : 0.000208   progress : 0.109
name: models.architecture.block_type=attention
training.mode=gml_rollout
models.out_dim=10
models.architecture.n_encoder_layers=1
models.architecture.n_decoder_layers=1    avg_loss: 0.000002934475  time_per_window : 0.000211   progress : 0.120
name: models.architecture.block_type=attention
training.mode=gml_rollout
models.out_dim=10
models.architecture.n_encoder_layers=1
models.architecture.n_decoder_layers=1    avg_loss: 0.000002878377  time_per_window : 0.000289   progress : 0.131
name: models.architecture.block_type=attention
training.mode=gml_rollout
models.out_dim=10
models.architecture.n_encoder_layers=1
models.architecture.n_decoder_layers=1    avg_loss: 0.000004183428  time_per_window : 0.000212   progress : 0.142
name: models.architecture.block_type=attention
training.mode=gml_rollout
models.out_dim=10
models.architecture.n_encoder_layers=1
models.architecture.n_decoder_layers=1    avg_loss: 0.000002835645  time_per_window : 0.000282   progress : 0.153
name: models.architecture.block_type=attention
training.mode=gml_rollout
models.out_dim=10
models.architecture.n_encoder_layers=1
models.architecture.n_decoder_layers=1    avg_loss: 0.000003106381  time_per_window : 0.000227   progress : 0.164
name: models.architecture.block_type=attention
training.mode=gml_rollout
models.out_dim=10
models.architecture.n_encoder_layers=1
models.architecture.n_decoder_layers=1    avg_loss: 0.000002889668  time_per_window : 0.000236   progress : 0.175
name: models.architecture.block_type=attention
training.mode=gml_rollout
models.out_dim=10
models.architecture.n_encoder_layers=1
models.architecture.n_decoder_layers=1    avg_loss: 0.000003340007  time_per_window : 0.000228   progress : 0.186
name: models.architecture.block_type=attention
training.mode=gml_rollout
models.out_dim=10
models.architecture.n_encoder_layers=1
models.architecture.n_decoder_layers=1    avg_loss: 0.000004576940  time_per_window : 0.000213   progress : 0.197
name: models.architecture.block_type=attention
training.mode=gml_rollout
models.out_dim=10
models.architecture.n_encoder_layers=1
models.architecture.n_decoder_layers=1    avg_loss: 0.000005871525  time_per_window : 0.000297   progress : 0.208
name: models.architecture.block_type=attention
training.mode=gml_rollout
models.out_dim=10
models.architecture.n_encoder_layers=1
models.architecture.n_decoder_layers=1    avg_loss: 0.000004475634  time_per_window : 0.000198   progress : 0.218
name: models.architecture.block_type=attention
training.mode=gml_rollout
models.out_dim=10
models.architecture.n_encoder_layers=1
models.architecture.n_decoder_layers=1    avg_loss: 0.000004828349  time_per_window : 0.000235   progress : 0.229
name: models.architecture.block_type=attention
training.mode=gml_rollout
models.out_dim=10
models.architecture.n_encoder_layers=1
models.architecture.n_decoder_layers=1    avg_loss: 0.000004531423  time_per_window : 0.000251   progress : 0.240
name: models.architecture.block_type=attention
training.mode=gml_rollout
models.out_dim=10
models.architecture.n_encoder_layers=1
models.architecture.n_decoder_layers=1    avg_loss: 0.000007911823  time_per_window : 0.000224   progress : 0.251
name: models.architecture.block_type=attention
training.mode=gml_rollout
models.out_dim=10
models.architecture.n_encoder_layers=1
models.architecture.n_decoder_layers=1    avg_loss: 0.000006073302  time_per_window : 0.000268   progress : 0.262
name: models.architecture.block_type=attention
training.mode=gml_rollout
models.out_dim=10
models.architecture.n_encoder_layers=1
models.architecture.n_decoder_layers=1    avg_loss: 0.000006784690  time_per_window : 0.000237   progress : 0.273
name: models.architecture.block_type=attention
training.mode=gml_rollout
models.out_dim=10
models.architecture.n_encoder_layers=1
models.architecture.n_decoder_layers=1    avg_loss: 0.000006962449  time_per_window : 0.000248   progress : 0.284
name: models.architecture.block_type=attention
training.mode=gml_rollout
models.out_dim=10
models.architecture.n_encoder_layers=1
models.architecture.n_decoder_layers=1    avg_loss: 0.000005538433  time_per_window : 0.000209   progress : 0.295
name: models.architecture.block_type=attention
training.mode=gml_rollout
models.out_dim=10
models.architecture.n_encoder_layers=1
models.architecture.n_decoder_layers=1    avg_loss: 0.000006562241  time_per_window : 0.000254   progress : 0.306
name: models.architecture.block_type=attention
training.mode=gml_rollout
models.out_dim=10
models.architecture.n_encoder_layers=1
models.architecture.n_decoder_layers=1    avg_loss: 0.000006158205  time_per_window : 0.000247   progress : 0.317
name: models.architecture.block_type=attention
training.mode=gml_rollout
models.out_dim=10
models.architecture.n_encoder_layers=1
models.architecture.n_decoder_layers=1    avg_loss: 0.000010966704  time_per_window : 0.000216   progress : 0.328
name: models.architecture.block_type=attention
training.mode=gml_rollout
models.out_dim=10
models.architecture.n_encoder_layers=1
models.architecture.n_decoder_layers=1    avg_loss: 0.000007257011  time_per_window : 0.000238   progress : 0.339
name: models.architecture.block_type=attention
training.mode=gml_rollout
models.out_dim=10
models.architecture.n_encoder_layers=1
models.architecture.n_decoder_layers=1    avg_loss: 0.000007173954  time_per_window : 0.000211   progress : 0.350
name: models.architecture.block_type=attention
training.mode=gml_rollout
models.out_dim=10
models.architecture.n_encoder_layers=1
models.architecture.n_decoder_layers=1    avg_loss: 0.000005753546  time_per_window : 0.000214   progress : 0.360
name: models.architecture.block_type=attention
training.mode=gml_rollout
models.out_dim=10
models.architecture.n_encoder_layers=1
models.architecture.n_decoder_layers=1    avg_loss: 0.000007742269  time_per_window : 0.000255   progress : 0.371
name: models.architecture.block_type=attention
training.mode=gml_rollout
models.out_dim=10
models.architecture.n_encoder_layers=1
models.architecture.n_decoder_layers=1    avg_loss: 0.000008867836  time_per_window : 0.000230   progress : 0.382
name: models.architecture.block_type=attention
training.mode=gml_rollout
models.out_dim=10
models.architecture.n_encoder_layers=1
models.architecture.n_decoder_layers=1    avg_loss: 0.000006311285  time_per_window : 0.000267   progress : 0.393
name: models.architecture.block_type=attention
training.mode=gml_rollout
models.out_dim=10
models.architecture.n_encoder_layers=1
models.architecture.n_decoder_layers=1    avg_loss: 0.000012489023  time_per_window : 0.000224   progress : 0.404
name: models.architecture.block_type=attention
training.mode=gml_rollout
models.out_dim=10
models.architecture.n_encoder_layers=1
models.architecture.n_decoder_layers=1    avg_loss: 0.000008546988  time_per_window : 0.000239   progress : 0.415
name: models.architecture.block_type=attention
training.mode=gml_rollout
models.out_dim=10
models.architecture.n_encoder_layers=1
models.architecture.n_decoder_layers=1    avg_loss: 0.000006178002  time_per_window : 0.000243   progress : 0.426
name: models.architecture.block_type=attention
training.mode=gml_rollout
models.out_dim=10
models.architecture.n_encoder_layers=1
models.architecture.n_decoder_layers=1    avg_loss: 0.000006844693  time_per_window : 0.000263   progress : 0.437
name: models.architecture.block_type=attention
training.mode=gml_rollout
models.out_dim=10
models.architecture.n_encoder_layers=1
models.architecture.n_decoder_layers=1    avg_loss: 0.000012416010  time_per_window : 0.000212   progress : 0.448
name: models.architecture.block_type=attention
training.mode=gml_rollout
models.out_dim=10
models.architecture.n_encoder_layers=1
models.architecture.n_decoder_layers=1    avg_loss: 0.000005135943  time_per_window : 0.000219   progress : 0.459
name: models.architecture.block_type=attention
training.mode=gml_rollout
models.out_dim=10
models.architecture.n_encoder_layers=1
models.architecture.n_decoder_layers=1    avg_loss: 0.000008748621  time_per_window : 0.000193   progress : 0.470
name: models.architecture.block_type=attention
training.mode=gml_rollout
models.out_dim=10
models.architecture.n_encoder_layers=1
models.architecture.n_decoder_layers=1    avg_loss: 0.000009511506  time_per_window : 0.000226   progress : 0.481
name: models.architecture.block_type=attention
training.mode=gml_rollout
models.out_dim=10
models.architecture.n_encoder_layers=1
models.architecture.n_decoder_layers=1    avg_loss: 0.000005990052  time_per_window : 0.000325   progress : 0.492
name: models.architecture.block_type=attention
training.mode=gml_rollout
models.out_dim=10
models.architecture.n_encoder_layers=1
models.architecture.n_decoder_layers=1    avg_loss: 0.000005011597  time_per_window : 0.000214   progress : 0.502
name: models.architecture.block_type=attention
training.mode=gml_rollout
models.out_dim=10
models.architecture.n_encoder_layers=1
models.architecture.n_decoder_layers=1    avg_loss: 0.000008665536  time_per_window : 0.000232   progress : 0.513
name: models.architecture.block_type=attention
training.mode=gml_rollout
models.out_dim=10
models.architecture.n_encoder_layers=1
models.architecture.n_decoder_layers=1    avg_loss: 0.000006936579  time_per_window : 0.000235   progress : 0.524
name: models.architecture.block_type=attention
training.mode=gml_rollout
models.out_dim=10
models.architecture.n_encoder_layers=1
models.architecture.n_decoder_layers=1    avg_loss: 0.000009693833  time_per_window : 0.000251   progress : 0.535
name: models.architecture.block_type=attention
training.mode=gml_rollout
models.out_dim=10
models.architecture.n_encoder_layers=1
models.architecture.n_decoder_layers=1    avg_loss: 0.000007529070  time_per_window : 0.000286   progress : 0.546
name: models.architecture.block_type=attention
training.mode=gml_rollout
models.out_dim=10
models.architecture.n_encoder_layers=1
models.architecture.n_decoder_layers=1    avg_loss: 0.000008872857  time_per_window : 0.000202   progress : 0.557
name: models.architecture.block_type=attention
training.mode=gml_rollout
models.out_dim=10
models.architecture.n_encoder_layers=1
models.architecture.n_decoder_layers=1    avg_loss: 0.000006772329  time_per_window : 0.000218   progress : 0.568
name: models.architecture.block_type=attention
training.mode=gml_rollout
models.out_dim=10
models.architecture.n_encoder_layers=1
models.architecture.n_decoder_layers=1    avg_loss: 0.000006971793  time_per_window : 0.000217   progress : 0.579
name: models.architecture.block_type=attention
training.mode=gml_rollout
models.out_dim=10
models.architecture.n_encoder_layers=1
models.architecture.n_decoder_layers=1    avg_loss: 0.000007209825  time_per_window : 0.000216   progress : 0.590
name: models.architecture.block_type=attention
training.mode=gml_rollout
models.out_dim=10
models.architecture.n_encoder_layers=1
models.architecture.n_decoder_layers=1    avg_loss: 0.000007485830  time_per_window : 0.000237   progress : 0.601
name: models.architecture.block_type=attention
training.mode=gml_rollout
models.out_dim=10
models.architecture.n_encoder_layers=1
models.architecture.n_decoder_layers=1    avg_loss: 0.000006857172  time_per_window : 0.000279   progress : 0.612
name: models.architecture.block_type=attention
training.mode=gml_rollout
models.out_dim=10
models.architecture.n_encoder_layers=1
models.architecture.n_decoder_layers=1    avg_loss: 0.000006684803  time_per_window : 0.000211   progress : 0.623
name: models.architecture.block_type=attention
training.mode=gml_rollout
models.out_dim=10
models.architecture.n_encoder_layers=1
models.architecture.n_decoder_layers=1    avg_loss: 0.000006191337  time_per_window : 0.000265   progress : 0.634
name: models.architecture.block_type=attention
training.mode=gml_rollout
models.out_dim=10
models.architecture.n_encoder_layers=1
models.architecture.n_decoder_layers=1    avg_loss: 0.000006977885  time_per_window : 0.000252   progress : 0.644
name: models.architecture.block_type=attention
training.mode=gml_rollout
models.out_dim=10
models.architecture.n_encoder_layers=1
models.architecture.n_decoder_layers=1    avg_loss: 0.000007970242  time_per_window : 0.000245   progress : 0.655
name: models.architecture.block_type=attention
training.mode=gml_rollout
models.out_dim=10
models.architecture.n_encoder_layers=1
models.architecture.n_decoder_layers=1    avg_loss: 0.000005327421  time_per_window : 0.000201   progress : 0.666
name: models.architecture.block_type=attention
training.mode=gml_rollout
models.out_dim=10
models.architecture.n_encoder_layers=1
models.architecture.n_decoder_layers=1    avg_loss: 0.000006503164  time_per_window : 0.000286   progress : 0.677
name: models.architecture.block_type=attention
training.mode=gml_rollout
models.out_dim=10
models.architecture.n_encoder_layers=1
models.architecture.n_decoder_layers=1    avg_loss: 0.000007394357  time_per_window : 0.000240   progress : 0.688
name: models.architecture.block_type=attention
training.mode=gml_rollout
models.out_dim=10
models.architecture.n_encoder_layers=1
models.architecture.n_decoder_layers=1    avg_loss: 0.000005706800  time_per_window : 0.000245   progress : 0.699
name: models.architecture.block_type=attention
training.mode=gml_rollout
models.out_dim=10
models.architecture.n_encoder_layers=1
models.architecture.n_decoder_layers=1    avg_loss: 0.000006583108  time_per_window : 0.000186   progress : 0.710
name: models.architecture.block_type=attention
training.mode=gml_rollout
models.out_dim=10
models.architecture.n_encoder_layers=1
models.architecture.n_decoder_layers=1    avg_loss: 0.000005291427  time_per_window : 0.000252   progress : 0.721
name: models.architecture.block_type=attention
training.mode=gml_rollout
models.out_dim=10
models.architecture.n_encoder_layers=1
models.architecture.n_decoder_layers=1    avg_loss: 0.000006933750  time_per_window : 0.000231   progress : 0.732
name: models.architecture.block_type=attention
training.mode=gml_rollout
models.out_dim=10
models.architecture.n_encoder_layers=1
models.architecture.n_decoder_layers=1    avg_loss: 0.000007955206  time_per_window : 0.000253   progress : 0.743
name: models.architecture.block_type=attention
training.mode=gml_rollout
models.out_dim=10
models.architecture.n_encoder_layers=1
models.architecture.n_decoder_layers=1    avg_loss: 0.000004102254  time_per_window : 0.000234   progress : 0.754
name: models.architecture.block_type=attention
training.mode=gml_rollout
models.out_dim=10
models.architecture.n_encoder_layers=1
models.architecture.n_decoder_layers=1    avg_loss: 0.000005739473  time_per_window : 0.000253   progress : 0.765
name: models.architecture.block_type=attention
training.mode=gml_rollout
models.out_dim=10
models.architecture.n_encoder_layers=1
models.architecture.n_decoder_layers=1    avg_loss: 0.000007279462  time_per_window : 0.000227   progress : 0.775
name: models.architecture.block_type=attention
training.mode=gml_rollout
models.out_dim=10
models.architecture.n_encoder_layers=1
models.architecture.n_decoder_layers=1    avg_loss: 0.000005997034  time_per_window : 0.000198   progress : 0.786
name: models.architecture.block_type=attention
training.mode=gml_rollout
models.out_dim=10
models.architecture.n_encoder_layers=1
models.architecture.n_decoder_layers=1    avg_loss: 0.000005523708  time_per_window : 0.000222   progress : 0.797
name: models.architecture.block_type=attention
training.mode=gml_rollout
models.out_dim=10
models.architecture.n_encoder_layers=1
models.architecture.n_decoder_layers=1    avg_loss: 0.000007583526  time_per_window : 0.000243   progress : 0.808
name: models.architecture.block_type=attention
training.mode=gml_rollout
models.out_dim=10
models.architecture.n_encoder_layers=1
models.architecture.n_decoder_layers=1    avg_loss: 0.000004115128  time_per_window : 0.000221   progress : 0.819
name: models.architecture.block_type=attention
training.mode=gml_rollout
models.out_dim=10
models.architecture.n_encoder_layers=1
models.architecture.n_decoder_layers=1    avg_loss: 0.000005738470  time_per_window : 0.000228   progress : 0.830
name: models.architecture.block_type=attention
training.mode=gml_rollout
models.out_dim=10
models.architecture.n_encoder_layers=1
models.architecture.n_decoder_layers=1    avg_loss: 0.000003902564  time_per_window : 0.000221   progress : 0.841
name: models.architecture.block_type=attention
training.mode=gml_rollout
models.out_dim=10
models.architecture.n_encoder_layers=1
models.architecture.n_decoder_layers=1    avg_loss: 0.000006662208  time_per_window : 0.000302   progress : 0.852
name: models.architecture.block_type=attention
training.mode=gml_rollout
models.out_dim=10
models.architecture.n_encoder_layers=1
models.architecture.n_decoder_layers=1    avg_loss: 0.000006139418  time_per_window : 0.000241   progress : 0.863
name: models.architecture.block_type=attention
training.mode=gml_rollout
models.out_dim=10
models.architecture.n_encoder_layers=1
models.architecture.n_decoder_layers=1    avg_loss: 0.000004369657  time_per_window : 0.000221   progress : 0.874
name: models.architecture.block_type=attention
training.mode=gml_rollout
models.out_dim=10
models.architecture.n_encoder_layers=1
models.architecture.n_decoder_layers=1    avg_loss: 0.000006874937  time_per_window : 0.000203   progress : 0.885
name: models.architecture.block_type=attention
training.mode=gml_rollout
models.out_dim=10
models.architecture.n_encoder_layers=1
models.architecture.n_decoder_layers=1    avg_loss: 0.000003949284  time_per_window : 0.000275   progress : 0.896
name: models.architecture.block_type=attention
training.mode=gml_rollout
models.out_dim=10
models.architecture.n_encoder_layers=1
models.architecture.n_decoder_layers=1    avg_loss: 0.000004582908  time_per_window : 0.000233   progress : 0.907
name: models.architecture.block_type=attention
training.mode=gml_rollout
models.out_dim=10
models.architecture.n_encoder_layers=1
models.architecture.n_decoder_layers=1    avg_loss: 0.000005352168  time_per_window : 0.000180   progress : 0.917
name: models.architecture.block_type=attention
training.mode=gml_rollout
models.out_dim=10
models.architecture.n_encoder_layers=1
models.architecture.n_decoder_layers=1    avg_loss: 0.000007588360  time_per_window : 0.000224   progress : 0.928
name: models.architecture.block_type=attention
training.mode=gml_rollout
models.out_dim=10
models.architecture.n_encoder_layers=1
models.architecture.n_decoder_layers=1    avg_loss: 0.000004605429  time_per_window : 0.000220   progress : 0.939
name: models.architecture.block_type=attention
training.mode=gml_rollout
models.out_dim=10
models.architecture.n_encoder_layers=1
models.architecture.n_decoder_layers=1    avg_loss: 0.000003956795  time_per_window : 0.000213   progress : 0.950
name: models.architecture.block_type=attention
training.mode=gml_rollout
models.out_dim=10
models.architecture.n_encoder_layers=1
models.architecture.n_decoder_layers=1    avg_loss: 0.000005787794  time_per_window : 0.000226   progress : 0.961
name: models.architecture.block_type=attention
training.mode=gml_rollout
models.out_dim=10
models.architecture.n_encoder_layers=1
models.architecture.n_decoder_layers=1    avg_loss: 0.000004175247  time_per_window : 0.000201   progress : 0.972
name: models.architecture.block_type=attention
training.mode=gml_rollout
models.out_dim=10
models.architecture.n_encoder_layers=1
models.architecture.n_decoder_layers=1    avg_loss: 0.000005961561  time_per_window : 0.000190   progress : 0.983
name: models.architecture.block_type=attention
training.mode=gml_rollout
models.out_dim=10
models.architecture.n_encoder_layers=1
models.architecture.n_decoder_layers=1    avg_loss: 0.000004982886  time_per_window : 0.000188   progress : 0.994
name: models.architecture.block_type=attention
training.mode=gml_rollout
models.out_dim=10
models.architecture.n_encoder_layers=1
models.architecture.n_decoder_layers=1    avg_loss: 155.175506591797  time_per_window : 0.000317   progress : 0.011
name: models.architecture.block_type=attention
training.mode=gml_rollout
models.out_dim=10
models.architecture.n_encoder_layers=1
models.architecture.n_decoder_layers=1    avg_loss: -68.244041442871  time_per_window : 0.000278   progress : 0.022
name: models.architecture.block_type=attention
training.mode=gml_rollout
models.out_dim=10
models.architecture.n_encoder_layers=1
models.architecture.n_decoder_layers=1    avg_loss: -68.225135803223  time_per_window : 0.000270   progress : 0.033
name: models.architecture.block_type=attention
training.mode=gml_rollout
models.out_dim=10
models.architecture.n_encoder_layers=1
models.architecture.n_decoder_layers=1    avg_loss: -68.187103271484  time_per_window : 0.000295   progress : 0.044
name: models.architecture.block_type=attention
training.mode=gml_rollout
models.out_dim=10
models.architecture.n_encoder_layers=1
models.architecture.n_decoder_layers=1    avg_loss: -68.198394775391  time_per_window : 0.000288   progress : 0.055
name: models.architecture.block_type=attention
training.mode=gml_rollout
models.out_dim=10
models.architecture.n_encoder_layers=1
models.architecture.n_decoder_layers=1    avg_loss: -68.231018066406  time_per_window : 0.000307   progress : 0.066
name: models.architecture.block_type=attention
training.mode=gml_rollout
models.out_dim=10
models.architecture.n_encoder_layers=1
models.architecture.n_decoder_layers=1    avg_loss: -68.241912841797  time_per_window : 0.000329   progress : 0.076
name: models.architecture.block_type=attention
training.mode=gml_rollout
models.out_dim=10
models.architecture.n_encoder_layers=1
models.architecture.n_decoder_layers=1    avg_loss: -68.245506286621  time_per_window : 0.000301   progress : 0.087
name: models.architecture.block_type=attention
training.mode=gml_rollout
models.out_dim=10
models.architecture.n_encoder_layers=1
models.architecture.n_decoder_layers=1    avg_loss: -68.297164916992  time_per_window : 0.000324   progress : 0.098
name: models.architecture.block_type=attention
training.mode=gml_rollout
models.out_dim=10
models.architecture.n_encoder_layers=1
models.architecture.n_decoder_layers=1    avg_loss: -68.343803405762  time_per_window : 0.000260   progress : 0.109
name: models.architecture.block_type=attention
training.mode=gml_rollout
models.out_dim=10
models.architecture.n_encoder_layers=1
models.architecture.n_decoder_layers=1    avg_loss: -68.485496520996  time_per_window : 0.000302   progress : 0.120
name: models.architecture.block_type=attention
training.mode=gml_rollout
models.out_dim=10
models.architecture.n_encoder_layers=1
models.architecture.n_decoder_layers=1    avg_loss: -68.593887329102  time_per_window : 0.000298   progress : 0.131
name: models.architecture.block_type=attention
training.mode=gml_rollout
models.out_dim=10
models.architecture.n_encoder_layers=1
models.architecture.n_decoder_layers=1    avg_loss: -68.651237487793  time_per_window : 0.000327   progress : 0.142
name: models.architecture.block_type=attention
training.mode=gml_rollout
models.out_dim=10
models.architecture.n_encoder_layers=1
models.architecture.n_decoder_layers=1    avg_loss: -68.700637817383  time_per_window : 0.000253   progress : 0.153
name: models.architecture.block_type=attention
training.mode=gml_rollout
models.out_dim=10
models.architecture.n_encoder_layers=1
models.architecture.n_decoder_layers=1    avg_loss: -68.739189147949  time_per_window : 0.000308   progress : 0.164
name: models.architecture.block_type=attention
training.mode=gml_rollout
models.out_dim=10
models.architecture.n_encoder_layers=1
models.architecture.n_decoder_layers=1    avg_loss: -68.735687255859  time_per_window : 0.000318   progress : 0.175
name: models.architecture.block_type=attention
training.mode=gml_rollout
models.out_dim=10
models.architecture.n_encoder_layers=1
models.architecture.n_decoder_layers=1    avg_loss: -68.745429992676  time_per_window : 0.000306   progress : 0.186
name: models.architecture.block_type=attention
training.mode=gml_rollout
models.out_dim=10
models.architecture.n_encoder_layers=1
models.architecture.n_decoder_layers=1    avg_loss: -68.743972778320  time_per_window : 0.000285   progress : 0.197
name: models.architecture.block_type=attention
training.mode=gml_rollout
models.out_dim=10
models.architecture.n_encoder_layers=1
models.architecture.n_decoder_layers=1    avg_loss: -68.750526428223  time_per_window : 0.000270   progress : 0.208
name: models.architecture.block_type=attention
training.mode=gml_rollout
models.out_dim=10
models.architecture.n_encoder_layers=1
models.architecture.n_decoder_layers=1    avg_loss: -68.738845825195  time_per_window : 0.000362   progress : 0.218
name: models.architecture.block_type=attention
training.mode=gml_rollout
models.out_dim=10
models.architecture.n_encoder_layers=1
models.architecture.n_decoder_layers=1    avg_loss: -68.687797546387  time_per_window : 0.000290   progress : 0.229
name: models.architecture.block_type=attention
training.mode=gml_rollout
models.out_dim=10
models.architecture.n_encoder_layers=1
models.architecture.n_decoder_layers=1    avg_loss: -68.719909667969  time_per_window : 0.000286   progress : 0.240
name: models.architecture.block_type=attention
training.mode=gml_rollout
models.out_dim=10
models.architecture.n_encoder_layers=1
models.architecture.n_decoder_layers=1    avg_loss: -68.704498291016  time_per_window : 0.000333   progress : 0.251
name: models.architecture.block_type=attention
training.mode=gml_rollout
models.out_dim=10
models.architecture.n_encoder_layers=1
models.architecture.n_decoder_layers=1    avg_loss: -68.664299011230  time_per_window : 0.000278   progress : 0.262
name: models.architecture.block_type=attention
training.mode=gml_rollout
models.out_dim=10
models.architecture.n_encoder_layers=1
models.architecture.n_decoder_layers=1    avg_loss: -68.692146301270  time_per_window : 0.000334   progress : 0.273
name: models.architecture.block_type=attention
training.mode=gml_rollout
models.out_dim=10
models.architecture.n_encoder_layers=1
models.architecture.n_decoder_layers=1    avg_loss: -68.677001953125  time_per_window : 0.000300   progress : 0.284
name: models.architecture.block_type=attention
training.mode=gml_rollout
models.out_dim=10
models.architecture.n_encoder_layers=1
models.architecture.n_decoder_layers=1    avg_loss: -68.655769348145  time_per_window : 0.000296   progress : 0.295
name: models.architecture.block_type=attention
training.mode=gml_rollout
models.out_dim=10
models.architecture.n_encoder_layers=1
models.architecture.n_decoder_layers=1    avg_loss: -68.559402465820  time_per_window : 0.000248   progress : 0.306
name: models.architecture.block_type=attention
training.mode=gml_rollout
models.out_dim=10
models.architecture.n_encoder_layers=1
models.architecture.n_decoder_layers=1    avg_loss: -68.684837341309  time_per_window : 0.000320   progress : 0.317
name: models.architecture.block_type=attention
training.mode=gml_rollout
models.out_dim=10
models.architecture.n_encoder_layers=1
models.architecture.n_decoder_layers=1    avg_loss: -68.694648742676  time_per_window : 0.000321   progress : 0.328
name: models.architecture.block_type=attention
training.mode=gml_rollout
models.out_dim=10
models.architecture.n_encoder_layers=1
models.architecture.n_decoder_layers=1    avg_loss: -68.634269714355  time_per_window : 0.000319   progress : 0.339
name: models.architecture.block_type=attention
training.mode=gml_rollout
models.out_dim=10
models.architecture.n_encoder_layers=1
models.architecture.n_decoder_layers=1    avg_loss: -68.648719787598  time_per_window : 0.000315   progress : 0.350
name: models.architecture.block_type=attention
training.mode=gml_rollout
models.out_dim=10
models.architecture.n_encoder_layers=1
models.architecture.n_decoder_layers=1    avg_loss: -68.666496276855  time_per_window : 0.000290   progress : 0.360
name: models.architecture.block_type=attention
training.mode=gml_rollout
models.out_dim=10
models.architecture.n_encoder_layers=1
models.architecture.n_decoder_layers=1    avg_loss: -68.700042724609  time_per_window : 0.000298   progress : 0.371
name: models.architecture.block_type=attention
training.mode=gml_rollout
models.out_dim=10
models.architecture.n_encoder_layers=1
models.architecture.n_decoder_layers=1    avg_loss: -68.619781494141  time_per_window : 0.000293   progress : 0.382
name: models.architecture.block_type=attention
training.mode=gml_rollout
models.out_dim=10
models.architecture.n_encoder_layers=1
models.architecture.n_decoder_layers=1    avg_loss: -68.575553894043  time_per_window : 0.000286   progress : 0.393
name: models.architecture.block_type=attention
training.mode=gml_rollout
models.out_dim=10
models.architecture.n_encoder_layers=1
models.architecture.n_decoder_layers=1    avg_loss: -68.615707397461  time_per_window : 0.000284   progress : 0.404
name: models.architecture.block_type=attention
training.mode=gml_rollout
models.out_dim=10
models.architecture.n_encoder_layers=1
models.architecture.n_decoder_layers=1    avg_loss: -68.642768859863  time_per_window : 0.000310   progress : 0.415
name: models.architecture.block_type=attention
training.mode=gml_rollout
models.out_dim=10
models.architecture.n_encoder_layers=1
models.architecture.n_decoder_layers=1    avg_loss: -68.689872741699  time_per_window : 0.000294   progress : 0.426
name: models.architecture.block_type=attention
training.mode=gml_rollout
models.out_dim=10
models.architecture.n_encoder_layers=1
models.architecture.n_decoder_layers=1    avg_loss: -68.591857910156  time_per_window : 0.000267   progress : 0.437
name: models.architecture.block_type=attention
training.mode=gml_rollout
models.out_dim=10
models.architecture.n_encoder_layers=1
models.architecture.n_decoder_layers=1    avg_loss: -68.600196838379  time_per_window : 0.000291   progress : 0.448
name: models.architecture.block_type=attention
training.mode=gml_rollout
models.out_dim=10
models.architecture.n_encoder_layers=1
models.architecture.n_decoder_layers=1    avg_loss: -68.638595581055  time_per_window : 0.000301   progress : 0.459
name: models.architecture.block_type=attention
training.mode=gml_rollout
models.out_dim=10
models.architecture.n_encoder_layers=1
models.architecture.n_decoder_layers=1    avg_loss: -68.657585144043  time_per_window : 0.000302   progress : 0.470
name: models.architecture.block_type=attention
training.mode=gml_rollout
models.out_dim=10
models.architecture.n_encoder_layers=1
models.architecture.n_decoder_layers=1    avg_loss: -68.622627258301  time_per_window : 0.000303   progress : 0.481
name: models.architecture.block_type=attention
training.mode=gml_rollout
models.out_dim=10
models.architecture.n_encoder_layers=1
models.architecture.n_decoder_layers=1    avg_loss: -68.694015502930  time_per_window : 0.000332   progress : 0.492
name: models.architecture.block_type=attention
training.mode=gml_rollout
models.out_dim=10
models.architecture.n_encoder_layers=1
models.architecture.n_decoder_layers=1    avg_loss: -68.609230041504  time_per_window : 0.000303   progress : 0.502
name: models.architecture.block_type=attention
training.mode=gml_rollout
models.out_dim=10
models.architecture.n_encoder_layers=1
models.architecture.n_decoder_layers=1    avg_loss: -68.635101318359  time_per_window : 0.000333   progress : 0.513
name: models.architecture.block_type=attention
training.mode=gml_rollout
models.out_dim=10
models.architecture.n_encoder_layers=1
models.architecture.n_decoder_layers=1    avg_loss: -68.668296813965  time_per_window : 0.000290   progress : 0.524
name: models.architecture.block_type=attention
training.mode=gml_rollout
models.out_dim=10
models.architecture.n_encoder_layers=1
models.architecture.n_decoder_layers=1    avg_loss: -68.663269042969  time_per_window : 0.000297   progress : 0.535
name: models.architecture.block_type=attention
training.mode=gml_rollout
models.out_dim=10
models.architecture.n_encoder_layers=1
models.architecture.n_decoder_layers=1    avg_loss: -68.642448425293  time_per_window : 0.000284   progress : 0.546
name: models.architecture.block_type=attention
training.mode=gml_rollout
models.out_dim=10
models.architecture.n_encoder_layers=1
models.architecture.n_decoder_layers=1    avg_loss: -68.661964416504  time_per_window : 0.000313   progress : 0.557
name: models.architecture.block_type=attention
training.mode=gml_rollout
models.out_dim=10
models.architecture.n_encoder_layers=1
models.architecture.n_decoder_layers=1    avg_loss: -68.677825927734  time_per_window : 0.000299   progress : 0.568
name: models.architecture.block_type=attention
training.mode=gml_rollout
models.out_dim=10
models.architecture.n_encoder_layers=1
models.architecture.n_decoder_layers=1    avg_loss: -68.642654418945  time_per_window : 0.000271   progress : 0.579
name: models.architecture.block_type=attention
training.mode=gml_rollout
models.out_dim=10
models.architecture.n_encoder_layers=1
models.architecture.n_decoder_layers=1    avg_loss: -68.695533752441  time_per_window : 0.000339   progress : 0.590
name: models.architecture.block_type=attention
training.mode=gml_rollout
models.out_dim=10
models.architecture.n_encoder_layers=1
models.architecture.n_decoder_layers=1    avg_loss: -68.700325012207  time_per_window : 0.000269   progress : 0.601
name: models.architecture.block_type=attention
training.mode=gml_rollout
models.out_dim=10
models.architecture.n_encoder_layers=1
models.architecture.n_decoder_layers=1    avg_loss: -68.669944763184  time_per_window : 0.000339   progress : 0.612
name: models.architecture.block_type=attention
training.mode=gml_rollout
models.out_dim=10
models.architecture.n_encoder_layers=1
models.architecture.n_decoder_layers=1    avg_loss: -68.717262268066  time_per_window : 0.000301   progress : 0.623
name: models.architecture.block_type=attention
training.mode=gml_rollout
models.out_dim=10
models.architecture.n_encoder_layers=1
models.architecture.n_decoder_layers=1    avg_loss: -68.706169128418  time_per_window : 0.000321   progress : 0.634
name: models.architecture.block_type=attention
training.mode=gml_rollout
models.out_dim=10
models.architecture.n_encoder_layers=1
models.architecture.n_decoder_layers=1    avg_loss: -68.713142395020  time_per_window : 0.000295   progress : 0.644
name: models.architecture.block_type=attention
training.mode=gml_rollout
models.out_dim=10
models.architecture.n_encoder_layers=1
models.architecture.n_decoder_layers=1    avg_loss: -68.668632507324  time_per_window : 0.000333   progress : 0.655
name: models.architecture.block_type=attention
training.mode=gml_rollout
models.out_dim=10
models.architecture.n_encoder_layers=1
models.architecture.n_decoder_layers=1    avg_loss: -68.743148803711  time_per_window : 0.000304   progress : 0.666
name: models.architecture.block_type=attention
training.mode=gml_rollout
models.out_dim=10
models.architecture.n_encoder_layers=1
models.architecture.n_decoder_layers=1    avg_loss: -68.674591064453  time_per_window : 0.000348   progress : 0.677
name: models.architecture.block_type=attention
training.mode=gml_rollout
models.out_dim=10
models.architecture.n_encoder_layers=1
models.architecture.n_decoder_layers=1    avg_loss: -68.748184204102  time_per_window : 0.000278   progress : 0.688
name: models.architecture.block_type=attention
training.mode=gml_rollout
models.out_dim=10
models.architecture.n_encoder_layers=1
models.architecture.n_decoder_layers=1    avg_loss: -68.687294006348  time_per_window : 0.000293   progress : 0.699
name: models.architecture.block_type=attention
training.mode=gml_rollout
models.out_dim=10
models.architecture.n_encoder_layers=1
models.architecture.n_decoder_layers=1    avg_loss: -68.707679748535  time_per_window : 0.000288   progress : 0.710
name: models.architecture.block_type=attention
training.mode=gml_rollout
models.out_dim=10
models.architecture.n_encoder_layers=1
models.architecture.n_decoder_layers=1    avg_loss: -68.743705749512  time_per_window : 0.000298   progress : 0.721
name: models.architecture.block_type=attention
training.mode=gml_rollout
models.out_dim=10
models.architecture.n_encoder_layers=1
models.architecture.n_decoder_layers=1    avg_loss: -68.745307922363  time_per_window : 0.000286   progress : 0.732
name: models.architecture.block_type=attention
training.mode=gml_rollout
models.out_dim=10
models.architecture.n_encoder_layers=1
models.architecture.n_decoder_layers=1    avg_loss: -68.719917297363  time_per_window : 0.000312   progress : 0.743
name: models.architecture.block_type=attention
training.mode=gml_rollout
models.out_dim=10
models.architecture.n_encoder_layers=1
models.architecture.n_decoder_layers=1    avg_loss: -68.760009765625  time_per_window : 0.000299   progress : 0.754
name: models.architecture.block_type=attention
training.mode=gml_rollout
models.out_dim=10
models.architecture.n_encoder_layers=1
models.architecture.n_decoder_layers=1    avg_loss: -68.735610961914  time_per_window : 0.000310   progress : 0.765
name: models.architecture.block_type=attention
training.mode=gml_rollout
models.out_dim=10
models.architecture.n_encoder_layers=1
models.architecture.n_decoder_layers=1    avg_loss: -68.727996826172  time_per_window : 0.000353   progress : 0.775
name: models.architecture.block_type=attention
training.mode=gml_rollout
models.out_dim=10
models.architecture.n_encoder_layers=1
models.architecture.n_decoder_layers=1    avg_loss: -68.746917724609  time_per_window : 0.000313   progress : 0.786
name: models.architecture.block_type=attention
training.mode=gml_rollout
models.out_dim=10
models.architecture.n_encoder_layers=1
models.architecture.n_decoder_layers=1    avg_loss: -68.778572082520  time_per_window : 0.000278   progress : 0.797
name: models.architecture.block_type=attention
training.mode=gml_rollout
models.out_dim=10
models.architecture.n_encoder_layers=1
models.architecture.n_decoder_layers=1    avg_loss: -68.776519775391  time_per_window : 0.000286   progress : 0.808
name: models.architecture.block_type=attention
training.mode=gml_rollout
models.out_dim=10
models.architecture.n_encoder_layers=1
models.architecture.n_decoder_layers=1    avg_loss: -68.722953796387  time_per_window : 0.000303   progress : 0.819
name: models.architecture.block_type=attention
training.mode=gml_rollout
models.out_dim=10
models.architecture.n_encoder_layers=1
models.architecture.n_decoder_layers=1    avg_loss: -68.778472900391  time_per_window : 0.000295   progress : 0.830
name: models.architecture.block_type=attention
training.mode=gml_rollout
models.out_dim=10
models.architecture.n_encoder_layers=1
models.architecture.n_decoder_layers=1    avg_loss: -68.760719299316  time_per_window : 0.000275   progress : 0.841
name: models.architecture.block_type=attention
training.mode=gml_rollout
models.out_dim=10
models.architecture.n_encoder_layers=1
models.architecture.n_decoder_layers=1    avg_loss: -68.785537719727  time_per_window : 0.000345   progress : 0.852
name: models.architecture.block_type=attention
training.mode=gml_rollout
models.out_dim=10
models.architecture.n_encoder_layers=1
models.architecture.n_decoder_layers=1    avg_loss: -68.754272460938  time_per_window : 0.000284   progress : 0.863
name: models.architecture.block_type=attention
training.mode=gml_rollout
models.out_dim=10
models.architecture.n_encoder_layers=1
models.architecture.n_decoder_layers=1    avg_loss: -68.799545288086  time_per_window : 0.000345   progress : 0.874
name: models.architecture.block_type=attention
training.mode=gml_rollout
models.out_dim=10
models.architecture.n_encoder_layers=1
models.architecture.n_decoder_layers=1    avg_loss: -68.784255981445  time_per_window : 0.000289   progress : 0.885
name: models.architecture.block_type=attention
training.mode=gml_rollout
models.out_dim=10
models.architecture.n_encoder_layers=1
models.architecture.n_decoder_layers=1    avg_loss: -68.827041625977  time_per_window : 0.000302   progress : 0.896
name: models.architecture.block_type=attention
training.mode=gml_rollout
models.out_dim=10
models.architecture.n_encoder_layers=1
models.architecture.n_decoder_layers=1    avg_loss: -68.766265869141  time_per_window : 0.000343   progress : 0.907
name: models.architecture.block_type=attention
training.mode=gml_rollout
models.out_dim=10
models.architecture.n_encoder_layers=1
models.architecture.n_decoder_layers=1    avg_loss: -68.764801025391  time_per_window : 0.000273   progress : 0.917
name: models.architecture.block_type=attention
training.mode=gml_rollout
models.out_dim=10
models.architecture.n_encoder_layers=1
models.architecture.n_decoder_layers=1    avg_loss: -68.811752319336  time_per_window : 0.000318   progress : 0.928
name: models.architecture.block_type=attention
training.mode=gml_rollout
models.out_dim=10
models.architecture.n_encoder_layers=1
models.architecture.n_decoder_layers=1    avg_loss: -68.784339904785  time_per_window : 0.000283   progress : 0.939
name: models.architecture.block_type=attention
training.mode=gml_rollout
models.out_dim=10
models.architecture.n_encoder_layers=1
models.architecture.n_decoder_layers=1    avg_loss: -68.831069946289  time_per_window : 0.000280   progress : 0.950
name: models.architecture.block_type=attention
training.mode=gml_rollout
models.out_dim=10
models.architecture.n_encoder_layers=1
models.architecture.n_decoder_layers=1    avg_loss: -68.817298889160  time_per_window : 0.000270   progress : 0.961
name: models.architecture.block_type=attention
training.mode=gml_rollout
models.out_dim=10
models.architecture.n_encoder_layers=1
models.architecture.n_decoder_layers=1    avg_loss: -68.783020019531  time_per_window : 0.000307   progress : 0.972
name: models.architecture.block_type=attention
training.mode=gml_rollout
models.out_dim=10
models.architecture.n_encoder_layers=1
models.architecture.n_decoder_layers=1    avg_loss: -68.800140380859  time_per_window : 0.000271   progress : 0.983
name: models.architecture.block_type=attention
training.mode=gml_rollout
models.out_dim=10
models.architecture.n_encoder_layers=1
models.architecture.n_decoder_layers=1    avg_loss: -68.782478332520  time_per_window : 0.000228   progress : 0.994
DONE!!!
