/home/jdihardjo/miniconda3/envs/mavenv/lib/python3.11/site-packages/hydra/_internal/defaults_list.py:251: UserWarning: In 'config': Defaults list is missing `_self_`. See https://hydra.cc/docs/1.2/upgrades/1.0_to_1.1/default_composition_order for more information
  warnings.warn(msg, UserWarning)
Using cuda device
[2026-07-25 01:06:50,188][HYDRA] Joblib.Parallel(n_jobs=4,backend=loky,prefer=processes,require=None,verbose=0,timeout=None,pre_dispatch=2*n_jobs,batch_size=auto,temp_folder=None,max_nbytes=None,mmap_mode=r) is launching 1 jobs
[2026-07-25 01:06:50,188][HYDRA] Launching jobs, sweep output dir : ablation_runs/2026-07-24_23-30-14/cls_gml_1e1d_out10_in16
[2026-07-25 01:06:50,188][HYDRA] 	#0 : input_len=16 training.rollout_steps=8 models.architecture.block_type=cls training.mode=gml_rollout models.out_dim=10 models.architecture.n_encoder_layers=1 models.architecture.n_decoder_layers=1
/home/jdihardjo/miniconda3/envs/mavenv/lib/python3.11/site-packages/hydra/_internal/defaults_list.py:251: UserWarning: In 'config': Defaults list is missing `_self_`. See https://hydra.cc/docs/1.2/upgrades/1.0_to_1.1/default_composition_order for more information
  warnings.warn(msg, UserWarning)
models:
  n_dim: 23
  out_dim: 10
  architecture:
    d_model: 128
    n_encoder_layers: 1
    n_decoder_layers: 1
    block_type: cls
    time_adapter: last_token
    in_norm: none
    out_norm: none
    layer_scale: 0.0001
    drop_path: 0.05
    mamba_type: mamba
    mamba_kwargs:
      d_state: 16
      d_conv: 2
      expand: 2
      norm: rms
    skip: false
    cls_kwargs:
      n_heads: 2
      n_mlp: 2
      positional_encoding: false
      max_len: 5000
input_len: 16
output_len: 1
batch_size: 128
epochs: 5
seed: 0
dataset:
  path: /home/jdihardjo/simdata/train.zarr/
  training_size: 1500000
evaluation:
  path: /home/jdihardjo/simdata/evaluation.zarr/
  evaluation_size: 50
training:
  mode: gml_rollout
  lr: 0.0002
  weight_decay: 0.1
  rollout_steps: 8
checkpoint:
  save_path: hydra-test.pth
  load: false
  path: hydra-test.pth
compile: true

/home/jdihardjo/miniconda3/envs/mavenv/lib/python3.11/site-packages/torch/_inductor/cudagraph_trees.py:2622: UserWarning: Unable to hit fast path of CUDAGraphs because outputs from a previous step still require backward. Ensure backward() is invoked or detach outputs. You may also call torch.compiler.cudagraph_mark_step_begin() before each model invocation.
  warnings.warn(
name: input_len=16
training.rollout_steps=8
models.architecture.block_type=cls
training.mode=gml_rollout
models.out_dim=10
models.architecture.n_encoder_layers=1
models.architecture.n_decoder_layers=1    avg_loss: 0.003917973023  time_per_window : 0.000136   progress : 0.011
name: input_len=16
training.rollout_steps=8
models.architecture.block_type=cls
training.mode=gml_rollout
models.out_dim=10
models.architecture.n_encoder_layers=1
models.architecture.n_decoder_layers=1    avg_loss: 0.000002431502  time_per_window : 0.000165   progress : 0.022
name: input_len=16
training.rollout_steps=8
models.architecture.block_type=cls
training.mode=gml_rollout
models.out_dim=10
models.architecture.n_encoder_layers=1
models.architecture.n_decoder_layers=1    avg_loss: 0.000001687210  time_per_window : 0.000187   progress : 0.033
name: input_len=16
training.rollout_steps=8
models.architecture.block_type=cls
training.mode=gml_rollout
models.out_dim=10
models.architecture.n_encoder_layers=1
models.architecture.n_decoder_layers=1    avg_loss: 0.000001248435  time_per_window : 0.000190   progress : 0.044
name: input_len=16
training.rollout_steps=8
models.architecture.block_type=cls
training.mode=gml_rollout
models.out_dim=10
models.architecture.n_encoder_layers=1
models.architecture.n_decoder_layers=1    avg_loss: 0.000000936058  time_per_window : 0.000182   progress : 0.055
name: input_len=16
training.rollout_steps=8
models.architecture.block_type=cls
training.mode=gml_rollout
models.out_dim=10
models.architecture.n_encoder_layers=1
models.architecture.n_decoder_layers=1    avg_loss: 0.000000821879  time_per_window : 0.000202   progress : 0.066
name: input_len=16
training.rollout_steps=8
models.architecture.block_type=cls
training.mode=gml_rollout
models.out_dim=10
models.architecture.n_encoder_layers=1
models.architecture.n_decoder_layers=1    avg_loss: 0.000000680605  time_per_window : 0.000156   progress : 0.076
name: input_len=16
training.rollout_steps=8
models.architecture.block_type=cls
training.mode=gml_rollout
models.out_dim=10
models.architecture.n_encoder_layers=1
models.architecture.n_decoder_layers=1    avg_loss: 0.000000783723  time_per_window : 0.000183   progress : 0.087
name: input_len=16
training.rollout_steps=8
models.architecture.block_type=cls
training.mode=gml_rollout
models.out_dim=10
models.architecture.n_encoder_layers=1
models.architecture.n_decoder_layers=1    avg_loss: 0.000000774246  time_per_window : 0.000132   progress : 0.098
name: input_len=16
training.rollout_steps=8
models.architecture.block_type=cls
training.mode=gml_rollout
models.out_dim=10
models.architecture.n_encoder_layers=1
models.architecture.n_decoder_layers=1    avg_loss: 0.000000724888  time_per_window : 0.000137   progress : 0.109
name: input_len=16
training.rollout_steps=8
models.architecture.block_type=cls
training.mode=gml_rollout
models.out_dim=10
models.architecture.n_encoder_layers=1
models.architecture.n_decoder_layers=1    avg_loss: 0.000001168265  time_per_window : 0.000163   progress : 0.120
name: input_len=16
training.rollout_steps=8
models.architecture.block_type=cls
training.mode=gml_rollout
models.out_dim=10
models.architecture.n_encoder_layers=1
models.architecture.n_decoder_layers=1    avg_loss: 0.000001318820  time_per_window : 0.000145   progress : 0.131
name: input_len=16
training.rollout_steps=8
models.architecture.block_type=cls
training.mode=gml_rollout
models.out_dim=10
models.architecture.n_encoder_layers=1
models.architecture.n_decoder_layers=1    avg_loss: 0.000002016113  time_per_window : 0.000167   progress : 0.142
name: input_len=16
training.rollout_steps=8
models.architecture.block_type=cls
training.mode=gml_rollout
models.out_dim=10
models.architecture.n_encoder_layers=1
models.architecture.n_decoder_layers=1    avg_loss: 0.000002493407  time_per_window : 0.000139   progress : 0.153
name: input_len=16
training.rollout_steps=8
models.architecture.block_type=cls
training.mode=gml_rollout
models.out_dim=10
models.architecture.n_encoder_layers=1
models.architecture.n_decoder_layers=1    avg_loss: 0.000002739444  time_per_window : 0.000121   progress : 0.164
name: input_len=16
training.rollout_steps=8
models.architecture.block_type=cls
training.mode=gml_rollout
models.out_dim=10
models.architecture.n_encoder_layers=1
models.architecture.n_decoder_layers=1    avg_loss: 0.000005570068  time_per_window : 0.000128   progress : 0.175
name: input_len=16
training.rollout_steps=8
models.architecture.block_type=cls
training.mode=gml_rollout
models.out_dim=10
models.architecture.n_encoder_layers=1
models.architecture.n_decoder_layers=1    avg_loss: 0.000004132608  time_per_window : 0.000120   progress : 0.186
name: input_len=16
training.rollout_steps=8
models.architecture.block_type=cls
training.mode=gml_rollout
models.out_dim=10
models.architecture.n_encoder_layers=1
models.architecture.n_decoder_layers=1    avg_loss: 0.000008833364  time_per_window : 0.000112   progress : 0.197
name: input_len=16
training.rollout_steps=8
models.architecture.block_type=cls
training.mode=gml_rollout
models.out_dim=10
models.architecture.n_encoder_layers=1
models.architecture.n_decoder_layers=1    avg_loss: 0.000004720455  time_per_window : 0.000165   progress : 0.208
name: input_len=16
training.rollout_steps=8
models.architecture.block_type=cls
training.mode=gml_rollout
models.out_dim=10
models.architecture.n_encoder_layers=1
models.architecture.n_decoder_layers=1    avg_loss: 0.000006553145  time_per_window : 0.000154   progress : 0.218
name: input_len=16
training.rollout_steps=8
models.architecture.block_type=cls
training.mode=gml_rollout
models.out_dim=10
models.architecture.n_encoder_layers=1
models.architecture.n_decoder_layers=1    avg_loss: 0.000005805875  time_per_window : 0.000175   progress : 0.229
name: input_len=16
training.rollout_steps=8
models.architecture.block_type=cls
training.mode=gml_rollout
models.out_dim=10
models.architecture.n_encoder_layers=1
models.architecture.n_decoder_layers=1    avg_loss: 0.000009006100  time_per_window : 0.000196   progress : 0.240
name: input_len=16
training.rollout_steps=8
models.architecture.block_type=cls
training.mode=gml_rollout
models.out_dim=10
models.architecture.n_encoder_layers=1
models.architecture.n_decoder_layers=1    avg_loss: 0.000006070203  time_per_window : 0.000186   progress : 0.251
name: input_len=16
training.rollout_steps=8
models.architecture.block_type=cls
training.mode=gml_rollout
models.out_dim=10
models.architecture.n_encoder_layers=1
models.architecture.n_decoder_layers=1    avg_loss: 0.000008161035  time_per_window : 0.000209   progress : 0.262
name: input_len=16
training.rollout_steps=8
models.architecture.block_type=cls
training.mode=gml_rollout
models.out_dim=10
models.architecture.n_encoder_layers=1
models.architecture.n_decoder_layers=1    avg_loss: 0.000007025664  time_per_window : 0.000169   progress : 0.273
name: input_len=16
training.rollout_steps=8
models.architecture.block_type=cls
training.mode=gml_rollout
models.out_dim=10
models.architecture.n_encoder_layers=1
models.architecture.n_decoder_layers=1    avg_loss: 0.000006460111  time_per_window : 0.000141   progress : 0.284
name: input_len=16
training.rollout_steps=8
models.architecture.block_type=cls
training.mode=gml_rollout
models.out_dim=10
models.architecture.n_encoder_layers=1
models.architecture.n_decoder_layers=1    avg_loss: 0.000009955427  time_per_window : 0.000116   progress : 0.295
name: input_len=16
training.rollout_steps=8
models.architecture.block_type=cls
training.mode=gml_rollout
models.out_dim=10
models.architecture.n_encoder_layers=1
models.architecture.n_decoder_layers=1    avg_loss: 0.000007158324  time_per_window : 0.000182   progress : 0.306
name: input_len=16
training.rollout_steps=8
models.architecture.block_type=cls
training.mode=gml_rollout
models.out_dim=10
models.architecture.n_encoder_layers=1
models.architecture.n_decoder_layers=1    avg_loss: 0.000008535277  time_per_window : 0.000168   progress : 0.317
name: input_len=16
training.rollout_steps=8
models.architecture.block_type=cls
training.mode=gml_rollout
models.out_dim=10
models.architecture.n_encoder_layers=1
models.architecture.n_decoder_layers=1    avg_loss: 0.000006735556  time_per_window : 0.000164   progress : 0.328
name: input_len=16
training.rollout_steps=8
models.architecture.block_type=cls
training.mode=gml_rollout
models.out_dim=10
models.architecture.n_encoder_layers=1
models.architecture.n_decoder_layers=1    avg_loss: 0.000009953716  time_per_window : 0.000148   progress : 0.339
name: input_len=16
training.rollout_steps=8
models.architecture.block_type=cls
training.mode=gml_rollout
models.out_dim=10
models.architecture.n_encoder_layers=1
models.architecture.n_decoder_layers=1    avg_loss: 0.000008366767  time_per_window : 0.000166   progress : 0.350
name: input_len=16
training.rollout_steps=8
models.architecture.block_type=cls
training.mode=gml_rollout
models.out_dim=10
models.architecture.n_encoder_layers=1
models.architecture.n_decoder_layers=1    avg_loss: 0.000005990816  time_per_window : 0.000194   progress : 0.360
name: input_len=16
training.rollout_steps=8
models.architecture.block_type=cls
training.mode=gml_rollout
models.out_dim=10
models.architecture.n_encoder_layers=1
models.architecture.n_decoder_layers=1    avg_loss: 0.000007438223  time_per_window : 0.000158   progress : 0.371
name: input_len=16
training.rollout_steps=8
models.architecture.block_type=cls
training.mode=gml_rollout
models.out_dim=10
models.architecture.n_encoder_layers=1
models.architecture.n_decoder_layers=1    avg_loss: 0.000007256808  time_per_window : 0.000136   progress : 0.382
name: input_len=16
training.rollout_steps=8
models.architecture.block_type=cls
training.mode=gml_rollout
models.out_dim=10
models.architecture.n_encoder_layers=1
models.architecture.n_decoder_layers=1    avg_loss: 0.000008946092  time_per_window : 0.000148   progress : 0.393
name: input_len=16
training.rollout_steps=8
models.architecture.block_type=cls
training.mode=gml_rollout
models.out_dim=10
models.architecture.n_encoder_layers=1
models.architecture.n_decoder_layers=1    avg_loss: 0.000006359839  time_per_window : 0.000123   progress : 0.404
name: input_len=16
training.rollout_steps=8
models.architecture.block_type=cls
training.mode=gml_rollout
models.out_dim=10
models.architecture.n_encoder_layers=1
models.architecture.n_decoder_layers=1    avg_loss: 0.000008523411  time_per_window : 0.000173   progress : 0.415
name: input_len=16
training.rollout_steps=8
models.architecture.block_type=cls
training.mode=gml_rollout
models.out_dim=10
models.architecture.n_encoder_layers=1
models.architecture.n_decoder_layers=1    avg_loss: 0.000005424130  time_per_window : 0.000159   progress : 0.426
name: input_len=16
training.rollout_steps=8
models.architecture.block_type=cls
training.mode=gml_rollout
models.out_dim=10
models.architecture.n_encoder_layers=1
models.architecture.n_decoder_layers=1    avg_loss: 0.000008032991  time_per_window : 0.000210   progress : 0.437
name: input_len=16
training.rollout_steps=8
models.architecture.block_type=cls
training.mode=gml_rollout
models.out_dim=10
models.architecture.n_encoder_layers=1
models.architecture.n_decoder_layers=1    avg_loss: 0.000007438834  time_per_window : 0.000131   progress : 0.448
name: input_len=16
training.rollout_steps=8
models.architecture.block_type=cls
training.mode=gml_rollout
models.out_dim=10
models.architecture.n_encoder_layers=1
models.architecture.n_decoder_layers=1    avg_loss: 0.000005864590  time_per_window : 0.000193   progress : 0.459
name: input_len=16
training.rollout_steps=8
models.architecture.block_type=cls
training.mode=gml_rollout
models.out_dim=10
models.architecture.n_encoder_layers=1
models.architecture.n_decoder_layers=1    avg_loss: 0.000007773460  time_per_window : 0.000189   progress : 0.470
name: input_len=16
training.rollout_steps=8
models.architecture.block_type=cls
training.mode=gml_rollout
models.out_dim=10
models.architecture.n_encoder_layers=1
models.architecture.n_decoder_layers=1    avg_loss: 0.000006860764  time_per_window : 0.000169   progress : 0.481
name: input_len=16
training.rollout_steps=8
models.architecture.block_type=cls
training.mode=gml_rollout
models.out_dim=10
models.architecture.n_encoder_layers=1
models.architecture.n_decoder_layers=1    avg_loss: 0.000006224910  time_per_window : 0.000144   progress : 0.492
name: input_len=16
training.rollout_steps=8
models.architecture.block_type=cls
training.mode=gml_rollout
models.out_dim=10
models.architecture.n_encoder_layers=1
models.architecture.n_decoder_layers=1    avg_loss: 0.000007512715  time_per_window : 0.000112   progress : 0.502
name: input_len=16
training.rollout_steps=8
models.architecture.block_type=cls
training.mode=gml_rollout
models.out_dim=10
models.architecture.n_encoder_layers=1
models.architecture.n_decoder_layers=1    avg_loss: 0.000006144804  time_per_window : 0.000117   progress : 0.513
name: input_len=16
training.rollout_steps=8
models.architecture.block_type=cls
training.mode=gml_rollout
models.out_dim=10
models.architecture.n_encoder_layers=1
models.architecture.n_decoder_layers=1    avg_loss: 0.000006128771  time_per_window : 0.000155   progress : 0.524
name: input_len=16
training.rollout_steps=8
models.architecture.block_type=cls
training.mode=gml_rollout
models.out_dim=10
models.architecture.n_encoder_layers=1
models.architecture.n_decoder_layers=1    avg_loss: 0.000005843932  time_per_window : 0.000144   progress : 0.535
name: input_len=16
training.rollout_steps=8
models.architecture.block_type=cls
training.mode=gml_rollout
models.out_dim=10
models.architecture.n_encoder_layers=1
models.architecture.n_decoder_layers=1    avg_loss: 0.000006677332  time_per_window : 0.000106   progress : 0.546
name: input_len=16
training.rollout_steps=8
models.architecture.block_type=cls
training.mode=gml_rollout
models.out_dim=10
models.architecture.n_encoder_layers=1
models.architecture.n_decoder_layers=1    avg_loss: 0.000007182179  time_per_window : 0.000171   progress : 0.557
name: input_len=16
training.rollout_steps=8
models.architecture.block_type=cls
training.mode=gml_rollout
models.out_dim=10
models.architecture.n_encoder_layers=1
models.architecture.n_decoder_layers=1    avg_loss: 0.000004505680  time_per_window : 0.000115   progress : 0.568
name: input_len=16
training.rollout_steps=8
models.architecture.block_type=cls
training.mode=gml_rollout
models.out_dim=10
models.architecture.n_encoder_layers=1
models.architecture.n_decoder_layers=1    avg_loss: 0.000006148889  time_per_window : 0.000129   progress : 0.579
name: input_len=16
training.rollout_steps=8
models.architecture.block_type=cls
training.mode=gml_rollout
models.out_dim=10
models.architecture.n_encoder_layers=1
models.architecture.n_decoder_layers=1    avg_loss: 0.000006311369  time_per_window : 0.000200   progress : 0.590
name: input_len=16
training.rollout_steps=8
models.architecture.block_type=cls
training.mode=gml_rollout
models.out_dim=10
models.architecture.n_encoder_layers=1
models.architecture.n_decoder_layers=1    avg_loss: 0.000005415372  time_per_window : 0.000193   progress : 0.601
name: input_len=16
training.rollout_steps=8
models.architecture.block_type=cls
training.mode=gml_rollout
models.out_dim=10
models.architecture.n_encoder_layers=1
models.architecture.n_decoder_layers=1    avg_loss: 0.000005032104  time_per_window : 0.000187   progress : 0.612
name: input_len=16
training.rollout_steps=8
models.architecture.block_type=cls
training.mode=gml_rollout
models.out_dim=10
models.architecture.n_encoder_layers=1
models.architecture.n_decoder_layers=1    avg_loss: 0.000005700927  time_per_window : 0.000157   progress : 0.623
name: input_len=16
training.rollout_steps=8
models.architecture.block_type=cls
training.mode=gml_rollout
models.out_dim=10
models.architecture.n_encoder_layers=1
models.architecture.n_decoder_layers=1    avg_loss: 0.000004847464  time_per_window : 0.000176   progress : 0.634
name: input_len=16
training.rollout_steps=8
models.architecture.block_type=cls
training.mode=gml_rollout
models.out_dim=10
models.architecture.n_encoder_layers=1
models.architecture.n_decoder_layers=1    avg_loss: 0.000005385943  time_per_window : 0.000185   progress : 0.644
name: input_len=16
training.rollout_steps=8
models.architecture.block_type=cls
training.mode=gml_rollout
models.out_dim=10
models.architecture.n_encoder_layers=1
models.architecture.n_decoder_layers=1    avg_loss: 0.000005619760  time_per_window : 0.000159   progress : 0.655
name: input_len=16
training.rollout_steps=8
models.architecture.block_type=cls
training.mode=gml_rollout
models.out_dim=10
models.architecture.n_encoder_layers=1
models.architecture.n_decoder_layers=1    avg_loss: 0.000004551361  time_per_window : 0.000219   progress : 0.666
name: input_len=16
training.rollout_steps=8
models.architecture.block_type=cls
training.mode=gml_rollout
models.out_dim=10
models.architecture.n_encoder_layers=1
models.architecture.n_decoder_layers=1    avg_loss: 0.000005619853  time_per_window : 0.000176   progress : 0.677
name: input_len=16
training.rollout_steps=8
models.architecture.block_type=cls
training.mode=gml_rollout
models.out_dim=10
models.architecture.n_encoder_layers=1
models.architecture.n_decoder_layers=1    avg_loss: 0.000005238349  time_per_window : 0.000153   progress : 0.688
name: input_len=16
training.rollout_steps=8
models.architecture.block_type=cls
training.mode=gml_rollout
models.out_dim=10
models.architecture.n_encoder_layers=1
models.architecture.n_decoder_layers=1    avg_loss: 0.000003769028  time_per_window : 0.000143   progress : 0.699
name: input_len=16
training.rollout_steps=8
models.architecture.block_type=cls
training.mode=gml_rollout
models.out_dim=10
models.architecture.n_encoder_layers=1
models.architecture.n_decoder_layers=1    avg_loss: 0.000005524940  time_per_window : 0.000214   progress : 0.710
name: input_len=16
training.rollout_steps=8
models.architecture.block_type=cls
training.mode=gml_rollout
models.out_dim=10
models.architecture.n_encoder_layers=1
models.architecture.n_decoder_layers=1    avg_loss: 0.000004439590  time_per_window : 0.000133   progress : 0.721
name: input_len=16
training.rollout_steps=8
models.architecture.block_type=cls
training.mode=gml_rollout
models.out_dim=10
models.architecture.n_encoder_layers=1
models.architecture.n_decoder_layers=1    avg_loss: 0.000004244170  time_per_window : 0.000157   progress : 0.732
name: input_len=16
training.rollout_steps=8
models.architecture.block_type=cls
training.mode=gml_rollout
models.out_dim=10
models.architecture.n_encoder_layers=1
models.architecture.n_decoder_layers=1    avg_loss: 0.000004503486  time_per_window : 0.000174   progress : 0.743
name: input_len=16
training.rollout_steps=8
models.architecture.block_type=cls
training.mode=gml_rollout
models.out_dim=10
models.architecture.n_encoder_layers=1
models.architecture.n_decoder_layers=1    avg_loss: 0.000004162964  time_per_window : 0.000174   progress : 0.754
name: input_len=16
training.rollout_steps=8
models.architecture.block_type=cls
training.mode=gml_rollout
models.out_dim=10
models.architecture.n_encoder_layers=1
models.architecture.n_decoder_layers=1    avg_loss: 0.000004521397  time_per_window : 0.000184   progress : 0.765
name: input_len=16
training.rollout_steps=8
models.architecture.block_type=cls
training.mode=gml_rollout
models.out_dim=10
models.architecture.n_encoder_layers=1
models.architecture.n_decoder_layers=1    avg_loss: 0.000003586708  time_per_window : 0.000166   progress : 0.775
name: input_len=16
training.rollout_steps=8
models.architecture.block_type=cls
training.mode=gml_rollout
models.out_dim=10
models.architecture.n_encoder_layers=1
models.architecture.n_decoder_layers=1    avg_loss: 0.000004387549  time_per_window : 0.000197   progress : 0.786
name: input_len=16
training.rollout_steps=8
models.architecture.block_type=cls
training.mode=gml_rollout
models.out_dim=10
models.architecture.n_encoder_layers=1
models.architecture.n_decoder_layers=1    avg_loss: 0.000004188398  time_per_window : 0.000182   progress : 0.797
name: input_len=16
training.rollout_steps=8
models.architecture.block_type=cls
training.mode=gml_rollout
models.out_dim=10
models.architecture.n_encoder_layers=1
models.architecture.n_decoder_layers=1    avg_loss: 0.000004547792  time_per_window : 0.000160   progress : 0.808
name: input_len=16
training.rollout_steps=8
models.architecture.block_type=cls
training.mode=gml_rollout
models.out_dim=10
models.architecture.n_encoder_layers=1
models.architecture.n_decoder_layers=1    avg_loss: 0.000003184037  time_per_window : 0.000130   progress : 0.819
name: input_len=16
training.rollout_steps=8
models.architecture.block_type=cls
training.mode=gml_rollout
models.out_dim=10
models.architecture.n_encoder_layers=1
models.architecture.n_decoder_layers=1    avg_loss: 0.000004976427  time_per_window : 0.000198   progress : 0.830
name: input_len=16
training.rollout_steps=8
models.architecture.block_type=cls
training.mode=gml_rollout
models.out_dim=10
models.architecture.n_encoder_layers=1
models.architecture.n_decoder_layers=1    avg_loss: 0.000003650620  time_per_window : 0.000163   progress : 0.841
name: input_len=16
training.rollout_steps=8
models.architecture.block_type=cls
training.mode=gml_rollout
models.out_dim=10
models.architecture.n_encoder_layers=1
models.architecture.n_decoder_layers=1    avg_loss: 0.000002923053  time_per_window : 0.000175   progress : 0.852
name: input_len=16
training.rollout_steps=8
models.architecture.block_type=cls
training.mode=gml_rollout
models.out_dim=10
models.architecture.n_encoder_layers=1
models.architecture.n_decoder_layers=1    avg_loss: 0.000004192930  time_per_window : 0.000148   progress : 0.863
name: input_len=16
training.rollout_steps=8
models.architecture.block_type=cls
training.mode=gml_rollout
models.out_dim=10
models.architecture.n_encoder_layers=1
models.architecture.n_decoder_layers=1    avg_loss: 0.000003358463  time_per_window : 0.000172   progress : 0.874
name: input_len=16
training.rollout_steps=8
models.architecture.block_type=cls
training.mode=gml_rollout
models.out_dim=10
models.architecture.n_encoder_layers=1
models.architecture.n_decoder_layers=1    avg_loss: 0.000003511703  time_per_window : 0.000204   progress : 0.885
name: input_len=16
training.rollout_steps=8
models.architecture.block_type=cls
training.mode=gml_rollout
models.out_dim=10
models.architecture.n_encoder_layers=1
models.architecture.n_decoder_layers=1    avg_loss: 0.000003601421  time_per_window : 0.000178   progress : 0.896
name: input_len=16
training.rollout_steps=8
models.architecture.block_type=cls
training.mode=gml_rollout
models.out_dim=10
models.architecture.n_encoder_layers=1
models.architecture.n_decoder_layers=1    avg_loss: 0.000003107469  time_per_window : 0.000210   progress : 0.907
name: input_len=16
training.rollout_steps=8
models.architecture.block_type=cls
training.mode=gml_rollout
models.out_dim=10
models.architecture.n_encoder_layers=1
models.architecture.n_decoder_layers=1    avg_loss: 0.000003814316  time_per_window : 0.000184   progress : 0.917
name: input_len=16
training.rollout_steps=8
models.architecture.block_type=cls
training.mode=gml_rollout
models.out_dim=10
models.architecture.n_encoder_layers=1
models.architecture.n_decoder_layers=1    avg_loss: 0.000002889722  time_per_window : 0.000167   progress : 0.928
name: input_len=16
training.rollout_steps=8
models.architecture.block_type=cls
training.mode=gml_rollout
models.out_dim=10
models.architecture.n_encoder_layers=1
models.architecture.n_decoder_layers=1    avg_loss: 0.000003778522  time_per_window : 0.000108   progress : 0.939
name: input_len=16
training.rollout_steps=8
models.architecture.block_type=cls
training.mode=gml_rollout
models.out_dim=10
models.architecture.n_encoder_layers=1
models.architecture.n_decoder_layers=1    avg_loss: 0.000002661590  time_per_window : 0.000188   progress : 0.950
name: input_len=16
training.rollout_steps=8
models.architecture.block_type=cls
training.mode=gml_rollout
models.out_dim=10
models.architecture.n_encoder_layers=1
models.architecture.n_decoder_layers=1    avg_loss: 0.000003338288  time_per_window : 0.000161   progress : 0.961
name: input_len=16
training.rollout_steps=8
models.architecture.block_type=cls
training.mode=gml_rollout
models.out_dim=10
models.architecture.n_encoder_layers=1
models.architecture.n_decoder_layers=1    avg_loss: 0.000003048052  time_per_window : 0.000218   progress : 0.972
name: input_len=16
training.rollout_steps=8
models.architecture.block_type=cls
training.mode=gml_rollout
models.out_dim=10
models.architecture.n_encoder_layers=1
models.architecture.n_decoder_layers=1    avg_loss: 0.000003154736  time_per_window : 0.000135   progress : 0.983/home/jdihardjo/miniconda3/envs/mavenv/lib/python3.11/site-packages/torch/_inductor/cudagraph_trees.py:2622: UserWarning: Unable to hit fast path of CUDAGraphs because outputs from a previous step still require backward. Ensure backward() is invoked or detach outputs. You may also call torch.compiler.cudagraph_mark_step_begin() before each model invocation.
  warnings.warn(
/home/jdihardjo/miniconda3/envs/mavenv/lib/python3.11/site-packages/torch/_inductor/cudagraph_trees.py:2622: UserWarning: Unable to hit fast path of CUDAGraphs because outputs from a previous step still require backward. Ensure backward() is invoked or detach outputs. You may also call torch.compiler.cudagraph_mark_step_begin() before each model invocation.
  warnings.warn(

name: input_len=16
training.rollout_steps=8
models.architecture.block_type=cls
training.mode=gml_rollout
models.out_dim=10
models.architecture.n_encoder_layers=1
models.architecture.n_decoder_layers=1    avg_loss: 0.000002905777  time_per_window : 0.000158   progress : 0.994
name: input_len=16
training.rollout_steps=8
models.architecture.block_type=cls
training.mode=gml_rollout
models.out_dim=10
models.architecture.n_encoder_layers=1
models.architecture.n_decoder_layers=1    avg_loss: 0.000018594837  time_per_window : 0.000183   progress : 0.011
name: input_len=16
training.rollout_steps=8
models.architecture.block_type=cls
training.mode=gml_rollout
models.out_dim=10
models.architecture.n_encoder_layers=1
models.architecture.n_decoder_layers=1    avg_loss: 0.000000402407  time_per_window : 0.000143   progress : 0.022
name: input_len=16
training.rollout_steps=8
models.architecture.block_type=cls
training.mode=gml_rollout
models.out_dim=10
models.architecture.n_encoder_layers=1
models.architecture.n_decoder_layers=1    avg_loss: 0.000000916856  time_per_window : 0.000158   progress : 0.033
name: input_len=16
training.rollout_steps=8
models.architecture.block_type=cls
training.mode=gml_rollout
models.out_dim=10
models.architecture.n_encoder_layers=1
models.architecture.n_decoder_layers=1    avg_loss: 0.000001991640  time_per_window : 0.000161   progress : 0.044
name: input_len=16
training.rollout_steps=8
models.architecture.block_type=cls
training.mode=gml_rollout
models.out_dim=10
models.architecture.n_encoder_layers=1
models.architecture.n_decoder_layers=1    avg_loss: 0.000002540861  time_per_window : 0.000157   progress : 0.055
name: input_len=16
training.rollout_steps=8
models.architecture.block_type=cls
training.mode=gml_rollout
models.out_dim=10
models.architecture.n_encoder_layers=1
models.architecture.n_decoder_layers=1    avg_loss: 0.000003047108  time_per_window : 0.000208   progress : 0.066
name: input_len=16
training.rollout_steps=8
models.architecture.block_type=cls
training.mode=gml_rollout
models.out_dim=10
models.architecture.n_encoder_layers=1
models.architecture.n_decoder_layers=1    avg_loss: 0.000002210100  time_per_window : 0.000170   progress : 0.076
name: input_len=16
training.rollout_steps=8
models.architecture.block_type=cls
training.mode=gml_rollout
models.out_dim=10
models.architecture.n_encoder_layers=1
models.architecture.n_decoder_layers=1    avg_loss: 0.000002965122  time_per_window : 0.000189   progress : 0.087
name: input_len=16
training.rollout_steps=8
models.architecture.block_type=cls
training.mode=gml_rollout
models.out_dim=10
models.architecture.n_encoder_layers=1
models.architecture.n_decoder_layers=1    avg_loss: 0.000002174501  time_per_window : 0.000167   progress : 0.098
name: input_len=16
training.rollout_steps=8
models.architecture.block_type=cls
training.mode=gml_rollout
models.out_dim=10
models.architecture.n_encoder_layers=1
models.architecture.n_decoder_layers=1    avg_loss: 0.000002495758  time_per_window : 0.000168   progress : 0.109
name: input_len=16
training.rollout_steps=8
models.architecture.block_type=cls
training.mode=gml_rollout
models.out_dim=10
models.architecture.n_encoder_layers=1
models.architecture.n_decoder_layers=1    avg_loss: 0.000002590917  time_per_window : 0.000201   progress : 0.120
name: input_len=16
training.rollout_steps=8
models.architecture.block_type=cls
training.mode=gml_rollout
models.out_dim=10
models.architecture.n_encoder_layers=1
models.architecture.n_decoder_layers=1    avg_loss: 0.000002660759  time_per_window : 0.000126   progress : 0.131
name: input_len=16
training.rollout_steps=8
models.architecture.block_type=cls
training.mode=gml_rollout
models.out_dim=10
models.architecture.n_encoder_layers=1
models.architecture.n_decoder_layers=1    avg_loss: 0.000002498496  time_per_window : 0.000157   progress : 0.142
name: input_len=16
training.rollout_steps=8
models.architecture.block_type=cls
training.mode=gml_rollout
models.out_dim=10
models.architecture.n_encoder_layers=1
models.architecture.n_decoder_layers=1    avg_loss: 0.000002144180  time_per_window : 0.000149   progress : 0.153
name: input_len=16
training.rollout_steps=8
models.architecture.block_type=cls
training.mode=gml_rollout
models.out_dim=10
models.architecture.n_encoder_layers=1
models.architecture.n_decoder_layers=1    avg_loss: 0.000002378637  time_per_window : 0.000180   progress : 0.164
name: input_len=16
training.rollout_steps=8
models.architecture.block_type=cls
training.mode=gml_rollout
models.out_dim=10
models.architecture.n_encoder_layers=1
models.architecture.n_decoder_layers=1    avg_loss: 0.000002306955  time_per_window : 0.000164   progress : 0.175
name: input_len=16
training.rollout_steps=8
models.architecture.block_type=cls
training.mode=gml_rollout
models.out_dim=10
models.architecture.n_encoder_layers=1
models.architecture.n_decoder_layers=1    avg_loss: 0.000002522552  time_per_window : 0.000152   progress : 0.186
name: input_len=16
training.rollout_steps=8
models.architecture.block_type=cls
training.mode=gml_rollout
models.out_dim=10
models.architecture.n_encoder_layers=1
models.architecture.n_decoder_layers=1    avg_loss: 0.000002444759  time_per_window : 0.000241   progress : 0.197
name: input_len=16
training.rollout_steps=8
models.architecture.block_type=cls
training.mode=gml_rollout
models.out_dim=10
models.architecture.n_encoder_layers=1
models.architecture.n_decoder_layers=1    avg_loss: 0.000002185071  time_per_window : 0.000139   progress : 0.208
name: input_len=16
training.rollout_steps=8
models.architecture.block_type=cls
training.mode=gml_rollout
models.out_dim=10
models.architecture.n_encoder_layers=1
models.architecture.n_decoder_layers=1    avg_loss: 0.000002385840  time_per_window : 0.000153   progress : 0.218
name: input_len=16
training.rollout_steps=8
models.architecture.block_type=cls
training.mode=gml_rollout
models.out_dim=10
models.architecture.n_encoder_layers=1
models.architecture.n_decoder_layers=1    avg_loss: 0.000002317214  time_per_window : 0.000200   progress : 0.229
name: input_len=16
training.rollout_steps=8
models.architecture.block_type=cls
training.mode=gml_rollout
models.out_dim=10
models.architecture.n_encoder_layers=1
models.architecture.n_decoder_layers=1    avg_loss: 0.000001855672  time_per_window : 0.000173   progress : 0.240
name: input_len=16
training.rollout_steps=8
models.architecture.block_type=cls
training.mode=gml_rollout
models.out_dim=10
models.architecture.n_encoder_layers=1
models.architecture.n_decoder_layers=1    avg_loss: 0.000002167424  time_per_window : 0.000138   progress : 0.251
name: input_len=16
training.rollout_steps=8
models.architecture.block_type=cls
training.mode=gml_rollout
models.out_dim=10
models.architecture.n_encoder_layers=1
models.architecture.n_decoder_layers=1    avg_loss: 0.000002178906  time_per_window : 0.000173   progress : 0.262
name: input_len=16
training.rollout_steps=8
models.architecture.block_type=cls
training.mode=gml_rollout
models.out_dim=10
models.architecture.n_encoder_layers=1
models.architecture.n_decoder_layers=1    avg_loss: 0.000002164393  time_per_window : 0.000184   progress : 0.273
name: input_len=16
training.rollout_steps=8
models.architecture.block_type=cls
training.mode=gml_rollout
models.out_dim=10
models.architecture.n_encoder_layers=1
models.architecture.n_decoder_layers=1    avg_loss: 0.000001930679  time_per_window : 0.000171   progress : 0.284
name: input_len=16
training.rollout_steps=8
models.architecture.block_type=cls
training.mode=gml_rollout
models.out_dim=10
models.architecture.n_encoder_layers=1
models.architecture.n_decoder_layers=1    avg_loss: 0.000002237896  time_per_window : 0.000178   progress : 0.295
name: input_len=16
training.rollout_steps=8
models.architecture.block_type=cls
training.mode=gml_rollout
models.out_dim=10
models.architecture.n_encoder_layers=1
models.architecture.n_decoder_layers=1    avg_loss: 0.000001919990  time_per_window : 0.000155   progress : 0.306
name: input_len=16
training.rollout_steps=8
models.architecture.block_type=cls
training.mode=gml_rollout
models.out_dim=10
models.architecture.n_encoder_layers=1
models.architecture.n_decoder_layers=1    avg_loss: 0.000001978950  time_per_window : 0.000192   progress : 0.317
name: input_len=16
training.rollout_steps=8
models.architecture.block_type=cls
training.mode=gml_rollout
models.out_dim=10
models.architecture.n_encoder_layers=1
models.architecture.n_decoder_layers=1    avg_loss: 0.000001875632  time_per_window : 0.000142   progress : 0.328
name: input_len=16
training.rollout_steps=8
models.architecture.block_type=cls
training.mode=gml_rollout
models.out_dim=10
models.architecture.n_encoder_layers=1
models.architecture.n_decoder_layers=1    avg_loss: 0.000002120547  time_per_window : 0.000147   progress : 0.339
name: input_len=16
training.rollout_steps=8
models.architecture.block_type=cls
training.mode=gml_rollout
models.out_dim=10
models.architecture.n_encoder_layers=1
models.architecture.n_decoder_layers=1    avg_loss: 0.000001925127  time_per_window : 0.000142   progress : 0.350
name: input_len=16
training.rollout_steps=8
models.architecture.block_type=cls
training.mode=gml_rollout
models.out_dim=10
models.architecture.n_encoder_layers=1
models.architecture.n_decoder_layers=1    avg_loss: 0.000001647238  time_per_window : 0.000164   progress : 0.360
name: input_len=16
training.rollout_steps=8
models.architecture.block_type=cls
training.mode=gml_rollout
models.out_dim=10
models.architecture.n_encoder_layers=1
models.architecture.n_decoder_layers=1    avg_loss: 0.000002068033  time_per_window : 0.000184   progress : 0.371
name: input_len=16
training.rollout_steps=8
models.architecture.block_type=cls
training.mode=gml_rollout
models.out_dim=10
models.architecture.n_encoder_layers=1
models.architecture.n_decoder_layers=1    avg_loss: 0.000001537922  time_per_window : 0.000149   progress : 0.382
name: input_len=16
training.rollout_steps=8
models.architecture.block_type=cls
training.mode=gml_rollout
models.out_dim=10
models.architecture.n_encoder_layers=1
models.architecture.n_decoder_layers=1    avg_loss: 0.000001731585  time_per_window : 0.000146   progress : 0.393
name: input_len=16
training.rollout_steps=8
models.architecture.block_type=cls
training.mode=gml_rollout
models.out_dim=10
models.architecture.n_encoder_layers=1
models.architecture.n_decoder_layers=1    avg_loss: 0.000001831916  time_per_window : 0.000121   progress : 0.404
name: input_len=16
training.rollout_steps=8
models.architecture.block_type=cls
training.mode=gml_rollout
models.out_dim=10
models.architecture.n_encoder_layers=1
models.architecture.n_decoder_layers=1    avg_loss: 0.000001798944  time_per_window : 0.000155   progress : 0.415
name: input_len=16
training.rollout_steps=8
models.architecture.block_type=cls
training.mode=gml_rollout
models.out_dim=10
models.architecture.n_encoder_layers=1
models.architecture.n_decoder_layers=1    avg_loss: 0.000001690840  time_per_window : 0.000219   progress : 0.426
name: input_len=16
training.rollout_steps=8
models.architecture.block_type=cls
training.mode=gml_rollout
models.out_dim=10
models.architecture.n_encoder_layers=1
models.architecture.n_decoder_layers=1    avg_loss: 0.000001690210  time_per_window : 0.000160   progress : 0.437
name: input_len=16
training.rollout_steps=8
models.architecture.block_type=cls
training.mode=gml_rollout
models.out_dim=10
models.architecture.n_encoder_layers=1
models.architecture.n_decoder_layers=1    avg_loss: 0.000001557457  time_per_window : 0.000152   progress : 0.448
name: input_len=16
training.rollout_steps=8
models.architecture.block_type=cls
training.mode=gml_rollout
models.out_dim=10
models.architecture.n_encoder_layers=1
models.architecture.n_decoder_layers=1    avg_loss: 0.000001860730  time_per_window : 0.000175   progress : 0.459
name: input_len=16
training.rollout_steps=8
models.architecture.block_type=cls
training.mode=gml_rollout
models.out_dim=10
models.architecture.n_encoder_layers=1
models.architecture.n_decoder_layers=1    avg_loss: 0.000001503453  time_per_window : 0.000162   progress : 0.470
name: input_len=16
training.rollout_steps=8
models.architecture.block_type=cls
training.mode=gml_rollout
models.out_dim=10
models.architecture.n_encoder_layers=1
models.architecture.n_decoder_layers=1    avg_loss: 0.000001391533  time_per_window : 0.000173   progress : 0.481
name: input_len=16
training.rollout_steps=8
models.architecture.block_type=cls
training.mode=gml_rollout
models.out_dim=10
models.architecture.n_encoder_layers=1
models.architecture.n_decoder_layers=1    avg_loss: 0.000001759939  time_per_window : 0.000142   progress : 0.492
name: input_len=16
training.rollout_steps=8
models.architecture.block_type=cls
training.mode=gml_rollout
models.out_dim=10
models.architecture.n_encoder_layers=1
models.architecture.n_decoder_layers=1    avg_loss: 0.000001468206  time_per_window : 0.000145   progress : 0.502
name: input_len=16
training.rollout_steps=8
models.architecture.block_type=cls
training.mode=gml_rollout
models.out_dim=10
models.architecture.n_encoder_layers=1
models.architecture.n_decoder_layers=1    avg_loss: 0.000001654576  time_per_window : 0.000157   progress : 0.513
name: input_len=16
training.rollout_steps=8
models.architecture.block_type=cls
training.mode=gml_rollout
models.out_dim=10
models.architecture.n_encoder_layers=1
models.architecture.n_decoder_layers=1    avg_loss: 0.000001305110  time_per_window : 0.000169   progress : 0.524
name: input_len=16
training.rollout_steps=8
models.architecture.block_type=cls
training.mode=gml_rollout
models.out_dim=10
models.architecture.n_encoder_layers=1
models.architecture.n_decoder_layers=1    avg_loss: 0.000001615456  time_per_window : 0.000160   progress : 0.535
name: input_len=16
training.rollout_steps=8
models.architecture.block_type=cls
training.mode=gml_rollout
models.out_dim=10
models.architecture.n_encoder_layers=1
models.architecture.n_decoder_layers=1    avg_loss: 0.000001394414  time_per_window : 0.000182   progress : 0.546
name: input_len=16
training.rollout_steps=8
models.architecture.block_type=cls
training.mode=gml_rollout
models.out_dim=10
models.architecture.n_encoder_layers=1
models.architecture.n_decoder_layers=1    avg_loss: 0.000001399803  time_per_window : 0.000160   progress : 0.557
name: input_len=16
training.rollout_steps=8
models.architecture.block_type=cls
training.mode=gml_rollout
models.out_dim=10
models.architecture.n_encoder_layers=1
models.architecture.n_decoder_layers=1    avg_loss: 0.000001216192  time_per_window : 0.000155   progress : 0.568
name: input_len=16
training.rollout_steps=8
models.architecture.block_type=cls
training.mode=gml_rollout
models.out_dim=10
models.architecture.n_encoder_layers=1
models.architecture.n_decoder_layers=1    avg_loss: 0.000001683901  time_per_window : 0.000175   progress : 0.579
name: input_len=16
training.rollout_steps=8
models.architecture.block_type=cls
training.mode=gml_rollout
models.out_dim=10
models.architecture.n_encoder_layers=1
models.architecture.n_decoder_layers=1    avg_loss: 0.000001166665  time_per_window : 0.000226   progress : 0.590
name: input_len=16
training.rollout_steps=8
models.architecture.block_type=cls
training.mode=gml_rollout
models.out_dim=10
models.architecture.n_encoder_layers=1
models.architecture.n_decoder_layers=1    avg_loss: 0.000001509945  time_per_window : 0.000159   progress : 0.601
name: input_len=16
training.rollout_steps=8
models.architecture.block_type=cls
training.mode=gml_rollout
models.out_dim=10
models.architecture.n_encoder_layers=1
models.architecture.n_decoder_layers=1    avg_loss: 0.000001370439  time_per_window : 0.000188   progress : 0.612
name: input_len=16
training.rollout_steps=8
models.architecture.block_type=cls
training.mode=gml_rollout
models.out_dim=10
models.architecture.n_encoder_layers=1
models.architecture.n_decoder_layers=1    avg_loss: 0.000001346653  time_per_window : 0.000181   progress : 0.623
name: input_len=16
training.rollout_steps=8
models.architecture.block_type=cls
training.mode=gml_rollout
models.out_dim=10
models.architecture.n_encoder_layers=1
models.architecture.n_decoder_layers=1    avg_loss: 0.000001415846  time_per_window : 0.000180   progress : 0.634
name: input_len=16
training.rollout_steps=8
models.architecture.block_type=cls
training.mode=gml_rollout
models.out_dim=10
models.architecture.n_encoder_layers=1
models.architecture.n_decoder_layers=1    avg_loss: 0.000001144588  time_per_window : 0.000180   progress : 0.644
name: input_len=16
training.rollout_steps=8
models.architecture.block_type=cls
training.mode=gml_rollout
models.out_dim=10
models.architecture.n_encoder_layers=1
models.architecture.n_decoder_layers=1    avg_loss: 0.000001511400  time_per_window : 0.000208   progress : 0.655
name: input_len=16
training.rollout_steps=8
models.architecture.block_type=cls
training.mode=gml_rollout
models.out_dim=10
models.architecture.n_encoder_layers=1
models.architecture.n_decoder_layers=1    avg_loss: 0.000001170917  time_per_window : 0.000152   progress : 0.666
name: input_len=16
training.rollout_steps=8
models.architecture.block_type=cls
training.mode=gml_rollout
models.out_dim=10
models.architecture.n_encoder_layers=1
models.architecture.n_decoder_layers=1    avg_loss: 0.000001073554  time_per_window : 0.000159   progress : 0.677
name: input_len=16
training.rollout_steps=8
models.architecture.block_type=cls
training.mode=gml_rollout
models.out_dim=10
models.architecture.n_encoder_layers=1
models.architecture.n_decoder_layers=1    avg_loss: 0.000001202959  time_per_window : 0.000168   progress : 0.688
name: input_len=16
training.rollout_steps=8
models.architecture.block_type=cls
training.mode=gml_rollout
models.out_dim=10
models.architecture.n_encoder_layers=1
models.architecture.n_decoder_layers=1    avg_loss: 0.000001288183  time_per_window : 0.000169   progress : 0.699
name: input_len=16
training.rollout_steps=8
models.architecture.block_type=cls
training.mode=gml_rollout
models.out_dim=10
models.architecture.n_encoder_layers=1
models.architecture.n_decoder_layers=1    avg_loss: 0.000001266413  time_per_window : 0.000136   progress : 0.710
name: input_len=16
training.rollout_steps=8
models.architecture.block_type=cls
training.mode=gml_rollout
models.out_dim=10
models.architecture.n_encoder_layers=1
models.architecture.n_decoder_layers=1    avg_loss: 0.000000995544  time_per_window : 0.000208   progress : 0.721
name: input_len=16
training.rollout_steps=8
models.architecture.block_type=cls
training.mode=gml_rollout
models.out_dim=10
models.architecture.n_encoder_layers=1
models.architecture.n_decoder_layers=1    avg_loss: 0.000001072645  time_per_window : 0.000186   progress : 0.732
name: input_len=16
training.rollout_steps=8
models.architecture.block_type=cls
training.mode=gml_rollout
models.out_dim=10
models.architecture.n_encoder_layers=1
models.architecture.n_decoder_layers=1    avg_loss: 0.000001356223  time_per_window : 0.000193   progress : 0.743
name: input_len=16
training.rollout_steps=8
models.architecture.block_type=cls
training.mode=gml_rollout
models.out_dim=10
models.architecture.n_encoder_layers=1
models.architecture.n_decoder_layers=1    avg_loss: 0.000000921002  time_per_window : 0.000173   progress : 0.754
name: input_len=16
training.rollout_steps=8
models.architecture.block_type=cls
training.mode=gml_rollout
models.out_dim=10
models.architecture.n_encoder_layers=1
models.architecture.n_decoder_layers=1    avg_loss: 0.000001210563  time_per_window : 0.000176   progress : 0.765
name: input_len=16
training.rollout_steps=8
models.architecture.block_type=cls
training.mode=gml_rollout
models.out_dim=10
models.architecture.n_encoder_layers=1
models.architecture.n_decoder_layers=1    avg_loss: 0.000001107562  time_per_window : 0.000162   progress : 0.775
name: input_len=16
training.rollout_steps=8
models.architecture.block_type=cls
training.mode=gml_rollout
models.out_dim=10
models.architecture.n_encoder_layers=1
models.architecture.n_decoder_layers=1    avg_loss: 0.000001048219  time_per_window : 0.000175   progress : 0.786
name: input_len=16
training.rollout_steps=8
models.architecture.block_type=cls
training.mode=gml_rollout
models.out_dim=10
models.architecture.n_encoder_layers=1
models.architecture.n_decoder_layers=1    avg_loss: 0.000001084146  time_per_window : 0.000192   progress : 0.797
name: input_len=16
training.rollout_steps=8
models.architecture.block_type=cls
training.mode=gml_rollout
models.out_dim=10
models.architecture.n_encoder_layers=1
models.architecture.n_decoder_layers=1    avg_loss: 0.000000972435  time_per_window : 0.000186   progress : 0.808
name: input_len=16
training.rollout_steps=8
models.architecture.block_type=cls
training.mode=gml_rollout
models.out_dim=10
models.architecture.n_encoder_layers=1
models.architecture.n_decoder_layers=1    avg_loss: 0.000000963908  time_per_window : 0.000220   progress : 0.819
name: input_len=16
training.rollout_steps=8
models.architecture.block_type=cls
training.mode=gml_rollout
models.out_dim=10
models.architecture.n_encoder_layers=1
models.architecture.n_decoder_layers=1    avg_loss: 0.000001207004  time_per_window : 0.000156   progress : 0.830
name: input_len=16
training.rollout_steps=8
models.architecture.block_type=cls
training.mode=gml_rollout
models.out_dim=10
models.architecture.n_encoder_layers=1
models.architecture.n_decoder_layers=1    avg_loss: 0.000000990461  time_per_window : 0.000149   progress : 0.841
name: input_len=16
training.rollout_steps=8
models.architecture.block_type=cls
training.mode=gml_rollout
models.out_dim=10
models.architecture.n_encoder_layers=1
models.architecture.n_decoder_layers=1    avg_loss: 0.000001998677  time_per_window : 0.000165   progress : 0.852
name: input_len=16
training.rollout_steps=8
models.architecture.block_type=cls
training.mode=gml_rollout
models.out_dim=10
models.architecture.n_encoder_layers=1
models.architecture.n_decoder_layers=1    avg_loss: 0.000000416251  time_per_window : 0.000143   progress : 0.863
name: input_len=16
training.rollout_steps=8
models.architecture.block_type=cls
training.mode=gml_rollout
models.out_dim=10
models.architecture.n_encoder_layers=1
models.architecture.n_decoder_layers=1    avg_loss: 0.000000665484  time_per_window : 0.000144   progress : 0.874
name: input_len=16
training.rollout_steps=8
models.architecture.block_type=cls
training.mode=gml_rollout
models.out_dim=10
models.architecture.n_encoder_layers=1
models.architecture.n_decoder_layers=1    avg_loss: 0.000000963926  time_per_window : 0.000204   progress : 0.885
name: input_len=16
training.rollout_steps=8
models.architecture.block_type=cls
training.mode=gml_rollout
models.out_dim=10
models.architecture.n_encoder_layers=1
models.architecture.n_decoder_layers=1    avg_loss: 0.000000978936  time_per_window : 0.000147   progress : 0.896
name: input_len=16
training.rollout_steps=8
models.architecture.block_type=cls
training.mode=gml_rollout
models.out_dim=10
models.architecture.n_encoder_layers=1
models.architecture.n_decoder_layers=1    avg_loss: 0.000000748081  time_per_window : 0.000205   progress : 0.907
name: input_len=16
training.rollout_steps=8
models.architecture.block_type=cls
training.mode=gml_rollout
models.out_dim=10
models.architecture.n_encoder_layers=1
models.architecture.n_decoder_layers=1    avg_loss: 0.000000989902  time_per_window : 0.000166   progress : 0.917
name: input_len=16
training.rollout_steps=8
models.architecture.block_type=cls
training.mode=gml_rollout
models.out_dim=10
models.architecture.n_encoder_layers=1
models.architecture.n_decoder_layers=1    avg_loss: 0.000001037763  time_per_window : 0.000157   progress : 0.928
name: input_len=16
training.rollout_steps=8
models.architecture.block_type=cls
training.mode=gml_rollout
models.out_dim=10
models.architecture.n_encoder_layers=1
models.architecture.n_decoder_layers=1    avg_loss: 0.000000825430  time_per_window : 0.000151   progress : 0.939
name: input_len=16
training.rollout_steps=8
models.architecture.block_type=cls
training.mode=gml_rollout
models.out_dim=10
models.architecture.n_encoder_layers=1
models.architecture.n_decoder_layers=1    avg_loss: 0.000000866010  time_per_window : 0.000143   progress : 0.950
name: input_len=16
training.rollout_steps=8
models.architecture.block_type=cls
training.mode=gml_rollout
models.out_dim=10
models.architecture.n_encoder_layers=1
models.architecture.n_decoder_layers=1    avg_loss: 0.000000881960  time_per_window : 0.000150   progress : 0.961
name: input_len=16
training.rollout_steps=8
models.architecture.block_type=cls
training.mode=gml_rollout
models.out_dim=10
models.architecture.n_encoder_layers=1
models.architecture.n_decoder_layers=1    avg_loss: 0.000000913026  time_per_window : 0.000160   progress : 0.972
name: input_len=16
training.rollout_steps=8
models.architecture.block_type=cls
training.mode=gml_rollout
models.out_dim=10
models.architecture.n_encoder_layers=1
models.architecture.n_decoder_layers=1    avg_loss: 0.000000982864  time_per_window : 0.000232   progress : 0.983
name: input_len=16
training.rollout_steps=8
models.architecture.block_type=cls
training.mode=gml_rollout
models.out_dim=10
models.architecture.n_encoder_layers=1
models.architecture.n_decoder_layers=1    avg_loss: 0.000000716425  time_per_window : 0.000170   progress : 0.994
name: input_len=16
training.rollout_steps=8
models.architecture.block_type=cls
training.mode=gml_rollout
models.out_dim=10
models.architecture.n_encoder_layers=1
models.architecture.n_decoder_layers=1    avg_loss: 0.000314413221  time_per_window : 0.000179   progress : 0.011
name: input_len=16
training.rollout_steps=8
models.architecture.block_type=cls
training.mode=gml_rollout
models.out_dim=10
models.architecture.n_encoder_layers=1
models.architecture.n_decoder_layers=1    avg_loss: 0.000000369955  time_per_window : 0.000157   progress : 0.022
name: input_len=16
training.rollout_steps=8
models.architecture.block_type=cls
training.mode=gml_rollout
models.out_dim=10
models.architecture.n_encoder_layers=1
models.architecture.n_decoder_layers=1    avg_loss: 0.000000331380  time_per_window : 0.000184   progress : 0.033
name: input_len=16
training.rollout_steps=8
models.architecture.block_type=cls
training.mode=gml_rollout
models.out_dim=10
models.architecture.n_encoder_layers=1
models.architecture.n_decoder_layers=1    avg_loss: 0.000000326718  time_per_window : 0.000168   progress : 0.044
name: input_len=16
training.rollout_steps=8
models.architecture.block_type=cls
training.mode=gml_rollout
models.out_dim=10
models.architecture.n_encoder_layers=1
models.architecture.n_decoder_layers=1    avg_loss: 0.000000289228  time_per_window : 0.000141   progress : 0.055
name: input_len=16
training.rollout_steps=8
models.architecture.block_type=cls
training.mode=gml_rollout
models.out_dim=10
models.architecture.n_encoder_layers=1
models.architecture.n_decoder_layers=1    avg_loss: 0.000000282242  time_per_window : 0.000153   progress : 0.066
name: input_len=16
training.rollout_steps=8
models.architecture.block_type=cls
training.mode=gml_rollout
models.out_dim=10
models.architecture.n_encoder_layers=1
models.architecture.n_decoder_layers=1    avg_loss: 0.000000296319  time_per_window : 0.000156   progress : 0.076
name: input_len=16
training.rollout_steps=8
models.architecture.block_type=cls
training.mode=gml_rollout
models.out_dim=10
models.architecture.n_encoder_layers=1
models.architecture.n_decoder_layers=1    avg_loss: 0.000000283482  time_per_window : 0.000161   progress : 0.087
name: input_len=16
training.rollout_steps=8
models.architecture.block_type=cls
training.mode=gml_rollout
models.out_dim=10
models.architecture.n_encoder_layers=1
models.architecture.n_decoder_layers=1    avg_loss: 0.000000319662  time_per_window : 0.000195   progress : 0.098
name: input_len=16
training.rollout_steps=8
models.architecture.block_type=cls
training.mode=gml_rollout
models.out_dim=10
models.architecture.n_encoder_layers=1
models.architecture.n_decoder_layers=1    avg_loss: 0.000000293681  time_per_window : 0.000178   progress : 0.109
name: input_len=16
training.rollout_steps=8
models.architecture.block_type=cls
training.mode=gml_rollout
models.out_dim=10
models.architecture.n_encoder_layers=1
models.architecture.n_decoder_layers=1    avg_loss: 0.000000286825  time_per_window : 0.000124   progress : 0.120
name: input_len=16
training.rollout_steps=8
models.architecture.block_type=cls
training.mode=gml_rollout
models.out_dim=10
models.architecture.n_encoder_layers=1
models.architecture.n_decoder_layers=1    avg_loss: 0.000000333570  time_per_window : 0.000163   progress : 0.131
name: input_len=16
training.rollout_steps=8
models.architecture.block_type=cls
training.mode=gml_rollout
models.out_dim=10
models.architecture.n_encoder_layers=1
models.architecture.n_decoder_layers=1    avg_loss: 0.000000514036  time_per_window : 0.000111   progress : 0.142
name: input_len=16
training.rollout_steps=8
models.architecture.block_type=cls
training.mode=gml_rollout
models.out_dim=10
models.architecture.n_encoder_layers=1
models.architecture.n_decoder_layers=1    avg_loss: 0.000000537786  time_per_window : 0.000181   progress : 0.153
name: input_len=16
training.rollout_steps=8
models.architecture.block_type=cls
training.mode=gml_rollout
models.out_dim=10
models.architecture.n_encoder_layers=1
models.architecture.n_decoder_layers=1    avg_loss: 0.000000561352  time_per_window : 0.000141   progress : 0.164
name: input_len=16
training.rollout_steps=8
models.architecture.block_type=cls
training.mode=gml_rollout
models.out_dim=10
models.architecture.n_encoder_layers=1
models.architecture.n_decoder_layers=1    avg_loss: 0.000000913898  time_per_window : 0.000121   progress : 0.175
name: input_len=16
training.rollout_steps=8
models.architecture.block_type=cls
training.mode=gml_rollout
models.out_dim=10
models.architecture.n_encoder_layers=1
models.architecture.n_decoder_layers=1    avg_loss: 0.000001092368  time_per_window : 0.000133   progress : 0.186
name: input_len=16
training.rollout_steps=8
models.architecture.block_type=cls
training.mode=gml_rollout
models.out_dim=10
models.architecture.n_encoder_layers=1
models.architecture.n_decoder_layers=1    avg_loss: 0.000001244797  time_per_window : 0.000197   progress : 0.197
name: input_len=16
training.rollout_steps=8
models.architecture.block_type=cls
training.mode=gml_rollout
models.out_dim=10
models.architecture.n_encoder_layers=1
models.architecture.n_decoder_layers=1    avg_loss: 0.000001264093  time_per_window : 0.000156   progress : 0.208
name: input_len=16
training.rollout_steps=8
models.architecture.block_type=cls
training.mode=gml_rollout
models.out_dim=10
models.architecture.n_encoder_layers=1
models.architecture.n_decoder_layers=1    avg_loss: 0.000001254787  time_per_window : 0.000166   progress : 0.218
name: input_len=16
training.rollout_steps=8
models.architecture.block_type=cls
training.mode=gml_rollout
models.out_dim=10
models.architecture.n_encoder_layers=1
models.architecture.n_decoder_layers=1    avg_loss: 0.000001510042  time_per_window : 0.000188   progress : 0.229
name: input_len=16
training.rollout_steps=8
models.architecture.block_type=cls
training.mode=gml_rollout
models.out_dim=10
models.architecture.n_encoder_layers=1
models.architecture.n_decoder_layers=1    avg_loss: 0.000001040317  time_per_window : 0.000165   progress : 0.240
name: input_len=16
training.rollout_steps=8
models.architecture.block_type=cls
training.mode=gml_rollout
models.out_dim=10
models.architecture.n_encoder_layers=1
models.architecture.n_decoder_layers=1    avg_loss: 0.000002761675  time_per_window : 0.000222   progress : 0.251
name: input_len=16
training.rollout_steps=8
models.architecture.block_type=cls
training.mode=gml_rollout
models.out_dim=10
models.architecture.n_encoder_layers=1
models.architecture.n_decoder_layers=1    avg_loss: 0.000001084593  time_per_window : 0.000197   progress : 0.262
name: input_len=16
training.rollout_steps=8
models.architecture.block_type=cls
training.mode=gml_rollout
models.out_dim=10
models.architecture.n_encoder_layers=1
models.architecture.n_decoder_layers=1    avg_loss: 0.000001264197  time_per_window : 0.000175   progress : 0.273
name: input_len=16
training.rollout_steps=8
models.architecture.block_type=cls
training.mode=gml_rollout
models.out_dim=10
models.architecture.n_encoder_layers=1
models.architecture.n_decoder_layers=1    avg_loss: 0.000001633409  time_per_window : 0.000157   progress : 0.284
name: input_len=16
training.rollout_steps=8
models.architecture.block_type=cls
training.mode=gml_rollout
models.out_dim=10
models.architecture.n_encoder_layers=1
models.architecture.n_decoder_layers=1    avg_loss: 0.000001834440  time_per_window : 0.000171   progress : 0.295
name: input_len=16
training.rollout_steps=8
models.architecture.block_type=cls
training.mode=gml_rollout
models.out_dim=10
models.architecture.n_encoder_layers=1
models.architecture.n_decoder_layers=1    avg_loss: 0.000001902865  time_per_window : 0.000157   progress : 0.306
name: input_len=16
training.rollout_steps=8
models.architecture.block_type=cls
training.mode=gml_rollout
models.out_dim=10
models.architecture.n_encoder_layers=1
models.architecture.n_decoder_layers=1    avg_loss: 0.000001974313  time_per_window : 0.000164   progress : 0.317
name: input_len=16
training.rollout_steps=8
models.architecture.block_type=cls
training.mode=gml_rollout
models.out_dim=10
models.architecture.n_encoder_layers=1
models.architecture.n_decoder_layers=1    avg_loss: 0.000003329641  time_per_window : 0.000192   progress : 0.328
name: input_len=16
training.rollout_steps=8
models.architecture.block_type=cls
training.mode=gml_rollout
models.out_dim=10
models.architecture.n_encoder_layers=1
models.architecture.n_decoder_layers=1    avg_loss: 0.000000655072  time_per_window : 0.000188   progress : 0.339
name: input_len=16
training.rollout_steps=8
models.architecture.block_type=cls
training.mode=gml_rollout
models.out_dim=10
models.architecture.n_encoder_layers=1
models.architecture.n_decoder_layers=1    avg_loss: 0.000001445603  time_per_window : 0.000161   progress : 0.350
name: input_len=16
training.rollout_steps=8
models.architecture.block_type=cls
training.mode=gml_rollout
models.out_dim=10
models.architecture.n_encoder_layers=1
models.architecture.n_decoder_layers=1    avg_loss: 0.000000868675  time_per_window : 0.000168   progress : 0.360
name: input_len=16
training.rollout_steps=8
models.architecture.block_type=cls
training.mode=gml_rollout
models.out_dim=10
models.architecture.n_encoder_layers=1
models.architecture.n_decoder_layers=1    avg_loss: 0.000002456177  time_per_window : 0.000147   progress : 0.371
name: input_len=16
training.rollout_steps=8
models.architecture.block_type=cls
training.mode=gml_rollout
models.out_dim=10
models.architecture.n_encoder_layers=1
models.architecture.n_decoder_layers=1    avg_loss: 0.000001700314  time_per_window : 0.000175   progress : 0.382
name: input_len=16
training.rollout_steps=8
models.architecture.block_type=cls
training.mode=gml_rollout
models.out_dim=10
models.architecture.n_encoder_layers=1
models.architecture.n_decoder_layers=1    avg_loss: 0.000001170208  time_per_window : 0.000171   progress : 0.393
name: input_len=16
training.rollout_steps=8
models.architecture.block_type=cls
training.mode=gml_rollout
models.out_dim=10
models.architecture.n_encoder_layers=1
models.architecture.n_decoder_layers=1    avg_loss: 0.000001776276  time_per_window : 0.000137   progress : 0.404
name: input_len=16
training.rollout_steps=8
models.architecture.block_type=cls
training.mode=gml_rollout
models.out_dim=10
models.architecture.n_encoder_layers=1
models.architecture.n_decoder_layers=1    avg_loss: 0.000001163320  time_per_window : 0.000162   progress : 0.415
name: input_len=16
training.rollout_steps=8
models.architecture.block_type=cls
training.mode=gml_rollout
models.out_dim=10
models.architecture.n_encoder_layers=1
models.architecture.n_decoder_layers=1    avg_loss: 0.000002861519  time_per_window : 0.000207   progress : 0.426
name: input_len=16
training.rollout_steps=8
models.architecture.block_type=cls
training.mode=gml_rollout
models.out_dim=10
models.architecture.n_encoder_layers=1
models.architecture.n_decoder_layers=1    avg_loss: 0.000001649160  time_per_window : 0.000157   progress : 0.437
name: input_len=16
training.rollout_steps=8
models.architecture.block_type=cls
training.mode=gml_rollout
models.out_dim=10
models.architecture.n_encoder_layers=1
models.architecture.n_decoder_layers=1    avg_loss: 0.000001730438  time_per_window : 0.000103   progress : 0.448
name: input_len=16
training.rollout_steps=8
models.architecture.block_type=cls
training.mode=gml_rollout
models.out_dim=10
models.architecture.n_encoder_layers=1
models.architecture.n_decoder_layers=1    avg_loss: 0.000001018311  time_per_window : 0.000171   progress : 0.459
name: input_len=16
training.rollout_steps=8
models.architecture.block_type=cls
training.mode=gml_rollout
models.out_dim=10
models.architecture.n_encoder_layers=1
models.architecture.n_decoder_layers=1    avg_loss: 0.000002351653  time_per_window : 0.000158   progress : 0.470
name: input_len=16
training.rollout_steps=8
models.architecture.block_type=cls
training.mode=gml_rollout
models.out_dim=10
models.architecture.n_encoder_layers=1
models.architecture.n_decoder_layers=1    avg_loss: 0.000001208948  time_per_window : 0.000173   progress : 0.481
name: input_len=16
training.rollout_steps=8
models.architecture.block_type=cls
training.mode=gml_rollout
models.out_dim=10
models.architecture.n_encoder_layers=1
models.architecture.n_decoder_layers=1    avg_loss: 0.000001283286  time_per_window : 0.000177   progress : 0.492
name: input_len=16
training.rollout_steps=8
models.architecture.block_type=cls
training.mode=gml_rollout
models.out_dim=10
models.architecture.n_encoder_layers=1
models.architecture.n_decoder_layers=1    avg_loss: 0.000003265673  time_per_window : 0.000186   progress : 0.502
name: input_len=16
training.rollout_steps=8
models.architecture.block_type=cls
training.mode=gml_rollout
models.out_dim=10
models.architecture.n_encoder_layers=1
models.architecture.n_decoder_layers=1    avg_loss: 0.000000648514  time_per_window : 0.000190   progress : 0.513
name: input_len=16
training.rollout_steps=8
models.architecture.block_type=cls
training.mode=gml_rollout
models.out_dim=10
models.architecture.n_encoder_layers=1
models.architecture.n_decoder_layers=1    avg_loss: 0.000001395017  time_per_window : 0.000141   progress : 0.524
name: input_len=16
training.rollout_steps=8
models.architecture.block_type=cls
training.mode=gml_rollout
models.out_dim=10
models.architecture.n_encoder_layers=1
models.architecture.n_decoder_layers=1    avg_loss: 0.000001816534  time_per_window : 0.000142   progress : 0.535
name: input_len=16
training.rollout_steps=8
models.architecture.block_type=cls
training.mode=gml_rollout
models.out_dim=10
models.architecture.n_encoder_layers=1
models.architecture.n_decoder_layers=1    avg_loss: 0.000001358668  time_per_window : 0.000145   progress : 0.546
name: input_len=16
training.rollout_steps=8
models.architecture.block_type=cls
training.mode=gml_rollout
models.out_dim=10
models.architecture.n_encoder_layers=1
models.architecture.n_decoder_layers=1    avg_loss: 0.000001712508  time_per_window : 0.000154   progress : 0.557
name: input_len=16
training.rollout_steps=8
models.architecture.block_type=cls
training.mode=gml_rollout
models.out_dim=10
models.architecture.n_encoder_layers=1
models.architecture.n_decoder_layers=1    avg_loss: 0.000001199539  time_per_window : 0.000154   progress : 0.568
name: input_len=16
training.rollout_steps=8
models.architecture.block_type=cls
training.mode=gml_rollout
models.out_dim=10
models.architecture.n_encoder_layers=1
models.architecture.n_decoder_layers=1    avg_loss: 0.000001077233  time_per_window : 0.000177   progress : 0.579
name: input_len=16
training.rollout_steps=8
models.architecture.block_type=cls
training.mode=gml_rollout
models.out_dim=10
models.architecture.n_encoder_layers=1
models.architecture.n_decoder_layers=1    avg_loss: 0.000002094911  time_per_window : 0.000137   progress : 0.590
name: input_len=16
training.rollout_steps=8
models.architecture.block_type=cls
training.mode=gml_rollout
models.out_dim=10
models.architecture.n_encoder_layers=1
models.architecture.n_decoder_layers=1    avg_loss: 0.000000732870  time_per_window : 0.000184   progress : 0.601
name: input_len=16
training.rollout_steps=8
models.architecture.block_type=cls
training.mode=gml_rollout
models.out_dim=10
models.architecture.n_encoder_layers=1
models.architecture.n_decoder_layers=1    avg_loss: 0.000002423615  time_per_window : 0.000142   progress : 0.612
name: input_len=16
training.rollout_steps=8
models.architecture.block_type=cls
training.mode=gml_rollout
models.out_dim=10
models.architecture.n_encoder_layers=1
models.architecture.n_decoder_layers=1    avg_loss: 0.000001145782  time_per_window : 0.000206   progress : 0.623
name: input_len=16
training.rollout_steps=8
models.architecture.block_type=cls
training.mode=gml_rollout
models.out_dim=10
models.architecture.n_encoder_layers=1
models.architecture.n_decoder_layers=1    avg_loss: 0.000001231259  time_per_window : 0.000169   progress : 0.634
name: input_len=16
training.rollout_steps=8
models.architecture.block_type=cls
training.mode=gml_rollout
models.out_dim=10
models.architecture.n_encoder_layers=1
models.architecture.n_decoder_layers=1    avg_loss: 0.000001118732  time_per_window : 0.000175   progress : 0.644
name: input_len=16
training.rollout_steps=8
models.architecture.block_type=cls
training.mode=gml_rollout
models.out_dim=10
models.architecture.n_encoder_layers=1
models.architecture.n_decoder_layers=1    avg_loss: 0.000001311575  time_per_window : 0.000213   progress : 0.655
name: input_len=16
training.rollout_steps=8
models.architecture.block_type=cls
training.mode=gml_rollout
models.out_dim=10
models.architecture.n_encoder_layers=1
models.architecture.n_decoder_layers=1    avg_loss: 0.000000854315  time_per_window : 0.000166   progress : 0.666
name: input_len=16
training.rollout_steps=8
models.architecture.block_type=cls
training.mode=gml_rollout
models.out_dim=10
models.architecture.n_encoder_layers=1
models.architecture.n_decoder_layers=1    avg_loss: 0.000001332422  time_per_window : 0.000179   progress : 0.677
name: input_len=16
training.rollout_steps=8
models.architecture.block_type=cls
training.mode=gml_rollout
models.out_dim=10
models.architecture.n_encoder_layers=1
models.architecture.n_decoder_layers=1    avg_loss: 0.000001270037  time_per_window : 0.000133   progress : 0.688
name: input_len=16
training.rollout_steps=8
models.architecture.block_type=cls
training.mode=gml_rollout
models.out_dim=10
models.architecture.n_encoder_layers=1
models.architecture.n_decoder_layers=1    avg_loss: 0.000002906121  time_per_window : 0.000192   progress : 0.699
name: input_len=16
training.rollout_steps=8
models.architecture.block_type=cls
training.mode=gml_rollout
models.out_dim=10
models.architecture.n_encoder_layers=1
models.architecture.n_decoder_layers=1    avg_loss: 0.000000485375  time_per_window : 0.000150   progress : 0.710
name: input_len=16
training.rollout_steps=8
models.architecture.block_type=cls
training.mode=gml_rollout
models.out_dim=10
models.architecture.n_encoder_layers=1
models.architecture.n_decoder_layers=1    avg_loss: 0.000001071513  time_per_window : 0.000179   progress : 0.721
name: input_len=16
training.rollout_steps=8
models.architecture.block_type=cls
training.mode=gml_rollout
models.out_dim=10
models.architecture.n_encoder_layers=1
models.architecture.n_decoder_layers=1    avg_loss: 0.000000839930  time_per_window : 0.000143   progress : 0.732
name: input_len=16
training.rollout_steps=8
models.architecture.block_type=cls
training.mode=gml_rollout
models.out_dim=10
models.architecture.n_encoder_layers=1
models.architecture.n_decoder_layers=1    avg_loss: 0.000001511941  time_per_window : 0.000171   progress : 0.743
name: input_len=16
training.rollout_steps=8
models.architecture.block_type=cls
training.mode=gml_rollout
models.out_dim=10
models.architecture.n_encoder_layers=1
models.architecture.n_decoder_layers=1    avg_loss: 0.000001527757  time_per_window : 0.000197   progress : 0.754
name: input_len=16
training.rollout_steps=8
models.architecture.block_type=cls
training.mode=gml_rollout
models.out_dim=10
models.architecture.n_encoder_layers=1
models.architecture.n_decoder_layers=1    avg_loss: 0.000000875384  time_per_window : 0.000140   progress : 0.765
name: input_len=16
training.rollout_steps=8
models.architecture.block_type=cls
training.mode=gml_rollout
models.out_dim=10
models.architecture.n_encoder_layers=1
models.architecture.n_decoder_layers=1    avg_loss: 0.000000915306  time_per_window : 0.000122   progress : 0.775
name: input_len=16
training.rollout_steps=8
models.architecture.block_type=cls
training.mode=gml_rollout
models.out_dim=10
models.architecture.n_encoder_layers=1
models.architecture.n_decoder_layers=1    avg_loss: 0.000001385935  time_per_window : 0.000155   progress : 0.786
name: input_len=16
training.rollout_steps=8
models.architecture.block_type=cls
training.mode=gml_rollout
models.out_dim=10
models.architecture.n_encoder_layers=1
models.architecture.n_decoder_layers=1    avg_loss: 0.000001296519  time_per_window : 0.000176   progress : 0.797
name: input_len=16
training.rollout_steps=8
models.architecture.block_type=cls
training.mode=gml_rollout
models.out_dim=10
models.architecture.n_encoder_layers=1
models.architecture.n_decoder_layers=1    avg_loss: 0.000001007902  time_per_window : 0.000179   progress : 0.808
name: input_len=16
training.rollout_steps=8
models.architecture.block_type=cls
training.mode=gml_rollout
models.out_dim=10
models.architecture.n_encoder_layers=1
models.architecture.n_decoder_layers=1    avg_loss: 0.000001209758  time_per_window : 0.000182   progress : 0.819
name: input_len=16
training.rollout_steps=8
models.architecture.block_type=cls
training.mode=gml_rollout
models.out_dim=10
models.architecture.n_encoder_layers=1
models.architecture.n_decoder_layers=1    avg_loss: 0.000001186266  time_per_window : 0.000167   progress : 0.830
name: input_len=16
training.rollout_steps=8
models.architecture.block_type=cls
training.mode=gml_rollout
models.out_dim=10
models.architecture.n_encoder_layers=1
models.architecture.n_decoder_layers=1    avg_loss: 0.000000625005  time_per_window : 0.000176   progress : 0.841
name: input_len=16
training.rollout_steps=8
models.architecture.block_type=cls
training.mode=gml_rollout
models.out_dim=10
models.architecture.n_encoder_layers=1
models.architecture.n_decoder_layers=1    avg_loss: 0.000002095899  time_per_window : 0.000221   progress : 0.852
name: input_len=16
training.rollout_steps=8
models.architecture.block_type=cls
training.mode=gml_rollout
models.out_dim=10
models.architecture.n_encoder_layers=1
models.architecture.n_decoder_layers=1    avg_loss: 0.000000804939  time_per_window : 0.000146   progress : 0.863
name: input_len=16
training.rollout_steps=8
models.architecture.block_type=cls
training.mode=gml_rollout
models.out_dim=10
models.architecture.n_encoder_layers=1
models.architecture.n_decoder_layers=1    avg_loss: 0.000000933446  time_per_window : 0.000125   progress : 0.874
name: input_len=16
training.rollout_steps=8
models.architecture.block_type=cls
training.mode=gml_rollout
models.out_dim=10
models.architecture.n_encoder_layers=1
models.architecture.n_decoder_layers=1    avg_loss: 0.000000811700  time_per_window : 0.000164   progress : 0.885
name: input_len=16
training.rollout_steps=8
models.architecture.block_type=cls
training.mode=gml_rollout
models.out_dim=10
models.architecture.n_encoder_layers=1
models.architecture.n_decoder_layers=1    avg_loss: 0.000001263388  time_per_window : 0.000176   progress : 0.896
name: input_len=16
training.rollout_steps=8
models.architecture.block_type=cls
training.mode=gml_rollout
models.out_dim=10
models.architecture.n_encoder_layers=1
models.architecture.n_decoder_layers=1    avg_loss: 0.000001639796  time_per_window : 0.000177   progress : 0.907
name: input_len=16
training.rollout_steps=8
models.architecture.block_type=cls
training.mode=gml_rollout
models.out_dim=10
models.architecture.n_encoder_layers=1
models.architecture.n_decoder_layers=1    avg_loss: 0.000001962497  time_per_window : 0.000144   progress : 0.917
name: input_len=16
training.rollout_steps=8
models.architecture.block_type=cls
training.mode=gml_rollout
models.out_dim=10
models.architecture.n_encoder_layers=1
models.architecture.n_decoder_layers=1    avg_loss: 0.000000437209  time_per_window : 0.000160   progress : 0.928
name: input_len=16
training.rollout_steps=8
models.architecture.block_type=cls
training.mode=gml_rollout
models.out_dim=10
models.architecture.n_encoder_layers=1
models.architecture.n_decoder_layers=1    avg_loss: 0.000000789693  time_per_window : 0.000185   progress : 0.939
name: input_len=16
training.rollout_steps=8
models.architecture.block_type=cls
training.mode=gml_rollout
models.out_dim=10
models.architecture.n_encoder_layers=1
models.architecture.n_decoder_layers=1    avg_loss: 0.000000492772  time_per_window : 0.000199   progress : 0.950
name: input_len=16
training.rollout_steps=8
models.architecture.block_type=cls
training.mode=gml_rollout
models.out_dim=10
models.architecture.n_encoder_layers=1
models.architecture.n_decoder_layers=1    avg_loss: 0.000001587764  time_per_window : 0.000172   progress : 0.961
name: input_len=16
training.rollout_steps=8
models.architecture.block_type=cls
training.mode=gml_rollout
models.out_dim=10
models.architecture.n_encoder_layers=1
models.architecture.n_decoder_layers=1    avg_loss: 0.000000671417  time_per_window : 0.000134   progress : 0.972
name: input_len=16
training.rollout_steps=8
models.architecture.block_type=cls
training.mode=gml_rollout
models.out_dim=10
models.architecture.n_encoder_layers=1
models.architecture.n_decoder_layers=1    avg_loss: 0.000000732215  time_per_window : 0.000164   progress : 0.983
name: input_len=16
training.rollout_steps=8
models.architecture.block_type=cls
training.mode=gml_rollout
models.out_dim=10
models.architecture.n_encoder_layers=1
models.architecture.n_decoder_layers=1    avg_loss: 0.000000930038  time_per_window : 0.000174   progress : 0.994
name: input_len=16
training.rollout_steps=8
models.architecture.block_type=cls
training.mode=gml_rollout
models.out_dim=10
models.architecture.n_encoder_layers=1
models.architecture.n_decoder_layers=1    avg_loss: 0.000512379978  time_per_window : 0.000149   progress : 0.011
name: input_len=16
training.rollout_steps=8
models.architecture.block_type=cls
training.mode=gml_rollout
models.out_dim=10
models.architecture.n_encoder_layers=1
models.architecture.n_decoder_layers=1    avg_loss: 0.000001282610  time_per_window : 0.000179   progress : 0.022
name: input_len=16
training.rollout_steps=8
models.architecture.block_type=cls
training.mode=gml_rollout
models.out_dim=10
models.architecture.n_encoder_layers=1
models.architecture.n_decoder_layers=1    avg_loss: 0.000001196539  time_per_window : 0.000139   progress : 0.033
name: input_len=16
training.rollout_steps=8
models.architecture.block_type=cls
training.mode=gml_rollout
models.out_dim=10
models.architecture.n_encoder_layers=1
models.architecture.n_decoder_layers=1    avg_loss: 0.000001123658  time_per_window : 0.000153   progress : 0.044
name: input_len=16
training.rollout_steps=8
models.architecture.block_type=cls
training.mode=gml_rollout
models.out_dim=10
models.architecture.n_encoder_layers=1
models.architecture.n_decoder_layers=1    avg_loss: 0.000000927816  time_per_window : 0.000193   progress : 0.055
name: input_len=16
training.rollout_steps=8
models.architecture.block_type=cls
training.mode=gml_rollout
models.out_dim=10
models.architecture.n_encoder_layers=1
models.architecture.n_decoder_layers=1    avg_loss: 0.000000918840  time_per_window : 0.000192   progress : 0.066
name: input_len=16
training.rollout_steps=8
models.architecture.block_type=cls
training.mode=gml_rollout
models.out_dim=10
models.architecture.n_encoder_layers=1
models.architecture.n_decoder_layers=1    avg_loss: 0.000000828965  time_per_window : 0.000156   progress : 0.076
name: input_len=16
training.rollout_steps=8
models.architecture.block_type=cls
training.mode=gml_rollout
models.out_dim=10
models.architecture.n_encoder_layers=1
models.architecture.n_decoder_layers=1    avg_loss: 0.000000764768  time_per_window : 0.000174   progress : 0.087
name: input_len=16
training.rollout_steps=8
models.architecture.block_type=cls
training.mode=gml_rollout
models.out_dim=10
models.architecture.n_encoder_layers=1
models.architecture.n_decoder_layers=1    avg_loss: 0.000000883853  time_per_window : 0.000210   progress : 0.098
name: input_len=16
training.rollout_steps=8
models.architecture.block_type=cls
training.mode=gml_rollout
models.out_dim=10
models.architecture.n_encoder_layers=1
models.architecture.n_decoder_layers=1    avg_loss: 0.000000885210  time_per_window : 0.000171   progress : 0.109
name: input_len=16
training.rollout_steps=8
models.architecture.block_type=cls
training.mode=gml_rollout
models.out_dim=10
models.architecture.n_encoder_layers=1
models.architecture.n_decoder_layers=1    avg_loss: 0.000001143545  time_per_window : 0.000144   progress : 0.120
name: input_len=16
training.rollout_steps=8
models.architecture.block_type=cls
training.mode=gml_rollout
models.out_dim=10
models.architecture.n_encoder_layers=1
models.architecture.n_decoder_layers=1    avg_loss: 0.000001081193  time_per_window : 0.000180   progress : 0.131
name: input_len=16
training.rollout_steps=8
models.architecture.block_type=cls
training.mode=gml_rollout
models.out_dim=10
models.architecture.n_encoder_layers=1
models.architecture.n_decoder_layers=1    avg_loss: 0.000001326858  time_per_window : 0.000188   progress : 0.142
name: input_len=16
training.rollout_steps=8
models.architecture.block_type=cls
training.mode=gml_rollout
models.out_dim=10
models.architecture.n_encoder_layers=1
models.architecture.n_decoder_layers=1    avg_loss: 0.000001899516  time_per_window : 0.000173   progress : 0.153
name: input_len=16
training.rollout_steps=8
models.architecture.block_type=cls
training.mode=gml_rollout
models.out_dim=10
models.architecture.n_encoder_layers=1
models.architecture.n_decoder_layers=1    avg_loss: 0.000001371707  time_per_window : 0.000193   progress : 0.164
name: input_len=16
training.rollout_steps=8
models.architecture.block_type=cls
training.mode=gml_rollout
models.out_dim=10
models.architecture.n_encoder_layers=1
models.architecture.n_decoder_layers=1    avg_loss: 0.000001410368  time_per_window : 0.000155   progress : 0.175
name: input_len=16
training.rollout_steps=8
models.architecture.block_type=cls
training.mode=gml_rollout
models.out_dim=10
models.architecture.n_encoder_layers=1
models.architecture.n_decoder_layers=1    avg_loss: 0.000002012795  time_per_window : 0.000224   progress : 0.186
name: input_len=16
training.rollout_steps=8
models.architecture.block_type=cls
training.mode=gml_rollout
models.out_dim=10
models.architecture.n_encoder_layers=1
models.architecture.n_decoder_layers=1    avg_loss: 0.000001735056  time_per_window : 0.000222   progress : 0.197
name: input_len=16
training.rollout_steps=8
models.architecture.block_type=cls
training.mode=gml_rollout
models.out_dim=10
models.architecture.n_encoder_layers=1
models.architecture.n_decoder_layers=1    avg_loss: 0.000001523299  time_per_window : 0.000128   progress : 0.208
name: input_len=16
training.rollout_steps=8
models.architecture.block_type=cls
training.mode=gml_rollout
models.out_dim=10
models.architecture.n_encoder_layers=1
models.architecture.n_decoder_layers=1    avg_loss: 0.000002321030  time_per_window : 0.000200   progress : 0.218
name: input_len=16
training.rollout_steps=8
models.architecture.block_type=cls
training.mode=gml_rollout
models.out_dim=10
models.architecture.n_encoder_layers=1
models.architecture.n_decoder_layers=1    avg_loss: 0.000001709509  time_per_window : 0.000178   progress : 0.229
name: input_len=16
training.rollout_steps=8
models.architecture.block_type=cls
training.mode=gml_rollout
models.out_dim=10
models.architecture.n_encoder_layers=1
models.architecture.n_decoder_layers=1    avg_loss: 0.000001926098  time_per_window : 0.000171   progress : 0.240
name: input_len=16
training.rollout_steps=8
models.architecture.block_type=cls
training.mode=gml_rollout
models.out_dim=10
models.architecture.n_encoder_layers=1
models.architecture.n_decoder_layers=1    avg_loss: 0.000002197320  time_per_window : 0.000172   progress : 0.251
name: input_len=16
training.rollout_steps=8
models.architecture.block_type=cls
training.mode=gml_rollout
models.out_dim=10
models.architecture.n_encoder_layers=1
models.architecture.n_decoder_layers=1    avg_loss: 0.000002350726  time_per_window : 0.000152   progress : 0.262
name: input_len=16
training.rollout_steps=8
models.architecture.block_type=cls
training.mode=gml_rollout
models.out_dim=10
models.architecture.n_encoder_layers=1
models.architecture.n_decoder_layers=1    avg_loss: 0.000002288454  time_per_window : 0.000161   progress : 0.273
name: input_len=16
training.rollout_steps=8
models.architecture.block_type=cls
training.mode=gml_rollout
models.out_dim=10
models.architecture.n_encoder_layers=1
models.architecture.n_decoder_layers=1    avg_loss: 0.000001840782  time_per_window : 0.000169   progress : 0.284
name: input_len=16
training.rollout_steps=8
models.architecture.block_type=cls
training.mode=gml_rollout
models.out_dim=10
models.architecture.n_encoder_layers=1
models.architecture.n_decoder_layers=1    avg_loss: 0.000002379035  time_per_window : 0.000242   progress : 0.295
name: input_len=16
training.rollout_steps=8
models.architecture.block_type=cls
training.mode=gml_rollout
models.out_dim=10
models.architecture.n_encoder_layers=1
models.architecture.n_decoder_layers=1    avg_loss: 0.000002385307  time_per_window : 0.000155   progress : 0.306
name: input_len=16
training.rollout_steps=8
models.architecture.block_type=cls
training.mode=gml_rollout
models.out_dim=10
models.architecture.n_encoder_layers=1
models.architecture.n_decoder_layers=1    avg_loss: 0.000002311064  time_per_window : 0.000156   progress : 0.317
name: input_len=16
training.rollout_steps=8
models.architecture.block_type=cls
training.mode=gml_rollout
models.out_dim=10
models.architecture.n_encoder_layers=1
models.architecture.n_decoder_layers=1    avg_loss: 0.000002467913  time_per_window : 0.000132   progress : 0.328
name: input_len=16
training.rollout_steps=8
models.architecture.block_type=cls
training.mode=gml_rollout
models.out_dim=10
models.architecture.n_encoder_layers=1
models.architecture.n_decoder_layers=1    avg_loss: 0.000002503971  time_per_window : 0.000113   progress : 0.339
name: input_len=16
training.rollout_steps=8
models.architecture.block_type=cls
training.mode=gml_rollout
models.out_dim=10
models.architecture.n_encoder_layers=1
models.architecture.n_decoder_layers=1    avg_loss: 0.000002708671  time_per_window : 0.000199   progress : 0.350
name: input_len=16
training.rollout_steps=8
models.architecture.block_type=cls
training.mode=gml_rollout
models.out_dim=10
models.architecture.n_encoder_layers=1
models.architecture.n_decoder_layers=1    avg_loss: 0.000002569592  time_per_window : 0.000197   progress : 0.360
name: input_len=16
training.rollout_steps=8
models.architecture.block_type=cls
training.mode=gml_rollout
models.out_dim=10
models.architecture.n_encoder_layers=1
models.architecture.n_decoder_layers=1    avg_loss: 0.000002067813  time_per_window : 0.000110   progress : 0.371
name: input_len=16
training.rollout_steps=8
models.architecture.block_type=cls
training.mode=gml_rollout
models.out_dim=10
models.architecture.n_encoder_layers=1
models.architecture.n_decoder_layers=1    avg_loss: 0.000002400656  time_per_window : 0.000140   progress : 0.382
name: input_len=16
training.rollout_steps=8
models.architecture.block_type=cls
training.mode=gml_rollout
models.out_dim=10
models.architecture.n_encoder_layers=1
models.architecture.n_decoder_layers=1    avg_loss: 0.000002932361  time_per_window : 0.000139   progress : 0.393
name: input_len=16
training.rollout_steps=8
models.architecture.block_type=cls
training.mode=gml_rollout
models.out_dim=10
models.architecture.n_encoder_layers=1
models.architecture.n_decoder_layers=1    avg_loss: 0.000002848724  time_per_window : 0.000217   progress : 0.404
name: input_len=16
training.rollout_steps=8
models.architecture.block_type=cls
training.mode=gml_rollout
models.out_dim=10
models.architecture.n_encoder_layers=1
models.architecture.n_decoder_layers=1    avg_loss: 0.000001974550  time_per_window : 0.000210   progress : 0.415
name: input_len=16
training.rollout_steps=8
models.architecture.block_type=cls
training.mode=gml_rollout
models.out_dim=10
models.architecture.n_encoder_layers=1
models.architecture.n_decoder_layers=1    avg_loss: 0.000002495926  time_per_window : 0.000180   progress : 0.426
name: input_len=16
training.rollout_steps=8
models.architecture.block_type=cls
training.mode=gml_rollout
models.out_dim=10
models.architecture.n_encoder_layers=1
models.architecture.n_decoder_layers=1    avg_loss: 0.000002661681  time_per_window : 0.000152   progress : 0.437
name: input_len=16
training.rollout_steps=8
models.architecture.block_type=cls
training.mode=gml_rollout
models.out_dim=10
models.architecture.n_encoder_layers=1
models.architecture.n_decoder_layers=1    avg_loss: 0.000002002270  time_per_window : 0.000167   progress : 0.448
name: input_len=16
training.rollout_steps=8
models.architecture.block_type=cls
training.mode=gml_rollout
models.out_dim=10
models.architecture.n_encoder_layers=1
models.architecture.n_decoder_layers=1    avg_loss: 0.000002901101  time_per_window : 0.000222   progress : 0.459
name: input_len=16
training.rollout_steps=8
models.architecture.block_type=cls
training.mode=gml_rollout
models.out_dim=10
models.architecture.n_encoder_layers=1
models.architecture.n_decoder_layers=1    avg_loss: 0.000002162895  time_per_window : 0.000188   progress : 0.470
name: input_len=16
training.rollout_steps=8
models.architecture.block_type=cls
training.mode=gml_rollout
models.out_dim=10
models.architecture.n_encoder_layers=1
models.architecture.n_decoder_layers=1    avg_loss: 0.000002247490  time_per_window : 0.000173   progress : 0.481
name: input_len=16
training.rollout_steps=8
models.architecture.block_type=cls
training.mode=gml_rollout
models.out_dim=10
models.architecture.n_encoder_layers=1
models.architecture.n_decoder_layers=1    avg_loss: 0.000002278557  time_per_window : 0.000169   progress : 0.492
name: input_len=16
training.rollout_steps=8
models.architecture.block_type=cls
training.mode=gml_rollout
models.out_dim=10
models.architecture.n_encoder_layers=1
models.architecture.n_decoder_layers=1    avg_loss: 0.000002250027  time_per_window : 0.000176   progress : 0.502
name: input_len=16
training.rollout_steps=8
models.architecture.block_type=cls
training.mode=gml_rollout
models.out_dim=10
models.architecture.n_encoder_layers=1
models.architecture.n_decoder_layers=1    avg_loss: 0.000002442617  time_per_window : 0.000175   progress : 0.513
name: input_len=16
training.rollout_steps=8
models.architecture.block_type=cls
training.mode=gml_rollout
models.out_dim=10
models.architecture.n_encoder_layers=1
models.architecture.n_decoder_layers=1    avg_loss: 0.000002838261  time_per_window : 0.000210   progress : 0.524
name: input_len=16
training.rollout_steps=8
models.architecture.block_type=cls
training.mode=gml_rollout
models.out_dim=10
models.architecture.n_encoder_layers=1
models.architecture.n_decoder_layers=1    avg_loss: 0.000002341854  time_per_window : 0.000150   progress : 0.535
name: input_len=16
training.rollout_steps=8
models.architecture.block_type=cls
training.mode=gml_rollout
models.out_dim=10
models.architecture.n_encoder_layers=1
models.architecture.n_decoder_layers=1    avg_loss: 0.000001848625  time_per_window : 0.000169   progress : 0.546
name: input_len=16
training.rollout_steps=8
models.architecture.block_type=cls
training.mode=gml_rollout
models.out_dim=10
models.architecture.n_encoder_layers=1
models.architecture.n_decoder_layers=1    avg_loss: 0.000002031788  time_per_window : 0.000211   progress : 0.557
name: input_len=16
training.rollout_steps=8
models.architecture.block_type=cls
training.mode=gml_rollout
models.out_dim=10
models.architecture.n_encoder_layers=1
models.architecture.n_decoder_layers=1    avg_loss: 0.000002463165  time_per_window : 0.000154   progress : 0.568
name: input_len=16
training.rollout_steps=8
models.architecture.block_type=cls
training.mode=gml_rollout
models.out_dim=10
models.architecture.n_encoder_layers=1
models.architecture.n_decoder_layers=1    avg_loss: 0.000002547242  time_per_window : 0.000145   progress : 0.579
name: input_len=16
training.rollout_steps=8
models.architecture.block_type=cls
training.mode=gml_rollout
models.out_dim=10
models.architecture.n_encoder_layers=1
models.architecture.n_decoder_layers=1    avg_loss: 0.000001509363  time_per_window : 0.000216   progress : 0.590
name: input_len=16
training.rollout_steps=8
models.architecture.block_type=cls
training.mode=gml_rollout
models.out_dim=10
models.architecture.n_encoder_layers=1
models.architecture.n_decoder_layers=1    avg_loss: 0.000001430626  time_per_window : 0.000135   progress : 0.601
name: input_len=16
training.rollout_steps=8
models.architecture.block_type=cls
training.mode=gml_rollout
models.out_dim=10
models.architecture.n_encoder_layers=1
models.architecture.n_decoder_layers=1    avg_loss: 0.000002624760  time_per_window : 0.000144   progress : 0.612
name: input_len=16
training.rollout_steps=8
models.architecture.block_type=cls
training.mode=gml_rollout
models.out_dim=10
models.architecture.n_encoder_layers=1
models.architecture.n_decoder_layers=1    avg_loss: 0.000002210664  time_per_window : 0.000157   progress : 0.623
name: input_len=16
training.rollout_steps=8
models.architecture.block_type=cls
training.mode=gml_rollout
models.out_dim=10
models.architecture.n_encoder_layers=1
models.architecture.n_decoder_layers=1    avg_loss: 0.000002390919  time_per_window : 0.000144   progress : 0.634
name: input_len=16
training.rollout_steps=8
models.architecture.block_type=cls
training.mode=gml_rollout
models.out_dim=10
models.architecture.n_encoder_layers=1
models.architecture.n_decoder_layers=1    avg_loss: 0.000002134865  time_per_window : 0.000185   progress : 0.644
name: input_len=16
training.rollout_steps=8
models.architecture.block_type=cls
training.mode=gml_rollout
models.out_dim=10
models.architecture.n_encoder_layers=1
models.architecture.n_decoder_layers=1    avg_loss: 0.000002074381  time_per_window : 0.000180   progress : 0.655
name: input_len=16
training.rollout_steps=8
models.architecture.block_type=cls
training.mode=gml_rollout
models.out_dim=10
models.architecture.n_encoder_layers=1
models.architecture.n_decoder_layers=1    avg_loss: 0.000002312546  time_per_window : 0.000131   progress : 0.666
name: input_len=16
training.rollout_steps=8
models.architecture.block_type=cls
training.mode=gml_rollout
models.out_dim=10
models.architecture.n_encoder_layers=1
models.architecture.n_decoder_layers=1    avg_loss: 0.000001566462  time_per_window : 0.000189   progress : 0.677
name: input_len=16
training.rollout_steps=8
models.architecture.block_type=cls
training.mode=gml_rollout
models.out_dim=10
models.architecture.n_encoder_layers=1
models.architecture.n_decoder_layers=1    avg_loss: 0.000001738940  time_per_window : 0.000196   progress : 0.688
name: input_len=16
training.rollout_steps=8
models.architecture.block_type=cls
training.mode=gml_rollout
models.out_dim=10
models.architecture.n_encoder_layers=1
models.architecture.n_decoder_layers=1    avg_loss: 0.000001968725  time_per_window : 0.000131   progress : 0.699
name: input_len=16
training.rollout_steps=8
models.architecture.block_type=cls
training.mode=gml_rollout
models.out_dim=10
models.architecture.n_encoder_layers=1
models.architecture.n_decoder_layers=1    avg_loss: 0.000002394600  time_per_window : 0.000192   progress : 0.710
name: input_len=16
training.rollout_steps=8
models.architecture.block_type=cls
training.mode=gml_rollout
models.out_dim=10
models.architecture.n_encoder_layers=1
models.architecture.n_decoder_layers=1    avg_loss: 0.000001600725  time_per_window : 0.000197   progress : 0.721
name: input_len=16
training.rollout_steps=8
models.architecture.block_type=cls
training.mode=gml_rollout
models.out_dim=10
models.architecture.n_encoder_layers=1
models.architecture.n_decoder_layers=1    avg_loss: 0.000001706357  time_per_window : 0.000191   progress : 0.732
name: input_len=16
training.rollout_steps=8
models.architecture.block_type=cls
training.mode=gml_rollout
models.out_dim=10
models.architecture.n_encoder_layers=1
models.architecture.n_decoder_layers=1    avg_loss: 0.000002423724  time_per_window : 0.000182   progress : 0.743
name: input_len=16
training.rollout_steps=8
models.architecture.block_type=cls
training.mode=gml_rollout
models.out_dim=10
models.architecture.n_encoder_layers=1
models.architecture.n_decoder_layers=1    avg_loss: 0.000001724628  time_per_window : 0.000148   progress : 0.754
name: input_len=16
training.rollout_steps=8
models.architecture.block_type=cls
training.mode=gml_rollout
models.out_dim=10
models.architecture.n_encoder_layers=1
models.architecture.n_decoder_layers=1    avg_loss: 0.000001817158  time_per_window : 0.000155   progress : 0.765
name: input_len=16
training.rollout_steps=8
models.architecture.block_type=cls
training.mode=gml_rollout
models.out_dim=10
models.architecture.n_encoder_layers=1
models.architecture.n_decoder_layers=1    avg_loss: 0.000001787620  time_per_window : 0.000121   progress : 0.775
name: input_len=16
training.rollout_steps=8
models.architecture.block_type=cls
training.mode=gml_rollout
models.out_dim=10
models.architecture.n_encoder_layers=1
models.architecture.n_decoder_layers=1    avg_loss: 0.000001910397  time_per_window : 0.000209   progress : 0.786
name: input_len=16
training.rollout_steps=8
models.architecture.block_type=cls
training.mode=gml_rollout
models.out_dim=10
models.architecture.n_encoder_layers=1
models.architecture.n_decoder_layers=1    avg_loss: 0.000001765938  time_per_window : 0.000172   progress : 0.797
name: input_len=16
training.rollout_steps=8
models.architecture.block_type=cls
training.mode=gml_rollout
models.out_dim=10
models.architecture.n_encoder_layers=1
models.architecture.n_decoder_layers=1    avg_loss: 0.000001536853  time_per_window : 0.000172   progress : 0.808
name: input_len=16
training.rollout_steps=8
models.architecture.block_type=cls
training.mode=gml_rollout
models.out_dim=10
models.architecture.n_encoder_layers=1
models.architecture.n_decoder_layers=1    avg_loss: 0.000001957712  time_per_window : 0.000202   progress : 0.819
name: input_len=16
training.rollout_steps=8
models.architecture.block_type=cls
training.mode=gml_rollout
models.out_dim=10
models.architecture.n_encoder_layers=1
models.architecture.n_decoder_layers=1    avg_loss: 0.000001607610  time_per_window : 0.000149   progress : 0.830
name: input_len=16
training.rollout_steps=8
models.architecture.block_type=cls
training.mode=gml_rollout
models.out_dim=10
models.architecture.n_encoder_layers=1
models.architecture.n_decoder_layers=1    avg_loss: 0.000001900186  time_per_window : 0.000167   progress : 0.841
name: input_len=16
training.rollout_steps=8
models.architecture.block_type=cls
training.mode=gml_rollout
models.out_dim=10
models.architecture.n_encoder_layers=1
models.architecture.n_decoder_layers=1    avg_loss: 0.000001543106  time_per_window : 0.000175   progress : 0.852
name: input_len=16
training.rollout_steps=8
models.architecture.block_type=cls
training.mode=gml_rollout
models.out_dim=10
models.architecture.n_encoder_layers=1
models.architecture.n_decoder_layers=1    avg_loss: 0.000001696555  time_per_window : 0.000162   progress : 0.863
name: input_len=16
training.rollout_steps=8
models.architecture.block_type=cls
training.mode=gml_rollout
models.out_dim=10
models.architecture.n_encoder_layers=1
models.architecture.n_decoder_layers=1    avg_loss: 0.000001799157  time_per_window : 0.000123   progress : 0.874
name: input_len=16
training.rollout_steps=8
models.architecture.block_type=cls
training.mode=gml_rollout
models.out_dim=10
models.architecture.n_encoder_layers=1
models.architecture.n_decoder_layers=1    avg_loss: 0.000001680486  time_per_window : 0.000161   progress : 0.885
name: input_len=16
training.rollout_steps=8
models.architecture.block_type=cls
training.mode=gml_rollout
models.out_dim=10
models.architecture.n_encoder_layers=1
models.architecture.n_decoder_layers=1    avg_loss: 0.000001661498  time_per_window : 0.000208   progress : 0.896
name: input_len=16
training.rollout_steps=8
models.architecture.block_type=cls
training.mode=gml_rollout
models.out_dim=10
models.architecture.n_encoder_layers=1
models.architecture.n_decoder_layers=1    avg_loss: 0.000001238061  time_per_window : 0.000126   progress : 0.907
name: input_len=16
training.rollout_steps=8
models.architecture.block_type=cls
training.mode=gml_rollout
models.out_dim=10
models.architecture.n_encoder_layers=1
models.architecture.n_decoder_layers=1    avg_loss: 0.000002062828  time_per_window : 0.000215   progress : 0.917
name: input_len=16
training.rollout_steps=8
models.architecture.block_type=cls
training.mode=gml_rollout
models.out_dim=10
models.architecture.n_encoder_layers=1
models.architecture.n_decoder_layers=1    avg_loss: 0.000001384587  time_per_window : 0.000172   progress : 0.928
name: input_len=16
training.rollout_steps=8
models.architecture.block_type=cls
training.mode=gml_rollout
models.out_dim=10
models.architecture.n_encoder_layers=1
models.architecture.n_decoder_layers=1    avg_loss: 0.000001960659  time_per_window : 0.000181   progress : 0.939
name: input_len=16
training.rollout_steps=8
models.architecture.block_type=cls
training.mode=gml_rollout
models.out_dim=10
models.architecture.n_encoder_layers=1
models.architecture.n_decoder_layers=1    avg_loss: 0.000001600463  time_per_window : 0.000175   progress : 0.950
name: input_len=16
training.rollout_steps=8
models.architecture.block_type=cls
training.mode=gml_rollout
models.out_dim=10
models.architecture.n_encoder_layers=1
models.architecture.n_decoder_layers=1    avg_loss: 0.000001507172  time_per_window : 0.000139   progress : 0.961
name: input_len=16
training.rollout_steps=8
models.architecture.block_type=cls
training.mode=gml_rollout
models.out_dim=10
models.architecture.n_encoder_layers=1
models.architecture.n_decoder_layers=1    avg_loss: 0.000001383258  time_per_window : 0.000186   progress : 0.972
name: input_len=16
training.rollout_steps=8
models.architecture.block_type=cls
training.mode=gml_rollout
models.out_dim=10
models.architecture.n_encoder_layers=1
models.architecture.n_decoder_layers=1    avg_loss: 0.000001549000  time_per_window : 0.000201   progress : 0.983
name: input_len=16
training.rollout_steps=8
models.architecture.block_type=cls
training.mode=gml_rollout
models.out_dim=10
models.architecture.n_encoder_layers=1
models.architecture.n_decoder_layers=1    avg_loss: 0.000001317760  time_per_window : 0.000171   progress : 0.994
name: input_len=16
training.rollout_steps=8
models.architecture.block_type=cls
training.mode=gml_rollout
models.out_dim=10
models.architecture.n_encoder_layers=1
models.architecture.n_decoder_layers=1    avg_loss: 154.261047363281  time_per_window : 0.000213   progress : 0.011
name: input_len=16
training.rollout_steps=8
models.architecture.block_type=cls
training.mode=gml_rollout
models.out_dim=10
models.architecture.n_encoder_layers=1
models.architecture.n_decoder_layers=1    avg_loss: -62.448051452637  time_per_window : 0.000178   progress : 0.022
name: input_len=16
training.rollout_steps=8
models.architecture.block_type=cls
training.mode=gml_rollout
models.out_dim=10
models.architecture.n_encoder_layers=1
models.architecture.n_decoder_layers=1    avg_loss: -62.434471130371  time_per_window : 0.000221   progress : 0.033
name: input_len=16
training.rollout_steps=8
models.architecture.block_type=cls
training.mode=gml_rollout
models.out_dim=10
models.architecture.n_encoder_layers=1
models.architecture.n_decoder_layers=1    avg_loss: -62.510318756104  time_per_window : 0.000160   progress : 0.044
name: input_len=16
training.rollout_steps=8
models.architecture.block_type=cls
training.mode=gml_rollout
models.out_dim=10
models.architecture.n_encoder_layers=1
models.architecture.n_decoder_layers=1    avg_loss: -62.580928802490  time_per_window : 0.000152   progress : 0.055
name: input_len=16
training.rollout_steps=8
models.architecture.block_type=cls
training.mode=gml_rollout
models.out_dim=10
models.architecture.n_encoder_layers=1
models.architecture.n_decoder_layers=1    avg_loss: -62.630950927734  time_per_window : 0.000228   progress : 0.066
name: input_len=16
training.rollout_steps=8
models.architecture.block_type=cls
training.mode=gml_rollout
models.out_dim=10
models.architecture.n_encoder_layers=1
models.architecture.n_decoder_layers=1    avg_loss: -62.678886413574  time_per_window : 0.000192   progress : 0.076
name: input_len=16
training.rollout_steps=8
models.architecture.block_type=cls
training.mode=gml_rollout
models.out_dim=10
models.architecture.n_encoder_layers=1
models.architecture.n_decoder_layers=1    avg_loss: -62.741306304932  time_per_window : 0.000192   progress : 0.087
name: input_len=16
training.rollout_steps=8
models.architecture.block_type=cls
training.mode=gml_rollout
models.out_dim=10
models.architecture.n_encoder_layers=1
models.architecture.n_decoder_layers=1    avg_loss: -62.840682983398  time_per_window : 0.000193   progress : 0.098
name: input_len=16
training.rollout_steps=8
models.architecture.block_type=cls
training.mode=gml_rollout
models.out_dim=10
models.architecture.n_encoder_layers=1
models.architecture.n_decoder_layers=1    avg_loss: -63.097358703613  time_per_window : 0.000168   progress : 0.109
name: input_len=16
training.rollout_steps=8
models.architecture.block_type=cls
training.mode=gml_rollout
models.out_dim=10
models.architecture.n_encoder_layers=1
models.architecture.n_decoder_layers=1    avg_loss: -66.442642211914  time_per_window : 0.000210   progress : 0.120
name: input_len=16
training.rollout_steps=8
models.architecture.block_type=cls
training.mode=gml_rollout
models.out_dim=10
models.architecture.n_encoder_layers=1
models.architecture.n_decoder_layers=1    avg_loss: -68.888534545898  time_per_window : 0.000211   progress : 0.131
name: input_len=16
training.rollout_steps=8
models.architecture.block_type=cls
training.mode=gml_rollout
models.out_dim=10
models.architecture.n_encoder_layers=1
models.architecture.n_decoder_layers=1    avg_loss: -68.885215759277  time_per_window : 0.000189   progress : 0.142
name: input_len=16
training.rollout_steps=8
models.architecture.block_type=cls
training.mode=gml_rollout
models.out_dim=10
models.architecture.n_encoder_layers=1
models.architecture.n_decoder_layers=1    avg_loss: -68.875930786133  time_per_window : 0.000227   progress : 0.153
name: input_len=16
training.rollout_steps=8
models.architecture.block_type=cls
training.mode=gml_rollout
models.out_dim=10
models.architecture.n_encoder_layers=1
models.architecture.n_decoder_layers=1    avg_loss: -68.893905639648  time_per_window : 0.000213   progress : 0.164
name: input_len=16
training.rollout_steps=8
models.architecture.block_type=cls
training.mode=gml_rollout
models.out_dim=10
models.architecture.n_encoder_layers=1
models.architecture.n_decoder_layers=1    avg_loss: -68.887451171875  time_per_window : 0.000211   progress : 0.175
name: input_len=16
training.rollout_steps=8
models.architecture.block_type=cls
training.mode=gml_rollout
models.out_dim=10
models.architecture.n_encoder_layers=1
models.architecture.n_decoder_layers=1    avg_loss: -68.878799438477  time_per_window : 0.000200   progress : 0.186
name: input_len=16
training.rollout_steps=8
models.architecture.block_type=cls
training.mode=gml_rollout
models.out_dim=10
models.architecture.n_encoder_layers=1
models.architecture.n_decoder_layers=1    avg_loss: -68.886795043945  time_per_window : 0.000169   progress : 0.197
name: input_len=16
training.rollout_steps=8
models.architecture.block_type=cls
training.mode=gml_rollout
models.out_dim=10
models.architecture.n_encoder_layers=1
models.architecture.n_decoder_layers=1    avg_loss: -68.881172180176  time_per_window : 0.000244   progress : 0.208
name: input_len=16
training.rollout_steps=8
models.architecture.block_type=cls
training.mode=gml_rollout
models.out_dim=10
models.architecture.n_encoder_layers=1
models.architecture.n_decoder_layers=1    avg_loss: -68.827331542969  time_per_window : 0.000215   progress : 0.218
name: input_len=16
training.rollout_steps=8
models.architecture.block_type=cls
training.mode=gml_rollout
models.out_dim=10
models.architecture.n_encoder_layers=1
models.architecture.n_decoder_layers=1    avg_loss: -68.878395080566  time_per_window : 0.000168   progress : 0.229
name: input_len=16
training.rollout_steps=8
models.architecture.block_type=cls
training.mode=gml_rollout
models.out_dim=10
models.architecture.n_encoder_layers=1
models.architecture.n_decoder_layers=1    avg_loss: -68.860435485840  time_per_window : 0.000181   progress : 0.240
name: input_len=16
training.rollout_steps=8
models.architecture.block_type=cls
training.mode=gml_rollout
models.out_dim=10
models.architecture.n_encoder_layers=1
models.architecture.n_decoder_layers=1    avg_loss: -68.859764099121  time_per_window : 0.000212   progress : 0.251
name: input_len=16
training.rollout_steps=8
models.architecture.block_type=cls
training.mode=gml_rollout
models.out_dim=10
models.architecture.n_encoder_layers=1
models.architecture.n_decoder_layers=1    avg_loss: -68.854713439941  time_per_window : 0.000190   progress : 0.262
name: input_len=16
training.rollout_steps=8
models.architecture.block_type=cls
training.mode=gml_rollout
models.out_dim=10
models.architecture.n_encoder_layers=1
models.architecture.n_decoder_layers=1    avg_loss: -68.833206176758  time_per_window : 0.000267   progress : 0.273
name: input_len=16
training.rollout_steps=8
models.architecture.block_type=cls
training.mode=gml_rollout
models.out_dim=10
models.architecture.n_encoder_layers=1
models.architecture.n_decoder_layers=1    avg_loss: -68.823226928711  time_per_window : 0.000271   progress : 0.284
name: input_len=16
training.rollout_steps=8
models.architecture.block_type=cls
training.mode=gml_rollout
models.out_dim=10
models.architecture.n_encoder_layers=1
models.architecture.n_decoder_layers=1    avg_loss: -68.788177490234  time_per_window : 0.000221   progress : 0.295
name: input_len=16
training.rollout_steps=8
models.architecture.block_type=cls
training.mode=gml_rollout
models.out_dim=10
models.architecture.n_encoder_layers=1
models.architecture.n_decoder_layers=1    avg_loss: -68.808998107910  time_per_window : 0.000174   progress : 0.306
name: input_len=16
training.rollout_steps=8
models.architecture.block_type=cls
training.mode=gml_rollout
models.out_dim=10
models.architecture.n_encoder_layers=1
models.architecture.n_decoder_layers=1    avg_loss: -68.737121582031  time_per_window : 0.000166   progress : 0.317
name: input_len=16
training.rollout_steps=8
models.architecture.block_type=cls
training.mode=gml_rollout
models.out_dim=10
models.architecture.n_encoder_layers=1
models.architecture.n_decoder_layers=1    avg_loss: -68.795318603516  time_per_window : 0.000206   progress : 0.328
name: input_len=16
training.rollout_steps=8
models.architecture.block_type=cls
training.mode=gml_rollout
models.out_dim=10
models.architecture.n_encoder_layers=1
models.architecture.n_decoder_layers=1    avg_loss: -68.786193847656  time_per_window : 0.000193   progress : 0.339
name: input_len=16
training.rollout_steps=8
models.architecture.block_type=cls
training.mode=gml_rollout
models.out_dim=10
models.architecture.n_encoder_layers=1
models.architecture.n_decoder_layers=1    avg_loss: -68.752662658691  time_per_window : 0.000220   progress : 0.350
name: input_len=16
training.rollout_steps=8
models.architecture.block_type=cls
training.mode=gml_rollout
models.out_dim=10
models.architecture.n_encoder_layers=1
models.architecture.n_decoder_layers=1    avg_loss: -68.779357910156  time_per_window : 0.000151   progress : 0.360
name: input_len=16
training.rollout_steps=8
models.architecture.block_type=cls
training.mode=gml_rollout
models.out_dim=10
models.architecture.n_encoder_layers=1
models.architecture.n_decoder_layers=1    avg_loss: -68.749427795410  time_per_window : 0.000154   progress : 0.371
name: input_len=16
training.rollout_steps=8
models.architecture.block_type=cls
training.mode=gml_rollout
models.out_dim=10
models.architecture.n_encoder_layers=1
models.architecture.n_decoder_layers=1    avg_loss: -68.727874755859  time_per_window : 0.000154   progress : 0.382
name: input_len=16
training.rollout_steps=8
models.architecture.block_type=cls
training.mode=gml_rollout
models.out_dim=10
models.architecture.n_encoder_layers=1
models.architecture.n_decoder_layers=1    avg_loss: -68.721839904785  time_per_window : 0.000188   progress : 0.393
name: input_len=16
training.rollout_steps=8
models.architecture.block_type=cls
training.mode=gml_rollout
models.out_dim=10
models.architecture.n_encoder_layers=1
models.architecture.n_decoder_layers=1    avg_loss: -68.719818115234  time_per_window : 0.000212   progress : 0.404
name: input_len=16
training.rollout_steps=8
models.architecture.block_type=cls
training.mode=gml_rollout
models.out_dim=10
models.architecture.n_encoder_layers=1
models.architecture.n_decoder_layers=1    avg_loss: -68.805763244629  time_per_window : 0.000183   progress : 0.415
name: input_len=16
training.rollout_steps=8
models.architecture.block_type=cls
training.mode=gml_rollout
models.out_dim=10
models.architecture.n_encoder_layers=1
models.architecture.n_decoder_layers=1    avg_loss: -68.786079406738  time_per_window : 0.000150   progress : 0.426
name: input_len=16
training.rollout_steps=8
models.architecture.block_type=cls
training.mode=gml_rollout
models.out_dim=10
models.architecture.n_encoder_layers=1
models.architecture.n_decoder_layers=1    avg_loss: -68.793411254883  time_per_window : 0.000179   progress : 0.437
name: input_len=16
training.rollout_steps=8
models.architecture.block_type=cls
training.mode=gml_rollout
models.out_dim=10
models.architecture.n_encoder_layers=1
models.architecture.n_decoder_layers=1    avg_loss: -68.727188110352  time_per_window : 0.000187   progress : 0.448
name: input_len=16
training.rollout_steps=8
models.architecture.block_type=cls
training.mode=gml_rollout
models.out_dim=10
models.architecture.n_encoder_layers=1
models.architecture.n_decoder_layers=1    avg_loss: -68.733314514160  time_per_window : 0.000227   progress : 0.459
name: input_len=16
training.rollout_steps=8
models.architecture.block_type=cls
training.mode=gml_rollout
models.out_dim=10
models.architecture.n_encoder_layers=1
models.architecture.n_decoder_layers=1    avg_loss: -68.783615112305  time_per_window : 0.000191   progress : 0.470
name: input_len=16
training.rollout_steps=8
models.architecture.block_type=cls
training.mode=gml_rollout
models.out_dim=10
models.architecture.n_encoder_layers=1
models.architecture.n_decoder_layers=1    avg_loss: -68.783973693848  time_per_window : 0.000180   progress : 0.481
name: input_len=16
training.rollout_steps=8
models.architecture.block_type=cls
training.mode=gml_rollout
models.out_dim=10
models.architecture.n_encoder_layers=1
models.architecture.n_decoder_layers=1    avg_loss: -68.776809692383  time_per_window : 0.000203   progress : 0.492
name: input_len=16
training.rollout_steps=8
models.architecture.block_type=cls
training.mode=gml_rollout
models.out_dim=10
models.architecture.n_encoder_layers=1
models.architecture.n_decoder_layers=1    avg_loss: -68.771339416504  time_per_window : 0.000225   progress : 0.502
name: input_len=16
training.rollout_steps=8
models.architecture.block_type=cls
training.mode=gml_rollout
models.out_dim=10
models.architecture.n_encoder_layers=1
models.architecture.n_decoder_layers=1    avg_loss: -68.728599548340  time_per_window : 0.000188   progress : 0.513
name: input_len=16
training.rollout_steps=8
models.architecture.block_type=cls
training.mode=gml_rollout
models.out_dim=10
models.architecture.n_encoder_layers=1
models.architecture.n_decoder_layers=1    avg_loss: -68.809318542480  time_per_window : 0.000252   progress : 0.524
name: input_len=16
training.rollout_steps=8
models.architecture.block_type=cls
training.mode=gml_rollout
models.out_dim=10
models.architecture.n_encoder_layers=1
models.architecture.n_decoder_layers=1    avg_loss: -68.778373718262  time_per_window : 0.000232   progress : 0.535
name: input_len=16
training.rollout_steps=8
models.architecture.block_type=cls
training.mode=gml_rollout
models.out_dim=10
models.architecture.n_encoder_layers=1
models.architecture.n_decoder_layers=1    avg_loss: -68.783416748047  time_per_window : 0.000151   progress : 0.546
name: input_len=16
training.rollout_steps=8
models.architecture.block_type=cls
training.mode=gml_rollout
models.out_dim=10
models.architecture.n_encoder_layers=1
models.architecture.n_decoder_layers=1    avg_loss: -68.787933349609  time_per_window : 0.000211   progress : 0.557
name: input_len=16
training.rollout_steps=8
models.architecture.block_type=cls
training.mode=gml_rollout
models.out_dim=10
models.architecture.n_encoder_layers=1
models.architecture.n_decoder_layers=1    avg_loss: -68.773605346680  time_per_window : 0.000144   progress : 0.568
name: input_len=16
training.rollout_steps=8
models.architecture.block_type=cls
training.mode=gml_rollout
models.out_dim=10
models.architecture.n_encoder_layers=1
models.architecture.n_decoder_layers=1    avg_loss: -68.758377075195  time_per_window : 0.000184   progress : 0.579
name: input_len=16
training.rollout_steps=8
models.architecture.block_type=cls
training.mode=gml_rollout
models.out_dim=10
models.architecture.n_encoder_layers=1
models.architecture.n_decoder_layers=1    avg_loss: -68.817459106445  time_per_window : 0.000251   progress : 0.590
name: input_len=16
training.rollout_steps=8
models.architecture.block_type=cls
training.mode=gml_rollout
models.out_dim=10
models.architecture.n_encoder_layers=1
models.architecture.n_decoder_layers=1    avg_loss: -68.829231262207  time_per_window : 0.000187   progress : 0.601
name: input_len=16
training.rollout_steps=8
models.architecture.block_type=cls
training.mode=gml_rollout
models.out_dim=10
models.architecture.n_encoder_layers=1
models.architecture.n_decoder_layers=1    avg_loss: -68.782157897949  time_per_window : 0.000192   progress : 0.612
name: input_len=16
training.rollout_steps=8
models.architecture.block_type=cls
training.mode=gml_rollout
models.out_dim=10
models.architecture.n_encoder_layers=1
models.architecture.n_decoder_layers=1    avg_loss: -68.802207946777  time_per_window : 0.000213   progress : 0.623
name: input_len=16
training.rollout_steps=8
models.architecture.block_type=cls
training.mode=gml_rollout
models.out_dim=10
models.architecture.n_encoder_layers=1
models.architecture.n_decoder_layers=1    avg_loss: -68.801971435547  time_per_window : 0.000163   progress : 0.634
name: input_len=16
training.rollout_steps=8
models.architecture.block_type=cls
training.mode=gml_rollout
models.out_dim=10
models.architecture.n_encoder_layers=1
models.architecture.n_decoder_layers=1    avg_loss: -68.774566650391  time_per_window : 0.000177   progress : 0.644
name: input_len=16
training.rollout_steps=8
models.architecture.block_type=cls
training.mode=gml_rollout
models.out_dim=10
models.architecture.n_encoder_layers=1
models.architecture.n_decoder_layers=1    avg_loss: -68.799186706543  time_per_window : 0.000200   progress : 0.655
name: input_len=16
training.rollout_steps=8
models.architecture.block_type=cls
training.mode=gml_rollout
models.out_dim=10
models.architecture.n_encoder_layers=1
models.architecture.n_decoder_layers=1    avg_loss: -68.828308105469  time_per_window : 0.000236   progress : 0.666
name: input_len=16
training.rollout_steps=8
models.architecture.block_type=cls
training.mode=gml_rollout
models.out_dim=10
models.architecture.n_encoder_layers=1
models.architecture.n_decoder_layers=1    avg_loss: -68.817489624023  time_per_window : 0.000218   progress : 0.677
name: input_len=16
training.rollout_steps=8
models.architecture.block_type=cls
training.mode=gml_rollout
models.out_dim=10
models.architecture.n_encoder_layers=1
models.architecture.n_decoder_layers=1    avg_loss: -68.781806945801  time_per_window : 0.000198   progress : 0.688
name: input_len=16
training.rollout_steps=8
models.architecture.block_type=cls
training.mode=gml_rollout
models.out_dim=10
models.architecture.n_encoder_layers=1
models.architecture.n_decoder_layers=1    avg_loss: -68.849121093750  time_per_window : 0.000140   progress : 0.699
name: input_len=16
training.rollout_steps=8
models.architecture.block_type=cls
training.mode=gml_rollout
models.out_dim=10
models.architecture.n_encoder_layers=1
models.architecture.n_decoder_layers=1    avg_loss: -68.833709716797  time_per_window : 0.000198   progress : 0.710
name: input_len=16
training.rollout_steps=8
models.architecture.block_type=cls
training.mode=gml_rollout
models.out_dim=10
models.architecture.n_encoder_layers=1
models.architecture.n_decoder_layers=1    avg_loss: -68.828918457031  time_per_window : 0.000225   progress : 0.721
name: input_len=16
training.rollout_steps=8
models.architecture.block_type=cls
training.mode=gml_rollout
models.out_dim=10
models.architecture.n_encoder_layers=1
models.architecture.n_decoder_layers=1    avg_loss: -68.816703796387  time_per_window : 0.000199   progress : 0.732
name: input_len=16
training.rollout_steps=8
models.architecture.block_type=cls
training.mode=gml_rollout
models.out_dim=10
models.architecture.n_encoder_layers=1
models.architecture.n_decoder_layers=1    avg_loss: -68.827613830566  time_per_window : 0.000245   progress : 0.743
name: input_len=16
training.rollout_steps=8
models.architecture.block_type=cls
training.mode=gml_rollout
models.out_dim=10
models.architecture.n_encoder_layers=1
models.architecture.n_decoder_layers=1    avg_loss: -68.835029602051  time_per_window : 0.000221   progress : 0.754
name: input_len=16
training.rollout_steps=8
models.architecture.block_type=cls
training.mode=gml_rollout
models.out_dim=10
models.architecture.n_encoder_layers=1
models.architecture.n_decoder_layers=1    avg_loss: -68.815551757812  time_per_window : 0.000197   progress : 0.765
name: input_len=16
training.rollout_steps=8
models.architecture.block_type=cls
training.mode=gml_rollout
models.out_dim=10
models.architecture.n_encoder_layers=1
models.architecture.n_decoder_layers=1    avg_loss: -68.836029052734  time_per_window : 0.000230   progress : 0.775
name: input_len=16
training.rollout_steps=8
models.architecture.block_type=cls
training.mode=gml_rollout
models.out_dim=10
models.architecture.n_encoder_layers=1
models.architecture.n_decoder_layers=1    avg_loss: -68.863243103027  time_per_window : 0.000257   progress : 0.786
name: input_len=16
training.rollout_steps=8
models.architecture.block_type=cls
training.mode=gml_rollout
models.out_dim=10
models.architecture.n_encoder_layers=1
models.architecture.n_decoder_layers=1    avg_loss: -68.819282531738  time_per_window : 0.000167   progress : 0.797
name: input_len=16
training.rollout_steps=8
models.architecture.block_type=cls
training.mode=gml_rollout
models.out_dim=10
models.architecture.n_encoder_layers=1
models.architecture.n_decoder_layers=1    avg_loss: -68.848655700684  time_per_window : 0.000173   progress : 0.808
name: input_len=16
training.rollout_steps=8
models.architecture.block_type=cls
training.mode=gml_rollout
models.out_dim=10
models.architecture.n_encoder_layers=1
models.architecture.n_decoder_layers=1    avg_loss: -68.833465576172  time_per_window : 0.000209   progress : 0.819
name: input_len=16
training.rollout_steps=8
models.architecture.block_type=cls
training.mode=gml_rollout
models.out_dim=10
models.architecture.n_encoder_layers=1
models.architecture.n_decoder_layers=1    avg_loss: -68.871620178223  time_per_window : 0.000216   progress : 0.830
name: input_len=16
training.rollout_steps=8
models.architecture.block_type=cls
training.mode=gml_rollout
models.out_dim=10
models.architecture.n_encoder_layers=1
models.architecture.n_decoder_layers=1    avg_loss: -68.864700317383  time_per_window : 0.000184   progress : 0.841
name: input_len=16
training.rollout_steps=8
models.architecture.block_type=cls
training.mode=gml_rollout
models.out_dim=10
models.architecture.n_encoder_layers=1
models.architecture.n_decoder_layers=1    avg_loss: -68.845970153809  time_per_window : 0.000182   progress : 0.852
name: input_len=16
training.rollout_steps=8
models.architecture.block_type=cls
training.mode=gml_rollout
models.out_dim=10
models.architecture.n_encoder_layers=1
models.architecture.n_decoder_layers=1    avg_loss: -68.830307006836  time_per_window : 0.000174   progress : 0.863
name: input_len=16
training.rollout_steps=8
models.architecture.block_type=cls
training.mode=gml_rollout
models.out_dim=10
models.architecture.n_encoder_layers=1
models.architecture.n_decoder_layers=1    avg_loss: -68.845397949219  time_per_window : 0.000158   progress : 0.874
name: input_len=16
training.rollout_steps=8
models.architecture.block_type=cls
training.mode=gml_rollout
models.out_dim=10
models.architecture.n_encoder_layers=1
models.architecture.n_decoder_layers=1    avg_loss: -68.833023071289  time_per_window : 0.000189   progress : 0.885
name: input_len=16
training.rollout_steps=8
models.architecture.block_type=cls
training.mode=gml_rollout
models.out_dim=10
models.architecture.n_encoder_layers=1
models.architecture.n_decoder_layers=1    avg_loss: -68.876838684082  time_per_window : 0.000194   progress : 0.896
name: input_len=16
training.rollout_steps=8
models.architecture.block_type=cls
training.mode=gml_rollout
models.out_dim=10
models.architecture.n_encoder_layers=1
models.architecture.n_decoder_layers=1    avg_loss: -68.886650085449  time_per_window : 0.000186   progress : 0.907
name: input_len=16
training.rollout_steps=8
models.architecture.block_type=cls
training.mode=gml_rollout
models.out_dim=10
models.architecture.n_encoder_layers=1
models.architecture.n_decoder_layers=1    avg_loss: -68.814201354980  time_per_window : 0.000232   progress : 0.917
name: input_len=16
training.rollout_steps=8
models.architecture.block_type=cls
training.mode=gml_rollout
models.out_dim=10
models.architecture.n_encoder_layers=1
models.architecture.n_decoder_layers=1    avg_loss: -68.879806518555  time_per_window : 0.000245   progress : 0.928
name: input_len=16
training.rollout_steps=8
models.architecture.block_type=cls
training.mode=gml_rollout
models.out_dim=10
models.architecture.n_encoder_layers=1
models.architecture.n_decoder_layers=1    avg_loss: -68.843460083008  time_per_window : 0.000168   progress : 0.939
name: input_len=16
training.rollout_steps=8
models.architecture.block_type=cls
training.mode=gml_rollout
models.out_dim=10
models.architecture.n_encoder_layers=1
models.architecture.n_decoder_layers=1    avg_loss: -68.882385253906  time_per_window : 0.000165   progress : 0.950
name: input_len=16
training.rollout_steps=8
models.architecture.block_type=cls
training.mode=gml_rollout
models.out_dim=10
models.architecture.n_encoder_layers=1
models.architecture.n_decoder_layers=1    avg_loss: -68.866539001465  time_per_window : 0.000176   progress : 0.961
name: input_len=16
training.rollout_steps=8
models.architecture.block_type=cls
training.mode=gml_rollout
models.out_dim=10
models.architecture.n_encoder_layers=1
models.architecture.n_decoder_layers=1    avg_loss: -68.864227294922  time_per_window : 0.000191   progress : 0.972
name: input_len=16
training.rollout_steps=8
models.architecture.block_type=cls
training.mode=gml_rollout
models.out_dim=10
models.architecture.n_encoder_layers=1
models.architecture.n_decoder_layers=1    avg_loss: -68.864784240723  time_per_window : 0.000151   progress : 0.983
name: input_len=16
training.rollout_steps=8
models.architecture.block_type=cls
training.mode=gml_rollout
models.out_dim=10
models.architecture.n_encoder_layers=1
models.architecture.n_decoder_layers=1    avg_loss: -68.880371093750  time_per_window : 0.000254   progress : 0.994
DONE!!!
