/home/jdihardjo/miniconda3/envs/mavenv/lib/python3.11/site-packages/hydra/_internal/defaults_list.py:251: UserWarning: In 'config': Defaults list is missing `_self_`. See https://hydra.cc/docs/1.2/upgrades/1.0_to_1.1/default_composition_order for more information
  warnings.warn(msg, UserWarning)
Using cuda device
[2026-07-25 01:00:47,696][HYDRA] Joblib.Parallel(n_jobs=4,backend=loky,prefer=processes,require=None,verbose=0,timeout=None,pre_dispatch=2*n_jobs,batch_size=auto,temp_folder=None,max_nbytes=None,mmap_mode=r) is launching 1 jobs
[2026-07-25 01:00:47,696][HYDRA] Launching jobs, sweep output dir : ablation_runs/2026-07-24_23-30-14/cls_1e1d_out10_in64
[2026-07-25 01:00:47,696][HYDRA] 	#0 : input_len=64 training.rollout_steps=32 models.architecture.block_type=cls training.mode=rollout models.out_dim=10 models.architecture.n_encoder_layers=1 models.architecture.n_decoder_layers=1
/home/jdihardjo/miniconda3/envs/mavenv/lib/python3.11/site-packages/hydra/_internal/defaults_list.py:251: UserWarning: In 'config': Defaults list is missing `_self_`. See https://hydra.cc/docs/1.2/upgrades/1.0_to_1.1/default_composition_order for more information
  warnings.warn(msg, UserWarning)
models:
  n_dim: 23
  out_dim: 10
  architecture:
    d_model: 128
    n_encoder_layers: 1
    n_decoder_layers: 1
    block_type: cls
    time_adapter: last_token
    in_norm: none
    out_norm: none
    layer_scale: 0.0001
    drop_path: 0.05
    mamba_type: mamba
    mamba_kwargs:
      d_state: 16
      d_conv: 2
      expand: 2
      norm: rms
    skip: false
    cls_kwargs:
      n_heads: 2
      n_mlp: 2
      positional_encoding: false
      max_len: 5000
input_len: 64
output_len: 1
batch_size: 128
epochs: 5
seed: 0
dataset:
  path: /home/jdihardjo/simdata/train.zarr/
  training_size: 1500000
evaluation:
  path: /home/jdihardjo/simdata/evaluation.zarr/
  evaluation_size: 50
training:
  mode: rollout
  lr: 0.0002
  weight_decay: 0.1
  rollout_steps: 32
checkpoint:
  save_path: hydra-test.pth
  load: false
  path: hydra-test.pth
compile: true

/home/jdihardjo/miniconda3/envs/mavenv/lib/python3.11/site-packages/torch/_inductor/cudagraph_trees.py:2622: UserWarning: Unable to hit fast path of CUDAGraphs because outputs from a previous step still require backward. Ensure backward() is invoked or detach outputs. You may also call torch.compiler.cudagraph_mark_step_begin() before each model invocation.
  warnings.warn(
name: input_len=64
training.rollout_steps=32
models.architecture.block_type=cls
training.mode=rollout
models.out_dim=10
models.architecture.n_encoder_layers=1
models.architecture.n_decoder_layers=1    avg_loss: 0.005802693311  time_per_window : 0.000772   progress : 0.011
name: input_len=64
training.rollout_steps=32
models.architecture.block_type=cls
training.mode=rollout
models.out_dim=10
models.architecture.n_encoder_layers=1
models.architecture.n_decoder_layers=1    avg_loss: 0.000003588369  time_per_window : 0.000678   progress : 0.022
name: input_len=64
training.rollout_steps=32
models.architecture.block_type=cls
training.mode=rollout
models.out_dim=10
models.architecture.n_encoder_layers=1
models.architecture.n_decoder_layers=1    avg_loss: 0.000002264769  time_per_window : 0.000679   progress : 0.033
name: input_len=64
training.rollout_steps=32
models.architecture.block_type=cls
training.mode=rollout
models.out_dim=10
models.architecture.n_encoder_layers=1
models.architecture.n_decoder_layers=1    avg_loss: 0.000001514188  time_per_window : 0.000712   progress : 0.044
name: input_len=64
training.rollout_steps=32
models.architecture.block_type=cls
training.mode=rollout
models.out_dim=10
models.architecture.n_encoder_layers=1
models.architecture.n_decoder_layers=1    avg_loss: 0.000001090515  time_per_window : 0.000784   progress : 0.055
name: input_len=64
training.rollout_steps=32
models.architecture.block_type=cls
training.mode=rollout
models.out_dim=10
models.architecture.n_encoder_layers=1
models.architecture.n_decoder_layers=1    avg_loss: 0.000000829744  time_per_window : 0.000684   progress : 0.066
name: input_len=64
training.rollout_steps=32
models.architecture.block_type=cls
training.mode=rollout
models.out_dim=10
models.architecture.n_encoder_layers=1
models.architecture.n_decoder_layers=1    avg_loss: 0.000000676890  time_per_window : 0.000721   progress : 0.076
name: input_len=64
training.rollout_steps=32
models.architecture.block_type=cls
training.mode=rollout
models.out_dim=10
models.architecture.n_encoder_layers=1
models.architecture.n_decoder_layers=1    avg_loss: 0.000000599939  time_per_window : 0.000748   progress : 0.087
name: input_len=64
training.rollout_steps=32
models.architecture.block_type=cls
training.mode=rollout
models.out_dim=10
models.architecture.n_encoder_layers=1
models.architecture.n_decoder_layers=1    avg_loss: 0.000000544869  time_per_window : 0.000697   progress : 0.098
name: input_len=64
training.rollout_steps=32
models.architecture.block_type=cls
training.mode=rollout
models.out_dim=10
models.architecture.n_encoder_layers=1
models.architecture.n_decoder_layers=1    avg_loss: 0.000000494425  time_per_window : 0.000796   progress : 0.109
name: input_len=64
training.rollout_steps=32
models.architecture.block_type=cls
training.mode=rollout
models.out_dim=10
models.architecture.n_encoder_layers=1
models.architecture.n_decoder_layers=1    avg_loss: 0.000000430060  time_per_window : 0.000696   progress : 0.120
name: input_len=64
training.rollout_steps=32
models.architecture.block_type=cls
training.mode=rollout
models.out_dim=10
models.architecture.n_encoder_layers=1
models.architecture.n_decoder_layers=1    avg_loss: 0.000000458506  time_per_window : 0.000785   progress : 0.131
name: input_len=64
training.rollout_steps=32
models.architecture.block_type=cls
training.mode=rollout
models.out_dim=10
models.architecture.n_encoder_layers=1
models.architecture.n_decoder_layers=1    avg_loss: 0.000000447272  time_per_window : 0.000767   progress : 0.142
name: input_len=64
training.rollout_steps=32
models.architecture.block_type=cls
training.mode=rollout
models.out_dim=10
models.architecture.n_encoder_layers=1
models.architecture.n_decoder_layers=1    avg_loss: 0.000000502358  time_per_window : 0.000662   progress : 0.153
name: input_len=64
training.rollout_steps=32
models.architecture.block_type=cls
training.mode=rollout
models.out_dim=10
models.architecture.n_encoder_layers=1
models.architecture.n_decoder_layers=1    avg_loss: 0.000000625742  time_per_window : 0.000747   progress : 0.164
name: input_len=64
training.rollout_steps=32
models.architecture.block_type=cls
training.mode=rollout
models.out_dim=10
models.architecture.n_encoder_layers=1
models.architecture.n_decoder_layers=1    avg_loss: 0.000000883121  time_per_window : 0.000669   progress : 0.175
name: input_len=64
training.rollout_steps=32
models.architecture.block_type=cls
training.mode=rollout
models.out_dim=10
models.architecture.n_encoder_layers=1
models.architecture.n_decoder_layers=1    avg_loss: 0.000003821881  time_per_window : 0.000727   progress : 0.186
name: input_len=64
training.rollout_steps=32
models.architecture.block_type=cls
training.mode=rollout
models.out_dim=10
models.architecture.n_encoder_layers=1
models.architecture.n_decoder_layers=1    avg_loss: 0.000002154869  time_per_window : 0.000718   progress : 0.197
name: input_len=64
training.rollout_steps=32
models.architecture.block_type=cls
training.mode=rollout
models.out_dim=10
models.architecture.n_encoder_layers=1
models.architecture.n_decoder_layers=1    avg_loss: 0.000006552255  time_per_window : 0.000721   progress : 0.208
name: input_len=64
training.rollout_steps=32
models.architecture.block_type=cls
training.mode=rollout
models.out_dim=10
models.architecture.n_encoder_layers=1
models.architecture.n_decoder_layers=1    avg_loss: 0.000004145997  time_per_window : 0.000699   progress : 0.218
name: input_len=64
training.rollout_steps=32
models.architecture.block_type=cls
training.mode=rollout
models.out_dim=10
models.architecture.n_encoder_layers=1
models.architecture.n_decoder_layers=1    avg_loss: 0.000007422497  time_per_window : 0.000752   progress : 0.229
name: input_len=64
training.rollout_steps=32
models.architecture.block_type=cls
training.mode=rollout
models.out_dim=10
models.architecture.n_encoder_layers=1
models.architecture.n_decoder_layers=1    avg_loss: 0.000005363556  time_per_window : 0.000720   progress : 0.240
name: input_len=64
training.rollout_steps=32
models.architecture.block_type=cls
training.mode=rollout
models.out_dim=10
models.architecture.n_encoder_layers=1
models.architecture.n_decoder_layers=1    avg_loss: 0.000007141439  time_per_window : 0.000783   progress : 0.251
name: input_len=64
training.rollout_steps=32
models.architecture.block_type=cls
training.mode=rollout
models.out_dim=10
models.architecture.n_encoder_layers=1
models.architecture.n_decoder_layers=1    avg_loss: 0.000007013224  time_per_window : 0.000785   progress : 0.262
name: input_len=64
training.rollout_steps=32
models.architecture.block_type=cls
training.mode=rollout
models.out_dim=10
models.architecture.n_encoder_layers=1
models.architecture.n_decoder_layers=1    avg_loss: 0.000007885412  time_per_window : 0.000653   progress : 0.273
name: input_len=64
training.rollout_steps=32
models.architecture.block_type=cls
training.mode=rollout
models.out_dim=10
models.architecture.n_encoder_layers=1
models.architecture.n_decoder_layers=1    avg_loss: 0.000006059593  time_per_window : 0.000626   progress : 0.284
name: input_len=64
training.rollout_steps=32
models.architecture.block_type=cls
training.mode=rollout
models.out_dim=10
models.architecture.n_encoder_layers=1
models.architecture.n_decoder_layers=1    avg_loss: 0.000008063218  time_per_window : 0.000619   progress : 0.295
name: input_len=64
training.rollout_steps=32
models.architecture.block_type=cls
training.mode=rollout
models.out_dim=10
models.architecture.n_encoder_layers=1
models.architecture.n_decoder_layers=1    avg_loss: 0.000007552025  time_per_window : 0.000658   progress : 0.306
name: input_len=64
training.rollout_steps=32
models.architecture.block_type=cls
training.mode=rollout
models.out_dim=10
models.architecture.n_encoder_layers=1
models.architecture.n_decoder_layers=1    avg_loss: 0.000007762132  time_per_window : 0.000661   progress : 0.317
name: input_len=64
training.rollout_steps=32
models.architecture.block_type=cls
training.mode=rollout
models.out_dim=10
models.architecture.n_encoder_layers=1
models.architecture.n_decoder_layers=1    avg_loss: 0.000006740236  time_per_window : 0.000662   progress : 0.328
name: input_len=64
training.rollout_steps=32
models.architecture.block_type=cls
training.mode=rollout
models.out_dim=10
models.architecture.n_encoder_layers=1
models.architecture.n_decoder_layers=1    avg_loss: 0.000007293792  time_per_window : 0.000615   progress : 0.339
name: input_len=64
training.rollout_steps=32
models.architecture.block_type=cls
training.mode=rollout
models.out_dim=10
models.architecture.n_encoder_layers=1
models.architecture.n_decoder_layers=1    avg_loss: 0.000009731122  time_per_window : 0.000700   progress : 0.350
name: input_len=64
training.rollout_steps=32
models.architecture.block_type=cls
training.mode=rollout
models.out_dim=10
models.architecture.n_encoder_layers=1
models.architecture.n_decoder_layers=1    avg_loss: 0.000008009712  time_per_window : 0.000463   progress : 0.360
name: input_len=64
training.rollout_steps=32
models.architecture.block_type=cls
training.mode=rollout
models.out_dim=10
models.architecture.n_encoder_layers=1
models.architecture.n_decoder_layers=1    avg_loss: 0.000009111999  time_per_window : 0.000587   progress : 0.371
name: input_len=64
training.rollout_steps=32
models.architecture.block_type=cls
training.mode=rollout
models.out_dim=10
models.architecture.n_encoder_layers=1
models.architecture.n_decoder_layers=1    avg_loss: 0.000006046911  time_per_window : 0.000470   progress : 0.382
name: input_len=64
training.rollout_steps=32
models.architecture.block_type=cls
training.mode=rollout
models.out_dim=10
models.architecture.n_encoder_layers=1
models.architecture.n_decoder_layers=1    avg_loss: 0.000008250707  time_per_window : 0.000381   progress : 0.393
name: input_len=64
training.rollout_steps=32
models.architecture.block_type=cls
training.mode=rollout
models.out_dim=10
models.architecture.n_encoder_layers=1
models.architecture.n_decoder_layers=1    avg_loss: 0.000008404811  time_per_window : 0.000610   progress : 0.404
name: input_len=64
training.rollout_steps=32
models.architecture.block_type=cls
training.mode=rollout
models.out_dim=10
models.architecture.n_encoder_layers=1
models.architecture.n_decoder_layers=1    avg_loss: 0.000007304418  time_per_window : 0.000570   progress : 0.415
name: input_len=64
training.rollout_steps=32
models.architecture.block_type=cls
training.mode=rollout
models.out_dim=10
models.architecture.n_encoder_layers=1
models.architecture.n_decoder_layers=1    avg_loss: 0.000007885622  time_per_window : 0.000674   progress : 0.426
name: input_len=64
training.rollout_steps=32
models.architecture.block_type=cls
training.mode=rollout
models.out_dim=10
models.architecture.n_encoder_layers=1
models.architecture.n_decoder_layers=1    avg_loss: 0.000007007679  time_per_window : 0.000559   progress : 0.437
name: input_len=64
training.rollout_steps=32
models.architecture.block_type=cls
training.mode=rollout
models.out_dim=10
models.architecture.n_encoder_layers=1
models.architecture.n_decoder_layers=1    avg_loss: 0.000008686481  time_per_window : 0.000581   progress : 0.448
name: input_len=64
training.rollout_steps=32
models.architecture.block_type=cls
training.mode=rollout
models.out_dim=10
models.architecture.n_encoder_layers=1
models.architecture.n_decoder_layers=1    avg_loss: 0.000005637115  time_per_window : 0.000642   progress : 0.459
name: input_len=64
training.rollout_steps=32
models.architecture.block_type=cls
training.mode=rollout
models.out_dim=10
models.architecture.n_encoder_layers=1
models.architecture.n_decoder_layers=1    avg_loss: 0.000008769326  time_per_window : 0.000613   progress : 0.470
name: input_len=64
training.rollout_steps=32
models.architecture.block_type=cls
training.mode=rollout
models.out_dim=10
models.architecture.n_encoder_layers=1
models.architecture.n_decoder_layers=1    avg_loss: 0.000006854299  time_per_window : 0.000653   progress : 0.481
name: input_len=64
training.rollout_steps=32
models.architecture.block_type=cls
training.mode=rollout
models.out_dim=10
models.architecture.n_encoder_layers=1
models.architecture.n_decoder_layers=1    avg_loss: 0.000006281619  time_per_window : 0.000584   progress : 0.492
name: input_len=64
training.rollout_steps=32
models.architecture.block_type=cls
training.mode=rollout
models.out_dim=10
models.architecture.n_encoder_layers=1
models.architecture.n_decoder_layers=1    avg_loss: 0.000006319971  time_per_window : 0.000581   progress : 0.502
name: input_len=64
training.rollout_steps=32
models.architecture.block_type=cls
training.mode=rollout
models.out_dim=10
models.architecture.n_encoder_layers=1
models.architecture.n_decoder_layers=1    avg_loss: 0.000006855429  time_per_window : 0.000615   progress : 0.513
name: input_len=64
training.rollout_steps=32
models.architecture.block_type=cls
training.mode=rollout
models.out_dim=10
models.architecture.n_encoder_layers=1
models.architecture.n_decoder_layers=1    avg_loss: 0.000007669497  time_per_window : 0.000610   progress : 0.524
name: input_len=64
training.rollout_steps=32
models.architecture.block_type=cls
training.mode=rollout
models.out_dim=10
models.architecture.n_encoder_layers=1
models.architecture.n_decoder_layers=1    avg_loss: 0.000006097087  time_per_window : 0.000604   progress : 0.535
name: input_len=64
training.rollout_steps=32
models.architecture.block_type=cls
training.mode=rollout
models.out_dim=10
models.architecture.n_encoder_layers=1
models.architecture.n_decoder_layers=1    avg_loss: 0.000005495364  time_per_window : 0.000443   progress : 0.546
name: input_len=64
training.rollout_steps=32
models.architecture.block_type=cls
training.mode=rollout
models.out_dim=10
models.architecture.n_encoder_layers=1
models.architecture.n_decoder_layers=1    avg_loss: 0.000007334615  time_per_window : 0.000483   progress : 0.557
name: input_len=64
training.rollout_steps=32
models.architecture.block_type=cls
training.mode=rollout
models.out_dim=10
models.architecture.n_encoder_layers=1
models.architecture.n_decoder_layers=1    avg_loss: 0.000005388080  time_per_window : 0.000457   progress : 0.568
name: input_len=64
training.rollout_steps=32
models.architecture.block_type=cls
training.mode=rollout
models.out_dim=10
models.architecture.n_encoder_layers=1
models.architecture.n_decoder_layers=1    avg_loss: 0.000005634984  time_per_window : 0.000536   progress : 0.579
name: input_len=64
training.rollout_steps=32
models.architecture.block_type=cls
training.mode=rollout
models.out_dim=10
models.architecture.n_encoder_layers=1
models.architecture.n_decoder_layers=1    avg_loss: 0.000005454738  time_per_window : 0.000489   progress : 0.590
name: input_len=64
training.rollout_steps=32
models.architecture.block_type=cls
training.mode=rollout
models.out_dim=10
models.architecture.n_encoder_layers=1
models.architecture.n_decoder_layers=1    avg_loss: 0.000006178034  time_per_window : 0.000442   progress : 0.601
name: input_len=64
training.rollout_steps=32
models.architecture.block_type=cls
training.mode=rollout
models.out_dim=10
models.architecture.n_encoder_layers=1
models.architecture.n_decoder_layers=1    avg_loss: 0.000004570271  time_per_window : 0.000650   progress : 0.612
name: input_len=64
training.rollout_steps=32
models.architecture.block_type=cls
training.mode=rollout
models.out_dim=10
models.architecture.n_encoder_layers=1
models.architecture.n_decoder_layers=1    avg_loss: 0.000007121986  time_per_window : 0.000629   progress : 0.623
name: input_len=64
training.rollout_steps=32
models.architecture.block_type=cls
training.mode=rollout
models.out_dim=10
models.architecture.n_encoder_layers=1
models.architecture.n_decoder_layers=1    avg_loss: 0.000004328642  time_per_window : 0.000673   progress : 0.634
name: input_len=64
training.rollout_steps=32
models.architecture.block_type=cls
training.mode=rollout
models.out_dim=10
models.architecture.n_encoder_layers=1
models.architecture.n_decoder_layers=1    avg_loss: 0.000005165468  time_per_window : 0.000625   progress : 0.644
name: input_len=64
training.rollout_steps=32
models.architecture.block_type=cls
training.mode=rollout
models.out_dim=10
models.architecture.n_encoder_layers=1
models.architecture.n_decoder_layers=1    avg_loss: 0.000004627636  time_per_window : 0.000663   progress : 0.655
name: input_len=64
training.rollout_steps=32
models.architecture.block_type=cls
training.mode=rollout
models.out_dim=10
models.architecture.n_encoder_layers=1
models.architecture.n_decoder_layers=1    avg_loss: 0.000005421635  time_per_window : 0.000652   progress : 0.666
name: input_len=64
training.rollout_steps=32
models.architecture.block_type=cls
training.mode=rollout
models.out_dim=10
models.architecture.n_encoder_layers=1
models.architecture.n_decoder_layers=1    avg_loss: 0.000004462941  time_per_window : 0.000609   progress : 0.677/home/jdihardjo/miniconda3/envs/mavenv/lib/python3.11/site-packages/torch/_inductor/cudagraph_trees.py:2622: UserWarning: Unable to hit fast path of CUDAGraphs because outputs from a previous step still require backward. Ensure backward() is invoked or detach outputs. You may also call torch.compiler.cudagraph_mark_step_begin() before each model invocation.
  warnings.warn(
/home/jdihardjo/miniconda3/envs/mavenv/lib/python3.11/site-packages/torch/_inductor/cudagraph_trees.py:2622: UserWarning: Unable to hit fast path of CUDAGraphs because outputs from a previous step still require backward. Ensure backward() is invoked or detach outputs. You may also call torch.compiler.cudagraph_mark_step_begin() before each model invocation.
  warnings.warn(

name: input_len=64
training.rollout_steps=32
models.architecture.block_type=cls
training.mode=rollout
models.out_dim=10
models.architecture.n_encoder_layers=1
models.architecture.n_decoder_layers=1    avg_loss: 0.000004709934  time_per_window : 0.000640   progress : 0.688
name: input_len=64
training.rollout_steps=32
models.architecture.block_type=cls
training.mode=rollout
models.out_dim=10
models.architecture.n_encoder_layers=1
models.architecture.n_decoder_layers=1    avg_loss: 0.000004347990  time_per_window : 0.000678   progress : 0.699
name: input_len=64
training.rollout_steps=32
models.architecture.block_type=cls
training.mode=rollout
models.out_dim=10
models.architecture.n_encoder_layers=1
models.architecture.n_decoder_layers=1    avg_loss: 0.000005094384  time_per_window : 0.000649   progress : 0.710
name: input_len=64
training.rollout_steps=32
models.architecture.block_type=cls
training.mode=rollout
models.out_dim=10
models.architecture.n_encoder_layers=1
models.architecture.n_decoder_layers=1    avg_loss: 0.000004224788  time_per_window : 0.000710   progress : 0.721
name: input_len=64
training.rollout_steps=32
models.architecture.block_type=cls
training.mode=rollout
models.out_dim=10
models.architecture.n_encoder_layers=1
models.architecture.n_decoder_layers=1    avg_loss: 0.000004225530  time_per_window : 0.000639   progress : 0.732
name: input_len=64
training.rollout_steps=32
models.architecture.block_type=cls
training.mode=rollout
models.out_dim=10
models.architecture.n_encoder_layers=1
models.architecture.n_decoder_layers=1    avg_loss: 0.000004061291  time_per_window : 0.000702   progress : 0.743
name: input_len=64
training.rollout_steps=32
models.architecture.block_type=cls
training.mode=rollout
models.out_dim=10
models.architecture.n_encoder_layers=1
models.architecture.n_decoder_layers=1    avg_loss: 0.000004570566  time_per_window : 0.000450   progress : 0.754
name: input_len=64
training.rollout_steps=32
models.architecture.block_type=cls
training.mode=rollout
models.out_dim=10
models.architecture.n_encoder_layers=1
models.architecture.n_decoder_layers=1    avg_loss: 0.000003648708  time_per_window : 0.000646   progress : 0.765
name: input_len=64
training.rollout_steps=32
models.architecture.block_type=cls
training.mode=rollout
models.out_dim=10
models.architecture.n_encoder_layers=1
models.architecture.n_decoder_layers=1    avg_loss: 0.000004999369  time_per_window : 0.000616   progress : 0.775
name: input_len=64
training.rollout_steps=32
models.architecture.block_type=cls
training.mode=rollout
models.out_dim=10
models.architecture.n_encoder_layers=1
models.architecture.n_decoder_layers=1    avg_loss: 0.000003846462  time_per_window : 0.000631   progress : 0.786
name: input_len=64
training.rollout_steps=32
models.architecture.block_type=cls
training.mode=rollout
models.out_dim=10
models.architecture.n_encoder_layers=1
models.architecture.n_decoder_layers=1    avg_loss: 0.000003829905  time_per_window : 0.000557   progress : 0.797
name: input_len=64
training.rollout_steps=32
models.architecture.block_type=cls
training.mode=rollout
models.out_dim=10
models.architecture.n_encoder_layers=1
models.architecture.n_decoder_layers=1    avg_loss: 0.000003135975  time_per_window : 0.000654   progress : 0.808
name: input_len=64
training.rollout_steps=32
models.architecture.block_type=cls
training.mode=rollout
models.out_dim=10
models.architecture.n_encoder_layers=1
models.architecture.n_decoder_layers=1    avg_loss: 0.000003824882  time_per_window : 0.000595   progress : 0.819
name: input_len=64
training.rollout_steps=32
models.architecture.block_type=cls
training.mode=rollout
models.out_dim=10
models.architecture.n_encoder_layers=1
models.architecture.n_decoder_layers=1    avg_loss: 0.000003861191  time_per_window : 0.000555   progress : 0.830
name: input_len=64
training.rollout_steps=32
models.architecture.block_type=cls
training.mode=rollout
models.out_dim=10
models.architecture.n_encoder_layers=1
models.architecture.n_decoder_layers=1    avg_loss: 0.000003080363  time_per_window : 0.000563   progress : 0.841
name: input_len=64
training.rollout_steps=32
models.architecture.block_type=cls
training.mode=rollout
models.out_dim=10
models.architecture.n_encoder_layers=1
models.architecture.n_decoder_layers=1    avg_loss: 0.000003339675  time_per_window : 0.000636   progress : 0.852
name: input_len=64
training.rollout_steps=32
models.architecture.block_type=cls
training.mode=rollout
models.out_dim=10
models.architecture.n_encoder_layers=1
models.architecture.n_decoder_layers=1    avg_loss: 0.000003752951  time_per_window : 0.000540   progress : 0.863
name: input_len=64
training.rollout_steps=32
models.architecture.block_type=cls
training.mode=rollout
models.out_dim=10
models.architecture.n_encoder_layers=1
models.architecture.n_decoder_layers=1    avg_loss: 0.000003210667  time_per_window : 0.000593   progress : 0.874
name: input_len=64
training.rollout_steps=32
models.architecture.block_type=cls
training.mode=rollout
models.out_dim=10
models.architecture.n_encoder_layers=1
models.architecture.n_decoder_layers=1    avg_loss: 0.000002970276  time_per_window : 0.000593   progress : 0.885
name: input_len=64
training.rollout_steps=32
models.architecture.block_type=cls
training.mode=rollout
models.out_dim=10
models.architecture.n_encoder_layers=1
models.architecture.n_decoder_layers=1    avg_loss: 0.000003273199  time_per_window : 0.000607   progress : 0.896
name: input_len=64
training.rollout_steps=32
models.architecture.block_type=cls
training.mode=rollout
models.out_dim=10
models.architecture.n_encoder_layers=1
models.architecture.n_decoder_layers=1    avg_loss: 0.000002580187  time_per_window : 0.000424   progress : 0.907
name: input_len=64
training.rollout_steps=32
models.architecture.block_type=cls
training.mode=rollout
models.out_dim=10
models.architecture.n_encoder_layers=1
models.architecture.n_decoder_layers=1    avg_loss: 0.000003265355  time_per_window : 0.000708   progress : 0.917
name: input_len=64
training.rollout_steps=32
models.architecture.block_type=cls
training.mode=rollout
models.out_dim=10
models.architecture.n_encoder_layers=1
models.architecture.n_decoder_layers=1    avg_loss: 0.000002970497  time_per_window : 0.000674   progress : 0.928
name: input_len=64
training.rollout_steps=32
models.architecture.block_type=cls
training.mode=rollout
models.out_dim=10
models.architecture.n_encoder_layers=1
models.architecture.n_decoder_layers=1    avg_loss: 0.000002865563  time_per_window : 0.000599   progress : 0.939
name: input_len=64
training.rollout_steps=32
models.architecture.block_type=cls
training.mode=rollout
models.out_dim=10
models.architecture.n_encoder_layers=1
models.architecture.n_decoder_layers=1    avg_loss: 0.000002780755  time_per_window : 0.000551   progress : 0.950
name: input_len=64
training.rollout_steps=32
models.architecture.block_type=cls
training.mode=rollout
models.out_dim=10
models.architecture.n_encoder_layers=1
models.architecture.n_decoder_layers=1    avg_loss: 0.000002595143  time_per_window : 0.000731   progress : 0.961
name: input_len=64
training.rollout_steps=32
models.architecture.block_type=cls
training.mode=rollout
models.out_dim=10
models.architecture.n_encoder_layers=1
models.architecture.n_decoder_layers=1    avg_loss: 0.000002917639  time_per_window : 0.000631   progress : 0.972
name: input_len=64
training.rollout_steps=32
models.architecture.block_type=cls
training.mode=rollout
models.out_dim=10
models.architecture.n_encoder_layers=1
models.architecture.n_decoder_layers=1    avg_loss: 0.000002752891  time_per_window : 0.000593   progress : 0.983
name: input_len=64
training.rollout_steps=32
models.architecture.block_type=cls
training.mode=rollout
models.out_dim=10
models.architecture.n_encoder_layers=1
models.architecture.n_decoder_layers=1    avg_loss: 0.000002452738  time_per_window : 0.000606   progress : 0.994
name: input_len=64
training.rollout_steps=32
models.architecture.block_type=cls
training.mode=rollout
models.out_dim=10
models.architecture.n_encoder_layers=1
models.architecture.n_decoder_layers=1    avg_loss: 0.000018975548  time_per_window : 0.000716   progress : 0.011
name: input_len=64
training.rollout_steps=32
models.architecture.block_type=cls
training.mode=rollout
models.out_dim=10
models.architecture.n_encoder_layers=1
models.architecture.n_decoder_layers=1    avg_loss: 0.000000319078  time_per_window : 0.000660   progress : 0.022
name: input_len=64
training.rollout_steps=32
models.architecture.block_type=cls
training.mode=rollout
models.out_dim=10
models.architecture.n_encoder_layers=1
models.architecture.n_decoder_layers=1    avg_loss: 0.000000392830  time_per_window : 0.000732   progress : 0.033
name: input_len=64
training.rollout_steps=32
models.architecture.block_type=cls
training.mode=rollout
models.out_dim=10
models.architecture.n_encoder_layers=1
models.architecture.n_decoder_layers=1    avg_loss: 0.000001361192  time_per_window : 0.000722   progress : 0.044
name: input_len=64
training.rollout_steps=32
models.architecture.block_type=cls
training.mode=rollout
models.out_dim=10
models.architecture.n_encoder_layers=1
models.architecture.n_decoder_layers=1    avg_loss: 0.000002014107  time_per_window : 0.000668   progress : 0.055
name: input_len=64
training.rollout_steps=32
models.architecture.block_type=cls
training.mode=rollout
models.out_dim=10
models.architecture.n_encoder_layers=1
models.architecture.n_decoder_layers=1    avg_loss: 0.000002069429  time_per_window : 0.000740   progress : 0.066
name: input_len=64
training.rollout_steps=32
models.architecture.block_type=cls
training.mode=rollout
models.out_dim=10
models.architecture.n_encoder_layers=1
models.architecture.n_decoder_layers=1    avg_loss: 0.000001672261  time_per_window : 0.000704   progress : 0.076
name: input_len=64
training.rollout_steps=32
models.architecture.block_type=cls
training.mode=rollout
models.out_dim=10
models.architecture.n_encoder_layers=1
models.architecture.n_decoder_layers=1    avg_loss: 0.000002432892  time_per_window : 0.000736   progress : 0.087
name: input_len=64
training.rollout_steps=32
models.architecture.block_type=cls
training.mode=rollout
models.out_dim=10
models.architecture.n_encoder_layers=1
models.architecture.n_decoder_layers=1    avg_loss: 0.000002005660  time_per_window : 0.000658   progress : 0.098
name: input_len=64
training.rollout_steps=32
models.architecture.block_type=cls
training.mode=rollout
models.out_dim=10
models.architecture.n_encoder_layers=1
models.architecture.n_decoder_layers=1    avg_loss: 0.000001854841  time_per_window : 0.000732   progress : 0.109
name: input_len=64
training.rollout_steps=32
models.architecture.block_type=cls
training.mode=rollout
models.out_dim=10
models.architecture.n_encoder_layers=1
models.architecture.n_decoder_layers=1    avg_loss: 0.000001855286  time_per_window : 0.000634   progress : 0.120
name: input_len=64
training.rollout_steps=32
models.architecture.block_type=cls
training.mode=rollout
models.out_dim=10
models.architecture.n_encoder_layers=1
models.architecture.n_decoder_layers=1    avg_loss: 0.000002293929  time_per_window : 0.000697   progress : 0.131
name: input_len=64
training.rollout_steps=32
models.architecture.block_type=cls
training.mode=rollout
models.out_dim=10
models.architecture.n_encoder_layers=1
models.architecture.n_decoder_layers=1    avg_loss: 0.000002153356  time_per_window : 0.000665   progress : 0.142
name: input_len=64
training.rollout_steps=32
models.architecture.block_type=cls
training.mode=rollout
models.out_dim=10
models.architecture.n_encoder_layers=1
models.architecture.n_decoder_layers=1    avg_loss: 0.000001834569  time_per_window : 0.000677   progress : 0.153
name: input_len=64
training.rollout_steps=32
models.architecture.block_type=cls
training.mode=rollout
models.out_dim=10
models.architecture.n_encoder_layers=1
models.architecture.n_decoder_layers=1    avg_loss: 0.000002108037  time_per_window : 0.000705   progress : 0.164
name: input_len=64
training.rollout_steps=32
models.architecture.block_type=cls
training.mode=rollout
models.out_dim=10
models.architecture.n_encoder_layers=1
models.architecture.n_decoder_layers=1    avg_loss: 0.000001790408  time_per_window : 0.000720   progress : 0.175
name: input_len=64
training.rollout_steps=32
models.architecture.block_type=cls
training.mode=rollout
models.out_dim=10
models.architecture.n_encoder_layers=1
models.architecture.n_decoder_layers=1    avg_loss: 0.000001881861  time_per_window : 0.000637   progress : 0.186
name: input_len=64
training.rollout_steps=32
models.architecture.block_type=cls
training.mode=rollout
models.out_dim=10
models.architecture.n_encoder_layers=1
models.architecture.n_decoder_layers=1    avg_loss: 0.000001887804  time_per_window : 0.000668   progress : 0.197
name: input_len=64
training.rollout_steps=32
models.architecture.block_type=cls
training.mode=rollout
models.out_dim=10
models.architecture.n_encoder_layers=1
models.architecture.n_decoder_layers=1    avg_loss: 0.000001871123  time_per_window : 0.000761   progress : 0.208
name: input_len=64
training.rollout_steps=32
models.architecture.block_type=cls
training.mode=rollout
models.out_dim=10
models.architecture.n_encoder_layers=1
models.architecture.n_decoder_layers=1    avg_loss: 0.000001827047  time_per_window : 0.000693   progress : 0.218
name: input_len=64
training.rollout_steps=32
models.architecture.block_type=cls
training.mode=rollout
models.out_dim=10
models.architecture.n_encoder_layers=1
models.architecture.n_decoder_layers=1    avg_loss: 0.000001924408  time_per_window : 0.000724   progress : 0.229
name: input_len=64
training.rollout_steps=32
models.architecture.block_type=cls
training.mode=rollout
models.out_dim=10
models.architecture.n_encoder_layers=1
models.architecture.n_decoder_layers=1    avg_loss: 0.000001661140  time_per_window : 0.000756   progress : 0.240
name: input_len=64
training.rollout_steps=32
models.architecture.block_type=cls
training.mode=rollout
models.out_dim=10
models.architecture.n_encoder_layers=1
models.architecture.n_decoder_layers=1    avg_loss: 0.000001797931  time_per_window : 0.000692   progress : 0.251
name: input_len=64
training.rollout_steps=32
models.architecture.block_type=cls
training.mode=rollout
models.out_dim=10
models.architecture.n_encoder_layers=1
models.architecture.n_decoder_layers=1    avg_loss: 0.000001869386  time_per_window : 0.000715   progress : 0.262
name: input_len=64
training.rollout_steps=32
models.architecture.block_type=cls
training.mode=rollout
models.out_dim=10
models.architecture.n_encoder_layers=1
models.architecture.n_decoder_layers=1    avg_loss: 0.000001391354  time_per_window : 0.000572   progress : 0.273
name: input_len=64
training.rollout_steps=32
models.architecture.block_type=cls
training.mode=rollout
models.out_dim=10
models.architecture.n_encoder_layers=1
models.architecture.n_decoder_layers=1    avg_loss: 0.000001681020  time_per_window : 0.000727   progress : 0.284
name: input_len=64
training.rollout_steps=32
models.architecture.block_type=cls
training.mode=rollout
models.out_dim=10
models.architecture.n_encoder_layers=1
models.architecture.n_decoder_layers=1    avg_loss: 0.000001510600  time_per_window : 0.000629   progress : 0.295
name: input_len=64
training.rollout_steps=32
models.architecture.block_type=cls
training.mode=rollout
models.out_dim=10
models.architecture.n_encoder_layers=1
models.architecture.n_decoder_layers=1    avg_loss: 0.000001514341  time_per_window : 0.000772   progress : 0.306
name: input_len=64
training.rollout_steps=32
models.architecture.block_type=cls
training.mode=rollout
models.out_dim=10
models.architecture.n_encoder_layers=1
models.architecture.n_decoder_layers=1    avg_loss: 0.000001751517  time_per_window : 0.000583   progress : 0.317
name: input_len=64
training.rollout_steps=32
models.architecture.block_type=cls
training.mode=rollout
models.out_dim=10
models.architecture.n_encoder_layers=1
models.architecture.n_decoder_layers=1    avg_loss: 0.000001417949  time_per_window : 0.000533   progress : 0.328
name: input_len=64
training.rollout_steps=32
models.architecture.block_type=cls
training.mode=rollout
models.out_dim=10
models.architecture.n_encoder_layers=1
models.architecture.n_decoder_layers=1    avg_loss: 0.000001426390  time_per_window : 0.000443   progress : 0.339
name: input_len=64
training.rollout_steps=32
models.architecture.block_type=cls
training.mode=rollout
models.out_dim=10
models.architecture.n_encoder_layers=1
models.architecture.n_decoder_layers=1    avg_loss: 0.000001532658  time_per_window : 0.000655   progress : 0.350
name: input_len=64
training.rollout_steps=32
models.architecture.block_type=cls
training.mode=rollout
models.out_dim=10
models.architecture.n_encoder_layers=1
models.architecture.n_decoder_layers=1    avg_loss: 0.000001369835  time_per_window : 0.000705   progress : 0.360
name: input_len=64
training.rollout_steps=32
models.architecture.block_type=cls
training.mode=rollout
models.out_dim=10
models.architecture.n_encoder_layers=1
models.architecture.n_decoder_layers=1    avg_loss: 0.000001515172  time_per_window : 0.000666   progress : 0.371
name: input_len=64
training.rollout_steps=32
models.architecture.block_type=cls
training.mode=rollout
models.out_dim=10
models.architecture.n_encoder_layers=1
models.architecture.n_decoder_layers=1    avg_loss: 0.000001429225  time_per_window : 0.000728   progress : 0.382
name: input_len=64
training.rollout_steps=32
models.architecture.block_type=cls
training.mode=rollout
models.out_dim=10
models.architecture.n_encoder_layers=1
models.architecture.n_decoder_layers=1    avg_loss: 0.000001146696  time_per_window : 0.000766   progress : 0.393
name: input_len=64
training.rollout_steps=32
models.architecture.block_type=cls
training.mode=rollout
models.out_dim=10
models.architecture.n_encoder_layers=1
models.architecture.n_decoder_layers=1    avg_loss: 0.000001128920  time_per_window : 0.000668   progress : 0.404
name: input_len=64
training.rollout_steps=32
models.architecture.block_type=cls
training.mode=rollout
models.out_dim=10
models.architecture.n_encoder_layers=1
models.architecture.n_decoder_layers=1    avg_loss: 0.000001492148  time_per_window : 0.000742   progress : 0.415
name: input_len=64
training.rollout_steps=32
models.architecture.block_type=cls
training.mode=rollout
models.out_dim=10
models.architecture.n_encoder_layers=1
models.architecture.n_decoder_layers=1    avg_loss: 0.000001228591  time_per_window : 0.000715   progress : 0.426
name: input_len=64
training.rollout_steps=32
models.architecture.block_type=cls
training.mode=rollout
models.out_dim=10
models.architecture.n_encoder_layers=1
models.architecture.n_decoder_layers=1    avg_loss: 0.000001162396  time_per_window : 0.000784   progress : 0.437
name: input_len=64
training.rollout_steps=32
models.architecture.block_type=cls
training.mode=rollout
models.out_dim=10
models.architecture.n_encoder_layers=1
models.architecture.n_decoder_layers=1    avg_loss: 0.000001383304  time_per_window : 0.000625   progress : 0.448
name: input_len=64
training.rollout_steps=32
models.architecture.block_type=cls
training.mode=rollout
models.out_dim=10
models.architecture.n_encoder_layers=1
models.architecture.n_decoder_layers=1    avg_loss: 0.000001184043  time_per_window : 0.000728   progress : 0.459
name: input_len=64
training.rollout_steps=32
models.architecture.block_type=cls
training.mode=rollout
models.out_dim=10
models.architecture.n_encoder_layers=1
models.architecture.n_decoder_layers=1    avg_loss: 0.000001202808  time_per_window : 0.000752   progress : 0.470
name: input_len=64
training.rollout_steps=32
models.architecture.block_type=cls
training.mode=rollout
models.out_dim=10
models.architecture.n_encoder_layers=1
models.architecture.n_decoder_layers=1    avg_loss: 0.000001111734  time_per_window : 0.000616   progress : 0.481
name: input_len=64
training.rollout_steps=32
models.architecture.block_type=cls
training.mode=rollout
models.out_dim=10
models.architecture.n_encoder_layers=1
models.architecture.n_decoder_layers=1    avg_loss: 0.000001092828  time_per_window : 0.000520   progress : 0.492
name: input_len=64
training.rollout_steps=32
models.architecture.block_type=cls
training.mode=rollout
models.out_dim=10
models.architecture.n_encoder_layers=1
models.architecture.n_decoder_layers=1    avg_loss: 0.000001315404  time_per_window : 0.000486   progress : 0.502
name: input_len=64
training.rollout_steps=32
models.architecture.block_type=cls
training.mode=rollout
models.out_dim=10
models.architecture.n_encoder_layers=1
models.architecture.n_decoder_layers=1    avg_loss: 0.000001022744  time_per_window : 0.000515   progress : 0.513
name: input_len=64
training.rollout_steps=32
models.architecture.block_type=cls
training.mode=rollout
models.out_dim=10
models.architecture.n_encoder_layers=1
models.architecture.n_decoder_layers=1    avg_loss: 0.000001046781  time_per_window : 0.000710   progress : 0.524
name: input_len=64
training.rollout_steps=32
models.architecture.block_type=cls
training.mode=rollout
models.out_dim=10
models.architecture.n_encoder_layers=1
models.architecture.n_decoder_layers=1    avg_loss: 0.000001045189  time_per_window : 0.000769   progress : 0.535
name: input_len=64
training.rollout_steps=32
models.architecture.block_type=cls
training.mode=rollout
models.out_dim=10
models.architecture.n_encoder_layers=1
models.architecture.n_decoder_layers=1    avg_loss: 0.000001009528  time_per_window : 0.000672   progress : 0.546
name: input_len=64
training.rollout_steps=32
models.architecture.block_type=cls
training.mode=rollout
models.out_dim=10
models.architecture.n_encoder_layers=1
models.architecture.n_decoder_layers=1    avg_loss: 0.000001060059  time_per_window : 0.000700   progress : 0.557
name: input_len=64
training.rollout_steps=32
models.architecture.block_type=cls
training.mode=rollout
models.out_dim=10
models.architecture.n_encoder_layers=1
models.architecture.n_decoder_layers=1    avg_loss: 0.000000912990  time_per_window : 0.000697   progress : 0.568
name: input_len=64
training.rollout_steps=32
models.architecture.block_type=cls
training.mode=rollout
models.out_dim=10
models.architecture.n_encoder_layers=1
models.architecture.n_decoder_layers=1    avg_loss: 0.000001113629  time_per_window : 0.000745   progress : 0.579
name: input_len=64
training.rollout_steps=32
models.architecture.block_type=cls
training.mode=rollout
models.out_dim=10
models.architecture.n_encoder_layers=1
models.architecture.n_decoder_layers=1    avg_loss: 0.000000939072  time_per_window : 0.000751   progress : 0.590
name: input_len=64
training.rollout_steps=32
models.architecture.block_type=cls
training.mode=rollout
models.out_dim=10
models.architecture.n_encoder_layers=1
models.architecture.n_decoder_layers=1    avg_loss: 0.000000934495  time_per_window : 0.000694   progress : 0.601
name: input_len=64
training.rollout_steps=32
models.architecture.block_type=cls
training.mode=rollout
models.out_dim=10
models.architecture.n_encoder_layers=1
models.architecture.n_decoder_layers=1    avg_loss: 0.000000867721  time_per_window : 0.000716   progress : 0.612
name: input_len=64
training.rollout_steps=32
models.architecture.block_type=cls
training.mode=rollout
models.out_dim=10
models.architecture.n_encoder_layers=1
models.architecture.n_decoder_layers=1    avg_loss: 0.000001047428  time_per_window : 0.000796   progress : 0.623
name: input_len=64
training.rollout_steps=32
models.architecture.block_type=cls
training.mode=rollout
models.out_dim=10
models.architecture.n_encoder_layers=1
models.architecture.n_decoder_layers=1    avg_loss: 0.000000810611  time_per_window : 0.000828   progress : 0.634
name: input_len=64
training.rollout_steps=32
models.architecture.block_type=cls
training.mode=rollout
models.out_dim=10
models.architecture.n_encoder_layers=1
models.architecture.n_decoder_layers=1    avg_loss: 0.000000848595  time_per_window : 0.000865   progress : 0.644
name: input_len=64
training.rollout_steps=32
models.architecture.block_type=cls
training.mode=rollout
models.out_dim=10
models.architecture.n_encoder_layers=1
models.architecture.n_decoder_layers=1    avg_loss: 0.000000911906  time_per_window : 0.000775   progress : 0.655
name: input_len=64
training.rollout_steps=32
models.architecture.block_type=cls
training.mode=rollout
models.out_dim=10
models.architecture.n_encoder_layers=1
models.architecture.n_decoder_layers=1    avg_loss: 0.000000952041  time_per_window : 0.000685   progress : 0.666
name: input_len=64
training.rollout_steps=32
models.architecture.block_type=cls
training.mode=rollout
models.out_dim=10
models.architecture.n_encoder_layers=1
models.architecture.n_decoder_layers=1    avg_loss: 0.000000853047  time_per_window : 0.000700   progress : 0.677
name: input_len=64
training.rollout_steps=32
models.architecture.block_type=cls
training.mode=rollout
models.out_dim=10
models.architecture.n_encoder_layers=1
models.architecture.n_decoder_layers=1    avg_loss: 0.000000746288  time_per_window : 0.000669   progress : 0.688
name: input_len=64
training.rollout_steps=32
models.architecture.block_type=cls
training.mode=rollout
models.out_dim=10
models.architecture.n_encoder_layers=1
models.architecture.n_decoder_layers=1    avg_loss: 0.000000716649  time_per_window : 0.000720   progress : 0.699
name: input_len=64
training.rollout_steps=32
models.architecture.block_type=cls
training.mode=rollout
models.out_dim=10
models.architecture.n_encoder_layers=1
models.architecture.n_decoder_layers=1    avg_loss: 0.000000854212  time_per_window : 0.000704   progress : 0.710
name: input_len=64
training.rollout_steps=32
models.architecture.block_type=cls
training.mode=rollout
models.out_dim=10
models.architecture.n_encoder_layers=1
models.architecture.n_decoder_layers=1    avg_loss: 0.000000677641  time_per_window : 0.000694   progress : 0.721
name: input_len=64
training.rollout_steps=32
models.architecture.block_type=cls
training.mode=rollout
models.out_dim=10
models.architecture.n_encoder_layers=1
models.architecture.n_decoder_layers=1    avg_loss: 0.000000889343  time_per_window : 0.000809   progress : 0.732
name: input_len=64
training.rollout_steps=32
models.architecture.block_type=cls
training.mode=rollout
models.out_dim=10
models.architecture.n_encoder_layers=1
models.architecture.n_decoder_layers=1    avg_loss: 0.000000753115  time_per_window : 0.000682   progress : 0.743
name: input_len=64
training.rollout_steps=32
models.architecture.block_type=cls
training.mode=rollout
models.out_dim=10
models.architecture.n_encoder_layers=1
models.architecture.n_decoder_layers=1    avg_loss: 0.000000710540  time_per_window : 0.000741   progress : 0.754
name: input_len=64
training.rollout_steps=32
models.architecture.block_type=cls
training.mode=rollout
models.out_dim=10
models.architecture.n_encoder_layers=1
models.architecture.n_decoder_layers=1    avg_loss: 0.000000650730  time_per_window : 0.000721   progress : 0.765
name: input_len=64
training.rollout_steps=32
models.architecture.block_type=cls
training.mode=rollout
models.out_dim=10
models.architecture.n_encoder_layers=1
models.architecture.n_decoder_layers=1    avg_loss: 0.000000854187  time_per_window : 0.000768   progress : 0.775
name: input_len=64
training.rollout_steps=32
models.architecture.block_type=cls
training.mode=rollout
models.out_dim=10
models.architecture.n_encoder_layers=1
models.architecture.n_decoder_layers=1    avg_loss: 0.000000618228  time_per_window : 0.000779   progress : 0.786
name: input_len=64
training.rollout_steps=32
models.architecture.block_type=cls
training.mode=rollout
models.out_dim=10
models.architecture.n_encoder_layers=1
models.architecture.n_decoder_layers=1    avg_loss: 0.000000771133  time_per_window : 0.000777   progress : 0.797
name: input_len=64
training.rollout_steps=32
models.architecture.block_type=cls
training.mode=rollout
models.out_dim=10
models.architecture.n_encoder_layers=1
models.architecture.n_decoder_layers=1    avg_loss: 0.000000639955  time_per_window : 0.000684   progress : 0.808
name: input_len=64
training.rollout_steps=32
models.architecture.block_type=cls
training.mode=rollout
models.out_dim=10
models.architecture.n_encoder_layers=1
models.architecture.n_decoder_layers=1    avg_loss: 0.000000585470  time_per_window : 0.000605   progress : 0.819
name: input_len=64
training.rollout_steps=32
models.architecture.block_type=cls
training.mode=rollout
models.out_dim=10
models.architecture.n_encoder_layers=1
models.architecture.n_decoder_layers=1    avg_loss: 0.000000755200  time_per_window : 0.000757   progress : 0.830
name: input_len=64
training.rollout_steps=32
models.architecture.block_type=cls
training.mode=rollout
models.out_dim=10
models.architecture.n_encoder_layers=1
models.architecture.n_decoder_layers=1    avg_loss: 0.000000685247  time_per_window : 0.000767   progress : 0.841
name: input_len=64
training.rollout_steps=32
models.architecture.block_type=cls
training.mode=rollout
models.out_dim=10
models.architecture.n_encoder_layers=1
models.architecture.n_decoder_layers=1    avg_loss: 0.000000558814  time_per_window : 0.000733   progress : 0.852
name: input_len=64
training.rollout_steps=32
models.architecture.block_type=cls
training.mode=rollout
models.out_dim=10
models.architecture.n_encoder_layers=1
models.architecture.n_decoder_layers=1    avg_loss: 0.000000573630  time_per_window : 0.000686   progress : 0.863
name: input_len=64
training.rollout_steps=32
models.architecture.block_type=cls
training.mode=rollout
models.out_dim=10
models.architecture.n_encoder_layers=1
models.architecture.n_decoder_layers=1    avg_loss: 0.000000707770  time_per_window : 0.000788   progress : 0.874
name: input_len=64
training.rollout_steps=32
models.architecture.block_type=cls
training.mode=rollout
models.out_dim=10
models.architecture.n_encoder_layers=1
models.architecture.n_decoder_layers=1    avg_loss: 0.000000564279  time_per_window : 0.000730   progress : 0.885
name: input_len=64
training.rollout_steps=32
models.architecture.block_type=cls
training.mode=rollout
models.out_dim=10
models.architecture.n_encoder_layers=1
models.architecture.n_decoder_layers=1    avg_loss: 0.000000555310  time_per_window : 0.000683   progress : 0.896
name: input_len=64
training.rollout_steps=32
models.architecture.block_type=cls
training.mode=rollout
models.out_dim=10
models.architecture.n_encoder_layers=1
models.architecture.n_decoder_layers=1    avg_loss: 0.000000606184  time_per_window : 0.000748   progress : 0.907
name: input_len=64
training.rollout_steps=32
models.architecture.block_type=cls
training.mode=rollout
models.out_dim=10
models.architecture.n_encoder_layers=1
models.architecture.n_decoder_layers=1    avg_loss: 0.000000631522  time_per_window : 0.000755   progress : 0.917
name: input_len=64
training.rollout_steps=32
models.architecture.block_type=cls
training.mode=rollout
models.out_dim=10
models.architecture.n_encoder_layers=1
models.architecture.n_decoder_layers=1    avg_loss: 0.000000508489  time_per_window : 0.000827   progress : 0.928
name: input_len=64
training.rollout_steps=32
models.architecture.block_type=cls
training.mode=rollout
models.out_dim=10
models.architecture.n_encoder_layers=1
models.architecture.n_decoder_layers=1    avg_loss: 0.000000604936  time_per_window : 0.000703   progress : 0.939
name: input_len=64
training.rollout_steps=32
models.architecture.block_type=cls
training.mode=rollout
models.out_dim=10
models.architecture.n_encoder_layers=1
models.architecture.n_decoder_layers=1    avg_loss: 0.000000516661  time_per_window : 0.000700   progress : 0.950
name: input_len=64
training.rollout_steps=32
models.architecture.block_type=cls
training.mode=rollout
models.out_dim=10
models.architecture.n_encoder_layers=1
models.architecture.n_decoder_layers=1    avg_loss: 0.000000469603  time_per_window : 0.000698   progress : 0.961
name: input_len=64
training.rollout_steps=32
models.architecture.block_type=cls
training.mode=rollout
models.out_dim=10
models.architecture.n_encoder_layers=1
models.architecture.n_decoder_layers=1    avg_loss: 0.000000552578  time_per_window : 0.000747   progress : 0.972
name: input_len=64
training.rollout_steps=32
models.architecture.block_type=cls
training.mode=rollout
models.out_dim=10
models.architecture.n_encoder_layers=1
models.architecture.n_decoder_layers=1    avg_loss: 0.000000493182  time_per_window : 0.000728   progress : 0.983
name: input_len=64
training.rollout_steps=32
models.architecture.block_type=cls
training.mode=rollout
models.out_dim=10
models.architecture.n_encoder_layers=1
models.architecture.n_decoder_layers=1    avg_loss: 0.000000759706  time_per_window : 0.000734   progress : 0.994
name: input_len=64
training.rollout_steps=32
models.architecture.block_type=cls
training.mode=rollout
models.out_dim=10
models.architecture.n_encoder_layers=1
models.architecture.n_decoder_layers=1    avg_loss: 0.000288727926  time_per_window : 0.000698   progress : 0.011
name: input_len=64
training.rollout_steps=32
models.architecture.block_type=cls
training.mode=rollout
models.out_dim=10
models.architecture.n_encoder_layers=1
models.architecture.n_decoder_layers=1    avg_loss: 0.000000476359  time_per_window : 0.000686   progress : 0.022
name: input_len=64
training.rollout_steps=32
models.architecture.block_type=cls
training.mode=rollout
models.out_dim=10
models.architecture.n_encoder_layers=1
models.architecture.n_decoder_layers=1    avg_loss: 0.000000485039  time_per_window : 0.000801   progress : 0.033
name: input_len=64
training.rollout_steps=32
models.architecture.block_type=cls
training.mode=rollout
models.out_dim=10
models.architecture.n_encoder_layers=1
models.architecture.n_decoder_layers=1    avg_loss: 0.000000457366  time_per_window : 0.000767   progress : 0.044
name: input_len=64
training.rollout_steps=32
models.architecture.block_type=cls
training.mode=rollout
models.out_dim=10
models.architecture.n_encoder_layers=1
models.architecture.n_decoder_layers=1    avg_loss: 0.000000422062  time_per_window : 0.000714   progress : 0.055
name: input_len=64
training.rollout_steps=32
models.architecture.block_type=cls
training.mode=rollout
models.out_dim=10
models.architecture.n_encoder_layers=1
models.architecture.n_decoder_layers=1    avg_loss: 0.000000407079  time_per_window : 0.000707   progress : 0.066
name: input_len=64
training.rollout_steps=32
models.architecture.block_type=cls
training.mode=rollout
models.out_dim=10
models.architecture.n_encoder_layers=1
models.architecture.n_decoder_layers=1    avg_loss: 0.000000388729  time_per_window : 0.000757   progress : 0.076
name: input_len=64
training.rollout_steps=32
models.architecture.block_type=cls
training.mode=rollout
models.out_dim=10
models.architecture.n_encoder_layers=1
models.architecture.n_decoder_layers=1    avg_loss: 0.000000359527  time_per_window : 0.000794   progress : 0.087
name: input_len=64
training.rollout_steps=32
models.architecture.block_type=cls
training.mode=rollout
models.out_dim=10
models.architecture.n_encoder_layers=1
models.architecture.n_decoder_layers=1    avg_loss: 0.000000346804  time_per_window : 0.000719   progress : 0.098
name: input_len=64
training.rollout_steps=32
models.architecture.block_type=cls
training.mode=rollout
models.out_dim=10
models.architecture.n_encoder_layers=1
models.architecture.n_decoder_layers=1    avg_loss: 0.000000333610  time_per_window : 0.000795   progress : 0.109
name: input_len=64
training.rollout_steps=32
models.architecture.block_type=cls
training.mode=rollout
models.out_dim=10
models.architecture.n_encoder_layers=1
models.architecture.n_decoder_layers=1    avg_loss: 0.000000340805  time_per_window : 0.000845   progress : 0.120
name: input_len=64
training.rollout_steps=32
models.architecture.block_type=cls
training.mode=rollout
models.out_dim=10
models.architecture.n_encoder_layers=1
models.architecture.n_decoder_layers=1    avg_loss: 0.000000292633  time_per_window : 0.000785   progress : 0.131
name: input_len=64
training.rollout_steps=32
models.architecture.block_type=cls
training.mode=rollout
models.out_dim=10
models.architecture.n_encoder_layers=1
models.architecture.n_decoder_layers=1    avg_loss: 0.000000336842  time_per_window : 0.000707   progress : 0.142
name: input_len=64
training.rollout_steps=32
models.architecture.block_type=cls
training.mode=rollout
models.out_dim=10
models.architecture.n_encoder_layers=1
models.architecture.n_decoder_layers=1    avg_loss: 0.000000324545  time_per_window : 0.000770   progress : 0.153
name: input_len=64
training.rollout_steps=32
models.architecture.block_type=cls
training.mode=rollout
models.out_dim=10
models.architecture.n_encoder_layers=1
models.architecture.n_decoder_layers=1    avg_loss: 0.000000383024  time_per_window : 0.000681   progress : 0.164
name: input_len=64
training.rollout_steps=32
models.architecture.block_type=cls
training.mode=rollout
models.out_dim=10
models.architecture.n_encoder_layers=1
models.architecture.n_decoder_layers=1    avg_loss: 0.000000378525  time_per_window : 0.000776   progress : 0.175
name: input_len=64
training.rollout_steps=32
models.architecture.block_type=cls
training.mode=rollout
models.out_dim=10
models.architecture.n_encoder_layers=1
models.architecture.n_decoder_layers=1    avg_loss: 0.000000321305  time_per_window : 0.000761   progress : 0.186
name: input_len=64
training.rollout_steps=32
models.architecture.block_type=cls
training.mode=rollout
models.out_dim=10
models.architecture.n_encoder_layers=1
models.architecture.n_decoder_layers=1    avg_loss: 0.000000455935  time_per_window : 0.000791   progress : 0.197
name: input_len=64
training.rollout_steps=32
models.architecture.block_type=cls
training.mode=rollout
models.out_dim=10
models.architecture.n_encoder_layers=1
models.architecture.n_decoder_layers=1    avg_loss: 0.000000425926  time_per_window : 0.000795   progress : 0.208
name: input_len=64
training.rollout_steps=32
models.architecture.block_type=cls
training.mode=rollout
models.out_dim=10
models.architecture.n_encoder_layers=1
models.architecture.n_decoder_layers=1    avg_loss: 0.000000536565  time_per_window : 0.000779   progress : 0.218
name: input_len=64
training.rollout_steps=32
models.architecture.block_type=cls
training.mode=rollout
models.out_dim=10
models.architecture.n_encoder_layers=1
models.architecture.n_decoder_layers=1    avg_loss: 0.000002033880  time_per_window : 0.000704   progress : 0.229
name: input_len=64
training.rollout_steps=32
models.architecture.block_type=cls
training.mode=rollout
models.out_dim=10
models.architecture.n_encoder_layers=1
models.architecture.n_decoder_layers=1    avg_loss: 0.000000525687  time_per_window : 0.000766   progress : 0.240
name: input_len=64
training.rollout_steps=32
models.architecture.block_type=cls
training.mode=rollout
models.out_dim=10
models.architecture.n_encoder_layers=1
models.architecture.n_decoder_layers=1    avg_loss: 0.000000488107  time_per_window : 0.000787   progress : 0.251
name: input_len=64
training.rollout_steps=32
models.architecture.block_type=cls
training.mode=rollout
models.out_dim=10
models.architecture.n_encoder_layers=1
models.architecture.n_decoder_layers=1    avg_loss: 0.000000550234  time_per_window : 0.000640   progress : 0.262
name: input_len=64
training.rollout_steps=32
models.architecture.block_type=cls
training.mode=rollout
models.out_dim=10
models.architecture.n_encoder_layers=1
models.architecture.n_decoder_layers=1    avg_loss: 0.000000931744  time_per_window : 0.000604   progress : 0.273
name: input_len=64
training.rollout_steps=32
models.architecture.block_type=cls
training.mode=rollout
models.out_dim=10
models.architecture.n_encoder_layers=1
models.architecture.n_decoder_layers=1    avg_loss: 0.000000708798  time_per_window : 0.000765   progress : 0.284
name: input_len=64
training.rollout_steps=32
models.architecture.block_type=cls
training.mode=rollout
models.out_dim=10
models.architecture.n_encoder_layers=1
models.architecture.n_decoder_layers=1    avg_loss: 0.000001352635  time_per_window : 0.000498   progress : 0.295
name: input_len=64
training.rollout_steps=32
models.architecture.block_type=cls
training.mode=rollout
models.out_dim=10
models.architecture.n_encoder_layers=1
models.architecture.n_decoder_layers=1    avg_loss: 0.000000881201  time_per_window : 0.000727   progress : 0.306
name: input_len=64
training.rollout_steps=32
models.architecture.block_type=cls
training.mode=rollout
models.out_dim=10
models.architecture.n_encoder_layers=1
models.architecture.n_decoder_layers=1    avg_loss: 0.000001170455  time_per_window : 0.000472   progress : 0.317
name: input_len=64
training.rollout_steps=32
models.architecture.block_type=cls
training.mode=rollout
models.out_dim=10
models.architecture.n_encoder_layers=1
models.architecture.n_decoder_layers=1    avg_loss: 0.000000746251  time_per_window : 0.000811   progress : 0.328
name: input_len=64
training.rollout_steps=32
models.architecture.block_type=cls
training.mode=rollout
models.out_dim=10
models.architecture.n_encoder_layers=1
models.architecture.n_decoder_layers=1    avg_loss: 0.000000833352  time_per_window : 0.000792   progress : 0.339
name: input_len=64
training.rollout_steps=32
models.architecture.block_type=cls
training.mode=rollout
models.out_dim=10
models.architecture.n_encoder_layers=1
models.architecture.n_decoder_layers=1    avg_loss: 0.000001149050  time_per_window : 0.000790   progress : 0.350
name: input_len=64
training.rollout_steps=32
models.architecture.block_type=cls
training.mode=rollout
models.out_dim=10
models.architecture.n_encoder_layers=1
models.architecture.n_decoder_layers=1    avg_loss: 0.000000928571  time_per_window : 0.000746   progress : 0.360
name: input_len=64
training.rollout_steps=32
models.architecture.block_type=cls
training.mode=rollout
models.out_dim=10
models.architecture.n_encoder_layers=1
models.architecture.n_decoder_layers=1    avg_loss: 0.000001310567  time_per_window : 0.000724   progress : 0.371
name: input_len=64
training.rollout_steps=32
models.architecture.block_type=cls
training.mode=rollout
models.out_dim=10
models.architecture.n_encoder_layers=1
models.architecture.n_decoder_layers=1    avg_loss: 0.000001581453  time_per_window : 0.000674   progress : 0.382
name: input_len=64
training.rollout_steps=32
models.architecture.block_type=cls
training.mode=rollout
models.out_dim=10
models.architecture.n_encoder_layers=1
models.architecture.n_decoder_layers=1    avg_loss: 0.000000837547  time_per_window : 0.000688   progress : 0.393
name: input_len=64
training.rollout_steps=32
models.architecture.block_type=cls
training.mode=rollout
models.out_dim=10
models.architecture.n_encoder_layers=1
models.architecture.n_decoder_layers=1    avg_loss: 0.000000857030  time_per_window : 0.000791   progress : 0.404
name: input_len=64
training.rollout_steps=32
models.architecture.block_type=cls
training.mode=rollout
models.out_dim=10
models.architecture.n_encoder_layers=1
models.architecture.n_decoder_layers=1    avg_loss: 0.000001270051  time_per_window : 0.000832   progress : 0.415
name: input_len=64
training.rollout_steps=32
models.architecture.block_type=cls
training.mode=rollout
models.out_dim=10
models.architecture.n_encoder_layers=1
models.architecture.n_decoder_layers=1    avg_loss: 0.000000786642  time_per_window : 0.000818   progress : 0.426
name: input_len=64
training.rollout_steps=32
models.architecture.block_type=cls
training.mode=rollout
models.out_dim=10
models.architecture.n_encoder_layers=1
models.architecture.n_decoder_layers=1    avg_loss: 0.000001007711  time_per_window : 0.000777   progress : 0.437
name: input_len=64
training.rollout_steps=32
models.architecture.block_type=cls
training.mode=rollout
models.out_dim=10
models.architecture.n_encoder_layers=1
models.architecture.n_decoder_layers=1    avg_loss: 0.000001112945  time_per_window : 0.000752   progress : 0.448
name: input_len=64
training.rollout_steps=32
models.architecture.block_type=cls
training.mode=rollout
models.out_dim=10
models.architecture.n_encoder_layers=1
models.architecture.n_decoder_layers=1    avg_loss: 0.000001175315  time_per_window : 0.000683   progress : 0.459
name: input_len=64
training.rollout_steps=32
models.architecture.block_type=cls
training.mode=rollout
models.out_dim=10
models.architecture.n_encoder_layers=1
models.architecture.n_decoder_layers=1    avg_loss: 0.000000779127  time_per_window : 0.000769   progress : 0.470
name: input_len=64
training.rollout_steps=32
models.architecture.block_type=cls
training.mode=rollout
models.out_dim=10
models.architecture.n_encoder_layers=1
models.architecture.n_decoder_layers=1    avg_loss: 0.000001306924  time_per_window : 0.000765   progress : 0.481
name: input_len=64
training.rollout_steps=32
models.architecture.block_type=cls
training.mode=rollout
models.out_dim=10
models.architecture.n_encoder_layers=1
models.architecture.n_decoder_layers=1    avg_loss: 0.000000985801  time_per_window : 0.000835   progress : 0.492
name: input_len=64
training.rollout_steps=32
models.architecture.block_type=cls
training.mode=rollout
models.out_dim=10
models.architecture.n_encoder_layers=1
models.architecture.n_decoder_layers=1    avg_loss: 0.000001038246  time_per_window : 0.000815   progress : 0.502
name: input_len=64
training.rollout_steps=32
models.architecture.block_type=cls
training.mode=rollout
models.out_dim=10
models.architecture.n_encoder_layers=1
models.architecture.n_decoder_layers=1    avg_loss: 0.000001057781  time_per_window : 0.000824   progress : 0.513
name: input_len=64
training.rollout_steps=32
models.architecture.block_type=cls
training.mode=rollout
models.out_dim=10
models.architecture.n_encoder_layers=1
models.architecture.n_decoder_layers=1    avg_loss: 0.000000875508  time_per_window : 0.000773   progress : 0.524
name: input_len=64
training.rollout_steps=32
models.architecture.block_type=cls
training.mode=rollout
models.out_dim=10
models.architecture.n_encoder_layers=1
models.architecture.n_decoder_layers=1    avg_loss: 0.000000746734  time_per_window : 0.000657   progress : 0.535
name: input_len=64
training.rollout_steps=32
models.architecture.block_type=cls
training.mode=rollout
models.out_dim=10
models.architecture.n_encoder_layers=1
models.architecture.n_decoder_layers=1    avg_loss: 0.000001141799  time_per_window : 0.000718   progress : 0.546
name: input_len=64
training.rollout_steps=32
models.architecture.block_type=cls
training.mode=rollout
models.out_dim=10
models.architecture.n_encoder_layers=1
models.architecture.n_decoder_layers=1    avg_loss: 0.000001132771  time_per_window : 0.000655   progress : 0.557
name: input_len=64
training.rollout_steps=32
models.architecture.block_type=cls
training.mode=rollout
models.out_dim=10
models.architecture.n_encoder_layers=1
models.architecture.n_decoder_layers=1    avg_loss: 0.000000769698  time_per_window : 0.000807   progress : 0.568
name: input_len=64
training.rollout_steps=32
models.architecture.block_type=cls
training.mode=rollout
models.out_dim=10
models.architecture.n_encoder_layers=1
models.architecture.n_decoder_layers=1    avg_loss: 0.000000834089  time_per_window : 0.000731   progress : 0.579
name: input_len=64
training.rollout_steps=32
models.architecture.block_type=cls
training.mode=rollout
models.out_dim=10
models.architecture.n_encoder_layers=1
models.architecture.n_decoder_layers=1    avg_loss: 0.000001290772  time_per_window : 0.000622   progress : 0.590
name: input_len=64
training.rollout_steps=32
models.architecture.block_type=cls
training.mode=rollout
models.out_dim=10
models.architecture.n_encoder_layers=1
models.architecture.n_decoder_layers=1    avg_loss: 0.000000570030  time_per_window : 0.000637   progress : 0.601
name: input_len=64
training.rollout_steps=32
models.architecture.block_type=cls
training.mode=rollout
models.out_dim=10
models.architecture.n_encoder_layers=1
models.architecture.n_decoder_layers=1    avg_loss: 0.000000948314  time_per_window : 0.000953   progress : 0.612
name: input_len=64
training.rollout_steps=32
models.architecture.block_type=cls
training.mode=rollout
models.out_dim=10
models.architecture.n_encoder_layers=1
models.architecture.n_decoder_layers=1    avg_loss: 0.000001102094  time_per_window : 0.000947   progress : 0.623
name: input_len=64
training.rollout_steps=32
models.architecture.block_type=cls
training.mode=rollout
models.out_dim=10
models.architecture.n_encoder_layers=1
models.architecture.n_decoder_layers=1    avg_loss: 0.000001051316  time_per_window : 0.000932   progress : 0.634
name: input_len=64
training.rollout_steps=32
models.architecture.block_type=cls
training.mode=rollout
models.out_dim=10
models.architecture.n_encoder_layers=1
models.architecture.n_decoder_layers=1    avg_loss: 0.000000595565  time_per_window : 0.000911   progress : 0.644
name: input_len=64
training.rollout_steps=32
models.architecture.block_type=cls
training.mode=rollout
models.out_dim=10
models.architecture.n_encoder_layers=1
models.architecture.n_decoder_layers=1    avg_loss: 0.000000801717  time_per_window : 0.000902   progress : 0.655
name: input_len=64
training.rollout_steps=32
models.architecture.block_type=cls
training.mode=rollout
models.out_dim=10
models.architecture.n_encoder_layers=1
models.architecture.n_decoder_layers=1    avg_loss: 0.000000547691  time_per_window : 0.000899   progress : 0.666
name: input_len=64
training.rollout_steps=32
models.architecture.block_type=cls
training.mode=rollout
models.out_dim=10
models.architecture.n_encoder_layers=1
models.architecture.n_decoder_layers=1    avg_loss: 0.000001163930  time_per_window : 0.000940   progress : 0.677
name: input_len=64
training.rollout_steps=32
models.architecture.block_type=cls
training.mode=rollout
models.out_dim=10
models.architecture.n_encoder_layers=1
models.architecture.n_decoder_layers=1    avg_loss: 0.000000738760  time_per_window : 0.000945   progress : 0.688
name: input_len=64
training.rollout_steps=32
models.architecture.block_type=cls
training.mode=rollout
models.out_dim=10
models.architecture.n_encoder_layers=1
models.architecture.n_decoder_layers=1    avg_loss: 0.000000899339  time_per_window : 0.000909   progress : 0.699
name: input_len=64
training.rollout_steps=32
models.architecture.block_type=cls
training.mode=rollout
models.out_dim=10
models.architecture.n_encoder_layers=1
models.architecture.n_decoder_layers=1    avg_loss: 0.000000653772  time_per_window : 0.000886   progress : 0.710
name: input_len=64
training.rollout_steps=32
models.architecture.block_type=cls
training.mode=rollout
models.out_dim=10
models.architecture.n_encoder_layers=1
models.architecture.n_decoder_layers=1    avg_loss: 0.000001019445  time_per_window : 0.000911   progress : 0.721
name: input_len=64
training.rollout_steps=32
models.architecture.block_type=cls
training.mode=rollout
models.out_dim=10
models.architecture.n_encoder_layers=1
models.architecture.n_decoder_layers=1    avg_loss: 0.000000416860  time_per_window : 0.000910   progress : 0.732
name: input_len=64
training.rollout_steps=32
models.architecture.block_type=cls
training.mode=rollout
models.out_dim=10
models.architecture.n_encoder_layers=1
models.architecture.n_decoder_layers=1    avg_loss: 0.000000904922  time_per_window : 0.000946   progress : 0.743
name: input_len=64
training.rollout_steps=32
models.architecture.block_type=cls
training.mode=rollout
models.out_dim=10
models.architecture.n_encoder_layers=1
models.architecture.n_decoder_layers=1    avg_loss: 0.000000637802  time_per_window : 0.000955   progress : 0.754
name: input_len=64
training.rollout_steps=32
models.architecture.block_type=cls
training.mode=rollout
models.out_dim=10
models.architecture.n_encoder_layers=1
models.architecture.n_decoder_layers=1    avg_loss: 0.000000805207  time_per_window : 0.000916   progress : 0.765
name: input_len=64
training.rollout_steps=32
models.architecture.block_type=cls
training.mode=rollout
models.out_dim=10
models.architecture.n_encoder_layers=1
models.architecture.n_decoder_layers=1    avg_loss: 0.000000889990  time_per_window : 0.000962   progress : 0.775
name: input_len=64
training.rollout_steps=32
models.architecture.block_type=cls
training.mode=rollout
models.out_dim=10
models.architecture.n_encoder_layers=1
models.architecture.n_decoder_layers=1    avg_loss: 0.000000583466  time_per_window : 0.000916   progress : 0.786
name: input_len=64
training.rollout_steps=32
models.architecture.block_type=cls
training.mode=rollout
models.out_dim=10
models.architecture.n_encoder_layers=1
models.architecture.n_decoder_layers=1    avg_loss: 0.000000561856  time_per_window : 0.000939   progress : 0.797
name: input_len=64
training.rollout_steps=32
models.architecture.block_type=cls
training.mode=rollout
models.out_dim=10
models.architecture.n_encoder_layers=1
models.architecture.n_decoder_layers=1    avg_loss: 0.000000649307  time_per_window : 0.000915   progress : 0.808
name: input_len=64
training.rollout_steps=32
models.architecture.block_type=cls
training.mode=rollout
models.out_dim=10
models.architecture.n_encoder_layers=1
models.architecture.n_decoder_layers=1    avg_loss: 0.000000560701  time_per_window : 0.000897   progress : 0.819
name: input_len=64
training.rollout_steps=32
models.architecture.block_type=cls
training.mode=rollout
models.out_dim=10
models.architecture.n_encoder_layers=1
models.architecture.n_decoder_layers=1    avg_loss: 0.000000763899  time_per_window : 0.000902   progress : 0.830
name: input_len=64
training.rollout_steps=32
models.architecture.block_type=cls
training.mode=rollout
models.out_dim=10
models.architecture.n_encoder_layers=1
models.architecture.n_decoder_layers=1    avg_loss: 0.000000711138  time_per_window : 0.000917   progress : 0.841
name: input_len=64
training.rollout_steps=32
models.architecture.block_type=cls
training.mode=rollout
models.out_dim=10
models.architecture.n_encoder_layers=1
models.architecture.n_decoder_layers=1    avg_loss: 0.000000626938  time_per_window : 0.000941   progress : 0.852
name: input_len=64
training.rollout_steps=32
models.architecture.block_type=cls
training.mode=rollout
models.out_dim=10
models.architecture.n_encoder_layers=1
models.architecture.n_decoder_layers=1    avg_loss: 0.000000678459  time_per_window : 0.000910   progress : 0.863
name: input_len=64
training.rollout_steps=32
models.architecture.block_type=cls
training.mode=rollout
models.out_dim=10
models.architecture.n_encoder_layers=1
models.architecture.n_decoder_layers=1    avg_loss: 0.000000491058  time_per_window : 0.000899   progress : 0.874
name: input_len=64
training.rollout_steps=32
models.architecture.block_type=cls
training.mode=rollout
models.out_dim=10
models.architecture.n_encoder_layers=1
models.architecture.n_decoder_layers=1    avg_loss: 0.000000657011  time_per_window : 0.000946   progress : 0.885
name: input_len=64
training.rollout_steps=32
models.architecture.block_type=cls
training.mode=rollout
models.out_dim=10
models.architecture.n_encoder_layers=1
models.architecture.n_decoder_layers=1    avg_loss: 0.000000554078  time_per_window : 0.000941   progress : 0.896
name: input_len=64
training.rollout_steps=32
models.architecture.block_type=cls
training.mode=rollout
models.out_dim=10
models.architecture.n_encoder_layers=1
models.architecture.n_decoder_layers=1    avg_loss: 0.000000474704  time_per_window : 0.000943   progress : 0.907
name: input_len=64
training.rollout_steps=32
models.architecture.block_type=cls
training.mode=rollout
models.out_dim=10
models.architecture.n_encoder_layers=1
models.architecture.n_decoder_layers=1    avg_loss: 0.000000598498  time_per_window : 0.000925   progress : 0.917
name: input_len=64
training.rollout_steps=32
models.architecture.block_type=cls
training.mode=rollout
models.out_dim=10
models.architecture.n_encoder_layers=1
models.architecture.n_decoder_layers=1    avg_loss: 0.000000462488  time_per_window : 0.000951   progress : 0.928
name: input_len=64
training.rollout_steps=32
models.architecture.block_type=cls
training.mode=rollout
models.out_dim=10
models.architecture.n_encoder_layers=1
models.architecture.n_decoder_layers=1    avg_loss: 0.000000698246  time_per_window : 0.000953   progress : 0.939
name: input_len=64
training.rollout_steps=32
models.architecture.block_type=cls
training.mode=rollout
models.out_dim=10
models.architecture.n_encoder_layers=1
models.architecture.n_decoder_layers=1    avg_loss: 0.000000635827  time_per_window : 0.000945   progress : 0.950
name: input_len=64
training.rollout_steps=32
models.architecture.block_type=cls
training.mode=rollout
models.out_dim=10
models.architecture.n_encoder_layers=1
models.architecture.n_decoder_layers=1    avg_loss: 0.000000613872  time_per_window : 0.000930   progress : 0.961
name: input_len=64
training.rollout_steps=32
models.architecture.block_type=cls
training.mode=rollout
models.out_dim=10
models.architecture.n_encoder_layers=1
models.architecture.n_decoder_layers=1    avg_loss: 0.000000671380  time_per_window : 0.000951   progress : 0.972
name: input_len=64
training.rollout_steps=32
models.architecture.block_type=cls
training.mode=rollout
models.out_dim=10
models.architecture.n_encoder_layers=1
models.architecture.n_decoder_layers=1    avg_loss: 0.000000470180  time_per_window : 0.000932   progress : 0.983
name: input_len=64
training.rollout_steps=32
models.architecture.block_type=cls
training.mode=rollout
models.out_dim=10
models.architecture.n_encoder_layers=1
models.architecture.n_decoder_layers=1    avg_loss: 0.000000535423  time_per_window : 0.000917   progress : 0.994
name: input_len=64
training.rollout_steps=32
models.architecture.block_type=cls
training.mode=rollout
models.out_dim=10
models.architecture.n_encoder_layers=1
models.architecture.n_decoder_layers=1    avg_loss: 0.001433265512  time_per_window : 0.000935   progress : 0.011
name: input_len=64
training.rollout_steps=32
models.architecture.block_type=cls
training.mode=rollout
models.out_dim=10
models.architecture.n_encoder_layers=1
models.architecture.n_decoder_layers=1    avg_loss: 0.000008981453  time_per_window : 0.000914   progress : 0.022
name: input_len=64
training.rollout_steps=32
models.architecture.block_type=cls
training.mode=rollout
models.out_dim=10
models.architecture.n_encoder_layers=1
models.architecture.n_decoder_layers=1    avg_loss: 0.000007935640  time_per_window : 0.000913   progress : 0.033
name: input_len=64
training.rollout_steps=32
models.architecture.block_type=cls
training.mode=rollout
models.out_dim=10
models.architecture.n_encoder_layers=1
models.architecture.n_decoder_layers=1    avg_loss: 0.000007180057  time_per_window : 0.000909   progress : 0.044
name: input_len=64
training.rollout_steps=32
models.architecture.block_type=cls
training.mode=rollout
models.out_dim=10
models.architecture.n_encoder_layers=1
models.architecture.n_decoder_layers=1    avg_loss: 0.000006503564  time_per_window : 0.000919   progress : 0.055
name: input_len=64
training.rollout_steps=32
models.architecture.block_type=cls
training.mode=rollout
models.out_dim=10
models.architecture.n_encoder_layers=1
models.architecture.n_decoder_layers=1    avg_loss: 0.000006469543  time_per_window : 0.000910   progress : 0.066
name: input_len=64
training.rollout_steps=32
models.architecture.block_type=cls
training.mode=rollout
models.out_dim=10
models.architecture.n_encoder_layers=1
models.architecture.n_decoder_layers=1    avg_loss: 0.000005949736  time_per_window : 0.000909   progress : 0.076
name: input_len=64
training.rollout_steps=32
models.architecture.block_type=cls
training.mode=rollout
models.out_dim=10
models.architecture.n_encoder_layers=1
models.architecture.n_decoder_layers=1    avg_loss: 0.000005463884  time_per_window : 0.000953   progress : 0.087
name: input_len=64
training.rollout_steps=32
models.architecture.block_type=cls
training.mode=rollout
models.out_dim=10
models.architecture.n_encoder_layers=1
models.architecture.n_decoder_layers=1    avg_loss: 0.000005805085  time_per_window : 0.000936   progress : 0.098
name: input_len=64
training.rollout_steps=32
models.architecture.block_type=cls
training.mode=rollout
models.out_dim=10
models.architecture.n_encoder_layers=1
models.architecture.n_decoder_layers=1    avg_loss: 0.000005428770  time_per_window : 0.000934   progress : 0.109
name: input_len=64
training.rollout_steps=32
models.architecture.block_type=cls
training.mode=rollout
models.out_dim=10
models.architecture.n_encoder_layers=1
models.architecture.n_decoder_layers=1    avg_loss: 0.000005390968  time_per_window : 0.000926   progress : 0.120
name: input_len=64
training.rollout_steps=32
models.architecture.block_type=cls
training.mode=rollout
models.out_dim=10
models.architecture.n_encoder_layers=1
models.architecture.n_decoder_layers=1    avg_loss: 0.000004892465  time_per_window : 0.000920   progress : 0.131
name: input_len=64
training.rollout_steps=32
models.architecture.block_type=cls
training.mode=rollout
models.out_dim=10
models.architecture.n_encoder_layers=1
models.architecture.n_decoder_layers=1    avg_loss: 0.000006129044  time_per_window : 0.000948   progress : 0.142
name: input_len=64
training.rollout_steps=32
models.architecture.block_type=cls
training.mode=rollout
models.out_dim=10
models.architecture.n_encoder_layers=1
models.architecture.n_decoder_layers=1    avg_loss: 0.000006879061  time_per_window : 0.000928   progress : 0.153
name: input_len=64
training.rollout_steps=32
models.architecture.block_type=cls
training.mode=rollout
models.out_dim=10
models.architecture.n_encoder_layers=1
models.architecture.n_decoder_layers=1    avg_loss: 0.000005525097  time_per_window : 0.000958   progress : 0.164
name: input_len=64
training.rollout_steps=32
models.architecture.block_type=cls
training.mode=rollout
models.out_dim=10
models.architecture.n_encoder_layers=1
models.architecture.n_decoder_layers=1    avg_loss: 0.000005950656  time_per_window : 0.000905   progress : 0.175
name: input_len=64
training.rollout_steps=32
models.architecture.block_type=cls
training.mode=rollout
models.out_dim=10
models.architecture.n_encoder_layers=1
models.architecture.n_decoder_layers=1    avg_loss: 0.000007885013  time_per_window : 0.000955   progress : 0.186
name: input_len=64
training.rollout_steps=32
models.architecture.block_type=cls
training.mode=rollout
models.out_dim=10
models.architecture.n_encoder_layers=1
models.architecture.n_decoder_layers=1    avg_loss: 0.000007649617  time_per_window : 0.000935   progress : 0.197
name: input_len=64
training.rollout_steps=32
models.architecture.block_type=cls
training.mode=rollout
models.out_dim=10
models.architecture.n_encoder_layers=1
models.architecture.n_decoder_layers=1    avg_loss: 0.000006900812  time_per_window : 0.000769   progress : 0.208
name: input_len=64
training.rollout_steps=32
models.architecture.block_type=cls
training.mode=rollout
models.out_dim=10
models.architecture.n_encoder_layers=1
models.architecture.n_decoder_layers=1    avg_loss: 0.000007995844  time_per_window : 0.000873   progress : 0.218
name: input_len=64
training.rollout_steps=32
models.architecture.block_type=cls
training.mode=rollout
models.out_dim=10
models.architecture.n_encoder_layers=1
models.architecture.n_decoder_layers=1    avg_loss: 0.000008034831  time_per_window : 0.000967   progress : 0.229
name: input_len=64
training.rollout_steps=32
models.architecture.block_type=cls
training.mode=rollout
models.out_dim=10
models.architecture.n_encoder_layers=1
models.architecture.n_decoder_layers=1    avg_loss: 0.000006600698  time_per_window : 0.000913   progress : 0.240
name: input_len=64
training.rollout_steps=32
models.architecture.block_type=cls
training.mode=rollout
models.out_dim=10
models.architecture.n_encoder_layers=1
models.architecture.n_decoder_layers=1    avg_loss: 0.000008635698  time_per_window : 0.000914   progress : 0.251
name: input_len=64
training.rollout_steps=32
models.architecture.block_type=cls
training.mode=rollout
models.out_dim=10
models.architecture.n_encoder_layers=1
models.architecture.n_decoder_layers=1    avg_loss: 0.000009190030  time_per_window : 0.000928   progress : 0.262
name: input_len=64
training.rollout_steps=32
models.architecture.block_type=cls
training.mode=rollout
models.out_dim=10
models.architecture.n_encoder_layers=1
models.architecture.n_decoder_layers=1    avg_loss: 0.000008124797  time_per_window : 0.000929   progress : 0.273
name: input_len=64
training.rollout_steps=32
models.architecture.block_type=cls
training.mode=rollout
models.out_dim=10
models.architecture.n_encoder_layers=1
models.architecture.n_decoder_layers=1    avg_loss: 0.000010342482  time_per_window : 0.000950   progress : 0.284
name: input_len=64
training.rollout_steps=32
models.architecture.block_type=cls
training.mode=rollout
models.out_dim=10
models.architecture.n_encoder_layers=1
models.architecture.n_decoder_layers=1    avg_loss: 0.000009629027  time_per_window : 0.000945   progress : 0.295
name: input_len=64
training.rollout_steps=32
models.architecture.block_type=cls
training.mode=rollout
models.out_dim=10
models.architecture.n_encoder_layers=1
models.architecture.n_decoder_layers=1    avg_loss: 0.000009855381  time_per_window : 0.000930   progress : 0.306
name: input_len=64
training.rollout_steps=32
models.architecture.block_type=cls
training.mode=rollout
models.out_dim=10
models.architecture.n_encoder_layers=1
models.architecture.n_decoder_layers=1    avg_loss: 0.000008045221  time_per_window : 0.000939   progress : 0.317
name: input_len=64
training.rollout_steps=32
models.architecture.block_type=cls
training.mode=rollout
models.out_dim=10
models.architecture.n_encoder_layers=1
models.architecture.n_decoder_layers=1    avg_loss: 0.000008979622  time_per_window : 0.000956   progress : 0.328
name: input_len=64
training.rollout_steps=32
models.architecture.block_type=cls
training.mode=rollout
models.out_dim=10
models.architecture.n_encoder_layers=1
models.architecture.n_decoder_layers=1    avg_loss: 0.000010790333  time_per_window : 0.000931   progress : 0.339
name: input_len=64
training.rollout_steps=32
models.architecture.block_type=cls
training.mode=rollout
models.out_dim=10
models.architecture.n_encoder_layers=1
models.architecture.n_decoder_layers=1    avg_loss: 0.000009610253  time_per_window : 0.000895   progress : 0.350
name: input_len=64
training.rollout_steps=32
models.architecture.block_type=cls
training.mode=rollout
models.out_dim=10
models.architecture.n_encoder_layers=1
models.architecture.n_decoder_layers=1    avg_loss: 0.000006416837  time_per_window : 0.000938   progress : 0.360
name: input_len=64
training.rollout_steps=32
models.architecture.block_type=cls
training.mode=rollout
models.out_dim=10
models.architecture.n_encoder_layers=1
models.architecture.n_decoder_layers=1    avg_loss: 0.000009247527  time_per_window : 0.000933   progress : 0.371
name: input_len=64
training.rollout_steps=32
models.architecture.block_type=cls
training.mode=rollout
models.out_dim=10
models.architecture.n_encoder_layers=1
models.architecture.n_decoder_layers=1    avg_loss: 0.000010087551  time_per_window : 0.000931   progress : 0.382
name: input_len=64
training.rollout_steps=32
models.architecture.block_type=cls
training.mode=rollout
models.out_dim=10
models.architecture.n_encoder_layers=1
models.architecture.n_decoder_layers=1    avg_loss: 0.000009015019  time_per_window : 0.000939   progress : 0.393
name: input_len=64
training.rollout_steps=32
models.architecture.block_type=cls
training.mode=rollout
models.out_dim=10
models.architecture.n_encoder_layers=1
models.architecture.n_decoder_layers=1    avg_loss: 0.000011075133  time_per_window : 0.000916   progress : 0.404
name: input_len=64
training.rollout_steps=32
models.architecture.block_type=cls
training.mode=rollout
models.out_dim=10
models.architecture.n_encoder_layers=1
models.architecture.n_decoder_layers=1    avg_loss: 0.000011089039  time_per_window : 0.000899   progress : 0.415
name: input_len=64
training.rollout_steps=32
models.architecture.block_type=cls
training.mode=rollout
models.out_dim=10
models.architecture.n_encoder_layers=1
models.architecture.n_decoder_layers=1    avg_loss: 0.000008853204  time_per_window : 0.000917   progress : 0.426
name: input_len=64
training.rollout_steps=32
models.architecture.block_type=cls
training.mode=rollout
models.out_dim=10
models.architecture.n_encoder_layers=1
models.architecture.n_decoder_layers=1    avg_loss: 0.000009049200  time_per_window : 0.000946   progress : 0.437
name: input_len=64
training.rollout_steps=32
models.architecture.block_type=cls
training.mode=rollout
models.out_dim=10
models.architecture.n_encoder_layers=1
models.architecture.n_decoder_layers=1    avg_loss: 0.000009550268  time_per_window : 0.000926   progress : 0.448
name: input_len=64
training.rollout_steps=32
models.architecture.block_type=cls
training.mode=rollout
models.out_dim=10
models.architecture.n_encoder_layers=1
models.architecture.n_decoder_layers=1    avg_loss: 0.000007843658  time_per_window : 0.000955   progress : 0.459
name: input_len=64
training.rollout_steps=32
models.architecture.block_type=cls
training.mode=rollout
models.out_dim=10
models.architecture.n_encoder_layers=1
models.architecture.n_decoder_layers=1    avg_loss: 0.000008620036  time_per_window : 0.000958   progress : 0.470
name: input_len=64
training.rollout_steps=32
models.architecture.block_type=cls
training.mode=rollout
models.out_dim=10
models.architecture.n_encoder_layers=1
models.architecture.n_decoder_layers=1    avg_loss: 0.000008991534  time_per_window : 0.000954   progress : 0.481
name: input_len=64
training.rollout_steps=32
models.architecture.block_type=cls
training.mode=rollout
models.out_dim=10
models.architecture.n_encoder_layers=1
models.architecture.n_decoder_layers=1    avg_loss: 0.000008770401  time_per_window : 0.000889   progress : 0.492
name: input_len=64
training.rollout_steps=32
models.architecture.block_type=cls
training.mode=rollout
models.out_dim=10
models.architecture.n_encoder_layers=1
models.architecture.n_decoder_layers=1    avg_loss: 0.000009294234  time_per_window : 0.000917   progress : 0.502
name: input_len=64
training.rollout_steps=32
models.architecture.block_type=cls
training.mode=rollout
models.out_dim=10
models.architecture.n_encoder_layers=1
models.architecture.n_decoder_layers=1    avg_loss: 0.000009851958  time_per_window : 0.000928   progress : 0.513
name: input_len=64
training.rollout_steps=32
models.architecture.block_type=cls
training.mode=rollout
models.out_dim=10
models.architecture.n_encoder_layers=1
models.architecture.n_decoder_layers=1    avg_loss: 0.000006900461  time_per_window : 0.000939   progress : 0.524
name: input_len=64
training.rollout_steps=32
models.architecture.block_type=cls
training.mode=rollout
models.out_dim=10
models.architecture.n_encoder_layers=1
models.architecture.n_decoder_layers=1    avg_loss: 0.000009734845  time_per_window : 0.000955   progress : 0.535
name: input_len=64
training.rollout_steps=32
models.architecture.block_type=cls
training.mode=rollout
models.out_dim=10
models.architecture.n_encoder_layers=1
models.architecture.n_decoder_layers=1    avg_loss: 0.000007558579  time_per_window : 0.000946   progress : 0.546
name: input_len=64
training.rollout_steps=32
models.architecture.block_type=cls
training.mode=rollout
models.out_dim=10
models.architecture.n_encoder_layers=1
models.architecture.n_decoder_layers=1    avg_loss: 0.000008084846  time_per_window : 0.000937   progress : 0.557
name: input_len=64
training.rollout_steps=32
models.architecture.block_type=cls
training.mode=rollout
models.out_dim=10
models.architecture.n_encoder_layers=1
models.architecture.n_decoder_layers=1    avg_loss: 0.000010138187  time_per_window : 0.000910   progress : 0.568
name: input_len=64
training.rollout_steps=32
models.architecture.block_type=cls
training.mode=rollout
models.out_dim=10
models.architecture.n_encoder_layers=1
models.architecture.n_decoder_layers=1    avg_loss: 0.000008206390  time_per_window : 0.000957   progress : 0.579
name: input_len=64
training.rollout_steps=32
models.architecture.block_type=cls
training.mode=rollout
models.out_dim=10
models.architecture.n_encoder_layers=1
models.architecture.n_decoder_layers=1    avg_loss: 0.000008969058  time_per_window : 0.000939   progress : 0.590
name: input_len=64
training.rollout_steps=32
models.architecture.block_type=cls
training.mode=rollout
models.out_dim=10
models.architecture.n_encoder_layers=1
models.architecture.n_decoder_layers=1    avg_loss: 0.000006904688  time_per_window : 0.000925   progress : 0.601
name: input_len=64
training.rollout_steps=32
models.architecture.block_type=cls
training.mode=rollout
models.out_dim=10
models.architecture.n_encoder_layers=1
models.architecture.n_decoder_layers=1    avg_loss: 0.000007421200  time_per_window : 0.000910   progress : 0.612
name: input_len=64
training.rollout_steps=32
models.architecture.block_type=cls
training.mode=rollout
models.out_dim=10
models.architecture.n_encoder_layers=1
models.architecture.n_decoder_layers=1    avg_loss: 0.000009560562  time_per_window : 0.000916   progress : 0.623
name: input_len=64
training.rollout_steps=32
models.architecture.block_type=cls
training.mode=rollout
models.out_dim=10
models.architecture.n_encoder_layers=1
models.architecture.n_decoder_layers=1    avg_loss: 0.000007226518  time_per_window : 0.000929   progress : 0.634
name: input_len=64
training.rollout_steps=32
models.architecture.block_type=cls
training.mode=rollout
models.out_dim=10
models.architecture.n_encoder_layers=1
models.architecture.n_decoder_layers=1    avg_loss: 0.000007329232  time_per_window : 0.000931   progress : 0.644
name: input_len=64
training.rollout_steps=32
models.architecture.block_type=cls
training.mode=rollout
models.out_dim=10
models.architecture.n_encoder_layers=1
models.architecture.n_decoder_layers=1    avg_loss: 0.000008777619  time_per_window : 0.000939   progress : 0.655
name: input_len=64
training.rollout_steps=32
models.architecture.block_type=cls
training.mode=rollout
models.out_dim=10
models.architecture.n_encoder_layers=1
models.architecture.n_decoder_layers=1    avg_loss: 0.000007809488  time_per_window : 0.000888   progress : 0.666
name: input_len=64
training.rollout_steps=32
models.architecture.block_type=cls
training.mode=rollout
models.out_dim=10
models.architecture.n_encoder_layers=1
models.architecture.n_decoder_layers=1    avg_loss: 0.000007489860  time_per_window : 0.000911   progress : 0.677
name: input_len=64
training.rollout_steps=32
models.architecture.block_type=cls
training.mode=rollout
models.out_dim=10
models.architecture.n_encoder_layers=1
models.architecture.n_decoder_layers=1    avg_loss: 0.000006018712  time_per_window : 0.000916   progress : 0.688
name: input_len=64
training.rollout_steps=32
models.architecture.block_type=cls
training.mode=rollout
models.out_dim=10
models.architecture.n_encoder_layers=1
models.architecture.n_decoder_layers=1    avg_loss: 0.000007164690  time_per_window : 0.000881   progress : 0.699
name: input_len=64
training.rollout_steps=32
models.architecture.block_type=cls
training.mode=rollout
models.out_dim=10
models.architecture.n_encoder_layers=1
models.architecture.n_decoder_layers=1    avg_loss: 0.000006030025  time_per_window : 0.000936   progress : 0.710
name: input_len=64
training.rollout_steps=32
models.architecture.block_type=cls
training.mode=rollout
models.out_dim=10
models.architecture.n_encoder_layers=1
models.architecture.n_decoder_layers=1    avg_loss: 0.000006811534  time_per_window : 0.000955   progress : 0.721
name: input_len=64
training.rollout_steps=32
models.architecture.block_type=cls
training.mode=rollout
models.out_dim=10
models.architecture.n_encoder_layers=1
models.architecture.n_decoder_layers=1    avg_loss: 0.000005749936  time_per_window : 0.000893   progress : 0.732
name: input_len=64
training.rollout_steps=32
models.architecture.block_type=cls
training.mode=rollout
models.out_dim=10
models.architecture.n_encoder_layers=1
models.architecture.n_decoder_layers=1    avg_loss: 0.000007482447  time_per_window : 0.000956   progress : 0.743
name: input_len=64
training.rollout_steps=32
models.architecture.block_type=cls
training.mode=rollout
models.out_dim=10
models.architecture.n_encoder_layers=1
models.architecture.n_decoder_layers=1    avg_loss: 0.000006904629  time_per_window : 0.000914   progress : 0.754
name: input_len=64
training.rollout_steps=32
models.architecture.block_type=cls
training.mode=rollout
models.out_dim=10
models.architecture.n_encoder_layers=1
models.architecture.n_decoder_layers=1    avg_loss: 0.000007028830  time_per_window : 0.000943   progress : 0.765
name: input_len=64
training.rollout_steps=32
models.architecture.block_type=cls
training.mode=rollout
models.out_dim=10
models.architecture.n_encoder_layers=1
models.architecture.n_decoder_layers=1    avg_loss: 0.000006630963  time_per_window : 0.000932   progress : 0.775
name: input_len=64
training.rollout_steps=32
models.architecture.block_type=cls
training.mode=rollout
models.out_dim=10
models.architecture.n_encoder_layers=1
models.architecture.n_decoder_layers=1    avg_loss: 0.000009003039  time_per_window : 0.000913   progress : 0.786
name: input_len=64
training.rollout_steps=32
models.architecture.block_type=cls
training.mode=rollout
models.out_dim=10
models.architecture.n_encoder_layers=1
models.architecture.n_decoder_layers=1    avg_loss: 0.000006798079  time_per_window : 0.000937   progress : 0.797
name: input_len=64
training.rollout_steps=32
models.architecture.block_type=cls
training.mode=rollout
models.out_dim=10
models.architecture.n_encoder_layers=1
models.architecture.n_decoder_layers=1    avg_loss: 0.000006289273  time_per_window : 0.000957   progress : 0.808
name: input_len=64
training.rollout_steps=32
models.architecture.block_type=cls
training.mode=rollout
models.out_dim=10
models.architecture.n_encoder_layers=1
models.architecture.n_decoder_layers=1    avg_loss: 0.000006118881  time_per_window : 0.000925   progress : 0.819
name: input_len=64
training.rollout_steps=32
models.architecture.block_type=cls
training.mode=rollout
models.out_dim=10
models.architecture.n_encoder_layers=1
models.architecture.n_decoder_layers=1    avg_loss: 0.000006806946  time_per_window : 0.000938   progress : 0.830
name: input_len=64
training.rollout_steps=32
models.architecture.block_type=cls
training.mode=rollout
models.out_dim=10
models.architecture.n_encoder_layers=1
models.architecture.n_decoder_layers=1    avg_loss: 0.000005595351  time_per_window : 0.000953   progress : 0.841
name: input_len=64
training.rollout_steps=32
models.architecture.block_type=cls
training.mode=rollout
models.out_dim=10
models.architecture.n_encoder_layers=1
models.architecture.n_decoder_layers=1    avg_loss: 0.000006202785  time_per_window : 0.000950   progress : 0.852
name: input_len=64
training.rollout_steps=32
models.architecture.block_type=cls
training.mode=rollout
models.out_dim=10
models.architecture.n_encoder_layers=1
models.architecture.n_decoder_layers=1    avg_loss: 0.000006230716  time_per_window : 0.000947   progress : 0.863
name: input_len=64
training.rollout_steps=32
models.architecture.block_type=cls
training.mode=rollout
models.out_dim=10
models.architecture.n_encoder_layers=1
models.architecture.n_decoder_layers=1    avg_loss: 0.000007499472  time_per_window : 0.000938   progress : 0.874
name: input_len=64
training.rollout_steps=32
models.architecture.block_type=cls
training.mode=rollout
models.out_dim=10
models.architecture.n_encoder_layers=1
models.architecture.n_decoder_layers=1    avg_loss: 0.000006797756  time_per_window : 0.000928   progress : 0.885
name: input_len=64
training.rollout_steps=32
models.architecture.block_type=cls
training.mode=rollout
models.out_dim=10
models.architecture.n_encoder_layers=1
models.architecture.n_decoder_layers=1    avg_loss: 0.000008542821  time_per_window : 0.000958   progress : 0.896
name: input_len=64
training.rollout_steps=32
models.architecture.block_type=cls
training.mode=rollout
models.out_dim=10
models.architecture.n_encoder_layers=1
models.architecture.n_decoder_layers=1    avg_loss: 0.000004873523  time_per_window : 0.000904   progress : 0.907
name: input_len=64
training.rollout_steps=32
models.architecture.block_type=cls
training.mode=rollout
models.out_dim=10
models.architecture.n_encoder_layers=1
models.architecture.n_decoder_layers=1    avg_loss: 0.000007806394  time_per_window : 0.000948   progress : 0.917
name: input_len=64
training.rollout_steps=32
models.architecture.block_type=cls
training.mode=rollout
models.out_dim=10
models.architecture.n_encoder_layers=1
models.architecture.n_decoder_layers=1    avg_loss: 0.000005747122  time_per_window : 0.000930   progress : 0.928
name: input_len=64
training.rollout_steps=32
models.architecture.block_type=cls
training.mode=rollout
models.out_dim=10
models.architecture.n_encoder_layers=1
models.architecture.n_decoder_layers=1    avg_loss: 0.000005713794  time_per_window : 0.000942   progress : 0.939
name: input_len=64
training.rollout_steps=32
models.architecture.block_type=cls
training.mode=rollout
models.out_dim=10
models.architecture.n_encoder_layers=1
models.architecture.n_decoder_layers=1    avg_loss: 0.000007857492  time_per_window : 0.000958   progress : 0.950
name: input_len=64
training.rollout_steps=32
models.architecture.block_type=cls
training.mode=rollout
models.out_dim=10
models.architecture.n_encoder_layers=1
models.architecture.n_decoder_layers=1    avg_loss: 0.000004811124  time_per_window : 0.000931   progress : 0.961
name: input_len=64
training.rollout_steps=32
models.architecture.block_type=cls
training.mode=rollout
models.out_dim=10
models.architecture.n_encoder_layers=1
models.architecture.n_decoder_layers=1    avg_loss: 0.000007121680  time_per_window : 0.000942   progress : 0.972
name: input_len=64
training.rollout_steps=32
models.architecture.block_type=cls
training.mode=rollout
models.out_dim=10
models.architecture.n_encoder_layers=1
models.architecture.n_decoder_layers=1    avg_loss: 0.000006204588  time_per_window : 0.000929   progress : 0.983
name: input_len=64
training.rollout_steps=32
models.architecture.block_type=cls
training.mode=rollout
models.out_dim=10
models.architecture.n_encoder_layers=1
models.architecture.n_decoder_layers=1    avg_loss: 0.000005037345  time_per_window : 0.000960   progress : 0.994
name: input_len=64
training.rollout_steps=32
models.architecture.block_type=cls
training.mode=rollout
models.out_dim=10
models.architecture.n_encoder_layers=1
models.architecture.n_decoder_layers=1    avg_loss: 0.000148107079  time_per_window : 0.000944   progress : 0.011
name: input_len=64
training.rollout_steps=32
models.architecture.block_type=cls
training.mode=rollout
models.out_dim=10
models.architecture.n_encoder_layers=1
models.architecture.n_decoder_layers=1    avg_loss: 0.000007526011  time_per_window : 0.000875   progress : 0.022
name: input_len=64
training.rollout_steps=32
models.architecture.block_type=cls
training.mode=rollout
models.out_dim=10
models.architecture.n_encoder_layers=1
models.architecture.n_decoder_layers=1    avg_loss: 0.000007253661  time_per_window : 0.000925   progress : 0.033
name: input_len=64
training.rollout_steps=32
models.architecture.block_type=cls
training.mode=rollout
models.out_dim=10
models.architecture.n_encoder_layers=1
models.architecture.n_decoder_layers=1    avg_loss: 0.000007487710  time_per_window : 0.000939   progress : 0.044
name: input_len=64
training.rollout_steps=32
models.architecture.block_type=cls
training.mode=rollout
models.out_dim=10
models.architecture.n_encoder_layers=1
models.architecture.n_decoder_layers=1    avg_loss: 0.000007557367  time_per_window : 0.000919   progress : 0.055
name: input_len=64
training.rollout_steps=32
models.architecture.block_type=cls
training.mode=rollout
models.out_dim=10
models.architecture.n_encoder_layers=1
models.architecture.n_decoder_layers=1    avg_loss: 0.000007907455  time_per_window : 0.000915   progress : 0.066
name: input_len=64
training.rollout_steps=32
models.architecture.block_type=cls
training.mode=rollout
models.out_dim=10
models.architecture.n_encoder_layers=1
models.architecture.n_decoder_layers=1    avg_loss: 0.000007608534  time_per_window : 0.000930   progress : 0.076
name: input_len=64
training.rollout_steps=32
models.architecture.block_type=cls
training.mode=rollout
models.out_dim=10
models.architecture.n_encoder_layers=1
models.architecture.n_decoder_layers=1    avg_loss: 0.000007294562  time_per_window : 0.000924   progress : 0.087
name: input_len=64
training.rollout_steps=32
models.architecture.block_type=cls
training.mode=rollout
models.out_dim=10
models.architecture.n_encoder_layers=1
models.architecture.n_decoder_layers=1    avg_loss: 0.000008755324  time_per_window : 0.000931   progress : 0.098
name: input_len=64
training.rollout_steps=32
models.architecture.block_type=cls
training.mode=rollout
models.out_dim=10
models.architecture.n_encoder_layers=1
models.architecture.n_decoder_layers=1    avg_loss: 0.000007709164  time_per_window : 0.000955   progress : 0.109
name: input_len=64
training.rollout_steps=32
models.architecture.block_type=cls
training.mode=rollout
models.out_dim=10
models.architecture.n_encoder_layers=1
models.architecture.n_decoder_layers=1    avg_loss: 0.000009850701  time_per_window : 0.000920   progress : 0.120
name: input_len=64
training.rollout_steps=32
models.architecture.block_type=cls
training.mode=rollout
models.out_dim=10
models.architecture.n_encoder_layers=1
models.architecture.n_decoder_layers=1    avg_loss: 0.000007478408  time_per_window : 0.000952   progress : 0.131
name: input_len=64
training.rollout_steps=32
models.architecture.block_type=cls
training.mode=rollout
models.out_dim=10
models.architecture.n_encoder_layers=1
models.architecture.n_decoder_layers=1    avg_loss: 0.000008388488  time_per_window : 0.000928   progress : 0.142
name: input_len=64
training.rollout_steps=32
models.architecture.block_type=cls
training.mode=rollout
models.out_dim=10
models.architecture.n_encoder_layers=1
models.architecture.n_decoder_layers=1    avg_loss: 0.000008322543  time_per_window : 0.000908   progress : 0.153
name: input_len=64
training.rollout_steps=32
models.architecture.block_type=cls
training.mode=rollout
models.out_dim=10
models.architecture.n_encoder_layers=1
models.architecture.n_decoder_layers=1    avg_loss: 0.000008365470  time_per_window : 0.000950   progress : 0.164
name: input_len=64
training.rollout_steps=32
models.architecture.block_type=cls
training.mode=rollout
models.out_dim=10
models.architecture.n_encoder_layers=1
models.architecture.n_decoder_layers=1    avg_loss: 0.000008539749  time_per_window : 0.000927   progress : 0.175
name: input_len=64
training.rollout_steps=32
models.architecture.block_type=cls
training.mode=rollout
models.out_dim=10
models.architecture.n_encoder_layers=1
models.architecture.n_decoder_layers=1    avg_loss: 0.000008150556  time_per_window : 0.000781   progress : 0.186
name: input_len=64
training.rollout_steps=32
models.architecture.block_type=cls
training.mode=rollout
models.out_dim=10
models.architecture.n_encoder_layers=1
models.architecture.n_decoder_layers=1    avg_loss: 0.000008335565  time_per_window : 0.000937   progress : 0.197
name: input_len=64
training.rollout_steps=32
models.architecture.block_type=cls
training.mode=rollout
models.out_dim=10
models.architecture.n_encoder_layers=1
models.architecture.n_decoder_layers=1    avg_loss: 0.000008711841  time_per_window : 0.000931   progress : 0.208
name: input_len=64
training.rollout_steps=32
models.architecture.block_type=cls
training.mode=rollout
models.out_dim=10
models.architecture.n_encoder_layers=1
models.architecture.n_decoder_layers=1    avg_loss: 0.000010400251  time_per_window : 0.000916   progress : 0.218
name: input_len=64
training.rollout_steps=32
models.architecture.block_type=cls
training.mode=rollout
models.out_dim=10
models.architecture.n_encoder_layers=1
models.architecture.n_decoder_layers=1    avg_loss: 0.000008536421  time_per_window : 0.000952   progress : 0.229
name: input_len=64
training.rollout_steps=32
models.architecture.block_type=cls
training.mode=rollout
models.out_dim=10
models.architecture.n_encoder_layers=1
models.architecture.n_decoder_layers=1    avg_loss: 0.000008923593  time_per_window : 0.000913   progress : 0.240
name: input_len=64
training.rollout_steps=32
models.architecture.block_type=cls
training.mode=rollout
models.out_dim=10
models.architecture.n_encoder_layers=1
models.architecture.n_decoder_layers=1    avg_loss: 0.000008513508  time_per_window : 0.000915   progress : 0.251
name: input_len=64
training.rollout_steps=32
models.architecture.block_type=cls
training.mode=rollout
models.out_dim=10
models.architecture.n_encoder_layers=1
models.architecture.n_decoder_layers=1    avg_loss: 0.000008134399  time_per_window : 0.000892   progress : 0.262
name: input_len=64
training.rollout_steps=32
models.architecture.block_type=cls
training.mode=rollout
models.out_dim=10
models.architecture.n_encoder_layers=1
models.architecture.n_decoder_layers=1    avg_loss: 0.000007714931  time_per_window : 0.000947   progress : 0.273
name: input_len=64
training.rollout_steps=32
models.architecture.block_type=cls
training.mode=rollout
models.out_dim=10
models.architecture.n_encoder_layers=1
models.architecture.n_decoder_layers=1    avg_loss: 0.000007912084  time_per_window : 0.000921   progress : 0.284
name: input_len=64
training.rollout_steps=32
models.architecture.block_type=cls
training.mode=rollout
models.out_dim=10
models.architecture.n_encoder_layers=1
models.architecture.n_decoder_layers=1    avg_loss: 0.000010443857  time_per_window : 0.000959   progress : 0.295
name: input_len=64
training.rollout_steps=32
models.architecture.block_type=cls
training.mode=rollout
models.out_dim=10
models.architecture.n_encoder_layers=1
models.architecture.n_decoder_layers=1    avg_loss: 0.000008948503  time_per_window : 0.000934   progress : 0.306
name: input_len=64
training.rollout_steps=32
models.architecture.block_type=cls
training.mode=rollout
models.out_dim=10
models.architecture.n_encoder_layers=1
models.architecture.n_decoder_layers=1    avg_loss: 0.000008796034  time_per_window : 0.000915   progress : 0.317
name: input_len=64
training.rollout_steps=32
models.architecture.block_type=cls
training.mode=rollout
models.out_dim=10
models.architecture.n_encoder_layers=1
models.architecture.n_decoder_layers=1    avg_loss: 0.000008300796  time_per_window : 0.000895   progress : 0.328
name: input_len=64
training.rollout_steps=32
models.architecture.block_type=cls
training.mode=rollout
models.out_dim=10
models.architecture.n_encoder_layers=1
models.architecture.n_decoder_layers=1    avg_loss: 0.000009020632  time_per_window : 0.000949   progress : 0.339
name: input_len=64
training.rollout_steps=32
models.architecture.block_type=cls
training.mode=rollout
models.out_dim=10
models.architecture.n_encoder_layers=1
models.architecture.n_decoder_layers=1    avg_loss: 0.000007660737  time_per_window : 0.000951   progress : 0.350
name: input_len=64
training.rollout_steps=32
models.architecture.block_type=cls
training.mode=rollout
models.out_dim=10
models.architecture.n_encoder_layers=1
models.architecture.n_decoder_layers=1    avg_loss: 0.000007435856  time_per_window : 0.000936   progress : 0.360
name: input_len=64
training.rollout_steps=32
models.architecture.block_type=cls
training.mode=rollout
models.out_dim=10
models.architecture.n_encoder_layers=1
models.architecture.n_decoder_layers=1    avg_loss: 0.000007306211  time_per_window : 0.000954   progress : 0.371
name: input_len=64
training.rollout_steps=32
models.architecture.block_type=cls
training.mode=rollout
models.out_dim=10
models.architecture.n_encoder_layers=1
models.architecture.n_decoder_layers=1    avg_loss: 0.000007787899  time_per_window : 0.000939   progress : 0.382
name: input_len=64
training.rollout_steps=32
models.architecture.block_type=cls
training.mode=rollout
models.out_dim=10
models.architecture.n_encoder_layers=1
models.architecture.n_decoder_layers=1    avg_loss: 0.000007872807  time_per_window : 0.000735   progress : 0.393
name: input_len=64
training.rollout_steps=32
models.architecture.block_type=cls
training.mode=rollout
models.out_dim=10
models.architecture.n_encoder_layers=1
models.architecture.n_decoder_layers=1    avg_loss: 0.000009194706  time_per_window : 0.000926   progress : 0.404
name: input_len=64
training.rollout_steps=32
models.architecture.block_type=cls
training.mode=rollout
models.out_dim=10
models.architecture.n_encoder_layers=1
models.architecture.n_decoder_layers=1    avg_loss: 0.000007108986  time_per_window : 0.000891   progress : 0.415
name: input_len=64
training.rollout_steps=32
models.architecture.block_type=cls
training.mode=rollout
models.out_dim=10
models.architecture.n_encoder_layers=1
models.architecture.n_decoder_layers=1    avg_loss: 0.000007379631  time_per_window : 0.000934   progress : 0.426
name: input_len=64
training.rollout_steps=32
models.architecture.block_type=cls
training.mode=rollout
models.out_dim=10
models.architecture.n_encoder_layers=1
models.architecture.n_decoder_layers=1    avg_loss: 0.000008049664  time_per_window : 0.000920   progress : 0.437
name: input_len=64
training.rollout_steps=32
models.architecture.block_type=cls
training.mode=rollout
models.out_dim=10
models.architecture.n_encoder_layers=1
models.architecture.n_decoder_layers=1    avg_loss: 0.000008795879  time_per_window : 0.000925   progress : 0.448
name: input_len=64
training.rollout_steps=32
models.architecture.block_type=cls
training.mode=rollout
models.out_dim=10
models.architecture.n_encoder_layers=1
models.architecture.n_decoder_layers=1    avg_loss: 0.000006938089  time_per_window : 0.000900   progress : 0.459
name: input_len=64
training.rollout_steps=32
models.architecture.block_type=cls
training.mode=rollout
models.out_dim=10
models.architecture.n_encoder_layers=1
models.architecture.n_decoder_layers=1    avg_loss: 0.000007006560  time_per_window : 0.000958   progress : 0.470
name: input_len=64
training.rollout_steps=32
models.architecture.block_type=cls
training.mode=rollout
models.out_dim=10
models.architecture.n_encoder_layers=1
models.architecture.n_decoder_layers=1    avg_loss: 0.000008023103  time_per_window : 0.000908   progress : 0.481
name: input_len=64
training.rollout_steps=32
models.architecture.block_type=cls
training.mode=rollout
models.out_dim=10
models.architecture.n_encoder_layers=1
models.architecture.n_decoder_layers=1    avg_loss: 0.000006784375  time_per_window : 0.000916   progress : 0.492
name: input_len=64
training.rollout_steps=32
models.architecture.block_type=cls
training.mode=rollout
models.out_dim=10
models.architecture.n_encoder_layers=1
models.architecture.n_decoder_layers=1    avg_loss: 0.000009040466  time_per_window : 0.000889   progress : 0.502
name: input_len=64
training.rollout_steps=32
models.architecture.block_type=cls
training.mode=rollout
models.out_dim=10
models.architecture.n_encoder_layers=1
models.architecture.n_decoder_layers=1    avg_loss: 0.000007670445  time_per_window : 0.000924   progress : 0.513
name: input_len=64
training.rollout_steps=32
models.architecture.block_type=cls
training.mode=rollout
models.out_dim=10
models.architecture.n_encoder_layers=1
models.architecture.n_decoder_layers=1    avg_loss: 0.000005814819  time_per_window : 0.000908   progress : 0.524
name: input_len=64
training.rollout_steps=32
models.architecture.block_type=cls
training.mode=rollout
models.out_dim=10
models.architecture.n_encoder_layers=1
models.architecture.n_decoder_layers=1    avg_loss: 0.000006989541  time_per_window : 0.000936   progress : 0.535
name: input_len=64
training.rollout_steps=32
models.architecture.block_type=cls
training.mode=rollout
models.out_dim=10
models.architecture.n_encoder_layers=1
models.architecture.n_decoder_layers=1    avg_loss: 0.000006475494  time_per_window : 0.000950   progress : 0.546
name: input_len=64
training.rollout_steps=32
models.architecture.block_type=cls
training.mode=rollout
models.out_dim=10
models.architecture.n_encoder_layers=1
models.architecture.n_decoder_layers=1    avg_loss: 0.000006900328  time_per_window : 0.000973   progress : 0.557
name: input_len=64
training.rollout_steps=32
models.architecture.block_type=cls
training.mode=rollout
models.out_dim=10
models.architecture.n_encoder_layers=1
models.architecture.n_decoder_layers=1    avg_loss: 0.000007846934  time_per_window : 0.000955   progress : 0.568
name: input_len=64
training.rollout_steps=32
models.architecture.block_type=cls
training.mode=rollout
models.out_dim=10
models.architecture.n_encoder_layers=1
models.architecture.n_decoder_layers=1    avg_loss: 0.000006386268  time_per_window : 0.000925   progress : 0.579
name: input_len=64
training.rollout_steps=32
models.architecture.block_type=cls
training.mode=rollout
models.out_dim=10
models.architecture.n_encoder_layers=1
models.architecture.n_decoder_layers=1    avg_loss: 0.000006114427  time_per_window : 0.000911   progress : 0.590
name: input_len=64
training.rollout_steps=32
models.architecture.block_type=cls
training.mode=rollout
models.out_dim=10
models.architecture.n_encoder_layers=1
models.architecture.n_decoder_layers=1    avg_loss: 0.000006777307  time_per_window : 0.000935   progress : 0.601
name: input_len=64
training.rollout_steps=32
models.architecture.block_type=cls
training.mode=rollout
models.out_dim=10
models.architecture.n_encoder_layers=1
models.architecture.n_decoder_layers=1    avg_loss: 0.000006729236  time_per_window : 0.000944   progress : 0.612
name: input_len=64
training.rollout_steps=32
models.architecture.block_type=cls
training.mode=rollout
models.out_dim=10
models.architecture.n_encoder_layers=1
models.architecture.n_decoder_layers=1    avg_loss: 0.000005314546  time_per_window : 0.000923   progress : 0.623
name: input_len=64
training.rollout_steps=32
models.architecture.block_type=cls
training.mode=rollout
models.out_dim=10
models.architecture.n_encoder_layers=1
models.architecture.n_decoder_layers=1    avg_loss: 0.000005853361  time_per_window : 0.000937   progress : 0.634
name: input_len=64
training.rollout_steps=32
models.architecture.block_type=cls
training.mode=rollout
models.out_dim=10
models.architecture.n_encoder_layers=1
models.architecture.n_decoder_layers=1    avg_loss: 0.000006617073  time_per_window : 0.000932   progress : 0.644
name: input_len=64
training.rollout_steps=32
models.architecture.block_type=cls
training.mode=rollout
models.out_dim=10
models.architecture.n_encoder_layers=1
models.architecture.n_decoder_layers=1    avg_loss: 0.000006385106  time_per_window : 0.000957   progress : 0.655
name: input_len=64
training.rollout_steps=32
models.architecture.block_type=cls
training.mode=rollout
models.out_dim=10
models.architecture.n_encoder_layers=1
models.architecture.n_decoder_layers=1    avg_loss: 0.000006121513  time_per_window : 0.000919   progress : 0.666
name: input_len=64
training.rollout_steps=32
models.architecture.block_type=cls
training.mode=rollout
models.out_dim=10
models.architecture.n_encoder_layers=1
models.architecture.n_decoder_layers=1    avg_loss: 0.000005997224  time_per_window : 0.000952   progress : 0.677
name: input_len=64
training.rollout_steps=32
models.architecture.block_type=cls
training.mode=rollout
models.out_dim=10
models.architecture.n_encoder_layers=1
models.architecture.n_decoder_layers=1    avg_loss: 0.000005716307  time_per_window : 0.000927   progress : 0.688
name: input_len=64
training.rollout_steps=32
models.architecture.block_type=cls
training.mode=rollout
models.out_dim=10
models.architecture.n_encoder_layers=1
models.architecture.n_decoder_layers=1    avg_loss: 0.000006651403  time_per_window : 0.000963   progress : 0.699
name: input_len=64
training.rollout_steps=32
models.architecture.block_type=cls
training.mode=rollout
models.out_dim=10
models.architecture.n_encoder_layers=1
models.architecture.n_decoder_layers=1    avg_loss: 0.000006356656  time_per_window : 0.000900   progress : 0.710
name: input_len=64
training.rollout_steps=32
models.architecture.block_type=cls
training.mode=rollout
models.out_dim=10
models.architecture.n_encoder_layers=1
models.architecture.n_decoder_layers=1    avg_loss: 0.000005375498  time_per_window : 0.000918   progress : 0.721
name: input_len=64
training.rollout_steps=32
models.architecture.block_type=cls
training.mode=rollout
models.out_dim=10
models.architecture.n_encoder_layers=1
models.architecture.n_decoder_layers=1    avg_loss: 0.000005398669  time_per_window : 0.000940   progress : 0.732
name: input_len=64
training.rollout_steps=32
models.architecture.block_type=cls
training.mode=rollout
models.out_dim=10
models.architecture.n_encoder_layers=1
models.architecture.n_decoder_layers=1    avg_loss: 0.000005175629  time_per_window : 0.000937   progress : 0.743
name: input_len=64
training.rollout_steps=32
models.architecture.block_type=cls
training.mode=rollout
models.out_dim=10
models.architecture.n_encoder_layers=1
models.architecture.n_decoder_layers=1    avg_loss: 0.000006006061  time_per_window : 0.000911   progress : 0.754
name: input_len=64
training.rollout_steps=32
models.architecture.block_type=cls
training.mode=rollout
models.out_dim=10
models.architecture.n_encoder_layers=1
models.architecture.n_decoder_layers=1    avg_loss: 0.000005909889  time_per_window : 0.000938   progress : 0.765
name: input_len=64
training.rollout_steps=32
models.architecture.block_type=cls
training.mode=rollout
models.out_dim=10
models.architecture.n_encoder_layers=1
models.architecture.n_decoder_layers=1    avg_loss: 0.000006543748  time_per_window : 0.000887   progress : 0.775
name: input_len=64
training.rollout_steps=32
models.architecture.block_type=cls
training.mode=rollout
models.out_dim=10
models.architecture.n_encoder_layers=1
models.architecture.n_decoder_layers=1    avg_loss: 0.000005698240  time_per_window : 0.000916   progress : 0.786
name: input_len=64
training.rollout_steps=32
models.architecture.block_type=cls
training.mode=rollout
models.out_dim=10
models.architecture.n_encoder_layers=1
models.architecture.n_decoder_layers=1    avg_loss: 0.000005081299  time_per_window : 0.000930   progress : 0.797
name: input_len=64
training.rollout_steps=32
models.architecture.block_type=cls
training.mode=rollout
models.out_dim=10
models.architecture.n_encoder_layers=1
models.architecture.n_decoder_layers=1    avg_loss: 0.000004799849  time_per_window : 0.000914   progress : 0.808
name: input_len=64
training.rollout_steps=32
models.architecture.block_type=cls
training.mode=rollout
models.out_dim=10
models.architecture.n_encoder_layers=1
models.architecture.n_decoder_layers=1    avg_loss: 0.000005634108  time_per_window : 0.000948   progress : 0.819
name: input_len=64
training.rollout_steps=32
models.architecture.block_type=cls
training.mode=rollout
models.out_dim=10
models.architecture.n_encoder_layers=1
models.architecture.n_decoder_layers=1    avg_loss: 0.000005317575  time_per_window : 0.000936   progress : 0.830
name: input_len=64
training.rollout_steps=32
models.architecture.block_type=cls
training.mode=rollout
models.out_dim=10
models.architecture.n_encoder_layers=1
models.architecture.n_decoder_layers=1    avg_loss: 0.000004832328  time_per_window : 0.000923   progress : 0.841
name: input_len=64
training.rollout_steps=32
models.architecture.block_type=cls
training.mode=rollout
models.out_dim=10
models.architecture.n_encoder_layers=1
models.architecture.n_decoder_layers=1    avg_loss: 0.000005471506  time_per_window : 0.000935   progress : 0.852
name: input_len=64
training.rollout_steps=32
models.architecture.block_type=cls
training.mode=rollout
models.out_dim=10
models.architecture.n_encoder_layers=1
models.architecture.n_decoder_layers=1    avg_loss: 0.000005240973  time_per_window : 0.000931   progress : 0.863
name: input_len=64
training.rollout_steps=32
models.architecture.block_type=cls
training.mode=rollout
models.out_dim=10
models.architecture.n_encoder_layers=1
models.architecture.n_decoder_layers=1    avg_loss: 0.000004786871  time_per_window : 0.000912   progress : 0.874
name: input_len=64
training.rollout_steps=32
models.architecture.block_type=cls
training.mode=rollout
models.out_dim=10
models.architecture.n_encoder_layers=1
models.architecture.n_decoder_layers=1    avg_loss: 0.000005840973  time_per_window : 0.000930   progress : 0.885
name: input_len=64
training.rollout_steps=32
models.architecture.block_type=cls
training.mode=rollout
models.out_dim=10
models.architecture.n_encoder_layers=1
models.architecture.n_decoder_layers=1    avg_loss: 0.000004582526  time_per_window : 0.000954   progress : 0.896
name: input_len=64
training.rollout_steps=32
models.architecture.block_type=cls
training.mode=rollout
models.out_dim=10
models.architecture.n_encoder_layers=1
models.architecture.n_decoder_layers=1    avg_loss: 0.000004976812  time_per_window : 0.000936   progress : 0.907
name: input_len=64
training.rollout_steps=32
models.architecture.block_type=cls
training.mode=rollout
models.out_dim=10
models.architecture.n_encoder_layers=1
models.architecture.n_decoder_layers=1    avg_loss: 0.000005653599  time_per_window : 0.000966   progress : 0.917
name: input_len=64
training.rollout_steps=32
models.architecture.block_type=cls
training.mode=rollout
models.out_dim=10
models.architecture.n_encoder_layers=1
models.architecture.n_decoder_layers=1    avg_loss: 0.000004808749  time_per_window : 0.000954   progress : 0.928
name: input_len=64
training.rollout_steps=32
models.architecture.block_type=cls
training.mode=rollout
models.out_dim=10
models.architecture.n_encoder_layers=1
models.architecture.n_decoder_layers=1    avg_loss: 0.000004512122  time_per_window : 0.000936   progress : 0.939
name: input_len=64
training.rollout_steps=32
models.architecture.block_type=cls
training.mode=rollout
models.out_dim=10
models.architecture.n_encoder_layers=1
models.architecture.n_decoder_layers=1    avg_loss: 0.000004939676  time_per_window : 0.000937   progress : 0.950
name: input_len=64
training.rollout_steps=32
models.architecture.block_type=cls
training.mode=rollout
models.out_dim=10
models.architecture.n_encoder_layers=1
models.architecture.n_decoder_layers=1    avg_loss: 0.000005118392  time_per_window : 0.000904   progress : 0.961
name: input_len=64
training.rollout_steps=32
models.architecture.block_type=cls
training.mode=rollout
models.out_dim=10
models.architecture.n_encoder_layers=1
models.architecture.n_decoder_layers=1    avg_loss: 0.000004638318  time_per_window : 0.000903   progress : 0.972
name: input_len=64
training.rollout_steps=32
models.architecture.block_type=cls
training.mode=rollout
models.out_dim=10
models.architecture.n_encoder_layers=1
models.architecture.n_decoder_layers=1    avg_loss: 0.000004807444  time_per_window : 0.000917   progress : 0.983
name: input_len=64
training.rollout_steps=32
models.architecture.block_type=cls
training.mode=rollout
models.out_dim=10
models.architecture.n_encoder_layers=1
models.architecture.n_decoder_layers=1    avg_loss: 0.000004751909  time_per_window : 0.000898   progress : 0.994
DONE!!!
