/home/jdihardjo/miniconda3/envs/mavenv/lib/python3.11/site-packages/hydra/_internal/defaults_list.py:251: UserWarning: In 'config': Defaults list is missing `_self_`. See https://hydra.cc/docs/1.2/upgrades/1.0_to_1.1/default_composition_order for more information
  warnings.warn(msg, UserWarning)
Using cuda device
[2026-07-25 00:17:45,177][HYDRA] Joblib.Parallel(n_jobs=4,backend=loky,prefer=processes,require=None,verbose=0,timeout=None,pre_dispatch=2*n_jobs,batch_size=auto,temp_folder=None,max_nbytes=None,mmap_mode=r) is launching 1 jobs
[2026-07-25 00:17:45,177][HYDRA] Launching jobs, sweep output dir : ablation_runs/2026-07-24_23-30-14/cls_1e1d_out10_in16
[2026-07-25 00:17:45,177][HYDRA] 	#0 : input_len=16 training.rollout_steps=8 models.architecture.block_type=cls training.mode=rollout models.out_dim=10 models.architecture.n_encoder_layers=1 models.architecture.n_decoder_layers=1
/home/jdihardjo/miniconda3/envs/mavenv/lib/python3.11/site-packages/hydra/_internal/defaults_list.py:251: UserWarning: In 'config': Defaults list is missing `_self_`. See https://hydra.cc/docs/1.2/upgrades/1.0_to_1.1/default_composition_order for more information
  warnings.warn(msg, UserWarning)
models:
  n_dim: 23
  out_dim: 10
  architecture:
    d_model: 128
    n_encoder_layers: 1
    n_decoder_layers: 1
    block_type: cls
    time_adapter: last_token
    in_norm: none
    out_norm: none
    layer_scale: 0.0001
    drop_path: 0.05
    mamba_type: mamba
    mamba_kwargs:
      d_state: 16
      d_conv: 2
      expand: 2
      norm: rms
    skip: false
    cls_kwargs:
      n_heads: 2
      n_mlp: 2
      positional_encoding: false
      max_len: 5000
input_len: 16
output_len: 1
batch_size: 128
epochs: 5
seed: 0
dataset:
  path: /home/jdihardjo/simdata/train.zarr/
  training_size: 1500000
evaluation:
  path: /home/jdihardjo/simdata/evaluation.zarr/
  evaluation_size: 50
training:
  mode: rollout
  lr: 0.0002
  weight_decay: 0.1
  rollout_steps: 8
checkpoint:
  save_path: hydra-test.pth
  load: false
  path: hydra-test.pth
compile: true

/home/jdihardjo/miniconda3/envs/mavenv/lib/python3.11/site-packages/torch/_inductor/cudagraph_trees.py:2622: UserWarning: Unable to hit fast path of CUDAGraphs because outputs from a previous step still require backward. Ensure backward() is invoked or detach outputs. You may also call torch.compiler.cudagraph_mark_step_begin() before each model invocation.
  warnings.warn(
name: input_len=16
training.rollout_steps=8
models.architecture.block_type=cls
training.mode=rollout
models.out_dim=10
models.architecture.n_encoder_layers=1
models.architecture.n_decoder_layers=1    avg_loss: 0.010345327668  time_per_window : 0.000181   progress : 0.011
name: input_len=16
training.rollout_steps=8
models.architecture.block_type=cls
training.mode=rollout
models.out_dim=10
models.architecture.n_encoder_layers=1
models.architecture.n_decoder_layers=1    avg_loss: 0.000005158032  time_per_window : 0.000131   progress : 0.022
name: input_len=16
training.rollout_steps=8
models.architecture.block_type=cls
training.mode=rollout
models.out_dim=10
models.architecture.n_encoder_layers=1
models.architecture.n_decoder_layers=1    avg_loss: 0.000003174903  time_per_window : 0.000130   progress : 0.033
name: input_len=16
training.rollout_steps=8
models.architecture.block_type=cls
training.mode=rollout
models.out_dim=10
models.architecture.n_encoder_layers=1
models.architecture.n_decoder_layers=1    avg_loss: 0.000001996283  time_per_window : 0.000125   progress : 0.044
name: input_len=16
training.rollout_steps=8
models.architecture.block_type=cls
training.mode=rollout
models.out_dim=10
models.architecture.n_encoder_layers=1
models.architecture.n_decoder_layers=1    avg_loss: 0.000001361007  time_per_window : 0.000199   progress : 0.055
name: input_len=16
training.rollout_steps=8
models.architecture.block_type=cls
training.mode=rollout
models.out_dim=10
models.architecture.n_encoder_layers=1
models.architecture.n_decoder_layers=1    avg_loss: 0.000001001423  time_per_window : 0.000209   progress : 0.066
name: input_len=16
training.rollout_steps=8
models.architecture.block_type=cls
training.mode=rollout
models.out_dim=10
models.architecture.n_encoder_layers=1
models.architecture.n_decoder_layers=1    avg_loss: 0.000000818465  time_per_window : 0.000156   progress : 0.076
name: input_len=16
training.rollout_steps=8
models.architecture.block_type=cls
training.mode=rollout
models.out_dim=10
models.architecture.n_encoder_layers=1
models.architecture.n_decoder_layers=1    avg_loss: 0.000000699082  time_per_window : 0.000183   progress : 0.087
name: input_len=16
training.rollout_steps=8
models.architecture.block_type=cls
training.mode=rollout
models.out_dim=10
models.architecture.n_encoder_layers=1
models.architecture.n_decoder_layers=1    avg_loss: 0.000000639056  time_per_window : 0.000167   progress : 0.098
name: input_len=16
training.rollout_steps=8
models.architecture.block_type=cls
training.mode=rollout
models.out_dim=10
models.architecture.n_encoder_layers=1
models.architecture.n_decoder_layers=1    avg_loss: 0.000000595144  time_per_window : 0.000189   progress : 0.109
name: input_len=16
training.rollout_steps=8
models.architecture.block_type=cls
training.mode=rollout
models.out_dim=10
models.architecture.n_encoder_layers=1
models.architecture.n_decoder_layers=1    avg_loss: 0.000000548259  time_per_window : 0.000154   progress : 0.120
name: input_len=16
training.rollout_steps=8
models.architecture.block_type=cls
training.mode=rollout
models.out_dim=10
models.architecture.n_encoder_layers=1
models.architecture.n_decoder_layers=1    avg_loss: 0.000000600612  time_per_window : 0.000225   progress : 0.131
name: input_len=16
training.rollout_steps=8
models.architecture.block_type=cls
training.mode=rollout
models.out_dim=10
models.architecture.n_encoder_layers=1
models.architecture.n_decoder_layers=1    avg_loss: 0.000000553166  time_per_window : 0.000144   progress : 0.142
name: input_len=16
training.rollout_steps=8
models.architecture.block_type=cls
training.mode=rollout
models.out_dim=10
models.architecture.n_encoder_layers=1
models.architecture.n_decoder_layers=1    avg_loss: 0.000000523176  time_per_window : 0.000151   progress : 0.153
name: input_len=16
training.rollout_steps=8
models.architecture.block_type=cls
training.mode=rollout
models.out_dim=10
models.architecture.n_encoder_layers=1
models.architecture.n_decoder_layers=1    avg_loss: 0.000000523023  time_per_window : 0.000168   progress : 0.164
name: input_len=16
training.rollout_steps=8
models.architecture.block_type=cls
training.mode=rollout
models.out_dim=10
models.architecture.n_encoder_layers=1
models.architecture.n_decoder_layers=1    avg_loss: 0.000000538414  time_per_window : 0.000133   progress : 0.175
name: input_len=16
training.rollout_steps=8
models.architecture.block_type=cls
training.mode=rollout
models.out_dim=10
models.architecture.n_encoder_layers=1
models.architecture.n_decoder_layers=1    avg_loss: 0.000000860044  time_per_window : 0.000185   progress : 0.186
name: input_len=16
training.rollout_steps=8
models.architecture.block_type=cls
training.mode=rollout
models.out_dim=10
models.architecture.n_encoder_layers=1
models.architecture.n_decoder_layers=1    avg_loss: 0.000000647042  time_per_window : 0.000230   progress : 0.197
name: input_len=16
training.rollout_steps=8
models.architecture.block_type=cls
training.mode=rollout
models.out_dim=10
models.architecture.n_encoder_layers=1
models.architecture.n_decoder_layers=1    avg_loss: 0.000001114593  time_per_window : 0.000146   progress : 0.208
name: input_len=16
training.rollout_steps=8
models.architecture.block_type=cls
training.mode=rollout
models.out_dim=10
models.architecture.n_encoder_layers=1
models.architecture.n_decoder_layers=1    avg_loss: 0.000001022354  time_per_window : 0.000168   progress : 0.218
name: input_len=16
training.rollout_steps=8
models.architecture.block_type=cls
training.mode=rollout
models.out_dim=10
models.architecture.n_encoder_layers=1
models.architecture.n_decoder_layers=1    avg_loss: 0.000001158478  time_per_window : 0.000119   progress : 0.229
name: input_len=16
training.rollout_steps=8
models.architecture.block_type=cls
training.mode=rollout
models.out_dim=10
models.architecture.n_encoder_layers=1
models.architecture.n_decoder_layers=1    avg_loss: 0.000001754092  time_per_window : 0.000129   progress : 0.240
name: input_len=16
training.rollout_steps=8
models.architecture.block_type=cls
training.mode=rollout
models.out_dim=10
models.architecture.n_encoder_layers=1
models.architecture.n_decoder_layers=1    avg_loss: 0.000001782328  time_per_window : 0.000133   progress : 0.251
name: input_len=16
training.rollout_steps=8
models.architecture.block_type=cls
training.mode=rollout
models.out_dim=10
models.architecture.n_encoder_layers=1
models.architecture.n_decoder_layers=1    avg_loss: 0.000002369827  time_per_window : 0.000209   progress : 0.262
name: input_len=16
training.rollout_steps=8
models.architecture.block_type=cls
training.mode=rollout
models.out_dim=10
models.architecture.n_encoder_layers=1
models.architecture.n_decoder_layers=1    avg_loss: 0.000002756569  time_per_window : 0.000172   progress : 0.273
name: input_len=16
training.rollout_steps=8
models.architecture.block_type=cls
training.mode=rollout
models.out_dim=10
models.architecture.n_encoder_layers=1
models.architecture.n_decoder_layers=1    avg_loss: 0.000002954148  time_per_window : 0.000240   progress : 0.284
name: input_len=16
training.rollout_steps=8
models.architecture.block_type=cls
training.mode=rollout
models.out_dim=10
models.architecture.n_encoder_layers=1
models.architecture.n_decoder_layers=1    avg_loss: 0.000005491348  time_per_window : 0.000165   progress : 0.295
name: input_len=16
training.rollout_steps=8
models.architecture.block_type=cls
training.mode=rollout
models.out_dim=10
models.architecture.n_encoder_layers=1
models.architecture.n_decoder_layers=1    avg_loss: 0.000004596880  time_per_window : 0.000120   progress : 0.306
name: input_len=16
training.rollout_steps=8
models.architecture.block_type=cls
training.mode=rollout
models.out_dim=10
models.architecture.n_encoder_layers=1
models.architecture.n_decoder_layers=1    avg_loss: 0.000007036706  time_per_window : 0.000138   progress : 0.317
name: input_len=16
training.rollout_steps=8
models.architecture.block_type=cls
training.mode=rollout
models.out_dim=10
models.architecture.n_encoder_layers=1
models.architecture.n_decoder_layers=1    avg_loss: 0.000004438240  time_per_window : 0.000159   progress : 0.328
name: input_len=16
training.rollout_steps=8
models.architecture.block_type=cls
training.mode=rollout
models.out_dim=10
models.architecture.n_encoder_layers=1
models.architecture.n_decoder_layers=1    avg_loss: 0.000006926090  time_per_window : 0.000130   progress : 0.339
name: input_len=16
training.rollout_steps=8
models.architecture.block_type=cls
training.mode=rollout
models.out_dim=10
models.architecture.n_encoder_layers=1
models.architecture.n_decoder_layers=1    avg_loss: 0.000005484822  time_per_window : 0.000153   progress : 0.350
name: input_len=16
training.rollout_steps=8
models.architecture.block_type=cls
training.mode=rollout
models.out_dim=10
models.architecture.n_encoder_layers=1
models.architecture.n_decoder_layers=1    avg_loss: 0.000008871601  time_per_window : 0.000133   progress : 0.360
name: input_len=16
training.rollout_steps=8
models.architecture.block_type=cls
training.mode=rollout
models.out_dim=10
models.architecture.n_encoder_layers=1
models.architecture.n_decoder_layers=1    avg_loss: 0.000007261780  time_per_window : 0.000129   progress : 0.371
name: input_len=16
training.rollout_steps=8
models.architecture.block_type=cls
training.mode=rollout
models.out_dim=10
models.architecture.n_encoder_layers=1
models.architecture.n_decoder_layers=1    avg_loss: 0.000006540341  time_per_window : 0.000211   progress : 0.382
name: input_len=16
training.rollout_steps=8
models.architecture.block_type=cls
training.mode=rollout
models.out_dim=10
models.architecture.n_encoder_layers=1
models.architecture.n_decoder_layers=1    avg_loss: 0.000007307089  time_per_window : 0.000121   progress : 0.393
name: input_len=16
training.rollout_steps=8
models.architecture.block_type=cls
training.mode=rollout
models.out_dim=10
models.architecture.n_encoder_layers=1
models.architecture.n_decoder_layers=1    avg_loss: 0.000006166661  time_per_window : 0.000179   progress : 0.404
name: input_len=16
training.rollout_steps=8
models.architecture.block_type=cls
training.mode=rollout
models.out_dim=10
models.architecture.n_encoder_layers=1
models.architecture.n_decoder_layers=1    avg_loss: 0.000006371060  time_per_window : 0.000157   progress : 0.415
name: input_len=16
training.rollout_steps=8
models.architecture.block_type=cls
training.mode=rollout
models.out_dim=10
models.architecture.n_encoder_layers=1
models.architecture.n_decoder_layers=1    avg_loss: 0.000005857830  time_per_window : 0.000168   progress : 0.426
name: input_len=16
training.rollout_steps=8
models.architecture.block_type=cls
training.mode=rollout
models.out_dim=10
models.architecture.n_encoder_layers=1
models.architecture.n_decoder_layers=1    avg_loss: 0.000009506572  time_per_window : 0.000137   progress : 0.437
name: input_len=16
training.rollout_steps=8
models.architecture.block_type=cls
training.mode=rollout
models.out_dim=10
models.architecture.n_encoder_layers=1
models.architecture.n_decoder_layers=1    avg_loss: 0.000005185473  time_per_window : 0.000172   progress : 0.448
name: input_len=16
training.rollout_steps=8
models.architecture.block_type=cls
training.mode=rollout
models.out_dim=10
models.architecture.n_encoder_layers=1
models.architecture.n_decoder_layers=1    avg_loss: 0.000007510826  time_per_window : 0.000153   progress : 0.459
name: input_len=16
training.rollout_steps=8
models.architecture.block_type=cls
training.mode=rollout
models.out_dim=10
models.architecture.n_encoder_layers=1
models.architecture.n_decoder_layers=1    avg_loss: 0.000006814272  time_per_window : 0.000127   progress : 0.470
name: input_len=16
training.rollout_steps=8
models.architecture.block_type=cls
training.mode=rollout
models.out_dim=10
models.architecture.n_encoder_layers=1
models.architecture.n_decoder_layers=1    avg_loss: 0.000005691377  time_per_window : 0.000129   progress : 0.481
name: input_len=16
training.rollout_steps=8
models.architecture.block_type=cls
training.mode=rollout
models.out_dim=10
models.architecture.n_encoder_layers=1
models.architecture.n_decoder_layers=1    avg_loss: 0.000008189616  time_per_window : 0.000186   progress : 0.492
name: input_len=16
training.rollout_steps=8
models.architecture.block_type=cls
training.mode=rollout
models.out_dim=10
models.architecture.n_encoder_layers=1
models.architecture.n_decoder_layers=1    avg_loss: 0.000006441423  time_per_window : 0.000123   progress : 0.502
name: input_len=16
training.rollout_steps=8
models.architecture.block_type=cls
training.mode=rollout
models.out_dim=10
models.architecture.n_encoder_layers=1
models.architecture.n_decoder_layers=1    avg_loss: 0.000006323804  time_per_window : 0.000158   progress : 0.513
name: input_len=16
training.rollout_steps=8
models.architecture.block_type=cls
training.mode=rollout
models.out_dim=10
models.architecture.n_encoder_layers=1
models.architecture.n_decoder_layers=1    avg_loss: 0.000008005930  time_per_window : 0.000181   progress : 0.524
name: input_len=16
training.rollout_steps=8
models.architecture.block_type=cls
training.mode=rollout
models.out_dim=10
models.architecture.n_encoder_layers=1
models.architecture.n_decoder_layers=1    avg_loss: 0.000005461020  time_per_window : 0.000183   progress : 0.535
name: input_len=16
training.rollout_steps=8
models.architecture.block_type=cls
training.mode=rollout
models.out_dim=10
models.architecture.n_encoder_layers=1
models.architecture.n_decoder_layers=1    avg_loss: 0.000006112462  time_per_window : 0.000153   progress : 0.546
name: input_len=16
training.rollout_steps=8
models.architecture.block_type=cls
training.mode=rollout
models.out_dim=10
models.architecture.n_encoder_layers=1
models.architecture.n_decoder_layers=1    avg_loss: 0.000007645250  time_per_window : 0.000196   progress : 0.557
name: input_len=16
training.rollout_steps=8
models.architecture.block_type=cls
training.mode=rollout
models.out_dim=10
models.architecture.n_encoder_layers=1
models.architecture.n_decoder_layers=1    avg_loss: 0.000004598257  time_per_window : 0.000142   progress : 0.568
name: input_len=16
training.rollout_steps=8
models.architecture.block_type=cls
training.mode=rollout
models.out_dim=10
models.architecture.n_encoder_layers=1
models.architecture.n_decoder_layers=1    avg_loss: 0.000007212434  time_per_window : 0.000144   progress : 0.579
name: input_len=16
training.rollout_steps=8
models.architecture.block_type=cls
training.mode=rollout
models.out_dim=10
models.architecture.n_encoder_layers=1
models.architecture.n_decoder_layers=1    avg_loss: 0.000006404332  time_per_window : 0.000179   progress : 0.590
name: input_len=16
training.rollout_steps=8
models.architecture.block_type=cls
training.mode=rollout
models.out_dim=10
models.architecture.n_encoder_layers=1
models.architecture.n_decoder_layers=1    avg_loss: 0.000006098732  time_per_window : 0.000129   progress : 0.601
name: input_len=16
training.rollout_steps=8
models.architecture.block_type=cls
training.mode=rollout
models.out_dim=10
models.architecture.n_encoder_layers=1
models.architecture.n_decoder_layers=1    avg_loss: 0.000006270344  time_per_window : 0.000153   progress : 0.612
name: input_len=16
training.rollout_steps=8
models.architecture.block_type=cls
training.mode=rollout
models.out_dim=10
models.architecture.n_encoder_layers=1
models.architecture.n_decoder_layers=1    avg_loss: 0.000004812263  time_per_window : 0.000200   progress : 0.623
name: input_len=16
training.rollout_steps=8
models.architecture.block_type=cls
training.mode=rollout
models.out_dim=10
models.architecture.n_encoder_layers=1
models.architecture.n_decoder_layers=1    avg_loss: 0.000005313804  time_per_window : 0.000121   progress : 0.634
name: input_len=16
training.rollout_steps=8
models.architecture.block_type=cls
training.mode=rollout
models.out_dim=10
models.architecture.n_encoder_layers=1
models.architecture.n_decoder_layers=1    avg_loss: 0.000006627212  time_per_window : 0.000188   progress : 0.644
name: input_len=16
training.rollout_steps=8
models.architecture.block_type=cls
training.mode=rollout
models.out_dim=10
models.architecture.n_encoder_layers=1
models.architecture.n_decoder_layers=1    avg_loss: 0.000004780325  time_per_window : 0.000161   progress : 0.655
name: input_len=16
training.rollout_steps=8
models.architecture.block_type=cls
training.mode=rollout
models.out_dim=10
models.architecture.n_encoder_layers=1
models.architecture.n_decoder_layers=1    avg_loss: 0.000005677500  time_per_window : 0.000136   progress : 0.666
name: input_len=16
training.rollout_steps=8
models.architecture.block_type=cls
training.mode=rollout
models.out_dim=10
models.architecture.n_encoder_layers=1
models.architecture.n_decoder_layers=1    avg_loss: 0.000005337900  time_per_window : 0.000205   progress : 0.677/home/jdihardjo/miniconda3/envs/mavenv/lib/python3.11/site-packages/torch/_inductor/cudagraph_trees.py:2622: UserWarning: Unable to hit fast path of CUDAGraphs because outputs from a previous step still require backward. Ensure backward() is invoked or detach outputs. You may also call torch.compiler.cudagraph_mark_step_begin() before each model invocation.
  warnings.warn(
/home/jdihardjo/miniconda3/envs/mavenv/lib/python3.11/site-packages/torch/_inductor/cudagraph_trees.py:2622: UserWarning: Unable to hit fast path of CUDAGraphs because outputs from a previous step still require backward. Ensure backward() is invoked or detach outputs. You may also call torch.compiler.cudagraph_mark_step_begin() before each model invocation.
  warnings.warn(

name: input_len=16
training.rollout_steps=8
models.architecture.block_type=cls
training.mode=rollout
models.out_dim=10
models.architecture.n_encoder_layers=1
models.architecture.n_decoder_layers=1    avg_loss: 0.000005411832  time_per_window : 0.000177   progress : 0.688
name: input_len=16
training.rollout_steps=8
models.architecture.block_type=cls
training.mode=rollout
models.out_dim=10
models.architecture.n_encoder_layers=1
models.architecture.n_decoder_layers=1    avg_loss: 0.000005050483  time_per_window : 0.000186   progress : 0.699
name: input_len=16
training.rollout_steps=8
models.architecture.block_type=cls
training.mode=rollout
models.out_dim=10
models.architecture.n_encoder_layers=1
models.architecture.n_decoder_layers=1    avg_loss: 0.000005198462  time_per_window : 0.000196   progress : 0.710
name: input_len=16
training.rollout_steps=8
models.architecture.block_type=cls
training.mode=rollout
models.out_dim=10
models.architecture.n_encoder_layers=1
models.architecture.n_decoder_layers=1    avg_loss: 0.000005323738  time_per_window : 0.000161   progress : 0.721
name: input_len=16
training.rollout_steps=8
models.architecture.block_type=cls
training.mode=rollout
models.out_dim=10
models.architecture.n_encoder_layers=1
models.architecture.n_decoder_layers=1    avg_loss: 0.000004547552  time_per_window : 0.000185   progress : 0.732
name: input_len=16
training.rollout_steps=8
models.architecture.block_type=cls
training.mode=rollout
models.out_dim=10
models.architecture.n_encoder_layers=1
models.architecture.n_decoder_layers=1    avg_loss: 0.000004894026  time_per_window : 0.000165   progress : 0.743
name: input_len=16
training.rollout_steps=8
models.architecture.block_type=cls
training.mode=rollout
models.out_dim=10
models.architecture.n_encoder_layers=1
models.architecture.n_decoder_layers=1    avg_loss: 0.000005042520  time_per_window : 0.000119   progress : 0.754
name: input_len=16
training.rollout_steps=8
models.architecture.block_type=cls
training.mode=rollout
models.out_dim=10
models.architecture.n_encoder_layers=1
models.architecture.n_decoder_layers=1    avg_loss: 0.000004366110  time_per_window : 0.000187   progress : 0.765
name: input_len=16
training.rollout_steps=8
models.architecture.block_type=cls
training.mode=rollout
models.out_dim=10
models.architecture.n_encoder_layers=1
models.architecture.n_decoder_layers=1    avg_loss: 0.000004789533  time_per_window : 0.000141   progress : 0.775
name: input_len=16
training.rollout_steps=8
models.architecture.block_type=cls
training.mode=rollout
models.out_dim=10
models.architecture.n_encoder_layers=1
models.architecture.n_decoder_layers=1    avg_loss: 0.000004624325  time_per_window : 0.000183   progress : 0.786
name: input_len=16
training.rollout_steps=8
models.architecture.block_type=cls
training.mode=rollout
models.out_dim=10
models.architecture.n_encoder_layers=1
models.architecture.n_decoder_layers=1    avg_loss: 0.000004545203  time_per_window : 0.000136   progress : 0.797
name: input_len=16
training.rollout_steps=8
models.architecture.block_type=cls
training.mode=rollout
models.out_dim=10
models.architecture.n_encoder_layers=1
models.architecture.n_decoder_layers=1    avg_loss: 0.000004298066  time_per_window : 0.000169   progress : 0.808
name: input_len=16
training.rollout_steps=8
models.architecture.block_type=cls
training.mode=rollout
models.out_dim=10
models.architecture.n_encoder_layers=1
models.architecture.n_decoder_layers=1    avg_loss: 0.000004451606  time_per_window : 0.000187   progress : 0.819
name: input_len=16
training.rollout_steps=8
models.architecture.block_type=cls
training.mode=rollout
models.out_dim=10
models.architecture.n_encoder_layers=1
models.architecture.n_decoder_layers=1    avg_loss: 0.000004072067  time_per_window : 0.000160   progress : 0.830
name: input_len=16
training.rollout_steps=8
models.architecture.block_type=cls
training.mode=rollout
models.out_dim=10
models.architecture.n_encoder_layers=1
models.architecture.n_decoder_layers=1    avg_loss: 0.000003242740  time_per_window : 0.000152   progress : 0.841
name: input_len=16
training.rollout_steps=8
models.architecture.block_type=cls
training.mode=rollout
models.out_dim=10
models.architecture.n_encoder_layers=1
models.architecture.n_decoder_layers=1    avg_loss: 0.000005144514  time_per_window : 0.000190   progress : 0.852
name: input_len=16
training.rollout_steps=8
models.architecture.block_type=cls
training.mode=rollout
models.out_dim=10
models.architecture.n_encoder_layers=1
models.architecture.n_decoder_layers=1    avg_loss: 0.000003655410  time_per_window : 0.000136   progress : 0.863
name: input_len=16
training.rollout_steps=8
models.architecture.block_type=cls
training.mode=rollout
models.out_dim=10
models.architecture.n_encoder_layers=1
models.architecture.n_decoder_layers=1    avg_loss: 0.000003594236  time_per_window : 0.000193   progress : 0.874
name: input_len=16
training.rollout_steps=8
models.architecture.block_type=cls
training.mode=rollout
models.out_dim=10
models.architecture.n_encoder_layers=1
models.architecture.n_decoder_layers=1    avg_loss: 0.000004060751  time_per_window : 0.000168   progress : 0.885
name: input_len=16
training.rollout_steps=8
models.architecture.block_type=cls
training.mode=rollout
models.out_dim=10
models.architecture.n_encoder_layers=1
models.architecture.n_decoder_layers=1    avg_loss: 0.000003406171  time_per_window : 0.000148   progress : 0.896
name: input_len=16
training.rollout_steps=8
models.architecture.block_type=cls
training.mode=rollout
models.out_dim=10
models.architecture.n_encoder_layers=1
models.architecture.n_decoder_layers=1    avg_loss: 0.000003307038  time_per_window : 0.000171   progress : 0.907
name: input_len=16
training.rollout_steps=8
models.architecture.block_type=cls
training.mode=rollout
models.out_dim=10
models.architecture.n_encoder_layers=1
models.architecture.n_decoder_layers=1    avg_loss: 0.000003870736  time_per_window : 0.000185   progress : 0.917
name: input_len=16
training.rollout_steps=8
models.architecture.block_type=cls
training.mode=rollout
models.out_dim=10
models.architecture.n_encoder_layers=1
models.architecture.n_decoder_layers=1    avg_loss: 0.000003610591  time_per_window : 0.000126   progress : 0.928
name: input_len=16
training.rollout_steps=8
models.architecture.block_type=cls
training.mode=rollout
models.out_dim=10
models.architecture.n_encoder_layers=1
models.architecture.n_decoder_layers=1    avg_loss: 0.000003223436  time_per_window : 0.000175   progress : 0.939
name: input_len=16
training.rollout_steps=8
models.architecture.block_type=cls
training.mode=rollout
models.out_dim=10
models.architecture.n_encoder_layers=1
models.architecture.n_decoder_layers=1    avg_loss: 0.000003432202  time_per_window : 0.000170   progress : 0.950
name: input_len=16
training.rollout_steps=8
models.architecture.block_type=cls
training.mode=rollout
models.out_dim=10
models.architecture.n_encoder_layers=1
models.architecture.n_decoder_layers=1    avg_loss: 0.000003354143  time_per_window : 0.000178   progress : 0.961
name: input_len=16
training.rollout_steps=8
models.architecture.block_type=cls
training.mode=rollout
models.out_dim=10
models.architecture.n_encoder_layers=1
models.architecture.n_decoder_layers=1    avg_loss: 0.000003185152  time_per_window : 0.000157   progress : 0.972
name: input_len=16
training.rollout_steps=8
models.architecture.block_type=cls
training.mode=rollout
models.out_dim=10
models.architecture.n_encoder_layers=1
models.architecture.n_decoder_layers=1    avg_loss: 0.000003452605  time_per_window : 0.000139   progress : 0.983
name: input_len=16
training.rollout_steps=8
models.architecture.block_type=cls
training.mode=rollout
models.out_dim=10
models.architecture.n_encoder_layers=1
models.architecture.n_decoder_layers=1    avg_loss: 0.000003074442  time_per_window : 0.000116   progress : 0.994
name: input_len=16
training.rollout_steps=8
models.architecture.block_type=cls
training.mode=rollout
models.out_dim=10
models.architecture.n_encoder_layers=1
models.architecture.n_decoder_layers=1    avg_loss: 0.000018130935  time_per_window : 0.000184   progress : 0.011
name: input_len=16
training.rollout_steps=8
models.architecture.block_type=cls
training.mode=rollout
models.out_dim=10
models.architecture.n_encoder_layers=1
models.architecture.n_decoder_layers=1    avg_loss: 0.000000905280  time_per_window : 0.000173   progress : 0.022
name: input_len=16
training.rollout_steps=8
models.architecture.block_type=cls
training.mode=rollout
models.out_dim=10
models.architecture.n_encoder_layers=1
models.architecture.n_decoder_layers=1    avg_loss: 0.000002014798  time_per_window : 0.000133   progress : 0.033
name: input_len=16
training.rollout_steps=8
models.architecture.block_type=cls
training.mode=rollout
models.out_dim=10
models.architecture.n_encoder_layers=1
models.architecture.n_decoder_layers=1    avg_loss: 0.000002242514  time_per_window : 0.000204   progress : 0.044
name: input_len=16
training.rollout_steps=8
models.architecture.block_type=cls
training.mode=rollout
models.out_dim=10
models.architecture.n_encoder_layers=1
models.architecture.n_decoder_layers=1    avg_loss: 0.000002447767  time_per_window : 0.000142   progress : 0.055
name: input_len=16
training.rollout_steps=8
models.architecture.block_type=cls
training.mode=rollout
models.out_dim=10
models.architecture.n_encoder_layers=1
models.architecture.n_decoder_layers=1    avg_loss: 0.000002667605  time_per_window : 0.000163   progress : 0.066
name: input_len=16
training.rollout_steps=8
models.architecture.block_type=cls
training.mode=rollout
models.out_dim=10
models.architecture.n_encoder_layers=1
models.architecture.n_decoder_layers=1    avg_loss: 0.000002636951  time_per_window : 0.000204   progress : 0.076
name: input_len=16
training.rollout_steps=8
models.architecture.block_type=cls
training.mode=rollout
models.out_dim=10
models.architecture.n_encoder_layers=1
models.architecture.n_decoder_layers=1    avg_loss: 0.000002659692  time_per_window : 0.000151   progress : 0.087
name: input_len=16
training.rollout_steps=8
models.architecture.block_type=cls
training.mode=rollout
models.out_dim=10
models.architecture.n_encoder_layers=1
models.architecture.n_decoder_layers=1    avg_loss: 0.000002543129  time_per_window : 0.000177   progress : 0.098
name: input_len=16
training.rollout_steps=8
models.architecture.block_type=cls
training.mode=rollout
models.out_dim=10
models.architecture.n_encoder_layers=1
models.architecture.n_decoder_layers=1    avg_loss: 0.000002776296  time_per_window : 0.000202   progress : 0.109
name: input_len=16
training.rollout_steps=8
models.architecture.block_type=cls
training.mode=rollout
models.out_dim=10
models.architecture.n_encoder_layers=1
models.architecture.n_decoder_layers=1    avg_loss: 0.000002608665  time_per_window : 0.000165   progress : 0.120
name: input_len=16
training.rollout_steps=8
models.architecture.block_type=cls
training.mode=rollout
models.out_dim=10
models.architecture.n_encoder_layers=1
models.architecture.n_decoder_layers=1    avg_loss: 0.000002445996  time_per_window : 0.000200   progress : 0.131
name: input_len=16
training.rollout_steps=8
models.architecture.block_type=cls
training.mode=rollout
models.out_dim=10
models.architecture.n_encoder_layers=1
models.architecture.n_decoder_layers=1    avg_loss: 0.000002675131  time_per_window : 0.000220   progress : 0.142
name: input_len=16
training.rollout_steps=8
models.architecture.block_type=cls
training.mode=rollout
models.out_dim=10
models.architecture.n_encoder_layers=1
models.architecture.n_decoder_layers=1    avg_loss: 0.000002236755  time_per_window : 0.000127   progress : 0.153
name: input_len=16
training.rollout_steps=8
models.architecture.block_type=cls
training.mode=rollout
models.out_dim=10
models.architecture.n_encoder_layers=1
models.architecture.n_decoder_layers=1    avg_loss: 0.000002382347  time_per_window : 0.000202   progress : 0.164
name: input_len=16
training.rollout_steps=8
models.architecture.block_type=cls
training.mode=rollout
models.out_dim=10
models.architecture.n_encoder_layers=1
models.architecture.n_decoder_layers=1    avg_loss: 0.000002766308  time_per_window : 0.000142   progress : 0.175
name: input_len=16
training.rollout_steps=8
models.architecture.block_type=cls
training.mode=rollout
models.out_dim=10
models.architecture.n_encoder_layers=1
models.architecture.n_decoder_layers=1    avg_loss: 0.000001895867  time_per_window : 0.000183   progress : 0.186
name: input_len=16
training.rollout_steps=8
models.architecture.block_type=cls
training.mode=rollout
models.out_dim=10
models.architecture.n_encoder_layers=1
models.architecture.n_decoder_layers=1    avg_loss: 0.000002518476  time_per_window : 0.000168   progress : 0.197
name: input_len=16
training.rollout_steps=8
models.architecture.block_type=cls
training.mode=rollout
models.out_dim=10
models.architecture.n_encoder_layers=1
models.architecture.n_decoder_layers=1    avg_loss: 0.000002547103  time_per_window : 0.000153   progress : 0.208
name: input_len=16
training.rollout_steps=8
models.architecture.block_type=cls
training.mode=rollout
models.out_dim=10
models.architecture.n_encoder_layers=1
models.architecture.n_decoder_layers=1    avg_loss: 0.000002619844  time_per_window : 0.000194   progress : 0.218
name: input_len=16
training.rollout_steps=8
models.architecture.block_type=cls
training.mode=rollout
models.out_dim=10
models.architecture.n_encoder_layers=1
models.architecture.n_decoder_layers=1    avg_loss: 0.000002016126  time_per_window : 0.000178   progress : 0.229
name: input_len=16
training.rollout_steps=8
models.architecture.block_type=cls
training.mode=rollout
models.out_dim=10
models.architecture.n_encoder_layers=1
models.architecture.n_decoder_layers=1    avg_loss: 0.000002078094  time_per_window : 0.000244   progress : 0.240
name: input_len=16
training.rollout_steps=8
models.architecture.block_type=cls
training.mode=rollout
models.out_dim=10
models.architecture.n_encoder_layers=1
models.architecture.n_decoder_layers=1    avg_loss: 0.000002178643  time_per_window : 0.000166   progress : 0.251
name: input_len=16
training.rollout_steps=8
models.architecture.block_type=cls
training.mode=rollout
models.out_dim=10
models.architecture.n_encoder_layers=1
models.architecture.n_decoder_layers=1    avg_loss: 0.000001969232  time_per_window : 0.000227   progress : 0.262
name: input_len=16
training.rollout_steps=8
models.architecture.block_type=cls
training.mode=rollout
models.out_dim=10
models.architecture.n_encoder_layers=1
models.architecture.n_decoder_layers=1    avg_loss: 0.000002197094  time_per_window : 0.000160   progress : 0.273
name: input_len=16
training.rollout_steps=8
models.architecture.block_type=cls
training.mode=rollout
models.out_dim=10
models.architecture.n_encoder_layers=1
models.architecture.n_decoder_layers=1    avg_loss: 0.000002014239  time_per_window : 0.000233   progress : 0.284
name: input_len=16
training.rollout_steps=8
models.architecture.block_type=cls
training.mode=rollout
models.out_dim=10
models.architecture.n_encoder_layers=1
models.architecture.n_decoder_layers=1    avg_loss: 0.000002150170  time_per_window : 0.000198   progress : 0.295
name: input_len=16
training.rollout_steps=8
models.architecture.block_type=cls
training.mode=rollout
models.out_dim=10
models.architecture.n_encoder_layers=1
models.architecture.n_decoder_layers=1    avg_loss: 0.000002177990  time_per_window : 0.000111   progress : 0.306
name: input_len=16
training.rollout_steps=8
models.architecture.block_type=cls
training.mode=rollout
models.out_dim=10
models.architecture.n_encoder_layers=1
models.architecture.n_decoder_layers=1    avg_loss: 0.000001645757  time_per_window : 0.000190   progress : 0.317
name: input_len=16
training.rollout_steps=8
models.architecture.block_type=cls
training.mode=rollout
models.out_dim=10
models.architecture.n_encoder_layers=1
models.architecture.n_decoder_layers=1    avg_loss: 0.000002154250  time_per_window : 0.000130   progress : 0.328
name: input_len=16
training.rollout_steps=8
models.architecture.block_type=cls
training.mode=rollout
models.out_dim=10
models.architecture.n_encoder_layers=1
models.architecture.n_decoder_layers=1    avg_loss: 0.000001700382  time_per_window : 0.000176   progress : 0.339
name: input_len=16
training.rollout_steps=8
models.architecture.block_type=cls
training.mode=rollout
models.out_dim=10
models.architecture.n_encoder_layers=1
models.architecture.n_decoder_layers=1    avg_loss: 0.000001777636  time_per_window : 0.000220   progress : 0.350
name: input_len=16
training.rollout_steps=8
models.architecture.block_type=cls
training.mode=rollout
models.out_dim=10
models.architecture.n_encoder_layers=1
models.architecture.n_decoder_layers=1    avg_loss: 0.000001937912  time_per_window : 0.000152   progress : 0.360
name: input_len=16
training.rollout_steps=8
models.architecture.block_type=cls
training.mode=rollout
models.out_dim=10
models.architecture.n_encoder_layers=1
models.architecture.n_decoder_layers=1    avg_loss: 0.000001819166  time_per_window : 0.000149   progress : 0.371
name: input_len=16
training.rollout_steps=8
models.architecture.block_type=cls
training.mode=rollout
models.out_dim=10
models.architecture.n_encoder_layers=1
models.architecture.n_decoder_layers=1    avg_loss: 0.000001582037  time_per_window : 0.000184   progress : 0.382
name: input_len=16
training.rollout_steps=8
models.architecture.block_type=cls
training.mode=rollout
models.out_dim=10
models.architecture.n_encoder_layers=1
models.architecture.n_decoder_layers=1    avg_loss: 0.000001706283  time_per_window : 0.000167   progress : 0.393
name: input_len=16
training.rollout_steps=8
models.architecture.block_type=cls
training.mode=rollout
models.out_dim=10
models.architecture.n_encoder_layers=1
models.architecture.n_decoder_layers=1    avg_loss: 0.000002425206  time_per_window : 0.000178   progress : 0.404
name: input_len=16
training.rollout_steps=8
models.architecture.block_type=cls
training.mode=rollout
models.out_dim=10
models.architecture.n_encoder_layers=1
models.architecture.n_decoder_layers=1    avg_loss: 0.000001387833  time_per_window : 0.000180   progress : 0.415
name: input_len=16
training.rollout_steps=8
models.architecture.block_type=cls
training.mode=rollout
models.out_dim=10
models.architecture.n_encoder_layers=1
models.architecture.n_decoder_layers=1    avg_loss: 0.000001508807  time_per_window : 0.000248   progress : 0.426
name: input_len=16
training.rollout_steps=8
models.architecture.block_type=cls
training.mode=rollout
models.out_dim=10
models.architecture.n_encoder_layers=1
models.architecture.n_decoder_layers=1    avg_loss: 0.000001594291  time_per_window : 0.000112   progress : 0.437
name: input_len=16
training.rollout_steps=8
models.architecture.block_type=cls
training.mode=rollout
models.out_dim=10
models.architecture.n_encoder_layers=1
models.architecture.n_decoder_layers=1    avg_loss: 0.000001638246  time_per_window : 0.000161   progress : 0.448
name: input_len=16
training.rollout_steps=8
models.architecture.block_type=cls
training.mode=rollout
models.out_dim=10
models.architecture.n_encoder_layers=1
models.architecture.n_decoder_layers=1    avg_loss: 0.000001784859  time_per_window : 0.000129   progress : 0.459
name: input_len=16
training.rollout_steps=8
models.architecture.block_type=cls
training.mode=rollout
models.out_dim=10
models.architecture.n_encoder_layers=1
models.architecture.n_decoder_layers=1    avg_loss: 0.000001512328  time_per_window : 0.000181   progress : 0.470
name: input_len=16
training.rollout_steps=8
models.architecture.block_type=cls
training.mode=rollout
models.out_dim=10
models.architecture.n_encoder_layers=1
models.architecture.n_decoder_layers=1    avg_loss: 0.000001351305  time_per_window : 0.000192   progress : 0.481
name: input_len=16
training.rollout_steps=8
models.architecture.block_type=cls
training.mode=rollout
models.out_dim=10
models.architecture.n_encoder_layers=1
models.architecture.n_decoder_layers=1    avg_loss: 0.000001442879  time_per_window : 0.000177   progress : 0.492
name: input_len=16
training.rollout_steps=8
models.architecture.block_type=cls
training.mode=rollout
models.out_dim=10
models.architecture.n_encoder_layers=1
models.architecture.n_decoder_layers=1    avg_loss: 0.000001584579  time_per_window : 0.000190   progress : 0.502
name: input_len=16
training.rollout_steps=8
models.architecture.block_type=cls
training.mode=rollout
models.out_dim=10
models.architecture.n_encoder_layers=1
models.architecture.n_decoder_layers=1    avg_loss: 0.000001570248  time_per_window : 0.000148   progress : 0.513
name: input_len=16
training.rollout_steps=8
models.architecture.block_type=cls
training.mode=rollout
models.out_dim=10
models.architecture.n_encoder_layers=1
models.architecture.n_decoder_layers=1    avg_loss: 0.000001333294  time_per_window : 0.000213   progress : 0.524
name: input_len=16
training.rollout_steps=8
models.architecture.block_type=cls
training.mode=rollout
models.out_dim=10
models.architecture.n_encoder_layers=1
models.architecture.n_decoder_layers=1    avg_loss: 0.000001560368  time_per_window : 0.000124   progress : 0.535
name: input_len=16
training.rollout_steps=8
models.architecture.block_type=cls
training.mode=rollout
models.out_dim=10
models.architecture.n_encoder_layers=1
models.architecture.n_decoder_layers=1    avg_loss: 0.000001501283  time_per_window : 0.000201   progress : 0.546
name: input_len=16
training.rollout_steps=8
models.architecture.block_type=cls
training.mode=rollout
models.out_dim=10
models.architecture.n_encoder_layers=1
models.architecture.n_decoder_layers=1    avg_loss: 0.000001313876  time_per_window : 0.000234   progress : 0.557
name: input_len=16
training.rollout_steps=8
models.architecture.block_type=cls
training.mode=rollout
models.out_dim=10
models.architecture.n_encoder_layers=1
models.architecture.n_decoder_layers=1    avg_loss: 0.000001370289  time_per_window : 0.000141   progress : 0.568
name: input_len=16
training.rollout_steps=8
models.architecture.block_type=cls
training.mode=rollout
models.out_dim=10
models.architecture.n_encoder_layers=1
models.architecture.n_decoder_layers=1    avg_loss: 0.000001183051  time_per_window : 0.000153   progress : 0.579
name: input_len=16
training.rollout_steps=8
models.architecture.block_type=cls
training.mode=rollout
models.out_dim=10
models.architecture.n_encoder_layers=1
models.architecture.n_decoder_layers=1    avg_loss: 0.000001313469  time_per_window : 0.000168   progress : 0.590
name: input_len=16
training.rollout_steps=8
models.architecture.block_type=cls
training.mode=rollout
models.out_dim=10
models.architecture.n_encoder_layers=1
models.architecture.n_decoder_layers=1    avg_loss: 0.000001233833  time_per_window : 0.000229   progress : 0.601
name: input_len=16
training.rollout_steps=8
models.architecture.block_type=cls
training.mode=rollout
models.out_dim=10
models.architecture.n_encoder_layers=1
models.architecture.n_decoder_layers=1    avg_loss: 0.000001451030  time_per_window : 0.000153   progress : 0.612
name: input_len=16
training.rollout_steps=8
models.architecture.block_type=cls
training.mode=rollout
models.out_dim=10
models.architecture.n_encoder_layers=1
models.architecture.n_decoder_layers=1    avg_loss: 0.000001127984  time_per_window : 0.000197   progress : 0.623
name: input_len=16
training.rollout_steps=8
models.architecture.block_type=cls
training.mode=rollout
models.out_dim=10
models.architecture.n_encoder_layers=1
models.architecture.n_decoder_layers=1    avg_loss: 0.000001295044  time_per_window : 0.000131   progress : 0.634
name: input_len=16
training.rollout_steps=8
models.architecture.block_type=cls
training.mode=rollout
models.out_dim=10
models.architecture.n_encoder_layers=1
models.architecture.n_decoder_layers=1    avg_loss: 0.000001209377  time_per_window : 0.000144   progress : 0.644
name: input_len=16
training.rollout_steps=8
models.architecture.block_type=cls
training.mode=rollout
models.out_dim=10
models.architecture.n_encoder_layers=1
models.architecture.n_decoder_layers=1    avg_loss: 0.000001341304  time_per_window : 0.000185   progress : 0.655
name: input_len=16
training.rollout_steps=8
models.architecture.block_type=cls
training.mode=rollout
models.out_dim=10
models.architecture.n_encoder_layers=1
models.architecture.n_decoder_layers=1    avg_loss: 0.000001050146  time_per_window : 0.000196   progress : 0.666
name: input_len=16
training.rollout_steps=8
models.architecture.block_type=cls
training.mode=rollout
models.out_dim=10
models.architecture.n_encoder_layers=1
models.architecture.n_decoder_layers=1    avg_loss: 0.000001152979  time_per_window : 0.000145   progress : 0.677
name: input_len=16
training.rollout_steps=8
models.architecture.block_type=cls
training.mode=rollout
models.out_dim=10
models.architecture.n_encoder_layers=1
models.architecture.n_decoder_layers=1    avg_loss: 0.000001335500  time_per_window : 0.000153   progress : 0.688
name: input_len=16
training.rollout_steps=8
models.architecture.block_type=cls
training.mode=rollout
models.out_dim=10
models.architecture.n_encoder_layers=1
models.architecture.n_decoder_layers=1    avg_loss: 0.000001196320  time_per_window : 0.000188   progress : 0.699
name: input_len=16
training.rollout_steps=8
models.architecture.block_type=cls
training.mode=rollout
models.out_dim=10
models.architecture.n_encoder_layers=1
models.architecture.n_decoder_layers=1    avg_loss: 0.000000982920  time_per_window : 0.000169   progress : 0.710
name: input_len=16
training.rollout_steps=8
models.architecture.block_type=cls
training.mode=rollout
models.out_dim=10
models.architecture.n_encoder_layers=1
models.architecture.n_decoder_layers=1    avg_loss: 0.000001090355  time_per_window : 0.000195   progress : 0.721
name: input_len=16
training.rollout_steps=8
models.architecture.block_type=cls
training.mode=rollout
models.out_dim=10
models.architecture.n_encoder_layers=1
models.architecture.n_decoder_layers=1    avg_loss: 0.000001062564  time_per_window : 0.000167   progress : 0.732
name: input_len=16
training.rollout_steps=8
models.architecture.block_type=cls
training.mode=rollout
models.out_dim=10
models.architecture.n_encoder_layers=1
models.architecture.n_decoder_layers=1    avg_loss: 0.000001014241  time_per_window : 0.000160   progress : 0.743
name: input_len=16
training.rollout_steps=8
models.architecture.block_type=cls
training.mode=rollout
models.out_dim=10
models.architecture.n_encoder_layers=1
models.architecture.n_decoder_layers=1    avg_loss: 0.000000990793  time_per_window : 0.000203   progress : 0.754
name: input_len=16
training.rollout_steps=8
models.architecture.block_type=cls
training.mode=rollout
models.out_dim=10
models.architecture.n_encoder_layers=1
models.architecture.n_decoder_layers=1    avg_loss: 0.000001304816  time_per_window : 0.000179   progress : 0.765
name: input_len=16
training.rollout_steps=8
models.architecture.block_type=cls
training.mode=rollout
models.out_dim=10
models.architecture.n_encoder_layers=1
models.architecture.n_decoder_layers=1    avg_loss: 0.000000896170  time_per_window : 0.000175   progress : 0.775
name: input_len=16
training.rollout_steps=8
models.architecture.block_type=cls
training.mode=rollout
models.out_dim=10
models.architecture.n_encoder_layers=1
models.architecture.n_decoder_layers=1    avg_loss: 0.000001036861  time_per_window : 0.000153   progress : 0.786
name: input_len=16
training.rollout_steps=8
models.architecture.block_type=cls
training.mode=rollout
models.out_dim=10
models.architecture.n_encoder_layers=1
models.architecture.n_decoder_layers=1    avg_loss: 0.000000971984  time_per_window : 0.000200   progress : 0.797
name: input_len=16
training.rollout_steps=8
models.architecture.block_type=cls
training.mode=rollout
models.out_dim=10
models.architecture.n_encoder_layers=1
models.architecture.n_decoder_layers=1    avg_loss: 0.000001559437  time_per_window : 0.000203   progress : 0.808
name: input_len=16
training.rollout_steps=8
models.architecture.block_type=cls
training.mode=rollout
models.out_dim=10
models.architecture.n_encoder_layers=1
models.architecture.n_decoder_layers=1    avg_loss: 0.000000705341  time_per_window : 0.000157   progress : 0.819
name: input_len=16
training.rollout_steps=8
models.architecture.block_type=cls
training.mode=rollout
models.out_dim=10
models.architecture.n_encoder_layers=1
models.architecture.n_decoder_layers=1    avg_loss: 0.000000738197  time_per_window : 0.000156   progress : 0.830
name: input_len=16
training.rollout_steps=8
models.architecture.block_type=cls
training.mode=rollout
models.out_dim=10
models.architecture.n_encoder_layers=1
models.architecture.n_decoder_layers=1    avg_loss: 0.000001035436  time_per_window : 0.000211   progress : 0.841
name: input_len=16
training.rollout_steps=8
models.architecture.block_type=cls
training.mode=rollout
models.out_dim=10
models.architecture.n_encoder_layers=1
models.architecture.n_decoder_layers=1    avg_loss: 0.000000780903  time_per_window : 0.000192   progress : 0.852
name: input_len=16
training.rollout_steps=8
models.architecture.block_type=cls
training.mode=rollout
models.out_dim=10
models.architecture.n_encoder_layers=1
models.architecture.n_decoder_layers=1    avg_loss: 0.000000999609  time_per_window : 0.000218   progress : 0.863
name: input_len=16
training.rollout_steps=8
models.architecture.block_type=cls
training.mode=rollout
models.out_dim=10
models.architecture.n_encoder_layers=1
models.architecture.n_decoder_layers=1    avg_loss: 0.000000867017  time_per_window : 0.000138   progress : 0.874
name: input_len=16
training.rollout_steps=8
models.architecture.block_type=cls
training.mode=rollout
models.out_dim=10
models.architecture.n_encoder_layers=1
models.architecture.n_decoder_layers=1    avg_loss: 0.000000978866  time_per_window : 0.000168   progress : 0.885
name: input_len=16
training.rollout_steps=8
models.architecture.block_type=cls
training.mode=rollout
models.out_dim=10
models.architecture.n_encoder_layers=1
models.architecture.n_decoder_layers=1    avg_loss: 0.000000875684  time_per_window : 0.000177   progress : 0.896
name: input_len=16
training.rollout_steps=8
models.architecture.block_type=cls
training.mode=rollout
models.out_dim=10
models.architecture.n_encoder_layers=1
models.architecture.n_decoder_layers=1    avg_loss: 0.000000824311  time_per_window : 0.000217   progress : 0.907
name: input_len=16
training.rollout_steps=8
models.architecture.block_type=cls
training.mode=rollout
models.out_dim=10
models.architecture.n_encoder_layers=1
models.architecture.n_decoder_layers=1    avg_loss: 0.000000874927  time_per_window : 0.000149   progress : 0.917
name: input_len=16
training.rollout_steps=8
models.architecture.block_type=cls
training.mode=rollout
models.out_dim=10
models.architecture.n_encoder_layers=1
models.architecture.n_decoder_layers=1    avg_loss: 0.000000955135  time_per_window : 0.000190   progress : 0.928
name: input_len=16
training.rollout_steps=8
models.architecture.block_type=cls
training.mode=rollout
models.out_dim=10
models.architecture.n_encoder_layers=1
models.architecture.n_decoder_layers=1    avg_loss: 0.000000772170  time_per_window : 0.000198   progress : 0.939
name: input_len=16
training.rollout_steps=8
models.architecture.block_type=cls
training.mode=rollout
models.out_dim=10
models.architecture.n_encoder_layers=1
models.architecture.n_decoder_layers=1    avg_loss: 0.000000854554  time_per_window : 0.000142   progress : 0.950
name: input_len=16
training.rollout_steps=8
models.architecture.block_type=cls
training.mode=rollout
models.out_dim=10
models.architecture.n_encoder_layers=1
models.architecture.n_decoder_layers=1    avg_loss: 0.000000863617  time_per_window : 0.000176   progress : 0.961
name: input_len=16
training.rollout_steps=8
models.architecture.block_type=cls
training.mode=rollout
models.out_dim=10
models.architecture.n_encoder_layers=1
models.architecture.n_decoder_layers=1    avg_loss: 0.000000707798  time_per_window : 0.000220   progress : 0.972
name: input_len=16
training.rollout_steps=8
models.architecture.block_type=cls
training.mode=rollout
models.out_dim=10
models.architecture.n_encoder_layers=1
models.architecture.n_decoder_layers=1    avg_loss: 0.000000811890  time_per_window : 0.000216   progress : 0.983
name: input_len=16
training.rollout_steps=8
models.architecture.block_type=cls
training.mode=rollout
models.out_dim=10
models.architecture.n_encoder_layers=1
models.architecture.n_decoder_layers=1    avg_loss: 0.000000791187  time_per_window : 0.000153   progress : 0.994
name: input_len=16
training.rollout_steps=8
models.architecture.block_type=cls
training.mode=rollout
models.out_dim=10
models.architecture.n_encoder_layers=1
models.architecture.n_decoder_layers=1    avg_loss: 0.000321511499  time_per_window : 0.000177   progress : 0.011
name: input_len=16
training.rollout_steps=8
models.architecture.block_type=cls
training.mode=rollout
models.out_dim=10
models.architecture.n_encoder_layers=1
models.architecture.n_decoder_layers=1    avg_loss: 0.000000393352  time_per_window : 0.000201   progress : 0.022
name: input_len=16
training.rollout_steps=8
models.architecture.block_type=cls
training.mode=rollout
models.out_dim=10
models.architecture.n_encoder_layers=1
models.architecture.n_decoder_layers=1    avg_loss: 0.000000365897  time_per_window : 0.000134   progress : 0.033
name: input_len=16
training.rollout_steps=8
models.architecture.block_type=cls
training.mode=rollout
models.out_dim=10
models.architecture.n_encoder_layers=1
models.architecture.n_decoder_layers=1    avg_loss: 0.000000345351  time_per_window : 0.000222   progress : 0.044
name: input_len=16
training.rollout_steps=8
models.architecture.block_type=cls
training.mode=rollout
models.out_dim=10
models.architecture.n_encoder_layers=1
models.architecture.n_decoder_layers=1    avg_loss: 0.000000336769  time_per_window : 0.000204   progress : 0.055
name: input_len=16
training.rollout_steps=8
models.architecture.block_type=cls
training.mode=rollout
models.out_dim=10
models.architecture.n_encoder_layers=1
models.architecture.n_decoder_layers=1    avg_loss: 0.000000295929  time_per_window : 0.000180   progress : 0.066
name: input_len=16
training.rollout_steps=8
models.architecture.block_type=cls
training.mode=rollout
models.out_dim=10
models.architecture.n_encoder_layers=1
models.architecture.n_decoder_layers=1    avg_loss: 0.000000316433  time_per_window : 0.000169   progress : 0.076
name: input_len=16
training.rollout_steps=8
models.architecture.block_type=cls
training.mode=rollout
models.out_dim=10
models.architecture.n_encoder_layers=1
models.architecture.n_decoder_layers=1    avg_loss: 0.000000315199  time_per_window : 0.000158   progress : 0.087
name: input_len=16
training.rollout_steps=8
models.architecture.block_type=cls
training.mode=rollout
models.out_dim=10
models.architecture.n_encoder_layers=1
models.architecture.n_decoder_layers=1    avg_loss: 0.000000337993  time_per_window : 0.000214   progress : 0.098
name: input_len=16
training.rollout_steps=8
models.architecture.block_type=cls
training.mode=rollout
models.out_dim=10
models.architecture.n_encoder_layers=1
models.architecture.n_decoder_layers=1    avg_loss: 0.000000317534  time_per_window : 0.000228   progress : 0.109
name: input_len=16
training.rollout_steps=8
models.architecture.block_type=cls
training.mode=rollout
models.out_dim=10
models.architecture.n_encoder_layers=1
models.architecture.n_decoder_layers=1    avg_loss: 0.000000343976  time_per_window : 0.000184   progress : 0.120
name: input_len=16
training.rollout_steps=8
models.architecture.block_type=cls
training.mode=rollout
models.out_dim=10
models.architecture.n_encoder_layers=1
models.architecture.n_decoder_layers=1    avg_loss: 0.000000360274  time_per_window : 0.000202   progress : 0.131
name: input_len=16
training.rollout_steps=8
models.architecture.block_type=cls
training.mode=rollout
models.out_dim=10
models.architecture.n_encoder_layers=1
models.architecture.n_decoder_layers=1    avg_loss: 0.000000407186  time_per_window : 0.000198   progress : 0.142
name: input_len=16
training.rollout_steps=8
models.architecture.block_type=cls
training.mode=rollout
models.out_dim=10
models.architecture.n_encoder_layers=1
models.architecture.n_decoder_layers=1    avg_loss: 0.000000499293  time_per_window : 0.000200   progress : 0.153
name: input_len=16
training.rollout_steps=8
models.architecture.block_type=cls
training.mode=rollout
models.out_dim=10
models.architecture.n_encoder_layers=1
models.architecture.n_decoder_layers=1    avg_loss: 0.000000918627  time_per_window : 0.000148   progress : 0.164
name: input_len=16
training.rollout_steps=8
models.architecture.block_type=cls
training.mode=rollout
models.out_dim=10
models.architecture.n_encoder_layers=1
models.architecture.n_decoder_layers=1    avg_loss: 0.000000705848  time_per_window : 0.000181   progress : 0.175
name: input_len=16
training.rollout_steps=8
models.architecture.block_type=cls
training.mode=rollout
models.out_dim=10
models.architecture.n_encoder_layers=1
models.architecture.n_decoder_layers=1    avg_loss: 0.000000487281  time_per_window : 0.000181   progress : 0.186
name: input_len=16
training.rollout_steps=8
models.architecture.block_type=cls
training.mode=rollout
models.out_dim=10
models.architecture.n_encoder_layers=1
models.architecture.n_decoder_layers=1    avg_loss: 0.000000995820  time_per_window : 0.000178   progress : 0.197
name: input_len=16
training.rollout_steps=8
models.architecture.block_type=cls
training.mode=rollout
models.out_dim=10
models.architecture.n_encoder_layers=1
models.architecture.n_decoder_layers=1    avg_loss: 0.000001711309  time_per_window : 0.000179   progress : 0.208
name: input_len=16
training.rollout_steps=8
models.architecture.block_type=cls
training.mode=rollout
models.out_dim=10
models.architecture.n_encoder_layers=1
models.architecture.n_decoder_layers=1    avg_loss: 0.000000602314  time_per_window : 0.000169   progress : 0.218
name: input_len=16
training.rollout_steps=8
models.architecture.block_type=cls
training.mode=rollout
models.out_dim=10
models.architecture.n_encoder_layers=1
models.architecture.n_decoder_layers=1    avg_loss: 0.000001636460  time_per_window : 0.000184   progress : 0.229
name: input_len=16
training.rollout_steps=8
models.architecture.block_type=cls
training.mode=rollout
models.out_dim=10
models.architecture.n_encoder_layers=1
models.architecture.n_decoder_layers=1    avg_loss: 0.000000779650  time_per_window : 0.000188   progress : 0.240
name: input_len=16
training.rollout_steps=8
models.architecture.block_type=cls
training.mode=rollout
models.out_dim=10
models.architecture.n_encoder_layers=1
models.architecture.n_decoder_layers=1    avg_loss: 0.000001050018  time_per_window : 0.000145   progress : 0.251
name: input_len=16
training.rollout_steps=8
models.architecture.block_type=cls
training.mode=rollout
models.out_dim=10
models.architecture.n_encoder_layers=1
models.architecture.n_decoder_layers=1    avg_loss: 0.000001216536  time_per_window : 0.000164   progress : 0.262
name: input_len=16
training.rollout_steps=8
models.architecture.block_type=cls
training.mode=rollout
models.out_dim=10
models.architecture.n_encoder_layers=1
models.architecture.n_decoder_layers=1    avg_loss: 0.000001987918  time_per_window : 0.000202   progress : 0.273
name: input_len=16
training.rollout_steps=8
models.architecture.block_type=cls
training.mode=rollout
models.out_dim=10
models.architecture.n_encoder_layers=1
models.architecture.n_decoder_layers=1    avg_loss: 0.000000722649  time_per_window : 0.000255   progress : 0.284
name: input_len=16
training.rollout_steps=8
models.architecture.block_type=cls
training.mode=rollout
models.out_dim=10
models.architecture.n_encoder_layers=1
models.architecture.n_decoder_layers=1    avg_loss: 0.000000868919  time_per_window : 0.000188   progress : 0.295
name: input_len=16
training.rollout_steps=8
models.architecture.block_type=cls
training.mode=rollout
models.out_dim=10
models.architecture.n_encoder_layers=1
models.architecture.n_decoder_layers=1    avg_loss: 0.000001331328  time_per_window : 0.000194   progress : 0.306
name: input_len=16
training.rollout_steps=8
models.architecture.block_type=cls
training.mode=rollout
models.out_dim=10
models.architecture.n_encoder_layers=1
models.architecture.n_decoder_layers=1    avg_loss: 0.000001746763  time_per_window : 0.000222   progress : 0.317
name: input_len=16
training.rollout_steps=8
models.architecture.block_type=cls
training.mode=rollout
models.out_dim=10
models.architecture.n_encoder_layers=1
models.architecture.n_decoder_layers=1    avg_loss: 0.000001752008  time_per_window : 0.000185   progress : 0.328
name: input_len=16
training.rollout_steps=8
models.architecture.block_type=cls
training.mode=rollout
models.out_dim=10
models.architecture.n_encoder_layers=1
models.architecture.n_decoder_layers=1    avg_loss: 0.000001271670  time_per_window : 0.000167   progress : 0.339
name: input_len=16
training.rollout_steps=8
models.architecture.block_type=cls
training.mode=rollout
models.out_dim=10
models.architecture.n_encoder_layers=1
models.architecture.n_decoder_layers=1    avg_loss: 0.000001007639  time_per_window : 0.000175   progress : 0.350
name: input_len=16
training.rollout_steps=8
models.architecture.block_type=cls
training.mode=rollout
models.out_dim=10
models.architecture.n_encoder_layers=1
models.architecture.n_decoder_layers=1    avg_loss: 0.000001007780  time_per_window : 0.000175   progress : 0.360
name: input_len=16
training.rollout_steps=8
models.architecture.block_type=cls
training.mode=rollout
models.out_dim=10
models.architecture.n_encoder_layers=1
models.architecture.n_decoder_layers=1    avg_loss: 0.000001815474  time_per_window : 0.000173   progress : 0.371
name: input_len=16
training.rollout_steps=8
models.architecture.block_type=cls
training.mode=rollout
models.out_dim=10
models.architecture.n_encoder_layers=1
models.architecture.n_decoder_layers=1    avg_loss: 0.000001149865  time_per_window : 0.000138   progress : 0.382
name: input_len=16
training.rollout_steps=8
models.architecture.block_type=cls
training.mode=rollout
models.out_dim=10
models.architecture.n_encoder_layers=1
models.architecture.n_decoder_layers=1    avg_loss: 0.000001245808  time_per_window : 0.000240   progress : 0.393
name: input_len=16
training.rollout_steps=8
models.architecture.block_type=cls
training.mode=rollout
models.out_dim=10
models.architecture.n_encoder_layers=1
models.architecture.n_decoder_layers=1    avg_loss: 0.000001384137  time_per_window : 0.000200   progress : 0.404
name: input_len=16
training.rollout_steps=8
models.architecture.block_type=cls
training.mode=rollout
models.out_dim=10
models.architecture.n_encoder_layers=1
models.architecture.n_decoder_layers=1    avg_loss: 0.000002497439  time_per_window : 0.000186   progress : 0.415
name: input_len=16
training.rollout_steps=8
models.architecture.block_type=cls
training.mode=rollout
models.out_dim=10
models.architecture.n_encoder_layers=1
models.architecture.n_decoder_layers=1    avg_loss: 0.000001259800  time_per_window : 0.000228   progress : 0.426
name: input_len=16
training.rollout_steps=8
models.architecture.block_type=cls
training.mode=rollout
models.out_dim=10
models.architecture.n_encoder_layers=1
models.architecture.n_decoder_layers=1    avg_loss: 0.000001415949  time_per_window : 0.000184   progress : 0.437
name: input_len=16
training.rollout_steps=8
models.architecture.block_type=cls
training.mode=rollout
models.out_dim=10
models.architecture.n_encoder_layers=1
models.architecture.n_decoder_layers=1    avg_loss: 0.000001279977  time_per_window : 0.000196   progress : 0.448
name: input_len=16
training.rollout_steps=8
models.architecture.block_type=cls
training.mode=rollout
models.out_dim=10
models.architecture.n_encoder_layers=1
models.architecture.n_decoder_layers=1    avg_loss: 0.000001597125  time_per_window : 0.000153   progress : 0.459
name: input_len=16
training.rollout_steps=8
models.architecture.block_type=cls
training.mode=rollout
models.out_dim=10
models.architecture.n_encoder_layers=1
models.architecture.n_decoder_layers=1    avg_loss: 0.000001919082  time_per_window : 0.000198   progress : 0.470
name: input_len=16
training.rollout_steps=8
models.architecture.block_type=cls
training.mode=rollout
models.out_dim=10
models.architecture.n_encoder_layers=1
models.architecture.n_decoder_layers=1    avg_loss: 0.000000813694  time_per_window : 0.000251   progress : 0.481
name: input_len=16
training.rollout_steps=8
models.architecture.block_type=cls
training.mode=rollout
models.out_dim=10
models.architecture.n_encoder_layers=1
models.architecture.n_decoder_layers=1    avg_loss: 0.000001046818  time_per_window : 0.000169   progress : 0.492
name: input_len=16
training.rollout_steps=8
models.architecture.block_type=cls
training.mode=rollout
models.out_dim=10
models.architecture.n_encoder_layers=1
models.architecture.n_decoder_layers=1    avg_loss: 0.000003606251  time_per_window : 0.000124   progress : 0.502
name: input_len=16
training.rollout_steps=8
models.architecture.block_type=cls
training.mode=rollout
models.out_dim=10
models.architecture.n_encoder_layers=1
models.architecture.n_decoder_layers=1    avg_loss: 0.000000576556  time_per_window : 0.000251   progress : 0.513
name: input_len=16
training.rollout_steps=8
models.architecture.block_type=cls
training.mode=rollout
models.out_dim=10
models.architecture.n_encoder_layers=1
models.architecture.n_decoder_layers=1    avg_loss: 0.000000848556  time_per_window : 0.000223   progress : 0.524
name: input_len=16
training.rollout_steps=8
models.architecture.block_type=cls
training.mode=rollout
models.out_dim=10
models.architecture.n_encoder_layers=1
models.architecture.n_decoder_layers=1    avg_loss: 0.000002845140  time_per_window : 0.000198   progress : 0.535
name: input_len=16
training.rollout_steps=8
models.architecture.block_type=cls
training.mode=rollout
models.out_dim=10
models.architecture.n_encoder_layers=1
models.architecture.n_decoder_layers=1    avg_loss: 0.000000510735  time_per_window : 0.000123   progress : 0.546
name: input_len=16
training.rollout_steps=8
models.architecture.block_type=cls
training.mode=rollout
models.out_dim=10
models.architecture.n_encoder_layers=1
models.architecture.n_decoder_layers=1    avg_loss: 0.000000919205  time_per_window : 0.000136   progress : 0.557
name: input_len=16
training.rollout_steps=8
models.architecture.block_type=cls
training.mode=rollout
models.out_dim=10
models.architecture.n_encoder_layers=1
models.architecture.n_decoder_layers=1    avg_loss: 0.000000533845  time_per_window : 0.000175   progress : 0.568
name: input_len=16
training.rollout_steps=8
models.architecture.block_type=cls
training.mode=rollout
models.out_dim=10
models.architecture.n_encoder_layers=1
models.architecture.n_decoder_layers=1    avg_loss: 0.000000931646  time_per_window : 0.000223   progress : 0.579
name: input_len=16
training.rollout_steps=8
models.architecture.block_type=cls
training.mode=rollout
models.out_dim=10
models.architecture.n_encoder_layers=1
models.architecture.n_decoder_layers=1    avg_loss: 0.000001144994  time_per_window : 0.000250   progress : 0.590
name: input_len=16
training.rollout_steps=8
models.architecture.block_type=cls
training.mode=rollout
models.out_dim=10
models.architecture.n_encoder_layers=1
models.architecture.n_decoder_layers=1    avg_loss: 0.000001140250  time_per_window : 0.000150   progress : 0.601
name: input_len=16
training.rollout_steps=8
models.architecture.block_type=cls
training.mode=rollout
models.out_dim=10
models.architecture.n_encoder_layers=1
models.architecture.n_decoder_layers=1    avg_loss: 0.000001261162  time_per_window : 0.000182   progress : 0.612
name: input_len=16
training.rollout_steps=8
models.architecture.block_type=cls
training.mode=rollout
models.out_dim=10
models.architecture.n_encoder_layers=1
models.architecture.n_decoder_layers=1    avg_loss: 0.000001847994  time_per_window : 0.000171   progress : 0.623
name: input_len=16
training.rollout_steps=8
models.architecture.block_type=cls
training.mode=rollout
models.out_dim=10
models.architecture.n_encoder_layers=1
models.architecture.n_decoder_layers=1    avg_loss: 0.000000641565  time_per_window : 0.000192   progress : 0.634
name: input_len=16
training.rollout_steps=8
models.architecture.block_type=cls
training.mode=rollout
models.out_dim=10
models.architecture.n_encoder_layers=1
models.architecture.n_decoder_layers=1    avg_loss: 0.000000955788  time_per_window : 0.000162   progress : 0.644
name: input_len=16
training.rollout_steps=8
models.architecture.block_type=cls
training.mode=rollout
models.out_dim=10
models.architecture.n_encoder_layers=1
models.architecture.n_decoder_layers=1    avg_loss: 0.000001382101  time_per_window : 0.000182   progress : 0.655
name: input_len=16
training.rollout_steps=8
models.architecture.block_type=cls
training.mode=rollout
models.out_dim=10
models.architecture.n_encoder_layers=1
models.architecture.n_decoder_layers=1    avg_loss: 0.000000749930  time_per_window : 0.000124   progress : 0.666
name: input_len=16
training.rollout_steps=8
models.architecture.block_type=cls
training.mode=rollout
models.out_dim=10
models.architecture.n_encoder_layers=1
models.architecture.n_decoder_layers=1    avg_loss: 0.000001255613  time_per_window : 0.000205   progress : 0.677
name: input_len=16
training.rollout_steps=8
models.architecture.block_type=cls
training.mode=rollout
models.out_dim=10
models.architecture.n_encoder_layers=1
models.architecture.n_decoder_layers=1    avg_loss: 0.000000924317  time_per_window : 0.000157   progress : 0.688
name: input_len=16
training.rollout_steps=8
models.architecture.block_type=cls
training.mode=rollout
models.out_dim=10
models.architecture.n_encoder_layers=1
models.architecture.n_decoder_layers=1    avg_loss: 0.000001435858  time_per_window : 0.000235   progress : 0.699
name: input_len=16
training.rollout_steps=8
models.architecture.block_type=cls
training.mode=rollout
models.out_dim=10
models.architecture.n_encoder_layers=1
models.architecture.n_decoder_layers=1    avg_loss: 0.000000605815  time_per_window : 0.000226   progress : 0.710
name: input_len=16
training.rollout_steps=8
models.architecture.block_type=cls
training.mode=rollout
models.out_dim=10
models.architecture.n_encoder_layers=1
models.architecture.n_decoder_layers=1    avg_loss: 0.000000942153  time_per_window : 0.000226   progress : 0.721
name: input_len=16
training.rollout_steps=8
models.architecture.block_type=cls
training.mode=rollout
models.out_dim=10
models.architecture.n_encoder_layers=1
models.architecture.n_decoder_layers=1    avg_loss: 0.000001057945  time_per_window : 0.000166   progress : 0.732
name: input_len=16
training.rollout_steps=8
models.architecture.block_type=cls
training.mode=rollout
models.out_dim=10
models.architecture.n_encoder_layers=1
models.architecture.n_decoder_layers=1    avg_loss: 0.000001030260  time_per_window : 0.000133   progress : 0.743
name: input_len=16
training.rollout_steps=8
models.architecture.block_type=cls
training.mode=rollout
models.out_dim=10
models.architecture.n_encoder_layers=1
models.architecture.n_decoder_layers=1    avg_loss: 0.000001313489  time_per_window : 0.000191   progress : 0.754
name: input_len=16
training.rollout_steps=8
models.architecture.block_type=cls
training.mode=rollout
models.out_dim=10
models.architecture.n_encoder_layers=1
models.architecture.n_decoder_layers=1    avg_loss: 0.000000631032  time_per_window : 0.000187   progress : 0.765
name: input_len=16
training.rollout_steps=8
models.architecture.block_type=cls
training.mode=rollout
models.out_dim=10
models.architecture.n_encoder_layers=1
models.architecture.n_decoder_layers=1    avg_loss: 0.000001069531  time_per_window : 0.000205   progress : 0.775
name: input_len=16
training.rollout_steps=8
models.architecture.block_type=cls
training.mode=rollout
models.out_dim=10
models.architecture.n_encoder_layers=1
models.architecture.n_decoder_layers=1    avg_loss: 0.000000750803  time_per_window : 0.000159   progress : 0.786
name: input_len=16
training.rollout_steps=8
models.architecture.block_type=cls
training.mode=rollout
models.out_dim=10
models.architecture.n_encoder_layers=1
models.architecture.n_decoder_layers=1    avg_loss: 0.000001537830  time_per_window : 0.000128   progress : 0.797
name: input_len=16
training.rollout_steps=8
models.architecture.block_type=cls
training.mode=rollout
models.out_dim=10
models.architecture.n_encoder_layers=1
models.architecture.n_decoder_layers=1    avg_loss: 0.000000633601  time_per_window : 0.000196   progress : 0.808
name: input_len=16
training.rollout_steps=8
models.architecture.block_type=cls
training.mode=rollout
models.out_dim=10
models.architecture.n_encoder_layers=1
models.architecture.n_decoder_layers=1    avg_loss: 0.000001012118  time_per_window : 0.000156   progress : 0.819
name: input_len=16
training.rollout_steps=8
models.architecture.block_type=cls
training.mode=rollout
models.out_dim=10
models.architecture.n_encoder_layers=1
models.architecture.n_decoder_layers=1    avg_loss: 0.000000979755  time_per_window : 0.000173   progress : 0.830
name: input_len=16
training.rollout_steps=8
models.architecture.block_type=cls
training.mode=rollout
models.out_dim=10
models.architecture.n_encoder_layers=1
models.architecture.n_decoder_layers=1    avg_loss: 0.000000763499  time_per_window : 0.000164   progress : 0.841
name: input_len=16
training.rollout_steps=8
models.architecture.block_type=cls
training.mode=rollout
models.out_dim=10
models.architecture.n_encoder_layers=1
models.architecture.n_decoder_layers=1    avg_loss: 0.000000995143  time_per_window : 0.000190   progress : 0.852
name: input_len=16
training.rollout_steps=8
models.architecture.block_type=cls
training.mode=rollout
models.out_dim=10
models.architecture.n_encoder_layers=1
models.architecture.n_decoder_layers=1    avg_loss: 0.000000889481  time_per_window : 0.000153   progress : 0.863
name: input_len=16
training.rollout_steps=8
models.architecture.block_type=cls
training.mode=rollout
models.out_dim=10
models.architecture.n_encoder_layers=1
models.architecture.n_decoder_layers=1    avg_loss: 0.000000747191  time_per_window : 0.000142   progress : 0.874
name: input_len=16
training.rollout_steps=8
models.architecture.block_type=cls
training.mode=rollout
models.out_dim=10
models.architecture.n_encoder_layers=1
models.architecture.n_decoder_layers=1    avg_loss: 0.000001006470  time_per_window : 0.000187   progress : 0.885
name: input_len=16
training.rollout_steps=8
models.architecture.block_type=cls
training.mode=rollout
models.out_dim=10
models.architecture.n_encoder_layers=1
models.architecture.n_decoder_layers=1    avg_loss: 0.000000961188  time_per_window : 0.000177   progress : 0.896
name: input_len=16
training.rollout_steps=8
models.architecture.block_type=cls
training.mode=rollout
models.out_dim=10
models.architecture.n_encoder_layers=1
models.architecture.n_decoder_layers=1    avg_loss: 0.000001032291  time_per_window : 0.000168   progress : 0.907
name: input_len=16
training.rollout_steps=8
models.architecture.block_type=cls
training.mode=rollout
models.out_dim=10
models.architecture.n_encoder_layers=1
models.architecture.n_decoder_layers=1    avg_loss: 0.000000928584  time_per_window : 0.000178   progress : 0.917
name: input_len=16
training.rollout_steps=8
models.architecture.block_type=cls
training.mode=rollout
models.out_dim=10
models.architecture.n_encoder_layers=1
models.architecture.n_decoder_layers=1    avg_loss: 0.000000758039  time_per_window : 0.000192   progress : 0.928
name: input_len=16
training.rollout_steps=8
models.architecture.block_type=cls
training.mode=rollout
models.out_dim=10
models.architecture.n_encoder_layers=1
models.architecture.n_decoder_layers=1    avg_loss: 0.000000855362  time_per_window : 0.000176   progress : 0.939
name: input_len=16
training.rollout_steps=8
models.architecture.block_type=cls
training.mode=rollout
models.out_dim=10
models.architecture.n_encoder_layers=1
models.architecture.n_decoder_layers=1    avg_loss: 0.000000480164  time_per_window : 0.000167   progress : 0.950
name: input_len=16
training.rollout_steps=8
models.architecture.block_type=cls
training.mode=rollout
models.out_dim=10
models.architecture.n_encoder_layers=1
models.architecture.n_decoder_layers=1    avg_loss: 0.000001182586  time_per_window : 0.000186   progress : 0.961
name: input_len=16
training.rollout_steps=8
models.architecture.block_type=cls
training.mode=rollout
models.out_dim=10
models.architecture.n_encoder_layers=1
models.architecture.n_decoder_layers=1    avg_loss: 0.000000576075  time_per_window : 0.000182   progress : 0.972
name: input_len=16
training.rollout_steps=8
models.architecture.block_type=cls
training.mode=rollout
models.out_dim=10
models.architecture.n_encoder_layers=1
models.architecture.n_decoder_layers=1    avg_loss: 0.000000986738  time_per_window : 0.000178   progress : 0.983
name: input_len=16
training.rollout_steps=8
models.architecture.block_type=cls
training.mode=rollout
models.out_dim=10
models.architecture.n_encoder_layers=1
models.architecture.n_decoder_layers=1    avg_loss: 0.000000447872  time_per_window : 0.000165   progress : 0.994
name: input_len=16
training.rollout_steps=8
models.architecture.block_type=cls
training.mode=rollout
models.out_dim=10
models.architecture.n_encoder_layers=1
models.architecture.n_decoder_layers=1    avg_loss: 0.000353282929  time_per_window : 0.000196   progress : 0.011
name: input_len=16
training.rollout_steps=8
models.architecture.block_type=cls
training.mode=rollout
models.out_dim=10
models.architecture.n_encoder_layers=1
models.architecture.n_decoder_layers=1    avg_loss: 0.000001392282  time_per_window : 0.000223   progress : 0.022
name: input_len=16
training.rollout_steps=8
models.architecture.block_type=cls
training.mode=rollout
models.out_dim=10
models.architecture.n_encoder_layers=1
models.architecture.n_decoder_layers=1    avg_loss: 0.000001260750  time_per_window : 0.000159   progress : 0.033
name: input_len=16
training.rollout_steps=8
models.architecture.block_type=cls
training.mode=rollout
models.out_dim=10
models.architecture.n_encoder_layers=1
models.architecture.n_decoder_layers=1    avg_loss: 0.000001192644  time_per_window : 0.000183   progress : 0.044
name: input_len=16
training.rollout_steps=8
models.architecture.block_type=cls
training.mode=rollout
models.out_dim=10
models.architecture.n_encoder_layers=1
models.architecture.n_decoder_layers=1    avg_loss: 0.000001030963  time_per_window : 0.000183   progress : 0.055
name: input_len=16
training.rollout_steps=8
models.architecture.block_type=cls
training.mode=rollout
models.out_dim=10
models.architecture.n_encoder_layers=1
models.architecture.n_decoder_layers=1    avg_loss: 0.000001012216  time_per_window : 0.000154   progress : 0.066
name: input_len=16
training.rollout_steps=8
models.architecture.block_type=cls
training.mode=rollout
models.out_dim=10
models.architecture.n_encoder_layers=1
models.architecture.n_decoder_layers=1    avg_loss: 0.000000971820  time_per_window : 0.000183   progress : 0.076
name: input_len=16
training.rollout_steps=8
models.architecture.block_type=cls
training.mode=rollout
models.out_dim=10
models.architecture.n_encoder_layers=1
models.architecture.n_decoder_layers=1    avg_loss: 0.000000932188  time_per_window : 0.000146   progress : 0.087
name: input_len=16
training.rollout_steps=8
models.architecture.block_type=cls
training.mode=rollout
models.out_dim=10
models.architecture.n_encoder_layers=1
models.architecture.n_decoder_layers=1    avg_loss: 0.000000915388  time_per_window : 0.000154   progress : 0.098
name: input_len=16
training.rollout_steps=8
models.architecture.block_type=cls
training.mode=rollout
models.out_dim=10
models.architecture.n_encoder_layers=1
models.architecture.n_decoder_layers=1    avg_loss: 0.000000941539  time_per_window : 0.000218   progress : 0.109
name: input_len=16
training.rollout_steps=8
models.architecture.block_type=cls
training.mode=rollout
models.out_dim=10
models.architecture.n_encoder_layers=1
models.architecture.n_decoder_layers=1    avg_loss: 0.000000902110  time_per_window : 0.000167   progress : 0.120
name: input_len=16
training.rollout_steps=8
models.architecture.block_type=cls
training.mode=rollout
models.out_dim=10
models.architecture.n_encoder_layers=1
models.architecture.n_decoder_layers=1    avg_loss: 0.000000898542  time_per_window : 0.000159   progress : 0.131
name: input_len=16
training.rollout_steps=8
models.architecture.block_type=cls
training.mode=rollout
models.out_dim=10
models.architecture.n_encoder_layers=1
models.architecture.n_decoder_layers=1    avg_loss: 0.000000931262  time_per_window : 0.000173   progress : 0.142
name: input_len=16
training.rollout_steps=8
models.architecture.block_type=cls
training.mode=rollout
models.out_dim=10
models.architecture.n_encoder_layers=1
models.architecture.n_decoder_layers=1    avg_loss: 0.000000937876  time_per_window : 0.000198   progress : 0.153
name: input_len=16
training.rollout_steps=8
models.architecture.block_type=cls
training.mode=rollout
models.out_dim=10
models.architecture.n_encoder_layers=1
models.architecture.n_decoder_layers=1    avg_loss: 0.000000854753  time_per_window : 0.000166   progress : 0.164
name: input_len=16
training.rollout_steps=8
models.architecture.block_type=cls
training.mode=rollout
models.out_dim=10
models.architecture.n_encoder_layers=1
models.architecture.n_decoder_layers=1    avg_loss: 0.000000894321  time_per_window : 0.000252   progress : 0.175
name: input_len=16
training.rollout_steps=8
models.architecture.block_type=cls
training.mode=rollout
models.out_dim=10
models.architecture.n_encoder_layers=1
models.architecture.n_decoder_layers=1    avg_loss: 0.000000929376  time_per_window : 0.000189   progress : 0.186
name: input_len=16
training.rollout_steps=8
models.architecture.block_type=cls
training.mode=rollout
models.out_dim=10
models.architecture.n_encoder_layers=1
models.architecture.n_decoder_layers=1    avg_loss: 0.000001226069  time_per_window : 0.000268   progress : 0.197
name: input_len=16
training.rollout_steps=8
models.architecture.block_type=cls
training.mode=rollout
models.out_dim=10
models.architecture.n_encoder_layers=1
models.architecture.n_decoder_layers=1    avg_loss: 0.000001456351  time_per_window : 0.000187   progress : 0.208
name: input_len=16
training.rollout_steps=8
models.architecture.block_type=cls
training.mode=rollout
models.out_dim=10
models.architecture.n_encoder_layers=1
models.architecture.n_decoder_layers=1    avg_loss: 0.000001311901  time_per_window : 0.000251   progress : 0.218
name: input_len=16
training.rollout_steps=8
models.architecture.block_type=cls
training.mode=rollout
models.out_dim=10
models.architecture.n_encoder_layers=1
models.architecture.n_decoder_layers=1    avg_loss: 0.000001655815  time_per_window : 0.000177   progress : 0.229
name: input_len=16
training.rollout_steps=8
models.architecture.block_type=cls
training.mode=rollout
models.out_dim=10
models.architecture.n_encoder_layers=1
models.architecture.n_decoder_layers=1    avg_loss: 0.000001242448  time_per_window : 0.000238   progress : 0.240
name: input_len=16
training.rollout_steps=8
models.architecture.block_type=cls
training.mode=rollout
models.out_dim=10
models.architecture.n_encoder_layers=1
models.architecture.n_decoder_layers=1    avg_loss: 0.000001472853  time_per_window : 0.000153   progress : 0.251
name: input_len=16
training.rollout_steps=8
models.architecture.block_type=cls
training.mode=rollout
models.out_dim=10
models.architecture.n_encoder_layers=1
models.architecture.n_decoder_layers=1    avg_loss: 0.000001406044  time_per_window : 0.000178   progress : 0.262
name: input_len=16
training.rollout_steps=8
models.architecture.block_type=cls
training.mode=rollout
models.out_dim=10
models.architecture.n_encoder_layers=1
models.architecture.n_decoder_layers=1    avg_loss: 0.000001957991  time_per_window : 0.000235   progress : 0.273
name: input_len=16
training.rollout_steps=8
models.architecture.block_type=cls
training.mode=rollout
models.out_dim=10
models.architecture.n_encoder_layers=1
models.architecture.n_decoder_layers=1    avg_loss: 0.000001685538  time_per_window : 0.000178   progress : 0.284
name: input_len=16
training.rollout_steps=8
models.architecture.block_type=cls
training.mode=rollout
models.out_dim=10
models.architecture.n_encoder_layers=1
models.architecture.n_decoder_layers=1    avg_loss: 0.000001234107  time_per_window : 0.000173   progress : 0.295
name: input_len=16
training.rollout_steps=8
models.architecture.block_type=cls
training.mode=rollout
models.out_dim=10
models.architecture.n_encoder_layers=1
models.architecture.n_decoder_layers=1    avg_loss: 0.000001544550  time_per_window : 0.000205   progress : 0.306
name: input_len=16
training.rollout_steps=8
models.architecture.block_type=cls
training.mode=rollout
models.out_dim=10
models.architecture.n_encoder_layers=1
models.architecture.n_decoder_layers=1    avg_loss: 0.000002255511  time_per_window : 0.000182   progress : 0.317
name: input_len=16
training.rollout_steps=8
models.architecture.block_type=cls
training.mode=rollout
models.out_dim=10
models.architecture.n_encoder_layers=1
models.architecture.n_decoder_layers=1    avg_loss: 0.000001468166  time_per_window : 0.000124   progress : 0.328
name: input_len=16
training.rollout_steps=8
models.architecture.block_type=cls
training.mode=rollout
models.out_dim=10
models.architecture.n_encoder_layers=1
models.architecture.n_decoder_layers=1    avg_loss: 0.000002272327  time_per_window : 0.000136   progress : 0.339
name: input_len=16
training.rollout_steps=8
models.architecture.block_type=cls
training.mode=rollout
models.out_dim=10
models.architecture.n_encoder_layers=1
models.architecture.n_decoder_layers=1    avg_loss: 0.000002040288  time_per_window : 0.000212   progress : 0.350
name: input_len=16
training.rollout_steps=8
models.architecture.block_type=cls
training.mode=rollout
models.out_dim=10
models.architecture.n_encoder_layers=1
models.architecture.n_decoder_layers=1    avg_loss: 0.000001501644  time_per_window : 0.000182   progress : 0.360
name: input_len=16
training.rollout_steps=8
models.architecture.block_type=cls
training.mode=rollout
models.out_dim=10
models.architecture.n_encoder_layers=1
models.architecture.n_decoder_layers=1    avg_loss: 0.000001933160  time_per_window : 0.000205   progress : 0.371
name: input_len=16
training.rollout_steps=8
models.architecture.block_type=cls
training.mode=rollout
models.out_dim=10
models.architecture.n_encoder_layers=1
models.architecture.n_decoder_layers=1    avg_loss: 0.000001611094  time_per_window : 0.000156   progress : 0.382
name: input_len=16
training.rollout_steps=8
models.architecture.block_type=cls
training.mode=rollout
models.out_dim=10
models.architecture.n_encoder_layers=1
models.architecture.n_decoder_layers=1    avg_loss: 0.000001928251  time_per_window : 0.000154   progress : 0.393
name: input_len=16
training.rollout_steps=8
models.architecture.block_type=cls
training.mode=rollout
models.out_dim=10
models.architecture.n_encoder_layers=1
models.architecture.n_decoder_layers=1    avg_loss: 0.000002444471  time_per_window : 0.000170   progress : 0.404
name: input_len=16
training.rollout_steps=8
models.architecture.block_type=cls
training.mode=rollout
models.out_dim=10
models.architecture.n_encoder_layers=1
models.architecture.n_decoder_layers=1    avg_loss: 0.000001894491  time_per_window : 0.000180   progress : 0.415
name: input_len=16
training.rollout_steps=8
models.architecture.block_type=cls
training.mode=rollout
models.out_dim=10
models.architecture.n_encoder_layers=1
models.architecture.n_decoder_layers=1    avg_loss: 0.000001861570  time_per_window : 0.000222   progress : 0.426
name: input_len=16
training.rollout_steps=8
models.architecture.block_type=cls
training.mode=rollout
models.out_dim=10
models.architecture.n_encoder_layers=1
models.architecture.n_decoder_layers=1    avg_loss: 0.000001804625  time_per_window : 0.000198   progress : 0.437
name: input_len=16
training.rollout_steps=8
models.architecture.block_type=cls
training.mode=rollout
models.out_dim=10
models.architecture.n_encoder_layers=1
models.architecture.n_decoder_layers=1    avg_loss: 0.000002181748  time_per_window : 0.000191   progress : 0.448
name: input_len=16
training.rollout_steps=8
models.architecture.block_type=cls
training.mode=rollout
models.out_dim=10
models.architecture.n_encoder_layers=1
models.architecture.n_decoder_layers=1    avg_loss: 0.000001807677  time_per_window : 0.000177   progress : 0.459
name: input_len=16
training.rollout_steps=8
models.architecture.block_type=cls
training.mode=rollout
models.out_dim=10
models.architecture.n_encoder_layers=1
models.architecture.n_decoder_layers=1    avg_loss: 0.000001594119  time_per_window : 0.000196   progress : 0.470
name: input_len=16
training.rollout_steps=8
models.architecture.block_type=cls
training.mode=rollout
models.out_dim=10
models.architecture.n_encoder_layers=1
models.architecture.n_decoder_layers=1    avg_loss: 0.000001718907  time_per_window : 0.000168   progress : 0.481
name: input_len=16
training.rollout_steps=8
models.architecture.block_type=cls
training.mode=rollout
models.out_dim=10
models.architecture.n_encoder_layers=1
models.architecture.n_decoder_layers=1    avg_loss: 0.000001733766  time_per_window : 0.000214   progress : 0.492
name: input_len=16
training.rollout_steps=8
models.architecture.block_type=cls
training.mode=rollout
models.out_dim=10
models.architecture.n_encoder_layers=1
models.architecture.n_decoder_layers=1    avg_loss: 0.000001922465  time_per_window : 0.000122   progress : 0.502
name: input_len=16
training.rollout_steps=8
models.architecture.block_type=cls
training.mode=rollout
models.out_dim=10
models.architecture.n_encoder_layers=1
models.architecture.n_decoder_layers=1    avg_loss: 0.000002083112  time_per_window : 0.000170   progress : 0.513
name: input_len=16
training.rollout_steps=8
models.architecture.block_type=cls
training.mode=rollout
models.out_dim=10
models.architecture.n_encoder_layers=1
models.architecture.n_decoder_layers=1    avg_loss: 0.000001686348  time_per_window : 0.000183   progress : 0.524
name: input_len=16
training.rollout_steps=8
models.architecture.block_type=cls
training.mode=rollout
models.out_dim=10
models.architecture.n_encoder_layers=1
models.architecture.n_decoder_layers=1    avg_loss: 0.000001849462  time_per_window : 0.000136   progress : 0.535
name: input_len=16
training.rollout_steps=8
models.architecture.block_type=cls
training.mode=rollout
models.out_dim=10
models.architecture.n_encoder_layers=1
models.architecture.n_decoder_layers=1    avg_loss: 0.000001530507  time_per_window : 0.000155   progress : 0.546
name: input_len=16
training.rollout_steps=8
models.architecture.block_type=cls
training.mode=rollout
models.out_dim=10
models.architecture.n_encoder_layers=1
models.architecture.n_decoder_layers=1    avg_loss: 0.000001928149  time_per_window : 0.000188   progress : 0.557
name: input_len=16
training.rollout_steps=8
models.architecture.block_type=cls
training.mode=rollout
models.out_dim=10
models.architecture.n_encoder_layers=1
models.architecture.n_decoder_layers=1    avg_loss: 0.000001722657  time_per_window : 0.000191   progress : 0.568
name: input_len=16
training.rollout_steps=8
models.architecture.block_type=cls
training.mode=rollout
models.out_dim=10
models.architecture.n_encoder_layers=1
models.architecture.n_decoder_layers=1    avg_loss: 0.000001586798  time_per_window : 0.000128   progress : 0.579
name: input_len=16
training.rollout_steps=8
models.architecture.block_type=cls
training.mode=rollout
models.out_dim=10
models.architecture.n_encoder_layers=1
models.architecture.n_decoder_layers=1    avg_loss: 0.000001697923  time_per_window : 0.000245   progress : 0.590
name: input_len=16
training.rollout_steps=8
models.architecture.block_type=cls
training.mode=rollout
models.out_dim=10
models.architecture.n_encoder_layers=1
models.architecture.n_decoder_layers=1    avg_loss: 0.000001513524  time_per_window : 0.000139   progress : 0.601
name: input_len=16
training.rollout_steps=8
models.architecture.block_type=cls
training.mode=rollout
models.out_dim=10
models.architecture.n_encoder_layers=1
models.architecture.n_decoder_layers=1    avg_loss: 0.000001834732  time_per_window : 0.000152   progress : 0.612
name: input_len=16
training.rollout_steps=8
models.architecture.block_type=cls
training.mode=rollout
models.out_dim=10
models.architecture.n_encoder_layers=1
models.architecture.n_decoder_layers=1    avg_loss: 0.000001988577  time_per_window : 0.000174   progress : 0.623
name: input_len=16
training.rollout_steps=8
models.architecture.block_type=cls
training.mode=rollout
models.out_dim=10
models.architecture.n_encoder_layers=1
models.architecture.n_decoder_layers=1    avg_loss: 0.000001401966  time_per_window : 0.000204   progress : 0.634
name: input_len=16
training.rollout_steps=8
models.architecture.block_type=cls
training.mode=rollout
models.out_dim=10
models.architecture.n_encoder_layers=1
models.architecture.n_decoder_layers=1    avg_loss: 0.000002186546  time_per_window : 0.000157   progress : 0.644
name: input_len=16
training.rollout_steps=8
models.architecture.block_type=cls
training.mode=rollout
models.out_dim=10
models.architecture.n_encoder_layers=1
models.architecture.n_decoder_layers=1    avg_loss: 0.000001481864  time_per_window : 0.000170   progress : 0.655
name: input_len=16
training.rollout_steps=8
models.architecture.block_type=cls
training.mode=rollout
models.out_dim=10
models.architecture.n_encoder_layers=1
models.architecture.n_decoder_layers=1    avg_loss: 0.000001385690  time_per_window : 0.000175   progress : 0.666
name: input_len=16
training.rollout_steps=8
models.architecture.block_type=cls
training.mode=rollout
models.out_dim=10
models.architecture.n_encoder_layers=1
models.architecture.n_decoder_layers=1    avg_loss: 0.000001385114  time_per_window : 0.000183   progress : 0.677
name: input_len=16
training.rollout_steps=8
models.architecture.block_type=cls
training.mode=rollout
models.out_dim=10
models.architecture.n_encoder_layers=1
models.architecture.n_decoder_layers=1    avg_loss: 0.000001523464  time_per_window : 0.000221   progress : 0.688
name: input_len=16
training.rollout_steps=8
models.architecture.block_type=cls
training.mode=rollout
models.out_dim=10
models.architecture.n_encoder_layers=1
models.architecture.n_decoder_layers=1    avg_loss: 0.000001843859  time_per_window : 0.000139   progress : 0.699
name: input_len=16
training.rollout_steps=8
models.architecture.block_type=cls
training.mode=rollout
models.out_dim=10
models.architecture.n_encoder_layers=1
models.architecture.n_decoder_layers=1    avg_loss: 0.000001495181  time_per_window : 0.000131   progress : 0.710
name: input_len=16
training.rollout_steps=8
models.architecture.block_type=cls
training.mode=rollout
models.out_dim=10
models.architecture.n_encoder_layers=1
models.architecture.n_decoder_layers=1    avg_loss: 0.000001582415  time_per_window : 0.000243   progress : 0.721
name: input_len=16
training.rollout_steps=8
models.architecture.block_type=cls
training.mode=rollout
models.out_dim=10
models.architecture.n_encoder_layers=1
models.architecture.n_decoder_layers=1    avg_loss: 0.000001695877  time_per_window : 0.000135   progress : 0.732
name: input_len=16
training.rollout_steps=8
models.architecture.block_type=cls
training.mode=rollout
models.out_dim=10
models.architecture.n_encoder_layers=1
models.architecture.n_decoder_layers=1    avg_loss: 0.000001700207  time_per_window : 0.000131   progress : 0.743
name: input_len=16
training.rollout_steps=8
models.architecture.block_type=cls
training.mode=rollout
models.out_dim=10
models.architecture.n_encoder_layers=1
models.architecture.n_decoder_layers=1    avg_loss: 0.000001400657  time_per_window : 0.000237   progress : 0.754
name: input_len=16
training.rollout_steps=8
models.architecture.block_type=cls
training.mode=rollout
models.out_dim=10
models.architecture.n_encoder_layers=1
models.architecture.n_decoder_layers=1    avg_loss: 0.000001535366  time_per_window : 0.000180   progress : 0.765
name: input_len=16
training.rollout_steps=8
models.architecture.block_type=cls
training.mode=rollout
models.out_dim=10
models.architecture.n_encoder_layers=1
models.architecture.n_decoder_layers=1    avg_loss: 0.000001479411  time_per_window : 0.000147   progress : 0.775
name: input_len=16
training.rollout_steps=8
models.architecture.block_type=cls
training.mode=rollout
models.out_dim=10
models.architecture.n_encoder_layers=1
models.architecture.n_decoder_layers=1    avg_loss: 0.000001506392  time_per_window : 0.000146   progress : 0.786
name: input_len=16
training.rollout_steps=8
models.architecture.block_type=cls
training.mode=rollout
models.out_dim=10
models.architecture.n_encoder_layers=1
models.architecture.n_decoder_layers=1    avg_loss: 0.000001570467  time_per_window : 0.000133   progress : 0.797
name: input_len=16
training.rollout_steps=8
models.architecture.block_type=cls
training.mode=rollout
models.out_dim=10
models.architecture.n_encoder_layers=1
models.architecture.n_decoder_layers=1    avg_loss: 0.000001623989  time_per_window : 0.000176   progress : 0.808
name: input_len=16
training.rollout_steps=8
models.architecture.block_type=cls
training.mode=rollout
models.out_dim=10
models.architecture.n_encoder_layers=1
models.architecture.n_decoder_layers=1    avg_loss: 0.000001164561  time_per_window : 0.000179   progress : 0.819
name: input_len=16
training.rollout_steps=8
models.architecture.block_type=cls
training.mode=rollout
models.out_dim=10
models.architecture.n_encoder_layers=1
models.architecture.n_decoder_layers=1    avg_loss: 0.000001140597  time_per_window : 0.000189   progress : 0.830
name: input_len=16
training.rollout_steps=8
models.architecture.block_type=cls
training.mode=rollout
models.out_dim=10
models.architecture.n_encoder_layers=1
models.architecture.n_decoder_layers=1    avg_loss: 0.000001369596  time_per_window : 0.000174   progress : 0.841
name: input_len=16
training.rollout_steps=8
models.architecture.block_type=cls
training.mode=rollout
models.out_dim=10
models.architecture.n_encoder_layers=1
models.architecture.n_decoder_layers=1    avg_loss: 0.000001421184  time_per_window : 0.000169   progress : 0.852
name: input_len=16
training.rollout_steps=8
models.architecture.block_type=cls
training.mode=rollout
models.out_dim=10
models.architecture.n_encoder_layers=1
models.architecture.n_decoder_layers=1    avg_loss: 0.000001273785  time_per_window : 0.000157   progress : 0.863
name: input_len=16
training.rollout_steps=8
models.architecture.block_type=cls
training.mode=rollout
models.out_dim=10
models.architecture.n_encoder_layers=1
models.architecture.n_decoder_layers=1    avg_loss: 0.000001445696  time_per_window : 0.000117   progress : 0.874
name: input_len=16
training.rollout_steps=8
models.architecture.block_type=cls
training.mode=rollout
models.out_dim=10
models.architecture.n_encoder_layers=1
models.architecture.n_decoder_layers=1    avg_loss: 0.000001534626  time_per_window : 0.000154   progress : 0.885
name: input_len=16
training.rollout_steps=8
models.architecture.block_type=cls
training.mode=rollout
models.out_dim=10
models.architecture.n_encoder_layers=1
models.architecture.n_decoder_layers=1    avg_loss: 0.000001368425  time_per_window : 0.000182   progress : 0.896
name: input_len=16
training.rollout_steps=8
models.architecture.block_type=cls
training.mode=rollout
models.out_dim=10
models.architecture.n_encoder_layers=1
models.architecture.n_decoder_layers=1    avg_loss: 0.000001405997  time_per_window : 0.000135   progress : 0.907
name: input_len=16
training.rollout_steps=8
models.architecture.block_type=cls
training.mode=rollout
models.out_dim=10
models.architecture.n_encoder_layers=1
models.architecture.n_decoder_layers=1    avg_loss: 0.000001422583  time_per_window : 0.000218   progress : 0.917
name: input_len=16
training.rollout_steps=8
models.architecture.block_type=cls
training.mode=rollout
models.out_dim=10
models.architecture.n_encoder_layers=1
models.architecture.n_decoder_layers=1    avg_loss: 0.000001263332  time_per_window : 0.000234   progress : 0.928
name: input_len=16
training.rollout_steps=8
models.architecture.block_type=cls
training.mode=rollout
models.out_dim=10
models.architecture.n_encoder_layers=1
models.architecture.n_decoder_layers=1    avg_loss: 0.000001296148  time_per_window : 0.000149   progress : 0.939
name: input_len=16
training.rollout_steps=8
models.architecture.block_type=cls
training.mode=rollout
models.out_dim=10
models.architecture.n_encoder_layers=1
models.architecture.n_decoder_layers=1    avg_loss: 0.000001071316  time_per_window : 0.000169   progress : 0.950
name: input_len=16
training.rollout_steps=8
models.architecture.block_type=cls
training.mode=rollout
models.out_dim=10
models.architecture.n_encoder_layers=1
models.architecture.n_decoder_layers=1    avg_loss: 0.000001315276  time_per_window : 0.000186   progress : 0.961
name: input_len=16
training.rollout_steps=8
models.architecture.block_type=cls
training.mode=rollout
models.out_dim=10
models.architecture.n_encoder_layers=1
models.architecture.n_decoder_layers=1    avg_loss: 0.000001244787  time_per_window : 0.000126   progress : 0.972
name: input_len=16
training.rollout_steps=8
models.architecture.block_type=cls
training.mode=rollout
models.out_dim=10
models.architecture.n_encoder_layers=1
models.architecture.n_decoder_layers=1    avg_loss: 0.000001256641  time_per_window : 0.000193   progress : 0.983
name: input_len=16
training.rollout_steps=8
models.architecture.block_type=cls
training.mode=rollout
models.out_dim=10
models.architecture.n_encoder_layers=1
models.architecture.n_decoder_layers=1    avg_loss: 0.000001205880  time_per_window : 0.000215   progress : 0.994
name: input_len=16
training.rollout_steps=8
models.architecture.block_type=cls
training.mode=rollout
models.out_dim=10
models.architecture.n_encoder_layers=1
models.architecture.n_decoder_layers=1    avg_loss: 0.000009932389  time_per_window : 0.000167   progress : 0.011
name: input_len=16
training.rollout_steps=8
models.architecture.block_type=cls
training.mode=rollout
models.out_dim=10
models.architecture.n_encoder_layers=1
models.architecture.n_decoder_layers=1    avg_loss: 0.000000847390  time_per_window : 0.000149   progress : 0.022
name: input_len=16
training.rollout_steps=8
models.architecture.block_type=cls
training.mode=rollout
models.out_dim=10
models.architecture.n_encoder_layers=1
models.architecture.n_decoder_layers=1    avg_loss: 0.000001004508  time_per_window : 0.000229   progress : 0.033
name: input_len=16
training.rollout_steps=8
models.architecture.block_type=cls
training.mode=rollout
models.out_dim=10
models.architecture.n_encoder_layers=1
models.architecture.n_decoder_layers=1    avg_loss: 0.000000979343  time_per_window : 0.000190   progress : 0.044
name: input_len=16
training.rollout_steps=8
models.architecture.block_type=cls
training.mode=rollout
models.out_dim=10
models.architecture.n_encoder_layers=1
models.architecture.n_decoder_layers=1    avg_loss: 0.000000996211  time_per_window : 0.000143   progress : 0.055
name: input_len=16
training.rollout_steps=8
models.architecture.block_type=cls
training.mode=rollout
models.out_dim=10
models.architecture.n_encoder_layers=1
models.architecture.n_decoder_layers=1    avg_loss: 0.000001061470  time_per_window : 0.000176   progress : 0.066
name: input_len=16
training.rollout_steps=8
models.architecture.block_type=cls
training.mode=rollout
models.out_dim=10
models.architecture.n_encoder_layers=1
models.architecture.n_decoder_layers=1    avg_loss: 0.000000847418  time_per_window : 0.000142   progress : 0.076
name: input_len=16
training.rollout_steps=8
models.architecture.block_type=cls
training.mode=rollout
models.out_dim=10
models.architecture.n_encoder_layers=1
models.architecture.n_decoder_layers=1    avg_loss: 0.000000991435  time_per_window : 0.000171   progress : 0.087
name: input_len=16
training.rollout_steps=8
models.architecture.block_type=cls
training.mode=rollout
models.out_dim=10
models.architecture.n_encoder_layers=1
models.architecture.n_decoder_layers=1    avg_loss: 0.000000945217  time_per_window : 0.000144   progress : 0.098
name: input_len=16
training.rollout_steps=8
models.architecture.block_type=cls
training.mode=rollout
models.out_dim=10
models.architecture.n_encoder_layers=1
models.architecture.n_decoder_layers=1    avg_loss: 0.000001125314  time_per_window : 0.000177   progress : 0.109
name: input_len=16
training.rollout_steps=8
models.architecture.block_type=cls
training.mode=rollout
models.out_dim=10
models.architecture.n_encoder_layers=1
models.architecture.n_decoder_layers=1    avg_loss: 0.000001126759  time_per_window : 0.000189   progress : 0.120
name: input_len=16
training.rollout_steps=8
models.architecture.block_type=cls
training.mode=rollout
models.out_dim=10
models.architecture.n_encoder_layers=1
models.architecture.n_decoder_layers=1    avg_loss: 0.000001354662  time_per_window : 0.000171   progress : 0.131
name: input_len=16
training.rollout_steps=8
models.architecture.block_type=cls
training.mode=rollout
models.out_dim=10
models.architecture.n_encoder_layers=1
models.architecture.n_decoder_layers=1    avg_loss: 0.000001080749  time_per_window : 0.000163   progress : 0.142
name: input_len=16
training.rollout_steps=8
models.architecture.block_type=cls
training.mode=rollout
models.out_dim=10
models.architecture.n_encoder_layers=1
models.architecture.n_decoder_layers=1    avg_loss: 0.000001128554  time_per_window : 0.000167   progress : 0.153
name: input_len=16
training.rollout_steps=8
models.architecture.block_type=cls
training.mode=rollout
models.out_dim=10
models.architecture.n_encoder_layers=1
models.architecture.n_decoder_layers=1    avg_loss: 0.000001161236  time_per_window : 0.000213   progress : 0.164
name: input_len=16
training.rollout_steps=8
models.architecture.block_type=cls
training.mode=rollout
models.out_dim=10
models.architecture.n_encoder_layers=1
models.architecture.n_decoder_layers=1    avg_loss: 0.000001216435  time_per_window : 0.000162   progress : 0.175
name: input_len=16
training.rollout_steps=8
models.architecture.block_type=cls
training.mode=rollout
models.out_dim=10
models.architecture.n_encoder_layers=1
models.architecture.n_decoder_layers=1    avg_loss: 0.000001195161  time_per_window : 0.000181   progress : 0.186
name: input_len=16
training.rollout_steps=8
models.architecture.block_type=cls
training.mode=rollout
models.out_dim=10
models.architecture.n_encoder_layers=1
models.architecture.n_decoder_layers=1    avg_loss: 0.000001210670  time_per_window : 0.000148   progress : 0.197
name: input_len=16
training.rollout_steps=8
models.architecture.block_type=cls
training.mode=rollout
models.out_dim=10
models.architecture.n_encoder_layers=1
models.architecture.n_decoder_layers=1    avg_loss: 0.000001047594  time_per_window : 0.000160   progress : 0.208
name: input_len=16
training.rollout_steps=8
models.architecture.block_type=cls
training.mode=rollout
models.out_dim=10
models.architecture.n_encoder_layers=1
models.architecture.n_decoder_layers=1    avg_loss: 0.000001231900  time_per_window : 0.000169   progress : 0.218
name: input_len=16
training.rollout_steps=8
models.architecture.block_type=cls
training.mode=rollout
models.out_dim=10
models.architecture.n_encoder_layers=1
models.architecture.n_decoder_layers=1    avg_loss: 0.000001312524  time_per_window : 0.000155   progress : 0.229
name: input_len=16
training.rollout_steps=8
models.architecture.block_type=cls
training.mode=rollout
models.out_dim=10
models.architecture.n_encoder_layers=1
models.architecture.n_decoder_layers=1    avg_loss: 0.000001088644  time_per_window : 0.000205   progress : 0.240
name: input_len=16
training.rollout_steps=8
models.architecture.block_type=cls
training.mode=rollout
models.out_dim=10
models.architecture.n_encoder_layers=1
models.architecture.n_decoder_layers=1    avg_loss: 0.000001218764  time_per_window : 0.000220   progress : 0.251
name: input_len=16
training.rollout_steps=8
models.architecture.block_type=cls
training.mode=rollout
models.out_dim=10
models.architecture.n_encoder_layers=1
models.architecture.n_decoder_layers=1    avg_loss: 0.000001013226  time_per_window : 0.000175   progress : 0.262
name: input_len=16
training.rollout_steps=8
models.architecture.block_type=cls
training.mode=rollout
models.out_dim=10
models.architecture.n_encoder_layers=1
models.architecture.n_decoder_layers=1    avg_loss: 0.000001068993  time_per_window : 0.000191   progress : 0.273
name: input_len=16
training.rollout_steps=8
models.architecture.block_type=cls
training.mode=rollout
models.out_dim=10
models.architecture.n_encoder_layers=1
models.architecture.n_decoder_layers=1    avg_loss: 0.000001335121  time_per_window : 0.000185   progress : 0.284
name: input_len=16
training.rollout_steps=8
models.architecture.block_type=cls
training.mode=rollout
models.out_dim=10
models.architecture.n_encoder_layers=1
models.architecture.n_decoder_layers=1    avg_loss: 0.000001168503  time_per_window : 0.000204   progress : 0.295
name: input_len=16
training.rollout_steps=8
models.architecture.block_type=cls
training.mode=rollout
models.out_dim=10
models.architecture.n_encoder_layers=1
models.architecture.n_decoder_layers=1    avg_loss: 0.000000861100  time_per_window : 0.000166   progress : 0.306
name: input_len=16
training.rollout_steps=8
models.architecture.block_type=cls
training.mode=rollout
models.out_dim=10
models.architecture.n_encoder_layers=1
models.architecture.n_decoder_layers=1    avg_loss: 0.000001158477  time_per_window : 0.000202   progress : 0.317
name: input_len=16
training.rollout_steps=8
models.architecture.block_type=cls
training.mode=rollout
models.out_dim=10
models.architecture.n_encoder_layers=1
models.architecture.n_decoder_layers=1    avg_loss: 0.000000908411  time_per_window : 0.000183   progress : 0.328
name: input_len=16
training.rollout_steps=8
models.architecture.block_type=cls
training.mode=rollout
models.out_dim=10
models.architecture.n_encoder_layers=1
models.architecture.n_decoder_layers=1    avg_loss: 0.000001129207  time_per_window : 0.000193   progress : 0.339
name: input_len=16
training.rollout_steps=8
models.architecture.block_type=cls
training.mode=rollout
models.out_dim=10
models.architecture.n_encoder_layers=1
models.architecture.n_decoder_layers=1    avg_loss: 0.000001077985  time_per_window : 0.000140   progress : 0.350
name: input_len=16
training.rollout_steps=8
models.architecture.block_type=cls
training.mode=rollout
models.out_dim=10
models.architecture.n_encoder_layers=1
models.architecture.n_decoder_layers=1    avg_loss: 0.000000893083  time_per_window : 0.000185   progress : 0.360
name: input_len=16
training.rollout_steps=8
models.architecture.block_type=cls
training.mode=rollout
models.out_dim=10
models.architecture.n_encoder_layers=1
models.architecture.n_decoder_layers=1    avg_loss: 0.000001063390  time_per_window : 0.000191   progress : 0.371
name: input_len=16
training.rollout_steps=8
models.architecture.block_type=cls
training.mode=rollout
models.out_dim=10
models.architecture.n_encoder_layers=1
models.architecture.n_decoder_layers=1    avg_loss: 0.000000945257  time_per_window : 0.000233   progress : 0.382
name: input_len=16
training.rollout_steps=8
models.architecture.block_type=cls
training.mode=rollout
models.out_dim=10
models.architecture.n_encoder_layers=1
models.architecture.n_decoder_layers=1    avg_loss: 0.000001282064  time_per_window : 0.000196   progress : 0.393
name: input_len=16
training.rollout_steps=8
models.architecture.block_type=cls
training.mode=rollout
models.out_dim=10
models.architecture.n_encoder_layers=1
models.architecture.n_decoder_layers=1    avg_loss: 0.000001058734  time_per_window : 0.000158   progress : 0.404
name: input_len=16
training.rollout_steps=8
models.architecture.block_type=cls
training.mode=rollout
models.out_dim=10
models.architecture.n_encoder_layers=1
models.architecture.n_decoder_layers=1    avg_loss: 0.000000784805  time_per_window : 0.000228   progress : 0.415
name: input_len=16
training.rollout_steps=8
models.architecture.block_type=cls
training.mode=rollout
models.out_dim=10
models.architecture.n_encoder_layers=1
models.architecture.n_decoder_layers=1    avg_loss: 0.000000994416  time_per_window : 0.000179   progress : 0.426
name: input_len=16
training.rollout_steps=8
models.architecture.block_type=cls
training.mode=rollout
models.out_dim=10
models.architecture.n_encoder_layers=1
models.architecture.n_decoder_layers=1    avg_loss: 0.000000926547  time_per_window : 0.000241   progress : 0.437
name: input_len=16
training.rollout_steps=8
models.architecture.block_type=cls
training.mode=rollout
models.out_dim=10
models.architecture.n_encoder_layers=1
models.architecture.n_decoder_layers=1    avg_loss: 0.000000981927  time_per_window : 0.000204   progress : 0.448
name: input_len=16
training.rollout_steps=8
models.architecture.block_type=cls
training.mode=rollout
models.out_dim=10
models.architecture.n_encoder_layers=1
models.architecture.n_decoder_layers=1    avg_loss: 0.000000884439  time_per_window : 0.000174   progress : 0.459
name: input_len=16
training.rollout_steps=8
models.architecture.block_type=cls
training.mode=rollout
models.out_dim=10
models.architecture.n_encoder_layers=1
models.architecture.n_decoder_layers=1    avg_loss: 0.000000881023  time_per_window : 0.000187   progress : 0.470
name: input_len=16
training.rollout_steps=8
models.architecture.block_type=cls
training.mode=rollout
models.out_dim=10
models.architecture.n_encoder_layers=1
models.architecture.n_decoder_layers=1    avg_loss: 0.000001205679  time_per_window : 0.000143   progress : 0.481
name: input_len=16
training.rollout_steps=8
models.architecture.block_type=cls
training.mode=rollout
models.out_dim=10
models.architecture.n_encoder_layers=1
models.architecture.n_decoder_layers=1    avg_loss: 0.000000809446  time_per_window : 0.000201   progress : 0.492
name: input_len=16
training.rollout_steps=8
models.architecture.block_type=cls
training.mode=rollout
models.out_dim=10
models.architecture.n_encoder_layers=1
models.architecture.n_decoder_layers=1    avg_loss: 0.000000928448  time_per_window : 0.000165   progress : 0.502
name: input_len=16
training.rollout_steps=8
models.architecture.block_type=cls
training.mode=rollout
models.out_dim=10
models.architecture.n_encoder_layers=1
models.architecture.n_decoder_layers=1    avg_loss: 0.000000929004  time_per_window : 0.000144   progress : 0.513
name: input_len=16
training.rollout_steps=8
models.architecture.block_type=cls
training.mode=rollout
models.out_dim=10
models.architecture.n_encoder_layers=1
models.architecture.n_decoder_layers=1    avg_loss: 0.000000780241  time_per_window : 0.000195   progress : 0.524
name: input_len=16
training.rollout_steps=8
models.architecture.block_type=cls
training.mode=rollout
models.out_dim=10
models.architecture.n_encoder_layers=1
models.architecture.n_decoder_layers=1    avg_loss: 0.000000925924  time_per_window : 0.000215   progress : 0.535
name: input_len=16
training.rollout_steps=8
models.architecture.block_type=cls
training.mode=rollout
models.out_dim=10
models.architecture.n_encoder_layers=1
models.architecture.n_decoder_layers=1    avg_loss: 0.000000821335  time_per_window : 0.000157   progress : 0.546
name: input_len=16
training.rollout_steps=8
models.architecture.block_type=cls
training.mode=rollout
models.out_dim=10
models.architecture.n_encoder_layers=1
models.architecture.n_decoder_layers=1    avg_loss: 0.000000926705  time_per_window : 0.000136   progress : 0.557
name: input_len=16
training.rollout_steps=8
models.architecture.block_type=cls
training.mode=rollout
models.out_dim=10
models.architecture.n_encoder_layers=1
models.architecture.n_decoder_layers=1    avg_loss: 0.000000832430  time_per_window : 0.000222   progress : 0.568
name: input_len=16
training.rollout_steps=8
models.architecture.block_type=cls
training.mode=rollout
models.out_dim=10
models.architecture.n_encoder_layers=1
models.architecture.n_decoder_layers=1    avg_loss: 0.000001049897  time_per_window : 0.000147   progress : 0.579
name: input_len=16
training.rollout_steps=8
models.architecture.block_type=cls
training.mode=rollout
models.out_dim=10
models.architecture.n_encoder_layers=1
models.architecture.n_decoder_layers=1    avg_loss: 0.000000725384  time_per_window : 0.000159   progress : 0.590
name: input_len=16
training.rollout_steps=8
models.architecture.block_type=cls
training.mode=rollout
models.out_dim=10
models.architecture.n_encoder_layers=1
models.architecture.n_decoder_layers=1    avg_loss: 0.000000845513  time_per_window : 0.000154   progress : 0.601
name: input_len=16
training.rollout_steps=8
models.architecture.block_type=cls
training.mode=rollout
models.out_dim=10
models.architecture.n_encoder_layers=1
models.architecture.n_decoder_layers=1    avg_loss: 0.000000720963  time_per_window : 0.000246   progress : 0.612
name: input_len=16
training.rollout_steps=8
models.architecture.block_type=cls
training.mode=rollout
models.out_dim=10
models.architecture.n_encoder_layers=1
models.architecture.n_decoder_layers=1    avg_loss: 0.000000738886  time_per_window : 0.000178   progress : 0.623
name: input_len=16
training.rollout_steps=8
models.architecture.block_type=cls
training.mode=rollout
models.out_dim=10
models.architecture.n_encoder_layers=1
models.architecture.n_decoder_layers=1    avg_loss: 0.000000814027  time_per_window : 0.000182   progress : 0.634
name: input_len=16
training.rollout_steps=8
models.architecture.block_type=cls
training.mode=rollout
models.out_dim=10
models.architecture.n_encoder_layers=1
models.architecture.n_decoder_layers=1    avg_loss: 0.000001019272  time_per_window : 0.000210   progress : 0.644
name: input_len=16
training.rollout_steps=8
models.architecture.block_type=cls
training.mode=rollout
models.out_dim=10
models.architecture.n_encoder_layers=1
models.architecture.n_decoder_layers=1    avg_loss: 0.000000768268  time_per_window : 0.000203   progress : 0.655
name: input_len=16
training.rollout_steps=8
models.architecture.block_type=cls
training.mode=rollout
models.out_dim=10
models.architecture.n_encoder_layers=1
models.architecture.n_decoder_layers=1    avg_loss: 0.000000769079  time_per_window : 0.000217   progress : 0.666
name: input_len=16
training.rollout_steps=8
models.architecture.block_type=cls
training.mode=rollout
models.out_dim=10
models.architecture.n_encoder_layers=1
models.architecture.n_decoder_layers=1    avg_loss: 0.000000752539  time_per_window : 0.000138   progress : 0.677
name: input_len=16
training.rollout_steps=8
models.architecture.block_type=cls
training.mode=rollout
models.out_dim=10
models.architecture.n_encoder_layers=1
models.architecture.n_decoder_layers=1    avg_loss: 0.000000761387  time_per_window : 0.000199   progress : 0.688
name: input_len=16
training.rollout_steps=8
models.architecture.block_type=cls
training.mode=rollout
models.out_dim=10
models.architecture.n_encoder_layers=1
models.architecture.n_decoder_layers=1    avg_loss: 0.000000717142  time_per_window : 0.000236   progress : 0.699
name: input_len=16
training.rollout_steps=8
models.architecture.block_type=cls
training.mode=rollout
models.out_dim=10
models.architecture.n_encoder_layers=1
models.architecture.n_decoder_layers=1    avg_loss: 0.000000809490  time_per_window : 0.000148   progress : 0.710
name: input_len=16
training.rollout_steps=8
models.architecture.block_type=cls
training.mode=rollout
models.out_dim=10
models.architecture.n_encoder_layers=1
models.architecture.n_decoder_layers=1    avg_loss: 0.000000644984  time_per_window : 0.000158   progress : 0.721
name: input_len=16
training.rollout_steps=8
models.architecture.block_type=cls
training.mode=rollout
models.out_dim=10
models.architecture.n_encoder_layers=1
models.architecture.n_decoder_layers=1    avg_loss: 0.000000689005  time_per_window : 0.000204   progress : 0.732
name: input_len=16
training.rollout_steps=8
models.architecture.block_type=cls
training.mode=rollout
models.out_dim=10
models.architecture.n_encoder_layers=1
models.architecture.n_decoder_layers=1    avg_loss: 0.000000795566  time_per_window : 0.000162   progress : 0.743
name: input_len=16
training.rollout_steps=8
models.architecture.block_type=cls
training.mode=rollout
models.out_dim=10
models.architecture.n_encoder_layers=1
models.architecture.n_decoder_layers=1    avg_loss: 0.000000817007  time_per_window : 0.000191   progress : 0.754
name: input_len=16
training.rollout_steps=8
models.architecture.block_type=cls
training.mode=rollout
models.out_dim=10
models.architecture.n_encoder_layers=1
models.architecture.n_decoder_layers=1    avg_loss: 0.000000746500  time_per_window : 0.000215   progress : 0.765
name: input_len=16
training.rollout_steps=8
models.architecture.block_type=cls
training.mode=rollout
models.out_dim=10
models.architecture.n_encoder_layers=1
models.architecture.n_decoder_layers=1    avg_loss: 0.000000735537  time_per_window : 0.000195   progress : 0.775
name: input_len=16
training.rollout_steps=8
models.architecture.block_type=cls
training.mode=rollout
models.out_dim=10
models.architecture.n_encoder_layers=1
models.architecture.n_decoder_layers=1    avg_loss: 0.000000806684  time_per_window : 0.000172   progress : 0.786
name: input_len=16
training.rollout_steps=8
models.architecture.block_type=cls
training.mode=rollout
models.out_dim=10
models.architecture.n_encoder_layers=1
models.architecture.n_decoder_layers=1    avg_loss: 0.000000674874  time_per_window : 0.000160   progress : 0.797
name: input_len=16
training.rollout_steps=8
models.architecture.block_type=cls
training.mode=rollout
models.out_dim=10
models.architecture.n_encoder_layers=1
models.architecture.n_decoder_layers=1    avg_loss: 0.000000619654  time_per_window : 0.000183   progress : 0.808
name: input_len=16
training.rollout_steps=8
models.architecture.block_type=cls
training.mode=rollout
models.out_dim=10
models.architecture.n_encoder_layers=1
models.architecture.n_decoder_layers=1    avg_loss: 0.000000835436  time_per_window : 0.000185   progress : 0.819
name: input_len=16
training.rollout_steps=8
models.architecture.block_type=cls
training.mode=rollout
models.out_dim=10
models.architecture.n_encoder_layers=1
models.architecture.n_decoder_layers=1    avg_loss: 0.000000692215  time_per_window : 0.000231   progress : 0.830
name: input_len=16
training.rollout_steps=8
models.architecture.block_type=cls
training.mode=rollout
models.out_dim=10
models.architecture.n_encoder_layers=1
models.architecture.n_decoder_layers=1    avg_loss: 0.000000578234  time_per_window : 0.000203   progress : 0.841
name: input_len=16
training.rollout_steps=8
models.architecture.block_type=cls
training.mode=rollout
models.out_dim=10
models.architecture.n_encoder_layers=1
models.architecture.n_decoder_layers=1    avg_loss: 0.000000622600  time_per_window : 0.000187   progress : 0.852
name: input_len=16
training.rollout_steps=8
models.architecture.block_type=cls
training.mode=rollout
models.out_dim=10
models.architecture.n_encoder_layers=1
models.architecture.n_decoder_layers=1    avg_loss: 0.000000707928  time_per_window : 0.000200   progress : 0.863
name: input_len=16
training.rollout_steps=8
models.architecture.block_type=cls
training.mode=rollout
models.out_dim=10
models.architecture.n_encoder_layers=1
models.architecture.n_decoder_layers=1    avg_loss: 0.000000632320  time_per_window : 0.000178   progress : 0.874
name: input_len=16
training.rollout_steps=8
models.architecture.block_type=cls
training.mode=rollout
models.out_dim=10
models.architecture.n_encoder_layers=1
models.architecture.n_decoder_layers=1    avg_loss: 0.000000719079  time_per_window : 0.000168   progress : 0.885
name: input_len=16
training.rollout_steps=8
models.architecture.block_type=cls
training.mode=rollout
models.out_dim=10
models.architecture.n_encoder_layers=1
models.architecture.n_decoder_layers=1    avg_loss: 0.000000765137  time_per_window : 0.000134   progress : 0.896
name: input_len=16
training.rollout_steps=8
models.architecture.block_type=cls
training.mode=rollout
models.out_dim=10
models.architecture.n_encoder_layers=1
models.architecture.n_decoder_layers=1    avg_loss: 0.000000555199  time_per_window : 0.000178   progress : 0.907
name: input_len=16
training.rollout_steps=8
models.architecture.block_type=cls
training.mode=rollout
models.out_dim=10
models.architecture.n_encoder_layers=1
models.architecture.n_decoder_layers=1    avg_loss: 0.000000742938  time_per_window : 0.000214   progress : 0.917
name: input_len=16
training.rollout_steps=8
models.architecture.block_type=cls
training.mode=rollout
models.out_dim=10
models.architecture.n_encoder_layers=1
models.architecture.n_decoder_layers=1    avg_loss: 0.000000581520  time_per_window : 0.000216   progress : 0.928
name: input_len=16
training.rollout_steps=8
models.architecture.block_type=cls
training.mode=rollout
models.out_dim=10
models.architecture.n_encoder_layers=1
models.architecture.n_decoder_layers=1    avg_loss: 0.000000704223  time_per_window : 0.000197   progress : 0.939
name: input_len=16
training.rollout_steps=8
models.architecture.block_type=cls
training.mode=rollout
models.out_dim=10
models.architecture.n_encoder_layers=1
models.architecture.n_decoder_layers=1    avg_loss: 0.000000648977  time_per_window : 0.000189   progress : 0.950
name: input_len=16
training.rollout_steps=8
models.architecture.block_type=cls
training.mode=rollout
models.out_dim=10
models.architecture.n_encoder_layers=1
models.architecture.n_decoder_layers=1    avg_loss: 0.000000596087  time_per_window : 0.000184   progress : 0.961
name: input_len=16
training.rollout_steps=8
models.architecture.block_type=cls
training.mode=rollout
models.out_dim=10
models.architecture.n_encoder_layers=1
models.architecture.n_decoder_layers=1    avg_loss: 0.000000606380  time_per_window : 0.000170   progress : 0.972
name: input_len=16
training.rollout_steps=8
models.architecture.block_type=cls
training.mode=rollout
models.out_dim=10
models.architecture.n_encoder_layers=1
models.architecture.n_decoder_layers=1    avg_loss: 0.000000618533  time_per_window : 0.000239   progress : 0.983
name: input_len=16
training.rollout_steps=8
models.architecture.block_type=cls
training.mode=rollout
models.out_dim=10
models.architecture.n_encoder_layers=1
models.architecture.n_decoder_layers=1    avg_loss: 0.000000678078  time_per_window : 0.000184   progress : 0.994
DONE!!!
