/home/jdihardjo/miniconda3/envs/mavenv/lib/python3.11/site-packages/hydra/_internal/defaults_list.py:251: UserWarning: In 'config': Defaults list is missing `_self_`. See https://hydra.cc/docs/1.2/upgrades/1.0_to_1.1/default_composition_order for more information
  warnings.warn(msg, UserWarning)
Using cuda device
[2026-07-25 01:28:07,683][HYDRA] Joblib.Parallel(n_jobs=4,backend=loky,prefer=processes,require=None,verbose=0,timeout=None,pre_dispatch=2*n_jobs,batch_size=auto,temp_folder=None,max_nbytes=None,mmap_mode=r) is launching 1 jobs
[2026-07-25 01:28:07,683][HYDRA] Launching jobs, sweep output dir : ablation_runs/2026-07-24_23-30-14/simple_cls_gml_1e1d_out10_in64
[2026-07-25 01:28:07,683][HYDRA] 	#0 : input_len=64 training.rollout_steps=32 models.architecture.block_type=simple_cls training.mode=gml_rollout models.out_dim=10 models.architecture.n_encoder_layers=1 models.architecture.n_decoder_layers=1
/home/jdihardjo/miniconda3/envs/mavenv/lib/python3.11/site-packages/hydra/_internal/defaults_list.py:251: UserWarning: In 'config': Defaults list is missing `_self_`. See https://hydra.cc/docs/1.2/upgrades/1.0_to_1.1/default_composition_order for more information
  warnings.warn(msg, UserWarning)
models:
  n_dim: 23
  out_dim: 10
  architecture:
    d_model: 128
    n_encoder_layers: 1
    n_decoder_layers: 1
    block_type: simple_cls
    time_adapter: last_token
    in_norm: none
    out_norm: none
    layer_scale: 0.0001
    drop_path: 0.05
    mamba_type: mamba
    mamba_kwargs:
      d_state: 16
      d_conv: 2
      expand: 2
      norm: rms
    skip: false
    cls_kwargs:
      n_heads: 2
      n_mlp: 2
      positional_encoding: false
      max_len: 5000
input_len: 64
output_len: 1
batch_size: 128
epochs: 5
seed: 0
dataset:
  path: /home/jdihardjo/simdata/train.zarr/
  training_size: 1500000
evaluation:
  path: /home/jdihardjo/simdata/evaluation.zarr/
  evaluation_size: 50
training:
  mode: gml_rollout
  lr: 0.0002
  weight_decay: 0.1
  rollout_steps: 32
checkpoint:
  save_path: hydra-test.pth
  load: false
  path: hydra-test.pth
compile: true

/home/jdihardjo/miniconda3/envs/mavenv/lib/python3.11/site-packages/torch/_inductor/cudagraph_trees.py:2622: UserWarning: Unable to hit fast path of CUDAGraphs because outputs from a previous step still require backward. Ensure backward() is invoked or detach outputs. You may also call torch.compiler.cudagraph_mark_step_begin() before each model invocation.
  warnings.warn(
name: input_len=64
training.rollout_steps=32
models.architecture.block_type=simple_cls
training.mode=gml_rollout
models.out_dim=10
models.architecture.n_encoder_layers=1
models.architecture.n_decoder_layers=1    avg_loss: 0.003898729570  time_per_window : 0.000492   progress : 0.011
name: input_len=64
training.rollout_steps=32
models.architecture.block_type=simple_cls
training.mode=gml_rollout
models.out_dim=10
models.architecture.n_encoder_layers=1
models.architecture.n_decoder_layers=1    avg_loss: 0.000016521786  time_per_window : 0.000580   progress : 0.022
name: input_len=64
training.rollout_steps=32
models.architecture.block_type=simple_cls
training.mode=gml_rollout
models.out_dim=10
models.architecture.n_encoder_layers=1
models.architecture.n_decoder_layers=1    avg_loss: 0.000006797069  time_per_window : 0.000517   progress : 0.033
name: input_len=64
training.rollout_steps=32
models.architecture.block_type=simple_cls
training.mode=gml_rollout
models.out_dim=10
models.architecture.n_encoder_layers=1
models.architecture.n_decoder_layers=1    avg_loss: 0.000003802986  time_per_window : 0.000458   progress : 0.044
name: input_len=64
training.rollout_steps=32
models.architecture.block_type=simple_cls
training.mode=gml_rollout
models.out_dim=10
models.architecture.n_encoder_layers=1
models.architecture.n_decoder_layers=1    avg_loss: 0.000002414770  time_per_window : 0.000501   progress : 0.055
name: input_len=64
training.rollout_steps=32
models.architecture.block_type=simple_cls
training.mode=gml_rollout
models.out_dim=10
models.architecture.n_encoder_layers=1
models.architecture.n_decoder_layers=1    avg_loss: 0.000001738243  time_per_window : 0.000565   progress : 0.066
name: input_len=64
training.rollout_steps=32
models.architecture.block_type=simple_cls
training.mode=gml_rollout
models.out_dim=10
models.architecture.n_encoder_layers=1
models.architecture.n_decoder_layers=1    avg_loss: 0.000001419790  time_per_window : 0.000538   progress : 0.076
name: input_len=64
training.rollout_steps=32
models.architecture.block_type=simple_cls
training.mode=gml_rollout
models.out_dim=10
models.architecture.n_encoder_layers=1
models.architecture.n_decoder_layers=1    avg_loss: 0.000001169456  time_per_window : 0.000530   progress : 0.087
name: input_len=64
training.rollout_steps=32
models.architecture.block_type=simple_cls
training.mode=gml_rollout
models.out_dim=10
models.architecture.n_encoder_layers=1
models.architecture.n_decoder_layers=1    avg_loss: 0.000001037503  time_per_window : 0.000500   progress : 0.098
name: input_len=64
training.rollout_steps=32
models.architecture.block_type=simple_cls
training.mode=gml_rollout
models.out_dim=10
models.architecture.n_encoder_layers=1
models.architecture.n_decoder_layers=1    avg_loss: 0.000000978104  time_per_window : 0.000574   progress : 0.109
name: input_len=64
training.rollout_steps=32
models.architecture.block_type=simple_cls
training.mode=gml_rollout
models.out_dim=10
models.architecture.n_encoder_layers=1
models.architecture.n_decoder_layers=1    avg_loss: 0.000000905339  time_per_window : 0.000560   progress : 0.120
name: input_len=64
training.rollout_steps=32
models.architecture.block_type=simple_cls
training.mode=gml_rollout
models.out_dim=10
models.architecture.n_encoder_layers=1
models.architecture.n_decoder_layers=1    avg_loss: 0.000000847789  time_per_window : 0.000504   progress : 0.131
name: input_len=64
training.rollout_steps=32
models.architecture.block_type=simple_cls
training.mode=gml_rollout
models.out_dim=10
models.architecture.n_encoder_layers=1
models.architecture.n_decoder_layers=1    avg_loss: 0.000000981007  time_per_window : 0.000447   progress : 0.142
name: input_len=64
training.rollout_steps=32
models.architecture.block_type=simple_cls
training.mode=gml_rollout
models.out_dim=10
models.architecture.n_encoder_layers=1
models.architecture.n_decoder_layers=1    avg_loss: 0.000001343786  time_per_window : 0.000506   progress : 0.153
name: input_len=64
training.rollout_steps=32
models.architecture.block_type=simple_cls
training.mode=gml_rollout
models.out_dim=10
models.architecture.n_encoder_layers=1
models.architecture.n_decoder_layers=1    avg_loss: 0.000002316875  time_per_window : 0.000574   progress : 0.164
name: input_len=64
training.rollout_steps=32
models.architecture.block_type=simple_cls
training.mode=gml_rollout
models.out_dim=10
models.architecture.n_encoder_layers=1
models.architecture.n_decoder_layers=1    avg_loss: 0.000004770956  time_per_window : 0.000601   progress : 0.175
name: input_len=64
training.rollout_steps=32
models.architecture.block_type=simple_cls
training.mode=gml_rollout
models.out_dim=10
models.architecture.n_encoder_layers=1
models.architecture.n_decoder_layers=1    avg_loss: 0.000002322891  time_per_window : 0.000479   progress : 0.186
name: input_len=64
training.rollout_steps=32
models.architecture.block_type=simple_cls
training.mode=gml_rollout
models.out_dim=10
models.architecture.n_encoder_layers=1
models.architecture.n_decoder_layers=1    avg_loss: 0.000002896212  time_per_window : 0.000567   progress : 0.197
name: input_len=64
training.rollout_steps=32
models.architecture.block_type=simple_cls
training.mode=gml_rollout
models.out_dim=10
models.architecture.n_encoder_layers=1
models.architecture.n_decoder_layers=1    avg_loss: 0.000006413087  time_per_window : 0.000507   progress : 0.208
name: input_len=64
training.rollout_steps=32
models.architecture.block_type=simple_cls
training.mode=gml_rollout
models.out_dim=10
models.architecture.n_encoder_layers=1
models.architecture.n_decoder_layers=1    avg_loss: 0.000005103903  time_per_window : 0.000470   progress : 0.218
name: input_len=64
training.rollout_steps=32
models.architecture.block_type=simple_cls
training.mode=gml_rollout
models.out_dim=10
models.architecture.n_encoder_layers=1
models.architecture.n_decoder_layers=1    avg_loss: 0.000005470653  time_per_window : 0.000523   progress : 0.229
name: input_len=64
training.rollout_steps=32
models.architecture.block_type=simple_cls
training.mode=gml_rollout
models.out_dim=10
models.architecture.n_encoder_layers=1
models.architecture.n_decoder_layers=1    avg_loss: 0.000006402412  time_per_window : 0.000492   progress : 0.240
name: input_len=64
training.rollout_steps=32
models.architecture.block_type=simple_cls
training.mode=gml_rollout
models.out_dim=10
models.architecture.n_encoder_layers=1
models.architecture.n_decoder_layers=1    avg_loss: 0.000006981109  time_per_window : 0.000507   progress : 0.251
name: input_len=64
training.rollout_steps=32
models.architecture.block_type=simple_cls
training.mode=gml_rollout
models.out_dim=10
models.architecture.n_encoder_layers=1
models.architecture.n_decoder_layers=1    avg_loss: 0.000005894968  time_per_window : 0.000476   progress : 0.262
name: input_len=64
training.rollout_steps=32
models.architecture.block_type=simple_cls
training.mode=gml_rollout
models.out_dim=10
models.architecture.n_encoder_layers=1
models.architecture.n_decoder_layers=1    avg_loss: 0.000008311901  time_per_window : 0.000486   progress : 0.273
name: input_len=64
training.rollout_steps=32
models.architecture.block_type=simple_cls
training.mode=gml_rollout
models.out_dim=10
models.architecture.n_encoder_layers=1
models.architecture.n_decoder_layers=1    avg_loss: 0.000008067057  time_per_window : 0.000458   progress : 0.284
name: input_len=64
training.rollout_steps=32
models.architecture.block_type=simple_cls
training.mode=gml_rollout
models.out_dim=10
models.architecture.n_encoder_layers=1
models.architecture.n_decoder_layers=1    avg_loss: 0.000008661789  time_per_window : 0.000415   progress : 0.295
name: input_len=64
training.rollout_steps=32
models.architecture.block_type=simple_cls
training.mode=gml_rollout
models.out_dim=10
models.architecture.n_encoder_layers=1
models.architecture.n_decoder_layers=1    avg_loss: 0.000004276694  time_per_window : 0.000511   progress : 0.306
name: input_len=64
training.rollout_steps=32
models.architecture.block_type=simple_cls
training.mode=gml_rollout
models.out_dim=10
models.architecture.n_encoder_layers=1
models.architecture.n_decoder_layers=1    avg_loss: 0.000008801469  time_per_window : 0.000516   progress : 0.317
name: input_len=64
training.rollout_steps=32
models.architecture.block_type=simple_cls
training.mode=gml_rollout
models.out_dim=10
models.architecture.n_encoder_layers=1
models.architecture.n_decoder_layers=1    avg_loss: 0.000006284410  time_per_window : 0.000452   progress : 0.328
name: input_len=64
training.rollout_steps=32
models.architecture.block_type=simple_cls
training.mode=gml_rollout
models.out_dim=10
models.architecture.n_encoder_layers=1
models.architecture.n_decoder_layers=1    avg_loss: 0.000008596507  time_per_window : 0.000477   progress : 0.339
name: input_len=64
training.rollout_steps=32
models.architecture.block_type=simple_cls
training.mode=gml_rollout
models.out_dim=10
models.architecture.n_encoder_layers=1
models.architecture.n_decoder_layers=1    avg_loss: 0.000006143129  time_per_window : 0.000408   progress : 0.350
name: input_len=64
training.rollout_steps=32
models.architecture.block_type=simple_cls
training.mode=gml_rollout
models.out_dim=10
models.architecture.n_encoder_layers=1
models.architecture.n_decoder_layers=1    avg_loss: 0.000008582389  time_per_window : 0.000558   progress : 0.360
name: input_len=64
training.rollout_steps=32
models.architecture.block_type=simple_cls
training.mode=gml_rollout
models.out_dim=10
models.architecture.n_encoder_layers=1
models.architecture.n_decoder_layers=1    avg_loss: 0.000006097079  time_per_window : 0.000455   progress : 0.371
name: input_len=64
training.rollout_steps=32
models.architecture.block_type=simple_cls
training.mode=gml_rollout
models.out_dim=10
models.architecture.n_encoder_layers=1
models.architecture.n_decoder_layers=1    avg_loss: 0.000006786243  time_per_window : 0.000500   progress : 0.382
name: input_len=64
training.rollout_steps=32
models.architecture.block_type=simple_cls
training.mode=gml_rollout
models.out_dim=10
models.architecture.n_encoder_layers=1
models.architecture.n_decoder_layers=1    avg_loss: 0.000008655560  time_per_window : 0.000425   progress : 0.393
name: input_len=64
training.rollout_steps=32
models.architecture.block_type=simple_cls
training.mode=gml_rollout
models.out_dim=10
models.architecture.n_encoder_layers=1
models.architecture.n_decoder_layers=1    avg_loss: 0.000004334145  time_per_window : 0.000544   progress : 0.404
name: input_len=64
training.rollout_steps=32
models.architecture.block_type=simple_cls
training.mode=gml_rollout
models.out_dim=10
models.architecture.n_encoder_layers=1
models.architecture.n_decoder_layers=1    avg_loss: 0.000008567259  time_per_window : 0.000472   progress : 0.415
name: input_len=64
training.rollout_steps=32
models.architecture.block_type=simple_cls
training.mode=gml_rollout
models.out_dim=10
models.architecture.n_encoder_layers=1
models.architecture.n_decoder_layers=1    avg_loss: 0.000006811144  time_per_window : 0.000524   progress : 0.426
name: input_len=64
training.rollout_steps=32
models.architecture.block_type=simple_cls
training.mode=gml_rollout
models.out_dim=10
models.architecture.n_encoder_layers=1
models.architecture.n_decoder_layers=1    avg_loss: 0.000006308545  time_per_window : 0.000581   progress : 0.437
name: input_len=64
training.rollout_steps=32
models.architecture.block_type=simple_cls
training.mode=gml_rollout
models.out_dim=10
models.architecture.n_encoder_layers=1
models.architecture.n_decoder_layers=1    avg_loss: 0.000006523009  time_per_window : 0.000574   progress : 0.448
name: input_len=64
training.rollout_steps=32
models.architecture.block_type=simple_cls
training.mode=gml_rollout
models.out_dim=10
models.architecture.n_encoder_layers=1
models.architecture.n_decoder_layers=1    avg_loss: 0.000006917337  time_per_window : 0.000553   progress : 0.459
name: input_len=64
training.rollout_steps=32
models.architecture.block_type=simple_cls
training.mode=gml_rollout
models.out_dim=10
models.architecture.n_encoder_layers=1
models.architecture.n_decoder_layers=1    avg_loss: 0.000005894851  time_per_window : 0.000465   progress : 0.470
name: input_len=64
training.rollout_steps=32
models.architecture.block_type=simple_cls
training.mode=gml_rollout
models.out_dim=10
models.architecture.n_encoder_layers=1
models.architecture.n_decoder_layers=1    avg_loss: 0.000006514950  time_per_window : 0.000554   progress : 0.481
name: input_len=64
training.rollout_steps=32
models.architecture.block_type=simple_cls
training.mode=gml_rollout
models.out_dim=10
models.architecture.n_encoder_layers=1
models.architecture.n_decoder_layers=1    avg_loss: 0.000006998762  time_per_window : 0.000505   progress : 0.492
name: input_len=64
training.rollout_steps=32
models.architecture.block_type=simple_cls
training.mode=gml_rollout
models.out_dim=10
models.architecture.n_encoder_layers=1
models.architecture.n_decoder_layers=1    avg_loss: 0.000005630241  time_per_window : 0.000548   progress : 0.502
name: input_len=64
training.rollout_steps=32
models.architecture.block_type=simple_cls
training.mode=gml_rollout
models.out_dim=10
models.architecture.n_encoder_layers=1
models.architecture.n_decoder_layers=1    avg_loss: 0.000004403079  time_per_window : 0.000496   progress : 0.513
name: input_len=64
training.rollout_steps=32
models.architecture.block_type=simple_cls
training.mode=gml_rollout
models.out_dim=10
models.architecture.n_encoder_layers=1
models.architecture.n_decoder_layers=1    avg_loss: 0.000006746769  time_per_window : 0.000557   progress : 0.524
name: input_len=64
training.rollout_steps=32
models.architecture.block_type=simple_cls
training.mode=gml_rollout
models.out_dim=10
models.architecture.n_encoder_layers=1
models.architecture.n_decoder_layers=1    avg_loss: 0.000005770483  time_per_window : 0.000534   progress : 0.535
name: input_len=64
training.rollout_steps=32
models.architecture.block_type=simple_cls
training.mode=gml_rollout
models.out_dim=10
models.architecture.n_encoder_layers=1
models.architecture.n_decoder_layers=1    avg_loss: 0.000006464827  time_per_window : 0.000476   progress : 0.546
name: input_len=64
training.rollout_steps=32
models.architecture.block_type=simple_cls
training.mode=gml_rollout
models.out_dim=10
models.architecture.n_encoder_layers=1
models.architecture.n_decoder_layers=1    avg_loss: 0.000005684981  time_per_window : 0.000517   progress : 0.557
name: input_len=64
training.rollout_steps=32
models.architecture.block_type=simple_cls
training.mode=gml_rollout
models.out_dim=10
models.architecture.n_encoder_layers=1
models.architecture.n_decoder_layers=1    avg_loss: 0.000004774497  time_per_window : 0.000494   progress : 0.568
name: input_len=64
training.rollout_steps=32
models.architecture.block_type=simple_cls
training.mode=gml_rollout
models.out_dim=10
models.architecture.n_encoder_layers=1
models.architecture.n_decoder_layers=1    avg_loss: 0.000005281984  time_per_window : 0.000494   progress : 0.579
name: input_len=64
training.rollout_steps=32
models.architecture.block_type=simple_cls
training.mode=gml_rollout
models.out_dim=10
models.architecture.n_encoder_layers=1
models.architecture.n_decoder_layers=1    avg_loss: 0.000004926018  time_per_window : 0.000485   progress : 0.590
name: input_len=64
training.rollout_steps=32
models.architecture.block_type=simple_cls
training.mode=gml_rollout
models.out_dim=10
models.architecture.n_encoder_layers=1
models.architecture.n_decoder_layers=1    avg_loss: 0.000005466588  time_per_window : 0.000437   progress : 0.601
name: input_len=64
training.rollout_steps=32
models.architecture.block_type=simple_cls
training.mode=gml_rollout
models.out_dim=10
models.architecture.n_encoder_layers=1
models.architecture.n_decoder_layers=1    avg_loss: 0.000005236671  time_per_window : 0.000550   progress : 0.612
name: input_len=64
training.rollout_steps=32
models.architecture.block_type=simple_cls
training.mode=gml_rollout
models.out_dim=10
models.architecture.n_encoder_layers=1
models.architecture.n_decoder_layers=1    avg_loss: 0.000005136538  time_per_window : 0.000506   progress : 0.623
name: input_len=64
training.rollout_steps=32
models.architecture.block_type=simple_cls
training.mode=gml_rollout
models.out_dim=10
models.architecture.n_encoder_layers=1
models.architecture.n_decoder_layers=1    avg_loss: 0.000005206150  time_per_window : 0.000440   progress : 0.634
name: input_len=64
training.rollout_steps=32
models.architecture.block_type=simple_cls
training.mode=gml_rollout
models.out_dim=10
models.architecture.n_encoder_layers=1
models.architecture.n_decoder_layers=1    avg_loss: 0.000004367495  time_per_window : 0.000521   progress : 0.644
name: input_len=64
training.rollout_steps=32
models.architecture.block_type=simple_cls
training.mode=gml_rollout
models.out_dim=10
models.architecture.n_encoder_layers=1
models.architecture.n_decoder_layers=1    avg_loss: 0.000005459041  time_per_window : 0.000515   progress : 0.655
name: input_len=64
training.rollout_steps=32
models.architecture.block_type=simple_cls
training.mode=gml_rollout
models.out_dim=10
models.architecture.n_encoder_layers=1
models.architecture.n_decoder_layers=1    avg_loss: 0.000003572701  time_per_window : 0.000502   progress : 0.666
name: input_len=64
training.rollout_steps=32
models.architecture.block_type=simple_cls
training.mode=gml_rollout
models.out_dim=10
models.architecture.n_encoder_layers=1
models.architecture.n_decoder_layers=1    avg_loss: 0.000005539820  time_per_window : 0.000502   progress : 0.677
name: input_len=64
training.rollout_steps=32
models.architecture.block_type=simple_cls
training.mode=gml_rollout
models.out_dim=10
models.architecture.n_encoder_layers=1
models.architecture.n_decoder_layers=1    avg_loss: 0.000004082344  time_per_window : 0.000496   progress : 0.688
name: input_len=64
training.rollout_steps=32
models.architecture.block_type=simple_cls
training.mode=gml_rollout
models.out_dim=10
models.architecture.n_encoder_layers=1
models.architecture.n_decoder_layers=1    avg_loss: 0.000004051174  time_per_window : 0.000478   progress : 0.699
name: input_len=64
training.rollout_steps=32
models.architecture.block_type=simple_cls
training.mode=gml_rollout
models.out_dim=10
models.architecture.n_encoder_layers=1
models.architecture.n_decoder_layers=1    avg_loss: 0.000004771071  time_per_window : 0.000507   progress : 0.710
name: input_len=64
training.rollout_steps=32
models.architecture.block_type=simple_cls
training.mode=gml_rollout
models.out_dim=10
models.architecture.n_encoder_layers=1
models.architecture.n_decoder_layers=1    avg_loss: 0.000004304639  time_per_window : 0.000477   progress : 0.721
name: input_len=64
training.rollout_steps=32
models.architecture.block_type=simple_cls
training.mode=gml_rollout
models.out_dim=10
models.architecture.n_encoder_layers=1
models.architecture.n_decoder_layers=1    avg_loss: 0.000005163625  time_per_window : 0.000504   progress : 0.732
name: input_len=64
training.rollout_steps=32
models.architecture.block_type=simple_cls
training.mode=gml_rollout
models.out_dim=10
models.architecture.n_encoder_layers=1
models.architecture.n_decoder_layers=1    avg_loss: 0.000003320454  time_per_window : 0.000574   progress : 0.743
name: input_len=64
training.rollout_steps=32
models.architecture.block_type=simple_cls
training.mode=gml_rollout
models.out_dim=10
models.architecture.n_encoder_layers=1
models.architecture.n_decoder_layers=1    avg_loss: 0.000004310016  time_per_window : 0.000562   progress : 0.754
name: input_len=64
training.rollout_steps=32
models.architecture.block_type=simple_cls
training.mode=gml_rollout
models.out_dim=10
models.architecture.n_encoder_layers=1
models.architecture.n_decoder_layers=1    avg_loss: 0.000004327613  time_per_window : 0.000543   progress : 0.765
name: input_len=64
training.rollout_steps=32
models.architecture.block_type=simple_cls
training.mode=gml_rollout
models.out_dim=10
models.architecture.n_encoder_layers=1
models.architecture.n_decoder_layers=1    avg_loss: 0.000003184172  time_per_window : 0.000464   progress : 0.775
name: input_len=64
training.rollout_steps=32
models.architecture.block_type=simple_cls
training.mode=gml_rollout
models.out_dim=10
models.architecture.n_encoder_layers=1
models.architecture.n_decoder_layers=1    avg_loss: 0.000004148676  time_per_window : 0.000564   progress : 0.786
name: input_len=64
training.rollout_steps=32
models.architecture.block_type=simple_cls
training.mode=gml_rollout
models.out_dim=10
models.architecture.n_encoder_layers=1
models.architecture.n_decoder_layers=1    avg_loss: 0.000003756070  time_per_window : 0.000499   progress : 0.797
name: input_len=64
training.rollout_steps=32
models.architecture.block_type=simple_cls
training.mode=gml_rollout
models.out_dim=10
models.architecture.n_encoder_layers=1
models.architecture.n_decoder_layers=1    avg_loss: 0.000003589834  time_per_window : 0.000520   progress : 0.808
name: input_len=64
training.rollout_steps=32
models.architecture.block_type=simple_cls
training.mode=gml_rollout
models.out_dim=10
models.architecture.n_encoder_layers=1
models.architecture.n_decoder_layers=1    avg_loss: 0.000003500841  time_per_window : 0.000560   progress : 0.819
name: input_len=64
training.rollout_steps=32
models.architecture.block_type=simple_cls
training.mode=gml_rollout
models.out_dim=10
models.architecture.n_encoder_layers=1
models.architecture.n_decoder_layers=1    avg_loss: 0.000004141896  time_per_window : 0.000557   progress : 0.830
name: input_len=64
training.rollout_steps=32
models.architecture.block_type=simple_cls
training.mode=gml_rollout
models.out_dim=10
models.architecture.n_encoder_layers=1
models.architecture.n_decoder_layers=1    avg_loss: 0.000003402080  time_per_window : 0.000541   progress : 0.841
name: input_len=64
training.rollout_steps=32
models.architecture.block_type=simple_cls
training.mode=gml_rollout
models.out_dim=10
models.architecture.n_encoder_layers=1
models.architecture.n_decoder_layers=1    avg_loss: 0.000003346077  time_per_window : 0.000537   progress : 0.852
name: input_len=64
training.rollout_steps=32
models.architecture.block_type=simple_cls
training.mode=gml_rollout
models.out_dim=10
models.architecture.n_encoder_layers=1
models.architecture.n_decoder_layers=1    avg_loss: 0.000003364627  time_per_window : 0.000470   progress : 0.863
name: input_len=64
training.rollout_steps=32
models.architecture.block_type=simple_cls
training.mode=gml_rollout
models.out_dim=10
models.architecture.n_encoder_layers=1
models.architecture.n_decoder_layers=1    avg_loss: 0.000003418912  time_per_window : 0.000539   progress : 0.874
name: input_len=64
training.rollout_steps=32
models.architecture.block_type=simple_cls
training.mode=gml_rollout
models.out_dim=10
models.architecture.n_encoder_layers=1
models.architecture.n_decoder_layers=1    avg_loss: 0.000003664077  time_per_window : 0.000535   progress : 0.885
name: input_len=64
training.rollout_steps=32
models.architecture.block_type=simple_cls
training.mode=gml_rollout
models.out_dim=10
models.architecture.n_encoder_layers=1
models.architecture.n_decoder_layers=1    avg_loss: 0.000002521733  time_per_window : 0.000514   progress : 0.896
name: input_len=64
training.rollout_steps=32
models.architecture.block_type=simple_cls
training.mode=gml_rollout
models.out_dim=10
models.architecture.n_encoder_layers=1
models.architecture.n_decoder_layers=1    avg_loss: 0.000003741476  time_per_window : 0.000556   progress : 0.907
name: input_len=64
training.rollout_steps=32
models.architecture.block_type=simple_cls
training.mode=gml_rollout
models.out_dim=10
models.architecture.n_encoder_layers=1
models.architecture.n_decoder_layers=1    avg_loss: 0.000003113767  time_per_window : 0.000532   progress : 0.917
name: input_len=64
training.rollout_steps=32
models.architecture.block_type=simple_cls
training.mode=gml_rollout
models.out_dim=10
models.architecture.n_encoder_layers=1
models.architecture.n_decoder_layers=1    avg_loss: 0.000003083796  time_per_window : 0.000536   progress : 0.928
name: input_len=64
training.rollout_steps=32
models.architecture.block_type=simple_cls
training.mode=gml_rollout
models.out_dim=10
models.architecture.n_encoder_layers=1
models.architecture.n_decoder_layers=1    avg_loss: 0.000002602854  time_per_window : 0.000457   progress : 0.939
name: input_len=64
training.rollout_steps=32
models.architecture.block_type=simple_cls
training.mode=gml_rollout
models.out_dim=10
models.architecture.n_encoder_layers=1
models.architecture.n_decoder_layers=1    avg_loss: 0.000003366929  time_per_window : 0.000551   progress : 0.950/home/jdihardjo/miniconda3/envs/mavenv/lib/python3.11/site-packages/torch/_inductor/cudagraph_trees.py:2622: UserWarning: Unable to hit fast path of CUDAGraphs because outputs from a previous step still require backward. Ensure backward() is invoked or detach outputs. You may also call torch.compiler.cudagraph_mark_step_begin() before each model invocation.
  warnings.warn(
/home/jdihardjo/miniconda3/envs/mavenv/lib/python3.11/site-packages/torch/_inductor/cudagraph_trees.py:2622: UserWarning: Unable to hit fast path of CUDAGraphs because outputs from a previous step still require backward. Ensure backward() is invoked or detach outputs. You may also call torch.compiler.cudagraph_mark_step_begin() before each model invocation.
  warnings.warn(

name: input_len=64
training.rollout_steps=32
models.architecture.block_type=simple_cls
training.mode=gml_rollout
models.out_dim=10
models.architecture.n_encoder_layers=1
models.architecture.n_decoder_layers=1    avg_loss: 0.000002498248  time_per_window : 0.000560   progress : 0.961
name: input_len=64
training.rollout_steps=32
models.architecture.block_type=simple_cls
training.mode=gml_rollout
models.out_dim=10
models.architecture.n_encoder_layers=1
models.architecture.n_decoder_layers=1    avg_loss: 0.000003283368  time_per_window : 0.000540   progress : 0.972
name: input_len=64
training.rollout_steps=32
models.architecture.block_type=simple_cls
training.mode=gml_rollout
models.out_dim=10
models.architecture.n_encoder_layers=1
models.architecture.n_decoder_layers=1    avg_loss: 0.000002136402  time_per_window : 0.000424   progress : 0.983
name: input_len=64
training.rollout_steps=32
models.architecture.block_type=simple_cls
training.mode=gml_rollout
models.out_dim=10
models.architecture.n_encoder_layers=1
models.architecture.n_decoder_layers=1    avg_loss: 0.000003022139  time_per_window : 0.000549   progress : 0.994
name: input_len=64
training.rollout_steps=32
models.architecture.block_type=simple_cls
training.mode=gml_rollout
models.out_dim=10
models.architecture.n_encoder_layers=1
models.architecture.n_decoder_layers=1    avg_loss: 0.000018776886  time_per_window : 0.000602   progress : 0.011
name: input_len=64
training.rollout_steps=32
models.architecture.block_type=simple_cls
training.mode=gml_rollout
models.out_dim=10
models.architecture.n_encoder_layers=1
models.architecture.n_decoder_layers=1    avg_loss: 0.000000770025  time_per_window : 0.000640   progress : 0.022
name: input_len=64
training.rollout_steps=32
models.architecture.block_type=simple_cls
training.mode=gml_rollout
models.out_dim=10
models.architecture.n_encoder_layers=1
models.architecture.n_decoder_layers=1    avg_loss: 0.000001569580  time_per_window : 0.000621   progress : 0.033
name: input_len=64
training.rollout_steps=32
models.architecture.block_type=simple_cls
training.mode=gml_rollout
models.out_dim=10
models.architecture.n_encoder_layers=1
models.architecture.n_decoder_layers=1    avg_loss: 0.000002058789  time_per_window : 0.000600   progress : 0.044
name: input_len=64
training.rollout_steps=32
models.architecture.block_type=simple_cls
training.mode=gml_rollout
models.out_dim=10
models.architecture.n_encoder_layers=1
models.architecture.n_decoder_layers=1    avg_loss: 0.000002478227  time_per_window : 0.000611   progress : 0.055
name: input_len=64
training.rollout_steps=32
models.architecture.block_type=simple_cls
training.mode=gml_rollout
models.out_dim=10
models.architecture.n_encoder_layers=1
models.architecture.n_decoder_layers=1    avg_loss: 0.000001658482  time_per_window : 0.000683   progress : 0.066
name: input_len=64
training.rollout_steps=32
models.architecture.block_type=simple_cls
training.mode=gml_rollout
models.out_dim=10
models.architecture.n_encoder_layers=1
models.architecture.n_decoder_layers=1    avg_loss: 0.000002538960  time_per_window : 0.000583   progress : 0.076
name: input_len=64
training.rollout_steps=32
models.architecture.block_type=simple_cls
training.mode=gml_rollout
models.out_dim=10
models.architecture.n_encoder_layers=1
models.architecture.n_decoder_layers=1    avg_loss: 0.000002146772  time_per_window : 0.000628   progress : 0.087
name: input_len=64
training.rollout_steps=32
models.architecture.block_type=simple_cls
training.mode=gml_rollout
models.out_dim=10
models.architecture.n_encoder_layers=1
models.architecture.n_decoder_layers=1    avg_loss: 0.000002653539  time_per_window : 0.000641   progress : 0.098
name: input_len=64
training.rollout_steps=32
models.architecture.block_type=simple_cls
training.mode=gml_rollout
models.out_dim=10
models.architecture.n_encoder_layers=1
models.architecture.n_decoder_layers=1    avg_loss: 0.000002160760  time_per_window : 0.000554   progress : 0.109
name: input_len=64
training.rollout_steps=32
models.architecture.block_type=simple_cls
training.mode=gml_rollout
models.out_dim=10
models.architecture.n_encoder_layers=1
models.architecture.n_decoder_layers=1    avg_loss: 0.000002572599  time_per_window : 0.000615   progress : 0.120
name: input_len=64
training.rollout_steps=32
models.architecture.block_type=simple_cls
training.mode=gml_rollout
models.out_dim=10
models.architecture.n_encoder_layers=1
models.architecture.n_decoder_layers=1    avg_loss: 0.000002105448  time_per_window : 0.000653   progress : 0.131
name: input_len=64
training.rollout_steps=32
models.architecture.block_type=simple_cls
training.mode=gml_rollout
models.out_dim=10
models.architecture.n_encoder_layers=1
models.architecture.n_decoder_layers=1    avg_loss: 0.000002421135  time_per_window : 0.000583   progress : 0.142
name: input_len=64
training.rollout_steps=32
models.architecture.block_type=simple_cls
training.mode=gml_rollout
models.out_dim=10
models.architecture.n_encoder_layers=1
models.architecture.n_decoder_layers=1    avg_loss: 0.000002151496  time_per_window : 0.000686   progress : 0.153
name: input_len=64
training.rollout_steps=32
models.architecture.block_type=simple_cls
training.mode=gml_rollout
models.out_dim=10
models.architecture.n_encoder_layers=1
models.architecture.n_decoder_layers=1    avg_loss: 0.000002410754  time_per_window : 0.000547   progress : 0.164
name: input_len=64
training.rollout_steps=32
models.architecture.block_type=simple_cls
training.mode=gml_rollout
models.out_dim=10
models.architecture.n_encoder_layers=1
models.architecture.n_decoder_layers=1    avg_loss: 0.000002049614  time_per_window : 0.000607   progress : 0.175
name: input_len=64
training.rollout_steps=32
models.architecture.block_type=simple_cls
training.mode=gml_rollout
models.out_dim=10
models.architecture.n_encoder_layers=1
models.architecture.n_decoder_layers=1    avg_loss: 0.000002381982  time_per_window : 0.000653   progress : 0.186
name: input_len=64
training.rollout_steps=32
models.architecture.block_type=simple_cls
training.mode=gml_rollout
models.out_dim=10
models.architecture.n_encoder_layers=1
models.architecture.n_decoder_layers=1    avg_loss: 0.000002232134  time_per_window : 0.000591   progress : 0.197
name: input_len=64
training.rollout_steps=32
models.architecture.block_type=simple_cls
training.mode=gml_rollout
models.out_dim=10
models.architecture.n_encoder_layers=1
models.architecture.n_decoder_layers=1    avg_loss: 0.000001881846  time_per_window : 0.000642   progress : 0.208
name: input_len=64
training.rollout_steps=32
models.architecture.block_type=simple_cls
training.mode=gml_rollout
models.out_dim=10
models.architecture.n_encoder_layers=1
models.architecture.n_decoder_layers=1    avg_loss: 0.000002425007  time_per_window : 0.000619   progress : 0.218
name: input_len=64
training.rollout_steps=32
models.architecture.block_type=simple_cls
training.mode=gml_rollout
models.out_dim=10
models.architecture.n_encoder_layers=1
models.architecture.n_decoder_layers=1    avg_loss: 0.000002195802  time_per_window : 0.000589   progress : 0.229
name: input_len=64
training.rollout_steps=32
models.architecture.block_type=simple_cls
training.mode=gml_rollout
models.out_dim=10
models.architecture.n_encoder_layers=1
models.architecture.n_decoder_layers=1    avg_loss: 0.000001864789  time_per_window : 0.000583   progress : 0.240
name: input_len=64
training.rollout_steps=32
models.architecture.block_type=simple_cls
training.mode=gml_rollout
models.out_dim=10
models.architecture.n_encoder_layers=1
models.architecture.n_decoder_layers=1    avg_loss: 0.000002200315  time_per_window : 0.000603   progress : 0.251
name: input_len=64
training.rollout_steps=32
models.architecture.block_type=simple_cls
training.mode=gml_rollout
models.out_dim=10
models.architecture.n_encoder_layers=1
models.architecture.n_decoder_layers=1    avg_loss: 0.000001890482  time_per_window : 0.000504   progress : 0.262
name: input_len=64
training.rollout_steps=32
models.architecture.block_type=simple_cls
training.mode=gml_rollout
models.out_dim=10
models.architecture.n_encoder_layers=1
models.architecture.n_decoder_layers=1    avg_loss: 0.000002028122  time_per_window : 0.000545   progress : 0.273
name: input_len=64
training.rollout_steps=32
models.architecture.block_type=simple_cls
training.mode=gml_rollout
models.out_dim=10
models.architecture.n_encoder_layers=1
models.architecture.n_decoder_layers=1    avg_loss: 0.000001945215  time_per_window : 0.000650   progress : 0.284
name: input_len=64
training.rollout_steps=32
models.architecture.block_type=simple_cls
training.mode=gml_rollout
models.out_dim=10
models.architecture.n_encoder_layers=1
models.architecture.n_decoder_layers=1    avg_loss: 0.000002042262  time_per_window : 0.000607   progress : 0.295
name: input_len=64
training.rollout_steps=32
models.architecture.block_type=simple_cls
training.mode=gml_rollout
models.out_dim=10
models.architecture.n_encoder_layers=1
models.architecture.n_decoder_layers=1    avg_loss: 0.000001860424  time_per_window : 0.000531   progress : 0.306
name: input_len=64
training.rollout_steps=32
models.architecture.block_type=simple_cls
training.mode=gml_rollout
models.out_dim=10
models.architecture.n_encoder_layers=1
models.architecture.n_decoder_layers=1    avg_loss: 0.000001948681  time_per_window : 0.000700   progress : 0.317
name: input_len=64
training.rollout_steps=32
models.architecture.block_type=simple_cls
training.mode=gml_rollout
models.out_dim=10
models.architecture.n_encoder_layers=1
models.architecture.n_decoder_layers=1    avg_loss: 0.000001634647  time_per_window : 0.000671   progress : 0.328
name: input_len=64
training.rollout_steps=32
models.architecture.block_type=simple_cls
training.mode=gml_rollout
models.out_dim=10
models.architecture.n_encoder_layers=1
models.architecture.n_decoder_layers=1    avg_loss: 0.000001851724  time_per_window : 0.000577   progress : 0.339
name: input_len=64
training.rollout_steps=32
models.architecture.block_type=simple_cls
training.mode=gml_rollout
models.out_dim=10
models.architecture.n_encoder_layers=1
models.architecture.n_decoder_layers=1    avg_loss: 0.000001878271  time_per_window : 0.000630   progress : 0.350
name: input_len=64
training.rollout_steps=32
models.architecture.block_type=simple_cls
training.mode=gml_rollout
models.out_dim=10
models.architecture.n_encoder_layers=1
models.architecture.n_decoder_layers=1    avg_loss: 0.000001771309  time_per_window : 0.000651   progress : 0.360
name: input_len=64
training.rollout_steps=32
models.architecture.block_type=simple_cls
training.mode=gml_rollout
models.out_dim=10
models.architecture.n_encoder_layers=1
models.architecture.n_decoder_layers=1    avg_loss: 0.000001738716  time_per_window : 0.000607   progress : 0.371
name: input_len=64
training.rollout_steps=32
models.architecture.block_type=simple_cls
training.mode=gml_rollout
models.out_dim=10
models.architecture.n_encoder_layers=1
models.architecture.n_decoder_layers=1    avg_loss: 0.000001594671  time_per_window : 0.000734   progress : 0.382
name: input_len=64
training.rollout_steps=32
models.architecture.block_type=simple_cls
training.mode=gml_rollout
models.out_dim=10
models.architecture.n_encoder_layers=1
models.architecture.n_decoder_layers=1    avg_loss: 0.000001688470  time_per_window : 0.000716   progress : 0.393
name: input_len=64
training.rollout_steps=32
models.architecture.block_type=simple_cls
training.mode=gml_rollout
models.out_dim=10
models.architecture.n_encoder_layers=1
models.architecture.n_decoder_layers=1    avg_loss: 0.000001712380  time_per_window : 0.000746   progress : 0.404
name: input_len=64
training.rollout_steps=32
models.architecture.block_type=simple_cls
training.mode=gml_rollout
models.out_dim=10
models.architecture.n_encoder_layers=1
models.architecture.n_decoder_layers=1    avg_loss: 0.000001556912  time_per_window : 0.000748   progress : 0.415
name: input_len=64
training.rollout_steps=32
models.architecture.block_type=simple_cls
training.mode=gml_rollout
models.out_dim=10
models.architecture.n_encoder_layers=1
models.architecture.n_decoder_layers=1    avg_loss: 0.000001569709  time_per_window : 0.000738   progress : 0.426
name: input_len=64
training.rollout_steps=32
models.architecture.block_type=simple_cls
training.mode=gml_rollout
models.out_dim=10
models.architecture.n_encoder_layers=1
models.architecture.n_decoder_layers=1    avg_loss: 0.000001704910  time_per_window : 0.000722   progress : 0.437
name: input_len=64
training.rollout_steps=32
models.architecture.block_type=simple_cls
training.mode=gml_rollout
models.out_dim=10
models.architecture.n_encoder_layers=1
models.architecture.n_decoder_layers=1    avg_loss: 0.000001847451  time_per_window : 0.000729   progress : 0.448
name: input_len=64
training.rollout_steps=32
models.architecture.block_type=simple_cls
training.mode=gml_rollout
models.out_dim=10
models.architecture.n_encoder_layers=1
models.architecture.n_decoder_layers=1    avg_loss: 0.000001408181  time_per_window : 0.000741   progress : 0.459
name: input_len=64
training.rollout_steps=32
models.architecture.block_type=simple_cls
training.mode=gml_rollout
models.out_dim=10
models.architecture.n_encoder_layers=1
models.architecture.n_decoder_layers=1    avg_loss: 0.000001418607  time_per_window : 0.000782   progress : 0.470
name: input_len=64
training.rollout_steps=32
models.architecture.block_type=simple_cls
training.mode=gml_rollout
models.out_dim=10
models.architecture.n_encoder_layers=1
models.architecture.n_decoder_layers=1    avg_loss: 0.000001544393  time_per_window : 0.000756   progress : 0.481
name: input_len=64
training.rollout_steps=32
models.architecture.block_type=simple_cls
training.mode=gml_rollout
models.out_dim=10
models.architecture.n_encoder_layers=1
models.architecture.n_decoder_layers=1    avg_loss: 0.000001241580  time_per_window : 0.000721   progress : 0.492
name: input_len=64
training.rollout_steps=32
models.architecture.block_type=simple_cls
training.mode=gml_rollout
models.out_dim=10
models.architecture.n_encoder_layers=1
models.architecture.n_decoder_layers=1    avg_loss: 0.000001666762  time_per_window : 0.000742   progress : 0.502
name: input_len=64
training.rollout_steps=32
models.architecture.block_type=simple_cls
training.mode=gml_rollout
models.out_dim=10
models.architecture.n_encoder_layers=1
models.architecture.n_decoder_layers=1    avg_loss: 0.000001588003  time_per_window : 0.000770   progress : 0.513
name: input_len=64
training.rollout_steps=32
models.architecture.block_type=simple_cls
training.mode=gml_rollout
models.out_dim=10
models.architecture.n_encoder_layers=1
models.architecture.n_decoder_layers=1    avg_loss: 0.000001239656  time_per_window : 0.000772   progress : 0.524
name: input_len=64
training.rollout_steps=32
models.architecture.block_type=simple_cls
training.mode=gml_rollout
models.out_dim=10
models.architecture.n_encoder_layers=1
models.architecture.n_decoder_layers=1    avg_loss: 0.000001399914  time_per_window : 0.000745   progress : 0.535
name: input_len=64
training.rollout_steps=32
models.architecture.block_type=simple_cls
training.mode=gml_rollout
models.out_dim=10
models.architecture.n_encoder_layers=1
models.architecture.n_decoder_layers=1    avg_loss: 0.000001557682  time_per_window : 0.000735   progress : 0.546
name: input_len=64
training.rollout_steps=32
models.architecture.block_type=simple_cls
training.mode=gml_rollout
models.out_dim=10
models.architecture.n_encoder_layers=1
models.architecture.n_decoder_layers=1    avg_loss: 0.000001198825  time_per_window : 0.000760   progress : 0.557
name: input_len=64
training.rollout_steps=32
models.architecture.block_type=simple_cls
training.mode=gml_rollout
models.out_dim=10
models.architecture.n_encoder_layers=1
models.architecture.n_decoder_layers=1    avg_loss: 0.000001346922  time_per_window : 0.000736   progress : 0.568
name: input_len=64
training.rollout_steps=32
models.architecture.block_type=simple_cls
training.mode=gml_rollout
models.out_dim=10
models.architecture.n_encoder_layers=1
models.architecture.n_decoder_layers=1    avg_loss: 0.000001470451  time_per_window : 0.000779   progress : 0.579
name: input_len=64
training.rollout_steps=32
models.architecture.block_type=simple_cls
training.mode=gml_rollout
models.out_dim=10
models.architecture.n_encoder_layers=1
models.architecture.n_decoder_layers=1    avg_loss: 0.000001184105  time_per_window : 0.000724   progress : 0.590
name: input_len=64
training.rollout_steps=32
models.architecture.block_type=simple_cls
training.mode=gml_rollout
models.out_dim=10
models.architecture.n_encoder_layers=1
models.architecture.n_decoder_layers=1    avg_loss: 0.000001435362  time_per_window : 0.000728   progress : 0.601
name: input_len=64
training.rollout_steps=32
models.architecture.block_type=simple_cls
training.mode=gml_rollout
models.out_dim=10
models.architecture.n_encoder_layers=1
models.architecture.n_decoder_layers=1    avg_loss: 0.000001292603  time_per_window : 0.000735   progress : 0.612
name: input_len=64
training.rollout_steps=32
models.architecture.block_type=simple_cls
training.mode=gml_rollout
models.out_dim=10
models.architecture.n_encoder_layers=1
models.architecture.n_decoder_layers=1    avg_loss: 0.000001216869  time_per_window : 0.000673   progress : 0.623
name: input_len=64
training.rollout_steps=32
models.architecture.block_type=simple_cls
training.mode=gml_rollout
models.out_dim=10
models.architecture.n_encoder_layers=1
models.architecture.n_decoder_layers=1    avg_loss: 0.000001229589  time_per_window : 0.000744   progress : 0.634
name: input_len=64
training.rollout_steps=32
models.architecture.block_type=simple_cls
training.mode=gml_rollout
models.out_dim=10
models.architecture.n_encoder_layers=1
models.architecture.n_decoder_layers=1    avg_loss: 0.000001209065  time_per_window : 0.000732   progress : 0.644
name: input_len=64
training.rollout_steps=32
models.architecture.block_type=simple_cls
training.mode=gml_rollout
models.out_dim=10
models.architecture.n_encoder_layers=1
models.architecture.n_decoder_layers=1    avg_loss: 0.000001212544  time_per_window : 0.000746   progress : 0.655
name: input_len=64
training.rollout_steps=32
models.architecture.block_type=simple_cls
training.mode=gml_rollout
models.out_dim=10
models.architecture.n_encoder_layers=1
models.architecture.n_decoder_layers=1    avg_loss: 0.000001324440  time_per_window : 0.000798   progress : 0.666
name: input_len=64
training.rollout_steps=32
models.architecture.block_type=simple_cls
training.mode=gml_rollout
models.out_dim=10
models.architecture.n_encoder_layers=1
models.architecture.n_decoder_layers=1    avg_loss: 0.000001074288  time_per_window : 0.000763   progress : 0.677
name: input_len=64
training.rollout_steps=32
models.architecture.block_type=simple_cls
training.mode=gml_rollout
models.out_dim=10
models.architecture.n_encoder_layers=1
models.architecture.n_decoder_layers=1    avg_loss: 0.000001320307  time_per_window : 0.000730   progress : 0.688
name: input_len=64
training.rollout_steps=32
models.architecture.block_type=simple_cls
training.mode=gml_rollout
models.out_dim=10
models.architecture.n_encoder_layers=1
models.architecture.n_decoder_layers=1    avg_loss: 0.000001029285  time_per_window : 0.000739   progress : 0.699
name: input_len=64
training.rollout_steps=32
models.architecture.block_type=simple_cls
training.mode=gml_rollout
models.out_dim=10
models.architecture.n_encoder_layers=1
models.architecture.n_decoder_layers=1    avg_loss: 0.000001032237  time_per_window : 0.000729   progress : 0.710
name: input_len=64
training.rollout_steps=32
models.architecture.block_type=simple_cls
training.mode=gml_rollout
models.out_dim=10
models.architecture.n_encoder_layers=1
models.architecture.n_decoder_layers=1    avg_loss: 0.000001160381  time_per_window : 0.000743   progress : 0.721
name: input_len=64
training.rollout_steps=32
models.architecture.block_type=simple_cls
training.mode=gml_rollout
models.out_dim=10
models.architecture.n_encoder_layers=1
models.architecture.n_decoder_layers=1    avg_loss: 0.000001289571  time_per_window : 0.000765   progress : 0.732
name: input_len=64
training.rollout_steps=32
models.architecture.block_type=simple_cls
training.mode=gml_rollout
models.out_dim=10
models.architecture.n_encoder_layers=1
models.architecture.n_decoder_layers=1    avg_loss: 0.000001031943  time_per_window : 0.000765   progress : 0.743
name: input_len=64
training.rollout_steps=32
models.architecture.block_type=simple_cls
training.mode=gml_rollout
models.out_dim=10
models.architecture.n_encoder_layers=1
models.architecture.n_decoder_layers=1    avg_loss: 0.000000985821  time_per_window : 0.000703   progress : 0.754
name: input_len=64
training.rollout_steps=32
models.architecture.block_type=simple_cls
training.mode=gml_rollout
models.out_dim=10
models.architecture.n_encoder_layers=1
models.architecture.n_decoder_layers=1    avg_loss: 0.000001035460  time_per_window : 0.000718   progress : 0.765
name: input_len=64
training.rollout_steps=32
models.architecture.block_type=simple_cls
training.mode=gml_rollout
models.out_dim=10
models.architecture.n_encoder_layers=1
models.architecture.n_decoder_layers=1    avg_loss: 0.000001081219  time_per_window : 0.000760   progress : 0.775
name: input_len=64
training.rollout_steps=32
models.architecture.block_type=simple_cls
training.mode=gml_rollout
models.out_dim=10
models.architecture.n_encoder_layers=1
models.architecture.n_decoder_layers=1    avg_loss: 0.000001141521  time_per_window : 0.000763   progress : 0.786
name: input_len=64
training.rollout_steps=32
models.architecture.block_type=simple_cls
training.mode=gml_rollout
models.out_dim=10
models.architecture.n_encoder_layers=1
models.architecture.n_decoder_layers=1    avg_loss: 0.000001027286  time_per_window : 0.000730   progress : 0.797
name: input_len=64
training.rollout_steps=32
models.architecture.block_type=simple_cls
training.mode=gml_rollout
models.out_dim=10
models.architecture.n_encoder_layers=1
models.architecture.n_decoder_layers=1    avg_loss: 0.000000887372  time_per_window : 0.000720   progress : 0.808
name: input_len=64
training.rollout_steps=32
models.architecture.block_type=simple_cls
training.mode=gml_rollout
models.out_dim=10
models.architecture.n_encoder_layers=1
models.architecture.n_decoder_layers=1    avg_loss: 0.000001177190  time_per_window : 0.000760   progress : 0.819
name: input_len=64
training.rollout_steps=32
models.architecture.block_type=simple_cls
training.mode=gml_rollout
models.out_dim=10
models.architecture.n_encoder_layers=1
models.architecture.n_decoder_layers=1    avg_loss: 0.000001047890  time_per_window : 0.000730   progress : 0.830
name: input_len=64
training.rollout_steps=32
models.architecture.block_type=simple_cls
training.mode=gml_rollout
models.out_dim=10
models.architecture.n_encoder_layers=1
models.architecture.n_decoder_layers=1    avg_loss: 0.000000795509  time_per_window : 0.000732   progress : 0.841
name: input_len=64
training.rollout_steps=32
models.architecture.block_type=simple_cls
training.mode=gml_rollout
models.out_dim=10
models.architecture.n_encoder_layers=1
models.architecture.n_decoder_layers=1    avg_loss: 0.000001071645  time_per_window : 0.000756   progress : 0.852
name: input_len=64
training.rollout_steps=32
models.architecture.block_type=simple_cls
training.mode=gml_rollout
models.out_dim=10
models.architecture.n_encoder_layers=1
models.architecture.n_decoder_layers=1    avg_loss: 0.000000860148  time_per_window : 0.000723   progress : 0.863
name: input_len=64
training.rollout_steps=32
models.architecture.block_type=simple_cls
training.mode=gml_rollout
models.out_dim=10
models.architecture.n_encoder_layers=1
models.architecture.n_decoder_layers=1    avg_loss: 0.000001006250  time_per_window : 0.000754   progress : 0.874
name: input_len=64
training.rollout_steps=32
models.architecture.block_type=simple_cls
training.mode=gml_rollout
models.out_dim=10
models.architecture.n_encoder_layers=1
models.architecture.n_decoder_layers=1    avg_loss: 0.000000915813  time_per_window : 0.000757   progress : 0.885
name: input_len=64
training.rollout_steps=32
models.architecture.block_type=simple_cls
training.mode=gml_rollout
models.out_dim=10
models.architecture.n_encoder_layers=1
models.architecture.n_decoder_layers=1    avg_loss: 0.000000982628  time_per_window : 0.000745   progress : 0.896
name: input_len=64
training.rollout_steps=32
models.architecture.block_type=simple_cls
training.mode=gml_rollout
models.out_dim=10
models.architecture.n_encoder_layers=1
models.architecture.n_decoder_layers=1    avg_loss: 0.000000904338  time_per_window : 0.000743   progress : 0.907
name: input_len=64
training.rollout_steps=32
models.architecture.block_type=simple_cls
training.mode=gml_rollout
models.out_dim=10
models.architecture.n_encoder_layers=1
models.architecture.n_decoder_layers=1    avg_loss: 0.000000851556  time_per_window : 0.000748   progress : 0.917
name: input_len=64
training.rollout_steps=32
models.architecture.block_type=simple_cls
training.mode=gml_rollout
models.out_dim=10
models.architecture.n_encoder_layers=1
models.architecture.n_decoder_layers=1    avg_loss: 0.000000899784  time_per_window : 0.000719   progress : 0.928
name: input_len=64
training.rollout_steps=32
models.architecture.block_type=simple_cls
training.mode=gml_rollout
models.out_dim=10
models.architecture.n_encoder_layers=1
models.architecture.n_decoder_layers=1    avg_loss: 0.000000749349  time_per_window : 0.000660   progress : 0.939
name: input_len=64
training.rollout_steps=32
models.architecture.block_type=simple_cls
training.mode=gml_rollout
models.out_dim=10
models.architecture.n_encoder_layers=1
models.architecture.n_decoder_layers=1    avg_loss: 0.000000961025  time_per_window : 0.000746   progress : 0.950
name: input_len=64
training.rollout_steps=32
models.architecture.block_type=simple_cls
training.mode=gml_rollout
models.out_dim=10
models.architecture.n_encoder_layers=1
models.architecture.n_decoder_layers=1    avg_loss: 0.000000851319  time_per_window : 0.000746   progress : 0.961
name: input_len=64
training.rollout_steps=32
models.architecture.block_type=simple_cls
training.mode=gml_rollout
models.out_dim=10
models.architecture.n_encoder_layers=1
models.architecture.n_decoder_layers=1    avg_loss: 0.000000943646  time_per_window : 0.000743   progress : 0.972
name: input_len=64
training.rollout_steps=32
models.architecture.block_type=simple_cls
training.mode=gml_rollout
models.out_dim=10
models.architecture.n_encoder_layers=1
models.architecture.n_decoder_layers=1    avg_loss: 0.000000658885  time_per_window : 0.000753   progress : 0.983
name: input_len=64
training.rollout_steps=32
models.architecture.block_type=simple_cls
training.mode=gml_rollout
models.out_dim=10
models.architecture.n_encoder_layers=1
models.architecture.n_decoder_layers=1    avg_loss: 0.000000859508  time_per_window : 0.000750   progress : 0.994
name: input_len=64
training.rollout_steps=32
models.architecture.block_type=simple_cls
training.mode=gml_rollout
models.out_dim=10
models.architecture.n_encoder_layers=1
models.architecture.n_decoder_layers=1    avg_loss: 0.000520436559  time_per_window : 0.000762   progress : 0.011
name: input_len=64
training.rollout_steps=32
models.architecture.block_type=simple_cls
training.mode=gml_rollout
models.out_dim=10
models.architecture.n_encoder_layers=1
models.architecture.n_decoder_layers=1    avg_loss: 0.000000759642  time_per_window : 0.000733   progress : 0.022
name: input_len=64
training.rollout_steps=32
models.architecture.block_type=simple_cls
training.mode=gml_rollout
models.out_dim=10
models.architecture.n_encoder_layers=1
models.architecture.n_decoder_layers=1    avg_loss: 0.000000763318  time_per_window : 0.000720   progress : 0.033
name: input_len=64
training.rollout_steps=32
models.architecture.block_type=simple_cls
training.mode=gml_rollout
models.out_dim=10
models.architecture.n_encoder_layers=1
models.architecture.n_decoder_layers=1    avg_loss: 0.000000730918  time_per_window : 0.000750   progress : 0.044
name: input_len=64
training.rollout_steps=32
models.architecture.block_type=simple_cls
training.mode=gml_rollout
models.out_dim=10
models.architecture.n_encoder_layers=1
models.architecture.n_decoder_layers=1    avg_loss: 0.000000718744  time_per_window : 0.000747   progress : 0.055
name: input_len=64
training.rollout_steps=32
models.architecture.block_type=simple_cls
training.mode=gml_rollout
models.out_dim=10
models.architecture.n_encoder_layers=1
models.architecture.n_decoder_layers=1    avg_loss: 0.000000667600  time_per_window : 0.000759   progress : 0.066
name: input_len=64
training.rollout_steps=32
models.architecture.block_type=simple_cls
training.mode=gml_rollout
models.out_dim=10
models.architecture.n_encoder_layers=1
models.architecture.n_decoder_layers=1    avg_loss: 0.000000588545  time_per_window : 0.000719   progress : 0.076
name: input_len=64
training.rollout_steps=32
models.architecture.block_type=simple_cls
training.mode=gml_rollout
models.out_dim=10
models.architecture.n_encoder_layers=1
models.architecture.n_decoder_layers=1    avg_loss: 0.000000566512  time_per_window : 0.000745   progress : 0.087
name: input_len=64
training.rollout_steps=32
models.architecture.block_type=simple_cls
training.mode=gml_rollout
models.out_dim=10
models.architecture.n_encoder_layers=1
models.architecture.n_decoder_layers=1    avg_loss: 0.000000516598  time_per_window : 0.000762   progress : 0.098
name: input_len=64
training.rollout_steps=32
models.architecture.block_type=simple_cls
training.mode=gml_rollout
models.out_dim=10
models.architecture.n_encoder_layers=1
models.architecture.n_decoder_layers=1    avg_loss: 0.000000511783  time_per_window : 0.000634   progress : 0.109
name: input_len=64
training.rollout_steps=32
models.architecture.block_type=simple_cls
training.mode=gml_rollout
models.out_dim=10
models.architecture.n_encoder_layers=1
models.architecture.n_decoder_layers=1    avg_loss: 0.000000476171  time_per_window : 0.000752   progress : 0.120
name: input_len=64
training.rollout_steps=32
models.architecture.block_type=simple_cls
training.mode=gml_rollout
models.out_dim=10
models.architecture.n_encoder_layers=1
models.architecture.n_decoder_layers=1    avg_loss: 0.000000479786  time_per_window : 0.000743   progress : 0.131
name: input_len=64
training.rollout_steps=32
models.architecture.block_type=simple_cls
training.mode=gml_rollout
models.out_dim=10
models.architecture.n_encoder_layers=1
models.architecture.n_decoder_layers=1    avg_loss: 0.000000513030  time_per_window : 0.000743   progress : 0.142
name: input_len=64
training.rollout_steps=32
models.architecture.block_type=simple_cls
training.mode=gml_rollout
models.out_dim=10
models.architecture.n_encoder_layers=1
models.architecture.n_decoder_layers=1    avg_loss: 0.000000490193  time_per_window : 0.000749   progress : 0.153
name: input_len=64
training.rollout_steps=32
models.architecture.block_type=simple_cls
training.mode=gml_rollout
models.out_dim=10
models.architecture.n_encoder_layers=1
models.architecture.n_decoder_layers=1    avg_loss: 0.000000598417  time_per_window : 0.000716   progress : 0.164
name: input_len=64
training.rollout_steps=32
models.architecture.block_type=simple_cls
training.mode=gml_rollout
models.out_dim=10
models.architecture.n_encoder_layers=1
models.architecture.n_decoder_layers=1    avg_loss: 0.000000859048  time_per_window : 0.000771   progress : 0.175
name: input_len=64
training.rollout_steps=32
models.architecture.block_type=simple_cls
training.mode=gml_rollout
models.out_dim=10
models.architecture.n_encoder_layers=1
models.architecture.n_decoder_layers=1    avg_loss: 0.000000796933  time_per_window : 0.000751   progress : 0.186
name: input_len=64
training.rollout_steps=32
models.architecture.block_type=simple_cls
training.mode=gml_rollout
models.out_dim=10
models.architecture.n_encoder_layers=1
models.architecture.n_decoder_layers=1    avg_loss: 0.000001944828  time_per_window : 0.000705   progress : 0.197
name: input_len=64
training.rollout_steps=32
models.architecture.block_type=simple_cls
training.mode=gml_rollout
models.out_dim=10
models.architecture.n_encoder_layers=1
models.architecture.n_decoder_layers=1    avg_loss: 0.000000684973  time_per_window : 0.000739   progress : 0.208
name: input_len=64
training.rollout_steps=32
models.architecture.block_type=simple_cls
training.mode=gml_rollout
models.out_dim=10
models.architecture.n_encoder_layers=1
models.architecture.n_decoder_layers=1    avg_loss: 0.000000982463  time_per_window : 0.000726   progress : 0.218
name: input_len=64
training.rollout_steps=32
models.architecture.block_type=simple_cls
training.mode=gml_rollout
models.out_dim=10
models.architecture.n_encoder_layers=1
models.architecture.n_decoder_layers=1    avg_loss: 0.000001574029  time_per_window : 0.000757   progress : 0.229
name: input_len=64
training.rollout_steps=32
models.architecture.block_type=simple_cls
training.mode=gml_rollout
models.out_dim=10
models.architecture.n_encoder_layers=1
models.architecture.n_decoder_layers=1    avg_loss: 0.000001271680  time_per_window : 0.000753   progress : 0.240
name: input_len=64
training.rollout_steps=32
models.architecture.block_type=simple_cls
training.mode=gml_rollout
models.out_dim=10
models.architecture.n_encoder_layers=1
models.architecture.n_decoder_layers=1    avg_loss: 0.000003048545  time_per_window : 0.000743   progress : 0.251
name: input_len=64
training.rollout_steps=32
models.architecture.block_type=simple_cls
training.mode=gml_rollout
models.out_dim=10
models.architecture.n_encoder_layers=1
models.architecture.n_decoder_layers=1    avg_loss: 0.000001654325  time_per_window : 0.000766   progress : 0.262
name: input_len=64
training.rollout_steps=32
models.architecture.block_type=simple_cls
training.mode=gml_rollout
models.out_dim=10
models.architecture.n_encoder_layers=1
models.architecture.n_decoder_layers=1    avg_loss: 0.000001206984  time_per_window : 0.000739   progress : 0.273
name: input_len=64
training.rollout_steps=32
models.architecture.block_type=simple_cls
training.mode=gml_rollout
models.out_dim=10
models.architecture.n_encoder_layers=1
models.architecture.n_decoder_layers=1    avg_loss: 0.000003456551  time_per_window : 0.000725   progress : 0.284
name: input_len=64
training.rollout_steps=32
models.architecture.block_type=simple_cls
training.mode=gml_rollout
models.out_dim=10
models.architecture.n_encoder_layers=1
models.architecture.n_decoder_layers=1    avg_loss: 0.000000699750  time_per_window : 0.000759   progress : 0.295
name: input_len=64
training.rollout_steps=32
models.architecture.block_type=simple_cls
training.mode=gml_rollout
models.out_dim=10
models.architecture.n_encoder_layers=1
models.architecture.n_decoder_layers=1    avg_loss: 0.000001320276  time_per_window : 0.000758   progress : 0.306
name: input_len=64
training.rollout_steps=32
models.architecture.block_type=simple_cls
training.mode=gml_rollout
models.out_dim=10
models.architecture.n_encoder_layers=1
models.architecture.n_decoder_layers=1    avg_loss: 0.000001885048  time_per_window : 0.000708   progress : 0.317
name: input_len=64
training.rollout_steps=32
models.architecture.block_type=simple_cls
training.mode=gml_rollout
models.out_dim=10
models.architecture.n_encoder_layers=1
models.architecture.n_decoder_layers=1    avg_loss: 0.000001402413  time_per_window : 0.000745   progress : 0.328
name: input_len=64
training.rollout_steps=32
models.architecture.block_type=simple_cls
training.mode=gml_rollout
models.out_dim=10
models.architecture.n_encoder_layers=1
models.architecture.n_decoder_layers=1    avg_loss: 0.000002092400  time_per_window : 0.000750   progress : 0.339
name: input_len=64
training.rollout_steps=32
models.architecture.block_type=simple_cls
training.mode=gml_rollout
models.out_dim=10
models.architecture.n_encoder_layers=1
models.architecture.n_decoder_layers=1    avg_loss: 0.000002936382  time_per_window : 0.000723   progress : 0.350
name: input_len=64
training.rollout_steps=32
models.architecture.block_type=simple_cls
training.mode=gml_rollout
models.out_dim=10
models.architecture.n_encoder_layers=1
models.architecture.n_decoder_layers=1    avg_loss: 0.000001634976  time_per_window : 0.000790   progress : 0.360
name: input_len=64
training.rollout_steps=32
models.architecture.block_type=simple_cls
training.mode=gml_rollout
models.out_dim=10
models.architecture.n_encoder_layers=1
models.architecture.n_decoder_layers=1    avg_loss: 0.000001506583  time_per_window : 0.000703   progress : 0.371
name: input_len=64
training.rollout_steps=32
models.architecture.block_type=simple_cls
training.mode=gml_rollout
models.out_dim=10
models.architecture.n_encoder_layers=1
models.architecture.n_decoder_layers=1    avg_loss: 0.000004953557  time_per_window : 0.000721   progress : 0.382
name: input_len=64
training.rollout_steps=32
models.architecture.block_type=simple_cls
training.mode=gml_rollout
models.out_dim=10
models.architecture.n_encoder_layers=1
models.architecture.n_decoder_layers=1    avg_loss: 0.000001420227  time_per_window : 0.000749   progress : 0.393
name: input_len=64
training.rollout_steps=32
models.architecture.block_type=simple_cls
training.mode=gml_rollout
models.out_dim=10
models.architecture.n_encoder_layers=1
models.architecture.n_decoder_layers=1    avg_loss: 0.000001449419  time_per_window : 0.000776   progress : 0.404
name: input_len=64
training.rollout_steps=32
models.architecture.block_type=simple_cls
training.mode=gml_rollout
models.out_dim=10
models.architecture.n_encoder_layers=1
models.architecture.n_decoder_layers=1    avg_loss: 0.000003482335  time_per_window : 0.000757   progress : 0.415
name: input_len=64
training.rollout_steps=32
models.architecture.block_type=simple_cls
training.mode=gml_rollout
models.out_dim=10
models.architecture.n_encoder_layers=1
models.architecture.n_decoder_layers=1    avg_loss: 0.000000994742  time_per_window : 0.000712   progress : 0.426
name: input_len=64
training.rollout_steps=32
models.architecture.block_type=simple_cls
training.mode=gml_rollout
models.out_dim=10
models.architecture.n_encoder_layers=1
models.architecture.n_decoder_layers=1    avg_loss: 0.000002135261  time_per_window : 0.000748   progress : 0.437
name: input_len=64
training.rollout_steps=32
models.architecture.block_type=simple_cls
training.mode=gml_rollout
models.out_dim=10
models.architecture.n_encoder_layers=1
models.architecture.n_decoder_layers=1    avg_loss: 0.000001309232  time_per_window : 0.000778   progress : 0.448
name: input_len=64
training.rollout_steps=32
models.architecture.block_type=simple_cls
training.mode=gml_rollout
models.out_dim=10
models.architecture.n_encoder_layers=1
models.architecture.n_decoder_layers=1    avg_loss: 0.000002145621  time_per_window : 0.000655   progress : 0.459
name: input_len=64
training.rollout_steps=32
models.architecture.block_type=simple_cls
training.mode=gml_rollout
models.out_dim=10
models.architecture.n_encoder_layers=1
models.architecture.n_decoder_layers=1    avg_loss: 0.000001795825  time_per_window : 0.000749   progress : 0.470
name: input_len=64
training.rollout_steps=32
models.architecture.block_type=simple_cls
training.mode=gml_rollout
models.out_dim=10
models.architecture.n_encoder_layers=1
models.architecture.n_decoder_layers=1    avg_loss: 0.000003096074  time_per_window : 0.000716   progress : 0.481
name: input_len=64
training.rollout_steps=32
models.architecture.block_type=simple_cls
training.mode=gml_rollout
models.out_dim=10
models.architecture.n_encoder_layers=1
models.architecture.n_decoder_layers=1    avg_loss: 0.000002152647  time_per_window : 0.000746   progress : 0.492
name: input_len=64
training.rollout_steps=32
models.architecture.block_type=simple_cls
training.mode=gml_rollout
models.out_dim=10
models.architecture.n_encoder_layers=1
models.architecture.n_decoder_layers=1    avg_loss: 0.000001442678  time_per_window : 0.000708   progress : 0.502
name: input_len=64
training.rollout_steps=32
models.architecture.block_type=simple_cls
training.mode=gml_rollout
models.out_dim=10
models.architecture.n_encoder_layers=1
models.architecture.n_decoder_layers=1    avg_loss: 0.000001984235  time_per_window : 0.000791   progress : 0.513
name: input_len=64
training.rollout_steps=32
models.architecture.block_type=simple_cls
training.mode=gml_rollout
models.out_dim=10
models.architecture.n_encoder_layers=1
models.architecture.n_decoder_layers=1    avg_loss: 0.000001892587  time_per_window : 0.000749   progress : 0.524
name: input_len=64
training.rollout_steps=32
models.architecture.block_type=simple_cls
training.mode=gml_rollout
models.out_dim=10
models.architecture.n_encoder_layers=1
models.architecture.n_decoder_layers=1    avg_loss: 0.000001641905  time_per_window : 0.000734   progress : 0.535
name: input_len=64
training.rollout_steps=32
models.architecture.block_type=simple_cls
training.mode=gml_rollout
models.out_dim=10
models.architecture.n_encoder_layers=1
models.architecture.n_decoder_layers=1    avg_loss: 0.000001922174  time_per_window : 0.000717   progress : 0.546
name: input_len=64
training.rollout_steps=32
models.architecture.block_type=simple_cls
training.mode=gml_rollout
models.out_dim=10
models.architecture.n_encoder_layers=1
models.architecture.n_decoder_layers=1    avg_loss: 0.000003015236  time_per_window : 0.000760   progress : 0.557
name: input_len=64
training.rollout_steps=32
models.architecture.block_type=simple_cls
training.mode=gml_rollout
models.out_dim=10
models.architecture.n_encoder_layers=1
models.architecture.n_decoder_layers=1    avg_loss: 0.000001890592  time_per_window : 0.000746   progress : 0.568
name: input_len=64
training.rollout_steps=32
models.architecture.block_type=simple_cls
training.mode=gml_rollout
models.out_dim=10
models.architecture.n_encoder_layers=1
models.architecture.n_decoder_layers=1    avg_loss: 0.000000877598  time_per_window : 0.000759   progress : 0.579
name: input_len=64
training.rollout_steps=32
models.architecture.block_type=simple_cls
training.mode=gml_rollout
models.out_dim=10
models.architecture.n_encoder_layers=1
models.architecture.n_decoder_layers=1    avg_loss: 0.000002203459  time_per_window : 0.000705   progress : 0.590
name: input_len=64
training.rollout_steps=32
models.architecture.block_type=simple_cls
training.mode=gml_rollout
models.out_dim=10
models.architecture.n_encoder_layers=1
models.architecture.n_decoder_layers=1    avg_loss: 0.000001469630  time_per_window : 0.000740   progress : 0.601
name: input_len=64
training.rollout_steps=32
models.architecture.block_type=simple_cls
training.mode=gml_rollout
models.out_dim=10
models.architecture.n_encoder_layers=1
models.architecture.n_decoder_layers=1    avg_loss: 0.000001611224  time_per_window : 0.000754   progress : 0.612
name: input_len=64
training.rollout_steps=32
models.architecture.block_type=simple_cls
training.mode=gml_rollout
models.out_dim=10
models.architecture.n_encoder_layers=1
models.architecture.n_decoder_layers=1    avg_loss: 0.000002294128  time_per_window : 0.000776   progress : 0.623
name: input_len=64
training.rollout_steps=32
models.architecture.block_type=simple_cls
training.mode=gml_rollout
models.out_dim=10
models.architecture.n_encoder_layers=1
models.architecture.n_decoder_layers=1    avg_loss: 0.000002729879  time_per_window : 0.000608   progress : 0.634
name: input_len=64
training.rollout_steps=32
models.architecture.block_type=simple_cls
training.mode=gml_rollout
models.out_dim=10
models.architecture.n_encoder_layers=1
models.architecture.n_decoder_layers=1    avg_loss: 0.000000798318  time_per_window : 0.000760   progress : 0.644
name: input_len=64
training.rollout_steps=32
models.architecture.block_type=simple_cls
training.mode=gml_rollout
models.out_dim=10
models.architecture.n_encoder_layers=1
models.architecture.n_decoder_layers=1    avg_loss: 0.000001107138  time_per_window : 0.000726   progress : 0.655
name: input_len=64
training.rollout_steps=32
models.architecture.block_type=simple_cls
training.mode=gml_rollout
models.out_dim=10
models.architecture.n_encoder_layers=1
models.architecture.n_decoder_layers=1    avg_loss: 0.000002317249  time_per_window : 0.000751   progress : 0.666
name: input_len=64
training.rollout_steps=32
models.architecture.block_type=simple_cls
training.mode=gml_rollout
models.out_dim=10
models.architecture.n_encoder_layers=1
models.architecture.n_decoder_layers=1    avg_loss: 0.000001811434  time_per_window : 0.000759   progress : 0.677
name: input_len=64
training.rollout_steps=32
models.architecture.block_type=simple_cls
training.mode=gml_rollout
models.out_dim=10
models.architecture.n_encoder_layers=1
models.architecture.n_decoder_layers=1    avg_loss: 0.000001661227  time_per_window : 0.000737   progress : 0.688
name: input_len=64
training.rollout_steps=32
models.architecture.block_type=simple_cls
training.mode=gml_rollout
models.out_dim=10
models.architecture.n_encoder_layers=1
models.architecture.n_decoder_layers=1    avg_loss: 0.000001223133  time_per_window : 0.000759   progress : 0.699
name: input_len=64
training.rollout_steps=32
models.architecture.block_type=simple_cls
training.mode=gml_rollout
models.out_dim=10
models.architecture.n_encoder_layers=1
models.architecture.n_decoder_layers=1    avg_loss: 0.000002175462  time_per_window : 0.000694   progress : 0.710
name: input_len=64
training.rollout_steps=32
models.architecture.block_type=simple_cls
training.mode=gml_rollout
models.out_dim=10
models.architecture.n_encoder_layers=1
models.architecture.n_decoder_layers=1    avg_loss: 0.000001230060  time_per_window : 0.000764   progress : 0.721
name: input_len=64
training.rollout_steps=32
models.architecture.block_type=simple_cls
training.mode=gml_rollout
models.out_dim=10
models.architecture.n_encoder_layers=1
models.architecture.n_decoder_layers=1    avg_loss: 0.000001050851  time_per_window : 0.000771   progress : 0.732
name: input_len=64
training.rollout_steps=32
models.architecture.block_type=simple_cls
training.mode=gml_rollout
models.out_dim=10
models.architecture.n_encoder_layers=1
models.architecture.n_decoder_layers=1    avg_loss: 0.000002348127  time_per_window : 0.000727   progress : 0.743
name: input_len=64
training.rollout_steps=32
models.architecture.block_type=simple_cls
training.mode=gml_rollout
models.out_dim=10
models.architecture.n_encoder_layers=1
models.architecture.n_decoder_layers=1    avg_loss: 0.000001754585  time_per_window : 0.000748   progress : 0.754
name: input_len=64
training.rollout_steps=32
models.architecture.block_type=simple_cls
training.mode=gml_rollout
models.out_dim=10
models.architecture.n_encoder_layers=1
models.architecture.n_decoder_layers=1    avg_loss: 0.000001357923  time_per_window : 0.000751   progress : 0.765
name: input_len=64
training.rollout_steps=32
models.architecture.block_type=simple_cls
training.mode=gml_rollout
models.out_dim=10
models.architecture.n_encoder_layers=1
models.architecture.n_decoder_layers=1    avg_loss: 0.000000854074  time_per_window : 0.000758   progress : 0.775
name: input_len=64
training.rollout_steps=32
models.architecture.block_type=simple_cls
training.mode=gml_rollout
models.out_dim=10
models.architecture.n_encoder_layers=1
models.architecture.n_decoder_layers=1    avg_loss: 0.000001846068  time_per_window : 0.000767   progress : 0.786
name: input_len=64
training.rollout_steps=32
models.architecture.block_type=simple_cls
training.mode=gml_rollout
models.out_dim=10
models.architecture.n_encoder_layers=1
models.architecture.n_decoder_layers=1    avg_loss: 0.000001220690  time_per_window : 0.000709   progress : 0.797
name: input_len=64
training.rollout_steps=32
models.architecture.block_type=simple_cls
training.mode=gml_rollout
models.out_dim=10
models.architecture.n_encoder_layers=1
models.architecture.n_decoder_layers=1    avg_loss: 0.000001266120  time_per_window : 0.000732   progress : 0.808
name: input_len=64
training.rollout_steps=32
models.architecture.block_type=simple_cls
training.mode=gml_rollout
models.out_dim=10
models.architecture.n_encoder_layers=1
models.architecture.n_decoder_layers=1    avg_loss: 0.000001662942  time_per_window : 0.000730   progress : 0.819
name: input_len=64
training.rollout_steps=32
models.architecture.block_type=simple_cls
training.mode=gml_rollout
models.out_dim=10
models.architecture.n_encoder_layers=1
models.architecture.n_decoder_layers=1    avg_loss: 0.000001358996  time_per_window : 0.000764   progress : 0.830
name: input_len=64
training.rollout_steps=32
models.architecture.block_type=simple_cls
training.mode=gml_rollout
models.out_dim=10
models.architecture.n_encoder_layers=1
models.architecture.n_decoder_layers=1    avg_loss: 0.000001077692  time_per_window : 0.000760   progress : 0.841
name: input_len=64
training.rollout_steps=32
models.architecture.block_type=simple_cls
training.mode=gml_rollout
models.out_dim=10
models.architecture.n_encoder_layers=1
models.architecture.n_decoder_layers=1    avg_loss: 0.000001274119  time_per_window : 0.000747   progress : 0.852
name: input_len=64
training.rollout_steps=32
models.architecture.block_type=simple_cls
training.mode=gml_rollout
models.out_dim=10
models.architecture.n_encoder_layers=1
models.architecture.n_decoder_layers=1    avg_loss: 0.000002751663  time_per_window : 0.000723   progress : 0.863
name: input_len=64
training.rollout_steps=32
models.architecture.block_type=simple_cls
training.mode=gml_rollout
models.out_dim=10
models.architecture.n_encoder_layers=1
models.architecture.n_decoder_layers=1    avg_loss: 0.000001040736  time_per_window : 0.000736   progress : 0.874
name: input_len=64
training.rollout_steps=32
models.architecture.block_type=simple_cls
training.mode=gml_rollout
models.out_dim=10
models.architecture.n_encoder_layers=1
models.architecture.n_decoder_layers=1    avg_loss: 0.000001141986  time_per_window : 0.000677   progress : 0.885
name: input_len=64
training.rollout_steps=32
models.architecture.block_type=simple_cls
training.mode=gml_rollout
models.out_dim=10
models.architecture.n_encoder_layers=1
models.architecture.n_decoder_layers=1    avg_loss: 0.000001947293  time_per_window : 0.000726   progress : 0.896
name: input_len=64
training.rollout_steps=32
models.architecture.block_type=simple_cls
training.mode=gml_rollout
models.out_dim=10
models.architecture.n_encoder_layers=1
models.architecture.n_decoder_layers=1    avg_loss: 0.000000620393  time_per_window : 0.000737   progress : 0.907
name: input_len=64
training.rollout_steps=32
models.architecture.block_type=simple_cls
training.mode=gml_rollout
models.out_dim=10
models.architecture.n_encoder_layers=1
models.architecture.n_decoder_layers=1    avg_loss: 0.000001254235  time_per_window : 0.000739   progress : 0.917
name: input_len=64
training.rollout_steps=32
models.architecture.block_type=simple_cls
training.mode=gml_rollout
models.out_dim=10
models.architecture.n_encoder_layers=1
models.architecture.n_decoder_layers=1    avg_loss: 0.000001132140  time_per_window : 0.000789   progress : 0.928
name: input_len=64
training.rollout_steps=32
models.architecture.block_type=simple_cls
training.mode=gml_rollout
models.out_dim=10
models.architecture.n_encoder_layers=1
models.architecture.n_decoder_layers=1    avg_loss: 0.000001877402  time_per_window : 0.000748   progress : 0.939
name: input_len=64
training.rollout_steps=32
models.architecture.block_type=simple_cls
training.mode=gml_rollout
models.out_dim=10
models.architecture.n_encoder_layers=1
models.architecture.n_decoder_layers=1    avg_loss: 0.000001123343  time_per_window : 0.000778   progress : 0.950
name: input_len=64
training.rollout_steps=32
models.architecture.block_type=simple_cls
training.mode=gml_rollout
models.out_dim=10
models.architecture.n_encoder_layers=1
models.architecture.n_decoder_layers=1    avg_loss: 0.000000941698  time_per_window : 0.000803   progress : 0.961
name: input_len=64
training.rollout_steps=32
models.architecture.block_type=simple_cls
training.mode=gml_rollout
models.out_dim=10
models.architecture.n_encoder_layers=1
models.architecture.n_decoder_layers=1    avg_loss: 0.000001079784  time_per_window : 0.000750   progress : 0.972
name: input_len=64
training.rollout_steps=32
models.architecture.block_type=simple_cls
training.mode=gml_rollout
models.out_dim=10
models.architecture.n_encoder_layers=1
models.architecture.n_decoder_layers=1    avg_loss: 0.000001301310  time_per_window : 0.000776   progress : 0.983
name: input_len=64
training.rollout_steps=32
models.architecture.block_type=simple_cls
training.mode=gml_rollout
models.out_dim=10
models.architecture.n_encoder_layers=1
models.architecture.n_decoder_layers=1    avg_loss: 0.000001602680  time_per_window : 0.000753   progress : 0.994
name: input_len=64
training.rollout_steps=32
models.architecture.block_type=simple_cls
training.mode=gml_rollout
models.out_dim=10
models.architecture.n_encoder_layers=1
models.architecture.n_decoder_layers=1    avg_loss: 0.006130950060  time_per_window : 0.000731   progress : 0.011
name: input_len=64
training.rollout_steps=32
models.architecture.block_type=simple_cls
training.mode=gml_rollout
models.out_dim=10
models.architecture.n_encoder_layers=1
models.architecture.n_decoder_layers=1    avg_loss: 0.000022877019  time_per_window : 0.000789   progress : 0.022
name: input_len=64
training.rollout_steps=32
models.architecture.block_type=simple_cls
training.mode=gml_rollout
models.out_dim=10
models.architecture.n_encoder_layers=1
models.architecture.n_decoder_layers=1    avg_loss: 0.000022276303  time_per_window : 0.000723   progress : 0.033
name: input_len=64
training.rollout_steps=32
models.architecture.block_type=simple_cls
training.mode=gml_rollout
models.out_dim=10
models.architecture.n_encoder_layers=1
models.architecture.n_decoder_layers=1    avg_loss: 0.000019181667  time_per_window : 0.000764   progress : 0.044
name: input_len=64
training.rollout_steps=32
models.architecture.block_type=simple_cls
training.mode=gml_rollout
models.out_dim=10
models.architecture.n_encoder_layers=1
models.architecture.n_decoder_layers=1    avg_loss: 0.000015662836  time_per_window : 0.000727   progress : 0.055
name: input_len=64
training.rollout_steps=32
models.architecture.block_type=simple_cls
training.mode=gml_rollout
models.out_dim=10
models.architecture.n_encoder_layers=1
models.architecture.n_decoder_layers=1    avg_loss: 0.000011734900  time_per_window : 0.000731   progress : 0.066
name: input_len=64
training.rollout_steps=32
models.architecture.block_type=simple_cls
training.mode=gml_rollout
models.out_dim=10
models.architecture.n_encoder_layers=1
models.architecture.n_decoder_layers=1    avg_loss: 0.000009970870  time_per_window : 0.000790   progress : 0.076
name: input_len=64
training.rollout_steps=32
models.architecture.block_type=simple_cls
training.mode=gml_rollout
models.out_dim=10
models.architecture.n_encoder_layers=1
models.architecture.n_decoder_layers=1    avg_loss: 0.000008659941  time_per_window : 0.000724   progress : 0.087
name: input_len=64
training.rollout_steps=32
models.architecture.block_type=simple_cls
training.mode=gml_rollout
models.out_dim=10
models.architecture.n_encoder_layers=1
models.architecture.n_decoder_layers=1    avg_loss: 0.000008314949  time_per_window : 0.000733   progress : 0.098
name: input_len=64
training.rollout_steps=32
models.architecture.block_type=simple_cls
training.mode=gml_rollout
models.out_dim=10
models.architecture.n_encoder_layers=1
models.architecture.n_decoder_layers=1    avg_loss: 0.000008649086  time_per_window : 0.000734   progress : 0.109
name: input_len=64
training.rollout_steps=32
models.architecture.block_type=simple_cls
training.mode=gml_rollout
models.out_dim=10
models.architecture.n_encoder_layers=1
models.architecture.n_decoder_layers=1    avg_loss: 0.000008165107  time_per_window : 0.000746   progress : 0.120
name: input_len=64
training.rollout_steps=32
models.architecture.block_type=simple_cls
training.mode=gml_rollout
models.out_dim=10
models.architecture.n_encoder_layers=1
models.architecture.n_decoder_layers=1    avg_loss: 0.000007287531  time_per_window : 0.000774   progress : 0.131
name: input_len=64
training.rollout_steps=32
models.architecture.block_type=simple_cls
training.mode=gml_rollout
models.out_dim=10
models.architecture.n_encoder_layers=1
models.architecture.n_decoder_layers=1    avg_loss: 0.000008171727  time_per_window : 0.000766   progress : 0.142
name: input_len=64
training.rollout_steps=32
models.architecture.block_type=simple_cls
training.mode=gml_rollout
models.out_dim=10
models.architecture.n_encoder_layers=1
models.architecture.n_decoder_layers=1    avg_loss: 0.000008910341  time_per_window : 0.000731   progress : 0.153
name: input_len=64
training.rollout_steps=32
models.architecture.block_type=simple_cls
training.mode=gml_rollout
models.out_dim=10
models.architecture.n_encoder_layers=1
models.architecture.n_decoder_layers=1    avg_loss: 0.000007709005  time_per_window : 0.000736   progress : 0.164
name: input_len=64
training.rollout_steps=32
models.architecture.block_type=simple_cls
training.mode=gml_rollout
models.out_dim=10
models.architecture.n_encoder_layers=1
models.architecture.n_decoder_layers=1    avg_loss: 0.000009387006  time_per_window : 0.000751   progress : 0.175
name: input_len=64
training.rollout_steps=32
models.architecture.block_type=simple_cls
training.mode=gml_rollout
models.out_dim=10
models.architecture.n_encoder_layers=1
models.architecture.n_decoder_layers=1    avg_loss: 0.000009085018  time_per_window : 0.000717   progress : 0.186
name: input_len=64
training.rollout_steps=32
models.architecture.block_type=simple_cls
training.mode=gml_rollout
models.out_dim=10
models.architecture.n_encoder_layers=1
models.architecture.n_decoder_layers=1    avg_loss: 0.000009152467  time_per_window : 0.000739   progress : 0.197
name: input_len=64
training.rollout_steps=32
models.architecture.block_type=simple_cls
training.mode=gml_rollout
models.out_dim=10
models.architecture.n_encoder_layers=1
models.architecture.n_decoder_layers=1    avg_loss: 0.000011713814  time_per_window : 0.000731   progress : 0.208
name: input_len=64
training.rollout_steps=32
models.architecture.block_type=simple_cls
training.mode=gml_rollout
models.out_dim=10
models.architecture.n_encoder_layers=1
models.architecture.n_decoder_layers=1    avg_loss: 0.000014573720  time_per_window : 0.000722   progress : 0.218
name: input_len=64
training.rollout_steps=32
models.architecture.block_type=simple_cls
training.mode=gml_rollout
models.out_dim=10
models.architecture.n_encoder_layers=1
models.architecture.n_decoder_layers=1    avg_loss: 0.000014565655  time_per_window : 0.000747   progress : 0.229
name: input_len=64
training.rollout_steps=32
models.architecture.block_type=simple_cls
training.mode=gml_rollout
models.out_dim=10
models.architecture.n_encoder_layers=1
models.architecture.n_decoder_layers=1    avg_loss: 0.000015186297  time_per_window : 0.000726   progress : 0.240
name: input_len=64
training.rollout_steps=32
models.architecture.block_type=simple_cls
training.mode=gml_rollout
models.out_dim=10
models.architecture.n_encoder_layers=1
models.architecture.n_decoder_layers=1    avg_loss: 0.000015468338  time_per_window : 0.000737   progress : 0.251
name: input_len=64
training.rollout_steps=32
models.architecture.block_type=simple_cls
training.mode=gml_rollout
models.out_dim=10
models.architecture.n_encoder_layers=1
models.architecture.n_decoder_layers=1    avg_loss: 0.000017800567  time_per_window : 0.000757   progress : 0.262
name: input_len=64
training.rollout_steps=32
models.architecture.block_type=simple_cls
training.mode=gml_rollout
models.out_dim=10
models.architecture.n_encoder_layers=1
models.architecture.n_decoder_layers=1    avg_loss: 0.000019544634  time_per_window : 0.000738   progress : 0.273
name: input_len=64
training.rollout_steps=32
models.architecture.block_type=simple_cls
training.mode=gml_rollout
models.out_dim=10
models.architecture.n_encoder_layers=1
models.architecture.n_decoder_layers=1    avg_loss: 0.000060203005  time_per_window : 0.000732   progress : 0.284
name: input_len=64
training.rollout_steps=32
models.architecture.block_type=simple_cls
training.mode=gml_rollout
models.out_dim=10
models.architecture.n_encoder_layers=1
models.architecture.n_decoder_layers=1    avg_loss: 0.000012990752  time_per_window : 0.000773   progress : 0.295
name: input_len=64
training.rollout_steps=32
models.architecture.block_type=simple_cls
training.mode=gml_rollout
models.out_dim=10
models.architecture.n_encoder_layers=1
models.architecture.n_decoder_layers=1    avg_loss: 0.000016175598  time_per_window : 0.000729   progress : 0.306
name: input_len=64
training.rollout_steps=32
models.architecture.block_type=simple_cls
training.mode=gml_rollout
models.out_dim=10
models.architecture.n_encoder_layers=1
models.architecture.n_decoder_layers=1    avg_loss: 0.000027625891  time_per_window : 0.000772   progress : 0.317
name: input_len=64
training.rollout_steps=32
models.architecture.block_type=simple_cls
training.mode=gml_rollout
models.out_dim=10
models.architecture.n_encoder_layers=1
models.architecture.n_decoder_layers=1    avg_loss: 0.000027311668  time_per_window : 0.000731   progress : 0.328
name: input_len=64
training.rollout_steps=32
models.architecture.block_type=simple_cls
training.mode=gml_rollout
models.out_dim=10
models.architecture.n_encoder_layers=1
models.architecture.n_decoder_layers=1    avg_loss: 0.000018678209  time_per_window : 0.000751   progress : 0.339
name: input_len=64
training.rollout_steps=32
models.architecture.block_type=simple_cls
training.mode=gml_rollout
models.out_dim=10
models.architecture.n_encoder_layers=1
models.architecture.n_decoder_layers=1    avg_loss: 0.000017848477  time_per_window : 0.000725   progress : 0.350
name: input_len=64
training.rollout_steps=32
models.architecture.block_type=simple_cls
training.mode=gml_rollout
models.out_dim=10
models.architecture.n_encoder_layers=1
models.architecture.n_decoder_layers=1    avg_loss: 0.000038318078  time_per_window : 0.000737   progress : 0.360
name: input_len=64
training.rollout_steps=32
models.architecture.block_type=simple_cls
training.mode=gml_rollout
models.out_dim=10
models.architecture.n_encoder_layers=1
models.architecture.n_decoder_layers=1    avg_loss: 0.000019554080  time_per_window : 0.000801   progress : 0.371
name: input_len=64
training.rollout_steps=32
models.architecture.block_type=simple_cls
training.mode=gml_rollout
models.out_dim=10
models.architecture.n_encoder_layers=1
models.architecture.n_decoder_layers=1    avg_loss: 0.000025812260  time_per_window : 0.000736   progress : 0.382
name: input_len=64
training.rollout_steps=32
models.architecture.block_type=simple_cls
training.mode=gml_rollout
models.out_dim=10
models.architecture.n_encoder_layers=1
models.architecture.n_decoder_layers=1    avg_loss: 0.000018032779  time_per_window : 0.000765   progress : 0.393
name: input_len=64
training.rollout_steps=32
models.architecture.block_type=simple_cls
training.mode=gml_rollout
models.out_dim=10
models.architecture.n_encoder_layers=1
models.architecture.n_decoder_layers=1    avg_loss: 0.000023627870  time_per_window : 0.000710   progress : 0.404
name: input_len=64
training.rollout_steps=32
models.architecture.block_type=simple_cls
training.mode=gml_rollout
models.out_dim=10
models.architecture.n_encoder_layers=1
models.architecture.n_decoder_layers=1    avg_loss: 0.000022004837  time_per_window : 0.000735   progress : 0.415
name: input_len=64
training.rollout_steps=32
models.architecture.block_type=simple_cls
training.mode=gml_rollout
models.out_dim=10
models.architecture.n_encoder_layers=1
models.architecture.n_decoder_layers=1    avg_loss: 0.000024616675  time_per_window : 0.000734   progress : 0.426
name: input_len=64
training.rollout_steps=32
models.architecture.block_type=simple_cls
training.mode=gml_rollout
models.out_dim=10
models.architecture.n_encoder_layers=1
models.architecture.n_decoder_layers=1    avg_loss: 0.000034275021  time_per_window : 0.000768   progress : 0.437
name: input_len=64
training.rollout_steps=32
models.architecture.block_type=simple_cls
training.mode=gml_rollout
models.out_dim=10
models.architecture.n_encoder_layers=1
models.architecture.n_decoder_layers=1    avg_loss: 0.000024672358  time_per_window : 0.000739   progress : 0.448
name: input_len=64
training.rollout_steps=32
models.architecture.block_type=simple_cls
training.mode=gml_rollout
models.out_dim=10
models.architecture.n_encoder_layers=1
models.architecture.n_decoder_layers=1    avg_loss: 0.000015849599  time_per_window : 0.000724   progress : 0.459
name: input_len=64
training.rollout_steps=32
models.architecture.block_type=simple_cls
training.mode=gml_rollout
models.out_dim=10
models.architecture.n_encoder_layers=1
models.architecture.n_decoder_layers=1    avg_loss: 0.000036365109  time_per_window : 0.000746   progress : 0.470
name: input_len=64
training.rollout_steps=32
models.architecture.block_type=simple_cls
training.mode=gml_rollout
models.out_dim=10
models.architecture.n_encoder_layers=1
models.architecture.n_decoder_layers=1    avg_loss: 0.000017575185  time_per_window : 0.000784   progress : 0.481
name: input_len=64
training.rollout_steps=32
models.architecture.block_type=simple_cls
training.mode=gml_rollout
models.out_dim=10
models.architecture.n_encoder_layers=1
models.architecture.n_decoder_layers=1    avg_loss: 0.000038654824  time_per_window : 0.000743   progress : 0.492
name: input_len=64
training.rollout_steps=32
models.architecture.block_type=simple_cls
training.mode=gml_rollout
models.out_dim=10
models.architecture.n_encoder_layers=1
models.architecture.n_decoder_layers=1    avg_loss: 0.000027397376  time_per_window : 0.000737   progress : 0.502
name: input_len=64
training.rollout_steps=32
models.architecture.block_type=simple_cls
training.mode=gml_rollout
models.out_dim=10
models.architecture.n_encoder_layers=1
models.architecture.n_decoder_layers=1    avg_loss: 0.000016820575  time_per_window : 0.000758   progress : 0.513
name: input_len=64
training.rollout_steps=32
models.architecture.block_type=simple_cls
training.mode=gml_rollout
models.out_dim=10
models.architecture.n_encoder_layers=1
models.architecture.n_decoder_layers=1    avg_loss: 0.000017396298  time_per_window : 0.000772   progress : 0.524
name: input_len=64
training.rollout_steps=32
models.architecture.block_type=simple_cls
training.mode=gml_rollout
models.out_dim=10
models.architecture.n_encoder_layers=1
models.architecture.n_decoder_layers=1    avg_loss: 0.000021309315  time_per_window : 0.000802   progress : 0.535
name: input_len=64
training.rollout_steps=32
models.architecture.block_type=simple_cls
training.mode=gml_rollout
models.out_dim=10
models.architecture.n_encoder_layers=1
models.architecture.n_decoder_layers=1    avg_loss: 0.000020784926  time_per_window : 0.000736   progress : 0.546
name: input_len=64
training.rollout_steps=32
models.architecture.block_type=simple_cls
training.mode=gml_rollout
models.out_dim=10
models.architecture.n_encoder_layers=1
models.architecture.n_decoder_layers=1    avg_loss: 0.000026583944  time_per_window : 0.000791   progress : 0.557
name: input_len=64
training.rollout_steps=32
models.architecture.block_type=simple_cls
training.mode=gml_rollout
models.out_dim=10
models.architecture.n_encoder_layers=1
models.architecture.n_decoder_layers=1    avg_loss: 0.000019319934  time_per_window : 0.000749   progress : 0.568
name: input_len=64
training.rollout_steps=32
models.architecture.block_type=simple_cls
training.mode=gml_rollout
models.out_dim=10
models.architecture.n_encoder_layers=1
models.architecture.n_decoder_layers=1    avg_loss: 0.000024156408  time_per_window : 0.000753   progress : 0.579
name: input_len=64
training.rollout_steps=32
models.architecture.block_type=simple_cls
training.mode=gml_rollout
models.out_dim=10
models.architecture.n_encoder_layers=1
models.architecture.n_decoder_layers=1    avg_loss: 0.000026185653  time_per_window : 0.000742   progress : 0.590
name: input_len=64
training.rollout_steps=32
models.architecture.block_type=simple_cls
training.mode=gml_rollout
models.out_dim=10
models.architecture.n_encoder_layers=1
models.architecture.n_decoder_layers=1    avg_loss: 0.000019415804  time_per_window : 0.000743   progress : 0.601
name: input_len=64
training.rollout_steps=32
models.architecture.block_type=simple_cls
training.mode=gml_rollout
models.out_dim=10
models.architecture.n_encoder_layers=1
models.architecture.n_decoder_layers=1    avg_loss: 0.000016518099  time_per_window : 0.000710   progress : 0.612
name: input_len=64
training.rollout_steps=32
models.architecture.block_type=simple_cls
training.mode=gml_rollout
models.out_dim=10
models.architecture.n_encoder_layers=1
models.architecture.n_decoder_layers=1    avg_loss: 0.000022511020  time_per_window : 0.000752   progress : 0.623
name: input_len=64
training.rollout_steps=32
models.architecture.block_type=simple_cls
training.mode=gml_rollout
models.out_dim=10
models.architecture.n_encoder_layers=1
models.architecture.n_decoder_layers=1    avg_loss: 0.000019982488  time_per_window : 0.000749   progress : 0.634
name: input_len=64
training.rollout_steps=32
models.architecture.block_type=simple_cls
training.mode=gml_rollout
models.out_dim=10
models.architecture.n_encoder_layers=1
models.architecture.n_decoder_layers=1    avg_loss: 0.000022543927  time_per_window : 0.000741   progress : 0.644
name: input_len=64
training.rollout_steps=32
models.architecture.block_type=simple_cls
training.mode=gml_rollout
models.out_dim=10
models.architecture.n_encoder_layers=1
models.architecture.n_decoder_layers=1    avg_loss: 0.000016376458  time_per_window : 0.000802   progress : 0.655
name: input_len=64
training.rollout_steps=32
models.architecture.block_type=simple_cls
training.mode=gml_rollout
models.out_dim=10
models.architecture.n_encoder_layers=1
models.architecture.n_decoder_layers=1    avg_loss: 0.000026639440  time_per_window : 0.000755   progress : 0.666
name: input_len=64
training.rollout_steps=32
models.architecture.block_type=simple_cls
training.mode=gml_rollout
models.out_dim=10
models.architecture.n_encoder_layers=1
models.architecture.n_decoder_layers=1    avg_loss: 0.000014586344  time_per_window : 0.000774   progress : 0.677
name: input_len=64
training.rollout_steps=32
models.architecture.block_type=simple_cls
training.mode=gml_rollout
models.out_dim=10
models.architecture.n_encoder_layers=1
models.architecture.n_decoder_layers=1    avg_loss: 0.000016248410  time_per_window : 0.000773   progress : 0.688
name: input_len=64
training.rollout_steps=32
models.architecture.block_type=simple_cls
training.mode=gml_rollout
models.out_dim=10
models.architecture.n_encoder_layers=1
models.architecture.n_decoder_layers=1    avg_loss: 0.000020757770  time_per_window : 0.000769   progress : 0.699
name: input_len=64
training.rollout_steps=32
models.architecture.block_type=simple_cls
training.mode=gml_rollout
models.out_dim=10
models.architecture.n_encoder_layers=1
models.architecture.n_decoder_layers=1    avg_loss: 0.000021214562  time_per_window : 0.000753   progress : 0.710
name: input_len=64
training.rollout_steps=32
models.architecture.block_type=simple_cls
training.mode=gml_rollout
models.out_dim=10
models.architecture.n_encoder_layers=1
models.architecture.n_decoder_layers=1    avg_loss: 0.000021776526  time_per_window : 0.000740   progress : 0.721
name: input_len=64
training.rollout_steps=32
models.architecture.block_type=simple_cls
training.mode=gml_rollout
models.out_dim=10
models.architecture.n_encoder_layers=1
models.architecture.n_decoder_layers=1    avg_loss: 0.000016710514  time_per_window : 0.000750   progress : 0.732
name: input_len=64
training.rollout_steps=32
models.architecture.block_type=simple_cls
training.mode=gml_rollout
models.out_dim=10
models.architecture.n_encoder_layers=1
models.architecture.n_decoder_layers=1    avg_loss: 0.000020350928  time_per_window : 0.000725   progress : 0.743
name: input_len=64
training.rollout_steps=32
models.architecture.block_type=simple_cls
training.mode=gml_rollout
models.out_dim=10
models.architecture.n_encoder_layers=1
models.architecture.n_decoder_layers=1    avg_loss: 0.000016012717  time_per_window : 0.000739   progress : 0.754
name: input_len=64
training.rollout_steps=32
models.architecture.block_type=simple_cls
training.mode=gml_rollout
models.out_dim=10
models.architecture.n_encoder_layers=1
models.architecture.n_decoder_layers=1    avg_loss: 0.000022412209  time_per_window : 0.000758   progress : 0.765
name: input_len=64
training.rollout_steps=32
models.architecture.block_type=simple_cls
training.mode=gml_rollout
models.out_dim=10
models.architecture.n_encoder_layers=1
models.architecture.n_decoder_layers=1    avg_loss: 0.000030603267  time_per_window : 0.000747   progress : 0.775
name: input_len=64
training.rollout_steps=32
models.architecture.block_type=simple_cls
training.mode=gml_rollout
models.out_dim=10
models.architecture.n_encoder_layers=1
models.architecture.n_decoder_layers=1    avg_loss: 0.000016621612  time_per_window : 0.000774   progress : 0.786
name: input_len=64
training.rollout_steps=32
models.architecture.block_type=simple_cls
training.mode=gml_rollout
models.out_dim=10
models.architecture.n_encoder_layers=1
models.architecture.n_decoder_layers=1    avg_loss: 0.000012922141  time_per_window : 0.000728   progress : 0.797
name: input_len=64
training.rollout_steps=32
models.architecture.block_type=simple_cls
training.mode=gml_rollout
models.out_dim=10
models.architecture.n_encoder_layers=1
models.architecture.n_decoder_layers=1    avg_loss: 0.000025387693  time_per_window : 0.000752   progress : 0.808
name: input_len=64
training.rollout_steps=32
models.architecture.block_type=simple_cls
training.mode=gml_rollout
models.out_dim=10
models.architecture.n_encoder_layers=1
models.architecture.n_decoder_layers=1    avg_loss: 0.000011051678  time_per_window : 0.000717   progress : 0.819
name: input_len=64
training.rollout_steps=32
models.architecture.block_type=simple_cls
training.mode=gml_rollout
models.out_dim=10
models.architecture.n_encoder_layers=1
models.architecture.n_decoder_layers=1    avg_loss: 0.000014145437  time_per_window : 0.000760   progress : 0.830
name: input_len=64
training.rollout_steps=32
models.architecture.block_type=simple_cls
training.mode=gml_rollout
models.out_dim=10
models.architecture.n_encoder_layers=1
models.architecture.n_decoder_layers=1    avg_loss: 0.000022292745  time_per_window : 0.000689   progress : 0.841
name: input_len=64
training.rollout_steps=32
models.architecture.block_type=simple_cls
training.mode=gml_rollout
models.out_dim=10
models.architecture.n_encoder_layers=1
models.architecture.n_decoder_layers=1    avg_loss: 0.000016664035  time_per_window : 0.000710   progress : 0.852
name: input_len=64
training.rollout_steps=32
models.architecture.block_type=simple_cls
training.mode=gml_rollout
models.out_dim=10
models.architecture.n_encoder_layers=1
models.architecture.n_decoder_layers=1    avg_loss: 0.000015166699  time_per_window : 0.000721   progress : 0.863
name: input_len=64
training.rollout_steps=32
models.architecture.block_type=simple_cls
training.mode=gml_rollout
models.out_dim=10
models.architecture.n_encoder_layers=1
models.architecture.n_decoder_layers=1    avg_loss: 0.000023635255  time_per_window : 0.000732   progress : 0.874
name: input_len=64
training.rollout_steps=32
models.architecture.block_type=simple_cls
training.mode=gml_rollout
models.out_dim=10
models.architecture.n_encoder_layers=1
models.architecture.n_decoder_layers=1    avg_loss: 0.000018008779  time_per_window : 0.000767   progress : 0.885
name: input_len=64
training.rollout_steps=32
models.architecture.block_type=simple_cls
training.mode=gml_rollout
models.out_dim=10
models.architecture.n_encoder_layers=1
models.architecture.n_decoder_layers=1    avg_loss: 0.000015019396  time_per_window : 0.000717   progress : 0.896
name: input_len=64
training.rollout_steps=32
models.architecture.block_type=simple_cls
training.mode=gml_rollout
models.out_dim=10
models.architecture.n_encoder_layers=1
models.architecture.n_decoder_layers=1    avg_loss: 0.000011135590  time_per_window : 0.000738   progress : 0.907
name: input_len=64
training.rollout_steps=32
models.architecture.block_type=simple_cls
training.mode=gml_rollout
models.out_dim=10
models.architecture.n_encoder_layers=1
models.architecture.n_decoder_layers=1    avg_loss: 0.000017091181  time_per_window : 0.000749   progress : 0.917
name: input_len=64
training.rollout_steps=32
models.architecture.block_type=simple_cls
training.mode=gml_rollout
models.out_dim=10
models.architecture.n_encoder_layers=1
models.architecture.n_decoder_layers=1    avg_loss: 0.000023626544  time_per_window : 0.000768   progress : 0.928
name: input_len=64
training.rollout_steps=32
models.architecture.block_type=simple_cls
training.mode=gml_rollout
models.out_dim=10
models.architecture.n_encoder_layers=1
models.architecture.n_decoder_layers=1    avg_loss: 0.000015149450  time_per_window : 0.000757   progress : 0.939
name: input_len=64
training.rollout_steps=32
models.architecture.block_type=simple_cls
training.mode=gml_rollout
models.out_dim=10
models.architecture.n_encoder_layers=1
models.architecture.n_decoder_layers=1    avg_loss: 0.000012227761  time_per_window : 0.000737   progress : 0.950
name: input_len=64
training.rollout_steps=32
models.architecture.block_type=simple_cls
training.mode=gml_rollout
models.out_dim=10
models.architecture.n_encoder_layers=1
models.architecture.n_decoder_layers=1    avg_loss: 0.000018331393  time_per_window : 0.000748   progress : 0.961
name: input_len=64
training.rollout_steps=32
models.architecture.block_type=simple_cls
training.mode=gml_rollout
models.out_dim=10
models.architecture.n_encoder_layers=1
models.architecture.n_decoder_layers=1    avg_loss: 0.000014311695  time_per_window : 0.000737   progress : 0.972
name: input_len=64
training.rollout_steps=32
models.architecture.block_type=simple_cls
training.mode=gml_rollout
models.out_dim=10
models.architecture.n_encoder_layers=1
models.architecture.n_decoder_layers=1    avg_loss: 0.000019184003  time_per_window : 0.000751   progress : 0.983
name: input_len=64
training.rollout_steps=32
models.architecture.block_type=simple_cls
training.mode=gml_rollout
models.out_dim=10
models.architecture.n_encoder_layers=1
models.architecture.n_decoder_layers=1    avg_loss: 0.000013768626  time_per_window : 0.000721   progress : 0.994
name: input_len=64
training.rollout_steps=32
models.architecture.block_type=simple_cls
training.mode=gml_rollout
models.out_dim=10
models.architecture.n_encoder_layers=1
models.architecture.n_decoder_layers=1    avg_loss: 297.809844970703  time_per_window : 0.000847   progress : 0.011
name: input_len=64
training.rollout_steps=32
models.architecture.block_type=simple_cls
training.mode=gml_rollout
models.out_dim=10
models.architecture.n_encoder_layers=1
models.architecture.n_decoder_layers=1    avg_loss: -68.283134460449  time_per_window : 0.000863   progress : 0.022
name: input_len=64
training.rollout_steps=32
models.architecture.block_type=simple_cls
training.mode=gml_rollout
models.out_dim=10
models.architecture.n_encoder_layers=1
models.architecture.n_decoder_layers=1    avg_loss: -68.263061523438  time_per_window : 0.000841   progress : 0.033
name: input_len=64
training.rollout_steps=32
models.architecture.block_type=simple_cls
training.mode=gml_rollout
models.out_dim=10
models.architecture.n_encoder_layers=1
models.architecture.n_decoder_layers=1    avg_loss: -68.283470153809  time_per_window : 0.000849   progress : 0.044
name: input_len=64
training.rollout_steps=32
models.architecture.block_type=simple_cls
training.mode=gml_rollout
models.out_dim=10
models.architecture.n_encoder_layers=1
models.architecture.n_decoder_layers=1    avg_loss: -68.320045471191  time_per_window : 0.000861   progress : 0.055
name: input_len=64
training.rollout_steps=32
models.architecture.block_type=simple_cls
training.mode=gml_rollout
models.out_dim=10
models.architecture.n_encoder_layers=1
models.architecture.n_decoder_layers=1    avg_loss: -68.455322265625  time_per_window : 0.000802   progress : 0.066
name: input_len=64
training.rollout_steps=32
models.architecture.block_type=simple_cls
training.mode=gml_rollout
models.out_dim=10
models.architecture.n_encoder_layers=1
models.architecture.n_decoder_layers=1    avg_loss: -68.594337463379  time_per_window : 0.000852   progress : 0.076
name: input_len=64
training.rollout_steps=32
models.architecture.block_type=simple_cls
training.mode=gml_rollout
models.out_dim=10
models.architecture.n_encoder_layers=1
models.architecture.n_decoder_layers=1    avg_loss: -68.705627441406  time_per_window : 0.000868   progress : 0.087
name: input_len=64
training.rollout_steps=32
models.architecture.block_type=simple_cls
training.mode=gml_rollout
models.out_dim=10
models.architecture.n_encoder_layers=1
models.architecture.n_decoder_layers=1    avg_loss: -68.764663696289  time_per_window : 0.000822   progress : 0.098
name: input_len=64
training.rollout_steps=32
models.architecture.block_type=simple_cls
training.mode=gml_rollout
models.out_dim=10
models.architecture.n_encoder_layers=1
models.architecture.n_decoder_layers=1    avg_loss: -68.764549255371  time_per_window : 0.000876   progress : 0.109
name: input_len=64
training.rollout_steps=32
models.architecture.block_type=simple_cls
training.mode=gml_rollout
models.out_dim=10
models.architecture.n_encoder_layers=1
models.architecture.n_decoder_layers=1    avg_loss: -68.771034240723  time_per_window : 0.000841   progress : 0.120
name: input_len=64
training.rollout_steps=32
models.architecture.block_type=simple_cls
training.mode=gml_rollout
models.out_dim=10
models.architecture.n_encoder_layers=1
models.architecture.n_decoder_layers=1    avg_loss: -68.790885925293  time_per_window : 0.000852   progress : 0.131
name: input_len=64
training.rollout_steps=32
models.architecture.block_type=simple_cls
training.mode=gml_rollout
models.out_dim=10
models.architecture.n_encoder_layers=1
models.architecture.n_decoder_layers=1    avg_loss: -68.791809082031  time_per_window : 0.000835   progress : 0.142
name: input_len=64
training.rollout_steps=32
models.architecture.block_type=simple_cls
training.mode=gml_rollout
models.out_dim=10
models.architecture.n_encoder_layers=1
models.architecture.n_decoder_layers=1    avg_loss: -68.788146972656  time_per_window : 0.000824   progress : 0.153
name: input_len=64
training.rollout_steps=32
models.architecture.block_type=simple_cls
training.mode=gml_rollout
models.out_dim=10
models.architecture.n_encoder_layers=1
models.architecture.n_decoder_layers=1    avg_loss: -68.785072326660  time_per_window : 0.000842   progress : 0.164
name: input_len=64
training.rollout_steps=32
models.architecture.block_type=simple_cls
training.mode=gml_rollout
models.out_dim=10
models.architecture.n_encoder_layers=1
models.architecture.n_decoder_layers=1    avg_loss: -68.784172058105  time_per_window : 0.000861   progress : 0.175
name: input_len=64
training.rollout_steps=32
models.architecture.block_type=simple_cls
training.mode=gml_rollout
models.out_dim=10
models.architecture.n_encoder_layers=1
models.architecture.n_decoder_layers=1    avg_loss: -68.776763916016  time_per_window : 0.000834   progress : 0.186
name: input_len=64
training.rollout_steps=32
models.architecture.block_type=simple_cls
training.mode=gml_rollout
models.out_dim=10
models.architecture.n_encoder_layers=1
models.architecture.n_decoder_layers=1    avg_loss: -68.777999877930  time_per_window : 0.000849   progress : 0.197
name: input_len=64
training.rollout_steps=32
models.architecture.block_type=simple_cls
training.mode=gml_rollout
models.out_dim=10
models.architecture.n_encoder_layers=1
models.architecture.n_decoder_layers=1    avg_loss: -68.788093566895  time_per_window : 0.000836   progress : 0.208
name: input_len=64
training.rollout_steps=32
models.architecture.block_type=simple_cls
training.mode=gml_rollout
models.out_dim=10
models.architecture.n_encoder_layers=1
models.architecture.n_decoder_layers=1    avg_loss: -68.769027709961  time_per_window : 0.000825   progress : 0.218
name: input_len=64
training.rollout_steps=32
models.architecture.block_type=simple_cls
training.mode=gml_rollout
models.out_dim=10
models.architecture.n_encoder_layers=1
models.architecture.n_decoder_layers=1    avg_loss: -68.736137390137  time_per_window : 0.000857   progress : 0.229
name: input_len=64
training.rollout_steps=32
models.architecture.block_type=simple_cls
training.mode=gml_rollout
models.out_dim=10
models.architecture.n_encoder_layers=1
models.architecture.n_decoder_layers=1    avg_loss: -68.713684082031  time_per_window : 0.000814   progress : 0.240
name: input_len=64
training.rollout_steps=32
models.architecture.block_type=simple_cls
training.mode=gml_rollout
models.out_dim=10
models.architecture.n_encoder_layers=1
models.architecture.n_decoder_layers=1    avg_loss: -68.724342346191  time_per_window : 0.000829   progress : 0.251
name: input_len=64
training.rollout_steps=32
models.architecture.block_type=simple_cls
training.mode=gml_rollout
models.out_dim=10
models.architecture.n_encoder_layers=1
models.architecture.n_decoder_layers=1    avg_loss: -68.717285156250  time_per_window : 0.000903   progress : 0.262
name: input_len=64
training.rollout_steps=32
models.architecture.block_type=simple_cls
training.mode=gml_rollout
models.out_dim=10
models.architecture.n_encoder_layers=1
models.architecture.n_decoder_layers=1    avg_loss: -68.712013244629  time_per_window : 0.000640   progress : 0.273
name: input_len=64
training.rollout_steps=32
models.architecture.block_type=simple_cls
training.mode=gml_rollout
models.out_dim=10
models.architecture.n_encoder_layers=1
models.architecture.n_decoder_layers=1    avg_loss: -68.692153930664  time_per_window : 0.000732   progress : 0.284
name: input_len=64
training.rollout_steps=32
models.architecture.block_type=simple_cls
training.mode=gml_rollout
models.out_dim=10
models.architecture.n_encoder_layers=1
models.architecture.n_decoder_layers=1    avg_loss: -68.715141296387  time_per_window : 0.000695   progress : 0.295
name: input_len=64
training.rollout_steps=32
models.architecture.block_type=simple_cls
training.mode=gml_rollout
models.out_dim=10
models.architecture.n_encoder_layers=1
models.architecture.n_decoder_layers=1    avg_loss: -68.704200744629  time_per_window : 0.000674   progress : 0.306
name: input_len=64
training.rollout_steps=32
models.architecture.block_type=simple_cls
training.mode=gml_rollout
models.out_dim=10
models.architecture.n_encoder_layers=1
models.architecture.n_decoder_layers=1    avg_loss: -68.696212768555  time_per_window : 0.000706   progress : 0.317
name: input_len=64
training.rollout_steps=32
models.architecture.block_type=simple_cls
training.mode=gml_rollout
models.out_dim=10
models.architecture.n_encoder_layers=1
models.architecture.n_decoder_layers=1    avg_loss: -68.674865722656  time_per_window : 0.000707   progress : 0.328
name: input_len=64
training.rollout_steps=32
models.architecture.block_type=simple_cls
training.mode=gml_rollout
models.out_dim=10
models.architecture.n_encoder_layers=1
models.architecture.n_decoder_layers=1    avg_loss: -68.684570312500  time_per_window : 0.000703   progress : 0.339
name: input_len=64
training.rollout_steps=32
models.architecture.block_type=simple_cls
training.mode=gml_rollout
models.out_dim=10
models.architecture.n_encoder_layers=1
models.architecture.n_decoder_layers=1    avg_loss: -68.695465087891  time_per_window : 0.000684   progress : 0.350
name: input_len=64
training.rollout_steps=32
models.architecture.block_type=simple_cls
training.mode=gml_rollout
models.out_dim=10
models.architecture.n_encoder_layers=1
models.architecture.n_decoder_layers=1    avg_loss: -68.742568969727  time_per_window : 0.000713   progress : 0.360
name: input_len=64
training.rollout_steps=32
models.architecture.block_type=simple_cls
training.mode=gml_rollout
models.out_dim=10
models.architecture.n_encoder_layers=1
models.architecture.n_decoder_layers=1    avg_loss: -68.660125732422  time_per_window : 0.000731   progress : 0.371
name: input_len=64
training.rollout_steps=32
models.architecture.block_type=simple_cls
training.mode=gml_rollout
models.out_dim=10
models.architecture.n_encoder_layers=1
models.architecture.n_decoder_layers=1    avg_loss: -68.663825988770  time_per_window : 0.000677   progress : 0.382
name: input_len=64
training.rollout_steps=32
models.architecture.block_type=simple_cls
training.mode=gml_rollout
models.out_dim=10
models.architecture.n_encoder_layers=1
models.architecture.n_decoder_layers=1    avg_loss: -68.641021728516  time_per_window : 0.000714   progress : 0.393
name: input_len=64
training.rollout_steps=32
models.architecture.block_type=simple_cls
training.mode=gml_rollout
models.out_dim=10
models.architecture.n_encoder_layers=1
models.architecture.n_decoder_layers=1    avg_loss: -68.666831970215  time_per_window : 0.000702   progress : 0.404
name: input_len=64
training.rollout_steps=32
models.architecture.block_type=simple_cls
training.mode=gml_rollout
models.out_dim=10
models.architecture.n_encoder_layers=1
models.architecture.n_decoder_layers=1    avg_loss: -68.646614074707  time_per_window : 0.000715   progress : 0.415
name: input_len=64
training.rollout_steps=32
models.architecture.block_type=simple_cls
training.mode=gml_rollout
models.out_dim=10
models.architecture.n_encoder_layers=1
models.architecture.n_decoder_layers=1    avg_loss: -68.641807556152  time_per_window : 0.000688   progress : 0.426
name: input_len=64
training.rollout_steps=32
models.architecture.block_type=simple_cls
training.mode=gml_rollout
models.out_dim=10
models.architecture.n_encoder_layers=1
models.architecture.n_decoder_layers=1    avg_loss: -68.627914428711  time_per_window : 0.000703   progress : 0.437
name: input_len=64
training.rollout_steps=32
models.architecture.block_type=simple_cls
training.mode=gml_rollout
models.out_dim=10
models.architecture.n_encoder_layers=1
models.architecture.n_decoder_layers=1    avg_loss: -68.623107910156  time_per_window : 0.000703   progress : 0.448
name: input_len=64
training.rollout_steps=32
models.architecture.block_type=simple_cls
training.mode=gml_rollout
models.out_dim=10
models.architecture.n_encoder_layers=1
models.architecture.n_decoder_layers=1    avg_loss: -68.645408630371  time_per_window : 0.000707   progress : 0.459
name: input_len=64
training.rollout_steps=32
models.architecture.block_type=simple_cls
training.mode=gml_rollout
models.out_dim=10
models.architecture.n_encoder_layers=1
models.architecture.n_decoder_layers=1    avg_loss: -68.642089843750  time_per_window : 0.000723   progress : 0.470
name: input_len=64
training.rollout_steps=32
models.architecture.block_type=simple_cls
training.mode=gml_rollout
models.out_dim=10
models.architecture.n_encoder_layers=1
models.architecture.n_decoder_layers=1    avg_loss: -68.550392150879  time_per_window : 0.000715   progress : 0.481
name: input_len=64
training.rollout_steps=32
models.architecture.block_type=simple_cls
training.mode=gml_rollout
models.out_dim=10
models.architecture.n_encoder_layers=1
models.architecture.n_decoder_layers=1    avg_loss: -68.702919006348  time_per_window : 0.000687   progress : 0.492
name: input_len=64
training.rollout_steps=32
models.architecture.block_type=simple_cls
training.mode=gml_rollout
models.out_dim=10
models.architecture.n_encoder_layers=1
models.architecture.n_decoder_layers=1    avg_loss: -68.608612060547  time_per_window : 0.000687   progress : 0.502
name: input_len=64
training.rollout_steps=32
models.architecture.block_type=simple_cls
training.mode=gml_rollout
models.out_dim=10
models.architecture.n_encoder_layers=1
models.architecture.n_decoder_layers=1    avg_loss: -68.562477111816  time_per_window : 0.000710   progress : 0.513
name: input_len=64
training.rollout_steps=32
models.architecture.block_type=simple_cls
training.mode=gml_rollout
models.out_dim=10
models.architecture.n_encoder_layers=1
models.architecture.n_decoder_layers=1    avg_loss: -68.659484863281  time_per_window : 0.000685   progress : 0.524
name: input_len=64
training.rollout_steps=32
models.architecture.block_type=simple_cls
training.mode=gml_rollout
models.out_dim=10
models.architecture.n_encoder_layers=1
models.architecture.n_decoder_layers=1    avg_loss: -68.623847961426  time_per_window : 0.000712   progress : 0.535
name: input_len=64
training.rollout_steps=32
models.architecture.block_type=simple_cls
training.mode=gml_rollout
models.out_dim=10
models.architecture.n_encoder_layers=1
models.architecture.n_decoder_layers=1    avg_loss: -68.620491027832  time_per_window : 0.000674   progress : 0.546
name: input_len=64
training.rollout_steps=32
models.architecture.block_type=simple_cls
training.mode=gml_rollout
models.out_dim=10
models.architecture.n_encoder_layers=1
models.architecture.n_decoder_layers=1    avg_loss: -68.686805725098  time_per_window : 0.000676   progress : 0.557
name: input_len=64
training.rollout_steps=32
models.architecture.block_type=simple_cls
training.mode=gml_rollout
models.out_dim=10
models.architecture.n_encoder_layers=1
models.architecture.n_decoder_layers=1    avg_loss: -68.673637390137  time_per_window : 0.000699   progress : 0.568
name: input_len=64
training.rollout_steps=32
models.architecture.block_type=simple_cls
training.mode=gml_rollout
models.out_dim=10
models.architecture.n_encoder_layers=1
models.architecture.n_decoder_layers=1    avg_loss: -68.618606567383  time_per_window : 0.000665   progress : 0.579
name: input_len=64
training.rollout_steps=32
models.architecture.block_type=simple_cls
training.mode=gml_rollout
models.out_dim=10
models.architecture.n_encoder_layers=1
models.architecture.n_decoder_layers=1    avg_loss: -68.669075012207  time_per_window : 0.000684   progress : 0.590
name: input_len=64
training.rollout_steps=32
models.architecture.block_type=simple_cls
training.mode=gml_rollout
models.out_dim=10
models.architecture.n_encoder_layers=1
models.architecture.n_decoder_layers=1    avg_loss: -68.675254821777  time_per_window : 0.000711   progress : 0.601
name: input_len=64
training.rollout_steps=32
models.architecture.block_type=simple_cls
training.mode=gml_rollout
models.out_dim=10
models.architecture.n_encoder_layers=1
models.architecture.n_decoder_layers=1    avg_loss: -68.661987304688  time_per_window : 0.000680   progress : 0.612
name: input_len=64
training.rollout_steps=32
models.architecture.block_type=simple_cls
training.mode=gml_rollout
models.out_dim=10
models.architecture.n_encoder_layers=1
models.architecture.n_decoder_layers=1    avg_loss: -68.653839111328  time_per_window : 0.000713   progress : 0.623
name: input_len=64
training.rollout_steps=32
models.architecture.block_type=simple_cls
training.mode=gml_rollout
models.out_dim=10
models.architecture.n_encoder_layers=1
models.architecture.n_decoder_layers=1    avg_loss: -68.652450561523  time_per_window : 0.000720   progress : 0.634
name: input_len=64
training.rollout_steps=32
models.architecture.block_type=simple_cls
training.mode=gml_rollout
models.out_dim=10
models.architecture.n_encoder_layers=1
models.architecture.n_decoder_layers=1    avg_loss: -68.688796997070  time_per_window : 0.000669   progress : 0.644
name: input_len=64
training.rollout_steps=32
models.architecture.block_type=simple_cls
training.mode=gml_rollout
models.out_dim=10
models.architecture.n_encoder_layers=1
models.architecture.n_decoder_layers=1    avg_loss: -68.701194763184  time_per_window : 0.000583   progress : 0.655
name: input_len=64
training.rollout_steps=32
models.architecture.block_type=simple_cls
training.mode=gml_rollout
models.out_dim=10
models.architecture.n_encoder_layers=1
models.architecture.n_decoder_layers=1    avg_loss: -68.702400207520  time_per_window : 0.000505   progress : 0.666
name: input_len=64
training.rollout_steps=32
models.architecture.block_type=simple_cls
training.mode=gml_rollout
models.out_dim=10
models.architecture.n_encoder_layers=1
models.architecture.n_decoder_layers=1    avg_loss: -68.661544799805  time_per_window : 0.000552   progress : 0.677
name: input_len=64
training.rollout_steps=32
models.architecture.block_type=simple_cls
training.mode=gml_rollout
models.out_dim=10
models.architecture.n_encoder_layers=1
models.architecture.n_decoder_layers=1    avg_loss: -68.711837768555  time_per_window : 0.000543   progress : 0.688
name: input_len=64
training.rollout_steps=32
models.architecture.block_type=simple_cls
training.mode=gml_rollout
models.out_dim=10
models.architecture.n_encoder_layers=1
models.architecture.n_decoder_layers=1    avg_loss: -68.581077575684  time_per_window : 0.000678   progress : 0.699
name: input_len=64
training.rollout_steps=32
models.architecture.block_type=simple_cls
training.mode=gml_rollout
models.out_dim=10
models.architecture.n_encoder_layers=1
models.architecture.n_decoder_layers=1    avg_loss: -68.736450195312  time_per_window : 0.000692   progress : 0.710
name: input_len=64
training.rollout_steps=32
models.architecture.block_type=simple_cls
training.mode=gml_rollout
models.out_dim=10
models.architecture.n_encoder_layers=1
models.architecture.n_decoder_layers=1    avg_loss: -68.716926574707  time_per_window : 0.000668   progress : 0.721
name: input_len=64
training.rollout_steps=32
models.architecture.block_type=simple_cls
training.mode=gml_rollout
models.out_dim=10
models.architecture.n_encoder_layers=1
models.architecture.n_decoder_layers=1    avg_loss: -68.707038879395  time_per_window : 0.000694   progress : 0.732
name: input_len=64
training.rollout_steps=32
models.architecture.block_type=simple_cls
training.mode=gml_rollout
models.out_dim=10
models.architecture.n_encoder_layers=1
models.architecture.n_decoder_layers=1    avg_loss: -68.738670349121  time_per_window : 0.000722   progress : 0.743
name: input_len=64
training.rollout_steps=32
models.architecture.block_type=simple_cls
training.mode=gml_rollout
models.out_dim=10
models.architecture.n_encoder_layers=1
models.architecture.n_decoder_layers=1    avg_loss: -68.717910766602  time_per_window : 0.000722   progress : 0.754
name: input_len=64
training.rollout_steps=32
models.architecture.block_type=simple_cls
training.mode=gml_rollout
models.out_dim=10
models.architecture.n_encoder_layers=1
models.architecture.n_decoder_layers=1    avg_loss: -68.702438354492  time_per_window : 0.000552   progress : 0.765
name: input_len=64
training.rollout_steps=32
models.architecture.block_type=simple_cls
training.mode=gml_rollout
models.out_dim=10
models.architecture.n_encoder_layers=1
models.architecture.n_decoder_layers=1    avg_loss: -68.701438903809  time_per_window : 0.000607   progress : 0.775
name: input_len=64
training.rollout_steps=32
models.architecture.block_type=simple_cls
training.mode=gml_rollout
models.out_dim=10
models.architecture.n_encoder_layers=1
models.architecture.n_decoder_layers=1    avg_loss: -68.712242126465  time_per_window : 0.000554   progress : 0.786
name: input_len=64
training.rollout_steps=32
models.architecture.block_type=simple_cls
training.mode=gml_rollout
models.out_dim=10
models.architecture.n_encoder_layers=1
models.architecture.n_decoder_layers=1    avg_loss: -68.714019775391  time_per_window : 0.000564   progress : 0.797
name: input_len=64
training.rollout_steps=32
models.architecture.block_type=simple_cls
training.mode=gml_rollout
models.out_dim=10
models.architecture.n_encoder_layers=1
models.architecture.n_decoder_layers=1    avg_loss: -68.749206542969  time_per_window : 0.000556   progress : 0.808
name: input_len=64
training.rollout_steps=32
models.architecture.block_type=simple_cls
training.mode=gml_rollout
models.out_dim=10
models.architecture.n_encoder_layers=1
models.architecture.n_decoder_layers=1    avg_loss: -68.662658691406  time_per_window : 0.000588   progress : 0.819
name: input_len=64
training.rollout_steps=32
models.architecture.block_type=simple_cls
training.mode=gml_rollout
models.out_dim=10
models.architecture.n_encoder_layers=1
models.architecture.n_decoder_layers=1    avg_loss: -68.756752014160  time_per_window : 0.000535   progress : 0.830
name: input_len=64
training.rollout_steps=32
models.architecture.block_type=simple_cls
training.mode=gml_rollout
models.out_dim=10
models.architecture.n_encoder_layers=1
models.architecture.n_decoder_layers=1    avg_loss: -68.778358459473  time_per_window : 0.000561   progress : 0.841
name: input_len=64
training.rollout_steps=32
models.architecture.block_type=simple_cls
training.mode=gml_rollout
models.out_dim=10
models.architecture.n_encoder_layers=1
models.architecture.n_decoder_layers=1    avg_loss: -68.690856933594  time_per_window : 0.000582   progress : 0.852
name: input_len=64
training.rollout_steps=32
models.architecture.block_type=simple_cls
training.mode=gml_rollout
models.out_dim=10
models.architecture.n_encoder_layers=1
models.architecture.n_decoder_layers=1    avg_loss: -68.729103088379  time_per_window : 0.000611   progress : 0.863
name: input_len=64
training.rollout_steps=32
models.architecture.block_type=simple_cls
training.mode=gml_rollout
models.out_dim=10
models.architecture.n_encoder_layers=1
models.architecture.n_decoder_layers=1    avg_loss: -68.768913269043  time_per_window : 0.000607   progress : 0.874
name: input_len=64
training.rollout_steps=32
models.architecture.block_type=simple_cls
training.mode=gml_rollout
models.out_dim=10
models.architecture.n_encoder_layers=1
models.architecture.n_decoder_layers=1    avg_loss: -68.739265441895  time_per_window : 0.000474   progress : 0.885
name: input_len=64
training.rollout_steps=32
models.architecture.block_type=simple_cls
training.mode=gml_rollout
models.out_dim=10
models.architecture.n_encoder_layers=1
models.architecture.n_decoder_layers=1    avg_loss: -68.746849060059  time_per_window : 0.000557   progress : 0.896
name: input_len=64
training.rollout_steps=32
models.architecture.block_type=simple_cls
training.mode=gml_rollout
models.out_dim=10
models.architecture.n_encoder_layers=1
models.architecture.n_decoder_layers=1    avg_loss: -68.722251892090  time_per_window : 0.000563   progress : 0.907
name: input_len=64
training.rollout_steps=32
models.architecture.block_type=simple_cls
training.mode=gml_rollout
models.out_dim=10
models.architecture.n_encoder_layers=1
models.architecture.n_decoder_layers=1    avg_loss: -68.778968811035  time_per_window : 0.000577   progress : 0.917
name: input_len=64
training.rollout_steps=32
models.architecture.block_type=simple_cls
training.mode=gml_rollout
models.out_dim=10
models.architecture.n_encoder_layers=1
models.architecture.n_decoder_layers=1    avg_loss: -68.622245788574  time_per_window : 0.000506   progress : 0.928
name: input_len=64
training.rollout_steps=32
models.architecture.block_type=simple_cls
training.mode=gml_rollout
models.out_dim=10
models.architecture.n_encoder_layers=1
models.architecture.n_decoder_layers=1    avg_loss: -68.748176574707  time_per_window : 0.000579   progress : 0.939
name: input_len=64
training.rollout_steps=32
models.architecture.block_type=simple_cls
training.mode=gml_rollout
models.out_dim=10
models.architecture.n_encoder_layers=1
models.architecture.n_decoder_layers=1    avg_loss: -68.783775329590  time_per_window : 0.000566   progress : 0.950
name: input_len=64
training.rollout_steps=32
models.architecture.block_type=simple_cls
training.mode=gml_rollout
models.out_dim=10
models.architecture.n_encoder_layers=1
models.architecture.n_decoder_layers=1    avg_loss: -68.765052795410  time_per_window : 0.000539   progress : 0.961
name: input_len=64
training.rollout_steps=32
models.architecture.block_type=simple_cls
training.mode=gml_rollout
models.out_dim=10
models.architecture.n_encoder_layers=1
models.architecture.n_decoder_layers=1    avg_loss: -68.769950866699  time_per_window : 0.000578   progress : 0.972
name: input_len=64
training.rollout_steps=32
models.architecture.block_type=simple_cls
training.mode=gml_rollout
models.out_dim=10
models.architecture.n_encoder_layers=1
models.architecture.n_decoder_layers=1    avg_loss: -68.761146545410  time_per_window : 0.000577   progress : 0.983
name: input_len=64
training.rollout_steps=32
models.architecture.block_type=simple_cls
training.mode=gml_rollout
models.out_dim=10
models.architecture.n_encoder_layers=1
models.architecture.n_decoder_layers=1    avg_loss: -68.741493225098  time_per_window : 0.000505   progress : 0.994
DONE!!!
