/home/jdihardjo/miniconda3/envs/mavenv/lib/python3.11/site-packages/hydra/_internal/defaults_list.py:251: UserWarning: In 'config': Defaults list is missing `_self_`. See https://hydra.cc/docs/1.2/upgrades/1.0_to_1.1/default_composition_order for more information
  warnings.warn(msg, UserWarning)
Using cuda device
[2026-07-25 00:17:41,401][HYDRA] Joblib.Parallel(n_jobs=4,backend=loky,prefer=processes,require=None,verbose=0,timeout=None,pre_dispatch=2*n_jobs,batch_size=auto,temp_folder=None,max_nbytes=None,mmap_mode=r) is launching 1 jobs
[2026-07-25 00:17:41,401][HYDRA] Launching jobs, sweep output dir : ablation_runs/2026-07-24_23-30-14/simple_mamba_out6_in64
[2026-07-25 00:17:41,401][HYDRA] 	#0 : input_len=64 training.rollout_steps=32 models.architecture.block_type=simple models.architecture.mamba_type=mamba training.mode=rollout models.out_dim=6
/home/jdihardjo/miniconda3/envs/mavenv/lib/python3.11/site-packages/hydra/_internal/defaults_list.py:251: UserWarning: In 'config': Defaults list is missing `_self_`. See https://hydra.cc/docs/1.2/upgrades/1.0_to_1.1/default_composition_order for more information
  warnings.warn(msg, UserWarning)
models:
  n_dim: 23
  out_dim: 6
  architecture:
    d_model: 128
    n_encoder_layers: 2
    n_decoder_layers: 0
    block_type: simple
    time_adapter: last_token
    in_norm: none
    out_norm: none
    layer_scale: 0.0001
    drop_path: 0.05
    mamba_type: mamba
    mamba_kwargs:
      d_state: 16
      d_conv: 2
      expand: 2
      norm: rms
    skip: false
    cls_kwargs:
      n_heads: 2
      n_mlp: 2
      positional_encoding: false
      max_len: 5000
input_len: 64
output_len: 1
batch_size: 128
epochs: 5
seed: 0
dataset:
  path: /home/jdihardjo/simdata/train.zarr/
  training_size: 1500000
evaluation:
  path: /home/jdihardjo/simdata/evaluation.zarr/
  evaluation_size: 50
training:
  mode: rollout
  lr: 0.0002
  weight_decay: 0.1
  rollout_steps: 32
checkpoint:
  save_path: hydra-test.pth
  load: false
  path: hydra-test.pth
compile: true

/home/jdihardjo/miniconda3/envs/mavenv/lib/python3.11/site-packages/torch/_dynamo/variables/functions.py:2311: UserWarning: Dynamo does not know how to trace the builtin `selective_scan_cuda.pybind11_detail_function_record_v1_system_libstdcpp_gxx_abi_1xxx_use_cxx11_abi_1.fwd.` This function is either a Python builtin (e.g. _warnings.warn) or a third-party C/C++ Python extension (perhaps created with pybind).
If it is a Python builtin, please file an issue on GitHub so the PyTorch team can add support for it and see the next case for a workaround.
If it is a third-party C/C++ Python extension, please either wrap it into a PyTorch-understood custom operator (see https://pytorch.org/tutorials/advanced/custom_ops_landing_page.html for more details) or, if it is traceable, use `torch.compiler.allow_in_graph`.
  torch._dynamo.utils.warn_once(explanation + "\n" + "\n".join(hints))
/home/jdihardjo/miniconda3/envs/mavenv/lib/python3.11/site-packages/torch/_inductor/cudagraph_trees.py:2622: UserWarning: Unable to hit fast path of CUDAGraphs because outputs from a previous step still require backward. Ensure backward() is invoked or detach outputs. You may also call torch.compiler.cudagraph_mark_step_begin() before each model invocation.
  warnings.warn(
name: input_len=64
training.rollout_steps=32
models.architecture.block_type=simple
models.architecture.mamba_type=mamba
training.mode=rollout
models.out_dim=6    avg_loss: 0.000182493182  time_per_window : 0.002033   progress : 0.011
name: input_len=64
training.rollout_steps=32
models.architecture.block_type=simple
models.architecture.mamba_type=mamba
training.mode=rollout
models.out_dim=6    avg_loss: 0.000000385774  time_per_window : 0.002023   progress : 0.022
name: input_len=64
training.rollout_steps=32
models.architecture.block_type=simple
models.architecture.mamba_type=mamba
training.mode=rollout
models.out_dim=6    avg_loss: 0.000000341166  time_per_window : 0.002023   progress : 0.033
name: input_len=64
training.rollout_steps=32
models.architecture.block_type=simple
models.architecture.mamba_type=mamba
training.mode=rollout
models.out_dim=6    avg_loss: 0.000000318843  time_per_window : 0.001921   progress : 0.044
name: input_len=64
training.rollout_steps=32
models.architecture.block_type=simple
models.architecture.mamba_type=mamba
training.mode=rollout
models.out_dim=6    avg_loss: 0.000000295462  time_per_window : 0.002018   progress : 0.055
name: input_len=64
training.rollout_steps=32
models.architecture.block_type=simple
models.architecture.mamba_type=mamba
training.mode=rollout
models.out_dim=6    avg_loss: 0.000000270420  time_per_window : 0.001828   progress : 0.066
name: input_len=64
training.rollout_steps=32
models.architecture.block_type=simple
models.architecture.mamba_type=mamba
training.mode=rollout
models.out_dim=6    avg_loss: 0.000000250617  time_per_window : 0.001939   progress : 0.076
name: input_len=64
training.rollout_steps=32
models.architecture.block_type=simple
models.architecture.mamba_type=mamba
training.mode=rollout
models.out_dim=6    avg_loss: 0.000000235862  time_per_window : 0.001994   progress : 0.087
name: input_len=64
training.rollout_steps=32
models.architecture.block_type=simple
models.architecture.mamba_type=mamba
training.mode=rollout
models.out_dim=6    avg_loss: 0.000000216681  time_per_window : 0.002035   progress : 0.098
name: input_len=64
training.rollout_steps=32
models.architecture.block_type=simple
models.architecture.mamba_type=mamba
training.mode=rollout
models.out_dim=6    avg_loss: 0.000000208080  time_per_window : 0.001881   progress : 0.109
name: input_len=64
training.rollout_steps=32
models.architecture.block_type=simple
models.architecture.mamba_type=mamba
training.mode=rollout
models.out_dim=6    avg_loss: 0.000000194232  time_per_window : 0.002042   progress : 0.120
name: input_len=64
training.rollout_steps=32
models.architecture.block_type=simple
models.architecture.mamba_type=mamba
training.mode=rollout
models.out_dim=6    avg_loss: 0.000000180591  time_per_window : 0.001936   progress : 0.131
name: input_len=64
training.rollout_steps=32
models.architecture.block_type=simple
models.architecture.mamba_type=mamba
training.mode=rollout
models.out_dim=6    avg_loss: 0.000000172450  time_per_window : 0.001887   progress : 0.142
name: input_len=64
training.rollout_steps=32
models.architecture.block_type=simple
models.architecture.mamba_type=mamba
training.mode=rollout
models.out_dim=6    avg_loss: 0.000000163762  time_per_window : 0.002023   progress : 0.153
name: input_len=64
training.rollout_steps=32
models.architecture.block_type=simple
models.architecture.mamba_type=mamba
training.mode=rollout
models.out_dim=6    avg_loss: 0.000000152824  time_per_window : 0.002012   progress : 0.164
name: input_len=64
training.rollout_steps=32
models.architecture.block_type=simple
models.architecture.mamba_type=mamba
training.mode=rollout
models.out_dim=6    avg_loss: 0.000000146297  time_per_window : 0.001063   progress : 0.175
name: input_len=64
training.rollout_steps=32
models.architecture.block_type=simple
models.architecture.mamba_type=mamba
training.mode=rollout
models.out_dim=6    avg_loss: 0.000000138395  time_per_window : 0.002473   progress : 0.186
name: input_len=64
training.rollout_steps=32
models.architecture.block_type=simple
models.architecture.mamba_type=mamba
training.mode=rollout
models.out_dim=6    avg_loss: 0.000000127339  time_per_window : 0.002042   progress : 0.197
name: input_len=64
training.rollout_steps=32
models.architecture.block_type=simple
models.architecture.mamba_type=mamba
training.mode=rollout
models.out_dim=6    avg_loss: 0.000000117784  time_per_window : 0.002168   progress : 0.208
name: input_len=64
training.rollout_steps=32
models.architecture.block_type=simple
models.architecture.mamba_type=mamba
training.mode=rollout
models.out_dim=6    avg_loss: 0.000000105875  time_per_window : 0.002049   progress : 0.218
name: input_len=64
training.rollout_steps=32
models.architecture.block_type=simple
models.architecture.mamba_type=mamba
training.mode=rollout
models.out_dim=6    avg_loss: 0.000000093226  time_per_window : 0.002128   progress : 0.229
name: input_len=64
training.rollout_steps=32
models.architecture.block_type=simple
models.architecture.mamba_type=mamba
training.mode=rollout
models.out_dim=6    avg_loss: 0.000000087621  time_per_window : 0.002061   progress : 0.240
name: input_len=64
training.rollout_steps=32
models.architecture.block_type=simple
models.architecture.mamba_type=mamba
training.mode=rollout
models.out_dim=6    avg_loss: 0.000000073582  time_per_window : 0.001766   progress : 0.251
name: input_len=64
training.rollout_steps=32
models.architecture.block_type=simple
models.architecture.mamba_type=mamba
training.mode=rollout
models.out_dim=6    avg_loss: 0.000000067416  time_per_window : 0.002046   progress : 0.262
name: input_len=64
training.rollout_steps=32
models.architecture.block_type=simple
models.architecture.mamba_type=mamba
training.mode=rollout
models.out_dim=6    avg_loss: 0.000000067093  time_per_window : 0.002144   progress : 0.273
name: input_len=64
training.rollout_steps=32
models.architecture.block_type=simple
models.architecture.mamba_type=mamba
training.mode=rollout
models.out_dim=6    avg_loss: 0.000000067336  time_per_window : 0.002105   progress : 0.284
name: input_len=64
training.rollout_steps=32
models.architecture.block_type=simple
models.architecture.mamba_type=mamba
training.mode=rollout
models.out_dim=6    avg_loss: 0.000000068943  time_per_window : 0.002160   progress : 0.295
name: input_len=64
training.rollout_steps=32
models.architecture.block_type=simple
models.architecture.mamba_type=mamba
training.mode=rollout
models.out_dim=6    avg_loss: 0.000000069098  time_per_window : 0.002106   progress : 0.306
name: input_len=64
training.rollout_steps=32
models.architecture.block_type=simple
models.architecture.mamba_type=mamba
training.mode=rollout
models.out_dim=6    avg_loss: 0.000000064421  time_per_window : 0.002038   progress : 0.317
name: input_len=64
training.rollout_steps=32
models.architecture.block_type=simple
models.architecture.mamba_type=mamba
training.mode=rollout
models.out_dim=6    avg_loss: 0.000000065628  time_per_window : 0.002039   progress : 0.328
name: input_len=64
training.rollout_steps=32
models.architecture.block_type=simple
models.architecture.mamba_type=mamba
training.mode=rollout
models.out_dim=6    avg_loss: 0.000000068051  time_per_window : 0.002017   progress : 0.339
name: input_len=64
training.rollout_steps=32
models.architecture.block_type=simple
models.architecture.mamba_type=mamba
training.mode=rollout
models.out_dim=6    avg_loss: 0.000000065680  time_per_window : 0.002109   progress : 0.350
name: input_len=64
training.rollout_steps=32
models.architecture.block_type=simple
models.architecture.mamba_type=mamba
training.mode=rollout
models.out_dim=6    avg_loss: 0.000000067490  time_per_window : 0.002141   progress : 0.360
name: input_len=64
training.rollout_steps=32
models.architecture.block_type=simple
models.architecture.mamba_type=mamba
training.mode=rollout
models.out_dim=6    avg_loss: 0.000000066611  time_per_window : 0.002072   progress : 0.371
name: input_len=64
training.rollout_steps=32
models.architecture.block_type=simple
models.architecture.mamba_type=mamba
training.mode=rollout
models.out_dim=6    avg_loss: 0.000000068426  time_per_window : 0.002059   progress : 0.382
name: input_len=64
training.rollout_steps=32
models.architecture.block_type=simple
models.architecture.mamba_type=mamba
training.mode=rollout
models.out_dim=6    avg_loss: 0.000000072082  time_per_window : 0.002097   progress : 0.393
name: input_len=64
training.rollout_steps=32
models.architecture.block_type=simple
models.architecture.mamba_type=mamba
training.mode=rollout
models.out_dim=6    avg_loss: 0.000000076106  time_per_window : 0.002117   progress : 0.404
name: input_len=64
training.rollout_steps=32
models.architecture.block_type=simple
models.architecture.mamba_type=mamba
training.mode=rollout
models.out_dim=6    avg_loss: 0.000000072999  time_per_window : 0.002112   progress : 0.415
name: input_len=64
training.rollout_steps=32
models.architecture.block_type=simple
models.architecture.mamba_type=mamba
training.mode=rollout
models.out_dim=6    avg_loss: 0.000000075854  time_per_window : 0.002105   progress : 0.426
name: input_len=64
training.rollout_steps=32
models.architecture.block_type=simple
models.architecture.mamba_type=mamba
training.mode=rollout
models.out_dim=6    avg_loss: 0.000000079459  time_per_window : 0.002096   progress : 0.437
name: input_len=64
training.rollout_steps=32
models.architecture.block_type=simple
models.architecture.mamba_type=mamba
training.mode=rollout
models.out_dim=6    avg_loss: 0.000000094904  time_per_window : 0.002176   progress : 0.448
name: input_len=64
training.rollout_steps=32
models.architecture.block_type=simple
models.architecture.mamba_type=mamba
training.mode=rollout
models.out_dim=6    avg_loss: 0.000000077682  time_per_window : 0.002141   progress : 0.459
name: input_len=64
training.rollout_steps=32
models.architecture.block_type=simple
models.architecture.mamba_type=mamba
training.mode=rollout
models.out_dim=6    avg_loss: 0.000000071253  time_per_window : 0.002129   progress : 0.470
name: input_len=64
training.rollout_steps=32
models.architecture.block_type=simple
models.architecture.mamba_type=mamba
training.mode=rollout
models.out_dim=6    avg_loss: 0.000000072904  time_per_window : 0.002057   progress : 0.481
name: input_len=64
training.rollout_steps=32
models.architecture.block_type=simple
models.architecture.mamba_type=mamba
training.mode=rollout
models.out_dim=6    avg_loss: 0.000000091440  time_per_window : 0.002156   progress : 0.492
name: input_len=64
training.rollout_steps=32
models.architecture.block_type=simple
models.architecture.mamba_type=mamba
training.mode=rollout
models.out_dim=6    avg_loss: 0.000000080779  time_per_window : 0.002024   progress : 0.502
name: input_len=64
training.rollout_steps=32
models.architecture.block_type=simple
models.architecture.mamba_type=mamba
training.mode=rollout
models.out_dim=6    avg_loss: 0.000000087157  time_per_window : 0.002182   progress : 0.513
name: input_len=64
training.rollout_steps=32
models.architecture.block_type=simple
models.architecture.mamba_type=mamba
training.mode=rollout
models.out_dim=6    avg_loss: 0.000000072671  time_per_window : 0.002016   progress : 0.524
name: input_len=64
training.rollout_steps=32
models.architecture.block_type=simple
models.architecture.mamba_type=mamba
training.mode=rollout
models.out_dim=6    avg_loss: 0.000000076757  time_per_window : 0.002136   progress : 0.535
name: input_len=64
training.rollout_steps=32
models.architecture.block_type=simple
models.architecture.mamba_type=mamba
training.mode=rollout
models.out_dim=6    avg_loss: 0.000000075703  time_per_window : 0.002104   progress : 0.546
name: input_len=64
training.rollout_steps=32
models.architecture.block_type=simple
models.architecture.mamba_type=mamba
training.mode=rollout
models.out_dim=6    avg_loss: 0.000000077209  time_per_window : 0.002021   progress : 0.557
name: input_len=64
training.rollout_steps=32
models.architecture.block_type=simple
models.architecture.mamba_type=mamba
training.mode=rollout
models.out_dim=6    avg_loss: 0.000000072804  time_per_window : 0.002111   progress : 0.568
name: input_len=64
training.rollout_steps=32
models.architecture.block_type=simple
models.architecture.mamba_type=mamba
training.mode=rollout
models.out_dim=6    avg_loss: 0.000000087850  time_per_window : 0.002059   progress : 0.579
name: input_len=64
training.rollout_steps=32
models.architecture.block_type=simple
models.architecture.mamba_type=mamba
training.mode=rollout
models.out_dim=6    avg_loss: 0.000000064322  time_per_window : 0.002132   progress : 0.590
name: input_len=64
training.rollout_steps=32
models.architecture.block_type=simple
models.architecture.mamba_type=mamba
training.mode=rollout
models.out_dim=6    avg_loss: 0.000000074172  time_per_window : 0.002112   progress : 0.601
name: input_len=64
training.rollout_steps=32
models.architecture.block_type=simple
models.architecture.mamba_type=mamba
training.mode=rollout
models.out_dim=6    avg_loss: 0.000000063334  time_per_window : 0.002099   progress : 0.612
name: input_len=64
training.rollout_steps=32
models.architecture.block_type=simple
models.architecture.mamba_type=mamba
training.mode=rollout
models.out_dim=6    avg_loss: 0.000000075124  time_per_window : 0.001974   progress : 0.623
name: input_len=64
training.rollout_steps=32
models.architecture.block_type=simple
models.architecture.mamba_type=mamba
training.mode=rollout
models.out_dim=6    avg_loss: 0.000000075536  time_per_window : 0.002085   progress : 0.634
name: input_len=64
training.rollout_steps=32
models.architecture.block_type=simple
models.architecture.mamba_type=mamba
training.mode=rollout
models.out_dim=6    avg_loss: 0.000000072815  time_per_window : 0.001990   progress : 0.644
name: input_len=64
training.rollout_steps=32
models.architecture.block_type=simple
models.architecture.mamba_type=mamba
training.mode=rollout
models.out_dim=6    avg_loss: 0.000000073490  time_per_window : 0.002087   progress : 0.655
name: input_len=64
training.rollout_steps=32
models.architecture.block_type=simple
models.architecture.mamba_type=mamba
training.mode=rollout
models.out_dim=6    avg_loss: 0.000000065763  time_per_window : 0.002074   progress : 0.666
name: input_len=64
training.rollout_steps=32
models.architecture.block_type=simple
models.architecture.mamba_type=mamba
training.mode=rollout
models.out_dim=6    avg_loss: 0.000000070856  time_per_window : 0.002037   progress : 0.677
name: input_len=64
training.rollout_steps=32
models.architecture.block_type=simple
models.architecture.mamba_type=mamba
training.mode=rollout
models.out_dim=6    avg_loss: 0.000000066380  time_per_window : 0.002065   progress : 0.688
name: input_len=64
training.rollout_steps=32
models.architecture.block_type=simple
models.architecture.mamba_type=mamba
training.mode=rollout
models.out_dim=6    avg_loss: 0.000000066965  time_per_window : 0.002006   progress : 0.699
name: input_len=64
training.rollout_steps=32
models.architecture.block_type=simple
models.architecture.mamba_type=mamba
training.mode=rollout
models.out_dim=6    avg_loss: 0.000000069733  time_per_window : 0.001976   progress : 0.710
name: input_len=64
training.rollout_steps=32
models.architecture.block_type=simple
models.architecture.mamba_type=mamba
training.mode=rollout
models.out_dim=6    avg_loss: 0.000000061297  time_per_window : 0.002082   progress : 0.721
name: input_len=64
training.rollout_steps=32
models.architecture.block_type=simple
models.architecture.mamba_type=mamba
training.mode=rollout
models.out_dim=6    avg_loss: 0.000000065731  time_per_window : 0.002147   progress : 0.732
name: input_len=64
training.rollout_steps=32
models.architecture.block_type=simple
models.architecture.mamba_type=mamba
training.mode=rollout
models.out_dim=6    avg_loss: 0.000000060117  time_per_window : 0.002055   progress : 0.743
name: input_len=64
training.rollout_steps=32
models.architecture.block_type=simple
models.architecture.mamba_type=mamba
training.mode=rollout
models.out_dim=6    avg_loss: 0.000000061915  time_per_window : 0.002099   progress : 0.754
name: input_len=64
training.rollout_steps=32
models.architecture.block_type=simple
models.architecture.mamba_type=mamba
training.mode=rollout
models.out_dim=6    avg_loss: 0.000000055743  time_per_window : 0.002254   progress : 0.765
name: input_len=64
training.rollout_steps=32
models.architecture.block_type=simple
models.architecture.mamba_type=mamba
training.mode=rollout
models.out_dim=6    avg_loss: 0.000000059409  time_per_window : 0.002045   progress : 0.775
name: input_len=64
training.rollout_steps=32
models.architecture.block_type=simple
models.architecture.mamba_type=mamba
training.mode=rollout
models.out_dim=6    avg_loss: 0.000000060693  time_per_window : 0.002178   progress : 0.786/home/jdihardjo/miniconda3/envs/mavenv/lib/python3.11/site-packages/torch/_inductor/cudagraph_trees.py:2622: UserWarning: Unable to hit fast path of CUDAGraphs because outputs from a previous step still require backward. Ensure backward() is invoked or detach outputs. You may also call torch.compiler.cudagraph_mark_step_begin() before each model invocation.
  warnings.warn(
/home/jdihardjo/miniconda3/envs/mavenv/lib/python3.11/site-packages/torch/_inductor/cudagraph_trees.py:2622: UserWarning: Unable to hit fast path of CUDAGraphs because outputs from a previous step still require backward. Ensure backward() is invoked or detach outputs. You may also call torch.compiler.cudagraph_mark_step_begin() before each model invocation.
  warnings.warn(

name: input_len=64
training.rollout_steps=32
models.architecture.block_type=simple
models.architecture.mamba_type=mamba
training.mode=rollout
models.out_dim=6    avg_loss: 0.000000053661  time_per_window : 0.002127   progress : 0.797
name: input_len=64
training.rollout_steps=32
models.architecture.block_type=simple
models.architecture.mamba_type=mamba
training.mode=rollout
models.out_dim=6    avg_loss: 0.000000046736  time_per_window : 0.002005   progress : 0.808
name: input_len=64
training.rollout_steps=32
models.architecture.block_type=simple
models.architecture.mamba_type=mamba
training.mode=rollout
models.out_dim=6    avg_loss: 0.000000055605  time_per_window : 0.002384   progress : 0.819
name: input_len=64
training.rollout_steps=32
models.architecture.block_type=simple
models.architecture.mamba_type=mamba
training.mode=rollout
models.out_dim=6    avg_loss: 0.000000050513  time_per_window : 0.002407   progress : 0.830
name: input_len=64
training.rollout_steps=32
models.architecture.block_type=simple
models.architecture.mamba_type=mamba
training.mode=rollout
models.out_dim=6    avg_loss: 0.000000052135  time_per_window : 0.002390   progress : 0.841
name: input_len=64
training.rollout_steps=32
models.architecture.block_type=simple
models.architecture.mamba_type=mamba
training.mode=rollout
models.out_dim=6    avg_loss: 0.000000048533  time_per_window : 0.002339   progress : 0.852
name: input_len=64
training.rollout_steps=32
models.architecture.block_type=simple
models.architecture.mamba_type=mamba
training.mode=rollout
models.out_dim=6    avg_loss: 0.000000046091  time_per_window : 0.002390   progress : 0.863
name: input_len=64
training.rollout_steps=32
models.architecture.block_type=simple
models.architecture.mamba_type=mamba
training.mode=rollout
models.out_dim=6    avg_loss: 0.000000046733  time_per_window : 0.002367   progress : 0.874
name: input_len=64
training.rollout_steps=32
models.architecture.block_type=simple
models.architecture.mamba_type=mamba
training.mode=rollout
models.out_dim=6    avg_loss: 0.000000044918  time_per_window : 0.002346   progress : 0.885
name: input_len=64
training.rollout_steps=32
models.architecture.block_type=simple
models.architecture.mamba_type=mamba
training.mode=rollout
models.out_dim=6    avg_loss: 0.000000039037  time_per_window : 0.002347   progress : 0.896
name: input_len=64
training.rollout_steps=32
models.architecture.block_type=simple
models.architecture.mamba_type=mamba
training.mode=rollout
models.out_dim=6    avg_loss: 0.000000041455  time_per_window : 0.002307   progress : 0.907
name: input_len=64
training.rollout_steps=32
models.architecture.block_type=simple
models.architecture.mamba_type=mamba
training.mode=rollout
models.out_dim=6    avg_loss: 0.000000043247  time_per_window : 0.002005   progress : 0.917
name: input_len=64
training.rollout_steps=32
models.architecture.block_type=simple
models.architecture.mamba_type=mamba
training.mode=rollout
models.out_dim=6    avg_loss: 0.000000036171  time_per_window : 0.002158   progress : 0.928
name: input_len=64
training.rollout_steps=32
models.architecture.block_type=simple
models.architecture.mamba_type=mamba
training.mode=rollout
models.out_dim=6    avg_loss: 0.000000041716  time_per_window : 0.002139   progress : 0.939
name: input_len=64
training.rollout_steps=32
models.architecture.block_type=simple
models.architecture.mamba_type=mamba
training.mode=rollout
models.out_dim=6    avg_loss: 0.000000034732  time_per_window : 0.001457   progress : 0.950
name: input_len=64
training.rollout_steps=32
models.architecture.block_type=simple
models.architecture.mamba_type=mamba
training.mode=rollout
models.out_dim=6    avg_loss: 0.000000040174  time_per_window : 0.001962   progress : 0.961
name: input_len=64
training.rollout_steps=32
models.architecture.block_type=simple
models.architecture.mamba_type=mamba
training.mode=rollout
models.out_dim=6    avg_loss: 0.000000036438  time_per_window : 0.001957   progress : 0.972
name: input_len=64
training.rollout_steps=32
models.architecture.block_type=simple
models.architecture.mamba_type=mamba
training.mode=rollout
models.out_dim=6    avg_loss: 0.000000035853  time_per_window : 0.002004   progress : 0.983
name: input_len=64
training.rollout_steps=32
models.architecture.block_type=simple
models.architecture.mamba_type=mamba
training.mode=rollout
models.out_dim=6    avg_loss: 0.000000036475  time_per_window : 0.002026   progress : 0.994
name: input_len=64
training.rollout_steps=32
models.architecture.block_type=simple
models.architecture.mamba_type=mamba
training.mode=rollout
models.out_dim=6    avg_loss: 0.000000171721  time_per_window : 0.002238   progress : 0.011
name: input_len=64
training.rollout_steps=32
models.architecture.block_type=simple
models.architecture.mamba_type=mamba
training.mode=rollout
models.out_dim=6    avg_loss: 0.000000029577  time_per_window : 0.002000   progress : 0.022
name: input_len=64
training.rollout_steps=32
models.architecture.block_type=simple
models.architecture.mamba_type=mamba
training.mode=rollout
models.out_dim=6    avg_loss: 0.000000029366  time_per_window : 0.002116   progress : 0.033
name: input_len=64
training.rollout_steps=32
models.architecture.block_type=simple
models.architecture.mamba_type=mamba
training.mode=rollout
models.out_dim=6    avg_loss: 0.000000029909  time_per_window : 0.002122   progress : 0.044
name: input_len=64
training.rollout_steps=32
models.architecture.block_type=simple
models.architecture.mamba_type=mamba
training.mode=rollout
models.out_dim=6    avg_loss: 0.000000029516  time_per_window : 0.002085   progress : 0.055
name: input_len=64
training.rollout_steps=32
models.architecture.block_type=simple
models.architecture.mamba_type=mamba
training.mode=rollout
models.out_dim=6    avg_loss: 0.000000031060  time_per_window : 0.001930   progress : 0.066
name: input_len=64
training.rollout_steps=32
models.architecture.block_type=simple
models.architecture.mamba_type=mamba
training.mode=rollout
models.out_dim=6    avg_loss: 0.000000033147  time_per_window : 0.002035   progress : 0.076
name: input_len=64
training.rollout_steps=32
models.architecture.block_type=simple
models.architecture.mamba_type=mamba
training.mode=rollout
models.out_dim=6    avg_loss: 0.000000032797  time_per_window : 0.002140   progress : 0.087
name: input_len=64
training.rollout_steps=32
models.architecture.block_type=simple
models.architecture.mamba_type=mamba
training.mode=rollout
models.out_dim=6    avg_loss: 0.000000036010  time_per_window : 0.001968   progress : 0.098
name: input_len=64
training.rollout_steps=32
models.architecture.block_type=simple
models.architecture.mamba_type=mamba
training.mode=rollout
models.out_dim=6    avg_loss: 0.000000030867  time_per_window : 0.002136   progress : 0.109
name: input_len=64
training.rollout_steps=32
models.architecture.block_type=simple
models.architecture.mamba_type=mamba
training.mode=rollout
models.out_dim=6    avg_loss: 0.000000037280  time_per_window : 0.001686   progress : 0.120
name: input_len=64
training.rollout_steps=32
models.architecture.block_type=simple
models.architecture.mamba_type=mamba
training.mode=rollout
models.out_dim=6    avg_loss: 0.000000031399  time_per_window : 0.001694   progress : 0.131
name: input_len=64
training.rollout_steps=32
models.architecture.block_type=simple
models.architecture.mamba_type=mamba
training.mode=rollout
models.out_dim=6    avg_loss: 0.000000033974  time_per_window : 0.002189   progress : 0.142
name: input_len=64
training.rollout_steps=32
models.architecture.block_type=simple
models.architecture.mamba_type=mamba
training.mode=rollout
models.out_dim=6    avg_loss: 0.000000034922  time_per_window : 0.002157   progress : 0.153
name: input_len=64
training.rollout_steps=32
models.architecture.block_type=simple
models.architecture.mamba_type=mamba
training.mode=rollout
models.out_dim=6    avg_loss: 0.000000033307  time_per_window : 0.002198   progress : 0.164
name: input_len=64
training.rollout_steps=32
models.architecture.block_type=simple
models.architecture.mamba_type=mamba
training.mode=rollout
models.out_dim=6    avg_loss: 0.000000033705  time_per_window : 0.002141   progress : 0.175
name: input_len=64
training.rollout_steps=32
models.architecture.block_type=simple
models.architecture.mamba_type=mamba
training.mode=rollout
models.out_dim=6    avg_loss: 0.000000033101  time_per_window : 0.002233   progress : 0.186
name: input_len=64
training.rollout_steps=32
models.architecture.block_type=simple
models.architecture.mamba_type=mamba
training.mode=rollout
models.out_dim=6    avg_loss: 0.000000033167  time_per_window : 0.002188   progress : 0.197
name: input_len=64
training.rollout_steps=32
models.architecture.block_type=simple
models.architecture.mamba_type=mamba
training.mode=rollout
models.out_dim=6    avg_loss: 0.000000033013  time_per_window : 0.002228   progress : 0.208
name: input_len=64
training.rollout_steps=32
models.architecture.block_type=simple
models.architecture.mamba_type=mamba
training.mode=rollout
models.out_dim=6    avg_loss: 0.000000031296  time_per_window : 0.006643   progress : 0.218
name: input_len=64
training.rollout_steps=32
models.architecture.block_type=simple
models.architecture.mamba_type=mamba
training.mode=rollout
models.out_dim=6    avg_loss: 0.000000031885  time_per_window : 0.002217   progress : 0.229
name: input_len=64
training.rollout_steps=32
models.architecture.block_type=simple
models.architecture.mamba_type=mamba
training.mode=rollout
models.out_dim=6    avg_loss: 0.000000030512  time_per_window : 0.001737   progress : 0.240
name: input_len=64
training.rollout_steps=32
models.architecture.block_type=simple
models.architecture.mamba_type=mamba
training.mode=rollout
models.out_dim=6    avg_loss: 0.000000034693  time_per_window : 0.002235   progress : 0.251
name: input_len=64
training.rollout_steps=32
models.architecture.block_type=simple
models.architecture.mamba_type=mamba
training.mode=rollout
models.out_dim=6    avg_loss: 0.000000030136  time_per_window : 0.002174   progress : 0.262
name: input_len=64
training.rollout_steps=32
models.architecture.block_type=simple
models.architecture.mamba_type=mamba
training.mode=rollout
models.out_dim=6    avg_loss: 0.000000030339  time_per_window : 0.002239   progress : 0.273
name: input_len=64
training.rollout_steps=32
models.architecture.block_type=simple
models.architecture.mamba_type=mamba
training.mode=rollout
models.out_dim=6    avg_loss: 0.000000032587  time_per_window : 0.002157   progress : 0.284
name: input_len=64
training.rollout_steps=32
models.architecture.block_type=simple
models.architecture.mamba_type=mamba
training.mode=rollout
models.out_dim=6    avg_loss: 0.000000028748  time_per_window : 0.002009   progress : 0.295
name: input_len=64
training.rollout_steps=32
models.architecture.block_type=simple
models.architecture.mamba_type=mamba
training.mode=rollout
models.out_dim=6    avg_loss: 0.000000031507  time_per_window : 0.002297   progress : 0.306
name: input_len=64
training.rollout_steps=32
models.architecture.block_type=simple
models.architecture.mamba_type=mamba
training.mode=rollout
models.out_dim=6    avg_loss: 0.000000030297  time_per_window : 0.002213   progress : 0.317
name: input_len=64
training.rollout_steps=32
models.architecture.block_type=simple
models.architecture.mamba_type=mamba
training.mode=rollout
models.out_dim=6    avg_loss: 0.000000030839  time_per_window : 0.002169   progress : 0.328
name: input_len=64
training.rollout_steps=32
models.architecture.block_type=simple
models.architecture.mamba_type=mamba
training.mode=rollout
models.out_dim=6    avg_loss: 0.000000029127  time_per_window : 0.002225   progress : 0.339
name: input_len=64
training.rollout_steps=32
models.architecture.block_type=simple
models.architecture.mamba_type=mamba
training.mode=rollout
models.out_dim=6    avg_loss: 0.000000036311  time_per_window : 0.002197   progress : 0.350
name: input_len=64
training.rollout_steps=32
models.architecture.block_type=simple
models.architecture.mamba_type=mamba
training.mode=rollout
models.out_dim=6    avg_loss: 0.000000027590  time_per_window : 0.002173   progress : 0.360
name: input_len=64
training.rollout_steps=32
models.architecture.block_type=simple
models.architecture.mamba_type=mamba
training.mode=rollout
models.out_dim=6    avg_loss: 0.000000028848  time_per_window : 0.002290   progress : 0.371
name: input_len=64
training.rollout_steps=32
models.architecture.block_type=simple
models.architecture.mamba_type=mamba
training.mode=rollout
models.out_dim=6    avg_loss: 0.000000029354  time_per_window : 0.002234   progress : 0.382
name: input_len=64
training.rollout_steps=32
models.architecture.block_type=simple
models.architecture.mamba_type=mamba
training.mode=rollout
models.out_dim=6    avg_loss: 0.000000028996  time_per_window : 0.002158   progress : 0.393
name: input_len=64
training.rollout_steps=32
models.architecture.block_type=simple
models.architecture.mamba_type=mamba
training.mode=rollout
models.out_dim=6    avg_loss: 0.000000029291  time_per_window : 0.002217   progress : 0.404
name: input_len=64
training.rollout_steps=32
models.architecture.block_type=simple
models.architecture.mamba_type=mamba
training.mode=rollout
models.out_dim=6    avg_loss: 0.000000029040  time_per_window : 0.002214   progress : 0.415
name: input_len=64
training.rollout_steps=32
models.architecture.block_type=simple
models.architecture.mamba_type=mamba
training.mode=rollout
models.out_dim=6    avg_loss: 0.000000027470  time_per_window : 0.002233   progress : 0.426
name: input_len=64
training.rollout_steps=32
models.architecture.block_type=simple
models.architecture.mamba_type=mamba
training.mode=rollout
models.out_dim=6    avg_loss: 0.000000029427  time_per_window : 0.002288   progress : 0.437
name: input_len=64
training.rollout_steps=32
models.architecture.block_type=simple
models.architecture.mamba_type=mamba
training.mode=rollout
models.out_dim=6    avg_loss: 0.000000030356  time_per_window : 0.002102   progress : 0.448
name: input_len=64
training.rollout_steps=32
models.architecture.block_type=simple
models.architecture.mamba_type=mamba
training.mode=rollout
models.out_dim=6    avg_loss: 0.000000027335  time_per_window : 0.002241   progress : 0.459
name: input_len=64
training.rollout_steps=32
models.architecture.block_type=simple
models.architecture.mamba_type=mamba
training.mode=rollout
models.out_dim=6    avg_loss: 0.000000031128  time_per_window : 0.002332   progress : 0.470
name: input_len=64
training.rollout_steps=32
models.architecture.block_type=simple
models.architecture.mamba_type=mamba
training.mode=rollout
models.out_dim=6    avg_loss: 0.000000026565  time_per_window : 0.002210   progress : 0.481
name: input_len=64
training.rollout_steps=32
models.architecture.block_type=simple
models.architecture.mamba_type=mamba
training.mode=rollout
models.out_dim=6    avg_loss: 0.000000026505  time_per_window : 0.002210   progress : 0.492
name: input_len=64
training.rollout_steps=32
models.architecture.block_type=simple
models.architecture.mamba_type=mamba
training.mode=rollout
models.out_dim=6    avg_loss: 0.000000029158  time_per_window : 0.002154   progress : 0.502
name: input_len=64
training.rollout_steps=32
models.architecture.block_type=simple
models.architecture.mamba_type=mamba
training.mode=rollout
models.out_dim=6    avg_loss: 0.000000027714  time_per_window : 0.006792   progress : 0.513
name: input_len=64
training.rollout_steps=32
models.architecture.block_type=simple
models.architecture.mamba_type=mamba
training.mode=rollout
models.out_dim=6    avg_loss: 0.000000025837  time_per_window : 0.002290   progress : 0.524
name: input_len=64
training.rollout_steps=32
models.architecture.block_type=simple
models.architecture.mamba_type=mamba
training.mode=rollout
models.out_dim=6    avg_loss: 0.000000027109  time_per_window : 0.002287   progress : 0.535
name: input_len=64
training.rollout_steps=32
models.architecture.block_type=simple
models.architecture.mamba_type=mamba
training.mode=rollout
models.out_dim=6    avg_loss: 0.000000028656  time_per_window : 0.002305   progress : 0.546
name: input_len=64
training.rollout_steps=32
models.architecture.block_type=simple
models.architecture.mamba_type=mamba
training.mode=rollout
models.out_dim=6    avg_loss: 0.000000035548  time_per_window : 0.002380   progress : 0.557
name: input_len=64
training.rollout_steps=32
models.architecture.block_type=simple
models.architecture.mamba_type=mamba
training.mode=rollout
models.out_dim=6    avg_loss: 0.000000027041  time_per_window : 0.002366   progress : 0.568
name: input_len=64
training.rollout_steps=32
models.architecture.block_type=simple
models.architecture.mamba_type=mamba
training.mode=rollout
models.out_dim=6    avg_loss: 0.000000028532  time_per_window : 0.002306   progress : 0.579
name: input_len=64
training.rollout_steps=32
models.architecture.block_type=simple
models.architecture.mamba_type=mamba
training.mode=rollout
models.out_dim=6    avg_loss: 0.000000026431  time_per_window : 0.002334   progress : 0.590
name: input_len=64
training.rollout_steps=32
models.architecture.block_type=simple
models.architecture.mamba_type=mamba
training.mode=rollout
models.out_dim=6    avg_loss: 0.000000025582  time_per_window : 0.002401   progress : 0.601
name: input_len=64
training.rollout_steps=32
models.architecture.block_type=simple
models.architecture.mamba_type=mamba
training.mode=rollout
models.out_dim=6    avg_loss: 0.000000025061  time_per_window : 0.002225   progress : 0.612
name: input_len=64
training.rollout_steps=32
models.architecture.block_type=simple
models.architecture.mamba_type=mamba
training.mode=rollout
models.out_dim=6    avg_loss: 0.000000027809  time_per_window : 0.002307   progress : 0.623
name: input_len=64
training.rollout_steps=32
models.architecture.block_type=simple
models.architecture.mamba_type=mamba
training.mode=rollout
models.out_dim=6    avg_loss: 0.000000028420  time_per_window : 0.002314   progress : 0.634
name: input_len=64
training.rollout_steps=32
models.architecture.block_type=simple
models.architecture.mamba_type=mamba
training.mode=rollout
models.out_dim=6    avg_loss: 0.000000026522  time_per_window : 0.002272   progress : 0.644
name: input_len=64
training.rollout_steps=32
models.architecture.block_type=simple
models.architecture.mamba_type=mamba
training.mode=rollout
models.out_dim=6    avg_loss: 0.000000025700  time_per_window : 0.002503   progress : 0.655
name: input_len=64
training.rollout_steps=32
models.architecture.block_type=simple
models.architecture.mamba_type=mamba
training.mode=rollout
models.out_dim=6    avg_loss: 0.000000029213  time_per_window : 0.001870   progress : 0.666
name: input_len=64
training.rollout_steps=32
models.architecture.block_type=simple
models.architecture.mamba_type=mamba
training.mode=rollout
models.out_dim=6    avg_loss: 0.000000025941  time_per_window : 0.002727   progress : 0.677
name: input_len=64
training.rollout_steps=32
models.architecture.block_type=simple
models.architecture.mamba_type=mamba
training.mode=rollout
models.out_dim=6    avg_loss: 0.000000024019  time_per_window : 0.002873   progress : 0.688
name: input_len=64
training.rollout_steps=32
models.architecture.block_type=simple
models.architecture.mamba_type=mamba
training.mode=rollout
models.out_dim=6    avg_loss: 0.000000025707  time_per_window : 0.002838   progress : 0.699
name: input_len=64
training.rollout_steps=32
models.architecture.block_type=simple
models.architecture.mamba_type=mamba
training.mode=rollout
models.out_dim=6    avg_loss: 0.000000026171  time_per_window : 0.002746   progress : 0.710
name: input_len=64
training.rollout_steps=32
models.architecture.block_type=simple
models.architecture.mamba_type=mamba
training.mode=rollout
models.out_dim=6    avg_loss: 0.000000026665  time_per_window : 0.002771   progress : 0.721
name: input_len=64
training.rollout_steps=32
models.architecture.block_type=simple
models.architecture.mamba_type=mamba
training.mode=rollout
models.out_dim=6    avg_loss: 0.000000026140  time_per_window : 0.002884   progress : 0.732
name: input_len=64
training.rollout_steps=32
models.architecture.block_type=simple
models.architecture.mamba_type=mamba
training.mode=rollout
models.out_dim=6    avg_loss: 0.000000027080  time_per_window : 0.002738   progress : 0.743
name: input_len=64
training.rollout_steps=32
models.architecture.block_type=simple
models.architecture.mamba_type=mamba
training.mode=rollout
models.out_dim=6    avg_loss: 0.000000024410  time_per_window : 0.002722   progress : 0.754
name: input_len=64
training.rollout_steps=32
models.architecture.block_type=simple
models.architecture.mamba_type=mamba
training.mode=rollout
models.out_dim=6    avg_loss: 0.000000025644  time_per_window : 0.002829   progress : 0.765
name: input_len=64
training.rollout_steps=32
models.architecture.block_type=simple
models.architecture.mamba_type=mamba
training.mode=rollout
models.out_dim=6    avg_loss: 0.000000025802  time_per_window : 0.002817   progress : 0.775
name: input_len=64
training.rollout_steps=32
models.architecture.block_type=simple
models.architecture.mamba_type=mamba
training.mode=rollout
models.out_dim=6    avg_loss: 0.000000026255  time_per_window : 0.002860   progress : 0.786
name: input_len=64
training.rollout_steps=32
models.architecture.block_type=simple
models.architecture.mamba_type=mamba
training.mode=rollout
models.out_dim=6    avg_loss: 0.000000026526  time_per_window : 0.002810   progress : 0.797
name: input_len=64
training.rollout_steps=32
models.architecture.block_type=simple
models.architecture.mamba_type=mamba
training.mode=rollout
models.out_dim=6    avg_loss: 0.000000025055  time_per_window : 0.007042   progress : 0.808
name: input_len=64
training.rollout_steps=32
models.architecture.block_type=simple
models.architecture.mamba_type=mamba
training.mode=rollout
models.out_dim=6    avg_loss: 0.000000025615  time_per_window : 0.002844   progress : 0.819
name: input_len=64
training.rollout_steps=32
models.architecture.block_type=simple
models.architecture.mamba_type=mamba
training.mode=rollout
models.out_dim=6    avg_loss: 0.000000025721  time_per_window : 0.002749   progress : 0.830
name: input_len=64
training.rollout_steps=32
models.architecture.block_type=simple
models.architecture.mamba_type=mamba
training.mode=rollout
models.out_dim=6    avg_loss: 0.000000027147  time_per_window : 0.002810   progress : 0.841
name: input_len=64
training.rollout_steps=32
models.architecture.block_type=simple
models.architecture.mamba_type=mamba
training.mode=rollout
models.out_dim=6    avg_loss: 0.000000025557  time_per_window : 0.002832   progress : 0.852
name: input_len=64
training.rollout_steps=32
models.architecture.block_type=simple
models.architecture.mamba_type=mamba
training.mode=rollout
models.out_dim=6    avg_loss: 0.000000026208  time_per_window : 0.002785   progress : 0.863
name: input_len=64
training.rollout_steps=32
models.architecture.block_type=simple
models.architecture.mamba_type=mamba
training.mode=rollout
models.out_dim=6    avg_loss: 0.000000024718  time_per_window : 0.002763   progress : 0.874
name: input_len=64
training.rollout_steps=32
models.architecture.block_type=simple
models.architecture.mamba_type=mamba
training.mode=rollout
models.out_dim=6    avg_loss: 0.000000026767  time_per_window : 0.002776   progress : 0.885
name: input_len=64
training.rollout_steps=32
models.architecture.block_type=simple
models.architecture.mamba_type=mamba
training.mode=rollout
models.out_dim=6    avg_loss: 0.000000024051  time_per_window : 0.002854   progress : 0.896
name: input_len=64
training.rollout_steps=32
models.architecture.block_type=simple
models.architecture.mamba_type=mamba
training.mode=rollout
models.out_dim=6    avg_loss: 0.000000025814  time_per_window : 0.002804   progress : 0.907
name: input_len=64
training.rollout_steps=32
models.architecture.block_type=simple
models.architecture.mamba_type=mamba
training.mode=rollout
models.out_dim=6    avg_loss: 0.000000026303  time_per_window : 0.002857   progress : 0.917
name: input_len=64
training.rollout_steps=32
models.architecture.block_type=simple
models.architecture.mamba_type=mamba
training.mode=rollout
models.out_dim=6    avg_loss: 0.000000027408  time_per_window : 0.002796   progress : 0.928
name: input_len=64
training.rollout_steps=32
models.architecture.block_type=simple
models.architecture.mamba_type=mamba
training.mode=rollout
models.out_dim=6    avg_loss: 0.000000025072  time_per_window : 0.002845   progress : 0.939
name: input_len=64
training.rollout_steps=32
models.architecture.block_type=simple
models.architecture.mamba_type=mamba
training.mode=rollout
models.out_dim=6    avg_loss: 0.000000024656  time_per_window : 0.002854   progress : 0.950
name: input_len=64
training.rollout_steps=32
models.architecture.block_type=simple
models.architecture.mamba_type=mamba
training.mode=rollout
models.out_dim=6    avg_loss: 0.000000025500  time_per_window : 0.002766   progress : 0.961
name: input_len=64
training.rollout_steps=32
models.architecture.block_type=simple
models.architecture.mamba_type=mamba
training.mode=rollout
models.out_dim=6    avg_loss: 0.000000025221  time_per_window : 0.002779   progress : 0.972
name: input_len=64
training.rollout_steps=32
models.architecture.block_type=simple
models.architecture.mamba_type=mamba
training.mode=rollout
models.out_dim=6    avg_loss: 0.000000025223  time_per_window : 0.002730   progress : 0.983
name: input_len=64
training.rollout_steps=32
models.architecture.block_type=simple
models.architecture.mamba_type=mamba
training.mode=rollout
models.out_dim=6    avg_loss: 0.000000025510  time_per_window : 0.002757   progress : 0.994
name: input_len=64
training.rollout_steps=32
models.architecture.block_type=simple
models.architecture.mamba_type=mamba
training.mode=rollout
models.out_dim=6    avg_loss: 0.000002318762  time_per_window : 0.002801   progress : 0.011
name: input_len=64
training.rollout_steps=32
models.architecture.block_type=simple
models.architecture.mamba_type=mamba
training.mode=rollout
models.out_dim=6    avg_loss: 0.000000148620  time_per_window : 0.002877   progress : 0.022
name: input_len=64
training.rollout_steps=32
models.architecture.block_type=simple
models.architecture.mamba_type=mamba
training.mode=rollout
models.out_dim=6    avg_loss: 0.000000079528  time_per_window : 0.002838   progress : 0.033
name: input_len=64
training.rollout_steps=32
models.architecture.block_type=simple
models.architecture.mamba_type=mamba
training.mode=rollout
models.out_dim=6    avg_loss: 0.000000069808  time_per_window : 0.002841   progress : 0.044
name: input_len=64
training.rollout_steps=32
models.architecture.block_type=simple
models.architecture.mamba_type=mamba
training.mode=rollout
models.out_dim=6    avg_loss: 0.000000064819  time_per_window : 0.002754   progress : 0.055
name: input_len=64
training.rollout_steps=32
models.architecture.block_type=simple
models.architecture.mamba_type=mamba
training.mode=rollout
models.out_dim=6    avg_loss: 0.000000073344  time_per_window : 0.002839   progress : 0.066
name: input_len=64
training.rollout_steps=32
models.architecture.block_type=simple
models.architecture.mamba_type=mamba
training.mode=rollout
models.out_dim=6    avg_loss: 0.000000054454  time_per_window : 0.002828   progress : 0.076
name: input_len=64
training.rollout_steps=32
models.architecture.block_type=simple
models.architecture.mamba_type=mamba
training.mode=rollout
models.out_dim=6    avg_loss: 0.000000057302  time_per_window : 0.002850   progress : 0.087
name: input_len=64
training.rollout_steps=32
models.architecture.block_type=simple
models.architecture.mamba_type=mamba
training.mode=rollout
models.out_dim=6    avg_loss: 0.000000054405  time_per_window : 0.002837   progress : 0.098
name: input_len=64
training.rollout_steps=32
models.architecture.block_type=simple
models.architecture.mamba_type=mamba
training.mode=rollout
models.out_dim=6    avg_loss: 0.000000054760  time_per_window : 0.002731   progress : 0.109
name: input_len=64
training.rollout_steps=32
models.architecture.block_type=simple
models.architecture.mamba_type=mamba
training.mode=rollout
models.out_dim=6    avg_loss: 0.000000054225  time_per_window : 0.002847   progress : 0.120
name: input_len=64
training.rollout_steps=32
models.architecture.block_type=simple
models.architecture.mamba_type=mamba
training.mode=rollout
models.out_dim=6    avg_loss: 0.000000061725  time_per_window : 0.002802   progress : 0.131
name: input_len=64
training.rollout_steps=32
models.architecture.block_type=simple
models.architecture.mamba_type=mamba
training.mode=rollout
models.out_dim=6    avg_loss: 0.000000057595  time_per_window : 0.002799   progress : 0.142
name: input_len=64
training.rollout_steps=32
models.architecture.block_type=simple
models.architecture.mamba_type=mamba
training.mode=rollout
models.out_dim=6    avg_loss: 0.000000055731  time_per_window : 0.002765   progress : 0.153
name: input_len=64
training.rollout_steps=32
models.architecture.block_type=simple
models.architecture.mamba_type=mamba
training.mode=rollout
models.out_dim=6    avg_loss: 0.000000056538  time_per_window : 0.002830   progress : 0.164
name: input_len=64
training.rollout_steps=32
models.architecture.block_type=simple
models.architecture.mamba_type=mamba
training.mode=rollout
models.out_dim=6    avg_loss: 0.000000061085  time_per_window : 0.002764   progress : 0.175
name: input_len=64
training.rollout_steps=32
models.architecture.block_type=simple
models.architecture.mamba_type=mamba
training.mode=rollout
models.out_dim=6    avg_loss: 0.000000055329  time_per_window : 0.002819   progress : 0.186
name: input_len=64
training.rollout_steps=32
models.architecture.block_type=simple
models.architecture.mamba_type=mamba
training.mode=rollout
models.out_dim=6    avg_loss: 0.000000062449  time_per_window : 0.002750   progress : 0.197
name: input_len=64
training.rollout_steps=32
models.architecture.block_type=simple
models.architecture.mamba_type=mamba
training.mode=rollout
models.out_dim=6    avg_loss: 0.000000059111  time_per_window : 0.002845   progress : 0.208
name: input_len=64
training.rollout_steps=32
models.architecture.block_type=simple
models.architecture.mamba_type=mamba
training.mode=rollout
models.out_dim=6    avg_loss: 0.000000051815  time_per_window : 0.002743   progress : 0.218
name: input_len=64
training.rollout_steps=32
models.architecture.block_type=simple
models.architecture.mamba_type=mamba
training.mode=rollout
models.out_dim=6    avg_loss: 0.000000057492  time_per_window : 0.002825   progress : 0.229
name: input_len=64
training.rollout_steps=32
models.architecture.block_type=simple
models.architecture.mamba_type=mamba
training.mode=rollout
models.out_dim=6    avg_loss: 0.000000068150  time_per_window : 0.002725   progress : 0.240
name: input_len=64
training.rollout_steps=32
models.architecture.block_type=simple
models.architecture.mamba_type=mamba
training.mode=rollout
models.out_dim=6    avg_loss: 0.000000055049  time_per_window : 0.002840   progress : 0.251
name: input_len=64
training.rollout_steps=32
models.architecture.block_type=simple
models.architecture.mamba_type=mamba
training.mode=rollout
models.out_dim=6    avg_loss: 0.000000058314  time_per_window : 0.002731   progress : 0.262
name: input_len=64
training.rollout_steps=32
models.architecture.block_type=simple
models.architecture.mamba_type=mamba
training.mode=rollout
models.out_dim=6    avg_loss: 0.000000062014  time_per_window : 0.002848   progress : 0.273
name: input_len=64
training.rollout_steps=32
models.architecture.block_type=simple
models.architecture.mamba_type=mamba
training.mode=rollout
models.out_dim=6    avg_loss: 0.000000054218  time_per_window : 0.002812   progress : 0.284
name: input_len=64
training.rollout_steps=32
models.architecture.block_type=simple
models.architecture.mamba_type=mamba
training.mode=rollout
models.out_dim=6    avg_loss: 0.000000060289  time_per_window : 0.002885   progress : 0.295
name: input_len=64
training.rollout_steps=32
models.architecture.block_type=simple
models.architecture.mamba_type=mamba
training.mode=rollout
models.out_dim=6    avg_loss: 0.000000058317  time_per_window : 0.002829   progress : 0.306
name: input_len=64
training.rollout_steps=32
models.architecture.block_type=simple
models.architecture.mamba_type=mamba
training.mode=rollout
models.out_dim=6    avg_loss: 0.000000056244  time_per_window : 0.002832   progress : 0.317
name: input_len=64
training.rollout_steps=32
models.architecture.block_type=simple
models.architecture.mamba_type=mamba
training.mode=rollout
models.out_dim=6    avg_loss: 0.000000055756  time_per_window : 0.002845   progress : 0.328
name: input_len=64
training.rollout_steps=32
models.architecture.block_type=simple
models.architecture.mamba_type=mamba
training.mode=rollout
models.out_dim=6    avg_loss: 0.000000051208  time_per_window : 0.002836   progress : 0.339
name: input_len=64
training.rollout_steps=32
models.architecture.block_type=simple
models.architecture.mamba_type=mamba
training.mode=rollout
models.out_dim=6    avg_loss: 0.000000061860  time_per_window : 0.002793   progress : 0.350
name: input_len=64
training.rollout_steps=32
models.architecture.block_type=simple
models.architecture.mamba_type=mamba
training.mode=rollout
models.out_dim=6    avg_loss: 0.000000053221  time_per_window : 0.002835   progress : 0.360
name: input_len=64
training.rollout_steps=32
models.architecture.block_type=simple
models.architecture.mamba_type=mamba
training.mode=rollout
models.out_dim=6    avg_loss: 0.000000055647  time_per_window : 0.002848   progress : 0.371
name: input_len=64
training.rollout_steps=32
models.architecture.block_type=simple
models.architecture.mamba_type=mamba
training.mode=rollout
models.out_dim=6    avg_loss: 0.000000069599  time_per_window : 0.002845   progress : 0.382
name: input_len=64
training.rollout_steps=32
models.architecture.block_type=simple
models.architecture.mamba_type=mamba
training.mode=rollout
models.out_dim=6    avg_loss: 0.000000054919  time_per_window : 0.002752   progress : 0.393
name: input_len=64
training.rollout_steps=32
models.architecture.block_type=simple
models.architecture.mamba_type=mamba
training.mode=rollout
models.out_dim=6    avg_loss: 0.000000053058  time_per_window : 0.002767   progress : 0.404
name: input_len=64
training.rollout_steps=32
models.architecture.block_type=simple
models.architecture.mamba_type=mamba
training.mode=rollout
models.out_dim=6    avg_loss: 0.000000059383  time_per_window : 0.002827   progress : 0.415
name: input_len=64
training.rollout_steps=32
models.architecture.block_type=simple
models.architecture.mamba_type=mamba
training.mode=rollout
models.out_dim=6    avg_loss: 0.000000055814  time_per_window : 0.002867   progress : 0.426
name: input_len=64
training.rollout_steps=32
models.architecture.block_type=simple
models.architecture.mamba_type=mamba
training.mode=rollout
models.out_dim=6    avg_loss: 0.000000061767  time_per_window : 0.002876   progress : 0.437
name: input_len=64
training.rollout_steps=32
models.architecture.block_type=simple
models.architecture.mamba_type=mamba
training.mode=rollout
models.out_dim=6    avg_loss: 0.000000060922  time_per_window : 0.002771   progress : 0.448
name: input_len=64
training.rollout_steps=32
models.architecture.block_type=simple
models.architecture.mamba_type=mamba
training.mode=rollout
models.out_dim=6    avg_loss: 0.000000050403  time_per_window : 0.002744   progress : 0.459
name: input_len=64
training.rollout_steps=32
models.architecture.block_type=simple
models.architecture.mamba_type=mamba
training.mode=rollout
models.out_dim=6    avg_loss: 0.000000053691  time_per_window : 0.002830   progress : 0.470
name: input_len=64
training.rollout_steps=32
models.architecture.block_type=simple
models.architecture.mamba_type=mamba
training.mode=rollout
models.out_dim=6    avg_loss: 0.000000060710  time_per_window : 0.002872   progress : 0.481
name: input_len=64
training.rollout_steps=32
models.architecture.block_type=simple
models.architecture.mamba_type=mamba
training.mode=rollout
models.out_dim=6    avg_loss: 0.000000051796  time_per_window : 0.002857   progress : 0.492
name: input_len=64
training.rollout_steps=32
models.architecture.block_type=simple
models.architecture.mamba_type=mamba
training.mode=rollout
models.out_dim=6    avg_loss: 0.000000064085  time_per_window : 0.002360   progress : 0.502
name: input_len=64
training.rollout_steps=32
models.architecture.block_type=simple
models.architecture.mamba_type=mamba
training.mode=rollout
models.out_dim=6    avg_loss: 0.000000057196  time_per_window : 0.002361   progress : 0.513
name: input_len=64
training.rollout_steps=32
models.architecture.block_type=simple
models.architecture.mamba_type=mamba
training.mode=rollout
models.out_dim=6    avg_loss: 0.000000053892  time_per_window : 0.002318   progress : 0.524
name: input_len=64
training.rollout_steps=32
models.architecture.block_type=simple
models.architecture.mamba_type=mamba
training.mode=rollout
models.out_dim=6    avg_loss: 0.000000051862  time_per_window : 0.002374   progress : 0.535
name: input_len=64
training.rollout_steps=32
models.architecture.block_type=simple
models.architecture.mamba_type=mamba
training.mode=rollout
models.out_dim=6    avg_loss: 0.000000056803  time_per_window : 0.002364   progress : 0.546
name: input_len=64
training.rollout_steps=32
models.architecture.block_type=simple
models.architecture.mamba_type=mamba
training.mode=rollout
models.out_dim=6    avg_loss: 0.000000058877  time_per_window : 0.002276   progress : 0.557
name: input_len=64
training.rollout_steps=32
models.architecture.block_type=simple
models.architecture.mamba_type=mamba
training.mode=rollout
models.out_dim=6    avg_loss: 0.000000056065  time_per_window : 0.002317   progress : 0.568
name: input_len=64
training.rollout_steps=32
models.architecture.block_type=simple
models.architecture.mamba_type=mamba
training.mode=rollout
models.out_dim=6    avg_loss: 0.000000055477  time_per_window : 0.002331   progress : 0.579
name: input_len=64
training.rollout_steps=32
models.architecture.block_type=simple
models.architecture.mamba_type=mamba
training.mode=rollout
models.out_dim=6    avg_loss: 0.000000054529  time_per_window : 0.002339   progress : 0.590
name: input_len=64
training.rollout_steps=32
models.architecture.block_type=simple
models.architecture.mamba_type=mamba
training.mode=rollout
models.out_dim=6    avg_loss: 0.000000049301  time_per_window : 0.002379   progress : 0.601
name: input_len=64
training.rollout_steps=32
models.architecture.block_type=simple
models.architecture.mamba_type=mamba
training.mode=rollout
models.out_dim=6    avg_loss: 0.000000050716  time_per_window : 0.002373   progress : 0.612
name: input_len=64
training.rollout_steps=32
models.architecture.block_type=simple
models.architecture.mamba_type=mamba
training.mode=rollout
models.out_dim=6    avg_loss: 0.000000054984  time_per_window : 0.001893   progress : 0.623
name: input_len=64
training.rollout_steps=32
models.architecture.block_type=simple
models.architecture.mamba_type=mamba
training.mode=rollout
models.out_dim=6    avg_loss: 0.000000051420  time_per_window : 0.001836   progress : 0.634
name: input_len=64
training.rollout_steps=32
models.architecture.block_type=simple
models.architecture.mamba_type=mamba
training.mode=rollout
models.out_dim=6    avg_loss: 0.000000059277  time_per_window : 0.002330   progress : 0.644
name: input_len=64
training.rollout_steps=32
models.architecture.block_type=simple
models.architecture.mamba_type=mamba
training.mode=rollout
models.out_dim=6    avg_loss: 0.000000051185  time_per_window : 0.001836   progress : 0.655
name: input_len=64
training.rollout_steps=32
models.architecture.block_type=simple
models.architecture.mamba_type=mamba
training.mode=rollout
models.out_dim=6    avg_loss: 0.000000051704  time_per_window : 0.001842   progress : 0.666
name: input_len=64
training.rollout_steps=32
models.architecture.block_type=simple
models.architecture.mamba_type=mamba
training.mode=rollout
models.out_dim=6    avg_loss: 0.000000054892  time_per_window : 0.001921   progress : 0.677
name: input_len=64
training.rollout_steps=32
models.architecture.block_type=simple
models.architecture.mamba_type=mamba
training.mode=rollout
models.out_dim=6    avg_loss: 0.000000053715  time_per_window : 0.001896   progress : 0.688
name: input_len=64
training.rollout_steps=32
models.architecture.block_type=simple
models.architecture.mamba_type=mamba
training.mode=rollout
models.out_dim=6    avg_loss: 0.000000051422  time_per_window : 0.001919   progress : 0.699
name: input_len=64
training.rollout_steps=32
models.architecture.block_type=simple
models.architecture.mamba_type=mamba
training.mode=rollout
models.out_dim=6    avg_loss: 0.000000052184  time_per_window : 0.001961   progress : 0.710
name: input_len=64
training.rollout_steps=32
models.architecture.block_type=simple
models.architecture.mamba_type=mamba
training.mode=rollout
models.out_dim=6    avg_loss: 0.000000054464  time_per_window : 0.001908   progress : 0.721
name: input_len=64
training.rollout_steps=32
models.architecture.block_type=simple
models.architecture.mamba_type=mamba
training.mode=rollout
models.out_dim=6    avg_loss: 0.000000051582  time_per_window : 0.001469   progress : 0.732
name: input_len=64
training.rollout_steps=32
models.architecture.block_type=simple
models.architecture.mamba_type=mamba
training.mode=rollout
models.out_dim=6    avg_loss: 0.000000053532  time_per_window : 0.001498   progress : 0.743
name: input_len=64
training.rollout_steps=32
models.architecture.block_type=simple
models.architecture.mamba_type=mamba
training.mode=rollout
models.out_dim=6    avg_loss: 0.000000054263  time_per_window : 0.001363   progress : 0.754
name: input_len=64
training.rollout_steps=32
models.architecture.block_type=simple
models.architecture.mamba_type=mamba
training.mode=rollout
models.out_dim=6    avg_loss: 0.000000049979  time_per_window : 0.001533   progress : 0.765
name: input_len=64
training.rollout_steps=32
models.architecture.block_type=simple
models.architecture.mamba_type=mamba
training.mode=rollout
models.out_dim=6    avg_loss: 0.000000048724  time_per_window : 0.001521   progress : 0.775
name: input_len=64
training.rollout_steps=32
models.architecture.block_type=simple
models.architecture.mamba_type=mamba
training.mode=rollout
models.out_dim=6    avg_loss: 0.000000050569  time_per_window : 0.001468   progress : 0.786
name: input_len=64
training.rollout_steps=32
models.architecture.block_type=simple
models.architecture.mamba_type=mamba
training.mode=rollout
models.out_dim=6    avg_loss: 0.000000053178  time_per_window : 0.001477   progress : 0.797
name: input_len=64
training.rollout_steps=32
models.architecture.block_type=simple
models.architecture.mamba_type=mamba
training.mode=rollout
models.out_dim=6    avg_loss: 0.000000049245  time_per_window : 0.001467   progress : 0.808
name: input_len=64
training.rollout_steps=32
models.architecture.block_type=simple
models.architecture.mamba_type=mamba
training.mode=rollout
models.out_dim=6    avg_loss: 0.000000052155  time_per_window : 0.001076   progress : 0.819
name: input_len=64
training.rollout_steps=32
models.architecture.block_type=simple
models.architecture.mamba_type=mamba
training.mode=rollout
models.out_dim=6    avg_loss: 0.000000048181  time_per_window : 0.001204   progress : 0.830
name: input_len=64
training.rollout_steps=32
models.architecture.block_type=simple
models.architecture.mamba_type=mamba
training.mode=rollout
models.out_dim=6    avg_loss: 0.000000058900  time_per_window : 0.001266   progress : 0.841
name: input_len=64
training.rollout_steps=32
models.architecture.block_type=simple
models.architecture.mamba_type=mamba
training.mode=rollout
models.out_dim=6    avg_loss: 0.000000048231  time_per_window : 0.001129   progress : 0.852
name: input_len=64
training.rollout_steps=32
models.architecture.block_type=simple
models.architecture.mamba_type=mamba
training.mode=rollout
models.out_dim=6    avg_loss: 0.000000050722  time_per_window : 0.001219   progress : 0.863
name: input_len=64
training.rollout_steps=32
models.architecture.block_type=simple
models.architecture.mamba_type=mamba
training.mode=rollout
models.out_dim=6    avg_loss: 0.000000048788  time_per_window : 0.001247   progress : 0.874
name: input_len=64
training.rollout_steps=32
models.architecture.block_type=simple
models.architecture.mamba_type=mamba
training.mode=rollout
models.out_dim=6    avg_loss: 0.000000052409  time_per_window : 0.001217   progress : 0.885
name: input_len=64
training.rollout_steps=32
models.architecture.block_type=simple
models.architecture.mamba_type=mamba
training.mode=rollout
models.out_dim=6    avg_loss: 0.000000051359  time_per_window : 0.001266   progress : 0.896
name: input_len=64
training.rollout_steps=32
models.architecture.block_type=simple
models.architecture.mamba_type=mamba
training.mode=rollout
models.out_dim=6    avg_loss: 0.000000050518  time_per_window : 0.001160   progress : 0.907
name: input_len=64
training.rollout_steps=32
models.architecture.block_type=simple
models.architecture.mamba_type=mamba
training.mode=rollout
models.out_dim=6    avg_loss: 0.000000049179  time_per_window : 0.001196   progress : 0.917
name: input_len=64
training.rollout_steps=32
models.architecture.block_type=simple
models.architecture.mamba_type=mamba
training.mode=rollout
models.out_dim=6    avg_loss: 0.000000046025  time_per_window : 0.001230   progress : 0.928
name: input_len=64
training.rollout_steps=32
models.architecture.block_type=simple
models.architecture.mamba_type=mamba
training.mode=rollout
models.out_dim=6    avg_loss: 0.000000048960  time_per_window : 0.001256   progress : 0.939
name: input_len=64
training.rollout_steps=32
models.architecture.block_type=simple
models.architecture.mamba_type=mamba
training.mode=rollout
models.out_dim=6    avg_loss: 0.000000049438  time_per_window : 0.001205   progress : 0.950
name: input_len=64
training.rollout_steps=32
models.architecture.block_type=simple
models.architecture.mamba_type=mamba
training.mode=rollout
models.out_dim=6    avg_loss: 0.000000048386  time_per_window : 0.001191   progress : 0.961
name: input_len=64
training.rollout_steps=32
models.architecture.block_type=simple
models.architecture.mamba_type=mamba
training.mode=rollout
models.out_dim=6    avg_loss: 0.000000048622  time_per_window : 0.001174   progress : 0.972
name: input_len=64
training.rollout_steps=32
models.architecture.block_type=simple
models.architecture.mamba_type=mamba
training.mode=rollout
models.out_dim=6    avg_loss: 0.000000054751  time_per_window : 0.001246   progress : 0.983
name: input_len=64
training.rollout_steps=32
models.architecture.block_type=simple
models.architecture.mamba_type=mamba
training.mode=rollout
models.out_dim=6    avg_loss: 0.000000047711  time_per_window : 0.001255   progress : 0.994
name: input_len=64
training.rollout_steps=32
models.architecture.block_type=simple
models.architecture.mamba_type=mamba
training.mode=rollout
models.out_dim=6    avg_loss: 0.000062765779  time_per_window : 0.001257   progress : 0.011
name: input_len=64
training.rollout_steps=32
models.architecture.block_type=simple
models.architecture.mamba_type=mamba
training.mode=rollout
models.out_dim=6    avg_loss: 0.000022882583  time_per_window : 0.001145   progress : 0.022
name: input_len=64
training.rollout_steps=32
models.architecture.block_type=simple
models.architecture.mamba_type=mamba
training.mode=rollout
models.out_dim=6    avg_loss: 0.000012341307  time_per_window : 0.001052   progress : 0.033
name: input_len=64
training.rollout_steps=32
models.architecture.block_type=simple
models.architecture.mamba_type=mamba
training.mode=rollout
models.out_dim=6    avg_loss: 0.000011940918  time_per_window : 0.001266   progress : 0.044
name: input_len=64
training.rollout_steps=32
models.architecture.block_type=simple
models.architecture.mamba_type=mamba
training.mode=rollout
models.out_dim=6    avg_loss: 0.000011401129  time_per_window : 0.001201   progress : 0.055
name: input_len=64
training.rollout_steps=32
models.architecture.block_type=simple
models.architecture.mamba_type=mamba
training.mode=rollout
models.out_dim=6    avg_loss: 0.000011681376  time_per_window : 0.001231   progress : 0.066
name: input_len=64
training.rollout_steps=32
models.architecture.block_type=simple
models.architecture.mamba_type=mamba
training.mode=rollout
models.out_dim=6    avg_loss: 0.000011612939  time_per_window : 0.001266   progress : 0.076
name: input_len=64
training.rollout_steps=32
models.architecture.block_type=simple
models.architecture.mamba_type=mamba
training.mode=rollout
models.out_dim=6    avg_loss: 0.000010437197  time_per_window : 0.001272   progress : 0.087
name: input_len=64
training.rollout_steps=32
models.architecture.block_type=simple
models.architecture.mamba_type=mamba
training.mode=rollout
models.out_dim=6    avg_loss: 0.000008376668  time_per_window : 0.001133   progress : 0.098
name: input_len=64
training.rollout_steps=32
models.architecture.block_type=simple
models.architecture.mamba_type=mamba
training.mode=rollout
models.out_dim=6    avg_loss: 0.000005721522  time_per_window : 0.001218   progress : 0.109
name: input_len=64
training.rollout_steps=32
models.architecture.block_type=simple
models.architecture.mamba_type=mamba
training.mode=rollout
models.out_dim=6    avg_loss: 0.000004475126  time_per_window : 0.001240   progress : 0.120
name: input_len=64
training.rollout_steps=32
models.architecture.block_type=simple
models.architecture.mamba_type=mamba
training.mode=rollout
models.out_dim=6    avg_loss: 0.000002647537  time_per_window : 0.001180   progress : 0.131
name: input_len=64
training.rollout_steps=32
models.architecture.block_type=simple
models.architecture.mamba_type=mamba
training.mode=rollout
models.out_dim=6    avg_loss: 0.000001752700  time_per_window : 0.001242   progress : 0.142
name: input_len=64
training.rollout_steps=32
models.architecture.block_type=simple
models.architecture.mamba_type=mamba
training.mode=rollout
models.out_dim=6    avg_loss: 0.000001605315  time_per_window : 0.001056   progress : 0.153
name: input_len=64
training.rollout_steps=32
models.architecture.block_type=simple
models.architecture.mamba_type=mamba
training.mode=rollout
models.out_dim=6    avg_loss: 0.000001332344  time_per_window : 0.001176   progress : 0.164
name: input_len=64
training.rollout_steps=32
models.architecture.block_type=simple
models.architecture.mamba_type=mamba
training.mode=rollout
models.out_dim=6    avg_loss: 0.000001347484  time_per_window : 0.001316   progress : 0.175
name: input_len=64
training.rollout_steps=32
models.architecture.block_type=simple
models.architecture.mamba_type=mamba
training.mode=rollout
models.out_dim=6    avg_loss: 0.000000992241  time_per_window : 0.001076   progress : 0.186
name: input_len=64
training.rollout_steps=32
models.architecture.block_type=simple
models.architecture.mamba_type=mamba
training.mode=rollout
models.out_dim=6    avg_loss: 0.000001209498  time_per_window : 0.001245   progress : 0.197
name: input_len=64
training.rollout_steps=32
models.architecture.block_type=simple
models.architecture.mamba_type=mamba
training.mode=rollout
models.out_dim=6    avg_loss: 0.000000885981  time_per_window : 0.001123   progress : 0.208
name: input_len=64
training.rollout_steps=32
models.architecture.block_type=simple
models.architecture.mamba_type=mamba
training.mode=rollout
models.out_dim=6    avg_loss: 0.000000869826  time_per_window : 0.001244   progress : 0.218
name: input_len=64
training.rollout_steps=32
models.architecture.block_type=simple
models.architecture.mamba_type=mamba
training.mode=rollout
models.out_dim=6    avg_loss: 0.000000922622  time_per_window : 0.000999   progress : 0.229
name: input_len=64
training.rollout_steps=32
models.architecture.block_type=simple
models.architecture.mamba_type=mamba
training.mode=rollout
models.out_dim=6    avg_loss: 0.000000913163  time_per_window : 0.001155   progress : 0.240
name: input_len=64
training.rollout_steps=32
models.architecture.block_type=simple
models.architecture.mamba_type=mamba
training.mode=rollout
models.out_dim=6    avg_loss: 0.000000814019  time_per_window : 0.001266   progress : 0.251
name: input_len=64
training.rollout_steps=32
models.architecture.block_type=simple
models.architecture.mamba_type=mamba
training.mode=rollout
models.out_dim=6    avg_loss: 0.000000930140  time_per_window : 0.001216   progress : 0.262
name: input_len=64
training.rollout_steps=32
models.architecture.block_type=simple
models.architecture.mamba_type=mamba
training.mode=rollout
models.out_dim=6    avg_loss: 0.000000869847  time_per_window : 0.001307   progress : 0.273
name: input_len=64
training.rollout_steps=32
models.architecture.block_type=simple
models.architecture.mamba_type=mamba
training.mode=rollout
models.out_dim=6    avg_loss: 0.000000829226  time_per_window : 0.001166   progress : 0.284
name: input_len=64
training.rollout_steps=32
models.architecture.block_type=simple
models.architecture.mamba_type=mamba
training.mode=rollout
models.out_dim=6    avg_loss: 0.000000906367  time_per_window : 0.001138   progress : 0.295
name: input_len=64
training.rollout_steps=32
models.architecture.block_type=simple
models.architecture.mamba_type=mamba
training.mode=rollout
models.out_dim=6    avg_loss: 0.000000708296  time_per_window : 0.001237   progress : 0.306
name: input_len=64
training.rollout_steps=32
models.architecture.block_type=simple
models.architecture.mamba_type=mamba
training.mode=rollout
models.out_dim=6    avg_loss: 0.000000784807  time_per_window : 0.001138   progress : 0.317
name: input_len=64
training.rollout_steps=32
models.architecture.block_type=simple
models.architecture.mamba_type=mamba
training.mode=rollout
models.out_dim=6    avg_loss: 0.000000913089  time_per_window : 0.001244   progress : 0.328
name: input_len=64
training.rollout_steps=32
models.architecture.block_type=simple
models.architecture.mamba_type=mamba
training.mode=rollout
models.out_dim=6    avg_loss: 0.000000754862  time_per_window : 0.001218   progress : 0.339
name: input_len=64
training.rollout_steps=32
models.architecture.block_type=simple
models.architecture.mamba_type=mamba
training.mode=rollout
models.out_dim=6    avg_loss: 0.000000665328  time_per_window : 0.001200   progress : 0.350
name: input_len=64
training.rollout_steps=32
models.architecture.block_type=simple
models.architecture.mamba_type=mamba
training.mode=rollout
models.out_dim=6    avg_loss: 0.000000687823  time_per_window : 0.001135   progress : 0.360
name: input_len=64
training.rollout_steps=32
models.architecture.block_type=simple
models.architecture.mamba_type=mamba
training.mode=rollout
models.out_dim=6    avg_loss: 0.000000788475  time_per_window : 0.001145   progress : 0.371
name: input_len=64
training.rollout_steps=32
models.architecture.block_type=simple
models.architecture.mamba_type=mamba
training.mode=rollout
models.out_dim=6    avg_loss: 0.000000845178  time_per_window : 0.001219   progress : 0.382
name: input_len=64
training.rollout_steps=32
models.architecture.block_type=simple
models.architecture.mamba_type=mamba
training.mode=rollout
models.out_dim=6    avg_loss: 0.000000827315  time_per_window : 0.001026   progress : 0.393
name: input_len=64
training.rollout_steps=32
models.architecture.block_type=simple
models.architecture.mamba_type=mamba
training.mode=rollout
models.out_dim=6    avg_loss: 0.000000821306  time_per_window : 0.001252   progress : 0.404
name: input_len=64
training.rollout_steps=32
models.architecture.block_type=simple
models.architecture.mamba_type=mamba
training.mode=rollout
models.out_dim=6    avg_loss: 0.000000785122  time_per_window : 0.001257   progress : 0.415
name: input_len=64
training.rollout_steps=32
models.architecture.block_type=simple
models.architecture.mamba_type=mamba
training.mode=rollout
models.out_dim=6    avg_loss: 0.000000904941  time_per_window : 0.001186   progress : 0.426
name: input_len=64
training.rollout_steps=32
models.architecture.block_type=simple
models.architecture.mamba_type=mamba
training.mode=rollout
models.out_dim=6    avg_loss: 0.000000784929  time_per_window : 0.001212   progress : 0.437
name: input_len=64
training.rollout_steps=32
models.architecture.block_type=simple
models.architecture.mamba_type=mamba
training.mode=rollout
models.out_dim=6    avg_loss: 0.000000954504  time_per_window : 0.001235   progress : 0.448
name: input_len=64
training.rollout_steps=32
models.architecture.block_type=simple
models.architecture.mamba_type=mamba
training.mode=rollout
models.out_dim=6    avg_loss: 0.000000628640  time_per_window : 0.001154   progress : 0.459
name: input_len=64
training.rollout_steps=32
models.architecture.block_type=simple
models.architecture.mamba_type=mamba
training.mode=rollout
models.out_dim=6    avg_loss: 0.000000868918  time_per_window : 0.001107   progress : 0.470
name: input_len=64
training.rollout_steps=32
models.architecture.block_type=simple
models.architecture.mamba_type=mamba
training.mode=rollout
models.out_dim=6    avg_loss: 0.000000691013  time_per_window : 0.001120   progress : 0.481
name: input_len=64
training.rollout_steps=32
models.architecture.block_type=simple
models.architecture.mamba_type=mamba
training.mode=rollout
models.out_dim=6    avg_loss: 0.000000750479  time_per_window : 0.001237   progress : 0.492
name: input_len=64
training.rollout_steps=32
models.architecture.block_type=simple
models.architecture.mamba_type=mamba
training.mode=rollout
models.out_dim=6    avg_loss: 0.000000615133  time_per_window : 0.001262   progress : 0.502
name: input_len=64
training.rollout_steps=32
models.architecture.block_type=simple
models.architecture.mamba_type=mamba
training.mode=rollout
models.out_dim=6    avg_loss: 0.000000720259  time_per_window : 0.001253   progress : 0.513
name: input_len=64
training.rollout_steps=32
models.architecture.block_type=simple
models.architecture.mamba_type=mamba
training.mode=rollout
models.out_dim=6    avg_loss: 0.000000732637  time_per_window : 0.001121   progress : 0.524
name: input_len=64
training.rollout_steps=32
models.architecture.block_type=simple
models.architecture.mamba_type=mamba
training.mode=rollout
models.out_dim=6    avg_loss: 0.000000943797  time_per_window : 0.001260   progress : 0.535
name: input_len=64
training.rollout_steps=32
models.architecture.block_type=simple
models.architecture.mamba_type=mamba
training.mode=rollout
models.out_dim=6    avg_loss: 0.000000674158  time_per_window : 0.001223   progress : 0.546
name: input_len=64
training.rollout_steps=32
models.architecture.block_type=simple
models.architecture.mamba_type=mamba
training.mode=rollout
models.out_dim=6    avg_loss: 0.000000585661  time_per_window : 0.001223   progress : 0.557
name: input_len=64
training.rollout_steps=32
models.architecture.block_type=simple
models.architecture.mamba_type=mamba
training.mode=rollout
models.out_dim=6    avg_loss: 0.000000669905  time_per_window : 0.001268   progress : 0.568
name: input_len=64
training.rollout_steps=32
models.architecture.block_type=simple
models.architecture.mamba_type=mamba
training.mode=rollout
models.out_dim=6    avg_loss: 0.000000531650  time_per_window : 0.001229   progress : 0.579
name: input_len=64
training.rollout_steps=32
models.architecture.block_type=simple
models.architecture.mamba_type=mamba
training.mode=rollout
models.out_dim=6    avg_loss: 0.000000757552  time_per_window : 0.001267   progress : 0.590
name: input_len=64
training.rollout_steps=32
models.architecture.block_type=simple
models.architecture.mamba_type=mamba
training.mode=rollout
models.out_dim=6    avg_loss: 0.000000722708  time_per_window : 0.001249   progress : 0.601
name: input_len=64
training.rollout_steps=32
models.architecture.block_type=simple
models.architecture.mamba_type=mamba
training.mode=rollout
models.out_dim=6    avg_loss: 0.000000638350  time_per_window : 0.001249   progress : 0.612
name: input_len=64
training.rollout_steps=32
models.architecture.block_type=simple
models.architecture.mamba_type=mamba
training.mode=rollout
models.out_dim=6    avg_loss: 0.000000823992  time_per_window : 0.001273   progress : 0.623
name: input_len=64
training.rollout_steps=32
models.architecture.block_type=simple
models.architecture.mamba_type=mamba
training.mode=rollout
models.out_dim=6    avg_loss: 0.000000598224  time_per_window : 0.000988   progress : 0.634
name: input_len=64
training.rollout_steps=32
models.architecture.block_type=simple
models.architecture.mamba_type=mamba
training.mode=rollout
models.out_dim=6    avg_loss: 0.000000762763  time_per_window : 0.001174   progress : 0.644
name: input_len=64
training.rollout_steps=32
models.architecture.block_type=simple
models.architecture.mamba_type=mamba
training.mode=rollout
models.out_dim=6    avg_loss: 0.000000629786  time_per_window : 0.001238   progress : 0.655
name: input_len=64
training.rollout_steps=32
models.architecture.block_type=simple
models.architecture.mamba_type=mamba
training.mode=rollout
models.out_dim=6    avg_loss: 0.000000799850  time_per_window : 0.001258   progress : 0.666
name: input_len=64
training.rollout_steps=32
models.architecture.block_type=simple
models.architecture.mamba_type=mamba
training.mode=rollout
models.out_dim=6    avg_loss: 0.000000555459  time_per_window : 0.001264   progress : 0.677
name: input_len=64
training.rollout_steps=32
models.architecture.block_type=simple
models.architecture.mamba_type=mamba
training.mode=rollout
models.out_dim=6    avg_loss: 0.000000550720  time_per_window : 0.001205   progress : 0.688
name: input_len=64
training.rollout_steps=32
models.architecture.block_type=simple
models.architecture.mamba_type=mamba
training.mode=rollout
models.out_dim=6    avg_loss: 0.000000624109  time_per_window : 0.001109   progress : 0.699
name: input_len=64
training.rollout_steps=32
models.architecture.block_type=simple
models.architecture.mamba_type=mamba
training.mode=rollout
models.out_dim=6    avg_loss: 0.000000628643  time_per_window : 0.001242   progress : 0.710
name: input_len=64
training.rollout_steps=32
models.architecture.block_type=simple
models.architecture.mamba_type=mamba
training.mode=rollout
models.out_dim=6    avg_loss: 0.000000819757  time_per_window : 0.001182   progress : 0.721
name: input_len=64
training.rollout_steps=32
models.architecture.block_type=simple
models.architecture.mamba_type=mamba
training.mode=rollout
models.out_dim=6    avg_loss: 0.000000652712  time_per_window : 0.001176   progress : 0.732
name: input_len=64
training.rollout_steps=32
models.architecture.block_type=simple
models.architecture.mamba_type=mamba
training.mode=rollout
models.out_dim=6    avg_loss: 0.000000551676  time_per_window : 0.001199   progress : 0.743
name: input_len=64
training.rollout_steps=32
models.architecture.block_type=simple
models.architecture.mamba_type=mamba
training.mode=rollout
models.out_dim=6    avg_loss: 0.000000616270  time_per_window : 0.001259   progress : 0.754
name: input_len=64
training.rollout_steps=32
models.architecture.block_type=simple
models.architecture.mamba_type=mamba
training.mode=rollout
models.out_dim=6    avg_loss: 0.000000644821  time_per_window : 0.001140   progress : 0.765
name: input_len=64
training.rollout_steps=32
models.architecture.block_type=simple
models.architecture.mamba_type=mamba
training.mode=rollout
models.out_dim=6    avg_loss: 0.000000670892  time_per_window : 0.001068   progress : 0.775
name: input_len=64
training.rollout_steps=32
models.architecture.block_type=simple
models.architecture.mamba_type=mamba
training.mode=rollout
models.out_dim=6    avg_loss: 0.000000668426  time_per_window : 0.001208   progress : 0.786
name: input_len=64
training.rollout_steps=32
models.architecture.block_type=simple
models.architecture.mamba_type=mamba
training.mode=rollout
models.out_dim=6    avg_loss: 0.000000527140  time_per_window : 0.001189   progress : 0.797
name: input_len=64
training.rollout_steps=32
models.architecture.block_type=simple
models.architecture.mamba_type=mamba
training.mode=rollout
models.out_dim=6    avg_loss: 0.000000590976  time_per_window : 0.001256   progress : 0.808
name: input_len=64
training.rollout_steps=32
models.architecture.block_type=simple
models.architecture.mamba_type=mamba
training.mode=rollout
models.out_dim=6    avg_loss: 0.000000636188  time_per_window : 0.001278   progress : 0.819
name: input_len=64
training.rollout_steps=32
models.architecture.block_type=simple
models.architecture.mamba_type=mamba
training.mode=rollout
models.out_dim=6    avg_loss: 0.000000528521  time_per_window : 0.001244   progress : 0.830
name: input_len=64
training.rollout_steps=32
models.architecture.block_type=simple
models.architecture.mamba_type=mamba
training.mode=rollout
models.out_dim=6    avg_loss: 0.000000650128  time_per_window : 0.001254   progress : 0.841
name: input_len=64
training.rollout_steps=32
models.architecture.block_type=simple
models.architecture.mamba_type=mamba
training.mode=rollout
models.out_dim=6    avg_loss: 0.000000605805  time_per_window : 0.001239   progress : 0.852
name: input_len=64
training.rollout_steps=32
models.architecture.block_type=simple
models.architecture.mamba_type=mamba
training.mode=rollout
models.out_dim=6    avg_loss: 0.000000654623  time_per_window : 0.001256   progress : 0.863
name: input_len=64
training.rollout_steps=32
models.architecture.block_type=simple
models.architecture.mamba_type=mamba
training.mode=rollout
models.out_dim=6    avg_loss: 0.000000676579  time_per_window : 0.001219   progress : 0.874
name: input_len=64
training.rollout_steps=32
models.architecture.block_type=simple
models.architecture.mamba_type=mamba
training.mode=rollout
models.out_dim=6    avg_loss: 0.000000703478  time_per_window : 0.001093   progress : 0.885
name: input_len=64
training.rollout_steps=32
models.architecture.block_type=simple
models.architecture.mamba_type=mamba
training.mode=rollout
models.out_dim=6    avg_loss: 0.000000555082  time_per_window : 0.001183   progress : 0.896
name: input_len=64
training.rollout_steps=32
models.architecture.block_type=simple
models.architecture.mamba_type=mamba
training.mode=rollout
models.out_dim=6    avg_loss: 0.000000460542  time_per_window : 0.001185   progress : 0.907
name: input_len=64
training.rollout_steps=32
models.architecture.block_type=simple
models.architecture.mamba_type=mamba
training.mode=rollout
models.out_dim=6    avg_loss: 0.000000687490  time_per_window : 0.001190   progress : 0.917
name: input_len=64
training.rollout_steps=32
models.architecture.block_type=simple
models.architecture.mamba_type=mamba
training.mode=rollout
models.out_dim=6    avg_loss: 0.000000618918  time_per_window : 0.001071   progress : 0.928
name: input_len=64
training.rollout_steps=32
models.architecture.block_type=simple
models.architecture.mamba_type=mamba
training.mode=rollout
models.out_dim=6    avg_loss: 0.000000615634  time_per_window : 0.001171   progress : 0.939
name: input_len=64
training.rollout_steps=32
models.architecture.block_type=simple
models.architecture.mamba_type=mamba
training.mode=rollout
models.out_dim=6    avg_loss: 0.000000566436  time_per_window : 0.001057   progress : 0.950
name: input_len=64
training.rollout_steps=32
models.architecture.block_type=simple
models.architecture.mamba_type=mamba
training.mode=rollout
models.out_dim=6    avg_loss: 0.000000538163  time_per_window : 0.001238   progress : 0.961
name: input_len=64
training.rollout_steps=32
models.architecture.block_type=simple
models.architecture.mamba_type=mamba
training.mode=rollout
models.out_dim=6    avg_loss: 0.000000561631  time_per_window : 0.001202   progress : 0.972
name: input_len=64
training.rollout_steps=32
models.architecture.block_type=simple
models.architecture.mamba_type=mamba
training.mode=rollout
models.out_dim=6    avg_loss: 0.000000687753  time_per_window : 0.001136   progress : 0.983
name: input_len=64
training.rollout_steps=32
models.architecture.block_type=simple
models.architecture.mamba_type=mamba
training.mode=rollout
models.out_dim=6    avg_loss: 0.000000522843  time_per_window : 0.001199   progress : 0.994
name: input_len=64
training.rollout_steps=32
models.architecture.block_type=simple
models.architecture.mamba_type=mamba
training.mode=rollout
models.out_dim=6    avg_loss: 0.000030839648  time_per_window : 0.001018   progress : 0.011
name: input_len=64
training.rollout_steps=32
models.architecture.block_type=simple
models.architecture.mamba_type=mamba
training.mode=rollout
models.out_dim=6    avg_loss: 0.000001120379  time_per_window : 0.001086   progress : 0.022
name: input_len=64
training.rollout_steps=32
models.architecture.block_type=simple
models.architecture.mamba_type=mamba
training.mode=rollout
models.out_dim=6    avg_loss: 0.000000949095  time_per_window : 0.001093   progress : 0.033
name: input_len=64
training.rollout_steps=32
models.architecture.block_type=simple
models.architecture.mamba_type=mamba
training.mode=rollout
models.out_dim=6    avg_loss: 0.000000799697  time_per_window : 0.001063   progress : 0.044
name: input_len=64
training.rollout_steps=32
models.architecture.block_type=simple
models.architecture.mamba_type=mamba
training.mode=rollout
models.out_dim=6    avg_loss: 0.000000760009  time_per_window : 0.001192   progress : 0.055
name: input_len=64
training.rollout_steps=32
models.architecture.block_type=simple
models.architecture.mamba_type=mamba
training.mode=rollout
models.out_dim=6    avg_loss: 0.000000702277  time_per_window : 0.001231   progress : 0.066
name: input_len=64
training.rollout_steps=32
models.architecture.block_type=simple
models.architecture.mamba_type=mamba
training.mode=rollout
models.out_dim=6    avg_loss: 0.000000794360  time_per_window : 0.001254   progress : 0.076
name: input_len=64
training.rollout_steps=32
models.architecture.block_type=simple
models.architecture.mamba_type=mamba
training.mode=rollout
models.out_dim=6    avg_loss: 0.000000744553  time_per_window : 0.001148   progress : 0.087
name: input_len=64
training.rollout_steps=32
models.architecture.block_type=simple
models.architecture.mamba_type=mamba
training.mode=rollout
models.out_dim=6    avg_loss: 0.000000784648  time_per_window : 0.001215   progress : 0.098
name: input_len=64
training.rollout_steps=32
models.architecture.block_type=simple
models.architecture.mamba_type=mamba
training.mode=rollout
models.out_dim=6    avg_loss: 0.000000747138  time_per_window : 0.001227   progress : 0.109
name: input_len=64
training.rollout_steps=32
models.architecture.block_type=simple
models.architecture.mamba_type=mamba
training.mode=rollout
models.out_dim=6    avg_loss: 0.000000834470  time_per_window : 0.001119   progress : 0.120
name: input_len=64
training.rollout_steps=32
models.architecture.block_type=simple
models.architecture.mamba_type=mamba
training.mode=rollout
models.out_dim=6    avg_loss: 0.000000787054  time_per_window : 0.001166   progress : 0.131
name: input_len=64
training.rollout_steps=32
models.architecture.block_type=simple
models.architecture.mamba_type=mamba
training.mode=rollout
models.out_dim=6    avg_loss: 0.000000731304  time_per_window : 0.001141   progress : 0.142
name: input_len=64
training.rollout_steps=32
models.architecture.block_type=simple
models.architecture.mamba_type=mamba
training.mode=rollout
models.out_dim=6    avg_loss: 0.000000975794  time_per_window : 0.001189   progress : 0.153
name: input_len=64
training.rollout_steps=32
models.architecture.block_type=simple
models.architecture.mamba_type=mamba
training.mode=rollout
models.out_dim=6    avg_loss: 0.000000799333  time_per_window : 0.001226   progress : 0.164
name: input_len=64
training.rollout_steps=32
models.architecture.block_type=simple
models.architecture.mamba_type=mamba
training.mode=rollout
models.out_dim=6    avg_loss: 0.000000749860  time_per_window : 0.001208   progress : 0.175
name: input_len=64
training.rollout_steps=32
models.architecture.block_type=simple
models.architecture.mamba_type=mamba
training.mode=rollout
models.out_dim=6    avg_loss: 0.000000900567  time_per_window : 0.001252   progress : 0.186
name: input_len=64
training.rollout_steps=32
models.architecture.block_type=simple
models.architecture.mamba_type=mamba
training.mode=rollout
models.out_dim=6    avg_loss: 0.000000730418  time_per_window : 0.001095   progress : 0.197
name: input_len=64
training.rollout_steps=32
models.architecture.block_type=simple
models.architecture.mamba_type=mamba
training.mode=rollout
models.out_dim=6    avg_loss: 0.000000976540  time_per_window : 0.001055   progress : 0.208
name: input_len=64
training.rollout_steps=32
models.architecture.block_type=simple
models.architecture.mamba_type=mamba
training.mode=rollout
models.out_dim=6    avg_loss: 0.000000846687  time_per_window : 0.001275   progress : 0.218
name: input_len=64
training.rollout_steps=32
models.architecture.block_type=simple
models.architecture.mamba_type=mamba
training.mode=rollout
models.out_dim=6    avg_loss: 0.000001038751  time_per_window : 0.001209   progress : 0.229
name: input_len=64
training.rollout_steps=32
models.architecture.block_type=simple
models.architecture.mamba_type=mamba
training.mode=rollout
models.out_dim=6    avg_loss: 0.000000963552  time_per_window : 0.001259   progress : 0.240
name: input_len=64
training.rollout_steps=32
models.architecture.block_type=simple
models.architecture.mamba_type=mamba
training.mode=rollout
models.out_dim=6    avg_loss: 0.000001008409  time_per_window : 0.001237   progress : 0.251
name: input_len=64
training.rollout_steps=32
models.architecture.block_type=simple
models.architecture.mamba_type=mamba
training.mode=rollout
models.out_dim=6    avg_loss: 0.000000707997  time_per_window : 0.001201   progress : 0.262
name: input_len=64
training.rollout_steps=32
models.architecture.block_type=simple
models.architecture.mamba_type=mamba
training.mode=rollout
models.out_dim=6    avg_loss: 0.000000787692  time_per_window : 0.001248   progress : 0.273
name: input_len=64
training.rollout_steps=32
models.architecture.block_type=simple
models.architecture.mamba_type=mamba
training.mode=rollout
models.out_dim=6    avg_loss: 0.000000816480  time_per_window : 0.001212   progress : 0.284
name: input_len=64
training.rollout_steps=32
models.architecture.block_type=simple
models.architecture.mamba_type=mamba
training.mode=rollout
models.out_dim=6    avg_loss: 0.000000840116  time_per_window : 0.001288   progress : 0.295
name: input_len=64
training.rollout_steps=32
models.architecture.block_type=simple
models.architecture.mamba_type=mamba
training.mode=rollout
models.out_dim=6    avg_loss: 0.000000792060  time_per_window : 0.001257   progress : 0.306
name: input_len=64
training.rollout_steps=32
models.architecture.block_type=simple
models.architecture.mamba_type=mamba
training.mode=rollout
models.out_dim=6    avg_loss: 0.000000762854  time_per_window : 0.001236   progress : 0.317
name: input_len=64
training.rollout_steps=32
models.architecture.block_type=simple
models.architecture.mamba_type=mamba
training.mode=rollout
models.out_dim=6    avg_loss: 0.000001184800  time_per_window : 0.001109   progress : 0.328
name: input_len=64
training.rollout_steps=32
models.architecture.block_type=simple
models.architecture.mamba_type=mamba
training.mode=rollout
models.out_dim=6    avg_loss: 0.000000871414  time_per_window : 0.001244   progress : 0.339
name: input_len=64
training.rollout_steps=32
models.architecture.block_type=simple
models.architecture.mamba_type=mamba
training.mode=rollout
models.out_dim=6    avg_loss: 0.000000794808  time_per_window : 0.001091   progress : 0.350
name: input_len=64
training.rollout_steps=32
models.architecture.block_type=simple
models.architecture.mamba_type=mamba
training.mode=rollout
models.out_dim=6    avg_loss: 0.000000814041  time_per_window : 0.001125   progress : 0.360
name: input_len=64
training.rollout_steps=32
models.architecture.block_type=simple
models.architecture.mamba_type=mamba
training.mode=rollout
models.out_dim=6    avg_loss: 0.000000874027  time_per_window : 0.001200   progress : 0.371
name: input_len=64
training.rollout_steps=32
models.architecture.block_type=simple
models.architecture.mamba_type=mamba
training.mode=rollout
models.out_dim=6    avg_loss: 0.000000840077  time_per_window : 0.001234   progress : 0.382
name: input_len=64
training.rollout_steps=32
models.architecture.block_type=simple
models.architecture.mamba_type=mamba
training.mode=rollout
models.out_dim=6    avg_loss: 0.000000895053  time_per_window : 0.001220   progress : 0.393
name: input_len=64
training.rollout_steps=32
models.architecture.block_type=simple
models.architecture.mamba_type=mamba
training.mode=rollout
models.out_dim=6    avg_loss: 0.000000845350  time_per_window : 0.001244   progress : 0.404
name: input_len=64
training.rollout_steps=32
models.architecture.block_type=simple
models.architecture.mamba_type=mamba
training.mode=rollout
models.out_dim=6    avg_loss: 0.000000921720  time_per_window : 0.001260   progress : 0.415
name: input_len=64
training.rollout_steps=32
models.architecture.block_type=simple
models.architecture.mamba_type=mamba
training.mode=rollout
models.out_dim=6    avg_loss: 0.000000847064  time_per_window : 0.001141   progress : 0.426
name: input_len=64
training.rollout_steps=32
models.architecture.block_type=simple
models.architecture.mamba_type=mamba
training.mode=rollout
models.out_dim=6    avg_loss: 0.000001001250  time_per_window : 0.001102   progress : 0.437
name: input_len=64
training.rollout_steps=32
models.architecture.block_type=simple
models.architecture.mamba_type=mamba
training.mode=rollout
models.out_dim=6    avg_loss: 0.000000828950  time_per_window : 0.001135   progress : 0.448
name: input_len=64
training.rollout_steps=32
models.architecture.block_type=simple
models.architecture.mamba_type=mamba
training.mode=rollout
models.out_dim=6    avg_loss: 0.000000859153  time_per_window : 0.001267   progress : 0.459
name: input_len=64
training.rollout_steps=32
models.architecture.block_type=simple
models.architecture.mamba_type=mamba
training.mode=rollout
models.out_dim=6    avg_loss: 0.000000799650  time_per_window : 0.001134   progress : 0.470
name: input_len=64
training.rollout_steps=32
models.architecture.block_type=simple
models.architecture.mamba_type=mamba
training.mode=rollout
models.out_dim=6    avg_loss: 0.000000719195  time_per_window : 0.001054   progress : 0.481
name: input_len=64
training.rollout_steps=32
models.architecture.block_type=simple
models.architecture.mamba_type=mamba
training.mode=rollout
models.out_dim=6    avg_loss: 0.000000883155  time_per_window : 0.001235   progress : 0.492
name: input_len=64
training.rollout_steps=32
models.architecture.block_type=simple
models.architecture.mamba_type=mamba
training.mode=rollout
models.out_dim=6    avg_loss: 0.000000679719  time_per_window : 0.001071   progress : 0.502
name: input_len=64
training.rollout_steps=32
models.architecture.block_type=simple
models.architecture.mamba_type=mamba
training.mode=rollout
models.out_dim=6    avg_loss: 0.000000732732  time_per_window : 0.001054   progress : 0.513
name: input_len=64
training.rollout_steps=32
models.architecture.block_type=simple
models.architecture.mamba_type=mamba
training.mode=rollout
models.out_dim=6    avg_loss: 0.000000814464  time_per_window : 0.001221   progress : 0.524
name: input_len=64
training.rollout_steps=32
models.architecture.block_type=simple
models.architecture.mamba_type=mamba
training.mode=rollout
models.out_dim=6    avg_loss: 0.000001022346  time_per_window : 0.001151   progress : 0.535
name: input_len=64
training.rollout_steps=32
models.architecture.block_type=simple
models.architecture.mamba_type=mamba
training.mode=rollout
models.out_dim=6    avg_loss: 0.000000880980  time_per_window : 0.001206   progress : 0.546
name: input_len=64
training.rollout_steps=32
models.architecture.block_type=simple
models.architecture.mamba_type=mamba
training.mode=rollout
models.out_dim=6    avg_loss: 0.000000913317  time_per_window : 0.001216   progress : 0.557
name: input_len=64
training.rollout_steps=32
models.architecture.block_type=simple
models.architecture.mamba_type=mamba
training.mode=rollout
models.out_dim=6    avg_loss: 0.000000731926  time_per_window : 0.001260   progress : 0.568
name: input_len=64
training.rollout_steps=32
models.architecture.block_type=simple
models.architecture.mamba_type=mamba
training.mode=rollout
models.out_dim=6    avg_loss: 0.000000741375  time_per_window : 0.001245   progress : 0.579
name: input_len=64
training.rollout_steps=32
models.architecture.block_type=simple
models.architecture.mamba_type=mamba
training.mode=rollout
models.out_dim=6    avg_loss: 0.000000791204  time_per_window : 0.001244   progress : 0.590
name: input_len=64
training.rollout_steps=32
models.architecture.block_type=simple
models.architecture.mamba_type=mamba
training.mode=rollout
models.out_dim=6    avg_loss: 0.000000938725  time_per_window : 0.001156   progress : 0.601
name: input_len=64
training.rollout_steps=32
models.architecture.block_type=simple
models.architecture.mamba_type=mamba
training.mode=rollout
models.out_dim=6    avg_loss: 0.000000796248  time_per_window : 0.001194   progress : 0.612
name: input_len=64
training.rollout_steps=32
models.architecture.block_type=simple
models.architecture.mamba_type=mamba
training.mode=rollout
models.out_dim=6    avg_loss: 0.000000853625  time_per_window : 0.001186   progress : 0.623
name: input_len=64
training.rollout_steps=32
models.architecture.block_type=simple
models.architecture.mamba_type=mamba
training.mode=rollout
models.out_dim=6    avg_loss: 0.000000724218  time_per_window : 0.001059   progress : 0.634
name: input_len=64
training.rollout_steps=32
models.architecture.block_type=simple
models.architecture.mamba_type=mamba
training.mode=rollout
models.out_dim=6    avg_loss: 0.000000889408  time_per_window : 0.001133   progress : 0.644
name: input_len=64
training.rollout_steps=32
models.architecture.block_type=simple
models.architecture.mamba_type=mamba
training.mode=rollout
models.out_dim=6    avg_loss: 0.000000774304  time_per_window : 0.001236   progress : 0.655
name: input_len=64
training.rollout_steps=32
models.architecture.block_type=simple
models.architecture.mamba_type=mamba
training.mode=rollout
models.out_dim=6    avg_loss: 0.000000815688  time_per_window : 0.001159   progress : 0.666
name: input_len=64
training.rollout_steps=32
models.architecture.block_type=simple
models.architecture.mamba_type=mamba
training.mode=rollout
models.out_dim=6    avg_loss: 0.000000836819  time_per_window : 0.001043   progress : 0.677
name: input_len=64
training.rollout_steps=32
models.architecture.block_type=simple
models.architecture.mamba_type=mamba
training.mode=rollout
models.out_dim=6    avg_loss: 0.000000747990  time_per_window : 0.001240   progress : 0.688
name: input_len=64
training.rollout_steps=32
models.architecture.block_type=simple
models.architecture.mamba_type=mamba
training.mode=rollout
models.out_dim=6    avg_loss: 0.000000683997  time_per_window : 0.001043   progress : 0.699
name: input_len=64
training.rollout_steps=32
models.architecture.block_type=simple
models.architecture.mamba_type=mamba
training.mode=rollout
models.out_dim=6    avg_loss: 0.000000751686  time_per_window : 0.001182   progress : 0.710
name: input_len=64
training.rollout_steps=32
models.architecture.block_type=simple
models.architecture.mamba_type=mamba
training.mode=rollout
models.out_dim=6    avg_loss: 0.000000748803  time_per_window : 0.001262   progress : 0.721
name: input_len=64
training.rollout_steps=32
models.architecture.block_type=simple
models.architecture.mamba_type=mamba
training.mode=rollout
models.out_dim=6    avg_loss: 0.000000764419  time_per_window : 0.001111   progress : 0.732
name: input_len=64
training.rollout_steps=32
models.architecture.block_type=simple
models.architecture.mamba_type=mamba
training.mode=rollout
models.out_dim=6    avg_loss: 0.000000684455  time_per_window : 0.001148   progress : 0.743
name: input_len=64
training.rollout_steps=32
models.architecture.block_type=simple
models.architecture.mamba_type=mamba
training.mode=rollout
models.out_dim=6    avg_loss: 0.000000857446  time_per_window : 0.001136   progress : 0.754
name: input_len=64
training.rollout_steps=32
models.architecture.block_type=simple
models.architecture.mamba_type=mamba
training.mode=rollout
models.out_dim=6    avg_loss: 0.000000932452  time_per_window : 0.001230   progress : 0.765
name: input_len=64
training.rollout_steps=32
models.architecture.block_type=simple
models.architecture.mamba_type=mamba
training.mode=rollout
models.out_dim=6    avg_loss: 0.000000634214  time_per_window : 0.001241   progress : 0.775
name: input_len=64
training.rollout_steps=32
models.architecture.block_type=simple
models.architecture.mamba_type=mamba
training.mode=rollout
models.out_dim=6    avg_loss: 0.000000621000  time_per_window : 0.001137   progress : 0.786
name: input_len=64
training.rollout_steps=32
models.architecture.block_type=simple
models.architecture.mamba_type=mamba
training.mode=rollout
models.out_dim=6    avg_loss: 0.000000684619  time_per_window : 0.001057   progress : 0.797
name: input_len=64
training.rollout_steps=32
models.architecture.block_type=simple
models.architecture.mamba_type=mamba
training.mode=rollout
models.out_dim=6    avg_loss: 0.000000726744  time_per_window : 0.001233   progress : 0.808
name: input_len=64
training.rollout_steps=32
models.architecture.block_type=simple
models.architecture.mamba_type=mamba
training.mode=rollout
models.out_dim=6    avg_loss: 0.000000769584  time_per_window : 0.001223   progress : 0.819
name: input_len=64
training.rollout_steps=32
models.architecture.block_type=simple
models.architecture.mamba_type=mamba
training.mode=rollout
models.out_dim=6    avg_loss: 0.000000662030  time_per_window : 0.001246   progress : 0.830
name: input_len=64
training.rollout_steps=32
models.architecture.block_type=simple
models.architecture.mamba_type=mamba
training.mode=rollout
models.out_dim=6    avg_loss: 0.000000678309  time_per_window : 0.001123   progress : 0.841
name: input_len=64
training.rollout_steps=32
models.architecture.block_type=simple
models.architecture.mamba_type=mamba
training.mode=rollout
models.out_dim=6    avg_loss: 0.000000620392  time_per_window : 0.000985   progress : 0.852
name: input_len=64
training.rollout_steps=32
models.architecture.block_type=simple
models.architecture.mamba_type=mamba
training.mode=rollout
models.out_dim=6    avg_loss: 0.000000551026  time_per_window : 0.001218   progress : 0.863
name: input_len=64
training.rollout_steps=32
models.architecture.block_type=simple
models.architecture.mamba_type=mamba
training.mode=rollout
models.out_dim=6    avg_loss: 0.000000665868  time_per_window : 0.001111   progress : 0.874
name: input_len=64
training.rollout_steps=32
models.architecture.block_type=simple
models.architecture.mamba_type=mamba
training.mode=rollout
models.out_dim=6    avg_loss: 0.000000852751  time_per_window : 0.001244   progress : 0.885
name: input_len=64
training.rollout_steps=32
models.architecture.block_type=simple
models.architecture.mamba_type=mamba
training.mode=rollout
models.out_dim=6    avg_loss: 0.000000726432  time_per_window : 0.001257   progress : 0.896
name: input_len=64
training.rollout_steps=32
models.architecture.block_type=simple
models.architecture.mamba_type=mamba
training.mode=rollout
models.out_dim=6    avg_loss: 0.000000632205  time_per_window : 0.001242   progress : 0.907
name: input_len=64
training.rollout_steps=32
models.architecture.block_type=simple
models.architecture.mamba_type=mamba
training.mode=rollout
models.out_dim=6    avg_loss: 0.000000736361  time_per_window : 0.001087   progress : 0.917
name: input_len=64
training.rollout_steps=32
models.architecture.block_type=simple
models.architecture.mamba_type=mamba
training.mode=rollout
models.out_dim=6    avg_loss: 0.000000803451  time_per_window : 0.001242   progress : 0.928
name: input_len=64
training.rollout_steps=32
models.architecture.block_type=simple
models.architecture.mamba_type=mamba
training.mode=rollout
models.out_dim=6    avg_loss: 0.000000595376  time_per_window : 0.001239   progress : 0.939
name: input_len=64
training.rollout_steps=32
models.architecture.block_type=simple
models.architecture.mamba_type=mamba
training.mode=rollout
models.out_dim=6    avg_loss: 0.000000726520  time_per_window : 0.001203   progress : 0.950
name: input_len=64
training.rollout_steps=32
models.architecture.block_type=simple
models.architecture.mamba_type=mamba
training.mode=rollout
models.out_dim=6    avg_loss: 0.000000670035  time_per_window : 0.001301   progress : 0.961
name: input_len=64
training.rollout_steps=32
models.architecture.block_type=simple
models.architecture.mamba_type=mamba
training.mode=rollout
models.out_dim=6    avg_loss: 0.000000577517  time_per_window : 0.001242   progress : 0.972
name: input_len=64
training.rollout_steps=32
models.architecture.block_type=simple
models.architecture.mamba_type=mamba
training.mode=rollout
models.out_dim=6    avg_loss: 0.000000751855  time_per_window : 0.001257   progress : 0.983
name: input_len=64
training.rollout_steps=32
models.architecture.block_type=simple
models.architecture.mamba_type=mamba
training.mode=rollout
models.out_dim=6    avg_loss: 0.000000913046  time_per_window : 0.001138   progress : 0.994
DONE!!!
