/home/jdihardjo/miniconda3/envs/mavenv/lib/python3.11/site-packages/hydra/_internal/defaults_list.py:251: UserWarning: In 'config': Defaults list is missing `_self_`. See https://hydra.cc/docs/1.2/upgrades/1.0_to_1.1/default_composition_order for more information
  warnings.warn(msg, UserWarning)
Using cuda device
[2026-07-25 01:08:38,970][HYDRA] Joblib.Parallel(n_jobs=4,backend=loky,prefer=processes,require=None,verbose=0,timeout=None,pre_dispatch=2*n_jobs,batch_size=auto,temp_folder=None,max_nbytes=None,mmap_mode=r) is launching 1 jobs
[2026-07-25 01:08:38,970][HYDRA] Launching jobs, sweep output dir : ablation_runs/2026-07-24_23-30-14/simple_cls_gml_1e1d_out10_in16
[2026-07-25 01:08:38,970][HYDRA] 	#0 : input_len=16 training.rollout_steps=8 models.architecture.block_type=simple_cls training.mode=gml_rollout models.out_dim=10 models.architecture.n_encoder_layers=1 models.architecture.n_decoder_layers=1
/home/jdihardjo/miniconda3/envs/mavenv/lib/python3.11/site-packages/hydra/_internal/defaults_list.py:251: UserWarning: In 'config': Defaults list is missing `_self_`. See https://hydra.cc/docs/1.2/upgrades/1.0_to_1.1/default_composition_order for more information
  warnings.warn(msg, UserWarning)
models:
  n_dim: 23
  out_dim: 10
  architecture:
    d_model: 128
    n_encoder_layers: 1
    n_decoder_layers: 1
    block_type: simple_cls
    time_adapter: last_token
    in_norm: none
    out_norm: none
    layer_scale: 0.0001
    drop_path: 0.05
    mamba_type: mamba
    mamba_kwargs:
      d_state: 16
      d_conv: 2
      expand: 2
      norm: rms
    skip: false
    cls_kwargs:
      n_heads: 2
      n_mlp: 2
      positional_encoding: false
      max_len: 5000
input_len: 16
output_len: 1
batch_size: 128
epochs: 5
seed: 0
dataset:
  path: /home/jdihardjo/simdata/train.zarr/
  training_size: 1500000
evaluation:
  path: /home/jdihardjo/simdata/evaluation.zarr/
  evaluation_size: 50
training:
  mode: gml_rollout
  lr: 0.0002
  weight_decay: 0.1
  rollout_steps: 8
checkpoint:
  save_path: hydra-test.pth
  load: false
  path: hydra-test.pth
compile: true

/home/jdihardjo/miniconda3/envs/mavenv/lib/python3.11/site-packages/torch/_inductor/cudagraph_trees.py:2622: UserWarning: Unable to hit fast path of CUDAGraphs because outputs from a previous step still require backward. Ensure backward() is invoked or detach outputs. You may also call torch.compiler.cudagraph_mark_step_begin() before each model invocation.
  warnings.warn(
name: input_len=16
training.rollout_steps=8
models.architecture.block_type=simple_cls
training.mode=gml_rollout
models.out_dim=10
models.architecture.n_encoder_layers=1
models.architecture.n_decoder_layers=1    avg_loss: 0.005237256642  time_per_window : 0.000167   progress : 0.011
name: input_len=16
training.rollout_steps=8
models.architecture.block_type=simple_cls
training.mode=gml_rollout
models.out_dim=10
models.architecture.n_encoder_layers=1
models.architecture.n_decoder_layers=1    avg_loss: 0.000023003173  time_per_window : 0.000138   progress : 0.022
name: input_len=16
training.rollout_steps=8
models.architecture.block_type=simple_cls
training.mode=gml_rollout
models.out_dim=10
models.architecture.n_encoder_layers=1
models.architecture.n_decoder_layers=1    avg_loss: 0.000010961596  time_per_window : 0.000106   progress : 0.033
name: input_len=16
training.rollout_steps=8
models.architecture.block_type=simple_cls
training.mode=gml_rollout
models.out_dim=10
models.architecture.n_encoder_layers=1
models.architecture.n_decoder_layers=1    avg_loss: 0.000006581216  time_per_window : 0.000151   progress : 0.044
name: input_len=16
training.rollout_steps=8
models.architecture.block_type=simple_cls
training.mode=gml_rollout
models.out_dim=10
models.architecture.n_encoder_layers=1
models.architecture.n_decoder_layers=1    avg_loss: 0.000004718634  time_per_window : 0.000114   progress : 0.055
name: input_len=16
training.rollout_steps=8
models.architecture.block_type=simple_cls
training.mode=gml_rollout
models.out_dim=10
models.architecture.n_encoder_layers=1
models.architecture.n_decoder_layers=1    avg_loss: 0.000003587544  time_per_window : 0.000099   progress : 0.066
name: input_len=16
training.rollout_steps=8
models.architecture.block_type=simple_cls
training.mode=gml_rollout
models.out_dim=10
models.architecture.n_encoder_layers=1
models.architecture.n_decoder_layers=1    avg_loss: 0.000002894512  time_per_window : 0.000102   progress : 0.076
name: input_len=16
training.rollout_steps=8
models.architecture.block_type=simple_cls
training.mode=gml_rollout
models.out_dim=10
models.architecture.n_encoder_layers=1
models.architecture.n_decoder_layers=1    avg_loss: 0.000002408536  time_per_window : 0.000122   progress : 0.087
name: input_len=16
training.rollout_steps=8
models.architecture.block_type=simple_cls
training.mode=gml_rollout
models.out_dim=10
models.architecture.n_encoder_layers=1
models.architecture.n_decoder_layers=1    avg_loss: 0.000002146585  time_per_window : 0.000172   progress : 0.098
name: input_len=16
training.rollout_steps=8
models.architecture.block_type=simple_cls
training.mode=gml_rollout
models.out_dim=10
models.architecture.n_encoder_layers=1
models.architecture.n_decoder_layers=1    avg_loss: 0.000001794274  time_per_window : 0.000119   progress : 0.109
name: input_len=16
training.rollout_steps=8
models.architecture.block_type=simple_cls
training.mode=gml_rollout
models.out_dim=10
models.architecture.n_encoder_layers=1
models.architecture.n_decoder_layers=1    avg_loss: 0.000001660820  time_per_window : 0.000148   progress : 0.120
name: input_len=16
training.rollout_steps=8
models.architecture.block_type=simple_cls
training.mode=gml_rollout
models.out_dim=10
models.architecture.n_encoder_layers=1
models.architecture.n_decoder_layers=1    avg_loss: 0.000001580765  time_per_window : 0.000160   progress : 0.131
name: input_len=16
training.rollout_steps=8
models.architecture.block_type=simple_cls
training.mode=gml_rollout
models.out_dim=10
models.architecture.n_encoder_layers=1
models.architecture.n_decoder_layers=1    avg_loss: 0.000001423686  time_per_window : 0.000143   progress : 0.142
name: input_len=16
training.rollout_steps=8
models.architecture.block_type=simple_cls
training.mode=gml_rollout
models.out_dim=10
models.architecture.n_encoder_layers=1
models.architecture.n_decoder_layers=1    avg_loss: 0.000001377514  time_per_window : 0.000151   progress : 0.153
name: input_len=16
training.rollout_steps=8
models.architecture.block_type=simple_cls
training.mode=gml_rollout
models.out_dim=10
models.architecture.n_encoder_layers=1
models.architecture.n_decoder_layers=1    avg_loss: 0.000001703078  time_per_window : 0.000100   progress : 0.164
name: input_len=16
training.rollout_steps=8
models.architecture.block_type=simple_cls
training.mode=gml_rollout
models.out_dim=10
models.architecture.n_encoder_layers=1
models.architecture.n_decoder_layers=1    avg_loss: 0.000002749214  time_per_window : 0.000115   progress : 0.175
name: input_len=16
training.rollout_steps=8
models.architecture.block_type=simple_cls
training.mode=gml_rollout
models.out_dim=10
models.architecture.n_encoder_layers=1
models.architecture.n_decoder_layers=1    avg_loss: 0.000002885517  time_per_window : 0.000174   progress : 0.186
name: input_len=16
training.rollout_steps=8
models.architecture.block_type=simple_cls
training.mode=gml_rollout
models.out_dim=10
models.architecture.n_encoder_layers=1
models.architecture.n_decoder_layers=1    avg_loss: 0.000003042845  time_per_window : 0.000111   progress : 0.197
name: input_len=16
training.rollout_steps=8
models.architecture.block_type=simple_cls
training.mode=gml_rollout
models.out_dim=10
models.architecture.n_encoder_layers=1
models.architecture.n_decoder_layers=1    avg_loss: 0.000004963016  time_per_window : 0.000163   progress : 0.208
name: input_len=16
training.rollout_steps=8
models.architecture.block_type=simple_cls
training.mode=gml_rollout
models.out_dim=10
models.architecture.n_encoder_layers=1
models.architecture.n_decoder_layers=1    avg_loss: 0.000004599862  time_per_window : 0.000136   progress : 0.218
name: input_len=16
training.rollout_steps=8
models.architecture.block_type=simple_cls
training.mode=gml_rollout
models.out_dim=10
models.architecture.n_encoder_layers=1
models.architecture.n_decoder_layers=1    avg_loss: 0.000004080644  time_per_window : 0.000145   progress : 0.229
name: input_len=16
training.rollout_steps=8
models.architecture.block_type=simple_cls
training.mode=gml_rollout
models.out_dim=10
models.architecture.n_encoder_layers=1
models.architecture.n_decoder_layers=1    avg_loss: 0.000004473234  time_per_window : 0.000162   progress : 0.240
name: input_len=16
training.rollout_steps=8
models.architecture.block_type=simple_cls
training.mode=gml_rollout
models.out_dim=10
models.architecture.n_encoder_layers=1
models.architecture.n_decoder_layers=1    avg_loss: 0.000006390732  time_per_window : 0.000156   progress : 0.251
name: input_len=16
training.rollout_steps=8
models.architecture.block_type=simple_cls
training.mode=gml_rollout
models.out_dim=10
models.architecture.n_encoder_layers=1
models.architecture.n_decoder_layers=1    avg_loss: 0.000006944253  time_per_window : 0.000088   progress : 0.262
name: input_len=16
training.rollout_steps=8
models.architecture.block_type=simple_cls
training.mode=gml_rollout
models.out_dim=10
models.architecture.n_encoder_layers=1
models.architecture.n_decoder_layers=1    avg_loss: 0.000005126652  time_per_window : 0.000113   progress : 0.273
name: input_len=16
training.rollout_steps=8
models.architecture.block_type=simple_cls
training.mode=gml_rollout
models.out_dim=10
models.architecture.n_encoder_layers=1
models.architecture.n_decoder_layers=1    avg_loss: 0.000006534255  time_per_window : 0.000097   progress : 0.284
name: input_len=16
training.rollout_steps=8
models.architecture.block_type=simple_cls
training.mode=gml_rollout
models.out_dim=10
models.architecture.n_encoder_layers=1
models.architecture.n_decoder_layers=1    avg_loss: 0.000008297176  time_per_window : 0.000144   progress : 0.295
name: input_len=16
training.rollout_steps=8
models.architecture.block_type=simple_cls
training.mode=gml_rollout
models.out_dim=10
models.architecture.n_encoder_layers=1
models.architecture.n_decoder_layers=1    avg_loss: 0.000006090017  time_per_window : 0.000124   progress : 0.306
name: input_len=16
training.rollout_steps=8
models.architecture.block_type=simple_cls
training.mode=gml_rollout
models.out_dim=10
models.architecture.n_encoder_layers=1
models.architecture.n_decoder_layers=1    avg_loss: 0.000007121633  time_per_window : 0.000127   progress : 0.317
name: input_len=16
training.rollout_steps=8
models.architecture.block_type=simple_cls
training.mode=gml_rollout
models.out_dim=10
models.architecture.n_encoder_layers=1
models.architecture.n_decoder_layers=1    avg_loss: 0.000007103864  time_per_window : 0.000125   progress : 0.328
name: input_len=16
training.rollout_steps=8
models.architecture.block_type=simple_cls
training.mode=gml_rollout
models.out_dim=10
models.architecture.n_encoder_layers=1
models.architecture.n_decoder_layers=1    avg_loss: 0.000007255910  time_per_window : 0.000117   progress : 0.339
name: input_len=16
training.rollout_steps=8
models.architecture.block_type=simple_cls
training.mode=gml_rollout
models.out_dim=10
models.architecture.n_encoder_layers=1
models.architecture.n_decoder_layers=1    avg_loss: 0.000007619301  time_per_window : 0.000096   progress : 0.350
name: input_len=16
training.rollout_steps=8
models.architecture.block_type=simple_cls
training.mode=gml_rollout
models.out_dim=10
models.architecture.n_encoder_layers=1
models.architecture.n_decoder_layers=1    avg_loss: 0.000006677086  time_per_window : 0.000182   progress : 0.360
name: input_len=16
training.rollout_steps=8
models.architecture.block_type=simple_cls
training.mode=gml_rollout
models.out_dim=10
models.architecture.n_encoder_layers=1
models.architecture.n_decoder_layers=1    avg_loss: 0.000007850022  time_per_window : 0.000164   progress : 0.371
name: input_len=16
training.rollout_steps=8
models.architecture.block_type=simple_cls
training.mode=gml_rollout
models.out_dim=10
models.architecture.n_encoder_layers=1
models.architecture.n_decoder_layers=1    avg_loss: 0.000007479447  time_per_window : 0.000160   progress : 0.382
name: input_len=16
training.rollout_steps=8
models.architecture.block_type=simple_cls
training.mode=gml_rollout
models.out_dim=10
models.architecture.n_encoder_layers=1
models.architecture.n_decoder_layers=1    avg_loss: 0.000006503570  time_per_window : 0.000150   progress : 0.393
name: input_len=16
training.rollout_steps=8
models.architecture.block_type=simple_cls
training.mode=gml_rollout
models.out_dim=10
models.architecture.n_encoder_layers=1
models.architecture.n_decoder_layers=1    avg_loss: 0.000008513670  time_per_window : 0.000157   progress : 0.404
name: input_len=16
training.rollout_steps=8
models.architecture.block_type=simple_cls
training.mode=gml_rollout
models.out_dim=10
models.architecture.n_encoder_layers=1
models.architecture.n_decoder_layers=1    avg_loss: 0.000005497985  time_per_window : 0.000122   progress : 0.415
name: input_len=16
training.rollout_steps=8
models.architecture.block_type=simple_cls
training.mode=gml_rollout
models.out_dim=10
models.architecture.n_encoder_layers=1
models.architecture.n_decoder_layers=1    avg_loss: 0.000006667241  time_per_window : 0.000172   progress : 0.426
name: input_len=16
training.rollout_steps=8
models.architecture.block_type=simple_cls
training.mode=gml_rollout
models.out_dim=10
models.architecture.n_encoder_layers=1
models.architecture.n_decoder_layers=1    avg_loss: 0.000007922680  time_per_window : 0.000155   progress : 0.437
name: input_len=16
training.rollout_steps=8
models.architecture.block_type=simple_cls
training.mode=gml_rollout
models.out_dim=10
models.architecture.n_encoder_layers=1
models.architecture.n_decoder_layers=1    avg_loss: 0.000005631977  time_per_window : 0.000166   progress : 0.448
name: input_len=16
training.rollout_steps=8
models.architecture.block_type=simple_cls
training.mode=gml_rollout
models.out_dim=10
models.architecture.n_encoder_layers=1
models.architecture.n_decoder_layers=1    avg_loss: 0.000007335309  time_per_window : 0.000112   progress : 0.459
name: input_len=16
training.rollout_steps=8
models.architecture.block_type=simple_cls
training.mode=gml_rollout
models.out_dim=10
models.architecture.n_encoder_layers=1
models.architecture.n_decoder_layers=1    avg_loss: 0.000006437712  time_per_window : 0.000139   progress : 0.470
name: input_len=16
training.rollout_steps=8
models.architecture.block_type=simple_cls
training.mode=gml_rollout
models.out_dim=10
models.architecture.n_encoder_layers=1
models.architecture.n_decoder_layers=1    avg_loss: 0.000006520926  time_per_window : 0.000162   progress : 0.481
name: input_len=16
training.rollout_steps=8
models.architecture.block_type=simple_cls
training.mode=gml_rollout
models.out_dim=10
models.architecture.n_encoder_layers=1
models.architecture.n_decoder_layers=1    avg_loss: 0.000007207434  time_per_window : 0.000163   progress : 0.492
name: input_len=16
training.rollout_steps=8
models.architecture.block_type=simple_cls
training.mode=gml_rollout
models.out_dim=10
models.architecture.n_encoder_layers=1
models.architecture.n_decoder_layers=1    avg_loss: 0.000006039828  time_per_window : 0.000179   progress : 0.502
name: input_len=16
training.rollout_steps=8
models.architecture.block_type=simple_cls
training.mode=gml_rollout
models.out_dim=10
models.architecture.n_encoder_layers=1
models.architecture.n_decoder_layers=1    avg_loss: 0.000006480891  time_per_window : 0.000157   progress : 0.513
name: input_len=16
training.rollout_steps=8
models.architecture.block_type=simple_cls
training.mode=gml_rollout
models.out_dim=10
models.architecture.n_encoder_layers=1
models.architecture.n_decoder_layers=1    avg_loss: 0.000005694299  time_per_window : 0.000161   progress : 0.524
name: input_len=16
training.rollout_steps=8
models.architecture.block_type=simple_cls
training.mode=gml_rollout
models.out_dim=10
models.architecture.n_encoder_layers=1
models.architecture.n_decoder_layers=1    avg_loss: 0.000006599731  time_per_window : 0.000119   progress : 0.535
name: input_len=16
training.rollout_steps=8
models.architecture.block_type=simple_cls
training.mode=gml_rollout
models.out_dim=10
models.architecture.n_encoder_layers=1
models.architecture.n_decoder_layers=1    avg_loss: 0.000005847449  time_per_window : 0.000128   progress : 0.546
name: input_len=16
training.rollout_steps=8
models.architecture.block_type=simple_cls
training.mode=gml_rollout
models.out_dim=10
models.architecture.n_encoder_layers=1
models.architecture.n_decoder_layers=1    avg_loss: 0.000006469494  time_per_window : 0.000158   progress : 0.557
name: input_len=16
training.rollout_steps=8
models.architecture.block_type=simple_cls
training.mode=gml_rollout
models.out_dim=10
models.architecture.n_encoder_layers=1
models.architecture.n_decoder_layers=1    avg_loss: 0.000005001331  time_per_window : 0.000185   progress : 0.568
name: input_len=16
training.rollout_steps=8
models.architecture.block_type=simple_cls
training.mode=gml_rollout
models.out_dim=10
models.architecture.n_encoder_layers=1
models.architecture.n_decoder_layers=1    avg_loss: 0.000006024256  time_per_window : 0.000117   progress : 0.579
name: input_len=16
training.rollout_steps=8
models.architecture.block_type=simple_cls
training.mode=gml_rollout
models.out_dim=10
models.architecture.n_encoder_layers=1
models.architecture.n_decoder_layers=1    avg_loss: 0.000004653950  time_per_window : 0.000157   progress : 0.590
name: input_len=16
training.rollout_steps=8
models.architecture.block_type=simple_cls
training.mode=gml_rollout
models.out_dim=10
models.architecture.n_encoder_layers=1
models.architecture.n_decoder_layers=1    avg_loss: 0.000005749234  time_per_window : 0.000159   progress : 0.601
name: input_len=16
training.rollout_steps=8
models.architecture.block_type=simple_cls
training.mode=gml_rollout
models.out_dim=10
models.architecture.n_encoder_layers=1
models.architecture.n_decoder_layers=1    avg_loss: 0.000005329528  time_per_window : 0.000127   progress : 0.612
name: input_len=16
training.rollout_steps=8
models.architecture.block_type=simple_cls
training.mode=gml_rollout
models.out_dim=10
models.architecture.n_encoder_layers=1
models.architecture.n_decoder_layers=1    avg_loss: 0.000004663939  time_per_window : 0.000131   progress : 0.623
name: input_len=16
training.rollout_steps=8
models.architecture.block_type=simple_cls
training.mode=gml_rollout
models.out_dim=10
models.architecture.n_encoder_layers=1
models.architecture.n_decoder_layers=1    avg_loss: 0.000004700341  time_per_window : 0.000135   progress : 0.634
name: input_len=16
training.rollout_steps=8
models.architecture.block_type=simple_cls
training.mode=gml_rollout
models.out_dim=10
models.architecture.n_encoder_layers=1
models.architecture.n_decoder_layers=1    avg_loss: 0.000005586175  time_per_window : 0.000192   progress : 0.644
name: input_len=16
training.rollout_steps=8
models.architecture.block_type=simple_cls
training.mode=gml_rollout
models.out_dim=10
models.architecture.n_encoder_layers=1
models.architecture.n_decoder_layers=1    avg_loss: 0.000004677809  time_per_window : 0.000127   progress : 0.655
name: input_len=16
training.rollout_steps=8
models.architecture.block_type=simple_cls
training.mode=gml_rollout
models.out_dim=10
models.architecture.n_encoder_layers=1
models.architecture.n_decoder_layers=1    avg_loss: 0.000005960878  time_per_window : 0.000131   progress : 0.666
name: input_len=16
training.rollout_steps=8
models.architecture.block_type=simple_cls
training.mode=gml_rollout
models.out_dim=10
models.architecture.n_encoder_layers=1
models.architecture.n_decoder_layers=1    avg_loss: 0.000003835387  time_per_window : 0.000125   progress : 0.677
name: input_len=16
training.rollout_steps=8
models.architecture.block_type=simple_cls
training.mode=gml_rollout
models.out_dim=10
models.architecture.n_encoder_layers=1
models.architecture.n_decoder_layers=1    avg_loss: 0.000004218431  time_per_window : 0.000171   progress : 0.688
name: input_len=16
training.rollout_steps=8
models.architecture.block_type=simple_cls
training.mode=gml_rollout
models.out_dim=10
models.architecture.n_encoder_layers=1
models.architecture.n_decoder_layers=1    avg_loss: 0.000005274054  time_per_window : 0.000167   progress : 0.699
name: input_len=16
training.rollout_steps=8
models.architecture.block_type=simple_cls
training.mode=gml_rollout
models.out_dim=10
models.architecture.n_encoder_layers=1
models.architecture.n_decoder_layers=1    avg_loss: 0.000004316642  time_per_window : 0.000179   progress : 0.710
name: input_len=16
training.rollout_steps=8
models.architecture.block_type=simple_cls
training.mode=gml_rollout
models.out_dim=10
models.architecture.n_encoder_layers=1
models.architecture.n_decoder_layers=1    avg_loss: 0.000004200323  time_per_window : 0.000202   progress : 0.721
name: input_len=16
training.rollout_steps=8
models.architecture.block_type=simple_cls
training.mode=gml_rollout
models.out_dim=10
models.architecture.n_encoder_layers=1
models.architecture.n_decoder_layers=1    avg_loss: 0.000003681055  time_per_window : 0.000158   progress : 0.732
name: input_len=16
training.rollout_steps=8
models.architecture.block_type=simple_cls
training.mode=gml_rollout
models.out_dim=10
models.architecture.n_encoder_layers=1
models.architecture.n_decoder_layers=1    avg_loss: 0.000004926057  time_per_window : 0.000135   progress : 0.743
name: input_len=16
training.rollout_steps=8
models.architecture.block_type=simple_cls
training.mode=gml_rollout
models.out_dim=10
models.architecture.n_encoder_layers=1
models.architecture.n_decoder_layers=1    avg_loss: 0.000003823160  time_per_window : 0.000135   progress : 0.754
name: input_len=16
training.rollout_steps=8
models.architecture.block_type=simple_cls
training.mode=gml_rollout
models.out_dim=10
models.architecture.n_encoder_layers=1
models.architecture.n_decoder_layers=1    avg_loss: 0.000004056424  time_per_window : 0.000178   progress : 0.765
name: input_len=16
training.rollout_steps=8
models.architecture.block_type=simple_cls
training.mode=gml_rollout
models.out_dim=10
models.architecture.n_encoder_layers=1
models.architecture.n_decoder_layers=1    avg_loss: 0.000003516210  time_per_window : 0.000172   progress : 0.775
name: input_len=16
training.rollout_steps=8
models.architecture.block_type=simple_cls
training.mode=gml_rollout
models.out_dim=10
models.architecture.n_encoder_layers=1
models.architecture.n_decoder_layers=1    avg_loss: 0.000003796518  time_per_window : 0.000114   progress : 0.786
name: input_len=16
training.rollout_steps=8
models.architecture.block_type=simple_cls
training.mode=gml_rollout
models.out_dim=10
models.architecture.n_encoder_layers=1
models.architecture.n_decoder_layers=1    avg_loss: 0.000003954731  time_per_window : 0.000096   progress : 0.797
name: input_len=16
training.rollout_steps=8
models.architecture.block_type=simple_cls
training.mode=gml_rollout
models.out_dim=10
models.architecture.n_encoder_layers=1
models.architecture.n_decoder_layers=1    avg_loss: 0.000003717015  time_per_window : 0.000132   progress : 0.808
name: input_len=16
training.rollout_steps=8
models.architecture.block_type=simple_cls
training.mode=gml_rollout
models.out_dim=10
models.architecture.n_encoder_layers=1
models.architecture.n_decoder_layers=1    avg_loss: 0.000003770284  time_per_window : 0.000159   progress : 0.819
name: input_len=16
training.rollout_steps=8
models.architecture.block_type=simple_cls
training.mode=gml_rollout
models.out_dim=10
models.architecture.n_encoder_layers=1
models.architecture.n_decoder_layers=1    avg_loss: 0.000003741604  time_per_window : 0.000174   progress : 0.830
name: input_len=16
training.rollout_steps=8
models.architecture.block_type=simple_cls
training.mode=gml_rollout
models.out_dim=10
models.architecture.n_encoder_layers=1
models.architecture.n_decoder_layers=1    avg_loss: 0.000003301727  time_per_window : 0.000178   progress : 0.841
name: input_len=16
training.rollout_steps=8
models.architecture.block_type=simple_cls
training.mode=gml_rollout
models.out_dim=10
models.architecture.n_encoder_layers=1
models.architecture.n_decoder_layers=1    avg_loss: 0.000003125308  time_per_window : 0.000135   progress : 0.852
name: input_len=16
training.rollout_steps=8
models.architecture.block_type=simple_cls
training.mode=gml_rollout
models.out_dim=10
models.architecture.n_encoder_layers=1
models.architecture.n_decoder_layers=1    avg_loss: 0.000003530022  time_per_window : 0.000181   progress : 0.863
name: input_len=16
training.rollout_steps=8
models.architecture.block_type=simple_cls
training.mode=gml_rollout
models.out_dim=10
models.architecture.n_encoder_layers=1
models.architecture.n_decoder_layers=1    avg_loss: 0.000003087401  time_per_window : 0.000122   progress : 0.874
name: input_len=16
training.rollout_steps=8
models.architecture.block_type=simple_cls
training.mode=gml_rollout
models.out_dim=10
models.architecture.n_encoder_layers=1
models.architecture.n_decoder_layers=1    avg_loss: 0.000003123263  time_per_window : 0.000112   progress : 0.885
name: input_len=16
training.rollout_steps=8
models.architecture.block_type=simple_cls
training.mode=gml_rollout
models.out_dim=10
models.architecture.n_encoder_layers=1
models.architecture.n_decoder_layers=1    avg_loss: 0.000003475247  time_per_window : 0.000091   progress : 0.896
name: input_len=16
training.rollout_steps=8
models.architecture.block_type=simple_cls
training.mode=gml_rollout
models.out_dim=10
models.architecture.n_encoder_layers=1
models.architecture.n_decoder_layers=1    avg_loss: 0.000002839231  time_per_window : 0.000158   progress : 0.907
name: input_len=16
training.rollout_steps=8
models.architecture.block_type=simple_cls
training.mode=gml_rollout
models.out_dim=10
models.architecture.n_encoder_layers=1
models.architecture.n_decoder_layers=1    avg_loss: 0.000003487401  time_per_window : 0.000110   progress : 0.917
name: input_len=16
training.rollout_steps=8
models.architecture.block_type=simple_cls
training.mode=gml_rollout
models.out_dim=10
models.architecture.n_encoder_layers=1
models.architecture.n_decoder_layers=1    avg_loss: 0.000003013606  time_per_window : 0.000160   progress : 0.928
name: input_len=16
training.rollout_steps=8
models.architecture.block_type=simple_cls
training.mode=gml_rollout
models.out_dim=10
models.architecture.n_encoder_layers=1
models.architecture.n_decoder_layers=1    avg_loss: 0.000002959707  time_per_window : 0.000153   progress : 0.939
name: input_len=16
training.rollout_steps=8
models.architecture.block_type=simple_cls
training.mode=gml_rollout
models.out_dim=10
models.architecture.n_encoder_layers=1
models.architecture.n_decoder_layers=1    avg_loss: 0.000003229763  time_per_window : 0.000164   progress : 0.950/home/jdihardjo/miniconda3/envs/mavenv/lib/python3.11/site-packages/torch/_inductor/cudagraph_trees.py:2622: UserWarning: Unable to hit fast path of CUDAGraphs because outputs from a previous step still require backward. Ensure backward() is invoked or detach outputs. You may also call torch.compiler.cudagraph_mark_step_begin() before each model invocation.
  warnings.warn(
/home/jdihardjo/miniconda3/envs/mavenv/lib/python3.11/site-packages/torch/_inductor/cudagraph_trees.py:2622: UserWarning: Unable to hit fast path of CUDAGraphs because outputs from a previous step still require backward. Ensure backward() is invoked or detach outputs. You may also call torch.compiler.cudagraph_mark_step_begin() before each model invocation.
  warnings.warn(

name: input_len=16
training.rollout_steps=8
models.architecture.block_type=simple_cls
training.mode=gml_rollout
models.out_dim=10
models.architecture.n_encoder_layers=1
models.architecture.n_decoder_layers=1    avg_loss: 0.000002672566  time_per_window : 0.000192   progress : 0.961
name: input_len=16
training.rollout_steps=8
models.architecture.block_type=simple_cls
training.mode=gml_rollout
models.out_dim=10
models.architecture.n_encoder_layers=1
models.architecture.n_decoder_layers=1    avg_loss: 0.000002526775  time_per_window : 0.000135   progress : 0.972
name: input_len=16
training.rollout_steps=8
models.architecture.block_type=simple_cls
training.mode=gml_rollout
models.out_dim=10
models.architecture.n_encoder_layers=1
models.architecture.n_decoder_layers=1    avg_loss: 0.000002857331  time_per_window : 0.000159   progress : 0.983
name: input_len=16
training.rollout_steps=8
models.architecture.block_type=simple_cls
training.mode=gml_rollout
models.out_dim=10
models.architecture.n_encoder_layers=1
models.architecture.n_decoder_layers=1    avg_loss: 0.000002483019  time_per_window : 0.000096   progress : 0.994
name: input_len=16
training.rollout_steps=8
models.architecture.block_type=simple_cls
training.mode=gml_rollout
models.out_dim=10
models.architecture.n_encoder_layers=1
models.architecture.n_decoder_layers=1    avg_loss: 0.000011814539  time_per_window : 0.000151   progress : 0.011
name: input_len=16
training.rollout_steps=8
models.architecture.block_type=simple_cls
training.mode=gml_rollout
models.out_dim=10
models.architecture.n_encoder_layers=1
models.architecture.n_decoder_layers=1    avg_loss: 0.000001139350  time_per_window : 0.000130   progress : 0.022
name: input_len=16
training.rollout_steps=8
models.architecture.block_type=simple_cls
training.mode=gml_rollout
models.out_dim=10
models.architecture.n_encoder_layers=1
models.architecture.n_decoder_layers=1    avg_loss: 0.000002366000  time_per_window : 0.000133   progress : 0.033
name: input_len=16
training.rollout_steps=8
models.architecture.block_type=simple_cls
training.mode=gml_rollout
models.out_dim=10
models.architecture.n_encoder_layers=1
models.architecture.n_decoder_layers=1    avg_loss: 0.000001997638  time_per_window : 0.000146   progress : 0.044
name: input_len=16
training.rollout_steps=8
models.architecture.block_type=simple_cls
training.mode=gml_rollout
models.out_dim=10
models.architecture.n_encoder_layers=1
models.architecture.n_decoder_layers=1    avg_loss: 0.000002445366  time_per_window : 0.000148   progress : 0.055
name: input_len=16
training.rollout_steps=8
models.architecture.block_type=simple_cls
training.mode=gml_rollout
models.out_dim=10
models.architecture.n_encoder_layers=1
models.architecture.n_decoder_layers=1    avg_loss: 0.000002053726  time_per_window : 0.000148   progress : 0.066
name: input_len=16
training.rollout_steps=8
models.architecture.block_type=simple_cls
training.mode=gml_rollout
models.out_dim=10
models.architecture.n_encoder_layers=1
models.architecture.n_decoder_layers=1    avg_loss: 0.000002738003  time_per_window : 0.000174   progress : 0.076
name: input_len=16
training.rollout_steps=8
models.architecture.block_type=simple_cls
training.mode=gml_rollout
models.out_dim=10
models.architecture.n_encoder_layers=1
models.architecture.n_decoder_layers=1    avg_loss: 0.000002502477  time_per_window : 0.000105   progress : 0.087
name: input_len=16
training.rollout_steps=8
models.architecture.block_type=simple_cls
training.mode=gml_rollout
models.out_dim=10
models.architecture.n_encoder_layers=1
models.architecture.n_decoder_layers=1    avg_loss: 0.000002328328  time_per_window : 0.000125   progress : 0.098
name: input_len=16
training.rollout_steps=8
models.architecture.block_type=simple_cls
training.mode=gml_rollout
models.out_dim=10
models.architecture.n_encoder_layers=1
models.architecture.n_decoder_layers=1    avg_loss: 0.000002098394  time_per_window : 0.000105   progress : 0.109
name: input_len=16
training.rollout_steps=8
models.architecture.block_type=simple_cls
training.mode=gml_rollout
models.out_dim=10
models.architecture.n_encoder_layers=1
models.architecture.n_decoder_layers=1    avg_loss: 0.000002163615  time_per_window : 0.000087   progress : 0.120
name: input_len=16
training.rollout_steps=8
models.architecture.block_type=simple_cls
training.mode=gml_rollout
models.out_dim=10
models.architecture.n_encoder_layers=1
models.architecture.n_decoder_layers=1    avg_loss: 0.000002246443  time_per_window : 0.000163   progress : 0.131
name: input_len=16
training.rollout_steps=8
models.architecture.block_type=simple_cls
training.mode=gml_rollout
models.out_dim=10
models.architecture.n_encoder_layers=1
models.architecture.n_decoder_layers=1    avg_loss: 0.000002397556  time_per_window : 0.000130   progress : 0.142
name: input_len=16
training.rollout_steps=8
models.architecture.block_type=simple_cls
training.mode=gml_rollout
models.out_dim=10
models.architecture.n_encoder_layers=1
models.architecture.n_decoder_layers=1    avg_loss: 0.000002100372  time_per_window : 0.000120   progress : 0.153
name: input_len=16
training.rollout_steps=8
models.architecture.block_type=simple_cls
training.mode=gml_rollout
models.out_dim=10
models.architecture.n_encoder_layers=1
models.architecture.n_decoder_layers=1    avg_loss: 0.000002112140  time_per_window : 0.000147   progress : 0.164
name: input_len=16
training.rollout_steps=8
models.architecture.block_type=simple_cls
training.mode=gml_rollout
models.out_dim=10
models.architecture.n_encoder_layers=1
models.architecture.n_decoder_layers=1    avg_loss: 0.000002255234  time_per_window : 0.000121   progress : 0.175
name: input_len=16
training.rollout_steps=8
models.architecture.block_type=simple_cls
training.mode=gml_rollout
models.out_dim=10
models.architecture.n_encoder_layers=1
models.architecture.n_decoder_layers=1    avg_loss: 0.000001911342  time_per_window : 0.000155   progress : 0.186
name: input_len=16
training.rollout_steps=8
models.architecture.block_type=simple_cls
training.mode=gml_rollout
models.out_dim=10
models.architecture.n_encoder_layers=1
models.architecture.n_decoder_layers=1    avg_loss: 0.000002173361  time_per_window : 0.000192   progress : 0.197
name: input_len=16
training.rollout_steps=8
models.architecture.block_type=simple_cls
training.mode=gml_rollout
models.out_dim=10
models.architecture.n_encoder_layers=1
models.architecture.n_decoder_layers=1    avg_loss: 0.000002343285  time_per_window : 0.000171   progress : 0.208
name: input_len=16
training.rollout_steps=8
models.architecture.block_type=simple_cls
training.mode=gml_rollout
models.out_dim=10
models.architecture.n_encoder_layers=1
models.architecture.n_decoder_layers=1    avg_loss: 0.000001907562  time_per_window : 0.000188   progress : 0.218
name: input_len=16
training.rollout_steps=8
models.architecture.block_type=simple_cls
training.mode=gml_rollout
models.out_dim=10
models.architecture.n_encoder_layers=1
models.architecture.n_decoder_layers=1    avg_loss: 0.000001846534  time_per_window : 0.000131   progress : 0.229
name: input_len=16
training.rollout_steps=8
models.architecture.block_type=simple_cls
training.mode=gml_rollout
models.out_dim=10
models.architecture.n_encoder_layers=1
models.architecture.n_decoder_layers=1    avg_loss: 0.000001803925  time_per_window : 0.000131   progress : 0.240
name: input_len=16
training.rollout_steps=8
models.architecture.block_type=simple_cls
training.mode=gml_rollout
models.out_dim=10
models.architecture.n_encoder_layers=1
models.architecture.n_decoder_layers=1    avg_loss: 0.000002285368  time_per_window : 0.000135   progress : 0.251
name: input_len=16
training.rollout_steps=8
models.architecture.block_type=simple_cls
training.mode=gml_rollout
models.out_dim=10
models.architecture.n_encoder_layers=1
models.architecture.n_decoder_layers=1    avg_loss: 0.000001694311  time_per_window : 0.000140   progress : 0.262
name: input_len=16
training.rollout_steps=8
models.architecture.block_type=simple_cls
training.mode=gml_rollout
models.out_dim=10
models.architecture.n_encoder_layers=1
models.architecture.n_decoder_layers=1    avg_loss: 0.000001886153  time_per_window : 0.000140   progress : 0.273
name: input_len=16
training.rollout_steps=8
models.architecture.block_type=simple_cls
training.mode=gml_rollout
models.out_dim=10
models.architecture.n_encoder_layers=1
models.architecture.n_decoder_layers=1    avg_loss: 0.000001747730  time_per_window : 0.000153   progress : 0.284
name: input_len=16
training.rollout_steps=8
models.architecture.block_type=simple_cls
training.mode=gml_rollout
models.out_dim=10
models.architecture.n_encoder_layers=1
models.architecture.n_decoder_layers=1    avg_loss: 0.000001645745  time_per_window : 0.000133   progress : 0.295
name: input_len=16
training.rollout_steps=8
models.architecture.block_type=simple_cls
training.mode=gml_rollout
models.out_dim=10
models.architecture.n_encoder_layers=1
models.architecture.n_decoder_layers=1    avg_loss: 0.000001865504  time_per_window : 0.000132   progress : 0.306
name: input_len=16
training.rollout_steps=8
models.architecture.block_type=simple_cls
training.mode=gml_rollout
models.out_dim=10
models.architecture.n_encoder_layers=1
models.architecture.n_decoder_layers=1    avg_loss: 0.000001567719  time_per_window : 0.000146   progress : 0.317
name: input_len=16
training.rollout_steps=8
models.architecture.block_type=simple_cls
training.mode=gml_rollout
models.out_dim=10
models.architecture.n_encoder_layers=1
models.architecture.n_decoder_layers=1    avg_loss: 0.000001726424  time_per_window : 0.000164   progress : 0.328
name: input_len=16
training.rollout_steps=8
models.architecture.block_type=simple_cls
training.mode=gml_rollout
models.out_dim=10
models.architecture.n_encoder_layers=1
models.architecture.n_decoder_layers=1    avg_loss: 0.000001670275  time_per_window : 0.000209   progress : 0.339
name: input_len=16
training.rollout_steps=8
models.architecture.block_type=simple_cls
training.mode=gml_rollout
models.out_dim=10
models.architecture.n_encoder_layers=1
models.architecture.n_decoder_layers=1    avg_loss: 0.000002018146  time_per_window : 0.000163   progress : 0.350
name: input_len=16
training.rollout_steps=8
models.architecture.block_type=simple_cls
training.mode=gml_rollout
models.out_dim=10
models.architecture.n_encoder_layers=1
models.architecture.n_decoder_layers=1    avg_loss: 0.000001421041  time_per_window : 0.000137   progress : 0.360
name: input_len=16
training.rollout_steps=8
models.architecture.block_type=simple_cls
training.mode=gml_rollout
models.out_dim=10
models.architecture.n_encoder_layers=1
models.architecture.n_decoder_layers=1    avg_loss: 0.000001581555  time_per_window : 0.000127   progress : 0.371
name: input_len=16
training.rollout_steps=8
models.architecture.block_type=simple_cls
training.mode=gml_rollout
models.out_dim=10
models.architecture.n_encoder_layers=1
models.architecture.n_decoder_layers=1    avg_loss: 0.000001586058  time_per_window : 0.000163   progress : 0.382
name: input_len=16
training.rollout_steps=8
models.architecture.block_type=simple_cls
training.mode=gml_rollout
models.out_dim=10
models.architecture.n_encoder_layers=1
models.architecture.n_decoder_layers=1    avg_loss: 0.000001636663  time_per_window : 0.000163   progress : 0.393
name: input_len=16
training.rollout_steps=8
models.architecture.block_type=simple_cls
training.mode=gml_rollout
models.out_dim=10
models.architecture.n_encoder_layers=1
models.architecture.n_decoder_layers=1    avg_loss: 0.000001631132  time_per_window : 0.000187   progress : 0.404
name: input_len=16
training.rollout_steps=8
models.architecture.block_type=simple_cls
training.mode=gml_rollout
models.out_dim=10
models.architecture.n_encoder_layers=1
models.architecture.n_decoder_layers=1    avg_loss: 0.000001340964  time_per_window : 0.000146   progress : 0.415
name: input_len=16
training.rollout_steps=8
models.architecture.block_type=simple_cls
training.mode=gml_rollout
models.out_dim=10
models.architecture.n_encoder_layers=1
models.architecture.n_decoder_layers=1    avg_loss: 0.000001578564  time_per_window : 0.000126   progress : 0.426
name: input_len=16
training.rollout_steps=8
models.architecture.block_type=simple_cls
training.mode=gml_rollout
models.out_dim=10
models.architecture.n_encoder_layers=1
models.architecture.n_decoder_layers=1    avg_loss: 0.000001234088  time_per_window : 0.000168   progress : 0.437
name: input_len=16
training.rollout_steps=8
models.architecture.block_type=simple_cls
training.mode=gml_rollout
models.out_dim=10
models.architecture.n_encoder_layers=1
models.architecture.n_decoder_layers=1    avg_loss: 0.000001340318  time_per_window : 0.000164   progress : 0.448
name: input_len=16
training.rollout_steps=8
models.architecture.block_type=simple_cls
training.mode=gml_rollout
models.out_dim=10
models.architecture.n_encoder_layers=1
models.architecture.n_decoder_layers=1    avg_loss: 0.000001730682  time_per_window : 0.000142   progress : 0.459
name: input_len=16
training.rollout_steps=8
models.architecture.block_type=simple_cls
training.mode=gml_rollout
models.out_dim=10
models.architecture.n_encoder_layers=1
models.architecture.n_decoder_layers=1    avg_loss: 0.000001365034  time_per_window : 0.000171   progress : 0.470
name: input_len=16
training.rollout_steps=8
models.architecture.block_type=simple_cls
training.mode=gml_rollout
models.out_dim=10
models.architecture.n_encoder_layers=1
models.architecture.n_decoder_layers=1    avg_loss: 0.000001296423  time_per_window : 0.000114   progress : 0.481
name: input_len=16
training.rollout_steps=8
models.architecture.block_type=simple_cls
training.mode=gml_rollout
models.out_dim=10
models.architecture.n_encoder_layers=1
models.architecture.n_decoder_layers=1    avg_loss: 0.000001264389  time_per_window : 0.000176   progress : 0.492
name: input_len=16
training.rollout_steps=8
models.architecture.block_type=simple_cls
training.mode=gml_rollout
models.out_dim=10
models.architecture.n_encoder_layers=1
models.architecture.n_decoder_layers=1    avg_loss: 0.000001466811  time_per_window : 0.000152   progress : 0.502
name: input_len=16
training.rollout_steps=8
models.architecture.block_type=simple_cls
training.mode=gml_rollout
models.out_dim=10
models.architecture.n_encoder_layers=1
models.architecture.n_decoder_layers=1    avg_loss: 0.000001498305  time_per_window : 0.000162   progress : 0.513
name: input_len=16
training.rollout_steps=8
models.architecture.block_type=simple_cls
training.mode=gml_rollout
models.out_dim=10
models.architecture.n_encoder_layers=1
models.architecture.n_decoder_layers=1    avg_loss: 0.000001053362  time_per_window : 0.000142   progress : 0.524
name: input_len=16
training.rollout_steps=8
models.architecture.block_type=simple_cls
training.mode=gml_rollout
models.out_dim=10
models.architecture.n_encoder_layers=1
models.architecture.n_decoder_layers=1    avg_loss: 0.000001357176  time_per_window : 0.000144   progress : 0.535
name: input_len=16
training.rollout_steps=8
models.architecture.block_type=simple_cls
training.mode=gml_rollout
models.out_dim=10
models.architecture.n_encoder_layers=1
models.architecture.n_decoder_layers=1    avg_loss: 0.000001117735  time_per_window : 0.000121   progress : 0.546
name: input_len=16
training.rollout_steps=8
models.architecture.block_type=simple_cls
training.mode=gml_rollout
models.out_dim=10
models.architecture.n_encoder_layers=1
models.architecture.n_decoder_layers=1    avg_loss: 0.000001256902  time_per_window : 0.000156   progress : 0.557
name: input_len=16
training.rollout_steps=8
models.architecture.block_type=simple_cls
training.mode=gml_rollout
models.out_dim=10
models.architecture.n_encoder_layers=1
models.architecture.n_decoder_layers=1    avg_loss: 0.000001266150  time_per_window : 0.000140   progress : 0.568
name: input_len=16
training.rollout_steps=8
models.architecture.block_type=simple_cls
training.mode=gml_rollout
models.out_dim=10
models.architecture.n_encoder_layers=1
models.architecture.n_decoder_layers=1    avg_loss: 0.000001400103  time_per_window : 0.000140   progress : 0.579
name: input_len=16
training.rollout_steps=8
models.architecture.block_type=simple_cls
training.mode=gml_rollout
models.out_dim=10
models.architecture.n_encoder_layers=1
models.architecture.n_decoder_layers=1    avg_loss: 0.000001052492  time_per_window : 0.000148   progress : 0.590
name: input_len=16
training.rollout_steps=8
models.architecture.block_type=simple_cls
training.mode=gml_rollout
models.out_dim=10
models.architecture.n_encoder_layers=1
models.architecture.n_decoder_layers=1    avg_loss: 0.000001233792  time_per_window : 0.000134   progress : 0.601
name: input_len=16
training.rollout_steps=8
models.architecture.block_type=simple_cls
training.mode=gml_rollout
models.out_dim=10
models.architecture.n_encoder_layers=1
models.architecture.n_decoder_layers=1    avg_loss: 0.000001027718  time_per_window : 0.000162   progress : 0.612
name: input_len=16
training.rollout_steps=8
models.architecture.block_type=simple_cls
training.mode=gml_rollout
models.out_dim=10
models.architecture.n_encoder_layers=1
models.architecture.n_decoder_layers=1    avg_loss: 0.000001121460  time_per_window : 0.000108   progress : 0.623
name: input_len=16
training.rollout_steps=8
models.architecture.block_type=simple_cls
training.mode=gml_rollout
models.out_dim=10
models.architecture.n_encoder_layers=1
models.architecture.n_decoder_layers=1    avg_loss: 0.000001340809  time_per_window : 0.000166   progress : 0.634
name: input_len=16
training.rollout_steps=8
models.architecture.block_type=simple_cls
training.mode=gml_rollout
models.out_dim=10
models.architecture.n_encoder_layers=1
models.architecture.n_decoder_layers=1    avg_loss: 0.000000883566  time_per_window : 0.000179   progress : 0.644
name: input_len=16
training.rollout_steps=8
models.architecture.block_type=simple_cls
training.mode=gml_rollout
models.out_dim=10
models.architecture.n_encoder_layers=1
models.architecture.n_decoder_layers=1    avg_loss: 0.000001290788  time_per_window : 0.000130   progress : 0.655
name: input_len=16
training.rollout_steps=8
models.architecture.block_type=simple_cls
training.mode=gml_rollout
models.out_dim=10
models.architecture.n_encoder_layers=1
models.architecture.n_decoder_layers=1    avg_loss: 0.000000846498  time_per_window : 0.000169   progress : 0.666
name: input_len=16
training.rollout_steps=8
models.architecture.block_type=simple_cls
training.mode=gml_rollout
models.out_dim=10
models.architecture.n_encoder_layers=1
models.architecture.n_decoder_layers=1    avg_loss: 0.000001178947  time_per_window : 0.000169   progress : 0.677
name: input_len=16
training.rollout_steps=8
models.architecture.block_type=simple_cls
training.mode=gml_rollout
models.out_dim=10
models.architecture.n_encoder_layers=1
models.architecture.n_decoder_layers=1    avg_loss: 0.000001202053  time_per_window : 0.000177   progress : 0.688
name: input_len=16
training.rollout_steps=8
models.architecture.block_type=simple_cls
training.mode=gml_rollout
models.out_dim=10
models.architecture.n_encoder_layers=1
models.architecture.n_decoder_layers=1    avg_loss: 0.000000922234  time_per_window : 0.000167   progress : 0.699
name: input_len=16
training.rollout_steps=8
models.architecture.block_type=simple_cls
training.mode=gml_rollout
models.out_dim=10
models.architecture.n_encoder_layers=1
models.architecture.n_decoder_layers=1    avg_loss: 0.000001020118  time_per_window : 0.000203   progress : 0.710
name: input_len=16
training.rollout_steps=8
models.architecture.block_type=simple_cls
training.mode=gml_rollout
models.out_dim=10
models.architecture.n_encoder_layers=1
models.architecture.n_decoder_layers=1    avg_loss: 0.000000966330  time_per_window : 0.000192   progress : 0.721
name: input_len=16
training.rollout_steps=8
models.architecture.block_type=simple_cls
training.mode=gml_rollout
models.out_dim=10
models.architecture.n_encoder_layers=1
models.architecture.n_decoder_layers=1    avg_loss: 0.000001036484  time_per_window : 0.000122   progress : 0.732
name: input_len=16
training.rollout_steps=8
models.architecture.block_type=simple_cls
training.mode=gml_rollout
models.out_dim=10
models.architecture.n_encoder_layers=1
models.architecture.n_decoder_layers=1    avg_loss: 0.000000959034  time_per_window : 0.000149   progress : 0.743
name: input_len=16
training.rollout_steps=8
models.architecture.block_type=simple_cls
training.mode=gml_rollout
models.out_dim=10
models.architecture.n_encoder_layers=1
models.architecture.n_decoder_layers=1    avg_loss: 0.000000949197  time_per_window : 0.000181   progress : 0.754
name: input_len=16
training.rollout_steps=8
models.architecture.block_type=simple_cls
training.mode=gml_rollout
models.out_dim=10
models.architecture.n_encoder_layers=1
models.architecture.n_decoder_layers=1    avg_loss: 0.000000882446  time_per_window : 0.000180   progress : 0.765
name: input_len=16
training.rollout_steps=8
models.architecture.block_type=simple_cls
training.mode=gml_rollout
models.out_dim=10
models.architecture.n_encoder_layers=1
models.architecture.n_decoder_layers=1    avg_loss: 0.000000933336  time_per_window : 0.000116   progress : 0.775
name: input_len=16
training.rollout_steps=8
models.architecture.block_type=simple_cls
training.mode=gml_rollout
models.out_dim=10
models.architecture.n_encoder_layers=1
models.architecture.n_decoder_layers=1    avg_loss: 0.000000854324  time_per_window : 0.000113   progress : 0.786
name: input_len=16
training.rollout_steps=8
models.architecture.block_type=simple_cls
training.mode=gml_rollout
models.out_dim=10
models.architecture.n_encoder_layers=1
models.architecture.n_decoder_layers=1    avg_loss: 0.000001046569  time_per_window : 0.000163   progress : 0.797
name: input_len=16
training.rollout_steps=8
models.architecture.block_type=simple_cls
training.mode=gml_rollout
models.out_dim=10
models.architecture.n_encoder_layers=1
models.architecture.n_decoder_layers=1    avg_loss: 0.000000914185  time_per_window : 0.000130   progress : 0.808
name: input_len=16
training.rollout_steps=8
models.architecture.block_type=simple_cls
training.mode=gml_rollout
models.out_dim=10
models.architecture.n_encoder_layers=1
models.architecture.n_decoder_layers=1    avg_loss: 0.000000865720  time_per_window : 0.000139   progress : 0.819
name: input_len=16
training.rollout_steps=8
models.architecture.block_type=simple_cls
training.mode=gml_rollout
models.out_dim=10
models.architecture.n_encoder_layers=1
models.architecture.n_decoder_layers=1    avg_loss: 0.000000897233  time_per_window : 0.000169   progress : 0.830
name: input_len=16
training.rollout_steps=8
models.architecture.block_type=simple_cls
training.mode=gml_rollout
models.out_dim=10
models.architecture.n_encoder_layers=1
models.architecture.n_decoder_layers=1    avg_loss: 0.000000825290  time_per_window : 0.000148   progress : 0.841
name: input_len=16
training.rollout_steps=8
models.architecture.block_type=simple_cls
training.mode=gml_rollout
models.out_dim=10
models.architecture.n_encoder_layers=1
models.architecture.n_decoder_layers=1    avg_loss: 0.000000927067  time_per_window : 0.000128   progress : 0.852
name: input_len=16
training.rollout_steps=8
models.architecture.block_type=simple_cls
training.mode=gml_rollout
models.out_dim=10
models.architecture.n_encoder_layers=1
models.architecture.n_decoder_layers=1    avg_loss: 0.000000944216  time_per_window : 0.000173   progress : 0.863
name: input_len=16
training.rollout_steps=8
models.architecture.block_type=simple_cls
training.mode=gml_rollout
models.out_dim=10
models.architecture.n_encoder_layers=1
models.architecture.n_decoder_layers=1    avg_loss: 0.000000766351  time_per_window : 0.000155   progress : 0.874
name: input_len=16
training.rollout_steps=8
models.architecture.block_type=simple_cls
training.mode=gml_rollout
models.out_dim=10
models.architecture.n_encoder_layers=1
models.architecture.n_decoder_layers=1    avg_loss: 0.000000692751  time_per_window : 0.000165   progress : 0.885
name: input_len=16
training.rollout_steps=8
models.architecture.block_type=simple_cls
training.mode=gml_rollout
models.out_dim=10
models.architecture.n_encoder_layers=1
models.architecture.n_decoder_layers=1    avg_loss: 0.000000823946  time_per_window : 0.000132   progress : 0.896
name: input_len=16
training.rollout_steps=8
models.architecture.block_type=simple_cls
training.mode=gml_rollout
models.out_dim=10
models.architecture.n_encoder_layers=1
models.architecture.n_decoder_layers=1    avg_loss: 0.000000937219  time_per_window : 0.000105   progress : 0.907
name: input_len=16
training.rollout_steps=8
models.architecture.block_type=simple_cls
training.mode=gml_rollout
models.out_dim=10
models.architecture.n_encoder_layers=1
models.architecture.n_decoder_layers=1    avg_loss: 0.000000698839  time_per_window : 0.000105   progress : 0.917
name: input_len=16
training.rollout_steps=8
models.architecture.block_type=simple_cls
training.mode=gml_rollout
models.out_dim=10
models.architecture.n_encoder_layers=1
models.architecture.n_decoder_layers=1    avg_loss: 0.000000766618  time_per_window : 0.000111   progress : 0.928
name: input_len=16
training.rollout_steps=8
models.architecture.block_type=simple_cls
training.mode=gml_rollout
models.out_dim=10
models.architecture.n_encoder_layers=1
models.architecture.n_decoder_layers=1    avg_loss: 0.000000755714  time_per_window : 0.000103   progress : 0.939
name: input_len=16
training.rollout_steps=8
models.architecture.block_type=simple_cls
training.mode=gml_rollout
models.out_dim=10
models.architecture.n_encoder_layers=1
models.architecture.n_decoder_layers=1    avg_loss: 0.000000783173  time_per_window : 0.000119   progress : 0.950
name: input_len=16
training.rollout_steps=8
models.architecture.block_type=simple_cls
training.mode=gml_rollout
models.out_dim=10
models.architecture.n_encoder_layers=1
models.architecture.n_decoder_layers=1    avg_loss: 0.000000754893  time_per_window : 0.000117   progress : 0.961
name: input_len=16
training.rollout_steps=8
models.architecture.block_type=simple_cls
training.mode=gml_rollout
models.out_dim=10
models.architecture.n_encoder_layers=1
models.architecture.n_decoder_layers=1    avg_loss: 0.000000787176  time_per_window : 0.000169   progress : 0.972
name: input_len=16
training.rollout_steps=8
models.architecture.block_type=simple_cls
training.mode=gml_rollout
models.out_dim=10
models.architecture.n_encoder_layers=1
models.architecture.n_decoder_layers=1    avg_loss: 0.000000741217  time_per_window : 0.000149   progress : 0.983
name: input_len=16
training.rollout_steps=8
models.architecture.block_type=simple_cls
training.mode=gml_rollout
models.out_dim=10
models.architecture.n_encoder_layers=1
models.architecture.n_decoder_layers=1    avg_loss: 0.000000800310  time_per_window : 0.000167   progress : 0.994
name: input_len=16
training.rollout_steps=8
models.architecture.block_type=simple_cls
training.mode=gml_rollout
models.out_dim=10
models.architecture.n_encoder_layers=1
models.architecture.n_decoder_layers=1    avg_loss: 0.000249280885  time_per_window : 0.000151   progress : 0.011
name: input_len=16
training.rollout_steps=8
models.architecture.block_type=simple_cls
training.mode=gml_rollout
models.out_dim=10
models.architecture.n_encoder_layers=1
models.architecture.n_decoder_layers=1    avg_loss: 0.000000696353  time_per_window : 0.000125   progress : 0.022
name: input_len=16
training.rollout_steps=8
models.architecture.block_type=simple_cls
training.mode=gml_rollout
models.out_dim=10
models.architecture.n_encoder_layers=1
models.architecture.n_decoder_layers=1    avg_loss: 0.000000666203  time_per_window : 0.000148   progress : 0.033
name: input_len=16
training.rollout_steps=8
models.architecture.block_type=simple_cls
training.mode=gml_rollout
models.out_dim=10
models.architecture.n_encoder_layers=1
models.architecture.n_decoder_layers=1    avg_loss: 0.000000680126  time_per_window : 0.000154   progress : 0.044
name: input_len=16
training.rollout_steps=8
models.architecture.block_type=simple_cls
training.mode=gml_rollout
models.out_dim=10
models.architecture.n_encoder_layers=1
models.architecture.n_decoder_layers=1    avg_loss: 0.000000644034  time_per_window : 0.000171   progress : 0.055
name: input_len=16
training.rollout_steps=8
models.architecture.block_type=simple_cls
training.mode=gml_rollout
models.out_dim=10
models.architecture.n_encoder_layers=1
models.architecture.n_decoder_layers=1    avg_loss: 0.000000626735  time_per_window : 0.000152   progress : 0.066
name: input_len=16
training.rollout_steps=8
models.architecture.block_type=simple_cls
training.mode=gml_rollout
models.out_dim=10
models.architecture.n_encoder_layers=1
models.architecture.n_decoder_layers=1    avg_loss: 0.000000546339  time_per_window : 0.000148   progress : 0.076
name: input_len=16
training.rollout_steps=8
models.architecture.block_type=simple_cls
training.mode=gml_rollout
models.out_dim=10
models.architecture.n_encoder_layers=1
models.architecture.n_decoder_layers=1    avg_loss: 0.000000515722  time_per_window : 0.000178   progress : 0.087
name: input_len=16
training.rollout_steps=8
models.architecture.block_type=simple_cls
training.mode=gml_rollout
models.out_dim=10
models.architecture.n_encoder_layers=1
models.architecture.n_decoder_layers=1    avg_loss: 0.000000526970  time_per_window : 0.000174   progress : 0.098
name: input_len=16
training.rollout_steps=8
models.architecture.block_type=simple_cls
training.mode=gml_rollout
models.out_dim=10
models.architecture.n_encoder_layers=1
models.architecture.n_decoder_layers=1    avg_loss: 0.000000533609  time_per_window : 0.000170   progress : 0.109
name: input_len=16
training.rollout_steps=8
models.architecture.block_type=simple_cls
training.mode=gml_rollout
models.out_dim=10
models.architecture.n_encoder_layers=1
models.architecture.n_decoder_layers=1    avg_loss: 0.000000485786  time_per_window : 0.000122   progress : 0.120
name: input_len=16
training.rollout_steps=8
models.architecture.block_type=simple_cls
training.mode=gml_rollout
models.out_dim=10
models.architecture.n_encoder_layers=1
models.architecture.n_decoder_layers=1    avg_loss: 0.000000586731  time_per_window : 0.000144   progress : 0.131
name: input_len=16
training.rollout_steps=8
models.architecture.block_type=simple_cls
training.mode=gml_rollout
models.out_dim=10
models.architecture.n_encoder_layers=1
models.architecture.n_decoder_layers=1    avg_loss: 0.000000527717  time_per_window : 0.000171   progress : 0.142
name: input_len=16
training.rollout_steps=8
models.architecture.block_type=simple_cls
training.mode=gml_rollout
models.out_dim=10
models.architecture.n_encoder_layers=1
models.architecture.n_decoder_layers=1    avg_loss: 0.000000771163  time_per_window : 0.000164   progress : 0.153
name: input_len=16
training.rollout_steps=8
models.architecture.block_type=simple_cls
training.mode=gml_rollout
models.out_dim=10
models.architecture.n_encoder_layers=1
models.architecture.n_decoder_layers=1    avg_loss: 0.000000749092  time_per_window : 0.000169   progress : 0.164
name: input_len=16
training.rollout_steps=8
models.architecture.block_type=simple_cls
training.mode=gml_rollout
models.out_dim=10
models.architecture.n_encoder_layers=1
models.architecture.n_decoder_layers=1    avg_loss: 0.000002571197  time_per_window : 0.000119   progress : 0.175
name: input_len=16
training.rollout_steps=8
models.architecture.block_type=simple_cls
training.mode=gml_rollout
models.out_dim=10
models.architecture.n_encoder_layers=1
models.architecture.n_decoder_layers=1    avg_loss: 0.000001155252  time_per_window : 0.000137   progress : 0.186
name: input_len=16
training.rollout_steps=8
models.architecture.block_type=simple_cls
training.mode=gml_rollout
models.out_dim=10
models.architecture.n_encoder_layers=1
models.architecture.n_decoder_layers=1    avg_loss: 0.000001059721  time_per_window : 0.000190   progress : 0.197
name: input_len=16
training.rollout_steps=8
models.architecture.block_type=simple_cls
training.mode=gml_rollout
models.out_dim=10
models.architecture.n_encoder_layers=1
models.architecture.n_decoder_layers=1    avg_loss: 0.000000831449  time_per_window : 0.000143   progress : 0.208
name: input_len=16
training.rollout_steps=8
models.architecture.block_type=simple_cls
training.mode=gml_rollout
models.out_dim=10
models.architecture.n_encoder_layers=1
models.architecture.n_decoder_layers=1    avg_loss: 0.000001373665  time_per_window : 0.000115   progress : 0.218
name: input_len=16
training.rollout_steps=8
models.architecture.block_type=simple_cls
training.mode=gml_rollout
models.out_dim=10
models.architecture.n_encoder_layers=1
models.architecture.n_decoder_layers=1    avg_loss: 0.000000774663  time_per_window : 0.000133   progress : 0.229
name: input_len=16
training.rollout_steps=8
models.architecture.block_type=simple_cls
training.mode=gml_rollout
models.out_dim=10
models.architecture.n_encoder_layers=1
models.architecture.n_decoder_layers=1    avg_loss: 0.000002155080  time_per_window : 0.000187   progress : 0.240
name: input_len=16
training.rollout_steps=8
models.architecture.block_type=simple_cls
training.mode=gml_rollout
models.out_dim=10
models.architecture.n_encoder_layers=1
models.architecture.n_decoder_layers=1    avg_loss: 0.000002072704  time_per_window : 0.000182   progress : 0.251
name: input_len=16
training.rollout_steps=8
models.architecture.block_type=simple_cls
training.mode=gml_rollout
models.out_dim=10
models.architecture.n_encoder_layers=1
models.architecture.n_decoder_layers=1    avg_loss: 0.000001428703  time_per_window : 0.000152   progress : 0.262
name: input_len=16
training.rollout_steps=8
models.architecture.block_type=simple_cls
training.mode=gml_rollout
models.out_dim=10
models.architecture.n_encoder_layers=1
models.architecture.n_decoder_layers=1    avg_loss: 0.000000782751  time_per_window : 0.000155   progress : 0.273
name: input_len=16
training.rollout_steps=8
models.architecture.block_type=simple_cls
training.mode=gml_rollout
models.out_dim=10
models.architecture.n_encoder_layers=1
models.architecture.n_decoder_layers=1    avg_loss: 0.000001485477  time_per_window : 0.000188   progress : 0.284
name: input_len=16
training.rollout_steps=8
models.architecture.block_type=simple_cls
training.mode=gml_rollout
models.out_dim=10
models.architecture.n_encoder_layers=1
models.architecture.n_decoder_layers=1    avg_loss: 0.000001470293  time_per_window : 0.000193   progress : 0.295
name: input_len=16
training.rollout_steps=8
models.architecture.block_type=simple_cls
training.mode=gml_rollout
models.out_dim=10
models.architecture.n_encoder_layers=1
models.architecture.n_decoder_layers=1    avg_loss: 0.000001551973  time_per_window : 0.000154   progress : 0.306
name: input_len=16
training.rollout_steps=8
models.architecture.block_type=simple_cls
training.mode=gml_rollout
models.out_dim=10
models.architecture.n_encoder_layers=1
models.architecture.n_decoder_layers=1    avg_loss: 0.000001598640  time_per_window : 0.000119   progress : 0.317
name: input_len=16
training.rollout_steps=8
models.architecture.block_type=simple_cls
training.mode=gml_rollout
models.out_dim=10
models.architecture.n_encoder_layers=1
models.architecture.n_decoder_layers=1    avg_loss: 0.000002337625  time_per_window : 0.000153   progress : 0.328
name: input_len=16
training.rollout_steps=8
models.architecture.block_type=simple_cls
training.mode=gml_rollout
models.out_dim=10
models.architecture.n_encoder_layers=1
models.architecture.n_decoder_layers=1    avg_loss: 0.000000742804  time_per_window : 0.000162   progress : 0.339
name: input_len=16
training.rollout_steps=8
models.architecture.block_type=simple_cls
training.mode=gml_rollout
models.out_dim=10
models.architecture.n_encoder_layers=1
models.architecture.n_decoder_layers=1    avg_loss: 0.000001604973  time_per_window : 0.000136   progress : 0.350
name: input_len=16
training.rollout_steps=8
models.architecture.block_type=simple_cls
training.mode=gml_rollout
models.out_dim=10
models.architecture.n_encoder_layers=1
models.architecture.n_decoder_layers=1    avg_loss: 0.000001619127  time_per_window : 0.000149   progress : 0.360
name: input_len=16
training.rollout_steps=8
models.architecture.block_type=simple_cls
training.mode=gml_rollout
models.out_dim=10
models.architecture.n_encoder_layers=1
models.architecture.n_decoder_layers=1    avg_loss: 0.000001248662  time_per_window : 0.000163   progress : 0.371
name: input_len=16
training.rollout_steps=8
models.architecture.block_type=simple_cls
training.mode=gml_rollout
models.out_dim=10
models.architecture.n_encoder_layers=1
models.architecture.n_decoder_layers=1    avg_loss: 0.000001816849  time_per_window : 0.000140   progress : 0.382
name: input_len=16
training.rollout_steps=8
models.architecture.block_type=simple_cls
training.mode=gml_rollout
models.out_dim=10
models.architecture.n_encoder_layers=1
models.architecture.n_decoder_layers=1    avg_loss: 0.000001465450  time_per_window : 0.000164   progress : 0.393
name: input_len=16
training.rollout_steps=8
models.architecture.block_type=simple_cls
training.mode=gml_rollout
models.out_dim=10
models.architecture.n_encoder_layers=1
models.architecture.n_decoder_layers=1    avg_loss: 0.000001400914  time_per_window : 0.000102   progress : 0.404
name: input_len=16
training.rollout_steps=8
models.architecture.block_type=simple_cls
training.mode=gml_rollout
models.out_dim=10
models.architecture.n_encoder_layers=1
models.architecture.n_decoder_layers=1    avg_loss: 0.000001391510  time_per_window : 0.000157   progress : 0.415
name: input_len=16
training.rollout_steps=8
models.architecture.block_type=simple_cls
training.mode=gml_rollout
models.out_dim=10
models.architecture.n_encoder_layers=1
models.architecture.n_decoder_layers=1    avg_loss: 0.000002133210  time_per_window : 0.000150   progress : 0.426
name: input_len=16
training.rollout_steps=8
models.architecture.block_type=simple_cls
training.mode=gml_rollout
models.out_dim=10
models.architecture.n_encoder_layers=1
models.architecture.n_decoder_layers=1    avg_loss: 0.000001157461  time_per_window : 0.000144   progress : 0.437
name: input_len=16
training.rollout_steps=8
models.architecture.block_type=simple_cls
training.mode=gml_rollout
models.out_dim=10
models.architecture.n_encoder_layers=1
models.architecture.n_decoder_layers=1    avg_loss: 0.000002948452  time_per_window : 0.000164   progress : 0.448
name: input_len=16
training.rollout_steps=8
models.architecture.block_type=simple_cls
training.mode=gml_rollout
models.out_dim=10
models.architecture.n_encoder_layers=1
models.architecture.n_decoder_layers=1    avg_loss: 0.000000660387  time_per_window : 0.000165   progress : 0.459
name: input_len=16
training.rollout_steps=8
models.architecture.block_type=simple_cls
training.mode=gml_rollout
models.out_dim=10
models.architecture.n_encoder_layers=1
models.architecture.n_decoder_layers=1    avg_loss: 0.000001209333  time_per_window : 0.000110   progress : 0.470
name: input_len=16
training.rollout_steps=8
models.architecture.block_type=simple_cls
training.mode=gml_rollout
models.out_dim=10
models.architecture.n_encoder_layers=1
models.architecture.n_decoder_layers=1    avg_loss: 0.000001029019  time_per_window : 0.000162   progress : 0.481
name: input_len=16
training.rollout_steps=8
models.architecture.block_type=simple_cls
training.mode=gml_rollout
models.out_dim=10
models.architecture.n_encoder_layers=1
models.architecture.n_decoder_layers=1    avg_loss: 0.000001350370  time_per_window : 0.000129   progress : 0.492
name: input_len=16
training.rollout_steps=8
models.architecture.block_type=simple_cls
training.mode=gml_rollout
models.out_dim=10
models.architecture.n_encoder_layers=1
models.architecture.n_decoder_layers=1    avg_loss: 0.000002672178  time_per_window : 0.000121   progress : 0.502
name: input_len=16
training.rollout_steps=8
models.architecture.block_type=simple_cls
training.mode=gml_rollout
models.out_dim=10
models.architecture.n_encoder_layers=1
models.architecture.n_decoder_layers=1    avg_loss: 0.000000712934  time_per_window : 0.000162   progress : 0.513
name: input_len=16
training.rollout_steps=8
models.architecture.block_type=simple_cls
training.mode=gml_rollout
models.out_dim=10
models.architecture.n_encoder_layers=1
models.architecture.n_decoder_layers=1    avg_loss: 0.000002019381  time_per_window : 0.000115   progress : 0.524
name: input_len=16
training.rollout_steps=8
models.architecture.block_type=simple_cls
training.mode=gml_rollout
models.out_dim=10
models.architecture.n_encoder_layers=1
models.architecture.n_decoder_layers=1    avg_loss: 0.000001067927  time_per_window : 0.000153   progress : 0.535
name: input_len=16
training.rollout_steps=8
models.architecture.block_type=simple_cls
training.mode=gml_rollout
models.out_dim=10
models.architecture.n_encoder_layers=1
models.architecture.n_decoder_layers=1    avg_loss: 0.000001272824  time_per_window : 0.000160   progress : 0.546
name: input_len=16
training.rollout_steps=8
models.architecture.block_type=simple_cls
training.mode=gml_rollout
models.out_dim=10
models.architecture.n_encoder_layers=1
models.architecture.n_decoder_layers=1    avg_loss: 0.000001819895  time_per_window : 0.000152   progress : 0.557
name: input_len=16
training.rollout_steps=8
models.architecture.block_type=simple_cls
training.mode=gml_rollout
models.out_dim=10
models.architecture.n_encoder_layers=1
models.architecture.n_decoder_layers=1    avg_loss: 0.000001148390  time_per_window : 0.000127   progress : 0.568
name: input_len=16
training.rollout_steps=8
models.architecture.block_type=simple_cls
training.mode=gml_rollout
models.out_dim=10
models.architecture.n_encoder_layers=1
models.architecture.n_decoder_layers=1    avg_loss: 0.000001623166  time_per_window : 0.000172   progress : 0.579
name: input_len=16
training.rollout_steps=8
models.architecture.block_type=simple_cls
training.mode=gml_rollout
models.out_dim=10
models.architecture.n_encoder_layers=1
models.architecture.n_decoder_layers=1    avg_loss: 0.000000588430  time_per_window : 0.000151   progress : 0.590
name: input_len=16
training.rollout_steps=8
models.architecture.block_type=simple_cls
training.mode=gml_rollout
models.out_dim=10
models.architecture.n_encoder_layers=1
models.architecture.n_decoder_layers=1    avg_loss: 0.000001001236  time_per_window : 0.000127   progress : 0.601
name: input_len=16
training.rollout_steps=8
models.architecture.block_type=simple_cls
training.mode=gml_rollout
models.out_dim=10
models.architecture.n_encoder_layers=1
models.architecture.n_decoder_layers=1    avg_loss: 0.000001559391  time_per_window : 0.000192   progress : 0.612
name: input_len=16
training.rollout_steps=8
models.architecture.block_type=simple_cls
training.mode=gml_rollout
models.out_dim=10
models.architecture.n_encoder_layers=1
models.architecture.n_decoder_layers=1    avg_loss: 0.000001581318  time_per_window : 0.000155   progress : 0.623
name: input_len=16
training.rollout_steps=8
models.architecture.block_type=simple_cls
training.mode=gml_rollout
models.out_dim=10
models.architecture.n_encoder_layers=1
models.architecture.n_decoder_layers=1    avg_loss: 0.000000732662  time_per_window : 0.000153   progress : 0.634
name: input_len=16
training.rollout_steps=8
models.architecture.block_type=simple_cls
training.mode=gml_rollout
models.out_dim=10
models.architecture.n_encoder_layers=1
models.architecture.n_decoder_layers=1    avg_loss: 0.000001341557  time_per_window : 0.000154   progress : 0.644
name: input_len=16
training.rollout_steps=8
models.architecture.block_type=simple_cls
training.mode=gml_rollout
models.out_dim=10
models.architecture.n_encoder_layers=1
models.architecture.n_decoder_layers=1    avg_loss: 0.000001145933  time_per_window : 0.000146   progress : 0.655
name: input_len=16
training.rollout_steps=8
models.architecture.block_type=simple_cls
training.mode=gml_rollout
models.out_dim=10
models.architecture.n_encoder_layers=1
models.architecture.n_decoder_layers=1    avg_loss: 0.000000658603  time_per_window : 0.000192   progress : 0.666
name: input_len=16
training.rollout_steps=8
models.architecture.block_type=simple_cls
training.mode=gml_rollout
models.out_dim=10
models.architecture.n_encoder_layers=1
models.architecture.n_decoder_layers=1    avg_loss: 0.000001623916  time_per_window : 0.000146   progress : 0.677
name: input_len=16
training.rollout_steps=8
models.architecture.block_type=simple_cls
training.mode=gml_rollout
models.out_dim=10
models.architecture.n_encoder_layers=1
models.architecture.n_decoder_layers=1    avg_loss: 0.000000862560  time_per_window : 0.000113   progress : 0.688
name: input_len=16
training.rollout_steps=8
models.architecture.block_type=simple_cls
training.mode=gml_rollout
models.out_dim=10
models.architecture.n_encoder_layers=1
models.architecture.n_decoder_layers=1    avg_loss: 0.000001160345  time_per_window : 0.000194   progress : 0.699
name: input_len=16
training.rollout_steps=8
models.architecture.block_type=simple_cls
training.mode=gml_rollout
models.out_dim=10
models.architecture.n_encoder_layers=1
models.architecture.n_decoder_layers=1    avg_loss: 0.000001072554  time_per_window : 0.000126   progress : 0.710
name: input_len=16
training.rollout_steps=8
models.architecture.block_type=simple_cls
training.mode=gml_rollout
models.out_dim=10
models.architecture.n_encoder_layers=1
models.architecture.n_decoder_layers=1    avg_loss: 0.000001180670  time_per_window : 0.000171   progress : 0.721
name: input_len=16
training.rollout_steps=8
models.architecture.block_type=simple_cls
training.mode=gml_rollout
models.out_dim=10
models.architecture.n_encoder_layers=1
models.architecture.n_decoder_layers=1    avg_loss: 0.000001003766  time_per_window : 0.000182   progress : 0.732
name: input_len=16
training.rollout_steps=8
models.architecture.block_type=simple_cls
training.mode=gml_rollout
models.out_dim=10
models.architecture.n_encoder_layers=1
models.architecture.n_decoder_layers=1    avg_loss: 0.000001277957  time_per_window : 0.000134   progress : 0.743
name: input_len=16
training.rollout_steps=8
models.architecture.block_type=simple_cls
training.mode=gml_rollout
models.out_dim=10
models.architecture.n_encoder_layers=1
models.architecture.n_decoder_layers=1    avg_loss: 0.000001410125  time_per_window : 0.000179   progress : 0.754
name: input_len=16
training.rollout_steps=8
models.architecture.block_type=simple_cls
training.mode=gml_rollout
models.out_dim=10
models.architecture.n_encoder_layers=1
models.architecture.n_decoder_layers=1    avg_loss: 0.000000870028  time_per_window : 0.000176   progress : 0.765
name: input_len=16
training.rollout_steps=8
models.architecture.block_type=simple_cls
training.mode=gml_rollout
models.out_dim=10
models.architecture.n_encoder_layers=1
models.architecture.n_decoder_layers=1    avg_loss: 0.000000907459  time_per_window : 0.000164   progress : 0.775
name: input_len=16
training.rollout_steps=8
models.architecture.block_type=simple_cls
training.mode=gml_rollout
models.out_dim=10
models.architecture.n_encoder_layers=1
models.architecture.n_decoder_layers=1    avg_loss: 0.000001715903  time_per_window : 0.000163   progress : 0.786
name: input_len=16
training.rollout_steps=8
models.architecture.block_type=simple_cls
training.mode=gml_rollout
models.out_dim=10
models.architecture.n_encoder_layers=1
models.architecture.n_decoder_layers=1    avg_loss: 0.000000846029  time_per_window : 0.000183   progress : 0.797
name: input_len=16
training.rollout_steps=8
models.architecture.block_type=simple_cls
training.mode=gml_rollout
models.out_dim=10
models.architecture.n_encoder_layers=1
models.architecture.n_decoder_layers=1    avg_loss: 0.000000577454  time_per_window : 0.000144   progress : 0.808
name: input_len=16
training.rollout_steps=8
models.architecture.block_type=simple_cls
training.mode=gml_rollout
models.out_dim=10
models.architecture.n_encoder_layers=1
models.architecture.n_decoder_layers=1    avg_loss: 0.000000800401  time_per_window : 0.000168   progress : 0.819
name: input_len=16
training.rollout_steps=8
models.architecture.block_type=simple_cls
training.mode=gml_rollout
models.out_dim=10
models.architecture.n_encoder_layers=1
models.architecture.n_decoder_layers=1    avg_loss: 0.000001621577  time_per_window : 0.000175   progress : 0.830
name: input_len=16
training.rollout_steps=8
models.architecture.block_type=simple_cls
training.mode=gml_rollout
models.out_dim=10
models.architecture.n_encoder_layers=1
models.architecture.n_decoder_layers=1    avg_loss: 0.000000869438  time_per_window : 0.000136   progress : 0.841
name: input_len=16
training.rollout_steps=8
models.architecture.block_type=simple_cls
training.mode=gml_rollout
models.out_dim=10
models.architecture.n_encoder_layers=1
models.architecture.n_decoder_layers=1    avg_loss: 0.000001497914  time_per_window : 0.000176   progress : 0.852
name: input_len=16
training.rollout_steps=8
models.architecture.block_type=simple_cls
training.mode=gml_rollout
models.out_dim=10
models.architecture.n_encoder_layers=1
models.architecture.n_decoder_layers=1    avg_loss: 0.000000774069  time_per_window : 0.000191   progress : 0.863
name: input_len=16
training.rollout_steps=8
models.architecture.block_type=simple_cls
training.mode=gml_rollout
models.out_dim=10
models.architecture.n_encoder_layers=1
models.architecture.n_decoder_layers=1    avg_loss: 0.000000450483  time_per_window : 0.000168   progress : 0.874
name: input_len=16
training.rollout_steps=8
models.architecture.block_type=simple_cls
training.mode=gml_rollout
models.out_dim=10
models.architecture.n_encoder_layers=1
models.architecture.n_decoder_layers=1    avg_loss: 0.000000939738  time_per_window : 0.000187   progress : 0.885
name: input_len=16
training.rollout_steps=8
models.architecture.block_type=simple_cls
training.mode=gml_rollout
models.out_dim=10
models.architecture.n_encoder_layers=1
models.architecture.n_decoder_layers=1    avg_loss: 0.000001385353  time_per_window : 0.000101   progress : 0.896
name: input_len=16
training.rollout_steps=8
models.architecture.block_type=simple_cls
training.mode=gml_rollout
models.out_dim=10
models.architecture.n_encoder_layers=1
models.architecture.n_decoder_layers=1    avg_loss: 0.000001168079  time_per_window : 0.000138   progress : 0.907
name: input_len=16
training.rollout_steps=8
models.architecture.block_type=simple_cls
training.mode=gml_rollout
models.out_dim=10
models.architecture.n_encoder_layers=1
models.architecture.n_decoder_layers=1    avg_loss: 0.000000902656  time_per_window : 0.000133   progress : 0.917
name: input_len=16
training.rollout_steps=8
models.architecture.block_type=simple_cls
training.mode=gml_rollout
models.out_dim=10
models.architecture.n_encoder_layers=1
models.architecture.n_decoder_layers=1    avg_loss: 0.000000864426  time_per_window : 0.000119   progress : 0.928
name: input_len=16
training.rollout_steps=8
models.architecture.block_type=simple_cls
training.mode=gml_rollout
models.out_dim=10
models.architecture.n_encoder_layers=1
models.architecture.n_decoder_layers=1    avg_loss: 0.000001062296  time_per_window : 0.000131   progress : 0.939
name: input_len=16
training.rollout_steps=8
models.architecture.block_type=simple_cls
training.mode=gml_rollout
models.out_dim=10
models.architecture.n_encoder_layers=1
models.architecture.n_decoder_layers=1    avg_loss: 0.000000636267  time_per_window : 0.000126   progress : 0.950
name: input_len=16
training.rollout_steps=8
models.architecture.block_type=simple_cls
training.mode=gml_rollout
models.out_dim=10
models.architecture.n_encoder_layers=1
models.architecture.n_decoder_layers=1    avg_loss: 0.000001525123  time_per_window : 0.000154   progress : 0.961
name: input_len=16
training.rollout_steps=8
models.architecture.block_type=simple_cls
training.mode=gml_rollout
models.out_dim=10
models.architecture.n_encoder_layers=1
models.architecture.n_decoder_layers=1    avg_loss: 0.000000449099  time_per_window : 0.000150   progress : 0.972
name: input_len=16
training.rollout_steps=8
models.architecture.block_type=simple_cls
training.mode=gml_rollout
models.out_dim=10
models.architecture.n_encoder_layers=1
models.architecture.n_decoder_layers=1    avg_loss: 0.000000915493  time_per_window : 0.000163   progress : 0.983
name: input_len=16
training.rollout_steps=8
models.architecture.block_type=simple_cls
training.mode=gml_rollout
models.out_dim=10
models.architecture.n_encoder_layers=1
models.architecture.n_decoder_layers=1    avg_loss: 0.000000572891  time_per_window : 0.000129   progress : 0.994
name: input_len=16
training.rollout_steps=8
models.architecture.block_type=simple_cls
training.mode=gml_rollout
models.out_dim=10
models.architecture.n_encoder_layers=1
models.architecture.n_decoder_layers=1    avg_loss: 0.000438107323  time_per_window : 0.000191   progress : 0.011
name: input_len=16
training.rollout_steps=8
models.architecture.block_type=simple_cls
training.mode=gml_rollout
models.out_dim=10
models.architecture.n_encoder_layers=1
models.architecture.n_decoder_layers=1    avg_loss: 0.000003596524  time_per_window : 0.000176   progress : 0.022
name: input_len=16
training.rollout_steps=8
models.architecture.block_type=simple_cls
training.mode=gml_rollout
models.out_dim=10
models.architecture.n_encoder_layers=1
models.architecture.n_decoder_layers=1    avg_loss: 0.000003569068  time_per_window : 0.000146   progress : 0.033
name: input_len=16
training.rollout_steps=8
models.architecture.block_type=simple_cls
training.mode=gml_rollout
models.out_dim=10
models.architecture.n_encoder_layers=1
models.architecture.n_decoder_layers=1    avg_loss: 0.000003691340  time_per_window : 0.000182   progress : 0.044
name: input_len=16
training.rollout_steps=8
models.architecture.block_type=simple_cls
training.mode=gml_rollout
models.out_dim=10
models.architecture.n_encoder_layers=1
models.architecture.n_decoder_layers=1    avg_loss: 0.000003493637  time_per_window : 0.000155   progress : 0.055
name: input_len=16
training.rollout_steps=8
models.architecture.block_type=simple_cls
training.mode=gml_rollout
models.out_dim=10
models.architecture.n_encoder_layers=1
models.architecture.n_decoder_layers=1    avg_loss: 0.000003134850  time_per_window : 0.000154   progress : 0.066
name: input_len=16
training.rollout_steps=8
models.architecture.block_type=simple_cls
training.mode=gml_rollout
models.out_dim=10
models.architecture.n_encoder_layers=1
models.architecture.n_decoder_layers=1    avg_loss: 0.000002788071  time_per_window : 0.000192   progress : 0.076
name: input_len=16
training.rollout_steps=8
models.architecture.block_type=simple_cls
training.mode=gml_rollout
models.out_dim=10
models.architecture.n_encoder_layers=1
models.architecture.n_decoder_layers=1    avg_loss: 0.000002241983  time_per_window : 0.000207   progress : 0.087
name: input_len=16
training.rollout_steps=8
models.architecture.block_type=simple_cls
training.mode=gml_rollout
models.out_dim=10
models.architecture.n_encoder_layers=1
models.architecture.n_decoder_layers=1    avg_loss: 0.000001924079  time_per_window : 0.000163   progress : 0.098
name: input_len=16
training.rollout_steps=8
models.architecture.block_type=simple_cls
training.mode=gml_rollout
models.out_dim=10
models.architecture.n_encoder_layers=1
models.architecture.n_decoder_layers=1    avg_loss: 0.000001663424  time_per_window : 0.000152   progress : 0.109
name: input_len=16
training.rollout_steps=8
models.architecture.block_type=simple_cls
training.mode=gml_rollout
models.out_dim=10
models.architecture.n_encoder_layers=1
models.architecture.n_decoder_layers=1    avg_loss: 0.000001481311  time_per_window : 0.000196   progress : 0.120
name: input_len=16
training.rollout_steps=8
models.architecture.block_type=simple_cls
training.mode=gml_rollout
models.out_dim=10
models.architecture.n_encoder_layers=1
models.architecture.n_decoder_layers=1    avg_loss: 0.000001258683  time_per_window : 0.000191   progress : 0.131
name: input_len=16
training.rollout_steps=8
models.architecture.block_type=simple_cls
training.mode=gml_rollout
models.out_dim=10
models.architecture.n_encoder_layers=1
models.architecture.n_decoder_layers=1    avg_loss: 0.000001258058  time_per_window : 0.000132   progress : 0.142
name: input_len=16
training.rollout_steps=8
models.architecture.block_type=simple_cls
training.mode=gml_rollout
models.out_dim=10
models.architecture.n_encoder_layers=1
models.architecture.n_decoder_layers=1    avg_loss: 0.000001104795  time_per_window : 0.000186   progress : 0.153
name: input_len=16
training.rollout_steps=8
models.architecture.block_type=simple_cls
training.mode=gml_rollout
models.out_dim=10
models.architecture.n_encoder_layers=1
models.architecture.n_decoder_layers=1    avg_loss: 0.000000914794  time_per_window : 0.000124   progress : 0.164
name: input_len=16
training.rollout_steps=8
models.architecture.block_type=simple_cls
training.mode=gml_rollout
models.out_dim=10
models.architecture.n_encoder_layers=1
models.architecture.n_decoder_layers=1    avg_loss: 0.000001084010  time_per_window : 0.000130   progress : 0.175
name: input_len=16
training.rollout_steps=8
models.architecture.block_type=simple_cls
training.mode=gml_rollout
models.out_dim=10
models.architecture.n_encoder_layers=1
models.architecture.n_decoder_layers=1    avg_loss: 0.000001295543  time_per_window : 0.000104   progress : 0.186
name: input_len=16
training.rollout_steps=8
models.architecture.block_type=simple_cls
training.mode=gml_rollout
models.out_dim=10
models.architecture.n_encoder_layers=1
models.architecture.n_decoder_layers=1    avg_loss: 0.000001034420  time_per_window : 0.000159   progress : 0.197
name: input_len=16
training.rollout_steps=8
models.architecture.block_type=simple_cls
training.mode=gml_rollout
models.out_dim=10
models.architecture.n_encoder_layers=1
models.architecture.n_decoder_layers=1    avg_loss: 0.000001402385  time_per_window : 0.000152   progress : 0.208
name: input_len=16
training.rollout_steps=8
models.architecture.block_type=simple_cls
training.mode=gml_rollout
models.out_dim=10
models.architecture.n_encoder_layers=1
models.architecture.n_decoder_layers=1    avg_loss: 0.000001779640  time_per_window : 0.000166   progress : 0.218
name: input_len=16
training.rollout_steps=8
models.architecture.block_type=simple_cls
training.mode=gml_rollout
models.out_dim=10
models.architecture.n_encoder_layers=1
models.architecture.n_decoder_layers=1    avg_loss: 0.000001940778  time_per_window : 0.000164   progress : 0.229
name: input_len=16
training.rollout_steps=8
models.architecture.block_type=simple_cls
training.mode=gml_rollout
models.out_dim=10
models.architecture.n_encoder_layers=1
models.architecture.n_decoder_layers=1    avg_loss: 0.000001503119  time_per_window : 0.000183   progress : 0.240
name: input_len=16
training.rollout_steps=8
models.architecture.block_type=simple_cls
training.mode=gml_rollout
models.out_dim=10
models.architecture.n_encoder_layers=1
models.architecture.n_decoder_layers=1    avg_loss: 0.000002149909  time_per_window : 0.000180   progress : 0.251
name: input_len=16
training.rollout_steps=8
models.architecture.block_type=simple_cls
training.mode=gml_rollout
models.out_dim=10
models.architecture.n_encoder_layers=1
models.architecture.n_decoder_layers=1    avg_loss: 0.000002206613  time_per_window : 0.000193   progress : 0.262
name: input_len=16
training.rollout_steps=8
models.architecture.block_type=simple_cls
training.mode=gml_rollout
models.out_dim=10
models.architecture.n_encoder_layers=1
models.architecture.n_decoder_layers=1    avg_loss: 0.000002124188  time_per_window : 0.000172   progress : 0.273
name: input_len=16
training.rollout_steps=8
models.architecture.block_type=simple_cls
training.mode=gml_rollout
models.out_dim=10
models.architecture.n_encoder_layers=1
models.architecture.n_decoder_layers=1    avg_loss: 0.000002078917  time_per_window : 0.000183   progress : 0.284
name: input_len=16
training.rollout_steps=8
models.architecture.block_type=simple_cls
training.mode=gml_rollout
models.out_dim=10
models.architecture.n_encoder_layers=1
models.architecture.n_decoder_layers=1    avg_loss: 0.000002369501  time_per_window : 0.000165   progress : 0.295
name: input_len=16
training.rollout_steps=8
models.architecture.block_type=simple_cls
training.mode=gml_rollout
models.out_dim=10
models.architecture.n_encoder_layers=1
models.architecture.n_decoder_layers=1    avg_loss: 0.000002409277  time_per_window : 0.000166   progress : 0.306
name: input_len=16
training.rollout_steps=8
models.architecture.block_type=simple_cls
training.mode=gml_rollout
models.out_dim=10
models.architecture.n_encoder_layers=1
models.architecture.n_decoder_layers=1    avg_loss: 0.000002736769  time_per_window : 0.000190   progress : 0.317
name: input_len=16
training.rollout_steps=8
models.architecture.block_type=simple_cls
training.mode=gml_rollout
models.out_dim=10
models.architecture.n_encoder_layers=1
models.architecture.n_decoder_layers=1    avg_loss: 0.000003183972  time_per_window : 0.000151   progress : 0.328
name: input_len=16
training.rollout_steps=8
models.architecture.block_type=simple_cls
training.mode=gml_rollout
models.out_dim=10
models.architecture.n_encoder_layers=1
models.architecture.n_decoder_layers=1    avg_loss: 0.000001788418  time_per_window : 0.000156   progress : 0.339
name: input_len=16
training.rollout_steps=8
models.architecture.block_type=simple_cls
training.mode=gml_rollout
models.out_dim=10
models.architecture.n_encoder_layers=1
models.architecture.n_decoder_layers=1    avg_loss: 0.000002845718  time_per_window : 0.000165   progress : 0.350
name: input_len=16
training.rollout_steps=8
models.architecture.block_type=simple_cls
training.mode=gml_rollout
models.out_dim=10
models.architecture.n_encoder_layers=1
models.architecture.n_decoder_layers=1    avg_loss: 0.000002833139  time_per_window : 0.000165   progress : 0.360
name: input_len=16
training.rollout_steps=8
models.architecture.block_type=simple_cls
training.mode=gml_rollout
models.out_dim=10
models.architecture.n_encoder_layers=1
models.architecture.n_decoder_layers=1    avg_loss: 0.000002227031  time_per_window : 0.000192   progress : 0.371
name: input_len=16
training.rollout_steps=8
models.architecture.block_type=simple_cls
training.mode=gml_rollout
models.out_dim=10
models.architecture.n_encoder_layers=1
models.architecture.n_decoder_layers=1    avg_loss: 0.000002373918  time_per_window : 0.000124   progress : 0.382
name: input_len=16
training.rollout_steps=8
models.architecture.block_type=simple_cls
training.mode=gml_rollout
models.out_dim=10
models.architecture.n_encoder_layers=1
models.architecture.n_decoder_layers=1    avg_loss: 0.000002626196  time_per_window : 0.000109   progress : 0.393
name: input_len=16
training.rollout_steps=8
models.architecture.block_type=simple_cls
training.mode=gml_rollout
models.out_dim=10
models.architecture.n_encoder_layers=1
models.architecture.n_decoder_layers=1    avg_loss: 0.000003202823  time_per_window : 0.000185   progress : 0.404
name: input_len=16
training.rollout_steps=8
models.architecture.block_type=simple_cls
training.mode=gml_rollout
models.out_dim=10
models.architecture.n_encoder_layers=1
models.architecture.n_decoder_layers=1    avg_loss: 0.000002155935  time_per_window : 0.000133   progress : 0.415
name: input_len=16
training.rollout_steps=8
models.architecture.block_type=simple_cls
training.mode=gml_rollout
models.out_dim=10
models.architecture.n_encoder_layers=1
models.architecture.n_decoder_layers=1    avg_loss: 0.000002386153  time_per_window : 0.000141   progress : 0.426
name: input_len=16
training.rollout_steps=8
models.architecture.block_type=simple_cls
training.mode=gml_rollout
models.out_dim=10
models.architecture.n_encoder_layers=1
models.architecture.n_decoder_layers=1    avg_loss: 0.000002748433  time_per_window : 0.000154   progress : 0.437
name: input_len=16
training.rollout_steps=8
models.architecture.block_type=simple_cls
training.mode=gml_rollout
models.out_dim=10
models.architecture.n_encoder_layers=1
models.architecture.n_decoder_layers=1    avg_loss: 0.000002412769  time_per_window : 0.000155   progress : 0.448
name: input_len=16
training.rollout_steps=8
models.architecture.block_type=simple_cls
training.mode=gml_rollout
models.out_dim=10
models.architecture.n_encoder_layers=1
models.architecture.n_decoder_layers=1    avg_loss: 0.000002155973  time_per_window : 0.000168   progress : 0.459
name: input_len=16
training.rollout_steps=8
models.architecture.block_type=simple_cls
training.mode=gml_rollout
models.out_dim=10
models.architecture.n_encoder_layers=1
models.architecture.n_decoder_layers=1    avg_loss: 0.000002296357  time_per_window : 0.000150   progress : 0.470
name: input_len=16
training.rollout_steps=8
models.architecture.block_type=simple_cls
training.mode=gml_rollout
models.out_dim=10
models.architecture.n_encoder_layers=1
models.architecture.n_decoder_layers=1    avg_loss: 0.000003660377  time_per_window : 0.000160   progress : 0.481
name: input_len=16
training.rollout_steps=8
models.architecture.block_type=simple_cls
training.mode=gml_rollout
models.out_dim=10
models.architecture.n_encoder_layers=1
models.architecture.n_decoder_layers=1    avg_loss: 0.000001862002  time_per_window : 0.000163   progress : 0.492
name: input_len=16
training.rollout_steps=8
models.architecture.block_type=simple_cls
training.mode=gml_rollout
models.out_dim=10
models.architecture.n_encoder_layers=1
models.architecture.n_decoder_layers=1    avg_loss: 0.000002425629  time_per_window : 0.000214   progress : 0.502
name: input_len=16
training.rollout_steps=8
models.architecture.block_type=simple_cls
training.mode=gml_rollout
models.out_dim=10
models.architecture.n_encoder_layers=1
models.architecture.n_decoder_layers=1    avg_loss: 0.000002574084  time_per_window : 0.000141   progress : 0.513
name: input_len=16
training.rollout_steps=8
models.architecture.block_type=simple_cls
training.mode=gml_rollout
models.out_dim=10
models.architecture.n_encoder_layers=1
models.architecture.n_decoder_layers=1    avg_loss: 0.000002337907  time_per_window : 0.000132   progress : 0.524
name: input_len=16
training.rollout_steps=8
models.architecture.block_type=simple_cls
training.mode=gml_rollout
models.out_dim=10
models.architecture.n_encoder_layers=1
models.architecture.n_decoder_layers=1    avg_loss: 0.000002477340  time_per_window : 0.000206   progress : 0.535
name: input_len=16
training.rollout_steps=8
models.architecture.block_type=simple_cls
training.mode=gml_rollout
models.out_dim=10
models.architecture.n_encoder_layers=1
models.architecture.n_decoder_layers=1    avg_loss: 0.000002066447  time_per_window : 0.000160   progress : 0.546
name: input_len=16
training.rollout_steps=8
models.architecture.block_type=simple_cls
training.mode=gml_rollout
models.out_dim=10
models.architecture.n_encoder_layers=1
models.architecture.n_decoder_layers=1    avg_loss: 0.000002113989  time_per_window : 0.000190   progress : 0.557
name: input_len=16
training.rollout_steps=8
models.architecture.block_type=simple_cls
training.mode=gml_rollout
models.out_dim=10
models.architecture.n_encoder_layers=1
models.architecture.n_decoder_layers=1    avg_loss: 0.000002428768  time_per_window : 0.000146   progress : 0.568
name: input_len=16
training.rollout_steps=8
models.architecture.block_type=simple_cls
training.mode=gml_rollout
models.out_dim=10
models.architecture.n_encoder_layers=1
models.architecture.n_decoder_layers=1    avg_loss: 0.000001886514  time_per_window : 0.000175   progress : 0.579
name: input_len=16
training.rollout_steps=8
models.architecture.block_type=simple_cls
training.mode=gml_rollout
models.out_dim=10
models.architecture.n_encoder_layers=1
models.architecture.n_decoder_layers=1    avg_loss: 0.000001940573  time_per_window : 0.000149   progress : 0.590
name: input_len=16
training.rollout_steps=8
models.architecture.block_type=simple_cls
training.mode=gml_rollout
models.out_dim=10
models.architecture.n_encoder_layers=1
models.architecture.n_decoder_layers=1    avg_loss: 0.000001778743  time_per_window : 0.000178   progress : 0.601
name: input_len=16
training.rollout_steps=8
models.architecture.block_type=simple_cls
training.mode=gml_rollout
models.out_dim=10
models.architecture.n_encoder_layers=1
models.architecture.n_decoder_layers=1    avg_loss: 0.000002364422  time_per_window : 0.000133   progress : 0.612
name: input_len=16
training.rollout_steps=8
models.architecture.block_type=simple_cls
training.mode=gml_rollout
models.out_dim=10
models.architecture.n_encoder_layers=1
models.architecture.n_decoder_layers=1    avg_loss: 0.000002411507  time_per_window : 0.000128   progress : 0.623
name: input_len=16
training.rollout_steps=8
models.architecture.block_type=simple_cls
training.mode=gml_rollout
models.out_dim=10
models.architecture.n_encoder_layers=1
models.architecture.n_decoder_layers=1    avg_loss: 0.000002704945  time_per_window : 0.000144   progress : 0.634
name: input_len=16
training.rollout_steps=8
models.architecture.block_type=simple_cls
training.mode=gml_rollout
models.out_dim=10
models.architecture.n_encoder_layers=1
models.architecture.n_decoder_layers=1    avg_loss: 0.000002334098  time_per_window : 0.000155   progress : 0.644
name: input_len=16
training.rollout_steps=8
models.architecture.block_type=simple_cls
training.mode=gml_rollout
models.out_dim=10
models.architecture.n_encoder_layers=1
models.architecture.n_decoder_layers=1    avg_loss: 0.000001765591  time_per_window : 0.000107   progress : 0.655
name: input_len=16
training.rollout_steps=8
models.architecture.block_type=simple_cls
training.mode=gml_rollout
models.out_dim=10
models.architecture.n_encoder_layers=1
models.architecture.n_decoder_layers=1    avg_loss: 0.000002112169  time_per_window : 0.000154   progress : 0.666
name: input_len=16
training.rollout_steps=8
models.architecture.block_type=simple_cls
training.mode=gml_rollout
models.out_dim=10
models.architecture.n_encoder_layers=1
models.architecture.n_decoder_layers=1    avg_loss: 0.000002093383  time_per_window : 0.000112   progress : 0.677
name: input_len=16
training.rollout_steps=8
models.architecture.block_type=simple_cls
training.mode=gml_rollout
models.out_dim=10
models.architecture.n_encoder_layers=1
models.architecture.n_decoder_layers=1    avg_loss: 0.000001818270  time_per_window : 0.000147   progress : 0.688
name: input_len=16
training.rollout_steps=8
models.architecture.block_type=simple_cls
training.mode=gml_rollout
models.out_dim=10
models.architecture.n_encoder_layers=1
models.architecture.n_decoder_layers=1    avg_loss: 0.000001995076  time_per_window : 0.000162   progress : 0.699
name: input_len=16
training.rollout_steps=8
models.architecture.block_type=simple_cls
training.mode=gml_rollout
models.out_dim=10
models.architecture.n_encoder_layers=1
models.architecture.n_decoder_layers=1    avg_loss: 0.000002000597  time_per_window : 0.000169   progress : 0.710
name: input_len=16
training.rollout_steps=8
models.architecture.block_type=simple_cls
training.mode=gml_rollout
models.out_dim=10
models.architecture.n_encoder_layers=1
models.architecture.n_decoder_layers=1    avg_loss: 0.000001506708  time_per_window : 0.000176   progress : 0.721
name: input_len=16
training.rollout_steps=8
models.architecture.block_type=simple_cls
training.mode=gml_rollout
models.out_dim=10
models.architecture.n_encoder_layers=1
models.architecture.n_decoder_layers=1    avg_loss: 0.000002506387  time_per_window : 0.000157   progress : 0.732
name: input_len=16
training.rollout_steps=8
models.architecture.block_type=simple_cls
training.mode=gml_rollout
models.out_dim=10
models.architecture.n_encoder_layers=1
models.architecture.n_decoder_layers=1    avg_loss: 0.000002002163  time_per_window : 0.000176   progress : 0.743
name: input_len=16
training.rollout_steps=8
models.architecture.block_type=simple_cls
training.mode=gml_rollout
models.out_dim=10
models.architecture.n_encoder_layers=1
models.architecture.n_decoder_layers=1    avg_loss: 0.000001613116  time_per_window : 0.000160   progress : 0.754
name: input_len=16
training.rollout_steps=8
models.architecture.block_type=simple_cls
training.mode=gml_rollout
models.out_dim=10
models.architecture.n_encoder_layers=1
models.architecture.n_decoder_layers=1    avg_loss: 0.000001761019  time_per_window : 0.000178   progress : 0.765
name: input_len=16
training.rollout_steps=8
models.architecture.block_type=simple_cls
training.mode=gml_rollout
models.out_dim=10
models.architecture.n_encoder_layers=1
models.architecture.n_decoder_layers=1    avg_loss: 0.000002037598  time_per_window : 0.000132   progress : 0.775
name: input_len=16
training.rollout_steps=8
models.architecture.block_type=simple_cls
training.mode=gml_rollout
models.out_dim=10
models.architecture.n_encoder_layers=1
models.architecture.n_decoder_layers=1    avg_loss: 0.000002369231  time_per_window : 0.000162   progress : 0.786
name: input_len=16
training.rollout_steps=8
models.architecture.block_type=simple_cls
training.mode=gml_rollout
models.out_dim=10
models.architecture.n_encoder_layers=1
models.architecture.n_decoder_layers=1    avg_loss: 0.000001721520  time_per_window : 0.000146   progress : 0.797
name: input_len=16
training.rollout_steps=8
models.architecture.block_type=simple_cls
training.mode=gml_rollout
models.out_dim=10
models.architecture.n_encoder_layers=1
models.architecture.n_decoder_layers=1    avg_loss: 0.000001377047  time_per_window : 0.000165   progress : 0.808
name: input_len=16
training.rollout_steps=8
models.architecture.block_type=simple_cls
training.mode=gml_rollout
models.out_dim=10
models.architecture.n_encoder_layers=1
models.architecture.n_decoder_layers=1    avg_loss: 0.000002063744  time_per_window : 0.000151   progress : 0.819
name: input_len=16
training.rollout_steps=8
models.architecture.block_type=simple_cls
training.mode=gml_rollout
models.out_dim=10
models.architecture.n_encoder_layers=1
models.architecture.n_decoder_layers=1    avg_loss: 0.000001143182  time_per_window : 0.000135   progress : 0.830
name: input_len=16
training.rollout_steps=8
models.architecture.block_type=simple_cls
training.mode=gml_rollout
models.out_dim=10
models.architecture.n_encoder_layers=1
models.architecture.n_decoder_layers=1    avg_loss: 0.000001397418  time_per_window : 0.000152   progress : 0.841
name: input_len=16
training.rollout_steps=8
models.architecture.block_type=simple_cls
training.mode=gml_rollout
models.out_dim=10
models.architecture.n_encoder_layers=1
models.architecture.n_decoder_layers=1    avg_loss: 0.000002267012  time_per_window : 0.000140   progress : 0.852
name: input_len=16
training.rollout_steps=8
models.architecture.block_type=simple_cls
training.mode=gml_rollout
models.out_dim=10
models.architecture.n_encoder_layers=1
models.architecture.n_decoder_layers=1    avg_loss: 0.000001460791  time_per_window : 0.000160   progress : 0.863
name: input_len=16
training.rollout_steps=8
models.architecture.block_type=simple_cls
training.mode=gml_rollout
models.out_dim=10
models.architecture.n_encoder_layers=1
models.architecture.n_decoder_layers=1    avg_loss: 0.000001988688  time_per_window : 0.000156   progress : 0.874
name: input_len=16
training.rollout_steps=8
models.architecture.block_type=simple_cls
training.mode=gml_rollout
models.out_dim=10
models.architecture.n_encoder_layers=1
models.architecture.n_decoder_layers=1    avg_loss: 0.000001790234  time_per_window : 0.000163   progress : 0.885
name: input_len=16
training.rollout_steps=8
models.architecture.block_type=simple_cls
training.mode=gml_rollout
models.out_dim=10
models.architecture.n_encoder_layers=1
models.architecture.n_decoder_layers=1    avg_loss: 0.000001538577  time_per_window : 0.000140   progress : 0.896
name: input_len=16
training.rollout_steps=8
models.architecture.block_type=simple_cls
training.mode=gml_rollout
models.out_dim=10
models.architecture.n_encoder_layers=1
models.architecture.n_decoder_layers=1    avg_loss: 0.000001257662  time_per_window : 0.000171   progress : 0.907
name: input_len=16
training.rollout_steps=8
models.architecture.block_type=simple_cls
training.mode=gml_rollout
models.out_dim=10
models.architecture.n_encoder_layers=1
models.architecture.n_decoder_layers=1    avg_loss: 0.000001693886  time_per_window : 0.000138   progress : 0.917
name: input_len=16
training.rollout_steps=8
models.architecture.block_type=simple_cls
training.mode=gml_rollout
models.out_dim=10
models.architecture.n_encoder_layers=1
models.architecture.n_decoder_layers=1    avg_loss: 0.000001714810  time_per_window : 0.000113   progress : 0.928
name: input_len=16
training.rollout_steps=8
models.architecture.block_type=simple_cls
training.mode=gml_rollout
models.out_dim=10
models.architecture.n_encoder_layers=1
models.architecture.n_decoder_layers=1    avg_loss: 0.000001644438  time_per_window : 0.000196   progress : 0.939
name: input_len=16
training.rollout_steps=8
models.architecture.block_type=simple_cls
training.mode=gml_rollout
models.out_dim=10
models.architecture.n_encoder_layers=1
models.architecture.n_decoder_layers=1    avg_loss: 0.000001162578  time_per_window : 0.000194   progress : 0.950
name: input_len=16
training.rollout_steps=8
models.architecture.block_type=simple_cls
training.mode=gml_rollout
models.out_dim=10
models.architecture.n_encoder_layers=1
models.architecture.n_decoder_layers=1    avg_loss: 0.000002075531  time_per_window : 0.000189   progress : 0.961
name: input_len=16
training.rollout_steps=8
models.architecture.block_type=simple_cls
training.mode=gml_rollout
models.out_dim=10
models.architecture.n_encoder_layers=1
models.architecture.n_decoder_layers=1    avg_loss: 0.000001404205  time_per_window : 0.000115   progress : 0.972
name: input_len=16
training.rollout_steps=8
models.architecture.block_type=simple_cls
training.mode=gml_rollout
models.out_dim=10
models.architecture.n_encoder_layers=1
models.architecture.n_decoder_layers=1    avg_loss: 0.000001425283  time_per_window : 0.000160   progress : 0.983
name: input_len=16
training.rollout_steps=8
models.architecture.block_type=simple_cls
training.mode=gml_rollout
models.out_dim=10
models.architecture.n_encoder_layers=1
models.architecture.n_decoder_layers=1    avg_loss: 0.000001385719  time_per_window : 0.000180   progress : 0.994
name: input_len=16
training.rollout_steps=8
models.architecture.block_type=simple_cls
training.mode=gml_rollout
models.out_dim=10
models.architecture.n_encoder_layers=1
models.architecture.n_decoder_layers=1    avg_loss: 178.390472412109  time_per_window : 0.000177   progress : 0.011
name: input_len=16
training.rollout_steps=8
models.architecture.block_type=simple_cls
training.mode=gml_rollout
models.out_dim=10
models.architecture.n_encoder_layers=1
models.architecture.n_decoder_layers=1    avg_loss: -68.183616638184  time_per_window : 0.000165   progress : 0.022
name: input_len=16
training.rollout_steps=8
models.architecture.block_type=simple_cls
training.mode=gml_rollout
models.out_dim=10
models.architecture.n_encoder_layers=1
models.architecture.n_decoder_layers=1    avg_loss: -68.159202575684  time_per_window : 0.000179   progress : 0.033
name: input_len=16
training.rollout_steps=8
models.architecture.block_type=simple_cls
training.mode=gml_rollout
models.out_dim=10
models.architecture.n_encoder_layers=1
models.architecture.n_decoder_layers=1    avg_loss: -68.103202819824  time_per_window : 0.000232   progress : 0.044
name: input_len=16
training.rollout_steps=8
models.architecture.block_type=simple_cls
training.mode=gml_rollout
models.out_dim=10
models.architecture.n_encoder_layers=1
models.architecture.n_decoder_layers=1    avg_loss: -68.131385803223  time_per_window : 0.000184   progress : 0.055
name: input_len=16
training.rollout_steps=8
models.architecture.block_type=simple_cls
training.mode=gml_rollout
models.out_dim=10
models.architecture.n_encoder_layers=1
models.architecture.n_decoder_layers=1    avg_loss: -68.145828247070  time_per_window : 0.000176   progress : 0.066
name: input_len=16
training.rollout_steps=8
models.architecture.block_type=simple_cls
training.mode=gml_rollout
models.out_dim=10
models.architecture.n_encoder_layers=1
models.architecture.n_decoder_layers=1    avg_loss: -68.154022216797  time_per_window : 0.000169   progress : 0.076
name: input_len=16
training.rollout_steps=8
models.architecture.block_type=simple_cls
training.mode=gml_rollout
models.out_dim=10
models.architecture.n_encoder_layers=1
models.architecture.n_decoder_layers=1    avg_loss: -68.146255493164  time_per_window : 0.000185   progress : 0.087
name: input_len=16
training.rollout_steps=8
models.architecture.block_type=simple_cls
training.mode=gml_rollout
models.out_dim=10
models.architecture.n_encoder_layers=1
models.architecture.n_decoder_layers=1    avg_loss: -68.166221618652  time_per_window : 0.000157   progress : 0.098
name: input_len=16
training.rollout_steps=8
models.architecture.block_type=simple_cls
training.mode=gml_rollout
models.out_dim=10
models.architecture.n_encoder_layers=1
models.architecture.n_decoder_layers=1    avg_loss: -68.131591796875  time_per_window : 0.000171   progress : 0.109
name: input_len=16
training.rollout_steps=8
models.architecture.block_type=simple_cls
training.mode=gml_rollout
models.out_dim=10
models.architecture.n_encoder_layers=1
models.architecture.n_decoder_layers=1    avg_loss: -68.166801452637  time_per_window : 0.000178   progress : 0.120
name: input_len=16
training.rollout_steps=8
models.architecture.block_type=simple_cls
training.mode=gml_rollout
models.out_dim=10
models.architecture.n_encoder_layers=1
models.architecture.n_decoder_layers=1    avg_loss: -68.180335998535  time_per_window : 0.000182   progress : 0.131
name: input_len=16
training.rollout_steps=8
models.architecture.block_type=simple_cls
training.mode=gml_rollout
models.out_dim=10
models.architecture.n_encoder_layers=1
models.architecture.n_decoder_layers=1    avg_loss: -68.217193603516  time_per_window : 0.000195   progress : 0.142
name: input_len=16
training.rollout_steps=8
models.architecture.block_type=simple_cls
training.mode=gml_rollout
models.out_dim=10
models.architecture.n_encoder_layers=1
models.architecture.n_decoder_layers=1    avg_loss: -68.299743652344  time_per_window : 0.000209   progress : 0.153
name: input_len=16
training.rollout_steps=8
models.architecture.block_type=simple_cls
training.mode=gml_rollout
models.out_dim=10
models.architecture.n_encoder_layers=1
models.architecture.n_decoder_layers=1    avg_loss: -68.427688598633  time_per_window : 0.000181   progress : 0.164
name: input_len=16
training.rollout_steps=8
models.architecture.block_type=simple_cls
training.mode=gml_rollout
models.out_dim=10
models.architecture.n_encoder_layers=1
models.architecture.n_decoder_layers=1    avg_loss: -68.541206359863  time_per_window : 0.000233   progress : 0.175
name: input_len=16
training.rollout_steps=8
models.architecture.block_type=simple_cls
training.mode=gml_rollout
models.out_dim=10
models.architecture.n_encoder_layers=1
models.architecture.n_decoder_layers=1    avg_loss: -68.628402709961  time_per_window : 0.000129   progress : 0.186
name: input_len=16
training.rollout_steps=8
models.architecture.block_type=simple_cls
training.mode=gml_rollout
models.out_dim=10
models.architecture.n_encoder_layers=1
models.architecture.n_decoder_layers=1    avg_loss: -68.686973571777  time_per_window : 0.000149   progress : 0.197
name: input_len=16
training.rollout_steps=8
models.architecture.block_type=simple_cls
training.mode=gml_rollout
models.out_dim=10
models.architecture.n_encoder_layers=1
models.architecture.n_decoder_layers=1    avg_loss: -68.711616516113  time_per_window : 0.000134   progress : 0.208
name: input_len=16
training.rollout_steps=8
models.architecture.block_type=simple_cls
training.mode=gml_rollout
models.out_dim=10
models.architecture.n_encoder_layers=1
models.architecture.n_decoder_layers=1    avg_loss: -68.697151184082  time_per_window : 0.000179   progress : 0.218
name: input_len=16
training.rollout_steps=8
models.architecture.block_type=simple_cls
training.mode=gml_rollout
models.out_dim=10
models.architecture.n_encoder_layers=1
models.architecture.n_decoder_layers=1    avg_loss: -68.695953369141  time_per_window : 0.000142   progress : 0.229
name: input_len=16
training.rollout_steps=8
models.architecture.block_type=simple_cls
training.mode=gml_rollout
models.out_dim=10
models.architecture.n_encoder_layers=1
models.architecture.n_decoder_layers=1    avg_loss: -68.681800842285  time_per_window : 0.000163   progress : 0.240
name: input_len=16
training.rollout_steps=8
models.architecture.block_type=simple_cls
training.mode=gml_rollout
models.out_dim=10
models.architecture.n_encoder_layers=1
models.architecture.n_decoder_layers=1    avg_loss: -68.693290710449  time_per_window : 0.000220   progress : 0.251
name: input_len=16
training.rollout_steps=8
models.architecture.block_type=simple_cls
training.mode=gml_rollout
models.out_dim=10
models.architecture.n_encoder_layers=1
models.architecture.n_decoder_layers=1    avg_loss: -68.758239746094  time_per_window : 0.000185   progress : 0.262
name: input_len=16
training.rollout_steps=8
models.architecture.block_type=simple_cls
training.mode=gml_rollout
models.out_dim=10
models.architecture.n_encoder_layers=1
models.architecture.n_decoder_layers=1    avg_loss: -68.721656799316  time_per_window : 0.000136   progress : 0.273
name: input_len=16
training.rollout_steps=8
models.architecture.block_type=simple_cls
training.mode=gml_rollout
models.out_dim=10
models.architecture.n_encoder_layers=1
models.architecture.n_decoder_layers=1    avg_loss: -68.715095520020  time_per_window : 0.000222   progress : 0.284
name: input_len=16
training.rollout_steps=8
models.architecture.block_type=simple_cls
training.mode=gml_rollout
models.out_dim=10
models.architecture.n_encoder_layers=1
models.architecture.n_decoder_layers=1    avg_loss: -68.725608825684  time_per_window : 0.000191   progress : 0.295
name: input_len=16
training.rollout_steps=8
models.architecture.block_type=simple_cls
training.mode=gml_rollout
models.out_dim=10
models.architecture.n_encoder_layers=1
models.architecture.n_decoder_layers=1    avg_loss: -68.701133728027  time_per_window : 0.000193   progress : 0.306
name: input_len=16
training.rollout_steps=8
models.architecture.block_type=simple_cls
training.mode=gml_rollout
models.out_dim=10
models.architecture.n_encoder_layers=1
models.architecture.n_decoder_layers=1    avg_loss: -68.704055786133  time_per_window : 0.000115   progress : 0.317
name: input_len=16
training.rollout_steps=8
models.architecture.block_type=simple_cls
training.mode=gml_rollout
models.out_dim=10
models.architecture.n_encoder_layers=1
models.architecture.n_decoder_layers=1    avg_loss: -68.694747924805  time_per_window : 0.000190   progress : 0.328
name: input_len=16
training.rollout_steps=8
models.architecture.block_type=simple_cls
training.mode=gml_rollout
models.out_dim=10
models.architecture.n_encoder_layers=1
models.architecture.n_decoder_layers=1    avg_loss: -68.707778930664  time_per_window : 0.000169   progress : 0.339
name: input_len=16
training.rollout_steps=8
models.architecture.block_type=simple_cls
training.mode=gml_rollout
models.out_dim=10
models.architecture.n_encoder_layers=1
models.architecture.n_decoder_layers=1    avg_loss: -68.686676025391  time_per_window : 0.000199   progress : 0.350
name: input_len=16
training.rollout_steps=8
models.architecture.block_type=simple_cls
training.mode=gml_rollout
models.out_dim=10
models.architecture.n_encoder_layers=1
models.architecture.n_decoder_layers=1    avg_loss: -68.701538085938  time_per_window : 0.000230   progress : 0.360
name: input_len=16
training.rollout_steps=8
models.architecture.block_type=simple_cls
training.mode=gml_rollout
models.out_dim=10
models.architecture.n_encoder_layers=1
models.architecture.n_decoder_layers=1    avg_loss: -68.655464172363  time_per_window : 0.000185   progress : 0.371
name: input_len=16
training.rollout_steps=8
models.architecture.block_type=simple_cls
training.mode=gml_rollout
models.out_dim=10
models.architecture.n_encoder_layers=1
models.architecture.n_decoder_layers=1    avg_loss: -68.742645263672  time_per_window : 0.000278   progress : 0.382
name: input_len=16
training.rollout_steps=8
models.architecture.block_type=simple_cls
training.mode=gml_rollout
models.out_dim=10
models.architecture.n_encoder_layers=1
models.architecture.n_decoder_layers=1    avg_loss: -68.525444030762  time_per_window : 0.000175   progress : 0.393
name: input_len=16
training.rollout_steps=8
models.architecture.block_type=simple_cls
training.mode=gml_rollout
models.out_dim=10
models.architecture.n_encoder_layers=1
models.architecture.n_decoder_layers=1    avg_loss: -68.684135437012  time_per_window : 0.000180   progress : 0.404
name: input_len=16
training.rollout_steps=8
models.architecture.block_type=simple_cls
training.mode=gml_rollout
models.out_dim=10
models.architecture.n_encoder_layers=1
models.architecture.n_decoder_layers=1    avg_loss: -68.721672058105  time_per_window : 0.000200   progress : 0.415
name: input_len=16
training.rollout_steps=8
models.architecture.block_type=simple_cls
training.mode=gml_rollout
models.out_dim=10
models.architecture.n_encoder_layers=1
models.architecture.n_decoder_layers=1    avg_loss: -68.687248229980  time_per_window : 0.000177   progress : 0.426
name: input_len=16
training.rollout_steps=8
models.architecture.block_type=simple_cls
training.mode=gml_rollout
models.out_dim=10
models.architecture.n_encoder_layers=1
models.architecture.n_decoder_layers=1    avg_loss: -68.681526184082  time_per_window : 0.000186   progress : 0.437
name: input_len=16
training.rollout_steps=8
models.architecture.block_type=simple_cls
training.mode=gml_rollout
models.out_dim=10
models.architecture.n_encoder_layers=1
models.architecture.n_decoder_layers=1    avg_loss: -68.695198059082  time_per_window : 0.000198   progress : 0.448
name: input_len=16
training.rollout_steps=8
models.architecture.block_type=simple_cls
training.mode=gml_rollout
models.out_dim=10
models.architecture.n_encoder_layers=1
models.architecture.n_decoder_layers=1    avg_loss: -68.707984924316  time_per_window : 0.000151   progress : 0.459
name: input_len=16
training.rollout_steps=8
models.architecture.block_type=simple_cls
training.mode=gml_rollout
models.out_dim=10
models.architecture.n_encoder_layers=1
models.architecture.n_decoder_layers=1    avg_loss: -68.710029602051  time_per_window : 0.000183   progress : 0.470
name: input_len=16
training.rollout_steps=8
models.architecture.block_type=simple_cls
training.mode=gml_rollout
models.out_dim=10
models.architecture.n_encoder_layers=1
models.architecture.n_decoder_layers=1    avg_loss: -68.686912536621  time_per_window : 0.000168   progress : 0.481
name: input_len=16
training.rollout_steps=8
models.architecture.block_type=simple_cls
training.mode=gml_rollout
models.out_dim=10
models.architecture.n_encoder_layers=1
models.architecture.n_decoder_layers=1    avg_loss: -68.611549377441  time_per_window : 0.000128   progress : 0.492
name: input_len=16
training.rollout_steps=8
models.architecture.block_type=simple_cls
training.mode=gml_rollout
models.out_dim=10
models.architecture.n_encoder_layers=1
models.architecture.n_decoder_layers=1    avg_loss: -68.739494323730  time_per_window : 0.000200   progress : 0.502
name: input_len=16
training.rollout_steps=8
models.architecture.block_type=simple_cls
training.mode=gml_rollout
models.out_dim=10
models.architecture.n_encoder_layers=1
models.architecture.n_decoder_layers=1    avg_loss: -68.679809570312  time_per_window : 0.000186   progress : 0.513
name: input_len=16
training.rollout_steps=8
models.architecture.block_type=simple_cls
training.mode=gml_rollout
models.out_dim=10
models.architecture.n_encoder_layers=1
models.architecture.n_decoder_layers=1    avg_loss: -68.723030090332  time_per_window : 0.000162   progress : 0.524
name: input_len=16
training.rollout_steps=8
models.architecture.block_type=simple_cls
training.mode=gml_rollout
models.out_dim=10
models.architecture.n_encoder_layers=1
models.architecture.n_decoder_layers=1    avg_loss: -68.702156066895  time_per_window : 0.000195   progress : 0.535
name: input_len=16
training.rollout_steps=8
models.architecture.block_type=simple_cls
training.mode=gml_rollout
models.out_dim=10
models.architecture.n_encoder_layers=1
models.architecture.n_decoder_layers=1    avg_loss: -68.705421447754  time_per_window : 0.000199   progress : 0.546
name: input_len=16
training.rollout_steps=8
models.architecture.block_type=simple_cls
training.mode=gml_rollout
models.out_dim=10
models.architecture.n_encoder_layers=1
models.architecture.n_decoder_layers=1    avg_loss: -68.668312072754  time_per_window : 0.000177   progress : 0.557
name: input_len=16
training.rollout_steps=8
models.architecture.block_type=simple_cls
training.mode=gml_rollout
models.out_dim=10
models.architecture.n_encoder_layers=1
models.architecture.n_decoder_layers=1    avg_loss: -68.709625244141  time_per_window : 0.000154   progress : 0.568
name: input_len=16
training.rollout_steps=8
models.architecture.block_type=simple_cls
training.mode=gml_rollout
models.out_dim=10
models.architecture.n_encoder_layers=1
models.architecture.n_decoder_layers=1    avg_loss: -68.702758789062  time_per_window : 0.000150   progress : 0.579
name: input_len=16
training.rollout_steps=8
models.architecture.block_type=simple_cls
training.mode=gml_rollout
models.out_dim=10
models.architecture.n_encoder_layers=1
models.architecture.n_decoder_layers=1    avg_loss: -68.717521667480  time_per_window : 0.000217   progress : 0.590
name: input_len=16
training.rollout_steps=8
models.architecture.block_type=simple_cls
training.mode=gml_rollout
models.out_dim=10
models.architecture.n_encoder_layers=1
models.architecture.n_decoder_layers=1    avg_loss: -68.735054016113  time_per_window : 0.000181   progress : 0.601
name: input_len=16
training.rollout_steps=8
models.architecture.block_type=simple_cls
training.mode=gml_rollout
models.out_dim=10
models.architecture.n_encoder_layers=1
models.architecture.n_decoder_layers=1    avg_loss: -68.699722290039  time_per_window : 0.000166   progress : 0.612
name: input_len=16
training.rollout_steps=8
models.architecture.block_type=simple_cls
training.mode=gml_rollout
models.out_dim=10
models.architecture.n_encoder_layers=1
models.architecture.n_decoder_layers=1    avg_loss: -68.772628784180  time_per_window : 0.000203   progress : 0.623
name: input_len=16
training.rollout_steps=8
models.architecture.block_type=simple_cls
training.mode=gml_rollout
models.out_dim=10
models.architecture.n_encoder_layers=1
models.architecture.n_decoder_layers=1    avg_loss: -68.743713378906  time_per_window : 0.000191   progress : 0.634
name: input_len=16
training.rollout_steps=8
models.architecture.block_type=simple_cls
training.mode=gml_rollout
models.out_dim=10
models.architecture.n_encoder_layers=1
models.architecture.n_decoder_layers=1    avg_loss: -68.767250061035  time_per_window : 0.000226   progress : 0.644
name: input_len=16
training.rollout_steps=8
models.architecture.block_type=simple_cls
training.mode=gml_rollout
models.out_dim=10
models.architecture.n_encoder_layers=1
models.architecture.n_decoder_layers=1    avg_loss: -68.719062805176  time_per_window : 0.000120   progress : 0.655
name: input_len=16
training.rollout_steps=8
models.architecture.block_type=simple_cls
training.mode=gml_rollout
models.out_dim=10
models.architecture.n_encoder_layers=1
models.architecture.n_decoder_layers=1    avg_loss: -68.755996704102  time_per_window : 0.000140   progress : 0.666
name: input_len=16
training.rollout_steps=8
models.architecture.block_type=simple_cls
training.mode=gml_rollout
models.out_dim=10
models.architecture.n_encoder_layers=1
models.architecture.n_decoder_layers=1    avg_loss: -68.719444274902  time_per_window : 0.000168   progress : 0.677
name: input_len=16
training.rollout_steps=8
models.architecture.block_type=simple_cls
training.mode=gml_rollout
models.out_dim=10
models.architecture.n_encoder_layers=1
models.architecture.n_decoder_layers=1    avg_loss: -68.705848693848  time_per_window : 0.000153   progress : 0.688
name: input_len=16
training.rollout_steps=8
models.architecture.block_type=simple_cls
training.mode=gml_rollout
models.out_dim=10
models.architecture.n_encoder_layers=1
models.architecture.n_decoder_layers=1    avg_loss: -68.720443725586  time_per_window : 0.000183   progress : 0.699
name: input_len=16
training.rollout_steps=8
models.architecture.block_type=simple_cls
training.mode=gml_rollout
models.out_dim=10
models.architecture.n_encoder_layers=1
models.architecture.n_decoder_layers=1    avg_loss: -68.776344299316  time_per_window : 0.000146   progress : 0.710
name: input_len=16
training.rollout_steps=8
models.architecture.block_type=simple_cls
training.mode=gml_rollout
models.out_dim=10
models.architecture.n_encoder_layers=1
models.architecture.n_decoder_layers=1    avg_loss: -68.796905517578  time_per_window : 0.000157   progress : 0.721
name: input_len=16
training.rollout_steps=8
models.architecture.block_type=simple_cls
training.mode=gml_rollout
models.out_dim=10
models.architecture.n_encoder_layers=1
models.architecture.n_decoder_layers=1    avg_loss: -68.784927368164  time_per_window : 0.000188   progress : 0.732
name: input_len=16
training.rollout_steps=8
models.architecture.block_type=simple_cls
training.mode=gml_rollout
models.out_dim=10
models.architecture.n_encoder_layers=1
models.architecture.n_decoder_layers=1    avg_loss: -68.753250122070  time_per_window : 0.000197   progress : 0.743
name: input_len=16
training.rollout_steps=8
models.architecture.block_type=simple_cls
training.mode=gml_rollout
models.out_dim=10
models.architecture.n_encoder_layers=1
models.architecture.n_decoder_layers=1    avg_loss: -68.790725708008  time_per_window : 0.000183   progress : 0.754
name: input_len=16
training.rollout_steps=8
models.architecture.block_type=simple_cls
training.mode=gml_rollout
models.out_dim=10
models.architecture.n_encoder_layers=1
models.architecture.n_decoder_layers=1    avg_loss: -68.754875183105  time_per_window : 0.000154   progress : 0.765
name: input_len=16
training.rollout_steps=8
models.architecture.block_type=simple_cls
training.mode=gml_rollout
models.out_dim=10
models.architecture.n_encoder_layers=1
models.architecture.n_decoder_layers=1    avg_loss: -68.710380554199  time_per_window : 0.000218   progress : 0.775
name: input_len=16
training.rollout_steps=8
models.architecture.block_type=simple_cls
training.mode=gml_rollout
models.out_dim=10
models.architecture.n_encoder_layers=1
models.architecture.n_decoder_layers=1    avg_loss: -68.785583496094  time_per_window : 0.000150   progress : 0.786
name: input_len=16
training.rollout_steps=8
models.architecture.block_type=simple_cls
training.mode=gml_rollout
models.out_dim=10
models.architecture.n_encoder_layers=1
models.architecture.n_decoder_layers=1    avg_loss: -68.779426574707  time_per_window : 0.000181   progress : 0.797
name: input_len=16
training.rollout_steps=8
models.architecture.block_type=simple_cls
training.mode=gml_rollout
models.out_dim=10
models.architecture.n_encoder_layers=1
models.architecture.n_decoder_layers=1    avg_loss: -68.769889831543  time_per_window : 0.000186   progress : 0.808
name: input_len=16
training.rollout_steps=8
models.architecture.block_type=simple_cls
training.mode=gml_rollout
models.out_dim=10
models.architecture.n_encoder_layers=1
models.architecture.n_decoder_layers=1    avg_loss: -68.749084472656  time_per_window : 0.000166   progress : 0.819
name: input_len=16
training.rollout_steps=8
models.architecture.block_type=simple_cls
training.mode=gml_rollout
models.out_dim=10
models.architecture.n_encoder_layers=1
models.architecture.n_decoder_layers=1    avg_loss: -68.829383850098  time_per_window : 0.000230   progress : 0.830
name: input_len=16
training.rollout_steps=8
models.architecture.block_type=simple_cls
training.mode=gml_rollout
models.out_dim=10
models.architecture.n_encoder_layers=1
models.architecture.n_decoder_layers=1    avg_loss: -68.790946960449  time_per_window : 0.000220   progress : 0.841
name: input_len=16
training.rollout_steps=8
models.architecture.block_type=simple_cls
training.mode=gml_rollout
models.out_dim=10
models.architecture.n_encoder_layers=1
models.architecture.n_decoder_layers=1    avg_loss: -68.818931579590  time_per_window : 0.000241   progress : 0.852
name: input_len=16
training.rollout_steps=8
models.architecture.block_type=simple_cls
training.mode=gml_rollout
models.out_dim=10
models.architecture.n_encoder_layers=1
models.architecture.n_decoder_layers=1    avg_loss: -68.764244079590  time_per_window : 0.000211   progress : 0.863
name: input_len=16
training.rollout_steps=8
models.architecture.block_type=simple_cls
training.mode=gml_rollout
models.out_dim=10
models.architecture.n_encoder_layers=1
models.architecture.n_decoder_layers=1    avg_loss: -68.738815307617  time_per_window : 0.000198   progress : 0.874
name: input_len=16
training.rollout_steps=8
models.architecture.block_type=simple_cls
training.mode=gml_rollout
models.out_dim=10
models.architecture.n_encoder_layers=1
models.architecture.n_decoder_layers=1    avg_loss: -68.762916564941  time_per_window : 0.000178   progress : 0.885
name: input_len=16
training.rollout_steps=8
models.architecture.block_type=simple_cls
training.mode=gml_rollout
models.out_dim=10
models.architecture.n_encoder_layers=1
models.architecture.n_decoder_layers=1    avg_loss: -68.866607666016  time_per_window : 0.000190   progress : 0.896
name: input_len=16
training.rollout_steps=8
models.architecture.block_type=simple_cls
training.mode=gml_rollout
models.out_dim=10
models.architecture.n_encoder_layers=1
models.architecture.n_decoder_layers=1    avg_loss: -68.810356140137  time_per_window : 0.000221   progress : 0.907
name: input_len=16
training.rollout_steps=8
models.architecture.block_type=simple_cls
training.mode=gml_rollout
models.out_dim=10
models.architecture.n_encoder_layers=1
models.architecture.n_decoder_layers=1    avg_loss: -68.749008178711  time_per_window : 0.000164   progress : 0.917
name: input_len=16
training.rollout_steps=8
models.architecture.block_type=simple_cls
training.mode=gml_rollout
models.out_dim=10
models.architecture.n_encoder_layers=1
models.architecture.n_decoder_layers=1    avg_loss: -68.828239440918  time_per_window : 0.000212   progress : 0.928
name: input_len=16
training.rollout_steps=8
models.architecture.block_type=simple_cls
training.mode=gml_rollout
models.out_dim=10
models.architecture.n_encoder_layers=1
models.architecture.n_decoder_layers=1    avg_loss: -68.804222106934  time_per_window : 0.000165   progress : 0.939
name: input_len=16
training.rollout_steps=8
models.architecture.block_type=simple_cls
training.mode=gml_rollout
models.out_dim=10
models.architecture.n_encoder_layers=1
models.architecture.n_decoder_layers=1    avg_loss: -68.829231262207  time_per_window : 0.000167   progress : 0.950
name: input_len=16
training.rollout_steps=8
models.architecture.block_type=simple_cls
training.mode=gml_rollout
models.out_dim=10
models.architecture.n_encoder_layers=1
models.architecture.n_decoder_layers=1    avg_loss: -68.795486450195  time_per_window : 0.000229   progress : 0.961
name: input_len=16
training.rollout_steps=8
models.architecture.block_type=simple_cls
training.mode=gml_rollout
models.out_dim=10
models.architecture.n_encoder_layers=1
models.architecture.n_decoder_layers=1    avg_loss: -68.747222900391  time_per_window : 0.000202   progress : 0.972
name: input_len=16
training.rollout_steps=8
models.architecture.block_type=simple_cls
training.mode=gml_rollout
models.out_dim=10
models.architecture.n_encoder_layers=1
models.architecture.n_decoder_layers=1    avg_loss: -68.819587707520  time_per_window : 0.000201   progress : 0.983
name: input_len=16
training.rollout_steps=8
models.architecture.block_type=simple_cls
training.mode=gml_rollout
models.out_dim=10
models.architecture.n_encoder_layers=1
models.architecture.n_decoder_layers=1    avg_loss: -68.789207458496  time_per_window : 0.000210   progress : 0.994
DONE!!!
