/home/jdihardjo/miniconda3/envs/mavenv/lib/python3.11/site-packages/hydra/_internal/defaults_list.py:251: UserWarning: In 'config': Defaults list is missing `_self_`. See https://hydra.cc/docs/1.2/upgrades/1.0_to_1.1/default_composition_order for more information
  warnings.warn(msg, UserWarning)
Using cuda device
[2026-07-25 01:48:15,214][HYDRA] Joblib.Parallel(n_jobs=4,backend=loky,prefer=processes,require=None,verbose=0,timeout=None,pre_dispatch=2*n_jobs,batch_size=auto,temp_folder=None,max_nbytes=None,mmap_mode=r) is launching 1 jobs
[2026-07-25 01:48:15,214][HYDRA] Launching jobs, sweep output dir : ablation_runs/2026-07-24_23-30-14/simple_mamba_gml_out10_in16
[2026-07-25 01:48:15,214][HYDRA] 	#0 : input_len=16 training.rollout_steps=8 models.architecture.block_type=simple models.architecture.mamba_type=mamba training.mode=gml_rollout models.out_dim=10
/home/jdihardjo/miniconda3/envs/mavenv/lib/python3.11/site-packages/hydra/_internal/defaults_list.py:251: UserWarning: In 'config': Defaults list is missing `_self_`. See https://hydra.cc/docs/1.2/upgrades/1.0_to_1.1/default_composition_order for more information
  warnings.warn(msg, UserWarning)
models:
  n_dim: 23
  out_dim: 10
  architecture:
    d_model: 128
    n_encoder_layers: 2
    n_decoder_layers: 0
    block_type: simple
    time_adapter: last_token
    in_norm: none
    out_norm: none
    layer_scale: 0.0001
    drop_path: 0.05
    mamba_type: mamba
    mamba_kwargs:
      d_state: 16
      d_conv: 2
      expand: 2
      norm: rms
    skip: false
    cls_kwargs:
      n_heads: 2
      n_mlp: 2
      positional_encoding: false
      max_len: 5000
input_len: 16
output_len: 1
batch_size: 128
epochs: 5
seed: 0
dataset:
  path: /home/jdihardjo/simdata/train.zarr/
  training_size: 1500000
evaluation:
  path: /home/jdihardjo/simdata/evaluation.zarr/
  evaluation_size: 50
training:
  mode: gml_rollout
  lr: 0.0002
  weight_decay: 0.1
  rollout_steps: 8
checkpoint:
  save_path: hydra-test.pth
  load: false
  path: hydra-test.pth
compile: true

/home/jdihardjo/miniconda3/envs/mavenv/lib/python3.11/site-packages/torch/_dynamo/variables/functions.py:2311: UserWarning: Dynamo does not know how to trace the builtin `selective_scan_cuda.pybind11_detail_function_record_v1_system_libstdcpp_gxx_abi_1xxx_use_cxx11_abi_1.fwd.` This function is either a Python builtin (e.g. _warnings.warn) or a third-party C/C++ Python extension (perhaps created with pybind).
If it is a Python builtin, please file an issue on GitHub so the PyTorch team can add support for it and see the next case for a workaround.
If it is a third-party C/C++ Python extension, please either wrap it into a PyTorch-understood custom operator (see https://pytorch.org/tutorials/advanced/custom_ops_landing_page.html for more details) or, if it is traceable, use `torch.compiler.allow_in_graph`.
  torch._dynamo.utils.warn_once(explanation + "\n" + "\n".join(hints))
/home/jdihardjo/miniconda3/envs/mavenv/lib/python3.11/site-packages/torch/_inductor/cudagraph_trees.py:2622: UserWarning: Unable to hit fast path of CUDAGraphs because outputs from a previous step still require backward. Ensure backward() is invoked or detach outputs. You may also call torch.compiler.cudagraph_mark_step_begin() before each model invocation.
  warnings.warn(
name: input_len=16
training.rollout_steps=8
models.architecture.block_type=simple
models.architecture.mamba_type=mamba
training.mode=gml_rollout
models.out_dim=10    avg_loss: 0.000068509755  time_per_window : 0.000547   progress : 0.011
name: input_len=16
training.rollout_steps=8
models.architecture.block_type=simple
models.architecture.mamba_type=mamba
training.mode=gml_rollout
models.out_dim=10    avg_loss: 0.000000206705  time_per_window : 0.000534   progress : 0.022
name: input_len=16
training.rollout_steps=8
models.architecture.block_type=simple
models.architecture.mamba_type=mamba
training.mode=gml_rollout
models.out_dim=10    avg_loss: 0.000000187471  time_per_window : 0.000432   progress : 0.033
name: input_len=16
training.rollout_steps=8
models.architecture.block_type=simple
models.architecture.mamba_type=mamba
training.mode=gml_rollout
models.out_dim=10    avg_loss: 0.000000187669  time_per_window : 0.000463   progress : 0.044
name: input_len=16
training.rollout_steps=8
models.architecture.block_type=simple
models.architecture.mamba_type=mamba
training.mode=gml_rollout
models.out_dim=10    avg_loss: 0.000000173334  time_per_window : 0.000446   progress : 0.055
name: input_len=16
training.rollout_steps=8
models.architecture.block_type=simple
models.architecture.mamba_type=mamba
training.mode=gml_rollout
models.out_dim=10    avg_loss: 0.000000165237  time_per_window : 0.000472   progress : 0.066
name: input_len=16
training.rollout_steps=8
models.architecture.block_type=simple
models.architecture.mamba_type=mamba
training.mode=gml_rollout
models.out_dim=10    avg_loss: 0.000000156271  time_per_window : 0.000460   progress : 0.076
name: input_len=16
training.rollout_steps=8
models.architecture.block_type=simple
models.architecture.mamba_type=mamba
training.mode=gml_rollout
models.out_dim=10    avg_loss: 0.000000149952  time_per_window : 0.000542   progress : 0.087
name: input_len=16
training.rollout_steps=8
models.architecture.block_type=simple
models.architecture.mamba_type=mamba
training.mode=gml_rollout
models.out_dim=10    avg_loss: 0.000000141427  time_per_window : 0.000524   progress : 0.098
name: input_len=16
training.rollout_steps=8
models.architecture.block_type=simple
models.architecture.mamba_type=mamba
training.mode=gml_rollout
models.out_dim=10    avg_loss: 0.000000140300  time_per_window : 0.000542   progress : 0.109
name: input_len=16
training.rollout_steps=8
models.architecture.block_type=simple
models.architecture.mamba_type=mamba
training.mode=gml_rollout
models.out_dim=10    avg_loss: 0.000000127231  time_per_window : 0.000560   progress : 0.120
name: input_len=16
training.rollout_steps=8
models.architecture.block_type=simple
models.architecture.mamba_type=mamba
training.mode=gml_rollout
models.out_dim=10    avg_loss: 0.000000116204  time_per_window : 0.000553   progress : 0.131
name: input_len=16
training.rollout_steps=8
models.architecture.block_type=simple
models.architecture.mamba_type=mamba
training.mode=gml_rollout
models.out_dim=10    avg_loss: 0.000000102243  time_per_window : 0.000539   progress : 0.142
name: input_len=16
training.rollout_steps=8
models.architecture.block_type=simple
models.architecture.mamba_type=mamba
training.mode=gml_rollout
models.out_dim=10    avg_loss: 0.000000090956  time_per_window : 0.000541   progress : 0.153
name: input_len=16
training.rollout_steps=8
models.architecture.block_type=simple
models.architecture.mamba_type=mamba
training.mode=gml_rollout
models.out_dim=10    avg_loss: 0.000000081098  time_per_window : 0.000541   progress : 0.164
name: input_len=16
training.rollout_steps=8
models.architecture.block_type=simple
models.architecture.mamba_type=mamba
training.mode=gml_rollout
models.out_dim=10    avg_loss: 0.000000073009  time_per_window : 0.000544   progress : 0.175
name: input_len=16
training.rollout_steps=8
models.architecture.block_type=simple
models.architecture.mamba_type=mamba
training.mode=gml_rollout
models.out_dim=10    avg_loss: 0.000000067722  time_per_window : 0.000542   progress : 0.186
name: input_len=16
training.rollout_steps=8
models.architecture.block_type=simple
models.architecture.mamba_type=mamba
training.mode=gml_rollout
models.out_dim=10    avg_loss: 0.000000062252  time_per_window : 0.000563   progress : 0.197
name: input_len=16
training.rollout_steps=8
models.architecture.block_type=simple
models.architecture.mamba_type=mamba
training.mode=gml_rollout
models.out_dim=10    avg_loss: 0.000000055366  time_per_window : 0.000591   progress : 0.208
name: input_len=16
training.rollout_steps=8
models.architecture.block_type=simple
models.architecture.mamba_type=mamba
training.mode=gml_rollout
models.out_dim=10    avg_loss: 0.000000051786  time_per_window : 0.000592   progress : 0.218
name: input_len=16
training.rollout_steps=8
models.architecture.block_type=simple
models.architecture.mamba_type=mamba
training.mode=gml_rollout
models.out_dim=10    avg_loss: 0.000000047353  time_per_window : 0.000584   progress : 0.229
name: input_len=16
training.rollout_steps=8
models.architecture.block_type=simple
models.architecture.mamba_type=mamba
training.mode=gml_rollout
models.out_dim=10    avg_loss: 0.000000046955  time_per_window : 0.000573   progress : 0.240
name: input_len=16
training.rollout_steps=8
models.architecture.block_type=simple
models.architecture.mamba_type=mamba
training.mode=gml_rollout
models.out_dim=10    avg_loss: 0.000000047145  time_per_window : 0.000574   progress : 0.251
name: input_len=16
training.rollout_steps=8
models.architecture.block_type=simple
models.architecture.mamba_type=mamba
training.mode=gml_rollout
models.out_dim=10    avg_loss: 0.000000043716  time_per_window : 0.000551   progress : 0.262
name: input_len=16
training.rollout_steps=8
models.architecture.block_type=simple
models.architecture.mamba_type=mamba
training.mode=gml_rollout
models.out_dim=10    avg_loss: 0.000000041361  time_per_window : 0.000572   progress : 0.273
name: input_len=16
training.rollout_steps=8
models.architecture.block_type=simple
models.architecture.mamba_type=mamba
training.mode=gml_rollout
models.out_dim=10    avg_loss: 0.000000043332  time_per_window : 0.000546   progress : 0.284
name: input_len=16
training.rollout_steps=8
models.architecture.block_type=simple
models.architecture.mamba_type=mamba
training.mode=gml_rollout
models.out_dim=10    avg_loss: 0.000000041451  time_per_window : 0.000566   progress : 0.295
name: input_len=16
training.rollout_steps=8
models.architecture.block_type=simple
models.architecture.mamba_type=mamba
training.mode=gml_rollout
models.out_dim=10    avg_loss: 0.000000039879  time_per_window : 0.000573   progress : 0.306
name: input_len=16
training.rollout_steps=8
models.architecture.block_type=simple
models.architecture.mamba_type=mamba
training.mode=gml_rollout
models.out_dim=10    avg_loss: 0.000000044712  time_per_window : 0.000585   progress : 0.317
name: input_len=16
training.rollout_steps=8
models.architecture.block_type=simple
models.architecture.mamba_type=mamba
training.mode=gml_rollout
models.out_dim=10    avg_loss: 0.000000045081  time_per_window : 0.000623   progress : 0.328
name: input_len=16
training.rollout_steps=8
models.architecture.block_type=simple
models.architecture.mamba_type=mamba
training.mode=gml_rollout
models.out_dim=10    avg_loss: 0.000000044674  time_per_window : 0.000591   progress : 0.339
name: input_len=16
training.rollout_steps=8
models.architecture.block_type=simple
models.architecture.mamba_type=mamba
training.mode=gml_rollout
models.out_dim=10    avg_loss: 0.000000040755  time_per_window : 0.000560   progress : 0.350
name: input_len=16
training.rollout_steps=8
models.architecture.block_type=simple
models.architecture.mamba_type=mamba
training.mode=gml_rollout
models.out_dim=10    avg_loss: 0.000000040741  time_per_window : 0.000542   progress : 0.360
name: input_len=16
training.rollout_steps=8
models.architecture.block_type=simple
models.architecture.mamba_type=mamba
training.mode=gml_rollout
models.out_dim=10    avg_loss: 0.000000044006  time_per_window : 0.000544   progress : 0.371
name: input_len=16
training.rollout_steps=8
models.architecture.block_type=simple
models.architecture.mamba_type=mamba
training.mode=gml_rollout
models.out_dim=10    avg_loss: 0.000000044140  time_per_window : 0.000567   progress : 0.382
name: input_len=16
training.rollout_steps=8
models.architecture.block_type=simple
models.architecture.mamba_type=mamba
training.mode=gml_rollout
models.out_dim=10    avg_loss: 0.000000045743  time_per_window : 0.000559   progress : 0.393
name: input_len=16
training.rollout_steps=8
models.architecture.block_type=simple
models.architecture.mamba_type=mamba
training.mode=gml_rollout
models.out_dim=10    avg_loss: 0.000000042646  time_per_window : 0.000588   progress : 0.404
name: input_len=16
training.rollout_steps=8
models.architecture.block_type=simple
models.architecture.mamba_type=mamba
training.mode=gml_rollout
models.out_dim=10    avg_loss: 0.000000046670  time_per_window : 0.000515   progress : 0.415
name: input_len=16
training.rollout_steps=8
models.architecture.block_type=simple
models.architecture.mamba_type=mamba
training.mode=gml_rollout
models.out_dim=10    avg_loss: 0.000000041477  time_per_window : 0.000617   progress : 0.426
name: input_len=16
training.rollout_steps=8
models.architecture.block_type=simple
models.architecture.mamba_type=mamba
training.mode=gml_rollout
models.out_dim=10    avg_loss: 0.000000044251  time_per_window : 0.000528   progress : 0.437
name: input_len=16
training.rollout_steps=8
models.architecture.block_type=simple
models.architecture.mamba_type=mamba
training.mode=gml_rollout
models.out_dim=10    avg_loss: 0.000000045621  time_per_window : 0.000616   progress : 0.448
name: input_len=16
training.rollout_steps=8
models.architecture.block_type=simple
models.architecture.mamba_type=mamba
training.mode=gml_rollout
models.out_dim=10    avg_loss: 0.000000040995  time_per_window : 0.000506   progress : 0.459
name: input_len=16
training.rollout_steps=8
models.architecture.block_type=simple
models.architecture.mamba_type=mamba
training.mode=gml_rollout
models.out_dim=10    avg_loss: 0.000000042047  time_per_window : 0.000599   progress : 0.470
name: input_len=16
training.rollout_steps=8
models.architecture.block_type=simple
models.architecture.mamba_type=mamba
training.mode=gml_rollout
models.out_dim=10    avg_loss: 0.000000038374  time_per_window : 0.000572   progress : 0.481
name: input_len=16
training.rollout_steps=8
models.architecture.block_type=simple
models.architecture.mamba_type=mamba
training.mode=gml_rollout
models.out_dim=10    avg_loss: 0.000000047366  time_per_window : 0.000563   progress : 0.492
name: input_len=16
training.rollout_steps=8
models.architecture.block_type=simple
models.architecture.mamba_type=mamba
training.mode=gml_rollout
models.out_dim=10    avg_loss: 0.000000044212  time_per_window : 0.000566   progress : 0.502
name: input_len=16
training.rollout_steps=8
models.architecture.block_type=simple
models.architecture.mamba_type=mamba
training.mode=gml_rollout
models.out_dim=10    avg_loss: 0.000000043955  time_per_window : 0.000567   progress : 0.513
name: input_len=16
training.rollout_steps=8
models.architecture.block_type=simple
models.architecture.mamba_type=mamba
training.mode=gml_rollout
models.out_dim=10    avg_loss: 0.000000039483  time_per_window : 0.000525   progress : 0.524
name: input_len=16
training.rollout_steps=8
models.architecture.block_type=simple
models.architecture.mamba_type=mamba
training.mode=gml_rollout
models.out_dim=10    avg_loss: 0.000000037621  time_per_window : 0.000542   progress : 0.535
name: input_len=16
training.rollout_steps=8
models.architecture.block_type=simple
models.architecture.mamba_type=mamba
training.mode=gml_rollout
models.out_dim=10    avg_loss: 0.000000043594  time_per_window : 0.000559   progress : 0.546
name: input_len=16
training.rollout_steps=8
models.architecture.block_type=simple
models.architecture.mamba_type=mamba
training.mode=gml_rollout
models.out_dim=10    avg_loss: 0.000000042777  time_per_window : 0.000582   progress : 0.557
name: input_len=16
training.rollout_steps=8
models.architecture.block_type=simple
models.architecture.mamba_type=mamba
training.mode=gml_rollout
models.out_dim=10    avg_loss: 0.000000038746  time_per_window : 0.000594   progress : 0.568
name: input_len=16
training.rollout_steps=8
models.architecture.block_type=simple
models.architecture.mamba_type=mamba
training.mode=gml_rollout
models.out_dim=10    avg_loss: 0.000000040859  time_per_window : 0.000551   progress : 0.579
name: input_len=16
training.rollout_steps=8
models.architecture.block_type=simple
models.architecture.mamba_type=mamba
training.mode=gml_rollout
models.out_dim=10    avg_loss: 0.000000040819  time_per_window : 0.000567   progress : 0.590
name: input_len=16
training.rollout_steps=8
models.architecture.block_type=simple
models.architecture.mamba_type=mamba
training.mode=gml_rollout
models.out_dim=10    avg_loss: 0.000000037271  time_per_window : 0.000541   progress : 0.601
name: input_len=16
training.rollout_steps=8
models.architecture.block_type=simple
models.architecture.mamba_type=mamba
training.mode=gml_rollout
models.out_dim=10    avg_loss: 0.000000035474  time_per_window : 0.000549   progress : 0.612
name: input_len=16
training.rollout_steps=8
models.architecture.block_type=simple
models.architecture.mamba_type=mamba
training.mode=gml_rollout
models.out_dim=10    avg_loss: 0.000000045746  time_per_window : 0.000566   progress : 0.623
name: input_len=16
training.rollout_steps=8
models.architecture.block_type=simple
models.architecture.mamba_type=mamba
training.mode=gml_rollout
models.out_dim=10    avg_loss: 0.000000035386  time_per_window : 0.000563   progress : 0.634
name: input_len=16
training.rollout_steps=8
models.architecture.block_type=simple
models.architecture.mamba_type=mamba
training.mode=gml_rollout
models.out_dim=10    avg_loss: 0.000000039084  time_per_window : 0.000574   progress : 0.644
name: input_len=16
training.rollout_steps=8
models.architecture.block_type=simple
models.architecture.mamba_type=mamba
training.mode=gml_rollout
models.out_dim=10    avg_loss: 0.000000037793  time_per_window : 0.000567   progress : 0.655
name: input_len=16
training.rollout_steps=8
models.architecture.block_type=simple
models.architecture.mamba_type=mamba
training.mode=gml_rollout
models.out_dim=10    avg_loss: 0.000000035686  time_per_window : 0.000606   progress : 0.666
name: input_len=16
training.rollout_steps=8
models.architecture.block_type=simple
models.architecture.mamba_type=mamba
training.mode=gml_rollout
models.out_dim=10    avg_loss: 0.000000037044  time_per_window : 0.000572   progress : 0.677
name: input_len=16
training.rollout_steps=8
models.architecture.block_type=simple
models.architecture.mamba_type=mamba
training.mode=gml_rollout
models.out_dim=10    avg_loss: 0.000000034404  time_per_window : 0.000542   progress : 0.688
name: input_len=16
training.rollout_steps=8
models.architecture.block_type=simple
models.architecture.mamba_type=mamba
training.mode=gml_rollout
models.out_dim=10    avg_loss: 0.000000036739  time_per_window : 0.000534   progress : 0.699
name: input_len=16
training.rollout_steps=8
models.architecture.block_type=simple
models.architecture.mamba_type=mamba
training.mode=gml_rollout
models.out_dim=10    avg_loss: 0.000000036452  time_per_window : 0.000545   progress : 0.710
name: input_len=16
training.rollout_steps=8
models.architecture.block_type=simple
models.architecture.mamba_type=mamba
training.mode=gml_rollout
models.out_dim=10    avg_loss: 0.000000034474  time_per_window : 0.000547   progress : 0.721
name: input_len=16
training.rollout_steps=8
models.architecture.block_type=simple
models.architecture.mamba_type=mamba
training.mode=gml_rollout
models.out_dim=10    avg_loss: 0.000000035459  time_per_window : 0.000596   progress : 0.732
name: input_len=16
training.rollout_steps=8
models.architecture.block_type=simple
models.architecture.mamba_type=mamba
training.mode=gml_rollout
models.out_dim=10    avg_loss: 0.000000033206  time_per_window : 0.000591   progress : 0.743
name: input_len=16
training.rollout_steps=8
models.architecture.block_type=simple
models.architecture.mamba_type=mamba
training.mode=gml_rollout
models.out_dim=10    avg_loss: 0.000000036730  time_per_window : 0.000606   progress : 0.754
name: input_len=16
training.rollout_steps=8
models.architecture.block_type=simple
models.architecture.mamba_type=mamba
training.mode=gml_rollout
models.out_dim=10    avg_loss: 0.000000034695  time_per_window : 0.000544   progress : 0.765/home/jdihardjo/miniconda3/envs/mavenv/lib/python3.11/site-packages/torch/_inductor/cudagraph_trees.py:2622: UserWarning: Unable to hit fast path of CUDAGraphs because outputs from a previous step still require backward. Ensure backward() is invoked or detach outputs. You may also call torch.compiler.cudagraph_mark_step_begin() before each model invocation.
  warnings.warn(
/home/jdihardjo/miniconda3/envs/mavenv/lib/python3.11/site-packages/torch/_inductor/cudagraph_trees.py:2622: UserWarning: Unable to hit fast path of CUDAGraphs because outputs from a previous step still require backward. Ensure backward() is invoked or detach outputs. You may also call torch.compiler.cudagraph_mark_step_begin() before each model invocation.
  warnings.warn(

name: input_len=16
training.rollout_steps=8
models.architecture.block_type=simple
models.architecture.mamba_type=mamba
training.mode=gml_rollout
models.out_dim=10    avg_loss: 0.000000033959  time_per_window : 0.000592   progress : 0.775
name: input_len=16
training.rollout_steps=8
models.architecture.block_type=simple
models.architecture.mamba_type=mamba
training.mode=gml_rollout
models.out_dim=10    avg_loss: 0.000000034332  time_per_window : 0.000584   progress : 0.786
name: input_len=16
training.rollout_steps=8
models.architecture.block_type=simple
models.architecture.mamba_type=mamba
training.mode=gml_rollout
models.out_dim=10    avg_loss: 0.000000035147  time_per_window : 0.000565   progress : 0.797
name: input_len=16
training.rollout_steps=8
models.architecture.block_type=simple
models.architecture.mamba_type=mamba
training.mode=gml_rollout
models.out_dim=10    avg_loss: 0.000000028303  time_per_window : 0.000542   progress : 0.808
name: input_len=16
training.rollout_steps=8
models.architecture.block_type=simple
models.architecture.mamba_type=mamba
training.mode=gml_rollout
models.out_dim=10    avg_loss: 0.000000031963  time_per_window : 0.000540   progress : 0.819
name: input_len=16
training.rollout_steps=8
models.architecture.block_type=simple
models.architecture.mamba_type=mamba
training.mode=gml_rollout
models.out_dim=10    avg_loss: 0.000000032118  time_per_window : 0.000600   progress : 0.830
name: input_len=16
training.rollout_steps=8
models.architecture.block_type=simple
models.architecture.mamba_type=mamba
training.mode=gml_rollout
models.out_dim=10    avg_loss: 0.000000029166  time_per_window : 0.000570   progress : 0.841
name: input_len=16
training.rollout_steps=8
models.architecture.block_type=simple
models.architecture.mamba_type=mamba
training.mode=gml_rollout
models.out_dim=10    avg_loss: 0.000000033980  time_per_window : 0.000577   progress : 0.852
name: input_len=16
training.rollout_steps=8
models.architecture.block_type=simple
models.architecture.mamba_type=mamba
training.mode=gml_rollout
models.out_dim=10    avg_loss: 0.000000032762  time_per_window : 0.000569   progress : 0.863
name: input_len=16
training.rollout_steps=8
models.architecture.block_type=simple
models.architecture.mamba_type=mamba
training.mode=gml_rollout
models.out_dim=10    avg_loss: 0.000000033390  time_per_window : 0.000489   progress : 0.874
name: input_len=16
training.rollout_steps=8
models.architecture.block_type=simple
models.architecture.mamba_type=mamba
training.mode=gml_rollout
models.out_dim=10    avg_loss: 0.000000034910  time_per_window : 0.000535   progress : 0.885
name: input_len=16
training.rollout_steps=8
models.architecture.block_type=simple
models.architecture.mamba_type=mamba
training.mode=gml_rollout
models.out_dim=10    avg_loss: 0.000000030807  time_per_window : 0.000592   progress : 0.896
name: input_len=16
training.rollout_steps=8
models.architecture.block_type=simple
models.architecture.mamba_type=mamba
training.mode=gml_rollout
models.out_dim=10    avg_loss: 0.000000027695  time_per_window : 0.000576   progress : 0.907
name: input_len=16
training.rollout_steps=8
models.architecture.block_type=simple
models.architecture.mamba_type=mamba
training.mode=gml_rollout
models.out_dim=10    avg_loss: 0.000000034246  time_per_window : 0.000557   progress : 0.917
name: input_len=16
training.rollout_steps=8
models.architecture.block_type=simple
models.architecture.mamba_type=mamba
training.mode=gml_rollout
models.out_dim=10    avg_loss: 0.000000028047  time_per_window : 0.000564   progress : 0.928
name: input_len=16
training.rollout_steps=8
models.architecture.block_type=simple
models.architecture.mamba_type=mamba
training.mode=gml_rollout
models.out_dim=10    avg_loss: 0.000000030933  time_per_window : 0.000567   progress : 0.939
name: input_len=16
training.rollout_steps=8
models.architecture.block_type=simple
models.architecture.mamba_type=mamba
training.mode=gml_rollout
models.out_dim=10    avg_loss: 0.000000033032  time_per_window : 0.000564   progress : 0.950
name: input_len=16
training.rollout_steps=8
models.architecture.block_type=simple
models.architecture.mamba_type=mamba
training.mode=gml_rollout
models.out_dim=10    avg_loss: 0.000000028451  time_per_window : 0.000550   progress : 0.961
name: input_len=16
training.rollout_steps=8
models.architecture.block_type=simple
models.architecture.mamba_type=mamba
training.mode=gml_rollout
models.out_dim=10    avg_loss: 0.000000031373  time_per_window : 0.000551   progress : 0.972
name: input_len=16
training.rollout_steps=8
models.architecture.block_type=simple
models.architecture.mamba_type=mamba
training.mode=gml_rollout
models.out_dim=10    avg_loss: 0.000000028258  time_per_window : 0.000558   progress : 0.983
name: input_len=16
training.rollout_steps=8
models.architecture.block_type=simple
models.architecture.mamba_type=mamba
training.mode=gml_rollout
models.out_dim=10    avg_loss: 0.000000029413  time_per_window : 0.000583   progress : 0.994
name: input_len=16
training.rollout_steps=8
models.architecture.block_type=simple
models.architecture.mamba_type=mamba
training.mode=gml_rollout
models.out_dim=10    avg_loss: 0.000000038365  time_per_window : 0.000546   progress : 0.011
name: input_len=16
training.rollout_steps=8
models.architecture.block_type=simple
models.architecture.mamba_type=mamba
training.mode=gml_rollout
models.out_dim=10    avg_loss: 0.000000034110  time_per_window : 0.000614   progress : 0.022
name: input_len=16
training.rollout_steps=8
models.architecture.block_type=simple
models.architecture.mamba_type=mamba
training.mode=gml_rollout
models.out_dim=10    avg_loss: 0.000000032045  time_per_window : 0.000537   progress : 0.033
name: input_len=16
training.rollout_steps=8
models.architecture.block_type=simple
models.architecture.mamba_type=mamba
training.mode=gml_rollout
models.out_dim=10    avg_loss: 0.000000034527  time_per_window : 0.000525   progress : 0.044
name: input_len=16
training.rollout_steps=8
models.architecture.block_type=simple
models.architecture.mamba_type=mamba
training.mode=gml_rollout
models.out_dim=10    avg_loss: 0.000000030279  time_per_window : 0.000597   progress : 0.055
name: input_len=16
training.rollout_steps=8
models.architecture.block_type=simple
models.architecture.mamba_type=mamba
training.mode=gml_rollout
models.out_dim=10    avg_loss: 0.000000031690  time_per_window : 0.000597   progress : 0.066
name: input_len=16
training.rollout_steps=8
models.architecture.block_type=simple
models.architecture.mamba_type=mamba
training.mode=gml_rollout
models.out_dim=10    avg_loss: 0.000000029688  time_per_window : 0.000547   progress : 0.076
name: input_len=16
training.rollout_steps=8
models.architecture.block_type=simple
models.architecture.mamba_type=mamba
training.mode=gml_rollout
models.out_dim=10    avg_loss: 0.000000029151  time_per_window : 0.000614   progress : 0.087
name: input_len=16
training.rollout_steps=8
models.architecture.block_type=simple
models.architecture.mamba_type=mamba
training.mode=gml_rollout
models.out_dim=10    avg_loss: 0.000000032232  time_per_window : 0.000551   progress : 0.098
name: input_len=16
training.rollout_steps=8
models.architecture.block_type=simple
models.architecture.mamba_type=mamba
training.mode=gml_rollout
models.out_dim=10    avg_loss: 0.000000030439  time_per_window : 0.000626   progress : 0.109
name: input_len=16
training.rollout_steps=8
models.architecture.block_type=simple
models.architecture.mamba_type=mamba
training.mode=gml_rollout
models.out_dim=10    avg_loss: 0.000000029362  time_per_window : 0.000575   progress : 0.120
name: input_len=16
training.rollout_steps=8
models.architecture.block_type=simple
models.architecture.mamba_type=mamba
training.mode=gml_rollout
models.out_dim=10    avg_loss: 0.000000027146  time_per_window : 0.000646   progress : 0.131
name: input_len=16
training.rollout_steps=8
models.architecture.block_type=simple
models.architecture.mamba_type=mamba
training.mode=gml_rollout
models.out_dim=10    avg_loss: 0.000000028654  time_per_window : 0.000573   progress : 0.142
name: input_len=16
training.rollout_steps=8
models.architecture.block_type=simple
models.architecture.mamba_type=mamba
training.mode=gml_rollout
models.out_dim=10    avg_loss: 0.000000032349  time_per_window : 0.000571   progress : 0.153
name: input_len=16
training.rollout_steps=8
models.architecture.block_type=simple
models.architecture.mamba_type=mamba
training.mode=gml_rollout
models.out_dim=10    avg_loss: 0.000000029112  time_per_window : 0.000588   progress : 0.164
name: input_len=16
training.rollout_steps=8
models.architecture.block_type=simple
models.architecture.mamba_type=mamba
training.mode=gml_rollout
models.out_dim=10    avg_loss: 0.000000029808  time_per_window : 0.000561   progress : 0.175
name: input_len=16
training.rollout_steps=8
models.architecture.block_type=simple
models.architecture.mamba_type=mamba
training.mode=gml_rollout
models.out_dim=10    avg_loss: 0.000000026669  time_per_window : 0.000585   progress : 0.186
name: input_len=16
training.rollout_steps=8
models.architecture.block_type=simple
models.architecture.mamba_type=mamba
training.mode=gml_rollout
models.out_dim=10    avg_loss: 0.000000026711  time_per_window : 0.000587   progress : 0.197
name: input_len=16
training.rollout_steps=8
models.architecture.block_type=simple
models.architecture.mamba_type=mamba
training.mode=gml_rollout
models.out_dim=10    avg_loss: 0.000000028909  time_per_window : 0.000493   progress : 0.208
name: input_len=16
training.rollout_steps=8
models.architecture.block_type=simple
models.architecture.mamba_type=mamba
training.mode=gml_rollout
models.out_dim=10    avg_loss: 0.000000029163  time_per_window : 0.000604   progress : 0.218
name: input_len=16
training.rollout_steps=8
models.architecture.block_type=simple
models.architecture.mamba_type=mamba
training.mode=gml_rollout
models.out_dim=10    avg_loss: 0.000000027801  time_per_window : 0.000580   progress : 0.229
name: input_len=16
training.rollout_steps=8
models.architecture.block_type=simple
models.architecture.mamba_type=mamba
training.mode=gml_rollout
models.out_dim=10    avg_loss: 0.000000027561  time_per_window : 0.000622   progress : 0.240
name: input_len=16
training.rollout_steps=8
models.architecture.block_type=simple
models.architecture.mamba_type=mamba
training.mode=gml_rollout
models.out_dim=10    avg_loss: 0.000000027053  time_per_window : 0.000512   progress : 0.251
name: input_len=16
training.rollout_steps=8
models.architecture.block_type=simple
models.architecture.mamba_type=mamba
training.mode=gml_rollout
models.out_dim=10    avg_loss: 0.000000027375  time_per_window : 0.000609   progress : 0.262
name: input_len=16
training.rollout_steps=8
models.architecture.block_type=simple
models.architecture.mamba_type=mamba
training.mode=gml_rollout
models.out_dim=10    avg_loss: 0.000000026651  time_per_window : 0.000571   progress : 0.273
name: input_len=16
training.rollout_steps=8
models.architecture.block_type=simple
models.architecture.mamba_type=mamba
training.mode=gml_rollout
models.out_dim=10    avg_loss: 0.000000026681  time_per_window : 0.000662   progress : 0.284
name: input_len=16
training.rollout_steps=8
models.architecture.block_type=simple
models.architecture.mamba_type=mamba
training.mode=gml_rollout
models.out_dim=10    avg_loss: 0.000000027069  time_per_window : 0.000588   progress : 0.295
name: input_len=16
training.rollout_steps=8
models.architecture.block_type=simple
models.architecture.mamba_type=mamba
training.mode=gml_rollout
models.out_dim=10    avg_loss: 0.000000027000  time_per_window : 0.000544   progress : 0.306
name: input_len=16
training.rollout_steps=8
models.architecture.block_type=simple
models.architecture.mamba_type=mamba
training.mode=gml_rollout
models.out_dim=10    avg_loss: 0.000000025503  time_per_window : 0.000576   progress : 0.317
name: input_len=16
training.rollout_steps=8
models.architecture.block_type=simple
models.architecture.mamba_type=mamba
training.mode=gml_rollout
models.out_dim=10    avg_loss: 0.000000026037  time_per_window : 0.000571   progress : 0.328
name: input_len=16
training.rollout_steps=8
models.architecture.block_type=simple
models.architecture.mamba_type=mamba
training.mode=gml_rollout
models.out_dim=10    avg_loss: 0.000000027388  time_per_window : 0.000537   progress : 0.339
name: input_len=16
training.rollout_steps=8
models.architecture.block_type=simple
models.architecture.mamba_type=mamba
training.mode=gml_rollout
models.out_dim=10    avg_loss: 0.000000025218  time_per_window : 0.000593   progress : 0.350
name: input_len=16
training.rollout_steps=8
models.architecture.block_type=simple
models.architecture.mamba_type=mamba
training.mode=gml_rollout
models.out_dim=10    avg_loss: 0.000000028574  time_per_window : 0.000530   progress : 0.360
name: input_len=16
training.rollout_steps=8
models.architecture.block_type=simple
models.architecture.mamba_type=mamba
training.mode=gml_rollout
models.out_dim=10    avg_loss: 0.000000024357  time_per_window : 0.000648   progress : 0.371
name: input_len=16
training.rollout_steps=8
models.architecture.block_type=simple
models.architecture.mamba_type=mamba
training.mode=gml_rollout
models.out_dim=10    avg_loss: 0.000000024993  time_per_window : 0.000596   progress : 0.382
name: input_len=16
training.rollout_steps=8
models.architecture.block_type=simple
models.architecture.mamba_type=mamba
training.mode=gml_rollout
models.out_dim=10    avg_loss: 0.000000026837  time_per_window : 0.000587   progress : 0.393
name: input_len=16
training.rollout_steps=8
models.architecture.block_type=simple
models.architecture.mamba_type=mamba
training.mode=gml_rollout
models.out_dim=10    avg_loss: 0.000000029117  time_per_window : 0.000544   progress : 0.404
name: input_len=16
training.rollout_steps=8
models.architecture.block_type=simple
models.architecture.mamba_type=mamba
training.mode=gml_rollout
models.out_dim=10    avg_loss: 0.000000025692  time_per_window : 0.000609   progress : 0.415
name: input_len=16
training.rollout_steps=8
models.architecture.block_type=simple
models.architecture.mamba_type=mamba
training.mode=gml_rollout
models.out_dim=10    avg_loss: 0.000000023110  time_per_window : 0.000539   progress : 0.426
name: input_len=16
training.rollout_steps=8
models.architecture.block_type=simple
models.architecture.mamba_type=mamba
training.mode=gml_rollout
models.out_dim=10    avg_loss: 0.000000026907  time_per_window : 0.000559   progress : 0.437
name: input_len=16
training.rollout_steps=8
models.architecture.block_type=simple
models.architecture.mamba_type=mamba
training.mode=gml_rollout
models.out_dim=10    avg_loss: 0.000000024396  time_per_window : 0.000548   progress : 0.448
name: input_len=16
training.rollout_steps=8
models.architecture.block_type=simple
models.architecture.mamba_type=mamba
training.mode=gml_rollout
models.out_dim=10    avg_loss: 0.000000023369  time_per_window : 0.000545   progress : 0.459
name: input_len=16
training.rollout_steps=8
models.architecture.block_type=simple
models.architecture.mamba_type=mamba
training.mode=gml_rollout
models.out_dim=10    avg_loss: 0.000000027913  time_per_window : 0.000611   progress : 0.470
name: input_len=16
training.rollout_steps=8
models.architecture.block_type=simple
models.architecture.mamba_type=mamba
training.mode=gml_rollout
models.out_dim=10    avg_loss: 0.000000022878  time_per_window : 0.000551   progress : 0.481
name: input_len=16
training.rollout_steps=8
models.architecture.block_type=simple
models.architecture.mamba_type=mamba
training.mode=gml_rollout
models.out_dim=10    avg_loss: 0.000000024689  time_per_window : 0.000544   progress : 0.492
name: input_len=16
training.rollout_steps=8
models.architecture.block_type=simple
models.architecture.mamba_type=mamba
training.mode=gml_rollout
models.out_dim=10    avg_loss: 0.000000024699  time_per_window : 0.000623   progress : 0.502
name: input_len=16
training.rollout_steps=8
models.architecture.block_type=simple
models.architecture.mamba_type=mamba
training.mode=gml_rollout
models.out_dim=10    avg_loss: 0.000000022664  time_per_window : 0.000638   progress : 0.513
name: input_len=16
training.rollout_steps=8
models.architecture.block_type=simple
models.architecture.mamba_type=mamba
training.mode=gml_rollout
models.out_dim=10    avg_loss: 0.000000022719  time_per_window : 0.000645   progress : 0.524
name: input_len=16
training.rollout_steps=8
models.architecture.block_type=simple
models.architecture.mamba_type=mamba
training.mode=gml_rollout
models.out_dim=10    avg_loss: 0.000000023001  time_per_window : 0.000568   progress : 0.535
name: input_len=16
training.rollout_steps=8
models.architecture.block_type=simple
models.architecture.mamba_type=mamba
training.mode=gml_rollout
models.out_dim=10    avg_loss: 0.000000021720  time_per_window : 0.000570   progress : 0.546
name: input_len=16
training.rollout_steps=8
models.architecture.block_type=simple
models.architecture.mamba_type=mamba
training.mode=gml_rollout
models.out_dim=10    avg_loss: 0.000000020989  time_per_window : 0.000579   progress : 0.557
name: input_len=16
training.rollout_steps=8
models.architecture.block_type=simple
models.architecture.mamba_type=mamba
training.mode=gml_rollout
models.out_dim=10    avg_loss: 0.000000022125  time_per_window : 0.000647   progress : 0.568
name: input_len=16
training.rollout_steps=8
models.architecture.block_type=simple
models.architecture.mamba_type=mamba
training.mode=gml_rollout
models.out_dim=10    avg_loss: 0.000000020544  time_per_window : 0.000555   progress : 0.579
name: input_len=16
training.rollout_steps=8
models.architecture.block_type=simple
models.architecture.mamba_type=mamba
training.mode=gml_rollout
models.out_dim=10    avg_loss: 0.000000019267  time_per_window : 0.000554   progress : 0.590
name: input_len=16
training.rollout_steps=8
models.architecture.block_type=simple
models.architecture.mamba_type=mamba
training.mode=gml_rollout
models.out_dim=10    avg_loss: 0.000000018386  time_per_window : 0.000560   progress : 0.601
name: input_len=16
training.rollout_steps=8
models.architecture.block_type=simple
models.architecture.mamba_type=mamba
training.mode=gml_rollout
models.out_dim=10    avg_loss: 0.000000018969  time_per_window : 0.000554   progress : 0.612
name: input_len=16
training.rollout_steps=8
models.architecture.block_type=simple
models.architecture.mamba_type=mamba
training.mode=gml_rollout
models.out_dim=10    avg_loss: 0.000000018883  time_per_window : 0.000571   progress : 0.623
name: input_len=16
training.rollout_steps=8
models.architecture.block_type=simple
models.architecture.mamba_type=mamba
training.mode=gml_rollout
models.out_dim=10    avg_loss: 0.000000019136  time_per_window : 0.000564   progress : 0.634
name: input_len=16
training.rollout_steps=8
models.architecture.block_type=simple
models.architecture.mamba_type=mamba
training.mode=gml_rollout
models.out_dim=10    avg_loss: 0.000000017651  time_per_window : 0.000655   progress : 0.644
name: input_len=16
training.rollout_steps=8
models.architecture.block_type=simple
models.architecture.mamba_type=mamba
training.mode=gml_rollout
models.out_dim=10    avg_loss: 0.000000017630  time_per_window : 0.000547   progress : 0.655
name: input_len=16
training.rollout_steps=8
models.architecture.block_type=simple
models.architecture.mamba_type=mamba
training.mode=gml_rollout
models.out_dim=10    avg_loss: 0.000000017590  time_per_window : 0.000588   progress : 0.666
name: input_len=16
training.rollout_steps=8
models.architecture.block_type=simple
models.architecture.mamba_type=mamba
training.mode=gml_rollout
models.out_dim=10    avg_loss: 0.000000017227  time_per_window : 0.000544   progress : 0.677
name: input_len=16
training.rollout_steps=8
models.architecture.block_type=simple
models.architecture.mamba_type=mamba
training.mode=gml_rollout
models.out_dim=10    avg_loss: 0.000000018090  time_per_window : 0.000570   progress : 0.688
name: input_len=16
training.rollout_steps=8
models.architecture.block_type=simple
models.architecture.mamba_type=mamba
training.mode=gml_rollout
models.out_dim=10    avg_loss: 0.000000017704  time_per_window : 0.000609   progress : 0.699
name: input_len=16
training.rollout_steps=8
models.architecture.block_type=simple
models.architecture.mamba_type=mamba
training.mode=gml_rollout
models.out_dim=10    avg_loss: 0.000000017624  time_per_window : 0.000567   progress : 0.710
name: input_len=16
training.rollout_steps=8
models.architecture.block_type=simple
models.architecture.mamba_type=mamba
training.mode=gml_rollout
models.out_dim=10    avg_loss: 0.000000016447  time_per_window : 0.000542   progress : 0.721
name: input_len=16
training.rollout_steps=8
models.architecture.block_type=simple
models.architecture.mamba_type=mamba
training.mode=gml_rollout
models.out_dim=10    avg_loss: 0.000000017233  time_per_window : 0.000583   progress : 0.732
name: input_len=16
training.rollout_steps=8
models.architecture.block_type=simple
models.architecture.mamba_type=mamba
training.mode=gml_rollout
models.out_dim=10    avg_loss: 0.000000016316  time_per_window : 0.000607   progress : 0.743
name: input_len=16
training.rollout_steps=8
models.architecture.block_type=simple
models.architecture.mamba_type=mamba
training.mode=gml_rollout
models.out_dim=10    avg_loss: 0.000000017271  time_per_window : 0.000636   progress : 0.754
name: input_len=16
training.rollout_steps=8
models.architecture.block_type=simple
models.architecture.mamba_type=mamba
training.mode=gml_rollout
models.out_dim=10    avg_loss: 0.000000017642  time_per_window : 0.000584   progress : 0.765
name: input_len=16
training.rollout_steps=8
models.architecture.block_type=simple
models.architecture.mamba_type=mamba
training.mode=gml_rollout
models.out_dim=10    avg_loss: 0.000000017614  time_per_window : 0.000519   progress : 0.775
name: input_len=16
training.rollout_steps=8
models.architecture.block_type=simple
models.architecture.mamba_type=mamba
training.mode=gml_rollout
models.out_dim=10    avg_loss: 0.000000016828  time_per_window : 0.000597   progress : 0.786
name: input_len=16
training.rollout_steps=8
models.architecture.block_type=simple
models.architecture.mamba_type=mamba
training.mode=gml_rollout
models.out_dim=10    avg_loss: 0.000000017098  time_per_window : 0.000573   progress : 0.797
name: input_len=16
training.rollout_steps=8
models.architecture.block_type=simple
models.architecture.mamba_type=mamba
training.mode=gml_rollout
models.out_dim=10    avg_loss: 0.000000017002  time_per_window : 0.000596   progress : 0.808
name: input_len=16
training.rollout_steps=8
models.architecture.block_type=simple
models.architecture.mamba_type=mamba
training.mode=gml_rollout
models.out_dim=10    avg_loss: 0.000000017560  time_per_window : 0.000587   progress : 0.819
name: input_len=16
training.rollout_steps=8
models.architecture.block_type=simple
models.architecture.mamba_type=mamba
training.mode=gml_rollout
models.out_dim=10    avg_loss: 0.000000017616  time_per_window : 0.000595   progress : 0.830
name: input_len=16
training.rollout_steps=8
models.architecture.block_type=simple
models.architecture.mamba_type=mamba
training.mode=gml_rollout
models.out_dim=10    avg_loss: 0.000000017004  time_per_window : 0.000558   progress : 0.841
name: input_len=16
training.rollout_steps=8
models.architecture.block_type=simple
models.architecture.mamba_type=mamba
training.mode=gml_rollout
models.out_dim=10    avg_loss: 0.000000016923  time_per_window : 0.000571   progress : 0.852
name: input_len=16
training.rollout_steps=8
models.architecture.block_type=simple
models.architecture.mamba_type=mamba
training.mode=gml_rollout
models.out_dim=10    avg_loss: 0.000000016236  time_per_window : 0.000610   progress : 0.863
name: input_len=16
training.rollout_steps=8
models.architecture.block_type=simple
models.architecture.mamba_type=mamba
training.mode=gml_rollout
models.out_dim=10    avg_loss: 0.000000016700  time_per_window : 0.000544   progress : 0.874
name: input_len=16
training.rollout_steps=8
models.architecture.block_type=simple
models.architecture.mamba_type=mamba
training.mode=gml_rollout
models.out_dim=10    avg_loss: 0.000000016775  time_per_window : 0.000603   progress : 0.885
name: input_len=16
training.rollout_steps=8
models.architecture.block_type=simple
models.architecture.mamba_type=mamba
training.mode=gml_rollout
models.out_dim=10    avg_loss: 0.000000016759  time_per_window : 0.000570   progress : 0.896
name: input_len=16
training.rollout_steps=8
models.architecture.block_type=simple
models.architecture.mamba_type=mamba
training.mode=gml_rollout
models.out_dim=10    avg_loss: 0.000000016942  time_per_window : 0.000571   progress : 0.907
name: input_len=16
training.rollout_steps=8
models.architecture.block_type=simple
models.architecture.mamba_type=mamba
training.mode=gml_rollout
models.out_dim=10    avg_loss: 0.000000016298  time_per_window : 0.000572   progress : 0.917
name: input_len=16
training.rollout_steps=8
models.architecture.block_type=simple
models.architecture.mamba_type=mamba
training.mode=gml_rollout
models.out_dim=10    avg_loss: 0.000000016834  time_per_window : 0.000575   progress : 0.928
name: input_len=16
training.rollout_steps=8
models.architecture.block_type=simple
models.architecture.mamba_type=mamba
training.mode=gml_rollout
models.out_dim=10    avg_loss: 0.000000015938  time_per_window : 0.000664   progress : 0.939
name: input_len=16
training.rollout_steps=8
models.architecture.block_type=simple
models.architecture.mamba_type=mamba
training.mode=gml_rollout
models.out_dim=10    avg_loss: 0.000000016646  time_per_window : 0.000595   progress : 0.950
name: input_len=16
training.rollout_steps=8
models.architecture.block_type=simple
models.architecture.mamba_type=mamba
training.mode=gml_rollout
models.out_dim=10    avg_loss: 0.000000016229  time_per_window : 0.000548   progress : 0.961
name: input_len=16
training.rollout_steps=8
models.architecture.block_type=simple
models.architecture.mamba_type=mamba
training.mode=gml_rollout
models.out_dim=10    avg_loss: 0.000000018616  time_per_window : 0.000561   progress : 0.972
name: input_len=16
training.rollout_steps=8
models.architecture.block_type=simple
models.architecture.mamba_type=mamba
training.mode=gml_rollout
models.out_dim=10    avg_loss: 0.000000016598  time_per_window : 0.000573   progress : 0.983
name: input_len=16
training.rollout_steps=8
models.architecture.block_type=simple
models.architecture.mamba_type=mamba
training.mode=gml_rollout
models.out_dim=10    avg_loss: 0.000000015996  time_per_window : 0.000518   progress : 0.994
name: input_len=16
training.rollout_steps=8
models.architecture.block_type=simple
models.architecture.mamba_type=mamba
training.mode=gml_rollout
models.out_dim=10    avg_loss: 0.000001241812  time_per_window : 0.000649   progress : 0.011
name: input_len=16
training.rollout_steps=8
models.architecture.block_type=simple
models.architecture.mamba_type=mamba
training.mode=gml_rollout
models.out_dim=10    avg_loss: 0.000000552704  time_per_window : 0.000589   progress : 0.022
name: input_len=16
training.rollout_steps=8
models.architecture.block_type=simple
models.architecture.mamba_type=mamba
training.mode=gml_rollout
models.out_dim=10    avg_loss: 0.000000369155  time_per_window : 0.000640   progress : 0.033
name: input_len=16
training.rollout_steps=8
models.architecture.block_type=simple
models.architecture.mamba_type=mamba
training.mode=gml_rollout
models.out_dim=10    avg_loss: 0.000000295661  time_per_window : 0.000538   progress : 0.044
name: input_len=16
training.rollout_steps=8
models.architecture.block_type=simple
models.architecture.mamba_type=mamba
training.mode=gml_rollout
models.out_dim=10    avg_loss: 0.000000262439  time_per_window : 0.000654   progress : 0.055
name: input_len=16
training.rollout_steps=8
models.architecture.block_type=simple
models.architecture.mamba_type=mamba
training.mode=gml_rollout
models.out_dim=10    avg_loss: 0.000000222762  time_per_window : 0.000551   progress : 0.066
name: input_len=16
training.rollout_steps=8
models.architecture.block_type=simple
models.architecture.mamba_type=mamba
training.mode=gml_rollout
models.out_dim=10    avg_loss: 0.000000164829  time_per_window : 0.000647   progress : 0.076
name: input_len=16
training.rollout_steps=8
models.architecture.block_type=simple
models.architecture.mamba_type=mamba
training.mode=gml_rollout
models.out_dim=10    avg_loss: 0.000000121996  time_per_window : 0.000637   progress : 0.087
name: input_len=16
training.rollout_steps=8
models.architecture.block_type=simple
models.architecture.mamba_type=mamba
training.mode=gml_rollout
models.out_dim=10    avg_loss: 0.000000137266  time_per_window : 0.000573   progress : 0.098
name: input_len=16
training.rollout_steps=8
models.architecture.block_type=simple
models.architecture.mamba_type=mamba
training.mode=gml_rollout
models.out_dim=10    avg_loss: 0.000000105563  time_per_window : 0.000517   progress : 0.109
name: input_len=16
training.rollout_steps=8
models.architecture.block_type=simple
models.architecture.mamba_type=mamba
training.mode=gml_rollout
models.out_dim=10    avg_loss: 0.000000116481  time_per_window : 0.000659   progress : 0.120
name: input_len=16
training.rollout_steps=8
models.architecture.block_type=simple
models.architecture.mamba_type=mamba
training.mode=gml_rollout
models.out_dim=10    avg_loss: 0.000000101872  time_per_window : 0.000602   progress : 0.131
name: input_len=16
training.rollout_steps=8
models.architecture.block_type=simple
models.architecture.mamba_type=mamba
training.mode=gml_rollout
models.out_dim=10    avg_loss: 0.000000101117  time_per_window : 0.000599   progress : 0.142
name: input_len=16
training.rollout_steps=8
models.architecture.block_type=simple
models.architecture.mamba_type=mamba
training.mode=gml_rollout
models.out_dim=10    avg_loss: 0.000000090547  time_per_window : 0.000579   progress : 0.153
name: input_len=16
training.rollout_steps=8
models.architecture.block_type=simple
models.architecture.mamba_type=mamba
training.mode=gml_rollout
models.out_dim=10    avg_loss: 0.000000091913  time_per_window : 0.000528   progress : 0.164
name: input_len=16
training.rollout_steps=8
models.architecture.block_type=simple
models.architecture.mamba_type=mamba
training.mode=gml_rollout
models.out_dim=10    avg_loss: 0.000000087773  time_per_window : 0.000545   progress : 0.175
name: input_len=16
training.rollout_steps=8
models.architecture.block_type=simple
models.architecture.mamba_type=mamba
training.mode=gml_rollout
models.out_dim=10    avg_loss: 0.000000082781  time_per_window : 0.000636   progress : 0.186
name: input_len=16
training.rollout_steps=8
models.architecture.block_type=simple
models.architecture.mamba_type=mamba
training.mode=gml_rollout
models.out_dim=10    avg_loss: 0.000000075487  time_per_window : 0.000594   progress : 0.197
name: input_len=16
training.rollout_steps=8
models.architecture.block_type=simple
models.architecture.mamba_type=mamba
training.mode=gml_rollout
models.out_dim=10    avg_loss: 0.000000066226  time_per_window : 0.000590   progress : 0.208
name: input_len=16
training.rollout_steps=8
models.architecture.block_type=simple
models.architecture.mamba_type=mamba
training.mode=gml_rollout
models.out_dim=10    avg_loss: 0.000000059986  time_per_window : 0.000563   progress : 0.218
name: input_len=16
training.rollout_steps=8
models.architecture.block_type=simple
models.architecture.mamba_type=mamba
training.mode=gml_rollout
models.out_dim=10    avg_loss: 0.000000055609  time_per_window : 0.000540   progress : 0.229
name: input_len=16
training.rollout_steps=8
models.architecture.block_type=simple
models.architecture.mamba_type=mamba
training.mode=gml_rollout
models.out_dim=10    avg_loss: 0.000000044105  time_per_window : 0.000508   progress : 0.240
name: input_len=16
training.rollout_steps=8
models.architecture.block_type=simple
models.architecture.mamba_type=mamba
training.mode=gml_rollout
models.out_dim=10    avg_loss: 0.000000048255  time_per_window : 0.000654   progress : 0.251
name: input_len=16
training.rollout_steps=8
models.architecture.block_type=simple
models.architecture.mamba_type=mamba
training.mode=gml_rollout
models.out_dim=10    avg_loss: 0.000000039844  time_per_window : 0.000683   progress : 0.262
name: input_len=16
training.rollout_steps=8
models.architecture.block_type=simple
models.architecture.mamba_type=mamba
training.mode=gml_rollout
models.out_dim=10    avg_loss: 0.000000040288  time_per_window : 0.000593   progress : 0.273
name: input_len=16
training.rollout_steps=8
models.architecture.block_type=simple
models.architecture.mamba_type=mamba
training.mode=gml_rollout
models.out_dim=10    avg_loss: 0.000000036210  time_per_window : 0.000598   progress : 0.284
name: input_len=16
training.rollout_steps=8
models.architecture.block_type=simple
models.architecture.mamba_type=mamba
training.mode=gml_rollout
models.out_dim=10    avg_loss: 0.000000048183  time_per_window : 0.000650   progress : 0.295
name: input_len=16
training.rollout_steps=8
models.architecture.block_type=simple
models.architecture.mamba_type=mamba
training.mode=gml_rollout
models.out_dim=10    avg_loss: 0.000000035826  time_per_window : 0.000505   progress : 0.306
name: input_len=16
training.rollout_steps=8
models.architecture.block_type=simple
models.architecture.mamba_type=mamba
training.mode=gml_rollout
models.out_dim=10    avg_loss: 0.000000032762  time_per_window : 0.000655   progress : 0.317
name: input_len=16
training.rollout_steps=8
models.architecture.block_type=simple
models.architecture.mamba_type=mamba
training.mode=gml_rollout
models.out_dim=10    avg_loss: 0.000000034984  time_per_window : 0.000603   progress : 0.328
name: input_len=16
training.rollout_steps=8
models.architecture.block_type=simple
models.architecture.mamba_type=mamba
training.mode=gml_rollout
models.out_dim=10    avg_loss: 0.000000045049  time_per_window : 0.000586   progress : 0.339
name: input_len=16
training.rollout_steps=8
models.architecture.block_type=simple
models.architecture.mamba_type=mamba
training.mode=gml_rollout
models.out_dim=10    avg_loss: 0.000000037073  time_per_window : 0.000569   progress : 0.350
name: input_len=16
training.rollout_steps=8
models.architecture.block_type=simple
models.architecture.mamba_type=mamba
training.mode=gml_rollout
models.out_dim=10    avg_loss: 0.000000031283  time_per_window : 0.000589   progress : 0.360
name: input_len=16
training.rollout_steps=8
models.architecture.block_type=simple
models.architecture.mamba_type=mamba
training.mode=gml_rollout
models.out_dim=10    avg_loss: 0.000000034103  time_per_window : 0.000668   progress : 0.371
name: input_len=16
training.rollout_steps=8
models.architecture.block_type=simple
models.architecture.mamba_type=mamba
training.mode=gml_rollout
models.out_dim=10    avg_loss: 0.000000037579  time_per_window : 0.000570   progress : 0.382
name: input_len=16
training.rollout_steps=8
models.architecture.block_type=simple
models.architecture.mamba_type=mamba
training.mode=gml_rollout
models.out_dim=10    avg_loss: 0.000000033888  time_per_window : 0.000571   progress : 0.393
name: input_len=16
training.rollout_steps=8
models.architecture.block_type=simple
models.architecture.mamba_type=mamba
training.mode=gml_rollout
models.out_dim=10    avg_loss: 0.000000035197  time_per_window : 0.000583   progress : 0.404
name: input_len=16
training.rollout_steps=8
models.architecture.block_type=simple
models.architecture.mamba_type=mamba
training.mode=gml_rollout
models.out_dim=10    avg_loss: 0.000000037694  time_per_window : 0.000581   progress : 0.415
name: input_len=16
training.rollout_steps=8
models.architecture.block_type=simple
models.architecture.mamba_type=mamba
training.mode=gml_rollout
models.out_dim=10    avg_loss: 0.000000034386  time_per_window : 0.000494   progress : 0.426
name: input_len=16
training.rollout_steps=8
models.architecture.block_type=simple
models.architecture.mamba_type=mamba
training.mode=gml_rollout
models.out_dim=10    avg_loss: 0.000000037569  time_per_window : 0.000554   progress : 0.437
name: input_len=16
training.rollout_steps=8
models.architecture.block_type=simple
models.architecture.mamba_type=mamba
training.mode=gml_rollout
models.out_dim=10    avg_loss: 0.000000038667  time_per_window : 0.000490   progress : 0.448
name: input_len=16
training.rollout_steps=8
models.architecture.block_type=simple
models.architecture.mamba_type=mamba
training.mode=gml_rollout
models.out_dim=10    avg_loss: 0.000000033591  time_per_window : 0.000587   progress : 0.459
name: input_len=16
training.rollout_steps=8
models.architecture.block_type=simple
models.architecture.mamba_type=mamba
training.mode=gml_rollout
models.out_dim=10    avg_loss: 0.000000033311  time_per_window : 0.000559   progress : 0.470
name: input_len=16
training.rollout_steps=8
models.architecture.block_type=simple
models.architecture.mamba_type=mamba
training.mode=gml_rollout
models.out_dim=10    avg_loss: 0.000000034059  time_per_window : 0.000625   progress : 0.481
name: input_len=16
training.rollout_steps=8
models.architecture.block_type=simple
models.architecture.mamba_type=mamba
training.mode=gml_rollout
models.out_dim=10    avg_loss: 0.000000037418  time_per_window : 0.000619   progress : 0.492
name: input_len=16
training.rollout_steps=8
models.architecture.block_type=simple
models.architecture.mamba_type=mamba
training.mode=gml_rollout
models.out_dim=10    avg_loss: 0.000000034145  time_per_window : 0.000546   progress : 0.502
name: input_len=16
training.rollout_steps=8
models.architecture.block_type=simple
models.architecture.mamba_type=mamba
training.mode=gml_rollout
models.out_dim=10    avg_loss: 0.000000035227  time_per_window : 0.000546   progress : 0.513
name: input_len=16
training.rollout_steps=8
models.architecture.block_type=simple
models.architecture.mamba_type=mamba
training.mode=gml_rollout
models.out_dim=10    avg_loss: 0.000000034945  time_per_window : 0.000600   progress : 0.524
name: input_len=16
training.rollout_steps=8
models.architecture.block_type=simple
models.architecture.mamba_type=mamba
training.mode=gml_rollout
models.out_dim=10    avg_loss: 0.000000036263  time_per_window : 0.000596   progress : 0.535
name: input_len=16
training.rollout_steps=8
models.architecture.block_type=simple
models.architecture.mamba_type=mamba
training.mode=gml_rollout
models.out_dim=10    avg_loss: 0.000000039669  time_per_window : 0.000588   progress : 0.546
name: input_len=16
training.rollout_steps=8
models.architecture.block_type=simple
models.architecture.mamba_type=mamba
training.mode=gml_rollout
models.out_dim=10    avg_loss: 0.000000035120  time_per_window : 0.000546   progress : 0.557
name: input_len=16
training.rollout_steps=8
models.architecture.block_type=simple
models.architecture.mamba_type=mamba
training.mode=gml_rollout
models.out_dim=10    avg_loss: 0.000000033467  time_per_window : 0.000604   progress : 0.568
name: input_len=16
training.rollout_steps=8
models.architecture.block_type=simple
models.architecture.mamba_type=mamba
training.mode=gml_rollout
models.out_dim=10    avg_loss: 0.000000036829  time_per_window : 0.000619   progress : 0.579
name: input_len=16
training.rollout_steps=8
models.architecture.block_type=simple
models.architecture.mamba_type=mamba
training.mode=gml_rollout
models.out_dim=10    avg_loss: 0.000000035267  time_per_window : 0.000594   progress : 0.590
name: input_len=16
training.rollout_steps=8
models.architecture.block_type=simple
models.architecture.mamba_type=mamba
training.mode=gml_rollout
models.out_dim=10    avg_loss: 0.000000034511  time_per_window : 0.000595   progress : 0.601
name: input_len=16
training.rollout_steps=8
models.architecture.block_type=simple
models.architecture.mamba_type=mamba
training.mode=gml_rollout
models.out_dim=10    avg_loss: 0.000000033904  time_per_window : 0.000620   progress : 0.612
name: input_len=16
training.rollout_steps=8
models.architecture.block_type=simple
models.architecture.mamba_type=mamba
training.mode=gml_rollout
models.out_dim=10    avg_loss: 0.000000035898  time_per_window : 0.000544   progress : 0.623
name: input_len=16
training.rollout_steps=8
models.architecture.block_type=simple
models.architecture.mamba_type=mamba
training.mode=gml_rollout
models.out_dim=10    avg_loss: 0.000000034305  time_per_window : 0.000620   progress : 0.634
name: input_len=16
training.rollout_steps=8
models.architecture.block_type=simple
models.architecture.mamba_type=mamba
training.mode=gml_rollout
models.out_dim=10    avg_loss: 0.000000033151  time_per_window : 0.000551   progress : 0.644
name: input_len=16
training.rollout_steps=8
models.architecture.block_type=simple
models.architecture.mamba_type=mamba
training.mode=gml_rollout
models.out_dim=10    avg_loss: 0.000000033635  time_per_window : 0.000633   progress : 0.655
name: input_len=16
training.rollout_steps=8
models.architecture.block_type=simple
models.architecture.mamba_type=mamba
training.mode=gml_rollout
models.out_dim=10    avg_loss: 0.000000033860  time_per_window : 0.000522   progress : 0.666
name: input_len=16
training.rollout_steps=8
models.architecture.block_type=simple
models.architecture.mamba_type=mamba
training.mode=gml_rollout
models.out_dim=10    avg_loss: 0.000000034744  time_per_window : 0.000626   progress : 0.677
name: input_len=16
training.rollout_steps=8
models.architecture.block_type=simple
models.architecture.mamba_type=mamba
training.mode=gml_rollout
models.out_dim=10    avg_loss: 0.000000030704  time_per_window : 0.000671   progress : 0.688
name: input_len=16
training.rollout_steps=8
models.architecture.block_type=simple
models.architecture.mamba_type=mamba
training.mode=gml_rollout
models.out_dim=10    avg_loss: 0.000000041828  time_per_window : 0.000640   progress : 0.699
name: input_len=16
training.rollout_steps=8
models.architecture.block_type=simple
models.architecture.mamba_type=mamba
training.mode=gml_rollout
models.out_dim=10    avg_loss: 0.000000033510  time_per_window : 0.000540   progress : 0.710
name: input_len=16
training.rollout_steps=8
models.architecture.block_type=simple
models.architecture.mamba_type=mamba
training.mode=gml_rollout
models.out_dim=10    avg_loss: 0.000000037887  time_per_window : 0.000548   progress : 0.721
name: input_len=16
training.rollout_steps=8
models.architecture.block_type=simple
models.architecture.mamba_type=mamba
training.mode=gml_rollout
models.out_dim=10    avg_loss: 0.000000034232  time_per_window : 0.000529   progress : 0.732
name: input_len=16
training.rollout_steps=8
models.architecture.block_type=simple
models.architecture.mamba_type=mamba
training.mode=gml_rollout
models.out_dim=10    avg_loss: 0.000000030977  time_per_window : 0.000594   progress : 0.743
name: input_len=16
training.rollout_steps=8
models.architecture.block_type=simple
models.architecture.mamba_type=mamba
training.mode=gml_rollout
models.out_dim=10    avg_loss: 0.000000031155  time_per_window : 0.000546   progress : 0.754
name: input_len=16
training.rollout_steps=8
models.architecture.block_type=simple
models.architecture.mamba_type=mamba
training.mode=gml_rollout
models.out_dim=10    avg_loss: 0.000000036506  time_per_window : 0.000649   progress : 0.765
name: input_len=16
training.rollout_steps=8
models.architecture.block_type=simple
models.architecture.mamba_type=mamba
training.mode=gml_rollout
models.out_dim=10    avg_loss: 0.000000034172  time_per_window : 0.000546   progress : 0.775
name: input_len=16
training.rollout_steps=8
models.architecture.block_type=simple
models.architecture.mamba_type=mamba
training.mode=gml_rollout
models.out_dim=10    avg_loss: 0.000000039025  time_per_window : 0.000667   progress : 0.786
name: input_len=16
training.rollout_steps=8
models.architecture.block_type=simple
models.architecture.mamba_type=mamba
training.mode=gml_rollout
models.out_dim=10    avg_loss: 0.000000032750  time_per_window : 0.000594   progress : 0.797
name: input_len=16
training.rollout_steps=8
models.architecture.block_type=simple
models.architecture.mamba_type=mamba
training.mode=gml_rollout
models.out_dim=10    avg_loss: 0.000000029922  time_per_window : 0.000598   progress : 0.808
name: input_len=16
training.rollout_steps=8
models.architecture.block_type=simple
models.architecture.mamba_type=mamba
training.mode=gml_rollout
models.out_dim=10    avg_loss: 0.000000031901  time_per_window : 0.000522   progress : 0.819
name: input_len=16
training.rollout_steps=8
models.architecture.block_type=simple
models.architecture.mamba_type=mamba
training.mode=gml_rollout
models.out_dim=10    avg_loss: 0.000000030543  time_per_window : 0.000574   progress : 0.830
name: input_len=16
training.rollout_steps=8
models.architecture.block_type=simple
models.architecture.mamba_type=mamba
training.mode=gml_rollout
models.out_dim=10    avg_loss: 0.000000034999  time_per_window : 0.000541   progress : 0.841
name: input_len=16
training.rollout_steps=8
models.architecture.block_type=simple
models.architecture.mamba_type=mamba
training.mode=gml_rollout
models.out_dim=10    avg_loss: 0.000000036473  time_per_window : 0.000681   progress : 0.852
name: input_len=16
training.rollout_steps=8
models.architecture.block_type=simple
models.architecture.mamba_type=mamba
training.mode=gml_rollout
models.out_dim=10    avg_loss: 0.000000038899  time_per_window : 0.000585   progress : 0.863
name: input_len=16
training.rollout_steps=8
models.architecture.block_type=simple
models.architecture.mamba_type=mamba
training.mode=gml_rollout
models.out_dim=10    avg_loss: 0.000000035825  time_per_window : 0.000617   progress : 0.874
name: input_len=16
training.rollout_steps=8
models.architecture.block_type=simple
models.architecture.mamba_type=mamba
training.mode=gml_rollout
models.out_dim=10    avg_loss: 0.000000031466  time_per_window : 0.000545   progress : 0.885
name: input_len=16
training.rollout_steps=8
models.architecture.block_type=simple
models.architecture.mamba_type=mamba
training.mode=gml_rollout
models.out_dim=10    avg_loss: 0.000000029193  time_per_window : 0.000560   progress : 0.896
name: input_len=16
training.rollout_steps=8
models.architecture.block_type=simple
models.architecture.mamba_type=mamba
training.mode=gml_rollout
models.out_dim=10    avg_loss: 0.000000031219  time_per_window : 0.000522   progress : 0.907
name: input_len=16
training.rollout_steps=8
models.architecture.block_type=simple
models.architecture.mamba_type=mamba
training.mode=gml_rollout
models.out_dim=10    avg_loss: 0.000000034541  time_per_window : 0.000588   progress : 0.917
name: input_len=16
training.rollout_steps=8
models.architecture.block_type=simple
models.architecture.mamba_type=mamba
training.mode=gml_rollout
models.out_dim=10    avg_loss: 0.000000035695  time_per_window : 0.000590   progress : 0.928
name: input_len=16
training.rollout_steps=8
models.architecture.block_type=simple
models.architecture.mamba_type=mamba
training.mode=gml_rollout
models.out_dim=10    avg_loss: 0.000000038034  time_per_window : 0.000559   progress : 0.939
name: input_len=16
training.rollout_steps=8
models.architecture.block_type=simple
models.architecture.mamba_type=mamba
training.mode=gml_rollout
models.out_dim=10    avg_loss: 0.000000030999  time_per_window : 0.000608   progress : 0.950
name: input_len=16
training.rollout_steps=8
models.architecture.block_type=simple
models.architecture.mamba_type=mamba
training.mode=gml_rollout
models.out_dim=10    avg_loss: 0.000000031304  time_per_window : 0.000595   progress : 0.961
name: input_len=16
training.rollout_steps=8
models.architecture.block_type=simple
models.architecture.mamba_type=mamba
training.mode=gml_rollout
models.out_dim=10    avg_loss: 0.000000030992  time_per_window : 0.000520   progress : 0.972
name: input_len=16
training.rollout_steps=8
models.architecture.block_type=simple
models.architecture.mamba_type=mamba
training.mode=gml_rollout
models.out_dim=10    avg_loss: 0.000000031237  time_per_window : 0.000578   progress : 0.983
name: input_len=16
training.rollout_steps=8
models.architecture.block_type=simple
models.architecture.mamba_type=mamba
training.mode=gml_rollout
models.out_dim=10    avg_loss: 0.000000032995  time_per_window : 0.000576   progress : 0.994
name: input_len=16
training.rollout_steps=8
models.architecture.block_type=simple
models.architecture.mamba_type=mamba
training.mode=gml_rollout
models.out_dim=10    avg_loss: 0.000003104549  time_per_window : 0.000547   progress : 0.011
name: input_len=16
training.rollout_steps=8
models.architecture.block_type=simple
models.architecture.mamba_type=mamba
training.mode=gml_rollout
models.out_dim=10    avg_loss: 0.000000745267  time_per_window : 0.000663   progress : 0.022
name: input_len=16
training.rollout_steps=8
models.architecture.block_type=simple
models.architecture.mamba_type=mamba
training.mode=gml_rollout
models.out_dim=10    avg_loss: 0.000000130805  time_per_window : 0.000603   progress : 0.033
name: input_len=16
training.rollout_steps=8
models.architecture.block_type=simple
models.architecture.mamba_type=mamba
training.mode=gml_rollout
models.out_dim=10    avg_loss: 0.000000095748  time_per_window : 0.000596   progress : 0.044
name: input_len=16
training.rollout_steps=8
models.architecture.block_type=simple
models.architecture.mamba_type=mamba
training.mode=gml_rollout
models.out_dim=10    avg_loss: 0.000000093213  time_per_window : 0.000620   progress : 0.055
name: input_len=16
training.rollout_steps=8
models.architecture.block_type=simple
models.architecture.mamba_type=mamba
training.mode=gml_rollout
models.out_dim=10    avg_loss: 0.000000096892  time_per_window : 0.000537   progress : 0.066
name: input_len=16
training.rollout_steps=8
models.architecture.block_type=simple
models.architecture.mamba_type=mamba
training.mode=gml_rollout
models.out_dim=10    avg_loss: 0.000000097754  time_per_window : 0.000572   progress : 0.076
name: input_len=16
training.rollout_steps=8
models.architecture.block_type=simple
models.architecture.mamba_type=mamba
training.mode=gml_rollout
models.out_dim=10    avg_loss: 0.000000098714  time_per_window : 0.000545   progress : 0.087
name: input_len=16
training.rollout_steps=8
models.architecture.block_type=simple
models.architecture.mamba_type=mamba
training.mode=gml_rollout
models.out_dim=10    avg_loss: 0.000000081872  time_per_window : 0.000585   progress : 0.098
name: input_len=16
training.rollout_steps=8
models.architecture.block_type=simple
models.architecture.mamba_type=mamba
training.mode=gml_rollout
models.out_dim=10    avg_loss: 0.000000080864  time_per_window : 0.000570   progress : 0.109
name: input_len=16
training.rollout_steps=8
models.architecture.block_type=simple
models.architecture.mamba_type=mamba
training.mode=gml_rollout
models.out_dim=10    avg_loss: 0.000000091586  time_per_window : 0.000610   progress : 0.120
name: input_len=16
training.rollout_steps=8
models.architecture.block_type=simple
models.architecture.mamba_type=mamba
training.mode=gml_rollout
models.out_dim=10    avg_loss: 0.000000084979  time_per_window : 0.000648   progress : 0.131
name: input_len=16
training.rollout_steps=8
models.architecture.block_type=simple
models.architecture.mamba_type=mamba
training.mode=gml_rollout
models.out_dim=10    avg_loss: 0.000000080819  time_per_window : 0.000591   progress : 0.142
name: input_len=16
training.rollout_steps=8
models.architecture.block_type=simple
models.architecture.mamba_type=mamba
training.mode=gml_rollout
models.out_dim=10    avg_loss: 0.000000097259  time_per_window : 0.000553   progress : 0.153
name: input_len=16
training.rollout_steps=8
models.architecture.block_type=simple
models.architecture.mamba_type=mamba
training.mode=gml_rollout
models.out_dim=10    avg_loss: 0.000000087944  time_per_window : 0.000562   progress : 0.164
name: input_len=16
training.rollout_steps=8
models.architecture.block_type=simple
models.architecture.mamba_type=mamba
training.mode=gml_rollout
models.out_dim=10    avg_loss: 0.000000086374  time_per_window : 0.000573   progress : 0.175
name: input_len=16
training.rollout_steps=8
models.architecture.block_type=simple
models.architecture.mamba_type=mamba
training.mode=gml_rollout
models.out_dim=10    avg_loss: 0.000000091340  time_per_window : 0.000537   progress : 0.186
name: input_len=16
training.rollout_steps=8
models.architecture.block_type=simple
models.architecture.mamba_type=mamba
training.mode=gml_rollout
models.out_dim=10    avg_loss: 0.000000088996  time_per_window : 0.000595   progress : 0.197
name: input_len=16
training.rollout_steps=8
models.architecture.block_type=simple
models.architecture.mamba_type=mamba
training.mode=gml_rollout
models.out_dim=10    avg_loss: 0.000000083824  time_per_window : 0.000546   progress : 0.208
name: input_len=16
training.rollout_steps=8
models.architecture.block_type=simple
models.architecture.mamba_type=mamba
training.mode=gml_rollout
models.out_dim=10    avg_loss: 0.000000079538  time_per_window : 0.000623   progress : 0.218
name: input_len=16
training.rollout_steps=8
models.architecture.block_type=simple
models.architecture.mamba_type=mamba
training.mode=gml_rollout
models.out_dim=10    avg_loss: 0.000000088911  time_per_window : 0.000598   progress : 0.229
name: input_len=16
training.rollout_steps=8
models.architecture.block_type=simple
models.architecture.mamba_type=mamba
training.mode=gml_rollout
models.out_dim=10    avg_loss: 0.000000089526  time_per_window : 0.000585   progress : 0.240
name: input_len=16
training.rollout_steps=8
models.architecture.block_type=simple
models.architecture.mamba_type=mamba
training.mode=gml_rollout
models.out_dim=10    avg_loss: 0.000000122053  time_per_window : 0.000667   progress : 0.251
name: input_len=16
training.rollout_steps=8
models.architecture.block_type=simple
models.architecture.mamba_type=mamba
training.mode=gml_rollout
models.out_dim=10    avg_loss: 0.000000087051  time_per_window : 0.000544   progress : 0.262
name: input_len=16
training.rollout_steps=8
models.architecture.block_type=simple
models.architecture.mamba_type=mamba
training.mode=gml_rollout
models.out_dim=10    avg_loss: 0.000000098189  time_per_window : 0.000598   progress : 0.273
name: input_len=16
training.rollout_steps=8
models.architecture.block_type=simple
models.architecture.mamba_type=mamba
training.mode=gml_rollout
models.out_dim=10    avg_loss: 0.000000092413  time_per_window : 0.000552   progress : 0.284
name: input_len=16
training.rollout_steps=8
models.architecture.block_type=simple
models.architecture.mamba_type=mamba
training.mode=gml_rollout
models.out_dim=10    avg_loss: 0.000000077303  time_per_window : 0.000596   progress : 0.295
name: input_len=16
training.rollout_steps=8
models.architecture.block_type=simple
models.architecture.mamba_type=mamba
training.mode=gml_rollout
models.out_dim=10    avg_loss: 0.000000092535  time_per_window : 0.000578   progress : 0.306
name: input_len=16
training.rollout_steps=8
models.architecture.block_type=simple
models.architecture.mamba_type=mamba
training.mode=gml_rollout
models.out_dim=10    avg_loss: 0.000000072825  time_per_window : 0.000561   progress : 0.317
name: input_len=16
training.rollout_steps=8
models.architecture.block_type=simple
models.architecture.mamba_type=mamba
training.mode=gml_rollout
models.out_dim=10    avg_loss: 0.000000092539  time_per_window : 0.000571   progress : 0.328
name: input_len=16
training.rollout_steps=8
models.architecture.block_type=simple
models.architecture.mamba_type=mamba
training.mode=gml_rollout
models.out_dim=10    avg_loss: 0.000000088366  time_per_window : 0.000634   progress : 0.339
name: input_len=16
training.rollout_steps=8
models.architecture.block_type=simple
models.architecture.mamba_type=mamba
training.mode=gml_rollout
models.out_dim=10    avg_loss: 0.000000103617  time_per_window : 0.000522   progress : 0.350
name: input_len=16
training.rollout_steps=8
models.architecture.block_type=simple
models.architecture.mamba_type=mamba
training.mode=gml_rollout
models.out_dim=10    avg_loss: 0.000000096138  time_per_window : 0.000531   progress : 0.360
name: input_len=16
training.rollout_steps=8
models.architecture.block_type=simple
models.architecture.mamba_type=mamba
training.mode=gml_rollout
models.out_dim=10    avg_loss: 0.000000082744  time_per_window : 0.000568   progress : 0.371
name: input_len=16
training.rollout_steps=8
models.architecture.block_type=simple
models.architecture.mamba_type=mamba
training.mode=gml_rollout
models.out_dim=10    avg_loss: 0.000000086186  time_per_window : 0.000637   progress : 0.382
name: input_len=16
training.rollout_steps=8
models.architecture.block_type=simple
models.architecture.mamba_type=mamba
training.mode=gml_rollout
models.out_dim=10    avg_loss: 0.000000084501  time_per_window : 0.000579   progress : 0.393
name: input_len=16
training.rollout_steps=8
models.architecture.block_type=simple
models.architecture.mamba_type=mamba
training.mode=gml_rollout
models.out_dim=10    avg_loss: 0.000000100063  time_per_window : 0.000542   progress : 0.404
name: input_len=16
training.rollout_steps=8
models.architecture.block_type=simple
models.architecture.mamba_type=mamba
training.mode=gml_rollout
models.out_dim=10    avg_loss: 0.000000085623  time_per_window : 0.000531   progress : 0.415
name: input_len=16
training.rollout_steps=8
models.architecture.block_type=simple
models.architecture.mamba_type=mamba
training.mode=gml_rollout
models.out_dim=10    avg_loss: 0.000000082096  time_per_window : 0.000580   progress : 0.426
name: input_len=16
training.rollout_steps=8
models.architecture.block_type=simple
models.architecture.mamba_type=mamba
training.mode=gml_rollout
models.out_dim=10    avg_loss: 0.000000088348  time_per_window : 0.000595   progress : 0.437
name: input_len=16
training.rollout_steps=8
models.architecture.block_type=simple
models.architecture.mamba_type=mamba
training.mode=gml_rollout
models.out_dim=10    avg_loss: 0.000000085312  time_per_window : 0.000514   progress : 0.448
name: input_len=16
training.rollout_steps=8
models.architecture.block_type=simple
models.architecture.mamba_type=mamba
training.mode=gml_rollout
models.out_dim=10    avg_loss: 0.000000080584  time_per_window : 0.000647   progress : 0.459
name: input_len=16
training.rollout_steps=8
models.architecture.block_type=simple
models.architecture.mamba_type=mamba
training.mode=gml_rollout
models.out_dim=10    avg_loss: 0.000000091724  time_per_window : 0.000557   progress : 0.470
name: input_len=16
training.rollout_steps=8
models.architecture.block_type=simple
models.architecture.mamba_type=mamba
training.mode=gml_rollout
models.out_dim=10    avg_loss: 0.000000087011  time_per_window : 0.000621   progress : 0.481
name: input_len=16
training.rollout_steps=8
models.architecture.block_type=simple
models.architecture.mamba_type=mamba
training.mode=gml_rollout
models.out_dim=10    avg_loss: 0.000000089383  time_per_window : 0.000553   progress : 0.492
name: input_len=16
training.rollout_steps=8
models.architecture.block_type=simple
models.architecture.mamba_type=mamba
training.mode=gml_rollout
models.out_dim=10    avg_loss: 0.000000078282  time_per_window : 0.000577   progress : 0.502
name: input_len=16
training.rollout_steps=8
models.architecture.block_type=simple
models.architecture.mamba_type=mamba
training.mode=gml_rollout
models.out_dim=10    avg_loss: 0.000000077025  time_per_window : 0.000551   progress : 0.513
name: input_len=16
training.rollout_steps=8
models.architecture.block_type=simple
models.architecture.mamba_type=mamba
training.mode=gml_rollout
models.out_dim=10    avg_loss: 0.000000078180  time_per_window : 0.000576   progress : 0.524
name: input_len=16
training.rollout_steps=8
models.architecture.block_type=simple
models.architecture.mamba_type=mamba
training.mode=gml_rollout
models.out_dim=10    avg_loss: 0.000000091891  time_per_window : 0.000569   progress : 0.535
name: input_len=16
training.rollout_steps=8
models.architecture.block_type=simple
models.architecture.mamba_type=mamba
training.mode=gml_rollout
models.out_dim=10    avg_loss: 0.000000075272  time_per_window : 0.000594   progress : 0.546
name: input_len=16
training.rollout_steps=8
models.architecture.block_type=simple
models.architecture.mamba_type=mamba
training.mode=gml_rollout
models.out_dim=10    avg_loss: 0.000000082901  time_per_window : 0.000569   progress : 0.557
name: input_len=16
training.rollout_steps=8
models.architecture.block_type=simple
models.architecture.mamba_type=mamba
training.mode=gml_rollout
models.out_dim=10    avg_loss: 0.000000088945  time_per_window : 0.000567   progress : 0.568
name: input_len=16
training.rollout_steps=8
models.architecture.block_type=simple
models.architecture.mamba_type=mamba
training.mode=gml_rollout
models.out_dim=10    avg_loss: 0.000000074424  time_per_window : 0.000603   progress : 0.579
name: input_len=16
training.rollout_steps=8
models.architecture.block_type=simple
models.architecture.mamba_type=mamba
training.mode=gml_rollout
models.out_dim=10    avg_loss: 0.000000093671  time_per_window : 0.000594   progress : 0.590
name: input_len=16
training.rollout_steps=8
models.architecture.block_type=simple
models.architecture.mamba_type=mamba
training.mode=gml_rollout
models.out_dim=10    avg_loss: 0.000000079076  time_per_window : 0.000572   progress : 0.601
name: input_len=16
training.rollout_steps=8
models.architecture.block_type=simple
models.architecture.mamba_type=mamba
training.mode=gml_rollout
models.out_dim=10    avg_loss: 0.000000075177  time_per_window : 0.000644   progress : 0.612
name: input_len=16
training.rollout_steps=8
models.architecture.block_type=simple
models.architecture.mamba_type=mamba
training.mode=gml_rollout
models.out_dim=10    avg_loss: 0.000000078039  time_per_window : 0.000546   progress : 0.623
name: input_len=16
training.rollout_steps=8
models.architecture.block_type=simple
models.architecture.mamba_type=mamba
training.mode=gml_rollout
models.out_dim=10    avg_loss: 0.000000077951  time_per_window : 0.000543   progress : 0.634
name: input_len=16
training.rollout_steps=8
models.architecture.block_type=simple
models.architecture.mamba_type=mamba
training.mode=gml_rollout
models.out_dim=10    avg_loss: 0.000000082370  time_per_window : 0.000593   progress : 0.644
name: input_len=16
training.rollout_steps=8
models.architecture.block_type=simple
models.architecture.mamba_type=mamba
training.mode=gml_rollout
models.out_dim=10    avg_loss: 0.000000083392  time_per_window : 0.000625   progress : 0.655
name: input_len=16
training.rollout_steps=8
models.architecture.block_type=simple
models.architecture.mamba_type=mamba
training.mode=gml_rollout
models.out_dim=10    avg_loss: 0.000000078005  time_per_window : 0.000646   progress : 0.666
name: input_len=16
training.rollout_steps=8
models.architecture.block_type=simple
models.architecture.mamba_type=mamba
training.mode=gml_rollout
models.out_dim=10    avg_loss: 0.000000075236  time_per_window : 0.000561   progress : 0.677
name: input_len=16
training.rollout_steps=8
models.architecture.block_type=simple
models.architecture.mamba_type=mamba
training.mode=gml_rollout
models.out_dim=10    avg_loss: 0.000000075975  time_per_window : 0.000541   progress : 0.688
name: input_len=16
training.rollout_steps=8
models.architecture.block_type=simple
models.architecture.mamba_type=mamba
training.mode=gml_rollout
models.out_dim=10    avg_loss: 0.000000077068  time_per_window : 0.000547   progress : 0.699
name: input_len=16
training.rollout_steps=8
models.architecture.block_type=simple
models.architecture.mamba_type=mamba
training.mode=gml_rollout
models.out_dim=10    avg_loss: 0.000000084709  time_per_window : 0.000561   progress : 0.710
name: input_len=16
training.rollout_steps=8
models.architecture.block_type=simple
models.architecture.mamba_type=mamba
training.mode=gml_rollout
models.out_dim=10    avg_loss: 0.000000076040  time_per_window : 0.000636   progress : 0.721
name: input_len=16
training.rollout_steps=8
models.architecture.block_type=simple
models.architecture.mamba_type=mamba
training.mode=gml_rollout
models.out_dim=10    avg_loss: 0.000000094600  time_per_window : 0.000464   progress : 0.732
name: input_len=16
training.rollout_steps=8
models.architecture.block_type=simple
models.architecture.mamba_type=mamba
training.mode=gml_rollout
models.out_dim=10    avg_loss: 0.000000076468  time_per_window : 0.000405   progress : 0.743
name: input_len=16
training.rollout_steps=8
models.architecture.block_type=simple
models.architecture.mamba_type=mamba
training.mode=gml_rollout
models.out_dim=10    avg_loss: 0.000000078550  time_per_window : 0.000481   progress : 0.754
name: input_len=16
training.rollout_steps=8
models.architecture.block_type=simple
models.architecture.mamba_type=mamba
training.mode=gml_rollout
models.out_dim=10    avg_loss: 0.000000084021  time_per_window : 0.000460   progress : 0.765
name: input_len=16
training.rollout_steps=8
models.architecture.block_type=simple
models.architecture.mamba_type=mamba
training.mode=gml_rollout
models.out_dim=10    avg_loss: 0.000000093264  time_per_window : 0.000474   progress : 0.775
name: input_len=16
training.rollout_steps=8
models.architecture.block_type=simple
models.architecture.mamba_type=mamba
training.mode=gml_rollout
models.out_dim=10    avg_loss: 0.000000087272  time_per_window : 0.000542   progress : 0.786
name: input_len=16
training.rollout_steps=8
models.architecture.block_type=simple
models.architecture.mamba_type=mamba
training.mode=gml_rollout
models.out_dim=10    avg_loss: 0.000000075369  time_per_window : 0.000482   progress : 0.797
name: input_len=16
training.rollout_steps=8
models.architecture.block_type=simple
models.architecture.mamba_type=mamba
training.mode=gml_rollout
models.out_dim=10    avg_loss: 0.000000076999  time_per_window : 0.000437   progress : 0.808
name: input_len=16
training.rollout_steps=8
models.architecture.block_type=simple
models.architecture.mamba_type=mamba
training.mode=gml_rollout
models.out_dim=10    avg_loss: 0.000000075021  time_per_window : 0.000523   progress : 0.819
name: input_len=16
training.rollout_steps=8
models.architecture.block_type=simple
models.architecture.mamba_type=mamba
training.mode=gml_rollout
models.out_dim=10    avg_loss: 0.000000072942  time_per_window : 0.000535   progress : 0.830
name: input_len=16
training.rollout_steps=8
models.architecture.block_type=simple
models.architecture.mamba_type=mamba
training.mode=gml_rollout
models.out_dim=10    avg_loss: 0.000000094920  time_per_window : 0.000551   progress : 0.841
name: input_len=16
training.rollout_steps=8
models.architecture.block_type=simple
models.architecture.mamba_type=mamba
training.mode=gml_rollout
models.out_dim=10    avg_loss: 0.000000073900  time_per_window : 0.000549   progress : 0.852
name: input_len=16
training.rollout_steps=8
models.architecture.block_type=simple
models.architecture.mamba_type=mamba
training.mode=gml_rollout
models.out_dim=10    avg_loss: 0.000000070085  time_per_window : 0.000516   progress : 0.863
name: input_len=16
training.rollout_steps=8
models.architecture.block_type=simple
models.architecture.mamba_type=mamba
training.mode=gml_rollout
models.out_dim=10    avg_loss: 0.000000074555  time_per_window : 0.000515   progress : 0.874
name: input_len=16
training.rollout_steps=8
models.architecture.block_type=simple
models.architecture.mamba_type=mamba
training.mode=gml_rollout
models.out_dim=10    avg_loss: 0.000000079884  time_per_window : 0.000467   progress : 0.885
name: input_len=16
training.rollout_steps=8
models.architecture.block_type=simple
models.architecture.mamba_type=mamba
training.mode=gml_rollout
models.out_dim=10    avg_loss: 0.000000077289  time_per_window : 0.000539   progress : 0.896
name: input_len=16
training.rollout_steps=8
models.architecture.block_type=simple
models.architecture.mamba_type=mamba
training.mode=gml_rollout
models.out_dim=10    avg_loss: 0.000000067054  time_per_window : 0.000472   progress : 0.907
name: input_len=16
training.rollout_steps=8
models.architecture.block_type=simple
models.architecture.mamba_type=mamba
training.mode=gml_rollout
models.out_dim=10    avg_loss: 0.000000071747  time_per_window : 0.000568   progress : 0.917
name: input_len=16
training.rollout_steps=8
models.architecture.block_type=simple
models.architecture.mamba_type=mamba
training.mode=gml_rollout
models.out_dim=10    avg_loss: 0.000000074590  time_per_window : 0.000533   progress : 0.928
name: input_len=16
training.rollout_steps=8
models.architecture.block_type=simple
models.architecture.mamba_type=mamba
training.mode=gml_rollout
models.out_dim=10    avg_loss: 0.000000078467  time_per_window : 0.000563   progress : 0.939
name: input_len=16
training.rollout_steps=8
models.architecture.block_type=simple
models.architecture.mamba_type=mamba
training.mode=gml_rollout
models.out_dim=10    avg_loss: 0.000000072567  time_per_window : 0.000538   progress : 0.950
name: input_len=16
training.rollout_steps=8
models.architecture.block_type=simple
models.architecture.mamba_type=mamba
training.mode=gml_rollout
models.out_dim=10    avg_loss: 0.000000080826  time_per_window : 0.000511   progress : 0.961
name: input_len=16
training.rollout_steps=8
models.architecture.block_type=simple
models.architecture.mamba_type=mamba
training.mode=gml_rollout
models.out_dim=10    avg_loss: 0.000000073484  time_per_window : 0.000515   progress : 0.972
name: input_len=16
training.rollout_steps=8
models.architecture.block_type=simple
models.architecture.mamba_type=mamba
training.mode=gml_rollout
models.out_dim=10    avg_loss: 0.000000073922  time_per_window : 0.000538   progress : 0.983
name: input_len=16
training.rollout_steps=8
models.architecture.block_type=simple
models.architecture.mamba_type=mamba
training.mode=gml_rollout
models.out_dim=10    avg_loss: 0.000000075461  time_per_window : 0.000481   progress : 0.994
name: input_len=16
training.rollout_steps=8
models.architecture.block_type=simple
models.architecture.mamba_type=mamba
training.mode=gml_rollout
models.out_dim=10    avg_loss: -65.276618957520  time_per_window : 0.000579   progress : 0.011
name: input_len=16
training.rollout_steps=8
models.architecture.block_type=simple
models.architecture.mamba_type=mamba
training.mode=gml_rollout
models.out_dim=10    avg_loss: -68.638374328613  time_per_window : 0.000563   progress : 0.022
name: input_len=16
training.rollout_steps=8
models.architecture.block_type=simple
models.architecture.mamba_type=mamba
training.mode=gml_rollout
models.out_dim=10    avg_loss: -68.791191101074  time_per_window : 0.000555   progress : 0.033
name: input_len=16
training.rollout_steps=8
models.architecture.block_type=simple
models.architecture.mamba_type=mamba
training.mode=gml_rollout
models.out_dim=10    avg_loss: -68.967353820801  time_per_window : 0.000543   progress : 0.044
name: input_len=16
training.rollout_steps=8
models.architecture.block_type=simple
models.architecture.mamba_type=mamba
training.mode=gml_rollout
models.out_dim=10    avg_loss: -68.993576049805  time_per_window : 0.000539   progress : 0.055
name: input_len=16
training.rollout_steps=8
models.architecture.block_type=simple
models.architecture.mamba_type=mamba
training.mode=gml_rollout
models.out_dim=10    avg_loss: -68.999298095703  time_per_window : 0.000527   progress : 0.066
name: input_len=16
training.rollout_steps=8
models.architecture.block_type=simple
models.architecture.mamba_type=mamba
training.mode=gml_rollout
models.out_dim=10    avg_loss: -69.003402709961  time_per_window : 0.000584   progress : 0.076
name: input_len=16
training.rollout_steps=8
models.architecture.block_type=simple
models.architecture.mamba_type=mamba
training.mode=gml_rollout
models.out_dim=10    avg_loss: -69.003776550293  time_per_window : 0.000553   progress : 0.087
name: input_len=16
training.rollout_steps=8
models.architecture.block_type=simple
models.architecture.mamba_type=mamba
training.mode=gml_rollout
models.out_dim=10    avg_loss: -69.007690429688  time_per_window : 0.000552   progress : 0.098
name: input_len=16
training.rollout_steps=8
models.architecture.block_type=simple
models.architecture.mamba_type=mamba
training.mode=gml_rollout
models.out_dim=10    avg_loss: -69.008132934570  time_per_window : 0.000563   progress : 0.109
name: input_len=16
training.rollout_steps=8
models.architecture.block_type=simple
models.architecture.mamba_type=mamba
training.mode=gml_rollout
models.out_dim=10    avg_loss: -69.007682800293  time_per_window : 0.000547   progress : 0.120
name: input_len=16
training.rollout_steps=8
models.architecture.block_type=simple
models.architecture.mamba_type=mamba
training.mode=gml_rollout
models.out_dim=10    avg_loss: -69.007926940918  time_per_window : 0.000541   progress : 0.131
name: input_len=16
training.rollout_steps=8
models.architecture.block_type=simple
models.architecture.mamba_type=mamba
training.mode=gml_rollout
models.out_dim=10    avg_loss: -69.008728027344  time_per_window : 0.000580   progress : 0.142
name: input_len=16
training.rollout_steps=8
models.architecture.block_type=simple
models.architecture.mamba_type=mamba
training.mode=gml_rollout
models.out_dim=10    avg_loss: -69.007301330566  time_per_window : 0.000545   progress : 0.153
name: input_len=16
training.rollout_steps=8
models.architecture.block_type=simple
models.architecture.mamba_type=mamba
training.mode=gml_rollout
models.out_dim=10    avg_loss: -69.009414672852  time_per_window : 0.000541   progress : 0.164
name: input_len=16
training.rollout_steps=8
models.architecture.block_type=simple
models.architecture.mamba_type=mamba
training.mode=gml_rollout
models.out_dim=10    avg_loss: -69.008026123047  time_per_window : 0.000514   progress : 0.175
name: input_len=16
training.rollout_steps=8
models.architecture.block_type=simple
models.architecture.mamba_type=mamba
training.mode=gml_rollout
models.out_dim=10    avg_loss: -69.009185791016  time_per_window : 0.000551   progress : 0.186
name: input_len=16
training.rollout_steps=8
models.architecture.block_type=simple
models.architecture.mamba_type=mamba
training.mode=gml_rollout
models.out_dim=10    avg_loss: -69.009811401367  time_per_window : 0.000562   progress : 0.197
name: input_len=16
training.rollout_steps=8
models.architecture.block_type=simple
models.architecture.mamba_type=mamba
training.mode=gml_rollout
models.out_dim=10    avg_loss: -69.010452270508  time_per_window : 0.000539   progress : 0.208
name: input_len=16
training.rollout_steps=8
models.architecture.block_type=simple
models.architecture.mamba_type=mamba
training.mode=gml_rollout
models.out_dim=10    avg_loss: -69.010200500488  time_per_window : 0.000481   progress : 0.218
name: input_len=16
training.rollout_steps=8
models.architecture.block_type=simple
models.architecture.mamba_type=mamba
training.mode=gml_rollout
models.out_dim=10    avg_loss: -69.009918212891  time_per_window : 0.000434   progress : 0.229
name: input_len=16
training.rollout_steps=8
models.architecture.block_type=simple
models.architecture.mamba_type=mamba
training.mode=gml_rollout
models.out_dim=10    avg_loss: -69.009216308594  time_per_window : 0.000477   progress : 0.240
name: input_len=16
training.rollout_steps=8
models.architecture.block_type=simple
models.architecture.mamba_type=mamba
training.mode=gml_rollout
models.out_dim=10    avg_loss: -69.007194519043  time_per_window : 0.000468   progress : 0.251
name: input_len=16
training.rollout_steps=8
models.architecture.block_type=simple
models.architecture.mamba_type=mamba
training.mode=gml_rollout
models.out_dim=10    avg_loss: -69.008743286133  time_per_window : 0.000461   progress : 0.262
name: input_len=16
training.rollout_steps=8
models.architecture.block_type=simple
models.architecture.mamba_type=mamba
training.mode=gml_rollout
models.out_dim=10    avg_loss: -69.008506774902  time_per_window : 0.000485   progress : 0.273
name: input_len=16
training.rollout_steps=8
models.architecture.block_type=simple
models.architecture.mamba_type=mamba
training.mode=gml_rollout
models.out_dim=10    avg_loss: -69.009246826172  time_per_window : 0.000573   progress : 0.284
name: input_len=16
training.rollout_steps=8
models.architecture.block_type=simple
models.architecture.mamba_type=mamba
training.mode=gml_rollout
models.out_dim=10    avg_loss: -69.009284973145  time_per_window : 0.000530   progress : 0.295
name: input_len=16
training.rollout_steps=8
models.architecture.block_type=simple
models.architecture.mamba_type=mamba
training.mode=gml_rollout
models.out_dim=10    avg_loss: -69.008865356445  time_per_window : 0.000548   progress : 0.306
name: input_len=16
training.rollout_steps=8
models.architecture.block_type=simple
models.architecture.mamba_type=mamba
training.mode=gml_rollout
models.out_dim=10    avg_loss: -69.009727478027  time_per_window : 0.000499   progress : 0.317
name: input_len=16
training.rollout_steps=8
models.architecture.block_type=simple
models.architecture.mamba_type=mamba
training.mode=gml_rollout
models.out_dim=10    avg_loss: -69.009124755859  time_per_window : 0.000577   progress : 0.328
name: input_len=16
training.rollout_steps=8
models.architecture.block_type=simple
models.architecture.mamba_type=mamba
training.mode=gml_rollout
models.out_dim=10    avg_loss: -69.007194519043  time_per_window : 0.000532   progress : 0.339
name: input_len=16
training.rollout_steps=8
models.architecture.block_type=simple
models.architecture.mamba_type=mamba
training.mode=gml_rollout
models.out_dim=10    avg_loss: -69.007110595703  time_per_window : 0.000504   progress : 0.350
name: input_len=16
training.rollout_steps=8
models.architecture.block_type=simple
models.architecture.mamba_type=mamba
training.mode=gml_rollout
models.out_dim=10    avg_loss: -69.008712768555  time_per_window : 0.000445   progress : 0.360
name: input_len=16
training.rollout_steps=8
models.architecture.block_type=simple
models.architecture.mamba_type=mamba
training.mode=gml_rollout
models.out_dim=10    avg_loss: -69.009948730469  time_per_window : 0.000438   progress : 0.371
name: input_len=16
training.rollout_steps=8
models.architecture.block_type=simple
models.architecture.mamba_type=mamba
training.mode=gml_rollout
models.out_dim=10    avg_loss: -69.008110046387  time_per_window : 0.000439   progress : 0.382
name: input_len=16
training.rollout_steps=8
models.architecture.block_type=simple
models.architecture.mamba_type=mamba
training.mode=gml_rollout
models.out_dim=10    avg_loss: -69.007247924805  time_per_window : 0.000478   progress : 0.393
name: input_len=16
training.rollout_steps=8
models.architecture.block_type=simple
models.architecture.mamba_type=mamba
training.mode=gml_rollout
models.out_dim=10    avg_loss: -69.008621215820  time_per_window : 0.000396   progress : 0.404
name: input_len=16
training.rollout_steps=8
models.architecture.block_type=simple
models.architecture.mamba_type=mamba
training.mode=gml_rollout
models.out_dim=10    avg_loss: -69.007965087891  time_per_window : 0.000405   progress : 0.415
name: input_len=16
training.rollout_steps=8
models.architecture.block_type=simple
models.architecture.mamba_type=mamba
training.mode=gml_rollout
models.out_dim=10    avg_loss: -69.008964538574  time_per_window : 0.000446   progress : 0.426
name: input_len=16
training.rollout_steps=8
models.architecture.block_type=simple
models.architecture.mamba_type=mamba
training.mode=gml_rollout
models.out_dim=10    avg_loss: -69.008399963379  time_per_window : 0.000435   progress : 0.437
name: input_len=16
training.rollout_steps=8
models.architecture.block_type=simple
models.architecture.mamba_type=mamba
training.mode=gml_rollout
models.out_dim=10    avg_loss: -69.008186340332  time_per_window : 0.000463   progress : 0.448
name: input_len=16
training.rollout_steps=8
models.architecture.block_type=simple
models.architecture.mamba_type=mamba
training.mode=gml_rollout
models.out_dim=10    avg_loss: -69.009567260742  time_per_window : 0.000427   progress : 0.459
name: input_len=16
training.rollout_steps=8
models.architecture.block_type=simple
models.architecture.mamba_type=mamba
training.mode=gml_rollout
models.out_dim=10    avg_loss: -69.009185791016  time_per_window : 0.000446   progress : 0.470
name: input_len=16
training.rollout_steps=8
models.architecture.block_type=simple
models.architecture.mamba_type=mamba
training.mode=gml_rollout
models.out_dim=10    avg_loss: -69.009963989258  time_per_window : 0.000437   progress : 0.481
name: input_len=16
training.rollout_steps=8
models.architecture.block_type=simple
models.architecture.mamba_type=mamba
training.mode=gml_rollout
models.out_dim=10    avg_loss: -69.007095336914  time_per_window : 0.000433   progress : 0.492
name: input_len=16
training.rollout_steps=8
models.architecture.block_type=simple
models.architecture.mamba_type=mamba
training.mode=gml_rollout
models.out_dim=10    avg_loss: -69.009445190430  time_per_window : 0.000454   progress : 0.502
name: input_len=16
training.rollout_steps=8
models.architecture.block_type=simple
models.architecture.mamba_type=mamba
training.mode=gml_rollout
models.out_dim=10    avg_loss: -69.010910034180  time_per_window : 0.000489   progress : 0.513
name: input_len=16
training.rollout_steps=8
models.architecture.block_type=simple
models.architecture.mamba_type=mamba
training.mode=gml_rollout
models.out_dim=10    avg_loss: -69.008522033691  time_per_window : 0.000398   progress : 0.524
name: input_len=16
training.rollout_steps=8
models.architecture.block_type=simple
models.architecture.mamba_type=mamba
training.mode=gml_rollout
models.out_dim=10    avg_loss: -69.009208679199  time_per_window : 0.000448   progress : 0.535
name: input_len=16
training.rollout_steps=8
models.architecture.block_type=simple
models.architecture.mamba_type=mamba
training.mode=gml_rollout
models.out_dim=10    avg_loss: -69.010932922363  time_per_window : 0.000443   progress : 0.546
name: input_len=16
training.rollout_steps=8
models.architecture.block_type=simple
models.architecture.mamba_type=mamba
training.mode=gml_rollout
models.out_dim=10    avg_loss: -69.007492065430  time_per_window : 0.000464   progress : 0.557
name: input_len=16
training.rollout_steps=8
models.architecture.block_type=simple
models.architecture.mamba_type=mamba
training.mode=gml_rollout
models.out_dim=10    avg_loss: -69.007339477539  time_per_window : 0.000460   progress : 0.568
name: input_len=16
training.rollout_steps=8
models.architecture.block_type=simple
models.architecture.mamba_type=mamba
training.mode=gml_rollout
models.out_dim=10    avg_loss: -69.008110046387  time_per_window : 0.000413   progress : 0.579
name: input_len=16
training.rollout_steps=8
models.architecture.block_type=simple
models.architecture.mamba_type=mamba
training.mode=gml_rollout
models.out_dim=10    avg_loss: -69.007019042969  time_per_window : 0.000445   progress : 0.590
name: input_len=16
training.rollout_steps=8
models.architecture.block_type=simple
models.architecture.mamba_type=mamba
training.mode=gml_rollout
models.out_dim=10    avg_loss: -69.009109497070  time_per_window : 0.000457   progress : 0.601
name: input_len=16
training.rollout_steps=8
models.architecture.block_type=simple
models.architecture.mamba_type=mamba
training.mode=gml_rollout
models.out_dim=10    avg_loss: -69.009338378906  time_per_window : 0.000447   progress : 0.612
name: input_len=16
training.rollout_steps=8
models.architecture.block_type=simple
models.architecture.mamba_type=mamba
training.mode=gml_rollout
models.out_dim=10    avg_loss: -69.009002685547  time_per_window : 0.000394   progress : 0.623
name: input_len=16
training.rollout_steps=8
models.architecture.block_type=simple
models.architecture.mamba_type=mamba
training.mode=gml_rollout
models.out_dim=10    avg_loss: -69.010032653809  time_per_window : 0.000377   progress : 0.634
name: input_len=16
training.rollout_steps=8
models.architecture.block_type=simple
models.architecture.mamba_type=mamba
training.mode=gml_rollout
models.out_dim=10    avg_loss: -69.008857727051  time_per_window : 0.000443   progress : 0.644
name: input_len=16
training.rollout_steps=8
models.architecture.block_type=simple
models.architecture.mamba_type=mamba
training.mode=gml_rollout
models.out_dim=10    avg_loss: -69.009536743164  time_per_window : 0.000381   progress : 0.655
name: input_len=16
training.rollout_steps=8
models.architecture.block_type=simple
models.architecture.mamba_type=mamba
training.mode=gml_rollout
models.out_dim=10    avg_loss: -69.009963989258  time_per_window : 0.000351   progress : 0.666
name: input_len=16
training.rollout_steps=8
models.architecture.block_type=simple
models.architecture.mamba_type=mamba
training.mode=gml_rollout
models.out_dim=10    avg_loss: -69.009445190430  time_per_window : 0.000347   progress : 0.677
name: input_len=16
training.rollout_steps=8
models.architecture.block_type=simple
models.architecture.mamba_type=mamba
training.mode=gml_rollout
models.out_dim=10    avg_loss: -69.010650634766  time_per_window : 0.000382   progress : 0.688
name: input_len=16
training.rollout_steps=8
models.architecture.block_type=simple
models.architecture.mamba_type=mamba
training.mode=gml_rollout
models.out_dim=10    avg_loss: -69.008529663086  time_per_window : 0.000382   progress : 0.699
name: input_len=16
training.rollout_steps=8
models.architecture.block_type=simple
models.architecture.mamba_type=mamba
training.mode=gml_rollout
models.out_dim=10    avg_loss: -69.007797241211  time_per_window : 0.000311   progress : 0.710
name: input_len=16
training.rollout_steps=8
models.architecture.block_type=simple
models.architecture.mamba_type=mamba
training.mode=gml_rollout
models.out_dim=10    avg_loss: -69.009811401367  time_per_window : 0.000305   progress : 0.721
name: input_len=16
training.rollout_steps=8
models.architecture.block_type=simple
models.architecture.mamba_type=mamba
training.mode=gml_rollout
models.out_dim=10    avg_loss: -69.008972167969  time_per_window : 0.000325   progress : 0.732
name: input_len=16
training.rollout_steps=8
models.architecture.block_type=simple
models.architecture.mamba_type=mamba
training.mode=gml_rollout
models.out_dim=10    avg_loss: -69.011360168457  time_per_window : 0.000344   progress : 0.743
name: input_len=16
training.rollout_steps=8
models.architecture.block_type=simple
models.architecture.mamba_type=mamba
training.mode=gml_rollout
models.out_dim=10    avg_loss: -69.009704589844  time_per_window : 0.000381   progress : 0.754
name: input_len=16
training.rollout_steps=8
models.architecture.block_type=simple
models.architecture.mamba_type=mamba
training.mode=gml_rollout
models.out_dim=10    avg_loss: -69.009284973145  time_per_window : 0.000362   progress : 0.765
name: input_len=16
training.rollout_steps=8
models.architecture.block_type=simple
models.architecture.mamba_type=mamba
training.mode=gml_rollout
models.out_dim=10    avg_loss: -69.006507873535  time_per_window : 0.000383   progress : 0.775
name: input_len=16
training.rollout_steps=8
models.architecture.block_type=simple
models.architecture.mamba_type=mamba
training.mode=gml_rollout
models.out_dim=10    avg_loss: -69.009002685547  time_per_window : 0.000318   progress : 0.786
name: input_len=16
training.rollout_steps=8
models.architecture.block_type=simple
models.architecture.mamba_type=mamba
training.mode=gml_rollout
models.out_dim=10    avg_loss: -69.009300231934  time_per_window : 0.000309   progress : 0.797
name: input_len=16
training.rollout_steps=8
models.architecture.block_type=simple
models.architecture.mamba_type=mamba
training.mode=gml_rollout
models.out_dim=10    avg_loss: -69.010810852051  time_per_window : 0.000297   progress : 0.808
name: input_len=16
training.rollout_steps=8
models.architecture.block_type=simple
models.architecture.mamba_type=mamba
training.mode=gml_rollout
models.out_dim=10    avg_loss: -69.009094238281  time_per_window : 0.000371   progress : 0.819
name: input_len=16
training.rollout_steps=8
models.architecture.block_type=simple
models.architecture.mamba_type=mamba
training.mode=gml_rollout
models.out_dim=10    avg_loss: -69.009765625000  time_per_window : 0.000326   progress : 0.830
name: input_len=16
training.rollout_steps=8
models.architecture.block_type=simple
models.architecture.mamba_type=mamba
training.mode=gml_rollout
models.out_dim=10    avg_loss: -69.008773803711  time_per_window : 0.000300   progress : 0.841
name: input_len=16
training.rollout_steps=8
models.architecture.block_type=simple
models.architecture.mamba_type=mamba
training.mode=gml_rollout
models.out_dim=10    avg_loss: -69.008941650391  time_per_window : 0.000383   progress : 0.852
name: input_len=16
training.rollout_steps=8
models.architecture.block_type=simple
models.architecture.mamba_type=mamba
training.mode=gml_rollout
models.out_dim=10    avg_loss: -69.009780883789  time_per_window : 0.000401   progress : 0.863
name: input_len=16
training.rollout_steps=8
models.architecture.block_type=simple
models.architecture.mamba_type=mamba
training.mode=gml_rollout
models.out_dim=10    avg_loss: -69.009414672852  time_per_window : 0.000373   progress : 0.874
name: input_len=16
training.rollout_steps=8
models.architecture.block_type=simple
models.architecture.mamba_type=mamba
training.mode=gml_rollout
models.out_dim=10    avg_loss: -69.010116577148  time_per_window : 0.000382   progress : 0.885
name: input_len=16
training.rollout_steps=8
models.architecture.block_type=simple
models.architecture.mamba_type=mamba
training.mode=gml_rollout
models.out_dim=10    avg_loss: -69.010513305664  time_per_window : 0.000343   progress : 0.896
name: input_len=16
training.rollout_steps=8
models.architecture.block_type=simple
models.architecture.mamba_type=mamba
training.mode=gml_rollout
models.out_dim=10    avg_loss: -69.009552001953  time_per_window : 0.000308   progress : 0.907
name: input_len=16
training.rollout_steps=8
models.architecture.block_type=simple
models.architecture.mamba_type=mamba
training.mode=gml_rollout
models.out_dim=10    avg_loss: -69.008392333984  time_per_window : 0.000302   progress : 0.917
name: input_len=16
training.rollout_steps=8
models.architecture.block_type=simple
models.architecture.mamba_type=mamba
training.mode=gml_rollout
models.out_dim=10    avg_loss: -69.008384704590  time_per_window : 0.000307   progress : 0.928
name: input_len=16
training.rollout_steps=8
models.architecture.block_type=simple
models.architecture.mamba_type=mamba
training.mode=gml_rollout
models.out_dim=10    avg_loss: -69.009391784668  time_per_window : 0.000382   progress : 0.939
name: input_len=16
training.rollout_steps=8
models.architecture.block_type=simple
models.architecture.mamba_type=mamba
training.mode=gml_rollout
models.out_dim=10    avg_loss: -69.009208679199  time_per_window : 0.000382   progress : 0.950
name: input_len=16
training.rollout_steps=8
models.architecture.block_type=simple
models.architecture.mamba_type=mamba
training.mode=gml_rollout
models.out_dim=10    avg_loss: -69.008857727051  time_per_window : 0.000323   progress : 0.961
name: input_len=16
training.rollout_steps=8
models.architecture.block_type=simple
models.architecture.mamba_type=mamba
training.mode=gml_rollout
models.out_dim=10    avg_loss: -69.009956359863  time_per_window : 0.000397   progress : 0.972
name: input_len=16
training.rollout_steps=8
models.architecture.block_type=simple
models.architecture.mamba_type=mamba
training.mode=gml_rollout
models.out_dim=10    avg_loss: -69.008773803711  time_per_window : 0.000383   progress : 0.983
name: input_len=16
training.rollout_steps=8
models.architecture.block_type=simple
models.architecture.mamba_type=mamba
training.mode=gml_rollout
models.out_dim=10    avg_loss: -69.009140014648  time_per_window : 0.000346   progress : 0.994
DONE!!!
