/media/egghead/Scratch/joey/Thesis/mavenv/lib/python3.11/site-packages/hydra/_internal/defaults_list.py:251: UserWarning: In 'config': Defaults list is missing `_self_`. See https://hydra.cc/docs/1.2/upgrades/1.0_to_1.1/default_composition_order for more information
  warnings.warn(msg, UserWarning)
Using cuda device
[2026-07-27 14:41:54,340][HYDRA] Joblib.Parallel(n_jobs=6,backend=loky,prefer=processes,require=None,verbose=0,timeout=None,pre_dispatch=2*n_jobs,batch_size=auto,temp_folder=None,max_nbytes=None,mmap_mode=r) is launching 1 jobs
[2026-07-27 14:41:54,340][HYDRA] Launching jobs, sweep output dir : /home/egghead/Thesis/Thesis-NN/ablation_runs/2026-07-27_11-13-35_train_mode/attn_out10_rollout5_gml5_phase2
[2026-07-27 14:41:54,340][HYDRA] 	#0 : models.architecture.block_type=attention models.out_dim=10 dataset.path=/media/egghead/Scratch/joey/simulation_data/patient_one_data.zarr evaluation.path=/media/egghead/Scratch/joey/simulation_data/patient_two_data.zarr training.mode=gml_rollout_pure epochs=5 seed=0 checkpoint.load=True checkpoint.path=/home/egghead/Thesis/Thesis-NN/ablation_runs/2026-07-27_11-13-35_train_mode/attn_out10_rollout5_gml5_phase1/0/hydra-test.pth
/media/egghead/Scratch/joey/Thesis/mavenv/lib/python3.11/site-packages/hydra/_internal/defaults_list.py:251: UserWarning: In 'config': Defaults list is missing `_self_`. See https://hydra.cc/docs/1.2/upgrades/1.0_to_1.1/default_composition_order for more information
  warnings.warn(msg, UserWarning)
models:
  n_dim: 23
  out_dim: 10
  architecture:
    d_model: 128
    n_encoder_layers: 2
    n_decoder_layers: 0
    block_type: attention
    time_adapter: last_token
    in_norm: none
    out_norm: none
    layer_scale: 0.0001
    drop_path: 0.05
    mamba_type: mamba
    mamba_kwargs:
      d_state: 16
      d_conv: 2
      expand: 2
      norm: rms
    skip: false
    cls_kwargs:
      n_heads: 2
      n_mlp: 2
      positional_encoding: false
      max_len: 5000
input_len: 32
output_len: 1
batch_size: 128
epochs: 5
seed: 0
dataset:
  path: /media/egghead/Scratch/joey/simulation_data/patient_one_data.zarr
  training_size: 1500000
evaluation:
  path: /media/egghead/Scratch/joey/simulation_data/patient_two_data.zarr
  evaluation_size: 50
training:
  mode: gml_rollout_pure
  lr: 0.0002
  weight_decay: 0.1
  rollout_steps: 16
checkpoint:
  save_path: hydra-test.pth
  load: true
  path: /home/egghead/Thesis/Thesis-NN/ablation_runs/2026-07-27_11-13-35_train_mode/attn_out10_rollout5_gml5_phase1/0/hydra-test.pth
compile: true

Checkpoint load: skipping 2 shape-mismatched tensors: ['out_proj.net.0.bias', 'out_proj.net.0.weight']
/media/egghead/Scratch/joey/Thesis/mavenv/lib/python3.11/site-packages/torch/_inductor/cudagraph_trees.py:2622: UserWarning: Unable to hit fast path of CUDAGraphs because outputs from a previous step still require backward. Ensure backward() is invoked or detach outputs. You may also call torch.compiler.cudagraph_mark_step_begin() before each model invocation.
  warnings.warn(
name: models.architecture.block_type=attention
models.out_dim=10
dataset.path=/media/egghead/Scratch/joey/simulation_data/patient_one_data.zarr
evaluation.path=/media/egghead/Scratch/joey/simulation_data/patient_two_data.zarr
training.mode=gml_rollout_pure
epochs=5
seed=0
checkpoint.load=True
checkpoint.path=/home/egghead/Thesis/Thesis-NN/ablation_runs/2026-07-27_11-13-35_train_mode/attn_out10_rollout5_gml5_phase1/0/hydra-test.pth    avg_loss: -12.481643676758  time_per_window : 0.000335   progress : 0.011
name: models.architecture.block_type=attention
models.out_dim=10
dataset.path=/media/egghead/Scratch/joey/simulation_data/patient_one_data.zarr
evaluation.path=/media/egghead/Scratch/joey/simulation_data/patient_two_data.zarr
training.mode=gml_rollout_pure
epochs=5
seed=0
checkpoint.load=True
checkpoint.path=/home/egghead/Thesis/Thesis-NN/ablation_runs/2026-07-27_11-13-35_train_mode/attn_out10_rollout5_gml5_phase1/0/hydra-test.pth    avg_loss: -45.519920349121  time_per_window : 0.000315   progress : 0.022
name: models.architecture.block_type=attention
models.out_dim=10
dataset.path=/media/egghead/Scratch/joey/simulation_data/patient_one_data.zarr
evaluation.path=/media/egghead/Scratch/joey/simulation_data/patient_two_data.zarr
training.mode=gml_rollout_pure
epochs=5
seed=0
checkpoint.load=True
checkpoint.path=/home/egghead/Thesis/Thesis-NN/ablation_runs/2026-07-27_11-13-35_train_mode/attn_out10_rollout5_gml5_phase1/0/hydra-test.pth    avg_loss: -48.703762054443  time_per_window : 0.000316   progress : 0.033
name: models.architecture.block_type=attention
models.out_dim=10
dataset.path=/media/egghead/Scratch/joey/simulation_data/patient_one_data.zarr
evaluation.path=/media/egghead/Scratch/joey/simulation_data/patient_two_data.zarr
training.mode=gml_rollout_pure
epochs=5
seed=0
checkpoint.load=True
checkpoint.path=/home/egghead/Thesis/Thesis-NN/ablation_runs/2026-07-27_11-13-35_train_mode/attn_out10_rollout5_gml5_phase1/0/hydra-test.pth    avg_loss: -52.452373504639  time_per_window : 0.000333   progress : 0.044
name: models.architecture.block_type=attention
models.out_dim=10
dataset.path=/media/egghead/Scratch/joey/simulation_data/patient_one_data.zarr
evaluation.path=/media/egghead/Scratch/joey/simulation_data/patient_two_data.zarr
training.mode=gml_rollout_pure
epochs=5
seed=0
checkpoint.load=True
checkpoint.path=/home/egghead/Thesis/Thesis-NN/ablation_runs/2026-07-27_11-13-35_train_mode/attn_out10_rollout5_gml5_phase1/0/hydra-test.pth    avg_loss: -53.362472534180  time_per_window : 0.000333   progress : 0.055
name: models.architecture.block_type=attention
models.out_dim=10
dataset.path=/media/egghead/Scratch/joey/simulation_data/patient_one_data.zarr
evaluation.path=/media/egghead/Scratch/joey/simulation_data/patient_two_data.zarr
training.mode=gml_rollout_pure
epochs=5
seed=0
checkpoint.load=True
checkpoint.path=/home/egghead/Thesis/Thesis-NN/ablation_runs/2026-07-27_11-13-35_train_mode/attn_out10_rollout5_gml5_phase1/0/hydra-test.pth    avg_loss: -51.964279174805  time_per_window : 0.000333   progress : 0.066
name: models.architecture.block_type=attention
models.out_dim=10
dataset.path=/media/egghead/Scratch/joey/simulation_data/patient_one_data.zarr
evaluation.path=/media/egghead/Scratch/joey/simulation_data/patient_two_data.zarr
training.mode=gml_rollout_pure
epochs=5
seed=0
checkpoint.load=True
checkpoint.path=/home/egghead/Thesis/Thesis-NN/ablation_runs/2026-07-27_11-13-35_train_mode/attn_out10_rollout5_gml5_phase1/0/hydra-test.pth    avg_loss: -54.952629089355  time_per_window : 0.000335   progress : 0.076
name: models.architecture.block_type=attention
models.out_dim=10
dataset.path=/media/egghead/Scratch/joey/simulation_data/patient_one_data.zarr
evaluation.path=/media/egghead/Scratch/joey/simulation_data/patient_two_data.zarr
training.mode=gml_rollout_pure
epochs=5
seed=0
checkpoint.load=True
checkpoint.path=/home/egghead/Thesis/Thesis-NN/ablation_runs/2026-07-27_11-13-35_train_mode/attn_out10_rollout5_gml5_phase1/0/hydra-test.pth    avg_loss: -53.894077301025  time_per_window : 0.000335   progress : 0.087
name: models.architecture.block_type=attention
models.out_dim=10
dataset.path=/media/egghead/Scratch/joey/simulation_data/patient_one_data.zarr
evaluation.path=/media/egghead/Scratch/joey/simulation_data/patient_two_data.zarr
training.mode=gml_rollout_pure
epochs=5
seed=0
checkpoint.load=True
checkpoint.path=/home/egghead/Thesis/Thesis-NN/ablation_runs/2026-07-27_11-13-35_train_mode/attn_out10_rollout5_gml5_phase1/0/hydra-test.pth    avg_loss: -53.388656616211  time_per_window : 0.000334   progress : 0.098
name: models.architecture.block_type=attention
models.out_dim=10
dataset.path=/media/egghead/Scratch/joey/simulation_data/patient_one_data.zarr
evaluation.path=/media/egghead/Scratch/joey/simulation_data/patient_two_data.zarr
training.mode=gml_rollout_pure
epochs=5
seed=0
checkpoint.load=True
checkpoint.path=/home/egghead/Thesis/Thesis-NN/ablation_runs/2026-07-27_11-13-35_train_mode/attn_out10_rollout5_gml5_phase1/0/hydra-test.pth    avg_loss: -55.474937438965  time_per_window : 0.000338   progress : 0.109
name: models.architecture.block_type=attention
models.out_dim=10
dataset.path=/media/egghead/Scratch/joey/simulation_data/patient_one_data.zarr
evaluation.path=/media/egghead/Scratch/joey/simulation_data/patient_two_data.zarr
training.mode=gml_rollout_pure
epochs=5
seed=0
checkpoint.load=True
checkpoint.path=/home/egghead/Thesis/Thesis-NN/ablation_runs/2026-07-27_11-13-35_train_mode/attn_out10_rollout5_gml5_phase1/0/hydra-test.pth    avg_loss: -55.380672454834  time_per_window : 0.000341   progress : 0.120
name: models.architecture.block_type=attention
models.out_dim=10
dataset.path=/media/egghead/Scratch/joey/simulation_data/patient_one_data.zarr
evaluation.path=/media/egghead/Scratch/joey/simulation_data/patient_two_data.zarr
training.mode=gml_rollout_pure
epochs=5
seed=0
checkpoint.load=True
checkpoint.path=/home/egghead/Thesis/Thesis-NN/ablation_runs/2026-07-27_11-13-35_train_mode/attn_out10_rollout5_gml5_phase1/0/hydra-test.pth    avg_loss: -54.693168640137  time_per_window : 0.000352   progress : 0.131
name: models.architecture.block_type=attention
models.out_dim=10
dataset.path=/media/egghead/Scratch/joey/simulation_data/patient_one_data.zarr
evaluation.path=/media/egghead/Scratch/joey/simulation_data/patient_two_data.zarr
training.mode=gml_rollout_pure
epochs=5
seed=0
checkpoint.load=True
checkpoint.path=/home/egghead/Thesis/Thesis-NN/ablation_runs/2026-07-27_11-13-35_train_mode/attn_out10_rollout5_gml5_phase1/0/hydra-test.pth    avg_loss: -56.561737060547  time_per_window : 0.000311   progress : 0.142
name: models.architecture.block_type=attention
models.out_dim=10
dataset.path=/media/egghead/Scratch/joey/simulation_data/patient_one_data.zarr
evaluation.path=/media/egghead/Scratch/joey/simulation_data/patient_two_data.zarr
training.mode=gml_rollout_pure
epochs=5
seed=0
checkpoint.load=True
checkpoint.path=/home/egghead/Thesis/Thesis-NN/ablation_runs/2026-07-27_11-13-35_train_mode/attn_out10_rollout5_gml5_phase1/0/hydra-test.pth    avg_loss: -53.938869476318  time_per_window : 0.000324   progress : 0.153
name: models.architecture.block_type=attention
models.out_dim=10
dataset.path=/media/egghead/Scratch/joey/simulation_data/patient_one_data.zarr
evaluation.path=/media/egghead/Scratch/joey/simulation_data/patient_two_data.zarr
training.mode=gml_rollout_pure
epochs=5
seed=0
checkpoint.load=True
checkpoint.path=/home/egghead/Thesis/Thesis-NN/ablation_runs/2026-07-27_11-13-35_train_mode/attn_out10_rollout5_gml5_phase1/0/hydra-test.pth    avg_loss: -56.238529205322  time_per_window : 0.000333   progress : 0.164
name: models.architecture.block_type=attention
models.out_dim=10
dataset.path=/media/egghead/Scratch/joey/simulation_data/patient_one_data.zarr
evaluation.path=/media/egghead/Scratch/joey/simulation_data/patient_two_data.zarr
training.mode=gml_rollout_pure
epochs=5
seed=0
checkpoint.load=True
checkpoint.path=/home/egghead/Thesis/Thesis-NN/ablation_runs/2026-07-27_11-13-35_train_mode/attn_out10_rollout5_gml5_phase1/0/hydra-test.pth    avg_loss: -57.324951171875  time_per_window : 0.000355   progress : 0.175
name: models.architecture.block_type=attention
models.out_dim=10
dataset.path=/media/egghead/Scratch/joey/simulation_data/patient_one_data.zarr
evaluation.path=/media/egghead/Scratch/joey/simulation_data/patient_two_data.zarr
training.mode=gml_rollout_pure
epochs=5
seed=0
checkpoint.load=True
checkpoint.path=/home/egghead/Thesis/Thesis-NN/ablation_runs/2026-07-27_11-13-35_train_mode/attn_out10_rollout5_gml5_phase1/0/hydra-test.pth    avg_loss: -56.772544860840  time_per_window : 0.000341   progress : 0.186
name: models.architecture.block_type=attention
models.out_dim=10
dataset.path=/media/egghead/Scratch/joey/simulation_data/patient_one_data.zarr
evaluation.path=/media/egghead/Scratch/joey/simulation_data/patient_two_data.zarr
training.mode=gml_rollout_pure
epochs=5
seed=0
checkpoint.load=True
checkpoint.path=/home/egghead/Thesis/Thesis-NN/ablation_runs/2026-07-27_11-13-35_train_mode/attn_out10_rollout5_gml5_phase1/0/hydra-test.pth    avg_loss: -57.971702575684  time_per_window : 0.000323   progress : 0.197
name: models.architecture.block_type=attention
models.out_dim=10
dataset.path=/media/egghead/Scratch/joey/simulation_data/patient_one_data.zarr
evaluation.path=/media/egghead/Scratch/joey/simulation_data/patient_two_data.zarr
training.mode=gml_rollout_pure
epochs=5
seed=0
checkpoint.load=True
checkpoint.path=/home/egghead/Thesis/Thesis-NN/ablation_runs/2026-07-27_11-13-35_train_mode/attn_out10_rollout5_gml5_phase1/0/hydra-test.pth    avg_loss: -57.826789855957  time_per_window : 0.000320   progress : 0.208
name: models.architecture.block_type=attention
models.out_dim=10
dataset.path=/media/egghead/Scratch/joey/simulation_data/patient_one_data.zarr
evaluation.path=/media/egghead/Scratch/joey/simulation_data/patient_two_data.zarr
training.mode=gml_rollout_pure
epochs=5
seed=0
checkpoint.load=True
checkpoint.path=/home/egghead/Thesis/Thesis-NN/ablation_runs/2026-07-27_11-13-35_train_mode/attn_out10_rollout5_gml5_phase1/0/hydra-test.pth    avg_loss: -57.445697784424  time_per_window : 0.000350   progress : 0.218
name: models.architecture.block_type=attention
models.out_dim=10
dataset.path=/media/egghead/Scratch/joey/simulation_data/patient_one_data.zarr
evaluation.path=/media/egghead/Scratch/joey/simulation_data/patient_two_data.zarr
training.mode=gml_rollout_pure
epochs=5
seed=0
checkpoint.load=True
checkpoint.path=/home/egghead/Thesis/Thesis-NN/ablation_runs/2026-07-27_11-13-35_train_mode/attn_out10_rollout5_gml5_phase1/0/hydra-test.pth    avg_loss: -58.369556427002  time_per_window : 0.000334   progress : 0.229
name: models.architecture.block_type=attention
models.out_dim=10
dataset.path=/media/egghead/Scratch/joey/simulation_data/patient_one_data.zarr
evaluation.path=/media/egghead/Scratch/joey/simulation_data/patient_two_data.zarr
training.mode=gml_rollout_pure
epochs=5
seed=0
checkpoint.load=True
checkpoint.path=/home/egghead/Thesis/Thesis-NN/ablation_runs/2026-07-27_11-13-35_train_mode/attn_out10_rollout5_gml5_phase1/0/hydra-test.pth    avg_loss: -56.355796813965  time_per_window : 0.000325   progress : 0.240
name: models.architecture.block_type=attention
models.out_dim=10
dataset.path=/media/egghead/Scratch/joey/simulation_data/patient_one_data.zarr
evaluation.path=/media/egghead/Scratch/joey/simulation_data/patient_two_data.zarr
training.mode=gml_rollout_pure
epochs=5
seed=0
checkpoint.load=True
checkpoint.path=/home/egghead/Thesis/Thesis-NN/ablation_runs/2026-07-27_11-13-35_train_mode/attn_out10_rollout5_gml5_phase1/0/hydra-test.pth    avg_loss: -55.500988006592  time_per_window : 0.000327   progress : 0.251
name: models.architecture.block_type=attention
models.out_dim=10
dataset.path=/media/egghead/Scratch/joey/simulation_data/patient_one_data.zarr
evaluation.path=/media/egghead/Scratch/joey/simulation_data/patient_two_data.zarr
training.mode=gml_rollout_pure
epochs=5
seed=0
checkpoint.load=True
checkpoint.path=/home/egghead/Thesis/Thesis-NN/ablation_runs/2026-07-27_11-13-35_train_mode/attn_out10_rollout5_gml5_phase1/0/hydra-test.pth    avg_loss: -56.441097259521  time_per_window : 0.000337   progress : 0.262
name: models.architecture.block_type=attention
models.out_dim=10
dataset.path=/media/egghead/Scratch/joey/simulation_data/patient_one_data.zarr
evaluation.path=/media/egghead/Scratch/joey/simulation_data/patient_two_data.zarr
training.mode=gml_rollout_pure
epochs=5
seed=0
checkpoint.load=True
checkpoint.path=/home/egghead/Thesis/Thesis-NN/ablation_runs/2026-07-27_11-13-35_train_mode/attn_out10_rollout5_gml5_phase1/0/hydra-test.pth    avg_loss: -58.571044921875  time_per_window : 0.000340   progress : 0.273
name: models.architecture.block_type=attention
models.out_dim=10
dataset.path=/media/egghead/Scratch/joey/simulation_data/patient_one_data.zarr
evaluation.path=/media/egghead/Scratch/joey/simulation_data/patient_two_data.zarr
training.mode=gml_rollout_pure
epochs=5
seed=0
checkpoint.load=True
checkpoint.path=/home/egghead/Thesis/Thesis-NN/ablation_runs/2026-07-27_11-13-35_train_mode/attn_out10_rollout5_gml5_phase1/0/hydra-test.pth    avg_loss: -58.268821716309  time_per_window : 0.000352   progress : 0.284
name: models.architecture.block_type=attention
models.out_dim=10
dataset.path=/media/egghead/Scratch/joey/simulation_data/patient_one_data.zarr
evaluation.path=/media/egghead/Scratch/joey/simulation_data/patient_two_data.zarr
training.mode=gml_rollout_pure
epochs=5
seed=0
checkpoint.load=True
checkpoint.path=/home/egghead/Thesis/Thesis-NN/ablation_runs/2026-07-27_11-13-35_train_mode/attn_out10_rollout5_gml5_phase1/0/hydra-test.pth    avg_loss: -59.188694000244  time_per_window : 0.000316   progress : 0.295
name: models.architecture.block_type=attention
models.out_dim=10
dataset.path=/media/egghead/Scratch/joey/simulation_data/patient_one_data.zarr
evaluation.path=/media/egghead/Scratch/joey/simulation_data/patient_two_data.zarr
training.mode=gml_rollout_pure
epochs=5
seed=0
checkpoint.load=True
checkpoint.path=/home/egghead/Thesis/Thesis-NN/ablation_runs/2026-07-27_11-13-35_train_mode/attn_out10_rollout5_gml5_phase1/0/hydra-test.pth    avg_loss: -58.502639770508  time_per_window : 0.000353   progress : 0.306
name: models.architecture.block_type=attention
models.out_dim=10
dataset.path=/media/egghead/Scratch/joey/simulation_data/patient_one_data.zarr
evaluation.path=/media/egghead/Scratch/joey/simulation_data/patient_two_data.zarr
training.mode=gml_rollout_pure
epochs=5
seed=0
checkpoint.load=True
checkpoint.path=/home/egghead/Thesis/Thesis-NN/ablation_runs/2026-07-27_11-13-35_train_mode/attn_out10_rollout5_gml5_phase1/0/hydra-test.pth    avg_loss: -57.443302154541  time_per_window : 0.000349   progress : 0.317
name: models.architecture.block_type=attention
models.out_dim=10
dataset.path=/media/egghead/Scratch/joey/simulation_data/patient_one_data.zarr
evaluation.path=/media/egghead/Scratch/joey/simulation_data/patient_two_data.zarr
training.mode=gml_rollout_pure
epochs=5
seed=0
checkpoint.load=True
checkpoint.path=/home/egghead/Thesis/Thesis-NN/ablation_runs/2026-07-27_11-13-35_train_mode/attn_out10_rollout5_gml5_phase1/0/hydra-test.pth    avg_loss: -59.070800781250  time_per_window : 0.000328   progress : 0.328
name: models.architecture.block_type=attention
models.out_dim=10
dataset.path=/media/egghead/Scratch/joey/simulation_data/patient_one_data.zarr
evaluation.path=/media/egghead/Scratch/joey/simulation_data/patient_two_data.zarr
training.mode=gml_rollout_pure
epochs=5
seed=0
checkpoint.load=True
checkpoint.path=/home/egghead/Thesis/Thesis-NN/ablation_runs/2026-07-27_11-13-35_train_mode/attn_out10_rollout5_gml5_phase1/0/hydra-test.pth    avg_loss: -58.918422698975  time_per_window : 0.000316   progress : 0.339
name: models.architecture.block_type=attention
models.out_dim=10
dataset.path=/media/egghead/Scratch/joey/simulation_data/patient_one_data.zarr
evaluation.path=/media/egghead/Scratch/joey/simulation_data/patient_two_data.zarr
training.mode=gml_rollout_pure
epochs=5
seed=0
checkpoint.load=True
checkpoint.path=/home/egghead/Thesis/Thesis-NN/ablation_runs/2026-07-27_11-13-35_train_mode/attn_out10_rollout5_gml5_phase1/0/hydra-test.pth    avg_loss: -58.741153717041  time_per_window : 0.000359   progress : 0.350
name: models.architecture.block_type=attention
models.out_dim=10
dataset.path=/media/egghead/Scratch/joey/simulation_data/patient_one_data.zarr
evaluation.path=/media/egghead/Scratch/joey/simulation_data/patient_two_data.zarr
training.mode=gml_rollout_pure
epochs=5
seed=0
checkpoint.load=True
checkpoint.path=/home/egghead/Thesis/Thesis-NN/ablation_runs/2026-07-27_11-13-35_train_mode/attn_out10_rollout5_gml5_phase1/0/hydra-test.pth    avg_loss: -52.293781280518  time_per_window : 0.000311   progress : 0.360
name: models.architecture.block_type=attention
models.out_dim=10
dataset.path=/media/egghead/Scratch/joey/simulation_data/patient_one_data.zarr
evaluation.path=/media/egghead/Scratch/joey/simulation_data/patient_two_data.zarr
training.mode=gml_rollout_pure
epochs=5
seed=0
checkpoint.load=True
checkpoint.path=/home/egghead/Thesis/Thesis-NN/ablation_runs/2026-07-27_11-13-35_train_mode/attn_out10_rollout5_gml5_phase1/0/hydra-test.pth    avg_loss: -57.788059234619  time_per_window : 0.000323   progress : 0.371
name: models.architecture.block_type=attention
models.out_dim=10
dataset.path=/media/egghead/Scratch/joey/simulation_data/patient_one_data.zarr
evaluation.path=/media/egghead/Scratch/joey/simulation_data/patient_two_data.zarr
training.mode=gml_rollout_pure
epochs=5
seed=0
checkpoint.load=True
checkpoint.path=/home/egghead/Thesis/Thesis-NN/ablation_runs/2026-07-27_11-13-35_train_mode/attn_out10_rollout5_gml5_phase1/0/hydra-test.pth    avg_loss: -59.737201690674  time_per_window : 0.000360   progress : 0.382
name: models.architecture.block_type=attention
models.out_dim=10
dataset.path=/media/egghead/Scratch/joey/simulation_data/patient_one_data.zarr
evaluation.path=/media/egghead/Scratch/joey/simulation_data/patient_two_data.zarr
training.mode=gml_rollout_pure
epochs=5
seed=0
checkpoint.load=True
checkpoint.path=/home/egghead/Thesis/Thesis-NN/ablation_runs/2026-07-27_11-13-35_train_mode/attn_out10_rollout5_gml5_phase1/0/hydra-test.pth    avg_loss: -58.936622619629  time_per_window : 0.000326   progress : 0.393
name: models.architecture.block_type=attention
models.out_dim=10
dataset.path=/media/egghead/Scratch/joey/simulation_data/patient_one_data.zarr
evaluation.path=/media/egghead/Scratch/joey/simulation_data/patient_two_data.zarr
training.mode=gml_rollout_pure
epochs=5
seed=0
checkpoint.load=True
checkpoint.path=/home/egghead/Thesis/Thesis-NN/ablation_runs/2026-07-27_11-13-35_train_mode/attn_out10_rollout5_gml5_phase1/0/hydra-test.pth    avg_loss: -59.508274078369  time_per_window : 0.000355   progress : 0.404
name: models.architecture.block_type=attention
models.out_dim=10
dataset.path=/media/egghead/Scratch/joey/simulation_data/patient_one_data.zarr
evaluation.path=/media/egghead/Scratch/joey/simulation_data/patient_two_data.zarr
training.mode=gml_rollout_pure
epochs=5
seed=0
checkpoint.load=True
checkpoint.path=/home/egghead/Thesis/Thesis-NN/ablation_runs/2026-07-27_11-13-35_train_mode/attn_out10_rollout5_gml5_phase1/0/hydra-test.pth    avg_loss: -58.464965820312  time_per_window : 0.000351   progress : 0.415
name: models.architecture.block_type=attention
models.out_dim=10
dataset.path=/media/egghead/Scratch/joey/simulation_data/patient_one_data.zarr
evaluation.path=/media/egghead/Scratch/joey/simulation_data/patient_two_data.zarr
training.mode=gml_rollout_pure
epochs=5
seed=0
checkpoint.load=True
checkpoint.path=/home/egghead/Thesis/Thesis-NN/ablation_runs/2026-07-27_11-13-35_train_mode/attn_out10_rollout5_gml5_phase1/0/hydra-test.pth    avg_loss: -57.560623168945  time_per_window : 0.000317   progress : 0.426
name: models.architecture.block_type=attention
models.out_dim=10
dataset.path=/media/egghead/Scratch/joey/simulation_data/patient_one_data.zarr
evaluation.path=/media/egghead/Scratch/joey/simulation_data/patient_two_data.zarr
training.mode=gml_rollout_pure
epochs=5
seed=0
checkpoint.load=True
checkpoint.path=/home/egghead/Thesis/Thesis-NN/ablation_runs/2026-07-27_11-13-35_train_mode/attn_out10_rollout5_gml5_phase1/0/hydra-test.pth    avg_loss: -56.409252166748  time_per_window : 0.000333   progress : 0.437
name: models.architecture.block_type=attention
models.out_dim=10
dataset.path=/media/egghead/Scratch/joey/simulation_data/patient_one_data.zarr
evaluation.path=/media/egghead/Scratch/joey/simulation_data/patient_two_data.zarr
training.mode=gml_rollout_pure
epochs=5
seed=0
checkpoint.load=True
checkpoint.path=/home/egghead/Thesis/Thesis-NN/ablation_runs/2026-07-27_11-13-35_train_mode/attn_out10_rollout5_gml5_phase1/0/hydra-test.pth    avg_loss: -56.591156005859  time_per_window : 0.000324   progress : 0.448
name: models.architecture.block_type=attention
models.out_dim=10
dataset.path=/media/egghead/Scratch/joey/simulation_data/patient_one_data.zarr
evaluation.path=/media/egghead/Scratch/joey/simulation_data/patient_two_data.zarr
training.mode=gml_rollout_pure
epochs=5
seed=0
checkpoint.load=True
checkpoint.path=/home/egghead/Thesis/Thesis-NN/ablation_runs/2026-07-27_11-13-35_train_mode/attn_out10_rollout5_gml5_phase1/0/hydra-test.pth    avg_loss: -55.783107757568  time_per_window : 0.000327   progress : 0.459
name: models.architecture.block_type=attention
models.out_dim=10
dataset.path=/media/egghead/Scratch/joey/simulation_data/patient_one_data.zarr
evaluation.path=/media/egghead/Scratch/joey/simulation_data/patient_two_data.zarr
training.mode=gml_rollout_pure
epochs=5
seed=0
checkpoint.load=True
checkpoint.path=/home/egghead/Thesis/Thesis-NN/ablation_runs/2026-07-27_11-13-35_train_mode/attn_out10_rollout5_gml5_phase1/0/hydra-test.pth    avg_loss: -60.396278381348  time_per_window : 0.000317   progress : 0.470
name: models.architecture.block_type=attention
models.out_dim=10
dataset.path=/media/egghead/Scratch/joey/simulation_data/patient_one_data.zarr
evaluation.path=/media/egghead/Scratch/joey/simulation_data/patient_two_data.zarr
training.mode=gml_rollout_pure
epochs=5
seed=0
checkpoint.load=True
checkpoint.path=/home/egghead/Thesis/Thesis-NN/ablation_runs/2026-07-27_11-13-35_train_mode/attn_out10_rollout5_gml5_phase1/0/hydra-test.pth    avg_loss: -60.474403381348  time_per_window : 0.000362   progress : 0.481
name: models.architecture.block_type=attention
models.out_dim=10
dataset.path=/media/egghead/Scratch/joey/simulation_data/patient_one_data.zarr
evaluation.path=/media/egghead/Scratch/joey/simulation_data/patient_two_data.zarr
training.mode=gml_rollout_pure
epochs=5
seed=0
checkpoint.load=True
checkpoint.path=/home/egghead/Thesis/Thesis-NN/ablation_runs/2026-07-27_11-13-35_train_mode/attn_out10_rollout5_gml5_phase1/0/hydra-test.pth    avg_loss: -59.419616699219  time_per_window : 0.000319   progress : 0.492
name: models.architecture.block_type=attention
models.out_dim=10
dataset.path=/media/egghead/Scratch/joey/simulation_data/patient_one_data.zarr
evaluation.path=/media/egghead/Scratch/joey/simulation_data/patient_two_data.zarr
training.mode=gml_rollout_pure
epochs=5
seed=0
checkpoint.load=True
checkpoint.path=/home/egghead/Thesis/Thesis-NN/ablation_runs/2026-07-27_11-13-35_train_mode/attn_out10_rollout5_gml5_phase1/0/hydra-test.pth    avg_loss: -57.914844512939  time_per_window : 0.000316   progress : 0.502
name: models.architecture.block_type=attention
models.out_dim=10
dataset.path=/media/egghead/Scratch/joey/simulation_data/patient_one_data.zarr
evaluation.path=/media/egghead/Scratch/joey/simulation_data/patient_two_data.zarr
training.mode=gml_rollout_pure
epochs=5
seed=0
checkpoint.load=True
checkpoint.path=/home/egghead/Thesis/Thesis-NN/ablation_runs/2026-07-27_11-13-35_train_mode/attn_out10_rollout5_gml5_phase1/0/hydra-test.pth    avg_loss: -54.670291900635  time_per_window : 0.000331   progress : 0.513
name: models.architecture.block_type=attention
models.out_dim=10
dataset.path=/media/egghead/Scratch/joey/simulation_data/patient_one_data.zarr
evaluation.path=/media/egghead/Scratch/joey/simulation_data/patient_two_data.zarr
training.mode=gml_rollout_pure
epochs=5
seed=0
checkpoint.load=True
checkpoint.path=/home/egghead/Thesis/Thesis-NN/ablation_runs/2026-07-27_11-13-35_train_mode/attn_out10_rollout5_gml5_phase1/0/hydra-test.pth    avg_loss: -59.606273651123  time_per_window : 0.000328   progress : 0.524
name: models.architecture.block_type=attention
models.out_dim=10
dataset.path=/media/egghead/Scratch/joey/simulation_data/patient_one_data.zarr
evaluation.path=/media/egghead/Scratch/joey/simulation_data/patient_two_data.zarr
training.mode=gml_rollout_pure
epochs=5
seed=0
checkpoint.load=True
checkpoint.path=/home/egghead/Thesis/Thesis-NN/ablation_runs/2026-07-27_11-13-35_train_mode/attn_out10_rollout5_gml5_phase1/0/hydra-test.pth    avg_loss: -58.551753997803  time_per_window : 0.000354   progress : 0.535
name: models.architecture.block_type=attention
models.out_dim=10
dataset.path=/media/egghead/Scratch/joey/simulation_data/patient_one_data.zarr
evaluation.path=/media/egghead/Scratch/joey/simulation_data/patient_two_data.zarr
training.mode=gml_rollout_pure
epochs=5
seed=0
checkpoint.load=True
checkpoint.path=/home/egghead/Thesis/Thesis-NN/ablation_runs/2026-07-27_11-13-35_train_mode/attn_out10_rollout5_gml5_phase1/0/hydra-test.pth    avg_loss: -52.633426666260  time_per_window : 0.000317   progress : 0.546
name: models.architecture.block_type=attention
models.out_dim=10
dataset.path=/media/egghead/Scratch/joey/simulation_data/patient_one_data.zarr
evaluation.path=/media/egghead/Scratch/joey/simulation_data/patient_two_data.zarr
training.mode=gml_rollout_pure
epochs=5
seed=0
checkpoint.load=True
checkpoint.path=/home/egghead/Thesis/Thesis-NN/ablation_runs/2026-07-27_11-13-35_train_mode/attn_out10_rollout5_gml5_phase1/0/hydra-test.pth    avg_loss: -57.483562469482  time_per_window : 0.000325   progress : 0.557
name: models.architecture.block_type=attention
models.out_dim=10
dataset.path=/media/egghead/Scratch/joey/simulation_data/patient_one_data.zarr
evaluation.path=/media/egghead/Scratch/joey/simulation_data/patient_two_data.zarr
training.mode=gml_rollout_pure
epochs=5
seed=0
checkpoint.load=True
checkpoint.path=/home/egghead/Thesis/Thesis-NN/ablation_runs/2026-07-27_11-13-35_train_mode/attn_out10_rollout5_gml5_phase1/0/hydra-test.pth    avg_loss: -57.245117187500  time_per_window : 0.000334   progress : 0.568
name: models.architecture.block_type=attention
models.out_dim=10
dataset.path=/media/egghead/Scratch/joey/simulation_data/patient_one_data.zarr
evaluation.path=/media/egghead/Scratch/joey/simulation_data/patient_two_data.zarr
training.mode=gml_rollout_pure
epochs=5
seed=0
checkpoint.load=True
checkpoint.path=/home/egghead/Thesis/Thesis-NN/ablation_runs/2026-07-27_11-13-35_train_mode/attn_out10_rollout5_gml5_phase1/0/hydra-test.pth    avg_loss: -59.834327697754  time_per_window : 0.000332   progress : 0.579
name: models.architecture.block_type=attention
models.out_dim=10
dataset.path=/media/egghead/Scratch/joey/simulation_data/patient_one_data.zarr
evaluation.path=/media/egghead/Scratch/joey/simulation_data/patient_two_data.zarr
training.mode=gml_rollout_pure
epochs=5
seed=0
checkpoint.load=True
checkpoint.path=/home/egghead/Thesis/Thesis-NN/ablation_runs/2026-07-27_11-13-35_train_mode/attn_out10_rollout5_gml5_phase1/0/hydra-test.pth    avg_loss: -60.593715667725  time_per_window : 0.000332   progress : 0.590
name: models.architecture.block_type=attention
models.out_dim=10
dataset.path=/media/egghead/Scratch/joey/simulation_data/patient_one_data.zarr
evaluation.path=/media/egghead/Scratch/joey/simulation_data/patient_two_data.zarr
training.mode=gml_rollout_pure
epochs=5
seed=0
checkpoint.load=True
checkpoint.path=/home/egghead/Thesis/Thesis-NN/ablation_runs/2026-07-27_11-13-35_train_mode/attn_out10_rollout5_gml5_phase1/0/hydra-test.pth    avg_loss: -57.790470123291  time_per_window : 0.000334   progress : 0.601
name: models.architecture.block_type=attention
models.out_dim=10
dataset.path=/media/egghead/Scratch/joey/simulation_data/patient_one_data.zarr
evaluation.path=/media/egghead/Scratch/joey/simulation_data/patient_two_data.zarr
training.mode=gml_rollout_pure
epochs=5
seed=0
checkpoint.load=True
checkpoint.path=/home/egghead/Thesis/Thesis-NN/ablation_runs/2026-07-27_11-13-35_train_mode/attn_out10_rollout5_gml5_phase1/0/hydra-test.pth    avg_loss: -54.836658477783  time_per_window : 0.000352   progress : 0.612
name: models.architecture.block_type=attention
models.out_dim=10
dataset.path=/media/egghead/Scratch/joey/simulation_data/patient_one_data.zarr
evaluation.path=/media/egghead/Scratch/joey/simulation_data/patient_two_data.zarr
training.mode=gml_rollout_pure
epochs=5
seed=0
checkpoint.load=True
checkpoint.path=/home/egghead/Thesis/Thesis-NN/ablation_runs/2026-07-27_11-13-35_train_mode/attn_out10_rollout5_gml5_phase1/0/hydra-test.pth    avg_loss: -59.543552398682  time_per_window : 0.000334   progress : 0.623
name: models.architecture.block_type=attention
models.out_dim=10
dataset.path=/media/egghead/Scratch/joey/simulation_data/patient_one_data.zarr
evaluation.path=/media/egghead/Scratch/joey/simulation_data/patient_two_data.zarr
training.mode=gml_rollout_pure
epochs=5
seed=0
checkpoint.load=True
checkpoint.path=/home/egghead/Thesis/Thesis-NN/ablation_runs/2026-07-27_11-13-35_train_mode/attn_out10_rollout5_gml5_phase1/0/hydra-test.pth    avg_loss: -57.316173553467  time_per_window : 0.000313   progress : 0.634
name: models.architecture.block_type=attention
models.out_dim=10
dataset.path=/media/egghead/Scratch/joey/simulation_data/patient_one_data.zarr
evaluation.path=/media/egghead/Scratch/joey/simulation_data/patient_two_data.zarr
training.mode=gml_rollout_pure
epochs=5
seed=0
checkpoint.load=True
checkpoint.path=/home/egghead/Thesis/Thesis-NN/ablation_runs/2026-07-27_11-13-35_train_mode/attn_out10_rollout5_gml5_phase1/0/hydra-test.pth    avg_loss: -61.047119140625  time_per_window : 0.000352   progress : 0.644
name: models.architecture.block_type=attention
models.out_dim=10
dataset.path=/media/egghead/Scratch/joey/simulation_data/patient_one_data.zarr
evaluation.path=/media/egghead/Scratch/joey/simulation_data/patient_two_data.zarr
training.mode=gml_rollout_pure
epochs=5
seed=0
checkpoint.load=True
checkpoint.path=/home/egghead/Thesis/Thesis-NN/ablation_runs/2026-07-27_11-13-35_train_mode/attn_out10_rollout5_gml5_phase1/0/hydra-test.pth    avg_loss: -61.981018066406  time_per_window : 0.000345   progress : 0.655
name: models.architecture.block_type=attention
models.out_dim=10
dataset.path=/media/egghead/Scratch/joey/simulation_data/patient_one_data.zarr
evaluation.path=/media/egghead/Scratch/joey/simulation_data/patient_two_data.zarr
training.mode=gml_rollout_pure
epochs=5
seed=0
checkpoint.load=True
checkpoint.path=/home/egghead/Thesis/Thesis-NN/ablation_runs/2026-07-27_11-13-35_train_mode/attn_out10_rollout5_gml5_phase1/0/hydra-test.pth    avg_loss: -59.464130401611  time_per_window : 0.000335   progress : 0.666
name: models.architecture.block_type=attention
models.out_dim=10
dataset.path=/media/egghead/Scratch/joey/simulation_data/patient_one_data.zarr
evaluation.path=/media/egghead/Scratch/joey/simulation_data/patient_two_data.zarr
training.mode=gml_rollout_pure
epochs=5
seed=0
checkpoint.load=True
checkpoint.path=/home/egghead/Thesis/Thesis-NN/ablation_runs/2026-07-27_11-13-35_train_mode/attn_out10_rollout5_gml5_phase1/0/hydra-test.pth    avg_loss: -61.724525451660  time_per_window : 0.000371   progress : 0.677
name: models.architecture.block_type=attention
models.out_dim=10
dataset.path=/media/egghead/Scratch/joey/simulation_data/patient_one_data.zarr
evaluation.path=/media/egghead/Scratch/joey/simulation_data/patient_two_data.zarr
training.mode=gml_rollout_pure
epochs=5
seed=0
checkpoint.load=True
checkpoint.path=/home/egghead/Thesis/Thesis-NN/ablation_runs/2026-07-27_11-13-35_train_mode/attn_out10_rollout5_gml5_phase1/0/hydra-test.pth    avg_loss: -56.616588592529  time_per_window : 0.000346   progress : 0.688
name: models.architecture.block_type=attention
models.out_dim=10
dataset.path=/media/egghead/Scratch/joey/simulation_data/patient_one_data.zarr
evaluation.path=/media/egghead/Scratch/joey/simulation_data/patient_two_data.zarr
training.mode=gml_rollout_pure
epochs=5
seed=0
checkpoint.load=True
checkpoint.path=/home/egghead/Thesis/Thesis-NN/ablation_runs/2026-07-27_11-13-35_train_mode/attn_out10_rollout5_gml5_phase1/0/hydra-test.pth    avg_loss: -60.592689514160  time_per_window : 0.000374   progress : 0.699
name: models.architecture.block_type=attention
models.out_dim=10
dataset.path=/media/egghead/Scratch/joey/simulation_data/patient_one_data.zarr
evaluation.path=/media/egghead/Scratch/joey/simulation_data/patient_two_data.zarr
training.mode=gml_rollout_pure
epochs=5
seed=0
checkpoint.load=True
checkpoint.path=/home/egghead/Thesis/Thesis-NN/ablation_runs/2026-07-27_11-13-35_train_mode/attn_out10_rollout5_gml5_phase1/0/hydra-test.pth    avg_loss: -60.682643890381  time_per_window : 0.000332   progress : 0.710
name: models.architecture.block_type=attention
models.out_dim=10
dataset.path=/media/egghead/Scratch/joey/simulation_data/patient_one_data.zarr
evaluation.path=/media/egghead/Scratch/joey/simulation_data/patient_two_data.zarr
training.mode=gml_rollout_pure
epochs=5
seed=0
checkpoint.load=True
checkpoint.path=/home/egghead/Thesis/Thesis-NN/ablation_runs/2026-07-27_11-13-35_train_mode/attn_out10_rollout5_gml5_phase1/0/hydra-test.pth    avg_loss: -56.529380798340  time_per_window : 0.000339   progress : 0.721
name: models.architecture.block_type=attention
models.out_dim=10
dataset.path=/media/egghead/Scratch/joey/simulation_data/patient_one_data.zarr
evaluation.path=/media/egghead/Scratch/joey/simulation_data/patient_two_data.zarr
training.mode=gml_rollout_pure
epochs=5
seed=0
checkpoint.load=True
checkpoint.path=/home/egghead/Thesis/Thesis-NN/ablation_runs/2026-07-27_11-13-35_train_mode/attn_out10_rollout5_gml5_phase1/0/hydra-test.pth    avg_loss: -60.527156829834  time_per_window : 0.000319   progress : 0.732
name: models.architecture.block_type=attention
models.out_dim=10
dataset.path=/media/egghead/Scratch/joey/simulation_data/patient_one_data.zarr
evaluation.path=/media/egghead/Scratch/joey/simulation_data/patient_two_data.zarr
training.mode=gml_rollout_pure
epochs=5
seed=0
checkpoint.load=True
checkpoint.path=/home/egghead/Thesis/Thesis-NN/ablation_runs/2026-07-27_11-13-35_train_mode/attn_out10_rollout5_gml5_phase1/0/hydra-test.pth    avg_loss: -61.644138336182  time_per_window : 0.000379   progress : 0.743
name: models.architecture.block_type=attention
models.out_dim=10
dataset.path=/media/egghead/Scratch/joey/simulation_data/patient_one_data.zarr
evaluation.path=/media/egghead/Scratch/joey/simulation_data/patient_two_data.zarr
training.mode=gml_rollout_pure
epochs=5
seed=0
checkpoint.load=True
checkpoint.path=/home/egghead/Thesis/Thesis-NN/ablation_runs/2026-07-27_11-13-35_train_mode/attn_out10_rollout5_gml5_phase1/0/hydra-test.pth    avg_loss: -61.215988159180  time_per_window : 0.000333   progress : 0.754
name: models.architecture.block_type=attention
models.out_dim=10
dataset.path=/media/egghead/Scratch/joey/simulation_data/patient_one_data.zarr
evaluation.path=/media/egghead/Scratch/joey/simulation_data/patient_two_data.zarr
training.mode=gml_rollout_pure
epochs=5
seed=0
checkpoint.load=True
checkpoint.path=/home/egghead/Thesis/Thesis-NN/ablation_runs/2026-07-27_11-13-35_train_mode/attn_out10_rollout5_gml5_phase1/0/hydra-test.pth    avg_loss: -60.719871520996  time_per_window : 0.000337   progress : 0.765
name: models.architecture.block_type=attention
models.out_dim=10
dataset.path=/media/egghead/Scratch/joey/simulation_data/patient_one_data.zarr
evaluation.path=/media/egghead/Scratch/joey/simulation_data/patient_two_data.zarr
training.mode=gml_rollout_pure
epochs=5
seed=0
checkpoint.load=True
checkpoint.path=/home/egghead/Thesis/Thesis-NN/ablation_runs/2026-07-27_11-13-35_train_mode/attn_out10_rollout5_gml5_phase1/0/hydra-test.pth    avg_loss: -58.571964263916  time_per_window : 0.000319   progress : 0.775
name: models.architecture.block_type=attention
models.out_dim=10
dataset.path=/media/egghead/Scratch/joey/simulation_data/patient_one_data.zarr
evaluation.path=/media/egghead/Scratch/joey/simulation_data/patient_two_data.zarr
training.mode=gml_rollout_pure
epochs=5
seed=0
checkpoint.load=True
checkpoint.path=/home/egghead/Thesis/Thesis-NN/ablation_runs/2026-07-27_11-13-35_train_mode/attn_out10_rollout5_gml5_phase1/0/hydra-test.pth    avg_loss: -58.939647674561  time_per_window : 0.000344   progress : 0.786
name: models.architecture.block_type=attention
models.out_dim=10
dataset.path=/media/egghead/Scratch/joey/simulation_data/patient_one_data.zarr
evaluation.path=/media/egghead/Scratch/joey/simulation_data/patient_two_data.zarr
training.mode=gml_rollout_pure
epochs=5
seed=0
checkpoint.load=True
checkpoint.path=/home/egghead/Thesis/Thesis-NN/ablation_runs/2026-07-27_11-13-35_train_mode/attn_out10_rollout5_gml5_phase1/0/hydra-test.pth    avg_loss: -56.198368072510  time_per_window : 0.000328   progress : 0.797
name: models.architecture.block_type=attention
models.out_dim=10
dataset.path=/media/egghead/Scratch/joey/simulation_data/patient_one_data.zarr
evaluation.path=/media/egghead/Scratch/joey/simulation_data/patient_two_data.zarr
training.mode=gml_rollout_pure
epochs=5
seed=0
checkpoint.load=True
checkpoint.path=/home/egghead/Thesis/Thesis-NN/ablation_runs/2026-07-27_11-13-35_train_mode/attn_out10_rollout5_gml5_phase1/0/hydra-test.pth    avg_loss: -58.596675872803  time_per_window : 0.000360   progress : 0.808
name: models.architecture.block_type=attention
models.out_dim=10
dataset.path=/media/egghead/Scratch/joey/simulation_data/patient_one_data.zarr
evaluation.path=/media/egghead/Scratch/joey/simulation_data/patient_two_data.zarr
training.mode=gml_rollout_pure
epochs=5
seed=0
checkpoint.load=True
checkpoint.path=/home/egghead/Thesis/Thesis-NN/ablation_runs/2026-07-27_11-13-35_train_mode/attn_out10_rollout5_gml5_phase1/0/hydra-test.pth    avg_loss: -61.784713745117  time_per_window : 0.000346   progress : 0.819
name: models.architecture.block_type=attention
models.out_dim=10
dataset.path=/media/egghead/Scratch/joey/simulation_data/patient_one_data.zarr
evaluation.path=/media/egghead/Scratch/joey/simulation_data/patient_two_data.zarr
training.mode=gml_rollout_pure
epochs=5
seed=0
checkpoint.load=True
checkpoint.path=/home/egghead/Thesis/Thesis-NN/ablation_runs/2026-07-27_11-13-35_train_mode/attn_out10_rollout5_gml5_phase1/0/hydra-test.pth    avg_loss: -61.141677856445  time_per_window : 0.000327   progress : 0.830
name: models.architecture.block_type=attention
models.out_dim=10
dataset.path=/media/egghead/Scratch/joey/simulation_data/patient_one_data.zarr
evaluation.path=/media/egghead/Scratch/joey/simulation_data/patient_two_data.zarr
training.mode=gml_rollout_pure
epochs=5
seed=0
checkpoint.load=True
checkpoint.path=/home/egghead/Thesis/Thesis-NN/ablation_runs/2026-07-27_11-13-35_train_mode/attn_out10_rollout5_gml5_phase1/0/hydra-test.pth    avg_loss: -58.084266662598  time_per_window : 0.000322   progress : 0.841
name: models.architecture.block_type=attention
models.out_dim=10
dataset.path=/media/egghead/Scratch/joey/simulation_data/patient_one_data.zarr
evaluation.path=/media/egghead/Scratch/joey/simulation_data/patient_two_data.zarr
training.mode=gml_rollout_pure
epochs=5
seed=0
checkpoint.load=True
checkpoint.path=/home/egghead/Thesis/Thesis-NN/ablation_runs/2026-07-27_11-13-35_train_mode/attn_out10_rollout5_gml5_phase1/0/hydra-test.pth    avg_loss: -62.635810852051  time_per_window : 0.000371   progress : 0.852
name: models.architecture.block_type=attention
models.out_dim=10
dataset.path=/media/egghead/Scratch/joey/simulation_data/patient_one_data.zarr
evaluation.path=/media/egghead/Scratch/joey/simulation_data/patient_two_data.zarr
training.mode=gml_rollout_pure
epochs=5
seed=0
checkpoint.load=True
checkpoint.path=/home/egghead/Thesis/Thesis-NN/ablation_runs/2026-07-27_11-13-35_train_mode/attn_out10_rollout5_gml5_phase1/0/hydra-test.pth    avg_loss: -61.299770355225  time_per_window : 0.000335   progress : 0.863
name: models.architecture.block_type=attention
models.out_dim=10
dataset.path=/media/egghead/Scratch/joey/simulation_data/patient_one_data.zarr
evaluation.path=/media/egghead/Scratch/joey/simulation_data/patient_two_data.zarr
training.mode=gml_rollout_pure
epochs=5
seed=0
checkpoint.load=True
checkpoint.path=/home/egghead/Thesis/Thesis-NN/ablation_runs/2026-07-27_11-13-35_train_mode/attn_out10_rollout5_gml5_phase1/0/hydra-test.pth    avg_loss: -62.231044769287  time_per_window : 0.000372   progress : 0.874
/media/egghead/Scratch/joey/Thesis/mavenv/lib/python3.11/site-packages/torch/_inductor/cudagraph_trees.py:2622: UserWarning: Unable to hit fast path of CUDAGraphs because outputs from a previous step still require backward. Ensure backward() is invoked or detach outputs. You may also call torch.compiler.cudagraph_mark_step_begin() before each model invocation.
  warnings.warn(
/media/egghead/Scratch/joey/Thesis/mavenv/lib/python3.11/site-packages/torch/_inductor/cudagraph_trees.py:2622: UserWarning: Unable to hit fast path of CUDAGraphs because outputs from a previous step still require backward. Ensure backward() is invoked or detach outputs. You may also call torch.compiler.cudagraph_mark_step_begin() before each model invocation.
  warnings.warn(
name: models.architecture.block_type=attention
models.out_dim=10
dataset.path=/media/egghead/Scratch/joey/simulation_data/patient_one_data.zarr
evaluation.path=/media/egghead/Scratch/joey/simulation_data/patient_two_data.zarr
training.mode=gml_rollout_pure
epochs=5
seed=0
checkpoint.load=True
checkpoint.path=/home/egghead/Thesis/Thesis-NN/ablation_runs/2026-07-27_11-13-35_train_mode/attn_out10_rollout5_gml5_phase1/0/hydra-test.pth    avg_loss: -61.490783691406  time_per_window : 0.000343   progress : 0.885
name: models.architecture.block_type=attention
models.out_dim=10
dataset.path=/media/egghead/Scratch/joey/simulation_data/patient_one_data.zarr
evaluation.path=/media/egghead/Scratch/joey/simulation_data/patient_two_data.zarr
training.mode=gml_rollout_pure
epochs=5
seed=0
checkpoint.load=True
checkpoint.path=/home/egghead/Thesis/Thesis-NN/ablation_runs/2026-07-27_11-13-35_train_mode/attn_out10_rollout5_gml5_phase1/0/hydra-test.pth    avg_loss: -61.325256347656  time_per_window : 0.000330   progress : 0.896
name: models.architecture.block_type=attention
models.out_dim=10
dataset.path=/media/egghead/Scratch/joey/simulation_data/patient_one_data.zarr
evaluation.path=/media/egghead/Scratch/joey/simulation_data/patient_two_data.zarr
training.mode=gml_rollout_pure
epochs=5
seed=0
checkpoint.load=True
checkpoint.path=/home/egghead/Thesis/Thesis-NN/ablation_runs/2026-07-27_11-13-35_train_mode/attn_out10_rollout5_gml5_phase1/0/hydra-test.pth    avg_loss: -56.153244018555  time_per_window : 0.000312   progress : 0.907
name: models.architecture.block_type=attention
models.out_dim=10
dataset.path=/media/egghead/Scratch/joey/simulation_data/patient_one_data.zarr
evaluation.path=/media/egghead/Scratch/joey/simulation_data/patient_two_data.zarr
training.mode=gml_rollout_pure
epochs=5
seed=0
checkpoint.load=True
checkpoint.path=/home/egghead/Thesis/Thesis-NN/ablation_runs/2026-07-27_11-13-35_train_mode/attn_out10_rollout5_gml5_phase1/0/hydra-test.pth    avg_loss: -60.592987060547  time_per_window : 0.000326   progress : 0.917
name: models.architecture.block_type=attention
models.out_dim=10
dataset.path=/media/egghead/Scratch/joey/simulation_data/patient_one_data.zarr
evaluation.path=/media/egghead/Scratch/joey/simulation_data/patient_two_data.zarr
training.mode=gml_rollout_pure
epochs=5
seed=0
checkpoint.load=True
checkpoint.path=/home/egghead/Thesis/Thesis-NN/ablation_runs/2026-07-27_11-13-35_train_mode/attn_out10_rollout5_gml5_phase1/0/hydra-test.pth    avg_loss: -59.200473785400  time_per_window : 0.000324   progress : 0.928
name: models.architecture.block_type=attention
models.out_dim=10
dataset.path=/media/egghead/Scratch/joey/simulation_data/patient_one_data.zarr
evaluation.path=/media/egghead/Scratch/joey/simulation_data/patient_two_data.zarr
training.mode=gml_rollout_pure
epochs=5
seed=0
checkpoint.load=True
checkpoint.path=/home/egghead/Thesis/Thesis-NN/ablation_runs/2026-07-27_11-13-35_train_mode/attn_out10_rollout5_gml5_phase1/0/hydra-test.pth    avg_loss: -51.724952697754  time_per_window : 0.000361   progress : 0.939
name: models.architecture.block_type=attention
models.out_dim=10
dataset.path=/media/egghead/Scratch/joey/simulation_data/patient_one_data.zarr
evaluation.path=/media/egghead/Scratch/joey/simulation_data/patient_two_data.zarr
training.mode=gml_rollout_pure
epochs=5
seed=0
checkpoint.load=True
checkpoint.path=/home/egghead/Thesis/Thesis-NN/ablation_runs/2026-07-27_11-13-35_train_mode/attn_out10_rollout5_gml5_phase1/0/hydra-test.pth    avg_loss: -58.558265686035  time_per_window : 0.000321   progress : 0.950
name: models.architecture.block_type=attention
models.out_dim=10
dataset.path=/media/egghead/Scratch/joey/simulation_data/patient_one_data.zarr
evaluation.path=/media/egghead/Scratch/joey/simulation_data/patient_two_data.zarr
training.mode=gml_rollout_pure
epochs=5
seed=0
checkpoint.load=True
checkpoint.path=/home/egghead/Thesis/Thesis-NN/ablation_runs/2026-07-27_11-13-35_train_mode/attn_out10_rollout5_gml5_phase1/0/hydra-test.pth    avg_loss: -60.191719055176  time_per_window : 0.000328   progress : 0.961
name: models.architecture.block_type=attention
models.out_dim=10
dataset.path=/media/egghead/Scratch/joey/simulation_data/patient_one_data.zarr
evaluation.path=/media/egghead/Scratch/joey/simulation_data/patient_two_data.zarr
training.mode=gml_rollout_pure
epochs=5
seed=0
checkpoint.load=True
checkpoint.path=/home/egghead/Thesis/Thesis-NN/ablation_runs/2026-07-27_11-13-35_train_mode/attn_out10_rollout5_gml5_phase1/0/hydra-test.pth    avg_loss: -60.577545166016  time_per_window : 0.000391   progress : 0.972
name: models.architecture.block_type=attention
models.out_dim=10
dataset.path=/media/egghead/Scratch/joey/simulation_data/patient_one_data.zarr
evaluation.path=/media/egghead/Scratch/joey/simulation_data/patient_two_data.zarr
training.mode=gml_rollout_pure
epochs=5
seed=0
checkpoint.load=True
checkpoint.path=/home/egghead/Thesis/Thesis-NN/ablation_runs/2026-07-27_11-13-35_train_mode/attn_out10_rollout5_gml5_phase1/0/hydra-test.pth    avg_loss: -61.436058044434  time_per_window : 0.000359   progress : 0.983
name: models.architecture.block_type=attention
models.out_dim=10
dataset.path=/media/egghead/Scratch/joey/simulation_data/patient_one_data.zarr
evaluation.path=/media/egghead/Scratch/joey/simulation_data/patient_two_data.zarr
training.mode=gml_rollout_pure
epochs=5
seed=0
checkpoint.load=True
checkpoint.path=/home/egghead/Thesis/Thesis-NN/ablation_runs/2026-07-27_11-13-35_train_mode/attn_out10_rollout5_gml5_phase1/0/hydra-test.pth    avg_loss: -58.385486602783  time_per_window : 0.000340   progress : 0.994
name: models.architecture.block_type=attention
models.out_dim=10
dataset.path=/media/egghead/Scratch/joey/simulation_data/patient_one_data.zarr
evaluation.path=/media/egghead/Scratch/joey/simulation_data/patient_two_data.zarr
training.mode=gml_rollout_pure
epochs=5
seed=0
checkpoint.load=True
checkpoint.path=/home/egghead/Thesis/Thesis-NN/ablation_runs/2026-07-27_11-13-35_train_mode/attn_out10_rollout5_gml5_phase1/0/hydra-test.pth    avg_loss: -61.387313842773  time_per_window : 0.000312   progress : 0.011
name: models.architecture.block_type=attention
models.out_dim=10
dataset.path=/media/egghead/Scratch/joey/simulation_data/patient_one_data.zarr
evaluation.path=/media/egghead/Scratch/joey/simulation_data/patient_two_data.zarr
training.mode=gml_rollout_pure
epochs=5
seed=0
checkpoint.load=True
checkpoint.path=/home/egghead/Thesis/Thesis-NN/ablation_runs/2026-07-27_11-13-35_train_mode/attn_out10_rollout5_gml5_phase1/0/hydra-test.pth    avg_loss: -58.206134796143  time_per_window : 0.000358   progress : 0.022
name: models.architecture.block_type=attention
models.out_dim=10
dataset.path=/media/egghead/Scratch/joey/simulation_data/patient_one_data.zarr
evaluation.path=/media/egghead/Scratch/joey/simulation_data/patient_two_data.zarr
training.mode=gml_rollout_pure
epochs=5
seed=0
checkpoint.load=True
checkpoint.path=/home/egghead/Thesis/Thesis-NN/ablation_runs/2026-07-27_11-13-35_train_mode/attn_out10_rollout5_gml5_phase1/0/hydra-test.pth    avg_loss: -61.939247131348  time_per_window : 0.000338   progress : 0.033
name: models.architecture.block_type=attention
models.out_dim=10
dataset.path=/media/egghead/Scratch/joey/simulation_data/patient_one_data.zarr
evaluation.path=/media/egghead/Scratch/joey/simulation_data/patient_two_data.zarr
training.mode=gml_rollout_pure
epochs=5
seed=0
checkpoint.load=True
checkpoint.path=/home/egghead/Thesis/Thesis-NN/ablation_runs/2026-07-27_11-13-35_train_mode/attn_out10_rollout5_gml5_phase1/0/hydra-test.pth    avg_loss: -57.017707824707  time_per_window : 0.000378   progress : 0.044
name: models.architecture.block_type=attention
models.out_dim=10
dataset.path=/media/egghead/Scratch/joey/simulation_data/patient_one_data.zarr
evaluation.path=/media/egghead/Scratch/joey/simulation_data/patient_two_data.zarr
training.mode=gml_rollout_pure
epochs=5
seed=0
checkpoint.load=True
checkpoint.path=/home/egghead/Thesis/Thesis-NN/ablation_runs/2026-07-27_11-13-35_train_mode/attn_out10_rollout5_gml5_phase1/0/hydra-test.pth    avg_loss: -59.395774841309  time_per_window : 0.000330   progress : 0.055
name: models.architecture.block_type=attention
models.out_dim=10
dataset.path=/media/egghead/Scratch/joey/simulation_data/patient_one_data.zarr
evaluation.path=/media/egghead/Scratch/joey/simulation_data/patient_two_data.zarr
training.mode=gml_rollout_pure
epochs=5
seed=0
checkpoint.load=True
checkpoint.path=/home/egghead/Thesis/Thesis-NN/ablation_runs/2026-07-27_11-13-35_train_mode/attn_out10_rollout5_gml5_phase1/0/hydra-test.pth    avg_loss: -55.428058624268  time_per_window : 0.000346   progress : 0.066
name: models.architecture.block_type=attention
models.out_dim=10
dataset.path=/media/egghead/Scratch/joey/simulation_data/patient_one_data.zarr
evaluation.path=/media/egghead/Scratch/joey/simulation_data/patient_two_data.zarr
training.mode=gml_rollout_pure
epochs=5
seed=0
checkpoint.load=True
checkpoint.path=/home/egghead/Thesis/Thesis-NN/ablation_runs/2026-07-27_11-13-35_train_mode/attn_out10_rollout5_gml5_phase1/0/hydra-test.pth    avg_loss: -58.969562530518  time_per_window : 0.000357   progress : 0.076
name: models.architecture.block_type=attention
models.out_dim=10
dataset.path=/media/egghead/Scratch/joey/simulation_data/patient_one_data.zarr
evaluation.path=/media/egghead/Scratch/joey/simulation_data/patient_two_data.zarr
training.mode=gml_rollout_pure
epochs=5
seed=0
checkpoint.load=True
checkpoint.path=/home/egghead/Thesis/Thesis-NN/ablation_runs/2026-07-27_11-13-35_train_mode/attn_out10_rollout5_gml5_phase1/0/hydra-test.pth    avg_loss: -62.263877868652  time_per_window : 0.000359   progress : 0.087
name: models.architecture.block_type=attention
models.out_dim=10
dataset.path=/media/egghead/Scratch/joey/simulation_data/patient_one_data.zarr
evaluation.path=/media/egghead/Scratch/joey/simulation_data/patient_two_data.zarr
training.mode=gml_rollout_pure
epochs=5
seed=0
checkpoint.load=True
checkpoint.path=/home/egghead/Thesis/Thesis-NN/ablation_runs/2026-07-27_11-13-35_train_mode/attn_out10_rollout5_gml5_phase1/0/hydra-test.pth    avg_loss: -54.905227661133  time_per_window : 0.000376   progress : 0.098
name: models.architecture.block_type=attention
models.out_dim=10
dataset.path=/media/egghead/Scratch/joey/simulation_data/patient_one_data.zarr
evaluation.path=/media/egghead/Scratch/joey/simulation_data/patient_two_data.zarr
training.mode=gml_rollout_pure
epochs=5
seed=0
checkpoint.load=True
checkpoint.path=/home/egghead/Thesis/Thesis-NN/ablation_runs/2026-07-27_11-13-35_train_mode/attn_out10_rollout5_gml5_phase1/0/hydra-test.pth    avg_loss: -60.898727416992  time_per_window : 0.000360   progress : 0.109
name: models.architecture.block_type=attention
models.out_dim=10
dataset.path=/media/egghead/Scratch/joey/simulation_data/patient_one_data.zarr
evaluation.path=/media/egghead/Scratch/joey/simulation_data/patient_two_data.zarr
training.mode=gml_rollout_pure
epochs=5
seed=0
checkpoint.load=True
checkpoint.path=/home/egghead/Thesis/Thesis-NN/ablation_runs/2026-07-27_11-13-35_train_mode/attn_out10_rollout5_gml5_phase1/0/hydra-test.pth    avg_loss: -58.900592803955  time_per_window : 0.000358   progress : 0.120
name: models.architecture.block_type=attention
models.out_dim=10
dataset.path=/media/egghead/Scratch/joey/simulation_data/patient_one_data.zarr
evaluation.path=/media/egghead/Scratch/joey/simulation_data/patient_two_data.zarr
training.mode=gml_rollout_pure
epochs=5
seed=0
checkpoint.load=True
checkpoint.path=/home/egghead/Thesis/Thesis-NN/ablation_runs/2026-07-27_11-13-35_train_mode/attn_out10_rollout5_gml5_phase1/0/hydra-test.pth    avg_loss: -63.138927459717  time_per_window : 0.000346   progress : 0.131
name: models.architecture.block_type=attention
models.out_dim=10
dataset.path=/media/egghead/Scratch/joey/simulation_data/patient_one_data.zarr
evaluation.path=/media/egghead/Scratch/joey/simulation_data/patient_two_data.zarr
training.mode=gml_rollout_pure
epochs=5
seed=0
checkpoint.load=True
checkpoint.path=/home/egghead/Thesis/Thesis-NN/ablation_runs/2026-07-27_11-13-35_train_mode/attn_out10_rollout5_gml5_phase1/0/hydra-test.pth    avg_loss: -59.528186798096  time_per_window : 0.000325   progress : 0.142
name: models.architecture.block_type=attention
models.out_dim=10
dataset.path=/media/egghead/Scratch/joey/simulation_data/patient_one_data.zarr
evaluation.path=/media/egghead/Scratch/joey/simulation_data/patient_two_data.zarr
training.mode=gml_rollout_pure
epochs=5
seed=0
checkpoint.load=True
checkpoint.path=/home/egghead/Thesis/Thesis-NN/ablation_runs/2026-07-27_11-13-35_train_mode/attn_out10_rollout5_gml5_phase1/0/hydra-test.pth    avg_loss: -63.181793212891  time_per_window : 0.000377   progress : 0.153
name: models.architecture.block_type=attention
models.out_dim=10
dataset.path=/media/egghead/Scratch/joey/simulation_data/patient_one_data.zarr
evaluation.path=/media/egghead/Scratch/joey/simulation_data/patient_two_data.zarr
training.mode=gml_rollout_pure
epochs=5
seed=0
checkpoint.load=True
checkpoint.path=/home/egghead/Thesis/Thesis-NN/ablation_runs/2026-07-27_11-13-35_train_mode/attn_out10_rollout5_gml5_phase1/0/hydra-test.pth    avg_loss: -53.305660247803  time_per_window : 0.000376   progress : 0.164
name: models.architecture.block_type=attention
models.out_dim=10
dataset.path=/media/egghead/Scratch/joey/simulation_data/patient_one_data.zarr
evaluation.path=/media/egghead/Scratch/joey/simulation_data/patient_two_data.zarr
training.mode=gml_rollout_pure
epochs=5
seed=0
checkpoint.load=True
checkpoint.path=/home/egghead/Thesis/Thesis-NN/ablation_runs/2026-07-27_11-13-35_train_mode/attn_out10_rollout5_gml5_phase1/0/hydra-test.pth    avg_loss: -62.776161193848  time_per_window : 0.000309   progress : 0.175
name: models.architecture.block_type=attention
models.out_dim=10
dataset.path=/media/egghead/Scratch/joey/simulation_data/patient_one_data.zarr
evaluation.path=/media/egghead/Scratch/joey/simulation_data/patient_two_data.zarr
training.mode=gml_rollout_pure
epochs=5
seed=0
checkpoint.load=True
checkpoint.path=/home/egghead/Thesis/Thesis-NN/ablation_runs/2026-07-27_11-13-35_train_mode/attn_out10_rollout5_gml5_phase1/0/hydra-test.pth    avg_loss: -59.374519348145  time_per_window : 0.000332   progress : 0.186
name: models.architecture.block_type=attention
models.out_dim=10
dataset.path=/media/egghead/Scratch/joey/simulation_data/patient_one_data.zarr
evaluation.path=/media/egghead/Scratch/joey/simulation_data/patient_two_data.zarr
training.mode=gml_rollout_pure
epochs=5
seed=0
checkpoint.load=True
checkpoint.path=/home/egghead/Thesis/Thesis-NN/ablation_runs/2026-07-27_11-13-35_train_mode/attn_out10_rollout5_gml5_phase1/0/hydra-test.pth    avg_loss: -62.442111968994  time_per_window : 0.000328   progress : 0.197
name: models.architecture.block_type=attention
models.out_dim=10
dataset.path=/media/egghead/Scratch/joey/simulation_data/patient_one_data.zarr
evaluation.path=/media/egghead/Scratch/joey/simulation_data/patient_two_data.zarr
training.mode=gml_rollout_pure
epochs=5
seed=0
checkpoint.load=True
checkpoint.path=/home/egghead/Thesis/Thesis-NN/ablation_runs/2026-07-27_11-13-35_train_mode/attn_out10_rollout5_gml5_phase1/0/hydra-test.pth    avg_loss: -48.658603668213  time_per_window : 0.000345   progress : 0.208
name: models.architecture.block_type=attention
models.out_dim=10
dataset.path=/media/egghead/Scratch/joey/simulation_data/patient_one_data.zarr
evaluation.path=/media/egghead/Scratch/joey/simulation_data/patient_two_data.zarr
training.mode=gml_rollout_pure
epochs=5
seed=0
checkpoint.load=True
checkpoint.path=/home/egghead/Thesis/Thesis-NN/ablation_runs/2026-07-27_11-13-35_train_mode/attn_out10_rollout5_gml5_phase1/0/hydra-test.pth    avg_loss: -61.420768737793  time_per_window : 0.000350   progress : 0.218
name: models.architecture.block_type=attention
models.out_dim=10
dataset.path=/media/egghead/Scratch/joey/simulation_data/patient_one_data.zarr
evaluation.path=/media/egghead/Scratch/joey/simulation_data/patient_two_data.zarr
training.mode=gml_rollout_pure
epochs=5
seed=0
checkpoint.load=True
checkpoint.path=/home/egghead/Thesis/Thesis-NN/ablation_runs/2026-07-27_11-13-35_train_mode/attn_out10_rollout5_gml5_phase1/0/hydra-test.pth    avg_loss: -60.946533203125  time_per_window : 0.000379   progress : 0.229
name: models.architecture.block_type=attention
models.out_dim=10
dataset.path=/media/egghead/Scratch/joey/simulation_data/patient_one_data.zarr
evaluation.path=/media/egghead/Scratch/joey/simulation_data/patient_two_data.zarr
training.mode=gml_rollout_pure
epochs=5
seed=0
checkpoint.load=True
checkpoint.path=/home/egghead/Thesis/Thesis-NN/ablation_runs/2026-07-27_11-13-35_train_mode/attn_out10_rollout5_gml5_phase1/0/hydra-test.pth    avg_loss: -59.558506011963  time_per_window : 0.000361   progress : 0.240
name: models.architecture.block_type=attention
models.out_dim=10
dataset.path=/media/egghead/Scratch/joey/simulation_data/patient_one_data.zarr
evaluation.path=/media/egghead/Scratch/joey/simulation_data/patient_two_data.zarr
training.mode=gml_rollout_pure
epochs=5
seed=0
checkpoint.load=True
checkpoint.path=/home/egghead/Thesis/Thesis-NN/ablation_runs/2026-07-27_11-13-35_train_mode/attn_out10_rollout5_gml5_phase1/0/hydra-test.pth    avg_loss: -58.858226776123  time_per_window : 0.000330   progress : 0.251
name: models.architecture.block_type=attention
models.out_dim=10
dataset.path=/media/egghead/Scratch/joey/simulation_data/patient_one_data.zarr
evaluation.path=/media/egghead/Scratch/joey/simulation_data/patient_two_data.zarr
training.mode=gml_rollout_pure
epochs=5
seed=0
checkpoint.load=True
checkpoint.path=/home/egghead/Thesis/Thesis-NN/ablation_runs/2026-07-27_11-13-35_train_mode/attn_out10_rollout5_gml5_phase1/0/hydra-test.pth    avg_loss: -60.044166564941  time_per_window : 0.000356   progress : 0.262
name: models.architecture.block_type=attention
models.out_dim=10
dataset.path=/media/egghead/Scratch/joey/simulation_data/patient_one_data.zarr
evaluation.path=/media/egghead/Scratch/joey/simulation_data/patient_two_data.zarr
training.mode=gml_rollout_pure
epochs=5
seed=0
checkpoint.load=True
checkpoint.path=/home/egghead/Thesis/Thesis-NN/ablation_runs/2026-07-27_11-13-35_train_mode/attn_out10_rollout5_gml5_phase1/0/hydra-test.pth    avg_loss: -58.829807281494  time_per_window : 0.000363   progress : 0.273
name: models.architecture.block_type=attention
models.out_dim=10
dataset.path=/media/egghead/Scratch/joey/simulation_data/patient_one_data.zarr
evaluation.path=/media/egghead/Scratch/joey/simulation_data/patient_two_data.zarr
training.mode=gml_rollout_pure
epochs=5
seed=0
checkpoint.load=True
checkpoint.path=/home/egghead/Thesis/Thesis-NN/ablation_runs/2026-07-27_11-13-35_train_mode/attn_out10_rollout5_gml5_phase1/0/hydra-test.pth    avg_loss: -60.702835083008  time_per_window : 0.000357   progress : 0.284
name: models.architecture.block_type=attention
models.out_dim=10
dataset.path=/media/egghead/Scratch/joey/simulation_data/patient_one_data.zarr
evaluation.path=/media/egghead/Scratch/joey/simulation_data/patient_two_data.zarr
training.mode=gml_rollout_pure
epochs=5
seed=0
checkpoint.load=True
checkpoint.path=/home/egghead/Thesis/Thesis-NN/ablation_runs/2026-07-27_11-13-35_train_mode/attn_out10_rollout5_gml5_phase1/0/hydra-test.pth    avg_loss: -62.572498321533  time_per_window : 0.000332   progress : 0.295
name: models.architecture.block_type=attention
models.out_dim=10
dataset.path=/media/egghead/Scratch/joey/simulation_data/patient_one_data.zarr
evaluation.path=/media/egghead/Scratch/joey/simulation_data/patient_two_data.zarr
training.mode=gml_rollout_pure
epochs=5
seed=0
checkpoint.load=True
checkpoint.path=/home/egghead/Thesis/Thesis-NN/ablation_runs/2026-07-27_11-13-35_train_mode/attn_out10_rollout5_gml5_phase1/0/hydra-test.pth    avg_loss: -60.671298980713  time_per_window : 0.000353   progress : 0.306
name: models.architecture.block_type=attention
models.out_dim=10
dataset.path=/media/egghead/Scratch/joey/simulation_data/patient_one_data.zarr
evaluation.path=/media/egghead/Scratch/joey/simulation_data/patient_two_data.zarr
training.mode=gml_rollout_pure
epochs=5
seed=0
checkpoint.load=True
checkpoint.path=/home/egghead/Thesis/Thesis-NN/ablation_runs/2026-07-27_11-13-35_train_mode/attn_out10_rollout5_gml5_phase1/0/hydra-test.pth    avg_loss: -54.411880493164  time_per_window : 0.000345   progress : 0.317
name: models.architecture.block_type=attention
models.out_dim=10
dataset.path=/media/egghead/Scratch/joey/simulation_data/patient_one_data.zarr
evaluation.path=/media/egghead/Scratch/joey/simulation_data/patient_two_data.zarr
training.mode=gml_rollout_pure
epochs=5
seed=0
checkpoint.load=True
checkpoint.path=/home/egghead/Thesis/Thesis-NN/ablation_runs/2026-07-27_11-13-35_train_mode/attn_out10_rollout5_gml5_phase1/0/hydra-test.pth    avg_loss: -56.282184600830  time_per_window : 0.000358   progress : 0.328
name: models.architecture.block_type=attention
models.out_dim=10
dataset.path=/media/egghead/Scratch/joey/simulation_data/patient_one_data.zarr
evaluation.path=/media/egghead/Scratch/joey/simulation_data/patient_two_data.zarr
training.mode=gml_rollout_pure
epochs=5
seed=0
checkpoint.load=True
checkpoint.path=/home/egghead/Thesis/Thesis-NN/ablation_runs/2026-07-27_11-13-35_train_mode/attn_out10_rollout5_gml5_phase1/0/hydra-test.pth    avg_loss: -62.253540039062  time_per_window : 0.000355   progress : 0.339
name: models.architecture.block_type=attention
models.out_dim=10
dataset.path=/media/egghead/Scratch/joey/simulation_data/patient_one_data.zarr
evaluation.path=/media/egghead/Scratch/joey/simulation_data/patient_two_data.zarr
training.mode=gml_rollout_pure
epochs=5
seed=0
checkpoint.load=True
checkpoint.path=/home/egghead/Thesis/Thesis-NN/ablation_runs/2026-07-27_11-13-35_train_mode/attn_out10_rollout5_gml5_phase1/0/hydra-test.pth    avg_loss: -58.177589416504  time_per_window : 0.000335   progress : 0.350
name: models.architecture.block_type=attention
models.out_dim=10
dataset.path=/media/egghead/Scratch/joey/simulation_data/patient_one_data.zarr
evaluation.path=/media/egghead/Scratch/joey/simulation_data/patient_two_data.zarr
training.mode=gml_rollout_pure
epochs=5
seed=0
checkpoint.load=True
checkpoint.path=/home/egghead/Thesis/Thesis-NN/ablation_runs/2026-07-27_11-13-35_train_mode/attn_out10_rollout5_gml5_phase1/0/hydra-test.pth    avg_loss: -62.336601257324  time_per_window : 0.000355   progress : 0.360
name: models.architecture.block_type=attention
models.out_dim=10
dataset.path=/media/egghead/Scratch/joey/simulation_data/patient_one_data.zarr
evaluation.path=/media/egghead/Scratch/joey/simulation_data/patient_two_data.zarr
training.mode=gml_rollout_pure
epochs=5
seed=0
checkpoint.load=True
checkpoint.path=/home/egghead/Thesis/Thesis-NN/ablation_runs/2026-07-27_11-13-35_train_mode/attn_out10_rollout5_gml5_phase1/0/hydra-test.pth    avg_loss: -63.005828857422  time_per_window : 0.000362   progress : 0.371
name: models.architecture.block_type=attention
models.out_dim=10
dataset.path=/media/egghead/Scratch/joey/simulation_data/patient_one_data.zarr
evaluation.path=/media/egghead/Scratch/joey/simulation_data/patient_two_data.zarr
training.mode=gml_rollout_pure
epochs=5
seed=0
checkpoint.load=True
checkpoint.path=/home/egghead/Thesis/Thesis-NN/ablation_runs/2026-07-27_11-13-35_train_mode/attn_out10_rollout5_gml5_phase1/0/hydra-test.pth    avg_loss: -62.790378570557  time_per_window : 0.000364   progress : 0.382
name: models.architecture.block_type=attention
models.out_dim=10
dataset.path=/media/egghead/Scratch/joey/simulation_data/patient_one_data.zarr
evaluation.path=/media/egghead/Scratch/joey/simulation_data/patient_two_data.zarr
training.mode=gml_rollout_pure
epochs=5
seed=0
checkpoint.load=True
checkpoint.path=/home/egghead/Thesis/Thesis-NN/ablation_runs/2026-07-27_11-13-35_train_mode/attn_out10_rollout5_gml5_phase1/0/hydra-test.pth    avg_loss: -62.407032012939  time_per_window : 0.000350   progress : 0.393
name: models.architecture.block_type=attention
models.out_dim=10
dataset.path=/media/egghead/Scratch/joey/simulation_data/patient_one_data.zarr
evaluation.path=/media/egghead/Scratch/joey/simulation_data/patient_two_data.zarr
training.mode=gml_rollout_pure
epochs=5
seed=0
checkpoint.load=True
checkpoint.path=/home/egghead/Thesis/Thesis-NN/ablation_runs/2026-07-27_11-13-35_train_mode/attn_out10_rollout5_gml5_phase1/0/hydra-test.pth    avg_loss: -62.525104522705  time_per_window : 0.000351   progress : 0.404
name: models.architecture.block_type=attention
models.out_dim=10
dataset.path=/media/egghead/Scratch/joey/simulation_data/patient_one_data.zarr
evaluation.path=/media/egghead/Scratch/joey/simulation_data/patient_two_data.zarr
training.mode=gml_rollout_pure
epochs=5
seed=0
checkpoint.load=True
checkpoint.path=/home/egghead/Thesis/Thesis-NN/ablation_runs/2026-07-27_11-13-35_train_mode/attn_out10_rollout5_gml5_phase1/0/hydra-test.pth    avg_loss: -60.444190979004  time_per_window : 0.000327   progress : 0.415
name: models.architecture.block_type=attention
models.out_dim=10
dataset.path=/media/egghead/Scratch/joey/simulation_data/patient_one_data.zarr
evaluation.path=/media/egghead/Scratch/joey/simulation_data/patient_two_data.zarr
training.mode=gml_rollout_pure
epochs=5
seed=0
checkpoint.load=True
checkpoint.path=/home/egghead/Thesis/Thesis-NN/ablation_runs/2026-07-27_11-13-35_train_mode/attn_out10_rollout5_gml5_phase1/0/hydra-test.pth    avg_loss: -54.285408020020  time_per_window : 0.000340   progress : 0.426
name: models.architecture.block_type=attention
models.out_dim=10
dataset.path=/media/egghead/Scratch/joey/simulation_data/patient_one_data.zarr
evaluation.path=/media/egghead/Scratch/joey/simulation_data/patient_two_data.zarr
training.mode=gml_rollout_pure
epochs=5
seed=0
checkpoint.load=True
checkpoint.path=/home/egghead/Thesis/Thesis-NN/ablation_runs/2026-07-27_11-13-35_train_mode/attn_out10_rollout5_gml5_phase1/0/hydra-test.pth    avg_loss: -62.500476837158  time_per_window : 0.000394   progress : 0.437
name: models.architecture.block_type=attention
models.out_dim=10
dataset.path=/media/egghead/Scratch/joey/simulation_data/patient_one_data.zarr
evaluation.path=/media/egghead/Scratch/joey/simulation_data/patient_two_data.zarr
training.mode=gml_rollout_pure
epochs=5
seed=0
checkpoint.load=True
checkpoint.path=/home/egghead/Thesis/Thesis-NN/ablation_runs/2026-07-27_11-13-35_train_mode/attn_out10_rollout5_gml5_phase1/0/hydra-test.pth    avg_loss: -60.761943817139  time_per_window : 0.000324   progress : 0.448
name: models.architecture.block_type=attention
models.out_dim=10
dataset.path=/media/egghead/Scratch/joey/simulation_data/patient_one_data.zarr
evaluation.path=/media/egghead/Scratch/joey/simulation_data/patient_two_data.zarr
training.mode=gml_rollout_pure
epochs=5
seed=0
checkpoint.load=True
checkpoint.path=/home/egghead/Thesis/Thesis-NN/ablation_runs/2026-07-27_11-13-35_train_mode/attn_out10_rollout5_gml5_phase1/0/hydra-test.pth    avg_loss: -64.017234802246  time_per_window : 0.000357   progress : 0.459
name: models.architecture.block_type=attention
models.out_dim=10
dataset.path=/media/egghead/Scratch/joey/simulation_data/patient_one_data.zarr
evaluation.path=/media/egghead/Scratch/joey/simulation_data/patient_two_data.zarr
training.mode=gml_rollout_pure
epochs=5
seed=0
checkpoint.load=True
checkpoint.path=/home/egghead/Thesis/Thesis-NN/ablation_runs/2026-07-27_11-13-35_train_mode/attn_out10_rollout5_gml5_phase1/0/hydra-test.pth    avg_loss: -57.696662902832  time_per_window : 0.000356   progress : 0.470
name: models.architecture.block_type=attention
models.out_dim=10
dataset.path=/media/egghead/Scratch/joey/simulation_data/patient_one_data.zarr
evaluation.path=/media/egghead/Scratch/joey/simulation_data/patient_two_data.zarr
training.mode=gml_rollout_pure
epochs=5
seed=0
checkpoint.load=True
checkpoint.path=/home/egghead/Thesis/Thesis-NN/ablation_runs/2026-07-27_11-13-35_train_mode/attn_out10_rollout5_gml5_phase1/0/hydra-test.pth    avg_loss: -62.870079040527  time_per_window : 0.000382   progress : 0.481
name: models.architecture.block_type=attention
models.out_dim=10
dataset.path=/media/egghead/Scratch/joey/simulation_data/patient_one_data.zarr
evaluation.path=/media/egghead/Scratch/joey/simulation_data/patient_two_data.zarr
training.mode=gml_rollout_pure
epochs=5
seed=0
checkpoint.load=True
checkpoint.path=/home/egghead/Thesis/Thesis-NN/ablation_runs/2026-07-27_11-13-35_train_mode/attn_out10_rollout5_gml5_phase1/0/hydra-test.pth    avg_loss: -63.166938781738  time_per_window : 0.000366   progress : 0.492
name: models.architecture.block_type=attention
models.out_dim=10
dataset.path=/media/egghead/Scratch/joey/simulation_data/patient_one_data.zarr
evaluation.path=/media/egghead/Scratch/joey/simulation_data/patient_two_data.zarr
training.mode=gml_rollout_pure
epochs=5
seed=0
checkpoint.load=True
checkpoint.path=/home/egghead/Thesis/Thesis-NN/ablation_runs/2026-07-27_11-13-35_train_mode/attn_out10_rollout5_gml5_phase1/0/hydra-test.pth    avg_loss: -63.986240386963  time_per_window : 0.000353   progress : 0.502
name: models.architecture.block_type=attention
models.out_dim=10
dataset.path=/media/egghead/Scratch/joey/simulation_data/patient_one_data.zarr
evaluation.path=/media/egghead/Scratch/joey/simulation_data/patient_two_data.zarr
training.mode=gml_rollout_pure
epochs=5
seed=0
checkpoint.load=True
checkpoint.path=/home/egghead/Thesis/Thesis-NN/ablation_runs/2026-07-27_11-13-35_train_mode/attn_out10_rollout5_gml5_phase1/0/hydra-test.pth    avg_loss: -62.654644012451  time_per_window : 0.000359   progress : 0.513
name: models.architecture.block_type=attention
models.out_dim=10
dataset.path=/media/egghead/Scratch/joey/simulation_data/patient_one_data.zarr
evaluation.path=/media/egghead/Scratch/joey/simulation_data/patient_two_data.zarr
training.mode=gml_rollout_pure
epochs=5
seed=0
checkpoint.load=True
checkpoint.path=/home/egghead/Thesis/Thesis-NN/ablation_runs/2026-07-27_11-13-35_train_mode/attn_out10_rollout5_gml5_phase1/0/hydra-test.pth    avg_loss: -58.634666442871  time_per_window : 0.000401   progress : 0.524
name: models.architecture.block_type=attention
models.out_dim=10
dataset.path=/media/egghead/Scratch/joey/simulation_data/patient_one_data.zarr
evaluation.path=/media/egghead/Scratch/joey/simulation_data/patient_two_data.zarr
training.mode=gml_rollout_pure
epochs=5
seed=0
checkpoint.load=True
checkpoint.path=/home/egghead/Thesis/Thesis-NN/ablation_runs/2026-07-27_11-13-35_train_mode/attn_out10_rollout5_gml5_phase1/0/hydra-test.pth    avg_loss: -62.196186065674  time_per_window : 0.000360   progress : 0.535
name: models.architecture.block_type=attention
models.out_dim=10
dataset.path=/media/egghead/Scratch/joey/simulation_data/patient_one_data.zarr
evaluation.path=/media/egghead/Scratch/joey/simulation_data/patient_two_data.zarr
training.mode=gml_rollout_pure
epochs=5
seed=0
checkpoint.load=True
checkpoint.path=/home/egghead/Thesis/Thesis-NN/ablation_runs/2026-07-27_11-13-35_train_mode/attn_out10_rollout5_gml5_phase1/0/hydra-test.pth    avg_loss: -60.446277618408  time_per_window : 0.000367   progress : 0.546
name: models.architecture.block_type=attention
models.out_dim=10
dataset.path=/media/egghead/Scratch/joey/simulation_data/patient_one_data.zarr
evaluation.path=/media/egghead/Scratch/joey/simulation_data/patient_two_data.zarr
training.mode=gml_rollout_pure
epochs=5
seed=0
checkpoint.load=True
checkpoint.path=/home/egghead/Thesis/Thesis-NN/ablation_runs/2026-07-27_11-13-35_train_mode/attn_out10_rollout5_gml5_phase1/0/hydra-test.pth    avg_loss: -57.928531646729  time_per_window : 0.000361   progress : 0.557
name: models.architecture.block_type=attention
models.out_dim=10
dataset.path=/media/egghead/Scratch/joey/simulation_data/patient_one_data.zarr
evaluation.path=/media/egghead/Scratch/joey/simulation_data/patient_two_data.zarr
training.mode=gml_rollout_pure
epochs=5
seed=0
checkpoint.load=True
checkpoint.path=/home/egghead/Thesis/Thesis-NN/ablation_runs/2026-07-27_11-13-35_train_mode/attn_out10_rollout5_gml5_phase1/0/hydra-test.pth    avg_loss: -61.232295989990  time_per_window : 0.000367   progress : 0.568
name: models.architecture.block_type=attention
models.out_dim=10
dataset.path=/media/egghead/Scratch/joey/simulation_data/patient_one_data.zarr
evaluation.path=/media/egghead/Scratch/joey/simulation_data/patient_two_data.zarr
training.mode=gml_rollout_pure
epochs=5
seed=0
checkpoint.load=True
checkpoint.path=/home/egghead/Thesis/Thesis-NN/ablation_runs/2026-07-27_11-13-35_train_mode/attn_out10_rollout5_gml5_phase1/0/hydra-test.pth    avg_loss: -57.116409301758  time_per_window : 0.000363   progress : 0.579
name: models.architecture.block_type=attention
models.out_dim=10
dataset.path=/media/egghead/Scratch/joey/simulation_data/patient_one_data.zarr
evaluation.path=/media/egghead/Scratch/joey/simulation_data/patient_two_data.zarr
training.mode=gml_rollout_pure
epochs=5
seed=0
checkpoint.load=True
checkpoint.path=/home/egghead/Thesis/Thesis-NN/ablation_runs/2026-07-27_11-13-35_train_mode/attn_out10_rollout5_gml5_phase1/0/hydra-test.pth    avg_loss: -62.140052795410  time_per_window : 0.000343   progress : 0.590
name: models.architecture.block_type=attention
models.out_dim=10
dataset.path=/media/egghead/Scratch/joey/simulation_data/patient_one_data.zarr
evaluation.path=/media/egghead/Scratch/joey/simulation_data/patient_two_data.zarr
training.mode=gml_rollout_pure
epochs=5
seed=0
checkpoint.load=True
checkpoint.path=/home/egghead/Thesis/Thesis-NN/ablation_runs/2026-07-27_11-13-35_train_mode/attn_out10_rollout5_gml5_phase1/0/hydra-test.pth    avg_loss: -62.200263977051  time_per_window : 0.000334   progress : 0.601
name: models.architecture.block_type=attention
models.out_dim=10
dataset.path=/media/egghead/Scratch/joey/simulation_data/patient_one_data.zarr
evaluation.path=/media/egghead/Scratch/joey/simulation_data/patient_two_data.zarr
training.mode=gml_rollout_pure
epochs=5
seed=0
checkpoint.load=True
checkpoint.path=/home/egghead/Thesis/Thesis-NN/ablation_runs/2026-07-27_11-13-35_train_mode/attn_out10_rollout5_gml5_phase1/0/hydra-test.pth    avg_loss: -60.161319732666  time_per_window : 0.000349   progress : 0.612
name: models.architecture.block_type=attention
models.out_dim=10
dataset.path=/media/egghead/Scratch/joey/simulation_data/patient_one_data.zarr
evaluation.path=/media/egghead/Scratch/joey/simulation_data/patient_two_data.zarr
training.mode=gml_rollout_pure
epochs=5
seed=0
checkpoint.load=True
checkpoint.path=/home/egghead/Thesis/Thesis-NN/ablation_runs/2026-07-27_11-13-35_train_mode/attn_out10_rollout5_gml5_phase1/0/hydra-test.pth    avg_loss: -58.783481597900  time_per_window : 0.000371   progress : 0.623
name: models.architecture.block_type=attention
models.out_dim=10
dataset.path=/media/egghead/Scratch/joey/simulation_data/patient_one_data.zarr
evaluation.path=/media/egghead/Scratch/joey/simulation_data/patient_two_data.zarr
training.mode=gml_rollout_pure
epochs=5
seed=0
checkpoint.load=True
checkpoint.path=/home/egghead/Thesis/Thesis-NN/ablation_runs/2026-07-27_11-13-35_train_mode/attn_out10_rollout5_gml5_phase1/0/hydra-test.pth    avg_loss: -59.900062561035  time_per_window : 0.000380   progress : 0.634
name: models.architecture.block_type=attention
models.out_dim=10
dataset.path=/media/egghead/Scratch/joey/simulation_data/patient_one_data.zarr
evaluation.path=/media/egghead/Scratch/joey/simulation_data/patient_two_data.zarr
training.mode=gml_rollout_pure
epochs=5
seed=0
checkpoint.load=True
checkpoint.path=/home/egghead/Thesis/Thesis-NN/ablation_runs/2026-07-27_11-13-35_train_mode/attn_out10_rollout5_gml5_phase1/0/hydra-test.pth    avg_loss: -63.196525573730  time_per_window : 0.000369   progress : 0.644
name: models.architecture.block_type=attention
models.out_dim=10
dataset.path=/media/egghead/Scratch/joey/simulation_data/patient_one_data.zarr
evaluation.path=/media/egghead/Scratch/joey/simulation_data/patient_two_data.zarr
training.mode=gml_rollout_pure
epochs=5
seed=0
checkpoint.load=True
checkpoint.path=/home/egghead/Thesis/Thesis-NN/ablation_runs/2026-07-27_11-13-35_train_mode/attn_out10_rollout5_gml5_phase1/0/hydra-test.pth    avg_loss: -61.249828338623  time_per_window : 0.000389   progress : 0.655
name: models.architecture.block_type=attention
models.out_dim=10
dataset.path=/media/egghead/Scratch/joey/simulation_data/patient_one_data.zarr
evaluation.path=/media/egghead/Scratch/joey/simulation_data/patient_two_data.zarr
training.mode=gml_rollout_pure
epochs=5
seed=0
checkpoint.load=True
checkpoint.path=/home/egghead/Thesis/Thesis-NN/ablation_runs/2026-07-27_11-13-35_train_mode/attn_out10_rollout5_gml5_phase1/0/hydra-test.pth    avg_loss: -61.387939453125  time_per_window : 0.000406   progress : 0.666
name: models.architecture.block_type=attention
models.out_dim=10
dataset.path=/media/egghead/Scratch/joey/simulation_data/patient_one_data.zarr
evaluation.path=/media/egghead/Scratch/joey/simulation_data/patient_two_data.zarr
training.mode=gml_rollout_pure
epochs=5
seed=0
checkpoint.load=True
checkpoint.path=/home/egghead/Thesis/Thesis-NN/ablation_runs/2026-07-27_11-13-35_train_mode/attn_out10_rollout5_gml5_phase1/0/hydra-test.pth    avg_loss: -57.523792266846  time_per_window : 0.000364   progress : 0.677
name: models.architecture.block_type=attention
models.out_dim=10
dataset.path=/media/egghead/Scratch/joey/simulation_data/patient_one_data.zarr
evaluation.path=/media/egghead/Scratch/joey/simulation_data/patient_two_data.zarr
training.mode=gml_rollout_pure
epochs=5
seed=0
checkpoint.load=True
checkpoint.path=/home/egghead/Thesis/Thesis-NN/ablation_runs/2026-07-27_11-13-35_train_mode/attn_out10_rollout5_gml5_phase1/0/hydra-test.pth    avg_loss: -62.822711944580  time_per_window : 0.000428   progress : 0.688
name: models.architecture.block_type=attention
models.out_dim=10
dataset.path=/media/egghead/Scratch/joey/simulation_data/patient_one_data.zarr
evaluation.path=/media/egghead/Scratch/joey/simulation_data/patient_two_data.zarr
training.mode=gml_rollout_pure
epochs=5
seed=0
checkpoint.load=True
checkpoint.path=/home/egghead/Thesis/Thesis-NN/ablation_runs/2026-07-27_11-13-35_train_mode/attn_out10_rollout5_gml5_phase1/0/hydra-test.pth    avg_loss: -62.899719238281  time_per_window : 0.000364   progress : 0.699
name: models.architecture.block_type=attention
models.out_dim=10
dataset.path=/media/egghead/Scratch/joey/simulation_data/patient_one_data.zarr
evaluation.path=/media/egghead/Scratch/joey/simulation_data/patient_two_data.zarr
training.mode=gml_rollout_pure
epochs=5
seed=0
checkpoint.load=True
checkpoint.path=/home/egghead/Thesis/Thesis-NN/ablation_runs/2026-07-27_11-13-35_train_mode/attn_out10_rollout5_gml5_phase1/0/hydra-test.pth    avg_loss: -57.870975494385  time_per_window : 0.000363   progress : 0.710
name: models.architecture.block_type=attention
models.out_dim=10
dataset.path=/media/egghead/Scratch/joey/simulation_data/patient_one_data.zarr
evaluation.path=/media/egghead/Scratch/joey/simulation_data/patient_two_data.zarr
training.mode=gml_rollout_pure
epochs=5
seed=0
checkpoint.load=True
checkpoint.path=/home/egghead/Thesis/Thesis-NN/ablation_runs/2026-07-27_11-13-35_train_mode/attn_out10_rollout5_gml5_phase1/0/hydra-test.pth    avg_loss: -62.179893493652  time_per_window : 0.000363   progress : 0.721
name: models.architecture.block_type=attention
models.out_dim=10
dataset.path=/media/egghead/Scratch/joey/simulation_data/patient_one_data.zarr
evaluation.path=/media/egghead/Scratch/joey/simulation_data/patient_two_data.zarr
training.mode=gml_rollout_pure
epochs=5
seed=0
checkpoint.load=True
checkpoint.path=/home/egghead/Thesis/Thesis-NN/ablation_runs/2026-07-27_11-13-35_train_mode/attn_out10_rollout5_gml5_phase1/0/hydra-test.pth    avg_loss: -63.786052703857  time_per_window : 0.000356   progress : 0.732
name: models.architecture.block_type=attention
models.out_dim=10
dataset.path=/media/egghead/Scratch/joey/simulation_data/patient_one_data.zarr
evaluation.path=/media/egghead/Scratch/joey/simulation_data/patient_two_data.zarr
training.mode=gml_rollout_pure
epochs=5
seed=0
checkpoint.load=True
checkpoint.path=/home/egghead/Thesis/Thesis-NN/ablation_runs/2026-07-27_11-13-35_train_mode/attn_out10_rollout5_gml5_phase1/0/hydra-test.pth    avg_loss: -64.459358215332  time_per_window : 0.000368   progress : 0.743
name: models.architecture.block_type=attention
models.out_dim=10
dataset.path=/media/egghead/Scratch/joey/simulation_data/patient_one_data.zarr
evaluation.path=/media/egghead/Scratch/joey/simulation_data/patient_two_data.zarr
training.mode=gml_rollout_pure
epochs=5
seed=0
checkpoint.load=True
checkpoint.path=/home/egghead/Thesis/Thesis-NN/ablation_runs/2026-07-27_11-13-35_train_mode/attn_out10_rollout5_gml5_phase1/0/hydra-test.pth    avg_loss: -60.086624145508  time_per_window : 0.000341   progress : 0.754
name: models.architecture.block_type=attention
models.out_dim=10
dataset.path=/media/egghead/Scratch/joey/simulation_data/patient_one_data.zarr
evaluation.path=/media/egghead/Scratch/joey/simulation_data/patient_two_data.zarr
training.mode=gml_rollout_pure
epochs=5
seed=0
checkpoint.load=True
checkpoint.path=/home/egghead/Thesis/Thesis-NN/ablation_runs/2026-07-27_11-13-35_train_mode/attn_out10_rollout5_gml5_phase1/0/hydra-test.pth    avg_loss: -61.611804962158  time_per_window : 0.000357   progress : 0.765
name: models.architecture.block_type=attention
models.out_dim=10
dataset.path=/media/egghead/Scratch/joey/simulation_data/patient_one_data.zarr
evaluation.path=/media/egghead/Scratch/joey/simulation_data/patient_two_data.zarr
training.mode=gml_rollout_pure
epochs=5
seed=0
checkpoint.load=True
checkpoint.path=/home/egghead/Thesis/Thesis-NN/ablation_runs/2026-07-27_11-13-35_train_mode/attn_out10_rollout5_gml5_phase1/0/hydra-test.pth    avg_loss: -61.614398956299  time_per_window : 0.000382   progress : 0.775
name: models.architecture.block_type=attention
models.out_dim=10
dataset.path=/media/egghead/Scratch/joey/simulation_data/patient_one_data.zarr
evaluation.path=/media/egghead/Scratch/joey/simulation_data/patient_two_data.zarr
training.mode=gml_rollout_pure
epochs=5
seed=0
checkpoint.load=True
checkpoint.path=/home/egghead/Thesis/Thesis-NN/ablation_runs/2026-07-27_11-13-35_train_mode/attn_out10_rollout5_gml5_phase1/0/hydra-test.pth    avg_loss: -64.004600524902  time_per_window : 0.000381   progress : 0.786
name: models.architecture.block_type=attention
models.out_dim=10
dataset.path=/media/egghead/Scratch/joey/simulation_data/patient_one_data.zarr
evaluation.path=/media/egghead/Scratch/joey/simulation_data/patient_two_data.zarr
training.mode=gml_rollout_pure
epochs=5
seed=0
checkpoint.load=True
checkpoint.path=/home/egghead/Thesis/Thesis-NN/ablation_runs/2026-07-27_11-13-35_train_mode/attn_out10_rollout5_gml5_phase1/0/hydra-test.pth    avg_loss: -50.854419708252  time_per_window : 0.000353   progress : 0.797
name: models.architecture.block_type=attention
models.out_dim=10
dataset.path=/media/egghead/Scratch/joey/simulation_data/patient_one_data.zarr
evaluation.path=/media/egghead/Scratch/joey/simulation_data/patient_two_data.zarr
training.mode=gml_rollout_pure
epochs=5
seed=0
checkpoint.load=True
checkpoint.path=/home/egghead/Thesis/Thesis-NN/ablation_runs/2026-07-27_11-13-35_train_mode/attn_out10_rollout5_gml5_phase1/0/hydra-test.pth    avg_loss: -62.446979522705  time_per_window : 0.000374   progress : 0.808
name: models.architecture.block_type=attention
models.out_dim=10
dataset.path=/media/egghead/Scratch/joey/simulation_data/patient_one_data.zarr
evaluation.path=/media/egghead/Scratch/joey/simulation_data/patient_two_data.zarr
training.mode=gml_rollout_pure
epochs=5
seed=0
checkpoint.load=True
checkpoint.path=/home/egghead/Thesis/Thesis-NN/ablation_runs/2026-07-27_11-13-35_train_mode/attn_out10_rollout5_gml5_phase1/0/hydra-test.pth    avg_loss: -51.911621093750  time_per_window : 0.000365   progress : 0.819
name: models.architecture.block_type=attention
models.out_dim=10
dataset.path=/media/egghead/Scratch/joey/simulation_data/patient_one_data.zarr
evaluation.path=/media/egghead/Scratch/joey/simulation_data/patient_two_data.zarr
training.mode=gml_rollout_pure
epochs=5
seed=0
checkpoint.load=True
checkpoint.path=/home/egghead/Thesis/Thesis-NN/ablation_runs/2026-07-27_11-13-35_train_mode/attn_out10_rollout5_gml5_phase1/0/hydra-test.pth    avg_loss: -62.794300079346  time_per_window : 0.000343   progress : 0.830
name: models.architecture.block_type=attention
models.out_dim=10
dataset.path=/media/egghead/Scratch/joey/simulation_data/patient_one_data.zarr
evaluation.path=/media/egghead/Scratch/joey/simulation_data/patient_two_data.zarr
training.mode=gml_rollout_pure
epochs=5
seed=0
checkpoint.load=True
checkpoint.path=/home/egghead/Thesis/Thesis-NN/ablation_runs/2026-07-27_11-13-35_train_mode/attn_out10_rollout5_gml5_phase1/0/hydra-test.pth    avg_loss: -62.886215209961  time_per_window : 0.000375   progress : 0.841
name: models.architecture.block_type=attention
models.out_dim=10
dataset.path=/media/egghead/Scratch/joey/simulation_data/patient_one_data.zarr
evaluation.path=/media/egghead/Scratch/joey/simulation_data/patient_two_data.zarr
training.mode=gml_rollout_pure
epochs=5
seed=0
checkpoint.load=True
checkpoint.path=/home/egghead/Thesis/Thesis-NN/ablation_runs/2026-07-27_11-13-35_train_mode/attn_out10_rollout5_gml5_phase1/0/hydra-test.pth    avg_loss: -55.661880493164  time_per_window : 0.000382   progress : 0.852
name: models.architecture.block_type=attention
models.out_dim=10
dataset.path=/media/egghead/Scratch/joey/simulation_data/patient_one_data.zarr
evaluation.path=/media/egghead/Scratch/joey/simulation_data/patient_two_data.zarr
training.mode=gml_rollout_pure
epochs=5
seed=0
checkpoint.load=True
checkpoint.path=/home/egghead/Thesis/Thesis-NN/ablation_runs/2026-07-27_11-13-35_train_mode/attn_out10_rollout5_gml5_phase1/0/hydra-test.pth    avg_loss: -58.608226776123  time_per_window : 0.000367   progress : 0.863
name: models.architecture.block_type=attention
models.out_dim=10
dataset.path=/media/egghead/Scratch/joey/simulation_data/patient_one_data.zarr
evaluation.path=/media/egghead/Scratch/joey/simulation_data/patient_two_data.zarr
training.mode=gml_rollout_pure
epochs=5
seed=0
checkpoint.load=True
checkpoint.path=/home/egghead/Thesis/Thesis-NN/ablation_runs/2026-07-27_11-13-35_train_mode/attn_out10_rollout5_gml5_phase1/0/hydra-test.pth    avg_loss: -62.178646087646  time_per_window : 0.000348   progress : 0.874
name: models.architecture.block_type=attention
models.out_dim=10
dataset.path=/media/egghead/Scratch/joey/simulation_data/patient_one_data.zarr
evaluation.path=/media/egghead/Scratch/joey/simulation_data/patient_two_data.zarr
training.mode=gml_rollout_pure
epochs=5
seed=0
checkpoint.load=True
checkpoint.path=/home/egghead/Thesis/Thesis-NN/ablation_runs/2026-07-27_11-13-35_train_mode/attn_out10_rollout5_gml5_phase1/0/hydra-test.pth    avg_loss: -56.838123321533  time_per_window : 0.000370   progress : 0.885
name: models.architecture.block_type=attention
models.out_dim=10
dataset.path=/media/egghead/Scratch/joey/simulation_data/patient_one_data.zarr
evaluation.path=/media/egghead/Scratch/joey/simulation_data/patient_two_data.zarr
training.mode=gml_rollout_pure
epochs=5
seed=0
checkpoint.load=True
checkpoint.path=/home/egghead/Thesis/Thesis-NN/ablation_runs/2026-07-27_11-13-35_train_mode/attn_out10_rollout5_gml5_phase1/0/hydra-test.pth    avg_loss: -63.871810913086  time_per_window : 0.000362   progress : 0.896
name: models.architecture.block_type=attention
models.out_dim=10
dataset.path=/media/egghead/Scratch/joey/simulation_data/patient_one_data.zarr
evaluation.path=/media/egghead/Scratch/joey/simulation_data/patient_two_data.zarr
training.mode=gml_rollout_pure
epochs=5
seed=0
checkpoint.load=True
checkpoint.path=/home/egghead/Thesis/Thesis-NN/ablation_runs/2026-07-27_11-13-35_train_mode/attn_out10_rollout5_gml5_phase1/0/hydra-test.pth    avg_loss: -60.426132202148  time_per_window : 0.000394   progress : 0.907
name: models.architecture.block_type=attention
models.out_dim=10
dataset.path=/media/egghead/Scratch/joey/simulation_data/patient_one_data.zarr
evaluation.path=/media/egghead/Scratch/joey/simulation_data/patient_two_data.zarr
training.mode=gml_rollout_pure
epochs=5
seed=0
checkpoint.load=True
checkpoint.path=/home/egghead/Thesis/Thesis-NN/ablation_runs/2026-07-27_11-13-35_train_mode/attn_out10_rollout5_gml5_phase1/0/hydra-test.pth    avg_loss: -59.165348052979  time_per_window : 0.000367   progress : 0.917
name: models.architecture.block_type=attention
models.out_dim=10
dataset.path=/media/egghead/Scratch/joey/simulation_data/patient_one_data.zarr
evaluation.path=/media/egghead/Scratch/joey/simulation_data/patient_two_data.zarr
training.mode=gml_rollout_pure
epochs=5
seed=0
checkpoint.load=True
checkpoint.path=/home/egghead/Thesis/Thesis-NN/ablation_runs/2026-07-27_11-13-35_train_mode/attn_out10_rollout5_gml5_phase1/0/hydra-test.pth    avg_loss: -64.002601623535  time_per_window : 0.000378   progress : 0.928
name: models.architecture.block_type=attention
models.out_dim=10
dataset.path=/media/egghead/Scratch/joey/simulation_data/patient_one_data.zarr
evaluation.path=/media/egghead/Scratch/joey/simulation_data/patient_two_data.zarr
training.mode=gml_rollout_pure
epochs=5
seed=0
checkpoint.load=True
checkpoint.path=/home/egghead/Thesis/Thesis-NN/ablation_runs/2026-07-27_11-13-35_train_mode/attn_out10_rollout5_gml5_phase1/0/hydra-test.pth    avg_loss: -59.987495422363  time_per_window : 0.000370   progress : 0.939
name: models.architecture.block_type=attention
models.out_dim=10
dataset.path=/media/egghead/Scratch/joey/simulation_data/patient_one_data.zarr
evaluation.path=/media/egghead/Scratch/joey/simulation_data/patient_two_data.zarr
training.mode=gml_rollout_pure
epochs=5
seed=0
checkpoint.load=True
checkpoint.path=/home/egghead/Thesis/Thesis-NN/ablation_runs/2026-07-27_11-13-35_train_mode/attn_out10_rollout5_gml5_phase1/0/hydra-test.pth    avg_loss: -59.327495574951  time_per_window : 0.000374   progress : 0.950
name: models.architecture.block_type=attention
models.out_dim=10
dataset.path=/media/egghead/Scratch/joey/simulation_data/patient_one_data.zarr
evaluation.path=/media/egghead/Scratch/joey/simulation_data/patient_two_data.zarr
training.mode=gml_rollout_pure
epochs=5
seed=0
checkpoint.load=True
checkpoint.path=/home/egghead/Thesis/Thesis-NN/ablation_runs/2026-07-27_11-13-35_train_mode/attn_out10_rollout5_gml5_phase1/0/hydra-test.pth    avg_loss: -59.224056243896  time_per_window : 0.000345   progress : 0.961
name: models.architecture.block_type=attention
models.out_dim=10
dataset.path=/media/egghead/Scratch/joey/simulation_data/patient_one_data.zarr
evaluation.path=/media/egghead/Scratch/joey/simulation_data/patient_two_data.zarr
training.mode=gml_rollout_pure
epochs=5
seed=0
checkpoint.load=True
checkpoint.path=/home/egghead/Thesis/Thesis-NN/ablation_runs/2026-07-27_11-13-35_train_mode/attn_out10_rollout5_gml5_phase1/0/hydra-test.pth    avg_loss: -62.627948760986  time_per_window : 0.000371   progress : 0.972
name: models.architecture.block_type=attention
models.out_dim=10
dataset.path=/media/egghead/Scratch/joey/simulation_data/patient_one_data.zarr
evaluation.path=/media/egghead/Scratch/joey/simulation_data/patient_two_data.zarr
training.mode=gml_rollout_pure
epochs=5
seed=0
checkpoint.load=True
checkpoint.path=/home/egghead/Thesis/Thesis-NN/ablation_runs/2026-07-27_11-13-35_train_mode/attn_out10_rollout5_gml5_phase1/0/hydra-test.pth    avg_loss: -62.541000366211  time_per_window : 0.000337   progress : 0.983
name: models.architecture.block_type=attention
models.out_dim=10
dataset.path=/media/egghead/Scratch/joey/simulation_data/patient_one_data.zarr
evaluation.path=/media/egghead/Scratch/joey/simulation_data/patient_two_data.zarr
training.mode=gml_rollout_pure
epochs=5
seed=0
checkpoint.load=True
checkpoint.path=/home/egghead/Thesis/Thesis-NN/ablation_runs/2026-07-27_11-13-35_train_mode/attn_out10_rollout5_gml5_phase1/0/hydra-test.pth    avg_loss: -61.953891754150  time_per_window : 0.000432   progress : 0.994
name: models.architecture.block_type=attention
models.out_dim=10
dataset.path=/media/egghead/Scratch/joey/simulation_data/patient_one_data.zarr
evaluation.path=/media/egghead/Scratch/joey/simulation_data/patient_two_data.zarr
training.mode=gml_rollout_pure
epochs=5
seed=0
checkpoint.load=True
checkpoint.path=/home/egghead/Thesis/Thesis-NN/ablation_runs/2026-07-27_11-13-35_train_mode/attn_out10_rollout5_gml5_phase1/0/hydra-test.pth    avg_loss: -54.367145538330  time_per_window : 0.000316   progress : 0.011
name: models.architecture.block_type=attention
models.out_dim=10
dataset.path=/media/egghead/Scratch/joey/simulation_data/patient_one_data.zarr
evaluation.path=/media/egghead/Scratch/joey/simulation_data/patient_two_data.zarr
training.mode=gml_rollout_pure
epochs=5
seed=0
checkpoint.load=True
checkpoint.path=/home/egghead/Thesis/Thesis-NN/ablation_runs/2026-07-27_11-13-35_train_mode/attn_out10_rollout5_gml5_phase1/0/hydra-test.pth    avg_loss: -52.298316955566  time_per_window : 0.000381   progress : 0.022
name: models.architecture.block_type=attention
models.out_dim=10
dataset.path=/media/egghead/Scratch/joey/simulation_data/patient_one_data.zarr
evaluation.path=/media/egghead/Scratch/joey/simulation_data/patient_two_data.zarr
training.mode=gml_rollout_pure
epochs=5
seed=0
checkpoint.load=True
checkpoint.path=/home/egghead/Thesis/Thesis-NN/ablation_runs/2026-07-27_11-13-35_train_mode/attn_out10_rollout5_gml5_phase1/0/hydra-test.pth    avg_loss: -57.838676452637  time_per_window : 0.000352   progress : 0.033
name: models.architecture.block_type=attention
models.out_dim=10
dataset.path=/media/egghead/Scratch/joey/simulation_data/patient_one_data.zarr
evaluation.path=/media/egghead/Scratch/joey/simulation_data/patient_two_data.zarr
training.mode=gml_rollout_pure
epochs=5
seed=0
checkpoint.load=True
checkpoint.path=/home/egghead/Thesis/Thesis-NN/ablation_runs/2026-07-27_11-13-35_train_mode/attn_out10_rollout5_gml5_phase1/0/hydra-test.pth    avg_loss: -57.570751190186  time_per_window : 0.000331   progress : 0.044
name: models.architecture.block_type=attention
models.out_dim=10
dataset.path=/media/egghead/Scratch/joey/simulation_data/patient_one_data.zarr
evaluation.path=/media/egghead/Scratch/joey/simulation_data/patient_two_data.zarr
training.mode=gml_rollout_pure
epochs=5
seed=0
checkpoint.load=True
checkpoint.path=/home/egghead/Thesis/Thesis-NN/ablation_runs/2026-07-27_11-13-35_train_mode/attn_out10_rollout5_gml5_phase1/0/hydra-test.pth    avg_loss: -59.997848510742  time_per_window : 0.000345   progress : 0.055
name: models.architecture.block_type=attention
models.out_dim=10
dataset.path=/media/egghead/Scratch/joey/simulation_data/patient_one_data.zarr
evaluation.path=/media/egghead/Scratch/joey/simulation_data/patient_two_data.zarr
training.mode=gml_rollout_pure
epochs=5
seed=0
checkpoint.load=True
checkpoint.path=/home/egghead/Thesis/Thesis-NN/ablation_runs/2026-07-27_11-13-35_train_mode/attn_out10_rollout5_gml5_phase1/0/hydra-test.pth    avg_loss: -54.151668548584  time_per_window : 0.000348   progress : 0.066
name: models.architecture.block_type=attention
models.out_dim=10
dataset.path=/media/egghead/Scratch/joey/simulation_data/patient_one_data.zarr
evaluation.path=/media/egghead/Scratch/joey/simulation_data/patient_two_data.zarr
training.mode=gml_rollout_pure
epochs=5
seed=0
checkpoint.load=True
checkpoint.path=/home/egghead/Thesis/Thesis-NN/ablation_runs/2026-07-27_11-13-35_train_mode/attn_out10_rollout5_gml5_phase1/0/hydra-test.pth    avg_loss: -60.239322662354  time_per_window : 0.000365   progress : 0.076
name: models.architecture.block_type=attention
models.out_dim=10
dataset.path=/media/egghead/Scratch/joey/simulation_data/patient_one_data.zarr
evaluation.path=/media/egghead/Scratch/joey/simulation_data/patient_two_data.zarr
training.mode=gml_rollout_pure
epochs=5
seed=0
checkpoint.load=True
checkpoint.path=/home/egghead/Thesis/Thesis-NN/ablation_runs/2026-07-27_11-13-35_train_mode/attn_out10_rollout5_gml5_phase1/0/hydra-test.pth    avg_loss: -60.590476989746  time_per_window : 0.000363   progress : 0.087
name: models.architecture.block_type=attention
models.out_dim=10
dataset.path=/media/egghead/Scratch/joey/simulation_data/patient_one_data.zarr
evaluation.path=/media/egghead/Scratch/joey/simulation_data/patient_two_data.zarr
training.mode=gml_rollout_pure
epochs=5
seed=0
checkpoint.load=True
checkpoint.path=/home/egghead/Thesis/Thesis-NN/ablation_runs/2026-07-27_11-13-35_train_mode/attn_out10_rollout5_gml5_phase1/0/hydra-test.pth    avg_loss: -56.683822631836  time_per_window : 0.000365   progress : 0.098
name: models.architecture.block_type=attention
models.out_dim=10
dataset.path=/media/egghead/Scratch/joey/simulation_data/patient_one_data.zarr
evaluation.path=/media/egghead/Scratch/joey/simulation_data/patient_two_data.zarr
training.mode=gml_rollout_pure
epochs=5
seed=0
checkpoint.load=True
checkpoint.path=/home/egghead/Thesis/Thesis-NN/ablation_runs/2026-07-27_11-13-35_train_mode/attn_out10_rollout5_gml5_phase1/0/hydra-test.pth    avg_loss: -58.199859619141  time_per_window : 0.000399   progress : 0.109
name: models.architecture.block_type=attention
models.out_dim=10
dataset.path=/media/egghead/Scratch/joey/simulation_data/patient_one_data.zarr
evaluation.path=/media/egghead/Scratch/joey/simulation_data/patient_two_data.zarr
training.mode=gml_rollout_pure
epochs=5
seed=0
checkpoint.load=True
checkpoint.path=/home/egghead/Thesis/Thesis-NN/ablation_runs/2026-07-27_11-13-35_train_mode/attn_out10_rollout5_gml5_phase1/0/hydra-test.pth    avg_loss: -59.198692321777  time_per_window : 0.000343   progress : 0.120
name: models.architecture.block_type=attention
models.out_dim=10
dataset.path=/media/egghead/Scratch/joey/simulation_data/patient_one_data.zarr
evaluation.path=/media/egghead/Scratch/joey/simulation_data/patient_two_data.zarr
training.mode=gml_rollout_pure
epochs=5
seed=0
checkpoint.load=True
checkpoint.path=/home/egghead/Thesis/Thesis-NN/ablation_runs/2026-07-27_11-13-35_train_mode/attn_out10_rollout5_gml5_phase1/0/hydra-test.pth    avg_loss: -58.979225158691  time_per_window : 0.000339   progress : 0.131
name: models.architecture.block_type=attention
models.out_dim=10
dataset.path=/media/egghead/Scratch/joey/simulation_data/patient_one_data.zarr
evaluation.path=/media/egghead/Scratch/joey/simulation_data/patient_two_data.zarr
training.mode=gml_rollout_pure
epochs=5
seed=0
checkpoint.load=True
checkpoint.path=/home/egghead/Thesis/Thesis-NN/ablation_runs/2026-07-27_11-13-35_train_mode/attn_out10_rollout5_gml5_phase1/0/hydra-test.pth    avg_loss: -59.384410858154  time_per_window : 0.000360   progress : 0.142
name: models.architecture.block_type=attention
models.out_dim=10
dataset.path=/media/egghead/Scratch/joey/simulation_data/patient_one_data.zarr
evaluation.path=/media/egghead/Scratch/joey/simulation_data/patient_two_data.zarr
training.mode=gml_rollout_pure
epochs=5
seed=0
checkpoint.load=True
checkpoint.path=/home/egghead/Thesis/Thesis-NN/ablation_runs/2026-07-27_11-13-35_train_mode/attn_out10_rollout5_gml5_phase1/0/hydra-test.pth    avg_loss: -60.355201721191  time_per_window : 0.000392   progress : 0.153
name: models.architecture.block_type=attention
models.out_dim=10
dataset.path=/media/egghead/Scratch/joey/simulation_data/patient_one_data.zarr
evaluation.path=/media/egghead/Scratch/joey/simulation_data/patient_two_data.zarr
training.mode=gml_rollout_pure
epochs=5
seed=0
checkpoint.load=True
checkpoint.path=/home/egghead/Thesis/Thesis-NN/ablation_runs/2026-07-27_11-13-35_train_mode/attn_out10_rollout5_gml5_phase1/0/hydra-test.pth    avg_loss: -59.147216796875  time_per_window : 0.000374   progress : 0.164
name: models.architecture.block_type=attention
models.out_dim=10
dataset.path=/media/egghead/Scratch/joey/simulation_data/patient_one_data.zarr
evaluation.path=/media/egghead/Scratch/joey/simulation_data/patient_two_data.zarr
training.mode=gml_rollout_pure
epochs=5
seed=0
checkpoint.load=True
checkpoint.path=/home/egghead/Thesis/Thesis-NN/ablation_runs/2026-07-27_11-13-35_train_mode/attn_out10_rollout5_gml5_phase1/0/hydra-test.pth    avg_loss: -60.237838745117  time_per_window : 0.000363   progress : 0.175
name: models.architecture.block_type=attention
models.out_dim=10
dataset.path=/media/egghead/Scratch/joey/simulation_data/patient_one_data.zarr
evaluation.path=/media/egghead/Scratch/joey/simulation_data/patient_two_data.zarr
training.mode=gml_rollout_pure
epochs=5
seed=0
checkpoint.load=True
checkpoint.path=/home/egghead/Thesis/Thesis-NN/ablation_runs/2026-07-27_11-13-35_train_mode/attn_out10_rollout5_gml5_phase1/0/hydra-test.pth    avg_loss: -59.370372772217  time_per_window : 0.000378   progress : 0.186
name: models.architecture.block_type=attention
models.out_dim=10
dataset.path=/media/egghead/Scratch/joey/simulation_data/patient_one_data.zarr
evaluation.path=/media/egghead/Scratch/joey/simulation_data/patient_two_data.zarr
training.mode=gml_rollout_pure
epochs=5
seed=0
checkpoint.load=True
checkpoint.path=/home/egghead/Thesis/Thesis-NN/ablation_runs/2026-07-27_11-13-35_train_mode/attn_out10_rollout5_gml5_phase1/0/hydra-test.pth    avg_loss: -61.884693145752  time_per_window : 0.000389   progress : 0.197
name: models.architecture.block_type=attention
models.out_dim=10
dataset.path=/media/egghead/Scratch/joey/simulation_data/patient_one_data.zarr
evaluation.path=/media/egghead/Scratch/joey/simulation_data/patient_two_data.zarr
training.mode=gml_rollout_pure
epochs=5
seed=0
checkpoint.load=True
checkpoint.path=/home/egghead/Thesis/Thesis-NN/ablation_runs/2026-07-27_11-13-35_train_mode/attn_out10_rollout5_gml5_phase1/0/hydra-test.pth    avg_loss: -55.812030792236  time_per_window : 0.000357   progress : 0.208
name: models.architecture.block_type=attention
models.out_dim=10
dataset.path=/media/egghead/Scratch/joey/simulation_data/patient_one_data.zarr
evaluation.path=/media/egghead/Scratch/joey/simulation_data/patient_two_data.zarr
training.mode=gml_rollout_pure
epochs=5
seed=0
checkpoint.load=True
checkpoint.path=/home/egghead/Thesis/Thesis-NN/ablation_runs/2026-07-27_11-13-35_train_mode/attn_out10_rollout5_gml5_phase1/0/hydra-test.pth    avg_loss: -56.359439849854  time_per_window : 0.000362   progress : 0.218
name: models.architecture.block_type=attention
models.out_dim=10
dataset.path=/media/egghead/Scratch/joey/simulation_data/patient_one_data.zarr
evaluation.path=/media/egghead/Scratch/joey/simulation_data/patient_two_data.zarr
training.mode=gml_rollout_pure
epochs=5
seed=0
checkpoint.load=True
checkpoint.path=/home/egghead/Thesis/Thesis-NN/ablation_runs/2026-07-27_11-13-35_train_mode/attn_out10_rollout5_gml5_phase1/0/hydra-test.pth    avg_loss: -56.150901794434  time_per_window : 0.000327   progress : 0.229
name: models.architecture.block_type=attention
models.out_dim=10
dataset.path=/media/egghead/Scratch/joey/simulation_data/patient_one_data.zarr
evaluation.path=/media/egghead/Scratch/joey/simulation_data/patient_two_data.zarr
training.mode=gml_rollout_pure
epochs=5
seed=0
checkpoint.load=True
checkpoint.path=/home/egghead/Thesis/Thesis-NN/ablation_runs/2026-07-27_11-13-35_train_mode/attn_out10_rollout5_gml5_phase1/0/hydra-test.pth    avg_loss: -60.275821685791  time_per_window : 0.000372   progress : 0.240
name: models.architecture.block_type=attention
models.out_dim=10
dataset.path=/media/egghead/Scratch/joey/simulation_data/patient_one_data.zarr
evaluation.path=/media/egghead/Scratch/joey/simulation_data/patient_two_data.zarr
training.mode=gml_rollout_pure
epochs=5
seed=0
checkpoint.load=True
checkpoint.path=/home/egghead/Thesis/Thesis-NN/ablation_runs/2026-07-27_11-13-35_train_mode/attn_out10_rollout5_gml5_phase1/0/hydra-test.pth    avg_loss: -54.082073211670  time_per_window : 0.000357   progress : 0.251
name: models.architecture.block_type=attention
models.out_dim=10
dataset.path=/media/egghead/Scratch/joey/simulation_data/patient_one_data.zarr
evaluation.path=/media/egghead/Scratch/joey/simulation_data/patient_two_data.zarr
training.mode=gml_rollout_pure
epochs=5
seed=0
checkpoint.load=True
checkpoint.path=/home/egghead/Thesis/Thesis-NN/ablation_runs/2026-07-27_11-13-35_train_mode/attn_out10_rollout5_gml5_phase1/0/hydra-test.pth    avg_loss: -54.642749786377  time_per_window : 0.000337   progress : 0.262
name: models.architecture.block_type=attention
models.out_dim=10
dataset.path=/media/egghead/Scratch/joey/simulation_data/patient_one_data.zarr
evaluation.path=/media/egghead/Scratch/joey/simulation_data/patient_two_data.zarr
training.mode=gml_rollout_pure
epochs=5
seed=0
checkpoint.load=True
checkpoint.path=/home/egghead/Thesis/Thesis-NN/ablation_runs/2026-07-27_11-13-35_train_mode/attn_out10_rollout5_gml5_phase1/0/hydra-test.pth    avg_loss: -60.167060852051  time_per_window : 0.000341   progress : 0.273
name: models.architecture.block_type=attention
models.out_dim=10
dataset.path=/media/egghead/Scratch/joey/simulation_data/patient_one_data.zarr
evaluation.path=/media/egghead/Scratch/joey/simulation_data/patient_two_data.zarr
training.mode=gml_rollout_pure
epochs=5
seed=0
checkpoint.load=True
checkpoint.path=/home/egghead/Thesis/Thesis-NN/ablation_runs/2026-07-27_11-13-35_train_mode/attn_out10_rollout5_gml5_phase1/0/hydra-test.pth    avg_loss: -55.414649963379  time_per_window : 0.000365   progress : 0.284
name: models.architecture.block_type=attention
models.out_dim=10
dataset.path=/media/egghead/Scratch/joey/simulation_data/patient_one_data.zarr
evaluation.path=/media/egghead/Scratch/joey/simulation_data/patient_two_data.zarr
training.mode=gml_rollout_pure
epochs=5
seed=0
checkpoint.load=True
checkpoint.path=/home/egghead/Thesis/Thesis-NN/ablation_runs/2026-07-27_11-13-35_train_mode/attn_out10_rollout5_gml5_phase1/0/hydra-test.pth    avg_loss: -54.486606597900  time_per_window : 0.000330   progress : 0.295
name: models.architecture.block_type=attention
models.out_dim=10
dataset.path=/media/egghead/Scratch/joey/simulation_data/patient_one_data.zarr
evaluation.path=/media/egghead/Scratch/joey/simulation_data/patient_two_data.zarr
training.mode=gml_rollout_pure
epochs=5
seed=0
checkpoint.load=True
checkpoint.path=/home/egghead/Thesis/Thesis-NN/ablation_runs/2026-07-27_11-13-35_train_mode/attn_out10_rollout5_gml5_phase1/0/hydra-test.pth    avg_loss: -59.592124938965  time_per_window : 0.000362   progress : 0.306
name: models.architecture.block_type=attention
models.out_dim=10
dataset.path=/media/egghead/Scratch/joey/simulation_data/patient_one_data.zarr
evaluation.path=/media/egghead/Scratch/joey/simulation_data/patient_two_data.zarr
training.mode=gml_rollout_pure
epochs=5
seed=0
checkpoint.load=True
checkpoint.path=/home/egghead/Thesis/Thesis-NN/ablation_runs/2026-07-27_11-13-35_train_mode/attn_out10_rollout5_gml5_phase1/0/hydra-test.pth    avg_loss: -57.379756927490  time_per_window : 0.000360   progress : 0.317
name: models.architecture.block_type=attention
models.out_dim=10
dataset.path=/media/egghead/Scratch/joey/simulation_data/patient_one_data.zarr
evaluation.path=/media/egghead/Scratch/joey/simulation_data/patient_two_data.zarr
training.mode=gml_rollout_pure
epochs=5
seed=0
checkpoint.load=True
checkpoint.path=/home/egghead/Thesis/Thesis-NN/ablation_runs/2026-07-27_11-13-35_train_mode/attn_out10_rollout5_gml5_phase1/0/hydra-test.pth    avg_loss: -57.596988677979  time_per_window : 0.000362   progress : 0.328
name: models.architecture.block_type=attention
models.out_dim=10
dataset.path=/media/egghead/Scratch/joey/simulation_data/patient_one_data.zarr
evaluation.path=/media/egghead/Scratch/joey/simulation_data/patient_two_data.zarr
training.mode=gml_rollout_pure
epochs=5
seed=0
checkpoint.load=True
checkpoint.path=/home/egghead/Thesis/Thesis-NN/ablation_runs/2026-07-27_11-13-35_train_mode/attn_out10_rollout5_gml5_phase1/0/hydra-test.pth    avg_loss: -59.405185699463  time_per_window : 0.000312   progress : 0.339
name: models.architecture.block_type=attention
models.out_dim=10
dataset.path=/media/egghead/Scratch/joey/simulation_data/patient_one_data.zarr
evaluation.path=/media/egghead/Scratch/joey/simulation_data/patient_two_data.zarr
training.mode=gml_rollout_pure
epochs=5
seed=0
checkpoint.load=True
checkpoint.path=/home/egghead/Thesis/Thesis-NN/ablation_runs/2026-07-27_11-13-35_train_mode/attn_out10_rollout5_gml5_phase1/0/hydra-test.pth    avg_loss: -61.667404174805  time_per_window : 0.000354   progress : 0.350
name: models.architecture.block_type=attention
models.out_dim=10
dataset.path=/media/egghead/Scratch/joey/simulation_data/patient_one_data.zarr
evaluation.path=/media/egghead/Scratch/joey/simulation_data/patient_two_data.zarr
training.mode=gml_rollout_pure
epochs=5
seed=0
checkpoint.load=True
checkpoint.path=/home/egghead/Thesis/Thesis-NN/ablation_runs/2026-07-27_11-13-35_train_mode/attn_out10_rollout5_gml5_phase1/0/hydra-test.pth    avg_loss: -59.080791473389  time_per_window : 0.000354   progress : 0.360
name: models.architecture.block_type=attention
models.out_dim=10
dataset.path=/media/egghead/Scratch/joey/simulation_data/patient_one_data.zarr
evaluation.path=/media/egghead/Scratch/joey/simulation_data/patient_two_data.zarr
training.mode=gml_rollout_pure
epochs=5
seed=0
checkpoint.load=True
checkpoint.path=/home/egghead/Thesis/Thesis-NN/ablation_runs/2026-07-27_11-13-35_train_mode/attn_out10_rollout5_gml5_phase1/0/hydra-test.pth    avg_loss: -49.904796600342  time_per_window : 0.000349   progress : 0.371
name: models.architecture.block_type=attention
models.out_dim=10
dataset.path=/media/egghead/Scratch/joey/simulation_data/patient_one_data.zarr
evaluation.path=/media/egghead/Scratch/joey/simulation_data/patient_two_data.zarr
training.mode=gml_rollout_pure
epochs=5
seed=0
checkpoint.load=True
checkpoint.path=/home/egghead/Thesis/Thesis-NN/ablation_runs/2026-07-27_11-13-35_train_mode/attn_out10_rollout5_gml5_phase1/0/hydra-test.pth    avg_loss: -56.731803894043  time_per_window : 0.000350   progress : 0.382
name: models.architecture.block_type=attention
models.out_dim=10
dataset.path=/media/egghead/Scratch/joey/simulation_data/patient_one_data.zarr
evaluation.path=/media/egghead/Scratch/joey/simulation_data/patient_two_data.zarr
training.mode=gml_rollout_pure
epochs=5
seed=0
checkpoint.load=True
checkpoint.path=/home/egghead/Thesis/Thesis-NN/ablation_runs/2026-07-27_11-13-35_train_mode/attn_out10_rollout5_gml5_phase1/0/hydra-test.pth    avg_loss: -57.056735992432  time_per_window : 0.000328   progress : 0.393
name: models.architecture.block_type=attention
models.out_dim=10
dataset.path=/media/egghead/Scratch/joey/simulation_data/patient_one_data.zarr
evaluation.path=/media/egghead/Scratch/joey/simulation_data/patient_two_data.zarr
training.mode=gml_rollout_pure
epochs=5
seed=0
checkpoint.load=True
checkpoint.path=/home/egghead/Thesis/Thesis-NN/ablation_runs/2026-07-27_11-13-35_train_mode/attn_out10_rollout5_gml5_phase1/0/hydra-test.pth    avg_loss: -56.725780487061  time_per_window : 0.000368   progress : 0.404
name: models.architecture.block_type=attention
models.out_dim=10
dataset.path=/media/egghead/Scratch/joey/simulation_data/patient_one_data.zarr
evaluation.path=/media/egghead/Scratch/joey/simulation_data/patient_two_data.zarr
training.mode=gml_rollout_pure
epochs=5
seed=0
checkpoint.load=True
checkpoint.path=/home/egghead/Thesis/Thesis-NN/ablation_runs/2026-07-27_11-13-35_train_mode/attn_out10_rollout5_gml5_phase1/0/hydra-test.pth    avg_loss: -61.312988281250  time_per_window : 0.000361   progress : 0.415
name: models.architecture.block_type=attention
models.out_dim=10
dataset.path=/media/egghead/Scratch/joey/simulation_data/patient_one_data.zarr
evaluation.path=/media/egghead/Scratch/joey/simulation_data/patient_two_data.zarr
training.mode=gml_rollout_pure
epochs=5
seed=0
checkpoint.load=True
checkpoint.path=/home/egghead/Thesis/Thesis-NN/ablation_runs/2026-07-27_11-13-35_train_mode/attn_out10_rollout5_gml5_phase1/0/hydra-test.pth    avg_loss: -56.998210906982  time_per_window : 0.000330   progress : 0.426
name: models.architecture.block_type=attention
models.out_dim=10
dataset.path=/media/egghead/Scratch/joey/simulation_data/patient_one_data.zarr
evaluation.path=/media/egghead/Scratch/joey/simulation_data/patient_two_data.zarr
training.mode=gml_rollout_pure
epochs=5
seed=0
checkpoint.load=True
checkpoint.path=/home/egghead/Thesis/Thesis-NN/ablation_runs/2026-07-27_11-13-35_train_mode/attn_out10_rollout5_gml5_phase1/0/hydra-test.pth    avg_loss: -60.591140747070  time_per_window : 0.000438   progress : 0.437
name: models.architecture.block_type=attention
models.out_dim=10
dataset.path=/media/egghead/Scratch/joey/simulation_data/patient_one_data.zarr
evaluation.path=/media/egghead/Scratch/joey/simulation_data/patient_two_data.zarr
training.mode=gml_rollout_pure
epochs=5
seed=0
checkpoint.load=True
checkpoint.path=/home/egghead/Thesis/Thesis-NN/ablation_runs/2026-07-27_11-13-35_train_mode/attn_out10_rollout5_gml5_phase1/0/hydra-test.pth    avg_loss: -51.212978363037  time_per_window : 0.000410   progress : 0.448
name: models.architecture.block_type=attention
models.out_dim=10
dataset.path=/media/egghead/Scratch/joey/simulation_data/patient_one_data.zarr
evaluation.path=/media/egghead/Scratch/joey/simulation_data/patient_two_data.zarr
training.mode=gml_rollout_pure
epochs=5
seed=0
checkpoint.load=True
checkpoint.path=/home/egghead/Thesis/Thesis-NN/ablation_runs/2026-07-27_11-13-35_train_mode/attn_out10_rollout5_gml5_phase1/0/hydra-test.pth    avg_loss: -58.894329071045  time_per_window : 0.000362   progress : 0.459
name: models.architecture.block_type=attention
models.out_dim=10
dataset.path=/media/egghead/Scratch/joey/simulation_data/patient_one_data.zarr
evaluation.path=/media/egghead/Scratch/joey/simulation_data/patient_two_data.zarr
training.mode=gml_rollout_pure
epochs=5
seed=0
checkpoint.load=True
checkpoint.path=/home/egghead/Thesis/Thesis-NN/ablation_runs/2026-07-27_11-13-35_train_mode/attn_out10_rollout5_gml5_phase1/0/hydra-test.pth    avg_loss: -57.070800781250  time_per_window : 0.000376   progress : 0.470
name: models.architecture.block_type=attention
models.out_dim=10
dataset.path=/media/egghead/Scratch/joey/simulation_data/patient_one_data.zarr
evaluation.path=/media/egghead/Scratch/joey/simulation_data/patient_two_data.zarr
training.mode=gml_rollout_pure
epochs=5
seed=0
checkpoint.load=True
checkpoint.path=/home/egghead/Thesis/Thesis-NN/ablation_runs/2026-07-27_11-13-35_train_mode/attn_out10_rollout5_gml5_phase1/0/hydra-test.pth    avg_loss: -59.117488861084  time_per_window : 0.000363   progress : 0.481
name: models.architecture.block_type=attention
models.out_dim=10
dataset.path=/media/egghead/Scratch/joey/simulation_data/patient_one_data.zarr
evaluation.path=/media/egghead/Scratch/joey/simulation_data/patient_two_data.zarr
training.mode=gml_rollout_pure
epochs=5
seed=0
checkpoint.load=True
checkpoint.path=/home/egghead/Thesis/Thesis-NN/ablation_runs/2026-07-27_11-13-35_train_mode/attn_out10_rollout5_gml5_phase1/0/hydra-test.pth    avg_loss: -57.507598876953  time_per_window : 0.000436   progress : 0.492
name: models.architecture.block_type=attention
models.out_dim=10
dataset.path=/media/egghead/Scratch/joey/simulation_data/patient_one_data.zarr
evaluation.path=/media/egghead/Scratch/joey/simulation_data/patient_two_data.zarr
training.mode=gml_rollout_pure
epochs=5
seed=0
checkpoint.load=True
checkpoint.path=/home/egghead/Thesis/Thesis-NN/ablation_runs/2026-07-27_11-13-35_train_mode/attn_out10_rollout5_gml5_phase1/0/hydra-test.pth    avg_loss: -60.988212585449  time_per_window : 0.000379   progress : 0.502
name: models.architecture.block_type=attention
models.out_dim=10
dataset.path=/media/egghead/Scratch/joey/simulation_data/patient_one_data.zarr
evaluation.path=/media/egghead/Scratch/joey/simulation_data/patient_two_data.zarr
training.mode=gml_rollout_pure
epochs=5
seed=0
checkpoint.load=True
checkpoint.path=/home/egghead/Thesis/Thesis-NN/ablation_runs/2026-07-27_11-13-35_train_mode/attn_out10_rollout5_gml5_phase1/0/hydra-test.pth    avg_loss: -59.827907562256  time_per_window : 0.000371   progress : 0.513
name: models.architecture.block_type=attention
models.out_dim=10
dataset.path=/media/egghead/Scratch/joey/simulation_data/patient_one_data.zarr
evaluation.path=/media/egghead/Scratch/joey/simulation_data/patient_two_data.zarr
training.mode=gml_rollout_pure
epochs=5
seed=0
checkpoint.load=True
checkpoint.path=/home/egghead/Thesis/Thesis-NN/ablation_runs/2026-07-27_11-13-35_train_mode/attn_out10_rollout5_gml5_phase1/0/hydra-test.pth    avg_loss: -56.925426483154  time_per_window : 0.000352   progress : 0.524
name: models.architecture.block_type=attention
models.out_dim=10
dataset.path=/media/egghead/Scratch/joey/simulation_data/patient_one_data.zarr
evaluation.path=/media/egghead/Scratch/joey/simulation_data/patient_two_data.zarr
training.mode=gml_rollout_pure
epochs=5
seed=0
checkpoint.load=True
checkpoint.path=/home/egghead/Thesis/Thesis-NN/ablation_runs/2026-07-27_11-13-35_train_mode/attn_out10_rollout5_gml5_phase1/0/hydra-test.pth    avg_loss: -60.401603698730  time_per_window : 0.000380   progress : 0.535
name: models.architecture.block_type=attention
models.out_dim=10
dataset.path=/media/egghead/Scratch/joey/simulation_data/patient_one_data.zarr
evaluation.path=/media/egghead/Scratch/joey/simulation_data/patient_two_data.zarr
training.mode=gml_rollout_pure
epochs=5
seed=0
checkpoint.load=True
checkpoint.path=/home/egghead/Thesis/Thesis-NN/ablation_runs/2026-07-27_11-13-35_train_mode/attn_out10_rollout5_gml5_phase1/0/hydra-test.pth    avg_loss: -56.799892425537  time_per_window : 0.000327   progress : 0.546
name: models.architecture.block_type=attention
models.out_dim=10
dataset.path=/media/egghead/Scratch/joey/simulation_data/patient_one_data.zarr
evaluation.path=/media/egghead/Scratch/joey/simulation_data/patient_two_data.zarr
training.mode=gml_rollout_pure
epochs=5
seed=0
checkpoint.load=True
checkpoint.path=/home/egghead/Thesis/Thesis-NN/ablation_runs/2026-07-27_11-13-35_train_mode/attn_out10_rollout5_gml5_phase1/0/hydra-test.pth    avg_loss: -52.087722778320  time_per_window : 0.000346   progress : 0.557
name: models.architecture.block_type=attention
models.out_dim=10
dataset.path=/media/egghead/Scratch/joey/simulation_data/patient_one_data.zarr
evaluation.path=/media/egghead/Scratch/joey/simulation_data/patient_two_data.zarr
training.mode=gml_rollout_pure
epochs=5
seed=0
checkpoint.load=True
checkpoint.path=/home/egghead/Thesis/Thesis-NN/ablation_runs/2026-07-27_11-13-35_train_mode/attn_out10_rollout5_gml5_phase1/0/hydra-test.pth    avg_loss: -55.434608459473  time_per_window : 0.000327   progress : 0.568
name: models.architecture.block_type=attention
models.out_dim=10
dataset.path=/media/egghead/Scratch/joey/simulation_data/patient_one_data.zarr
evaluation.path=/media/egghead/Scratch/joey/simulation_data/patient_two_data.zarr
training.mode=gml_rollout_pure
epochs=5
seed=0
checkpoint.load=True
checkpoint.path=/home/egghead/Thesis/Thesis-NN/ablation_runs/2026-07-27_11-13-35_train_mode/attn_out10_rollout5_gml5_phase1/0/hydra-test.pth    avg_loss: -61.678215026855  time_per_window : 0.000382   progress : 0.579
name: models.architecture.block_type=attention
models.out_dim=10
dataset.path=/media/egghead/Scratch/joey/simulation_data/patient_one_data.zarr
evaluation.path=/media/egghead/Scratch/joey/simulation_data/patient_two_data.zarr
training.mode=gml_rollout_pure
epochs=5
seed=0
checkpoint.load=True
checkpoint.path=/home/egghead/Thesis/Thesis-NN/ablation_runs/2026-07-27_11-13-35_train_mode/attn_out10_rollout5_gml5_phase1/0/hydra-test.pth    avg_loss: -58.918087005615  time_per_window : 0.000343   progress : 0.590
name: models.architecture.block_type=attention
models.out_dim=10
dataset.path=/media/egghead/Scratch/joey/simulation_data/patient_one_data.zarr
evaluation.path=/media/egghead/Scratch/joey/simulation_data/patient_two_data.zarr
training.mode=gml_rollout_pure
epochs=5
seed=0
checkpoint.load=True
checkpoint.path=/home/egghead/Thesis/Thesis-NN/ablation_runs/2026-07-27_11-13-35_train_mode/attn_out10_rollout5_gml5_phase1/0/hydra-test.pth    avg_loss: -61.785076141357  time_per_window : 0.000329   progress : 0.601
name: models.architecture.block_type=attention
models.out_dim=10
dataset.path=/media/egghead/Scratch/joey/simulation_data/patient_one_data.zarr
evaluation.path=/media/egghead/Scratch/joey/simulation_data/patient_two_data.zarr
training.mode=gml_rollout_pure
epochs=5
seed=0
checkpoint.load=True
checkpoint.path=/home/egghead/Thesis/Thesis-NN/ablation_runs/2026-07-27_11-13-35_train_mode/attn_out10_rollout5_gml5_phase1/0/hydra-test.pth    avg_loss: -59.084342956543  time_per_window : 0.000397   progress : 0.612
name: models.architecture.block_type=attention
models.out_dim=10
dataset.path=/media/egghead/Scratch/joey/simulation_data/patient_one_data.zarr
evaluation.path=/media/egghead/Scratch/joey/simulation_data/patient_two_data.zarr
training.mode=gml_rollout_pure
epochs=5
seed=0
checkpoint.load=True
checkpoint.path=/home/egghead/Thesis/Thesis-NN/ablation_runs/2026-07-27_11-13-35_train_mode/attn_out10_rollout5_gml5_phase1/0/hydra-test.pth    avg_loss: -59.923862457275  time_per_window : 0.000341   progress : 0.623
name: models.architecture.block_type=attention
models.out_dim=10
dataset.path=/media/egghead/Scratch/joey/simulation_data/patient_one_data.zarr
evaluation.path=/media/egghead/Scratch/joey/simulation_data/patient_two_data.zarr
training.mode=gml_rollout_pure
epochs=5
seed=0
checkpoint.load=True
checkpoint.path=/home/egghead/Thesis/Thesis-NN/ablation_runs/2026-07-27_11-13-35_train_mode/attn_out10_rollout5_gml5_phase1/0/hydra-test.pth    avg_loss: -47.051158905029  time_per_window : 0.000331   progress : 0.634
name: models.architecture.block_type=attention
models.out_dim=10
dataset.path=/media/egghead/Scratch/joey/simulation_data/patient_one_data.zarr
evaluation.path=/media/egghead/Scratch/joey/simulation_data/patient_two_data.zarr
training.mode=gml_rollout_pure
epochs=5
seed=0
checkpoint.load=True
checkpoint.path=/home/egghead/Thesis/Thesis-NN/ablation_runs/2026-07-27_11-13-35_train_mode/attn_out10_rollout5_gml5_phase1/0/hydra-test.pth    avg_loss: -59.188262939453  time_per_window : 0.000381   progress : 0.644
name: models.architecture.block_type=attention
models.out_dim=10
dataset.path=/media/egghead/Scratch/joey/simulation_data/patient_one_data.zarr
evaluation.path=/media/egghead/Scratch/joey/simulation_data/patient_two_data.zarr
training.mode=gml_rollout_pure
epochs=5
seed=0
checkpoint.load=True
checkpoint.path=/home/egghead/Thesis/Thesis-NN/ablation_runs/2026-07-27_11-13-35_train_mode/attn_out10_rollout5_gml5_phase1/0/hydra-test.pth    avg_loss: -56.313976287842  time_per_window : 0.000367   progress : 0.655
name: models.architecture.block_type=attention
models.out_dim=10
dataset.path=/media/egghead/Scratch/joey/simulation_data/patient_one_data.zarr
evaluation.path=/media/egghead/Scratch/joey/simulation_data/patient_two_data.zarr
training.mode=gml_rollout_pure
epochs=5
seed=0
checkpoint.load=True
checkpoint.path=/home/egghead/Thesis/Thesis-NN/ablation_runs/2026-07-27_11-13-35_train_mode/attn_out10_rollout5_gml5_phase1/0/hydra-test.pth    avg_loss: -54.150970458984  time_per_window : 0.000326   progress : 0.666
name: models.architecture.block_type=attention
models.out_dim=10
dataset.path=/media/egghead/Scratch/joey/simulation_data/patient_one_data.zarr
evaluation.path=/media/egghead/Scratch/joey/simulation_data/patient_two_data.zarr
training.mode=gml_rollout_pure
epochs=5
seed=0
checkpoint.load=True
checkpoint.path=/home/egghead/Thesis/Thesis-NN/ablation_runs/2026-07-27_11-13-35_train_mode/attn_out10_rollout5_gml5_phase1/0/hydra-test.pth    avg_loss: -56.039768218994  time_per_window : 0.000341   progress : 0.677
name: models.architecture.block_type=attention
models.out_dim=10
dataset.path=/media/egghead/Scratch/joey/simulation_data/patient_one_data.zarr
evaluation.path=/media/egghead/Scratch/joey/simulation_data/patient_two_data.zarr
training.mode=gml_rollout_pure
epochs=5
seed=0
checkpoint.load=True
checkpoint.path=/home/egghead/Thesis/Thesis-NN/ablation_runs/2026-07-27_11-13-35_train_mode/attn_out10_rollout5_gml5_phase1/0/hydra-test.pth    avg_loss: -60.365985870361  time_per_window : 0.000396   progress : 0.688
name: models.architecture.block_type=attention
models.out_dim=10
dataset.path=/media/egghead/Scratch/joey/simulation_data/patient_one_data.zarr
evaluation.path=/media/egghead/Scratch/joey/simulation_data/patient_two_data.zarr
training.mode=gml_rollout_pure
epochs=5
seed=0
checkpoint.load=True
checkpoint.path=/home/egghead/Thesis/Thesis-NN/ablation_runs/2026-07-27_11-13-35_train_mode/attn_out10_rollout5_gml5_phase1/0/hydra-test.pth    avg_loss: -56.798305511475  time_per_window : 0.000376   progress : 0.699
name: models.architecture.block_type=attention
models.out_dim=10
dataset.path=/media/egghead/Scratch/joey/simulation_data/patient_one_data.zarr
evaluation.path=/media/egghead/Scratch/joey/simulation_data/patient_two_data.zarr
training.mode=gml_rollout_pure
epochs=5
seed=0
checkpoint.load=True
checkpoint.path=/home/egghead/Thesis/Thesis-NN/ablation_runs/2026-07-27_11-13-35_train_mode/attn_out10_rollout5_gml5_phase1/0/hydra-test.pth    avg_loss: -57.696498870850  time_per_window : 0.000329   progress : 0.710
name: models.architecture.block_type=attention
models.out_dim=10
dataset.path=/media/egghead/Scratch/joey/simulation_data/patient_one_data.zarr
evaluation.path=/media/egghead/Scratch/joey/simulation_data/patient_two_data.zarr
training.mode=gml_rollout_pure
epochs=5
seed=0
checkpoint.load=True
checkpoint.path=/home/egghead/Thesis/Thesis-NN/ablation_runs/2026-07-27_11-13-35_train_mode/attn_out10_rollout5_gml5_phase1/0/hydra-test.pth    avg_loss: -58.176158905029  time_per_window : 0.000386   progress : 0.721
name: models.architecture.block_type=attention
models.out_dim=10
dataset.path=/media/egghead/Scratch/joey/simulation_data/patient_one_data.zarr
evaluation.path=/media/egghead/Scratch/joey/simulation_data/patient_two_data.zarr
training.mode=gml_rollout_pure
epochs=5
seed=0
checkpoint.load=True
checkpoint.path=/home/egghead/Thesis/Thesis-NN/ablation_runs/2026-07-27_11-13-35_train_mode/attn_out10_rollout5_gml5_phase1/0/hydra-test.pth    avg_loss: -59.678466796875  time_per_window : 0.000371   progress : 0.732
name: models.architecture.block_type=attention
models.out_dim=10
dataset.path=/media/egghead/Scratch/joey/simulation_data/patient_one_data.zarr
evaluation.path=/media/egghead/Scratch/joey/simulation_data/patient_two_data.zarr
training.mode=gml_rollout_pure
epochs=5
seed=0
checkpoint.load=True
checkpoint.path=/home/egghead/Thesis/Thesis-NN/ablation_runs/2026-07-27_11-13-35_train_mode/attn_out10_rollout5_gml5_phase1/0/hydra-test.pth    avg_loss: -62.557800292969  time_per_window : 0.000399   progress : 0.743
name: models.architecture.block_type=attention
models.out_dim=10
dataset.path=/media/egghead/Scratch/joey/simulation_data/patient_one_data.zarr
evaluation.path=/media/egghead/Scratch/joey/simulation_data/patient_two_data.zarr
training.mode=gml_rollout_pure
epochs=5
seed=0
checkpoint.load=True
checkpoint.path=/home/egghead/Thesis/Thesis-NN/ablation_runs/2026-07-27_11-13-35_train_mode/attn_out10_rollout5_gml5_phase1/0/hydra-test.pth    avg_loss: -61.629608154297  time_per_window : 0.000405   progress : 0.754
name: models.architecture.block_type=attention
models.out_dim=10
dataset.path=/media/egghead/Scratch/joey/simulation_data/patient_one_data.zarr
evaluation.path=/media/egghead/Scratch/joey/simulation_data/patient_two_data.zarr
training.mode=gml_rollout_pure
epochs=5
seed=0
checkpoint.load=True
checkpoint.path=/home/egghead/Thesis/Thesis-NN/ablation_runs/2026-07-27_11-13-35_train_mode/attn_out10_rollout5_gml5_phase1/0/hydra-test.pth    avg_loss: -58.153911590576  time_per_window : 0.000383   progress : 0.765
name: models.architecture.block_type=attention
models.out_dim=10
dataset.path=/media/egghead/Scratch/joey/simulation_data/patient_one_data.zarr
evaluation.path=/media/egghead/Scratch/joey/simulation_data/patient_two_data.zarr
training.mode=gml_rollout_pure
epochs=5
seed=0
checkpoint.load=True
checkpoint.path=/home/egghead/Thesis/Thesis-NN/ablation_runs/2026-07-27_11-13-35_train_mode/attn_out10_rollout5_gml5_phase1/0/hydra-test.pth    avg_loss: -59.037895202637  time_per_window : 0.000344   progress : 0.775
name: models.architecture.block_type=attention
models.out_dim=10
dataset.path=/media/egghead/Scratch/joey/simulation_data/patient_one_data.zarr
evaluation.path=/media/egghead/Scratch/joey/simulation_data/patient_two_data.zarr
training.mode=gml_rollout_pure
epochs=5
seed=0
checkpoint.load=True
checkpoint.path=/home/egghead/Thesis/Thesis-NN/ablation_runs/2026-07-27_11-13-35_train_mode/attn_out10_rollout5_gml5_phase1/0/hydra-test.pth    avg_loss: -57.693943023682  time_per_window : 0.000360   progress : 0.786
name: models.architecture.block_type=attention
models.out_dim=10
dataset.path=/media/egghead/Scratch/joey/simulation_data/patient_one_data.zarr
evaluation.path=/media/egghead/Scratch/joey/simulation_data/patient_two_data.zarr
training.mode=gml_rollout_pure
epochs=5
seed=0
checkpoint.load=True
checkpoint.path=/home/egghead/Thesis/Thesis-NN/ablation_runs/2026-07-27_11-13-35_train_mode/attn_out10_rollout5_gml5_phase1/0/hydra-test.pth    avg_loss: -61.826160430908  time_per_window : 0.000330   progress : 0.797
name: models.architecture.block_type=attention
models.out_dim=10
dataset.path=/media/egghead/Scratch/joey/simulation_data/patient_one_data.zarr
evaluation.path=/media/egghead/Scratch/joey/simulation_data/patient_two_data.zarr
training.mode=gml_rollout_pure
epochs=5
seed=0
checkpoint.load=True
checkpoint.path=/home/egghead/Thesis/Thesis-NN/ablation_runs/2026-07-27_11-13-35_train_mode/attn_out10_rollout5_gml5_phase1/0/hydra-test.pth    avg_loss: -58.001155853271  time_per_window : 0.000359   progress : 0.808
name: models.architecture.block_type=attention
models.out_dim=10
dataset.path=/media/egghead/Scratch/joey/simulation_data/patient_one_data.zarr
evaluation.path=/media/egghead/Scratch/joey/simulation_data/patient_two_data.zarr
training.mode=gml_rollout_pure
epochs=5
seed=0
checkpoint.load=True
checkpoint.path=/home/egghead/Thesis/Thesis-NN/ablation_runs/2026-07-27_11-13-35_train_mode/attn_out10_rollout5_gml5_phase1/0/hydra-test.pth    avg_loss: -41.872241973877  time_per_window : 0.000350   progress : 0.819
name: models.architecture.block_type=attention
models.out_dim=10
dataset.path=/media/egghead/Scratch/joey/simulation_data/patient_one_data.zarr
evaluation.path=/media/egghead/Scratch/joey/simulation_data/patient_two_data.zarr
training.mode=gml_rollout_pure
epochs=5
seed=0
checkpoint.load=True
checkpoint.path=/home/egghead/Thesis/Thesis-NN/ablation_runs/2026-07-27_11-13-35_train_mode/attn_out10_rollout5_gml5_phase1/0/hydra-test.pth    avg_loss: -52.570575714111  time_per_window : 0.000339   progress : 0.830
name: models.architecture.block_type=attention
models.out_dim=10
dataset.path=/media/egghead/Scratch/joey/simulation_data/patient_one_data.zarr
evaluation.path=/media/egghead/Scratch/joey/simulation_data/patient_two_data.zarr
training.mode=gml_rollout_pure
epochs=5
seed=0
checkpoint.load=True
checkpoint.path=/home/egghead/Thesis/Thesis-NN/ablation_runs/2026-07-27_11-13-35_train_mode/attn_out10_rollout5_gml5_phase1/0/hydra-test.pth    avg_loss: -58.827846527100  time_per_window : 0.000334   progress : 0.841
name: models.architecture.block_type=attention
models.out_dim=10
dataset.path=/media/egghead/Scratch/joey/simulation_data/patient_one_data.zarr
evaluation.path=/media/egghead/Scratch/joey/simulation_data/patient_two_data.zarr
training.mode=gml_rollout_pure
epochs=5
seed=0
checkpoint.load=True
checkpoint.path=/home/egghead/Thesis/Thesis-NN/ablation_runs/2026-07-27_11-13-35_train_mode/attn_out10_rollout5_gml5_phase1/0/hydra-test.pth    avg_loss: -60.031532287598  time_per_window : 0.000354   progress : 0.852
name: models.architecture.block_type=attention
models.out_dim=10
dataset.path=/media/egghead/Scratch/joey/simulation_data/patient_one_data.zarr
evaluation.path=/media/egghead/Scratch/joey/simulation_data/patient_two_data.zarr
training.mode=gml_rollout_pure
epochs=5
seed=0
checkpoint.load=True
checkpoint.path=/home/egghead/Thesis/Thesis-NN/ablation_runs/2026-07-27_11-13-35_train_mode/attn_out10_rollout5_gml5_phase1/0/hydra-test.pth    avg_loss: -56.313556671143  time_per_window : 0.000371   progress : 0.863
name: models.architecture.block_type=attention
models.out_dim=10
dataset.path=/media/egghead/Scratch/joey/simulation_data/patient_one_data.zarr
evaluation.path=/media/egghead/Scratch/joey/simulation_data/patient_two_data.zarr
training.mode=gml_rollout_pure
epochs=5
seed=0
checkpoint.load=True
checkpoint.path=/home/egghead/Thesis/Thesis-NN/ablation_runs/2026-07-27_11-13-35_train_mode/attn_out10_rollout5_gml5_phase1/0/hydra-test.pth    avg_loss: -61.081951141357  time_per_window : 0.000355   progress : 0.874
name: models.architecture.block_type=attention
models.out_dim=10
dataset.path=/media/egghead/Scratch/joey/simulation_data/patient_one_data.zarr
evaluation.path=/media/egghead/Scratch/joey/simulation_data/patient_two_data.zarr
training.mode=gml_rollout_pure
epochs=5
seed=0
checkpoint.load=True
checkpoint.path=/home/egghead/Thesis/Thesis-NN/ablation_runs/2026-07-27_11-13-35_train_mode/attn_out10_rollout5_gml5_phase1/0/hydra-test.pth    avg_loss: -55.848491668701  time_per_window : 0.000331   progress : 0.885
name: models.architecture.block_type=attention
models.out_dim=10
dataset.path=/media/egghead/Scratch/joey/simulation_data/patient_one_data.zarr
evaluation.path=/media/egghead/Scratch/joey/simulation_data/patient_two_data.zarr
training.mode=gml_rollout_pure
epochs=5
seed=0
checkpoint.load=True
checkpoint.path=/home/egghead/Thesis/Thesis-NN/ablation_runs/2026-07-27_11-13-35_train_mode/attn_out10_rollout5_gml5_phase1/0/hydra-test.pth    avg_loss: -61.051704406738  time_per_window : 0.000357   progress : 0.896
name: models.architecture.block_type=attention
models.out_dim=10
dataset.path=/media/egghead/Scratch/joey/simulation_data/patient_one_data.zarr
evaluation.path=/media/egghead/Scratch/joey/simulation_data/patient_two_data.zarr
training.mode=gml_rollout_pure
epochs=5
seed=0
checkpoint.load=True
checkpoint.path=/home/egghead/Thesis/Thesis-NN/ablation_runs/2026-07-27_11-13-35_train_mode/attn_out10_rollout5_gml5_phase1/0/hydra-test.pth    avg_loss: -54.825065612793  time_per_window : 0.000364   progress : 0.907
name: models.architecture.block_type=attention
models.out_dim=10
dataset.path=/media/egghead/Scratch/joey/simulation_data/patient_one_data.zarr
evaluation.path=/media/egghead/Scratch/joey/simulation_data/patient_two_data.zarr
training.mode=gml_rollout_pure
epochs=5
seed=0
checkpoint.load=True
checkpoint.path=/home/egghead/Thesis/Thesis-NN/ablation_runs/2026-07-27_11-13-35_train_mode/attn_out10_rollout5_gml5_phase1/0/hydra-test.pth    avg_loss: -60.468143463135  time_per_window : 0.000370   progress : 0.917
name: models.architecture.block_type=attention
models.out_dim=10
dataset.path=/media/egghead/Scratch/joey/simulation_data/patient_one_data.zarr
evaluation.path=/media/egghead/Scratch/joey/simulation_data/patient_two_data.zarr
training.mode=gml_rollout_pure
epochs=5
seed=0
checkpoint.load=True
checkpoint.path=/home/egghead/Thesis/Thesis-NN/ablation_runs/2026-07-27_11-13-35_train_mode/attn_out10_rollout5_gml5_phase1/0/hydra-test.pth    avg_loss: -61.585597991943  time_per_window : 0.000328   progress : 0.928
name: models.architecture.block_type=attention
models.out_dim=10
dataset.path=/media/egghead/Scratch/joey/simulation_data/patient_one_data.zarr
evaluation.path=/media/egghead/Scratch/joey/simulation_data/patient_two_data.zarr
training.mode=gml_rollout_pure
epochs=5
seed=0
checkpoint.load=True
checkpoint.path=/home/egghead/Thesis/Thesis-NN/ablation_runs/2026-07-27_11-13-35_train_mode/attn_out10_rollout5_gml5_phase1/0/hydra-test.pth    avg_loss: -60.108177185059  time_per_window : 0.000365   progress : 0.939
name: models.architecture.block_type=attention
models.out_dim=10
dataset.path=/media/egghead/Scratch/joey/simulation_data/patient_one_data.zarr
evaluation.path=/media/egghead/Scratch/joey/simulation_data/patient_two_data.zarr
training.mode=gml_rollout_pure
epochs=5
seed=0
checkpoint.load=True
checkpoint.path=/home/egghead/Thesis/Thesis-NN/ablation_runs/2026-07-27_11-13-35_train_mode/attn_out10_rollout5_gml5_phase1/0/hydra-test.pth    avg_loss: -61.178802490234  time_per_window : 0.000379   progress : 0.950
name: models.architecture.block_type=attention
models.out_dim=10
dataset.path=/media/egghead/Scratch/joey/simulation_data/patient_one_data.zarr
evaluation.path=/media/egghead/Scratch/joey/simulation_data/patient_two_data.zarr
training.mode=gml_rollout_pure
epochs=5
seed=0
checkpoint.load=True
checkpoint.path=/home/egghead/Thesis/Thesis-NN/ablation_runs/2026-07-27_11-13-35_train_mode/attn_out10_rollout5_gml5_phase1/0/hydra-test.pth    avg_loss: -58.556865692139  time_per_window : 0.000338   progress : 0.961
name: models.architecture.block_type=attention
models.out_dim=10
dataset.path=/media/egghead/Scratch/joey/simulation_data/patient_one_data.zarr
evaluation.path=/media/egghead/Scratch/joey/simulation_data/patient_two_data.zarr
training.mode=gml_rollout_pure
epochs=5
seed=0
checkpoint.load=True
checkpoint.path=/home/egghead/Thesis/Thesis-NN/ablation_runs/2026-07-27_11-13-35_train_mode/attn_out10_rollout5_gml5_phase1/0/hydra-test.pth    avg_loss: -60.356803894043  time_per_window : 0.000355   progress : 0.972
name: models.architecture.block_type=attention
models.out_dim=10
dataset.path=/media/egghead/Scratch/joey/simulation_data/patient_one_data.zarr
evaluation.path=/media/egghead/Scratch/joey/simulation_data/patient_two_data.zarr
training.mode=gml_rollout_pure
epochs=5
seed=0
checkpoint.load=True
checkpoint.path=/home/egghead/Thesis/Thesis-NN/ablation_runs/2026-07-27_11-13-35_train_mode/attn_out10_rollout5_gml5_phase1/0/hydra-test.pth    avg_loss: -58.823291778564  time_per_window : 0.000359   progress : 0.983
name: models.architecture.block_type=attention
models.out_dim=10
dataset.path=/media/egghead/Scratch/joey/simulation_data/patient_one_data.zarr
evaluation.path=/media/egghead/Scratch/joey/simulation_data/patient_two_data.zarr
training.mode=gml_rollout_pure
epochs=5
seed=0
checkpoint.load=True
checkpoint.path=/home/egghead/Thesis/Thesis-NN/ablation_runs/2026-07-27_11-13-35_train_mode/attn_out10_rollout5_gml5_phase1/0/hydra-test.pth    avg_loss: -52.230110168457  time_per_window : 0.000376   progress : 0.994
name: models.architecture.block_type=attention
models.out_dim=10
dataset.path=/media/egghead/Scratch/joey/simulation_data/patient_one_data.zarr
evaluation.path=/media/egghead/Scratch/joey/simulation_data/patient_two_data.zarr
training.mode=gml_rollout_pure
epochs=5
seed=0
checkpoint.load=True
checkpoint.path=/home/egghead/Thesis/Thesis-NN/ablation_runs/2026-07-27_11-13-35_train_mode/attn_out10_rollout5_gml5_phase1/0/hydra-test.pth    avg_loss: 443.031158447266  time_per_window : 0.000319   progress : 0.011
name: models.architecture.block_type=attention
models.out_dim=10
dataset.path=/media/egghead/Scratch/joey/simulation_data/patient_one_data.zarr
evaluation.path=/media/egghead/Scratch/joey/simulation_data/patient_two_data.zarr
training.mode=gml_rollout_pure
epochs=5
seed=0
checkpoint.load=True
checkpoint.path=/home/egghead/Thesis/Thesis-NN/ablation_runs/2026-07-27_11-13-35_train_mode/attn_out10_rollout5_gml5_phase1/0/hydra-test.pth    avg_loss: -10.881363868713  time_per_window : 0.000318   progress : 0.022
name: models.architecture.block_type=attention
models.out_dim=10
dataset.path=/media/egghead/Scratch/joey/simulation_data/patient_one_data.zarr
evaluation.path=/media/egghead/Scratch/joey/simulation_data/patient_two_data.zarr
training.mode=gml_rollout_pure
epochs=5
seed=0
checkpoint.load=True
checkpoint.path=/home/egghead/Thesis/Thesis-NN/ablation_runs/2026-07-27_11-13-35_train_mode/attn_out10_rollout5_gml5_phase1/0/hydra-test.pth    avg_loss: -13.276809692383  time_per_window : 0.000362   progress : 0.033
name: models.architecture.block_type=attention
models.out_dim=10
dataset.path=/media/egghead/Scratch/joey/simulation_data/patient_one_data.zarr
evaluation.path=/media/egghead/Scratch/joey/simulation_data/patient_two_data.zarr
training.mode=gml_rollout_pure
epochs=5
seed=0
checkpoint.load=True
checkpoint.path=/home/egghead/Thesis/Thesis-NN/ablation_runs/2026-07-27_11-13-35_train_mode/attn_out10_rollout5_gml5_phase1/0/hydra-test.pth    avg_loss: -15.364045143127  time_per_window : 0.000311   progress : 0.044
name: models.architecture.block_type=attention
models.out_dim=10
dataset.path=/media/egghead/Scratch/joey/simulation_data/patient_one_data.zarr
evaluation.path=/media/egghead/Scratch/joey/simulation_data/patient_two_data.zarr
training.mode=gml_rollout_pure
epochs=5
seed=0
checkpoint.load=True
checkpoint.path=/home/egghead/Thesis/Thesis-NN/ablation_runs/2026-07-27_11-13-35_train_mode/attn_out10_rollout5_gml5_phase1/0/hydra-test.pth    avg_loss: -17.555570602417  time_per_window : 0.000348   progress : 0.055
name: models.architecture.block_type=attention
models.out_dim=10
dataset.path=/media/egghead/Scratch/joey/simulation_data/patient_one_data.zarr
evaluation.path=/media/egghead/Scratch/joey/simulation_data/patient_two_data.zarr
training.mode=gml_rollout_pure
epochs=5
seed=0
checkpoint.load=True
checkpoint.path=/home/egghead/Thesis/Thesis-NN/ablation_runs/2026-07-27_11-13-35_train_mode/attn_out10_rollout5_gml5_phase1/0/hydra-test.pth    avg_loss: -19.693370819092  time_per_window : 0.000347   progress : 0.066
name: models.architecture.block_type=attention
models.out_dim=10
dataset.path=/media/egghead/Scratch/joey/simulation_data/patient_one_data.zarr
evaluation.path=/media/egghead/Scratch/joey/simulation_data/patient_two_data.zarr
training.mode=gml_rollout_pure
epochs=5
seed=0
checkpoint.load=True
checkpoint.path=/home/egghead/Thesis/Thesis-NN/ablation_runs/2026-07-27_11-13-35_train_mode/attn_out10_rollout5_gml5_phase1/0/hydra-test.pth    avg_loss: -21.918972015381  time_per_window : 0.000325   progress : 0.076
name: models.architecture.block_type=attention
models.out_dim=10
dataset.path=/media/egghead/Scratch/joey/simulation_data/patient_one_data.zarr
evaluation.path=/media/egghead/Scratch/joey/simulation_data/patient_two_data.zarr
training.mode=gml_rollout_pure
epochs=5
seed=0
checkpoint.load=True
checkpoint.path=/home/egghead/Thesis/Thesis-NN/ablation_runs/2026-07-27_11-13-35_train_mode/attn_out10_rollout5_gml5_phase1/0/hydra-test.pth    avg_loss: -24.507566452026  time_per_window : 0.000321   progress : 0.087
name: models.architecture.block_type=attention
models.out_dim=10
dataset.path=/media/egghead/Scratch/joey/simulation_data/patient_one_data.zarr
evaluation.path=/media/egghead/Scratch/joey/simulation_data/patient_two_data.zarr
training.mode=gml_rollout_pure
epochs=5
seed=0
checkpoint.load=True
checkpoint.path=/home/egghead/Thesis/Thesis-NN/ablation_runs/2026-07-27_11-13-35_train_mode/attn_out10_rollout5_gml5_phase1/0/hydra-test.pth    avg_loss: -27.565982818604  time_per_window : 0.000336   progress : 0.098
name: models.architecture.block_type=attention
models.out_dim=10
dataset.path=/media/egghead/Scratch/joey/simulation_data/patient_one_data.zarr
evaluation.path=/media/egghead/Scratch/joey/simulation_data/patient_two_data.zarr
training.mode=gml_rollout_pure
epochs=5
seed=0
checkpoint.load=True
checkpoint.path=/home/egghead/Thesis/Thesis-NN/ablation_runs/2026-07-27_11-13-35_train_mode/attn_out10_rollout5_gml5_phase1/0/hydra-test.pth    avg_loss: -29.846979141235  time_per_window : 0.000358   progress : 0.109
name: models.architecture.block_type=attention
models.out_dim=10
dataset.path=/media/egghead/Scratch/joey/simulation_data/patient_one_data.zarr
evaluation.path=/media/egghead/Scratch/joey/simulation_data/patient_two_data.zarr
training.mode=gml_rollout_pure
epochs=5
seed=0
checkpoint.load=True
checkpoint.path=/home/egghead/Thesis/Thesis-NN/ablation_runs/2026-07-27_11-13-35_train_mode/attn_out10_rollout5_gml5_phase1/0/hydra-test.pth    avg_loss: -31.391738891602  time_per_window : 0.000323   progress : 0.120
name: models.architecture.block_type=attention
models.out_dim=10
dataset.path=/media/egghead/Scratch/joey/simulation_data/patient_one_data.zarr
evaluation.path=/media/egghead/Scratch/joey/simulation_data/patient_two_data.zarr
training.mode=gml_rollout_pure
epochs=5
seed=0
checkpoint.load=True
checkpoint.path=/home/egghead/Thesis/Thesis-NN/ablation_runs/2026-07-27_11-13-35_train_mode/attn_out10_rollout5_gml5_phase1/0/hydra-test.pth    avg_loss: -32.702766418457  time_per_window : 0.000336   progress : 0.131
name: models.architecture.block_type=attention
models.out_dim=10
dataset.path=/media/egghead/Scratch/joey/simulation_data/patient_one_data.zarr
evaluation.path=/media/egghead/Scratch/joey/simulation_data/patient_two_data.zarr
training.mode=gml_rollout_pure
epochs=5
seed=0
checkpoint.load=True
checkpoint.path=/home/egghead/Thesis/Thesis-NN/ablation_runs/2026-07-27_11-13-35_train_mode/attn_out10_rollout5_gml5_phase1/0/hydra-test.pth    avg_loss: -33.899307250977  time_per_window : 0.000333   progress : 0.142
name: models.architecture.block_type=attention
models.out_dim=10
dataset.path=/media/egghead/Scratch/joey/simulation_data/patient_one_data.zarr
evaluation.path=/media/egghead/Scratch/joey/simulation_data/patient_two_data.zarr
training.mode=gml_rollout_pure
epochs=5
seed=0
checkpoint.load=True
checkpoint.path=/home/egghead/Thesis/Thesis-NN/ablation_runs/2026-07-27_11-13-35_train_mode/attn_out10_rollout5_gml5_phase1/0/hydra-test.pth    avg_loss: -35.046810150146  time_per_window : 0.000360   progress : 0.153
name: models.architecture.block_type=attention
models.out_dim=10
dataset.path=/media/egghead/Scratch/joey/simulation_data/patient_one_data.zarr
evaluation.path=/media/egghead/Scratch/joey/simulation_data/patient_two_data.zarr
training.mode=gml_rollout_pure
epochs=5
seed=0
checkpoint.load=True
checkpoint.path=/home/egghead/Thesis/Thesis-NN/ablation_runs/2026-07-27_11-13-35_train_mode/attn_out10_rollout5_gml5_phase1/0/hydra-test.pth    avg_loss: -36.186256408691  time_per_window : 0.000338   progress : 0.164
name: models.architecture.block_type=attention
models.out_dim=10
dataset.path=/media/egghead/Scratch/joey/simulation_data/patient_one_data.zarr
evaluation.path=/media/egghead/Scratch/joey/simulation_data/patient_two_data.zarr
training.mode=gml_rollout_pure
epochs=5
seed=0
checkpoint.load=True
checkpoint.path=/home/egghead/Thesis/Thesis-NN/ablation_runs/2026-07-27_11-13-35_train_mode/attn_out10_rollout5_gml5_phase1/0/hydra-test.pth    avg_loss: -37.353240966797  time_per_window : 0.000344   progress : 0.175
name: models.architecture.block_type=attention
models.out_dim=10
dataset.path=/media/egghead/Scratch/joey/simulation_data/patient_one_data.zarr
evaluation.path=/media/egghead/Scratch/joey/simulation_data/patient_two_data.zarr
training.mode=gml_rollout_pure
epochs=5
seed=0
checkpoint.load=True
checkpoint.path=/home/egghead/Thesis/Thesis-NN/ablation_runs/2026-07-27_11-13-35_train_mode/attn_out10_rollout5_gml5_phase1/0/hydra-test.pth    avg_loss: -38.580947875977  time_per_window : 0.000359   progress : 0.186
name: models.architecture.block_type=attention
models.out_dim=10
dataset.path=/media/egghead/Scratch/joey/simulation_data/patient_one_data.zarr
evaluation.path=/media/egghead/Scratch/joey/simulation_data/patient_two_data.zarr
training.mode=gml_rollout_pure
epochs=5
seed=0
checkpoint.load=True
checkpoint.path=/home/egghead/Thesis/Thesis-NN/ablation_runs/2026-07-27_11-13-35_train_mode/attn_out10_rollout5_gml5_phase1/0/hydra-test.pth    avg_loss: -39.888553619385  time_per_window : 0.000358   progress : 0.197
name: models.architecture.block_type=attention
models.out_dim=10
dataset.path=/media/egghead/Scratch/joey/simulation_data/patient_one_data.zarr
evaluation.path=/media/egghead/Scratch/joey/simulation_data/patient_two_data.zarr
training.mode=gml_rollout_pure
epochs=5
seed=0
checkpoint.load=True
checkpoint.path=/home/egghead/Thesis/Thesis-NN/ablation_runs/2026-07-27_11-13-35_train_mode/attn_out10_rollout5_gml5_phase1/0/hydra-test.pth    avg_loss: -41.307418823242  time_per_window : 0.000320   progress : 0.208
name: models.architecture.block_type=attention
models.out_dim=10
dataset.path=/media/egghead/Scratch/joey/simulation_data/patient_one_data.zarr
evaluation.path=/media/egghead/Scratch/joey/simulation_data/patient_two_data.zarr
training.mode=gml_rollout_pure
epochs=5
seed=0
checkpoint.load=True
checkpoint.path=/home/egghead/Thesis/Thesis-NN/ablation_runs/2026-07-27_11-13-35_train_mode/attn_out10_rollout5_gml5_phase1/0/hydra-test.pth    avg_loss: -42.841514587402  time_per_window : 0.000379   progress : 0.218
name: models.architecture.block_type=attention
models.out_dim=10
dataset.path=/media/egghead/Scratch/joey/simulation_data/patient_one_data.zarr
evaluation.path=/media/egghead/Scratch/joey/simulation_data/patient_two_data.zarr
training.mode=gml_rollout_pure
epochs=5
seed=0
checkpoint.load=True
checkpoint.path=/home/egghead/Thesis/Thesis-NN/ablation_runs/2026-07-27_11-13-35_train_mode/attn_out10_rollout5_gml5_phase1/0/hydra-test.pth    avg_loss: -44.507495880127  time_per_window : 0.000365   progress : 0.229
name: models.architecture.block_type=attention
models.out_dim=10
dataset.path=/media/egghead/Scratch/joey/simulation_data/patient_one_data.zarr
evaluation.path=/media/egghead/Scratch/joey/simulation_data/patient_two_data.zarr
training.mode=gml_rollout_pure
epochs=5
seed=0
checkpoint.load=True
checkpoint.path=/home/egghead/Thesis/Thesis-NN/ablation_runs/2026-07-27_11-13-35_train_mode/attn_out10_rollout5_gml5_phase1/0/hydra-test.pth    avg_loss: -46.338375091553  time_per_window : 0.000373   progress : 0.240
name: models.architecture.block_type=attention
models.out_dim=10
dataset.path=/media/egghead/Scratch/joey/simulation_data/patient_one_data.zarr
evaluation.path=/media/egghead/Scratch/joey/simulation_data/patient_two_data.zarr
training.mode=gml_rollout_pure
epochs=5
seed=0
checkpoint.load=True
checkpoint.path=/home/egghead/Thesis/Thesis-NN/ablation_runs/2026-07-27_11-13-35_train_mode/attn_out10_rollout5_gml5_phase1/0/hydra-test.pth    avg_loss: -48.021148681641  time_per_window : 0.000358   progress : 0.251
name: models.architecture.block_type=attention
models.out_dim=10
dataset.path=/media/egghead/Scratch/joey/simulation_data/patient_one_data.zarr
evaluation.path=/media/egghead/Scratch/joey/simulation_data/patient_two_data.zarr
training.mode=gml_rollout_pure
epochs=5
seed=0
checkpoint.load=True
checkpoint.path=/home/egghead/Thesis/Thesis-NN/ablation_runs/2026-07-27_11-13-35_train_mode/attn_out10_rollout5_gml5_phase1/0/hydra-test.pth    avg_loss: -48.961368560791  time_per_window : 0.000369   progress : 0.262
name: models.architecture.block_type=attention
models.out_dim=10
dataset.path=/media/egghead/Scratch/joey/simulation_data/patient_one_data.zarr
evaluation.path=/media/egghead/Scratch/joey/simulation_data/patient_two_data.zarr
training.mode=gml_rollout_pure
epochs=5
seed=0
checkpoint.load=True
checkpoint.path=/home/egghead/Thesis/Thesis-NN/ablation_runs/2026-07-27_11-13-35_train_mode/attn_out10_rollout5_gml5_phase1/0/hydra-test.pth    avg_loss: -49.456153869629  time_per_window : 0.000357   progress : 0.273
name: models.architecture.block_type=attention
models.out_dim=10
dataset.path=/media/egghead/Scratch/joey/simulation_data/patient_one_data.zarr
evaluation.path=/media/egghead/Scratch/joey/simulation_data/patient_two_data.zarr
training.mode=gml_rollout_pure
epochs=5
seed=0
checkpoint.load=True
checkpoint.path=/home/egghead/Thesis/Thesis-NN/ablation_runs/2026-07-27_11-13-35_train_mode/attn_out10_rollout5_gml5_phase1/0/hydra-test.pth    avg_loss: -47.024505615234  time_per_window : 0.000378   progress : 0.284
name: models.architecture.block_type=attention
models.out_dim=10
dataset.path=/media/egghead/Scratch/joey/simulation_data/patient_one_data.zarr
evaluation.path=/media/egghead/Scratch/joey/simulation_data/patient_two_data.zarr
training.mode=gml_rollout_pure
epochs=5
seed=0
checkpoint.load=True
checkpoint.path=/home/egghead/Thesis/Thesis-NN/ablation_runs/2026-07-27_11-13-35_train_mode/attn_out10_rollout5_gml5_phase1/0/hydra-test.pth    avg_loss: -50.784221649170  time_per_window : 0.000342   progress : 0.295
name: models.architecture.block_type=attention
models.out_dim=10
dataset.path=/media/egghead/Scratch/joey/simulation_data/patient_one_data.zarr
evaluation.path=/media/egghead/Scratch/joey/simulation_data/patient_two_data.zarr
training.mode=gml_rollout_pure
epochs=5
seed=0
checkpoint.load=True
checkpoint.path=/home/egghead/Thesis/Thesis-NN/ablation_runs/2026-07-27_11-13-35_train_mode/attn_out10_rollout5_gml5_phase1/0/hydra-test.pth    avg_loss: -51.182086944580  time_per_window : 0.000339   progress : 0.306
name: models.architecture.block_type=attention
models.out_dim=10
dataset.path=/media/egghead/Scratch/joey/simulation_data/patient_one_data.zarr
evaluation.path=/media/egghead/Scratch/joey/simulation_data/patient_two_data.zarr
training.mode=gml_rollout_pure
epochs=5
seed=0
checkpoint.load=True
checkpoint.path=/home/egghead/Thesis/Thesis-NN/ablation_runs/2026-07-27_11-13-35_train_mode/attn_out10_rollout5_gml5_phase1/0/hydra-test.pth    avg_loss: -50.790988922119  time_per_window : 0.000313   progress : 0.317
name: models.architecture.block_type=attention
models.out_dim=10
dataset.path=/media/egghead/Scratch/joey/simulation_data/patient_one_data.zarr
evaluation.path=/media/egghead/Scratch/joey/simulation_data/patient_two_data.zarr
training.mode=gml_rollout_pure
epochs=5
seed=0
checkpoint.load=True
checkpoint.path=/home/egghead/Thesis/Thesis-NN/ablation_runs/2026-07-27_11-13-35_train_mode/attn_out10_rollout5_gml5_phase1/0/hydra-test.pth    avg_loss: -51.878353118896  time_per_window : 0.000329   progress : 0.328
name: models.architecture.block_type=attention
models.out_dim=10
dataset.path=/media/egghead/Scratch/joey/simulation_data/patient_one_data.zarr
evaluation.path=/media/egghead/Scratch/joey/simulation_data/patient_two_data.zarr
training.mode=gml_rollout_pure
epochs=5
seed=0
checkpoint.load=True
checkpoint.path=/home/egghead/Thesis/Thesis-NN/ablation_runs/2026-07-27_11-13-35_train_mode/attn_out10_rollout5_gml5_phase1/0/hydra-test.pth    avg_loss: -51.002151489258  time_per_window : 0.000331   progress : 0.339
name: models.architecture.block_type=attention
models.out_dim=10
dataset.path=/media/egghead/Scratch/joey/simulation_data/patient_one_data.zarr
evaluation.path=/media/egghead/Scratch/joey/simulation_data/patient_two_data.zarr
training.mode=gml_rollout_pure
epochs=5
seed=0
checkpoint.load=True
checkpoint.path=/home/egghead/Thesis/Thesis-NN/ablation_runs/2026-07-27_11-13-35_train_mode/attn_out10_rollout5_gml5_phase1/0/hydra-test.pth    avg_loss: -48.440891265869  time_per_window : 0.000330   progress : 0.350
name: models.architecture.block_type=attention
models.out_dim=10
dataset.path=/media/egghead/Scratch/joey/simulation_data/patient_one_data.zarr
evaluation.path=/media/egghead/Scratch/joey/simulation_data/patient_two_data.zarr
training.mode=gml_rollout_pure
epochs=5
seed=0
checkpoint.load=True
checkpoint.path=/home/egghead/Thesis/Thesis-NN/ablation_runs/2026-07-27_11-13-35_train_mode/attn_out10_rollout5_gml5_phase1/0/hydra-test.pth    avg_loss: -53.738227844238  time_per_window : 0.000357   progress : 0.360
name: models.architecture.block_type=attention
models.out_dim=10
dataset.path=/media/egghead/Scratch/joey/simulation_data/patient_one_data.zarr
evaluation.path=/media/egghead/Scratch/joey/simulation_data/patient_two_data.zarr
training.mode=gml_rollout_pure
epochs=5
seed=0
checkpoint.load=True
checkpoint.path=/home/egghead/Thesis/Thesis-NN/ablation_runs/2026-07-27_11-13-35_train_mode/attn_out10_rollout5_gml5_phase1/0/hydra-test.pth    avg_loss: -53.910022735596  time_per_window : 0.000394   progress : 0.371
name: models.architecture.block_type=attention
models.out_dim=10
dataset.path=/media/egghead/Scratch/joey/simulation_data/patient_one_data.zarr
evaluation.path=/media/egghead/Scratch/joey/simulation_data/patient_two_data.zarr
training.mode=gml_rollout_pure
epochs=5
seed=0
checkpoint.load=True
checkpoint.path=/home/egghead/Thesis/Thesis-NN/ablation_runs/2026-07-27_11-13-35_train_mode/attn_out10_rollout5_gml5_phase1/0/hydra-test.pth    avg_loss: -50.924976348877  time_per_window : 0.000359   progress : 0.382
name: models.architecture.block_type=attention
models.out_dim=10
dataset.path=/media/egghead/Scratch/joey/simulation_data/patient_one_data.zarr
evaluation.path=/media/egghead/Scratch/joey/simulation_data/patient_two_data.zarr
training.mode=gml_rollout_pure
epochs=5
seed=0
checkpoint.load=True
checkpoint.path=/home/egghead/Thesis/Thesis-NN/ablation_runs/2026-07-27_11-13-35_train_mode/attn_out10_rollout5_gml5_phase1/0/hydra-test.pth    avg_loss: -53.051952362061  time_per_window : 0.000329   progress : 0.393
name: models.architecture.block_type=attention
models.out_dim=10
dataset.path=/media/egghead/Scratch/joey/simulation_data/patient_one_data.zarr
evaluation.path=/media/egghead/Scratch/joey/simulation_data/patient_two_data.zarr
training.mode=gml_rollout_pure
epochs=5
seed=0
checkpoint.load=True
checkpoint.path=/home/egghead/Thesis/Thesis-NN/ablation_runs/2026-07-27_11-13-35_train_mode/attn_out10_rollout5_gml5_phase1/0/hydra-test.pth    avg_loss: -54.921730041504  time_per_window : 0.000334   progress : 0.404
name: models.architecture.block_type=attention
models.out_dim=10
dataset.path=/media/egghead/Scratch/joey/simulation_data/patient_one_data.zarr
evaluation.path=/media/egghead/Scratch/joey/simulation_data/patient_two_data.zarr
training.mode=gml_rollout_pure
epochs=5
seed=0
checkpoint.load=True
checkpoint.path=/home/egghead/Thesis/Thesis-NN/ablation_runs/2026-07-27_11-13-35_train_mode/attn_out10_rollout5_gml5_phase1/0/hydra-test.pth    avg_loss: -53.732139587402  time_per_window : 0.000343   progress : 0.415
name: models.architecture.block_type=attention
models.out_dim=10
dataset.path=/media/egghead/Scratch/joey/simulation_data/patient_one_data.zarr
evaluation.path=/media/egghead/Scratch/joey/simulation_data/patient_two_data.zarr
training.mode=gml_rollout_pure
epochs=5
seed=0
checkpoint.load=True
checkpoint.path=/home/egghead/Thesis/Thesis-NN/ablation_runs/2026-07-27_11-13-35_train_mode/attn_out10_rollout5_gml5_phase1/0/hydra-test.pth    avg_loss: -52.389923095703  time_per_window : 0.000396   progress : 0.426
name: models.architecture.block_type=attention
models.out_dim=10
dataset.path=/media/egghead/Scratch/joey/simulation_data/patient_one_data.zarr
evaluation.path=/media/egghead/Scratch/joey/simulation_data/patient_two_data.zarr
training.mode=gml_rollout_pure
epochs=5
seed=0
checkpoint.load=True
checkpoint.path=/home/egghead/Thesis/Thesis-NN/ablation_runs/2026-07-27_11-13-35_train_mode/attn_out10_rollout5_gml5_phase1/0/hydra-test.pth    avg_loss: -53.779712677002  time_per_window : 0.000329   progress : 0.437
name: models.architecture.block_type=attention
models.out_dim=10
dataset.path=/media/egghead/Scratch/joey/simulation_data/patient_one_data.zarr
evaluation.path=/media/egghead/Scratch/joey/simulation_data/patient_two_data.zarr
training.mode=gml_rollout_pure
epochs=5
seed=0
checkpoint.load=True
checkpoint.path=/home/egghead/Thesis/Thesis-NN/ablation_runs/2026-07-27_11-13-35_train_mode/attn_out10_rollout5_gml5_phase1/0/hydra-test.pth    avg_loss: -53.476882934570  time_per_window : 0.000360   progress : 0.448
name: models.architecture.block_type=attention
models.out_dim=10
dataset.path=/media/egghead/Scratch/joey/simulation_data/patient_one_data.zarr
evaluation.path=/media/egghead/Scratch/joey/simulation_data/patient_two_data.zarr
training.mode=gml_rollout_pure
epochs=5
seed=0
checkpoint.load=True
checkpoint.path=/home/egghead/Thesis/Thesis-NN/ablation_runs/2026-07-27_11-13-35_train_mode/attn_out10_rollout5_gml5_phase1/0/hydra-test.pth    avg_loss: -55.184505462646  time_per_window : 0.000363   progress : 0.459
name: models.architecture.block_type=attention
models.out_dim=10
dataset.path=/media/egghead/Scratch/joey/simulation_data/patient_one_data.zarr
evaluation.path=/media/egghead/Scratch/joey/simulation_data/patient_two_data.zarr
training.mode=gml_rollout_pure
epochs=5
seed=0
checkpoint.load=True
checkpoint.path=/home/egghead/Thesis/Thesis-NN/ablation_runs/2026-07-27_11-13-35_train_mode/attn_out10_rollout5_gml5_phase1/0/hydra-test.pth    avg_loss: -54.352340698242  time_per_window : 0.000380   progress : 0.470
name: models.architecture.block_type=attention
models.out_dim=10
dataset.path=/media/egghead/Scratch/joey/simulation_data/patient_one_data.zarr
evaluation.path=/media/egghead/Scratch/joey/simulation_data/patient_two_data.zarr
training.mode=gml_rollout_pure
epochs=5
seed=0
checkpoint.load=True
checkpoint.path=/home/egghead/Thesis/Thesis-NN/ablation_runs/2026-07-27_11-13-35_train_mode/attn_out10_rollout5_gml5_phase1/0/hydra-test.pth    avg_loss: -50.252586364746  time_per_window : 0.000320   progress : 0.481
name: models.architecture.block_type=attention
models.out_dim=10
dataset.path=/media/egghead/Scratch/joey/simulation_data/patient_one_data.zarr
evaluation.path=/media/egghead/Scratch/joey/simulation_data/patient_two_data.zarr
training.mode=gml_rollout_pure
epochs=5
seed=0
checkpoint.load=True
checkpoint.path=/home/egghead/Thesis/Thesis-NN/ablation_runs/2026-07-27_11-13-35_train_mode/attn_out10_rollout5_gml5_phase1/0/hydra-test.pth    avg_loss: -55.444076538086  time_per_window : 0.000330   progress : 0.492
name: models.architecture.block_type=attention
models.out_dim=10
dataset.path=/media/egghead/Scratch/joey/simulation_data/patient_one_data.zarr
evaluation.path=/media/egghead/Scratch/joey/simulation_data/patient_two_data.zarr
training.mode=gml_rollout_pure
epochs=5
seed=0
checkpoint.load=True
checkpoint.path=/home/egghead/Thesis/Thesis-NN/ablation_runs/2026-07-27_11-13-35_train_mode/attn_out10_rollout5_gml5_phase1/0/hydra-test.pth    avg_loss: -51.609107971191  time_per_window : 0.000329   progress : 0.502
name: models.architecture.block_type=attention
models.out_dim=10
dataset.path=/media/egghead/Scratch/joey/simulation_data/patient_one_data.zarr
evaluation.path=/media/egghead/Scratch/joey/simulation_data/patient_two_data.zarr
training.mode=gml_rollout_pure
epochs=5
seed=0
checkpoint.load=True
checkpoint.path=/home/egghead/Thesis/Thesis-NN/ablation_runs/2026-07-27_11-13-35_train_mode/attn_out10_rollout5_gml5_phase1/0/hydra-test.pth    avg_loss: -56.078849792480  time_per_window : 0.000359   progress : 0.513
name: models.architecture.block_type=attention
models.out_dim=10
dataset.path=/media/egghead/Scratch/joey/simulation_data/patient_one_data.zarr
evaluation.path=/media/egghead/Scratch/joey/simulation_data/patient_two_data.zarr
training.mode=gml_rollout_pure
epochs=5
seed=0
checkpoint.load=True
checkpoint.path=/home/egghead/Thesis/Thesis-NN/ablation_runs/2026-07-27_11-13-35_train_mode/attn_out10_rollout5_gml5_phase1/0/hydra-test.pth    avg_loss: -53.194797515869  time_per_window : 0.000331   progress : 0.524
name: models.architecture.block_type=attention
models.out_dim=10
dataset.path=/media/egghead/Scratch/joey/simulation_data/patient_one_data.zarr
evaluation.path=/media/egghead/Scratch/joey/simulation_data/patient_two_data.zarr
training.mode=gml_rollout_pure
epochs=5
seed=0
checkpoint.load=True
checkpoint.path=/home/egghead/Thesis/Thesis-NN/ablation_runs/2026-07-27_11-13-35_train_mode/attn_out10_rollout5_gml5_phase1/0/hydra-test.pth    avg_loss: -51.204288482666  time_per_window : 0.000359   progress : 0.535
name: models.architecture.block_type=attention
models.out_dim=10
dataset.path=/media/egghead/Scratch/joey/simulation_data/patient_one_data.zarr
evaluation.path=/media/egghead/Scratch/joey/simulation_data/patient_two_data.zarr
training.mode=gml_rollout_pure
epochs=5
seed=0
checkpoint.load=True
checkpoint.path=/home/egghead/Thesis/Thesis-NN/ablation_runs/2026-07-27_11-13-35_train_mode/attn_out10_rollout5_gml5_phase1/0/hydra-test.pth    avg_loss: -56.103572845459  time_per_window : 0.000356   progress : 0.546
name: models.architecture.block_type=attention
models.out_dim=10
dataset.path=/media/egghead/Scratch/joey/simulation_data/patient_one_data.zarr
evaluation.path=/media/egghead/Scratch/joey/simulation_data/patient_two_data.zarr
training.mode=gml_rollout_pure
epochs=5
seed=0
checkpoint.load=True
checkpoint.path=/home/egghead/Thesis/Thesis-NN/ablation_runs/2026-07-27_11-13-35_train_mode/attn_out10_rollout5_gml5_phase1/0/hydra-test.pth    avg_loss: -53.781555175781  time_per_window : 0.000398   progress : 0.557
name: models.architecture.block_type=attention
models.out_dim=10
dataset.path=/media/egghead/Scratch/joey/simulation_data/patient_one_data.zarr
evaluation.path=/media/egghead/Scratch/joey/simulation_data/patient_two_data.zarr
training.mode=gml_rollout_pure
epochs=5
seed=0
checkpoint.load=True
checkpoint.path=/home/egghead/Thesis/Thesis-NN/ablation_runs/2026-07-27_11-13-35_train_mode/attn_out10_rollout5_gml5_phase1/0/hydra-test.pth    avg_loss: -53.529281616211  time_per_window : 0.000391   progress : 0.568
name: models.architecture.block_type=attention
models.out_dim=10
dataset.path=/media/egghead/Scratch/joey/simulation_data/patient_one_data.zarr
evaluation.path=/media/egghead/Scratch/joey/simulation_data/patient_two_data.zarr
training.mode=gml_rollout_pure
epochs=5
seed=0
checkpoint.load=True
checkpoint.path=/home/egghead/Thesis/Thesis-NN/ablation_runs/2026-07-27_11-13-35_train_mode/attn_out10_rollout5_gml5_phase1/0/hydra-test.pth    avg_loss: -56.411479949951  time_per_window : 0.000348   progress : 0.579
name: models.architecture.block_type=attention
models.out_dim=10
dataset.path=/media/egghead/Scratch/joey/simulation_data/patient_one_data.zarr
evaluation.path=/media/egghead/Scratch/joey/simulation_data/patient_two_data.zarr
training.mode=gml_rollout_pure
epochs=5
seed=0
checkpoint.load=True
checkpoint.path=/home/egghead/Thesis/Thesis-NN/ablation_runs/2026-07-27_11-13-35_train_mode/attn_out10_rollout5_gml5_phase1/0/hydra-test.pth    avg_loss: -55.839607238770  time_per_window : 0.000358   progress : 0.590
name: models.architecture.block_type=attention
models.out_dim=10
dataset.path=/media/egghead/Scratch/joey/simulation_data/patient_one_data.zarr
evaluation.path=/media/egghead/Scratch/joey/simulation_data/patient_two_data.zarr
training.mode=gml_rollout_pure
epochs=5
seed=0
checkpoint.load=True
checkpoint.path=/home/egghead/Thesis/Thesis-NN/ablation_runs/2026-07-27_11-13-35_train_mode/attn_out10_rollout5_gml5_phase1/0/hydra-test.pth    avg_loss: -56.740154266357  time_per_window : 0.000397   progress : 0.601
name: models.architecture.block_type=attention
models.out_dim=10
dataset.path=/media/egghead/Scratch/joey/simulation_data/patient_one_data.zarr
evaluation.path=/media/egghead/Scratch/joey/simulation_data/patient_two_data.zarr
training.mode=gml_rollout_pure
epochs=5
seed=0
checkpoint.load=True
checkpoint.path=/home/egghead/Thesis/Thesis-NN/ablation_runs/2026-07-27_11-13-35_train_mode/attn_out10_rollout5_gml5_phase1/0/hydra-test.pth    avg_loss: -45.408424377441  time_per_window : 0.000340   progress : 0.612
name: models.architecture.block_type=attention
models.out_dim=10
dataset.path=/media/egghead/Scratch/joey/simulation_data/patient_one_data.zarr
evaluation.path=/media/egghead/Scratch/joey/simulation_data/patient_two_data.zarr
training.mode=gml_rollout_pure
epochs=5
seed=0
checkpoint.load=True
checkpoint.path=/home/egghead/Thesis/Thesis-NN/ablation_runs/2026-07-27_11-13-35_train_mode/attn_out10_rollout5_gml5_phase1/0/hydra-test.pth    avg_loss: -56.345241546631  time_per_window : 0.000365   progress : 0.623
name: models.architecture.block_type=attention
models.out_dim=10
dataset.path=/media/egghead/Scratch/joey/simulation_data/patient_one_data.zarr
evaluation.path=/media/egghead/Scratch/joey/simulation_data/patient_two_data.zarr
training.mode=gml_rollout_pure
epochs=5
seed=0
checkpoint.load=True
checkpoint.path=/home/egghead/Thesis/Thesis-NN/ablation_runs/2026-07-27_11-13-35_train_mode/attn_out10_rollout5_gml5_phase1/0/hydra-test.pth    avg_loss: -51.603336334229  time_per_window : 0.000357   progress : 0.634
name: models.architecture.block_type=attention
models.out_dim=10
dataset.path=/media/egghead/Scratch/joey/simulation_data/patient_one_data.zarr
evaluation.path=/media/egghead/Scratch/joey/simulation_data/patient_two_data.zarr
training.mode=gml_rollout_pure
epochs=5
seed=0
checkpoint.load=True
checkpoint.path=/home/egghead/Thesis/Thesis-NN/ablation_runs/2026-07-27_11-13-35_train_mode/attn_out10_rollout5_gml5_phase1/0/hydra-test.pth    avg_loss: -56.269798278809  time_per_window : 0.000375   progress : 0.644
name: models.architecture.block_type=attention
models.out_dim=10
dataset.path=/media/egghead/Scratch/joey/simulation_data/patient_one_data.zarr
evaluation.path=/media/egghead/Scratch/joey/simulation_data/patient_two_data.zarr
training.mode=gml_rollout_pure
epochs=5
seed=0
checkpoint.load=True
checkpoint.path=/home/egghead/Thesis/Thesis-NN/ablation_runs/2026-07-27_11-13-35_train_mode/attn_out10_rollout5_gml5_phase1/0/hydra-test.pth    avg_loss: -54.798763275146  time_per_window : 0.000362   progress : 0.655
name: models.architecture.block_type=attention
models.out_dim=10
dataset.path=/media/egghead/Scratch/joey/simulation_data/patient_one_data.zarr
evaluation.path=/media/egghead/Scratch/joey/simulation_data/patient_two_data.zarr
training.mode=gml_rollout_pure
epochs=5
seed=0
checkpoint.load=True
checkpoint.path=/home/egghead/Thesis/Thesis-NN/ablation_runs/2026-07-27_11-13-35_train_mode/attn_out10_rollout5_gml5_phase1/0/hydra-test.pth    avg_loss: -55.483547210693  time_per_window : 0.000343   progress : 0.666
name: models.architecture.block_type=attention
models.out_dim=10
dataset.path=/media/egghead/Scratch/joey/simulation_data/patient_one_data.zarr
evaluation.path=/media/egghead/Scratch/joey/simulation_data/patient_two_data.zarr
training.mode=gml_rollout_pure
epochs=5
seed=0
checkpoint.load=True
checkpoint.path=/home/egghead/Thesis/Thesis-NN/ablation_runs/2026-07-27_11-13-35_train_mode/attn_out10_rollout5_gml5_phase1/0/hydra-test.pth    avg_loss: -56.763885498047  time_per_window : 0.000358   progress : 0.677
name: models.architecture.block_type=attention
models.out_dim=10
dataset.path=/media/egghead/Scratch/joey/simulation_data/patient_one_data.zarr
evaluation.path=/media/egghead/Scratch/joey/simulation_data/patient_two_data.zarr
training.mode=gml_rollout_pure
epochs=5
seed=0
checkpoint.load=True
checkpoint.path=/home/egghead/Thesis/Thesis-NN/ablation_runs/2026-07-27_11-13-35_train_mode/attn_out10_rollout5_gml5_phase1/0/hydra-test.pth    avg_loss: -51.124446868896  time_per_window : 0.000344   progress : 0.688
name: models.architecture.block_type=attention
models.out_dim=10
dataset.path=/media/egghead/Scratch/joey/simulation_data/patient_one_data.zarr
evaluation.path=/media/egghead/Scratch/joey/simulation_data/patient_two_data.zarr
training.mode=gml_rollout_pure
epochs=5
seed=0
checkpoint.load=True
checkpoint.path=/home/egghead/Thesis/Thesis-NN/ablation_runs/2026-07-27_11-13-35_train_mode/attn_out10_rollout5_gml5_phase1/0/hydra-test.pth    avg_loss: -56.726245880127  time_per_window : 0.000359   progress : 0.699
name: models.architecture.block_type=attention
models.out_dim=10
dataset.path=/media/egghead/Scratch/joey/simulation_data/patient_one_data.zarr
evaluation.path=/media/egghead/Scratch/joey/simulation_data/patient_two_data.zarr
training.mode=gml_rollout_pure
epochs=5
seed=0
checkpoint.load=True
checkpoint.path=/home/egghead/Thesis/Thesis-NN/ablation_runs/2026-07-27_11-13-35_train_mode/attn_out10_rollout5_gml5_phase1/0/hydra-test.pth    avg_loss: -54.912231445312  time_per_window : 0.000370   progress : 0.710
name: models.architecture.block_type=attention
models.out_dim=10
dataset.path=/media/egghead/Scratch/joey/simulation_data/patient_one_data.zarr
evaluation.path=/media/egghead/Scratch/joey/simulation_data/patient_two_data.zarr
training.mode=gml_rollout_pure
epochs=5
seed=0
checkpoint.load=True
checkpoint.path=/home/egghead/Thesis/Thesis-NN/ablation_runs/2026-07-27_11-13-35_train_mode/attn_out10_rollout5_gml5_phase1/0/hydra-test.pth    avg_loss: -57.277744293213  time_per_window : 0.000339   progress : 0.721
name: models.architecture.block_type=attention
models.out_dim=10
dataset.path=/media/egghead/Scratch/joey/simulation_data/patient_one_data.zarr
evaluation.path=/media/egghead/Scratch/joey/simulation_data/patient_two_data.zarr
training.mode=gml_rollout_pure
epochs=5
seed=0
checkpoint.load=True
checkpoint.path=/home/egghead/Thesis/Thesis-NN/ablation_runs/2026-07-27_11-13-35_train_mode/attn_out10_rollout5_gml5_phase1/0/hydra-test.pth    avg_loss: -57.389953613281  time_per_window : 0.000341   progress : 0.732
name: models.architecture.block_type=attention
models.out_dim=10
dataset.path=/media/egghead/Scratch/joey/simulation_data/patient_one_data.zarr
evaluation.path=/media/egghead/Scratch/joey/simulation_data/patient_two_data.zarr
training.mode=gml_rollout_pure
epochs=5
seed=0
checkpoint.load=True
checkpoint.path=/home/egghead/Thesis/Thesis-NN/ablation_runs/2026-07-27_11-13-35_train_mode/attn_out10_rollout5_gml5_phase1/0/hydra-test.pth    avg_loss: -56.539016723633  time_per_window : 0.000327   progress : 0.743
name: models.architecture.block_type=attention
models.out_dim=10
dataset.path=/media/egghead/Scratch/joey/simulation_data/patient_one_data.zarr
evaluation.path=/media/egghead/Scratch/joey/simulation_data/patient_two_data.zarr
training.mode=gml_rollout_pure
epochs=5
seed=0
checkpoint.load=True
checkpoint.path=/home/egghead/Thesis/Thesis-NN/ablation_runs/2026-07-27_11-13-35_train_mode/attn_out10_rollout5_gml5_phase1/0/hydra-test.pth    avg_loss: -55.130756378174  time_per_window : 0.000341   progress : 0.754
name: models.architecture.block_type=attention
models.out_dim=10
dataset.path=/media/egghead/Scratch/joey/simulation_data/patient_one_data.zarr
evaluation.path=/media/egghead/Scratch/joey/simulation_data/patient_two_data.zarr
training.mode=gml_rollout_pure
epochs=5
seed=0
checkpoint.load=True
checkpoint.path=/home/egghead/Thesis/Thesis-NN/ablation_runs/2026-07-27_11-13-35_train_mode/attn_out10_rollout5_gml5_phase1/0/hydra-test.pth    avg_loss: -56.496452331543  time_per_window : 0.000330   progress : 0.765
name: models.architecture.block_type=attention
models.out_dim=10
dataset.path=/media/egghead/Scratch/joey/simulation_data/patient_one_data.zarr
evaluation.path=/media/egghead/Scratch/joey/simulation_data/patient_two_data.zarr
training.mode=gml_rollout_pure
epochs=5
seed=0
checkpoint.load=True
checkpoint.path=/home/egghead/Thesis/Thesis-NN/ablation_runs/2026-07-27_11-13-35_train_mode/attn_out10_rollout5_gml5_phase1/0/hydra-test.pth    avg_loss: -52.836326599121  time_per_window : 0.000327   progress : 0.775
name: models.architecture.block_type=attention
models.out_dim=10
dataset.path=/media/egghead/Scratch/joey/simulation_data/patient_one_data.zarr
evaluation.path=/media/egghead/Scratch/joey/simulation_data/patient_two_data.zarr
training.mode=gml_rollout_pure
epochs=5
seed=0
checkpoint.load=True
checkpoint.path=/home/egghead/Thesis/Thesis-NN/ablation_runs/2026-07-27_11-13-35_train_mode/attn_out10_rollout5_gml5_phase1/0/hydra-test.pth    avg_loss: -57.177295684814  time_per_window : 0.000323   progress : 0.786
name: models.architecture.block_type=attention
models.out_dim=10
dataset.path=/media/egghead/Scratch/joey/simulation_data/patient_one_data.zarr
evaluation.path=/media/egghead/Scratch/joey/simulation_data/patient_two_data.zarr
training.mode=gml_rollout_pure
epochs=5
seed=0
checkpoint.load=True
checkpoint.path=/home/egghead/Thesis/Thesis-NN/ablation_runs/2026-07-27_11-13-35_train_mode/attn_out10_rollout5_gml5_phase1/0/hydra-test.pth    avg_loss: -54.725074768066  time_per_window : 0.000346   progress : 0.797
name: models.architecture.block_type=attention
models.out_dim=10
dataset.path=/media/egghead/Scratch/joey/simulation_data/patient_one_data.zarr
evaluation.path=/media/egghead/Scratch/joey/simulation_data/patient_two_data.zarr
training.mode=gml_rollout_pure
epochs=5
seed=0
checkpoint.load=True
checkpoint.path=/home/egghead/Thesis/Thesis-NN/ablation_runs/2026-07-27_11-13-35_train_mode/attn_out10_rollout5_gml5_phase1/0/hydra-test.pth    avg_loss: -54.464694976807  time_per_window : 0.000364   progress : 0.808
name: models.architecture.block_type=attention
models.out_dim=10
dataset.path=/media/egghead/Scratch/joey/simulation_data/patient_one_data.zarr
evaluation.path=/media/egghead/Scratch/joey/simulation_data/patient_two_data.zarr
training.mode=gml_rollout_pure
epochs=5
seed=0
checkpoint.load=True
checkpoint.path=/home/egghead/Thesis/Thesis-NN/ablation_runs/2026-07-27_11-13-35_train_mode/attn_out10_rollout5_gml5_phase1/0/hydra-test.pth    avg_loss: -57.892490386963  time_per_window : 0.000332   progress : 0.819
name: models.architecture.block_type=attention
models.out_dim=10
dataset.path=/media/egghead/Scratch/joey/simulation_data/patient_one_data.zarr
evaluation.path=/media/egghead/Scratch/joey/simulation_data/patient_two_data.zarr
training.mode=gml_rollout_pure
epochs=5
seed=0
checkpoint.load=True
checkpoint.path=/home/egghead/Thesis/Thesis-NN/ablation_runs/2026-07-27_11-13-35_train_mode/attn_out10_rollout5_gml5_phase1/0/hydra-test.pth    avg_loss: -55.311717987061  time_per_window : 0.000364   progress : 0.830
name: models.architecture.block_type=attention
models.out_dim=10
dataset.path=/media/egghead/Scratch/joey/simulation_data/patient_one_data.zarr
evaluation.path=/media/egghead/Scratch/joey/simulation_data/patient_two_data.zarr
training.mode=gml_rollout_pure
epochs=5
seed=0
checkpoint.load=True
checkpoint.path=/home/egghead/Thesis/Thesis-NN/ablation_runs/2026-07-27_11-13-35_train_mode/attn_out10_rollout5_gml5_phase1/0/hydra-test.pth    avg_loss: -57.709289550781  time_per_window : 0.000384   progress : 0.841
name: models.architecture.block_type=attention
models.out_dim=10
dataset.path=/media/egghead/Scratch/joey/simulation_data/patient_one_data.zarr
evaluation.path=/media/egghead/Scratch/joey/simulation_data/patient_two_data.zarr
training.mode=gml_rollout_pure
epochs=5
seed=0
checkpoint.load=True
checkpoint.path=/home/egghead/Thesis/Thesis-NN/ablation_runs/2026-07-27_11-13-35_train_mode/attn_out10_rollout5_gml5_phase1/0/hydra-test.pth    avg_loss: -52.576072692871  time_per_window : 0.000351   progress : 0.852
name: models.architecture.block_type=attention
models.out_dim=10
dataset.path=/media/egghead/Scratch/joey/simulation_data/patient_one_data.zarr
evaluation.path=/media/egghead/Scratch/joey/simulation_data/patient_two_data.zarr
training.mode=gml_rollout_pure
epochs=5
seed=0
checkpoint.load=True
checkpoint.path=/home/egghead/Thesis/Thesis-NN/ablation_runs/2026-07-27_11-13-35_train_mode/attn_out10_rollout5_gml5_phase1/0/hydra-test.pth    avg_loss: -58.358070373535  time_per_window : 0.000331   progress : 0.863
name: models.architecture.block_type=attention
models.out_dim=10
dataset.path=/media/egghead/Scratch/joey/simulation_data/patient_one_data.zarr
evaluation.path=/media/egghead/Scratch/joey/simulation_data/patient_two_data.zarr
training.mode=gml_rollout_pure
epochs=5
seed=0
checkpoint.load=True
checkpoint.path=/home/egghead/Thesis/Thesis-NN/ablation_runs/2026-07-27_11-13-35_train_mode/attn_out10_rollout5_gml5_phase1/0/hydra-test.pth    avg_loss: -56.588573455811  time_per_window : 0.000339   progress : 0.874
name: models.architecture.block_type=attention
models.out_dim=10
dataset.path=/media/egghead/Scratch/joey/simulation_data/patient_one_data.zarr
evaluation.path=/media/egghead/Scratch/joey/simulation_data/patient_two_data.zarr
training.mode=gml_rollout_pure
epochs=5
seed=0
checkpoint.load=True
checkpoint.path=/home/egghead/Thesis/Thesis-NN/ablation_runs/2026-07-27_11-13-35_train_mode/attn_out10_rollout5_gml5_phase1/0/hydra-test.pth    avg_loss: -56.354187011719  time_per_window : 0.000400   progress : 0.885
name: models.architecture.block_type=attention
models.out_dim=10
dataset.path=/media/egghead/Scratch/joey/simulation_data/patient_one_data.zarr
evaluation.path=/media/egghead/Scratch/joey/simulation_data/patient_two_data.zarr
training.mode=gml_rollout_pure
epochs=5
seed=0
checkpoint.load=True
checkpoint.path=/home/egghead/Thesis/Thesis-NN/ablation_runs/2026-07-27_11-13-35_train_mode/attn_out10_rollout5_gml5_phase1/0/hydra-test.pth    avg_loss: -58.708114624023  time_per_window : 0.000354   progress : 0.896
name: models.architecture.block_type=attention
models.out_dim=10
dataset.path=/media/egghead/Scratch/joey/simulation_data/patient_one_data.zarr
evaluation.path=/media/egghead/Scratch/joey/simulation_data/patient_two_data.zarr
training.mode=gml_rollout_pure
epochs=5
seed=0
checkpoint.load=True
checkpoint.path=/home/egghead/Thesis/Thesis-NN/ablation_runs/2026-07-27_11-13-35_train_mode/attn_out10_rollout5_gml5_phase1/0/hydra-test.pth    avg_loss: -53.938915252686  time_per_window : 0.000364   progress : 0.907
name: models.architecture.block_type=attention
models.out_dim=10
dataset.path=/media/egghead/Scratch/joey/simulation_data/patient_one_data.zarr
evaluation.path=/media/egghead/Scratch/joey/simulation_data/patient_two_data.zarr
training.mode=gml_rollout_pure
epochs=5
seed=0
checkpoint.load=True
checkpoint.path=/home/egghead/Thesis/Thesis-NN/ablation_runs/2026-07-27_11-13-35_train_mode/attn_out10_rollout5_gml5_phase1/0/hydra-test.pth    avg_loss: -57.392677307129  time_per_window : 0.000370   progress : 0.917
name: models.architecture.block_type=attention
models.out_dim=10
dataset.path=/media/egghead/Scratch/joey/simulation_data/patient_one_data.zarr
evaluation.path=/media/egghead/Scratch/joey/simulation_data/patient_two_data.zarr
training.mode=gml_rollout_pure
epochs=5
seed=0
checkpoint.load=True
checkpoint.path=/home/egghead/Thesis/Thesis-NN/ablation_runs/2026-07-27_11-13-35_train_mode/attn_out10_rollout5_gml5_phase1/0/hydra-test.pth    avg_loss: -57.559242248535  time_per_window : 0.000363   progress : 0.928
name: models.architecture.block_type=attention
models.out_dim=10
dataset.path=/media/egghead/Scratch/joey/simulation_data/patient_one_data.zarr
evaluation.path=/media/egghead/Scratch/joey/simulation_data/patient_two_data.zarr
training.mode=gml_rollout_pure
epochs=5
seed=0
checkpoint.load=True
checkpoint.path=/home/egghead/Thesis/Thesis-NN/ablation_runs/2026-07-27_11-13-35_train_mode/attn_out10_rollout5_gml5_phase1/0/hydra-test.pth    avg_loss: -56.015613555908  time_per_window : 0.000336   progress : 0.939
name: models.architecture.block_type=attention
models.out_dim=10
dataset.path=/media/egghead/Scratch/joey/simulation_data/patient_one_data.zarr
evaluation.path=/media/egghead/Scratch/joey/simulation_data/patient_two_data.zarr
training.mode=gml_rollout_pure
epochs=5
seed=0
checkpoint.load=True
checkpoint.path=/home/egghead/Thesis/Thesis-NN/ablation_runs/2026-07-27_11-13-35_train_mode/attn_out10_rollout5_gml5_phase1/0/hydra-test.pth    avg_loss: -58.731327056885  time_per_window : 0.000358   progress : 0.950
name: models.architecture.block_type=attention
models.out_dim=10
dataset.path=/media/egghead/Scratch/joey/simulation_data/patient_one_data.zarr
evaluation.path=/media/egghead/Scratch/joey/simulation_data/patient_two_data.zarr
training.mode=gml_rollout_pure
epochs=5
seed=0
checkpoint.load=True
checkpoint.path=/home/egghead/Thesis/Thesis-NN/ablation_runs/2026-07-27_11-13-35_train_mode/attn_out10_rollout5_gml5_phase1/0/hydra-test.pth    avg_loss: -52.107471466064  time_per_window : 0.000349   progress : 0.961
name: models.architecture.block_type=attention
models.out_dim=10
dataset.path=/media/egghead/Scratch/joey/simulation_data/patient_one_data.zarr
evaluation.path=/media/egghead/Scratch/joey/simulation_data/patient_two_data.zarr
training.mode=gml_rollout_pure
epochs=5
seed=0
checkpoint.load=True
checkpoint.path=/home/egghead/Thesis/Thesis-NN/ablation_runs/2026-07-27_11-13-35_train_mode/attn_out10_rollout5_gml5_phase1/0/hydra-test.pth    avg_loss: -54.320686340332  time_per_window : 0.000330   progress : 0.972
name: models.architecture.block_type=attention
models.out_dim=10
dataset.path=/media/egghead/Scratch/joey/simulation_data/patient_one_data.zarr
evaluation.path=/media/egghead/Scratch/joey/simulation_data/patient_two_data.zarr
training.mode=gml_rollout_pure
epochs=5
seed=0
checkpoint.load=True
checkpoint.path=/home/egghead/Thesis/Thesis-NN/ablation_runs/2026-07-27_11-13-35_train_mode/attn_out10_rollout5_gml5_phase1/0/hydra-test.pth    avg_loss: -56.861869812012  time_per_window : 0.000348   progress : 0.983
name: models.architecture.block_type=attention
models.out_dim=10
dataset.path=/media/egghead/Scratch/joey/simulation_data/patient_one_data.zarr
evaluation.path=/media/egghead/Scratch/joey/simulation_data/patient_two_data.zarr
training.mode=gml_rollout_pure
epochs=5
seed=0
checkpoint.load=True
checkpoint.path=/home/egghead/Thesis/Thesis-NN/ablation_runs/2026-07-27_11-13-35_train_mode/attn_out10_rollout5_gml5_phase1/0/hydra-test.pth    avg_loss: -54.800540924072  time_per_window : 0.000347   progress : 0.994
name: models.architecture.block_type=attention
models.out_dim=10
dataset.path=/media/egghead/Scratch/joey/simulation_data/patient_one_data.zarr
evaluation.path=/media/egghead/Scratch/joey/simulation_data/patient_two_data.zarr
training.mode=gml_rollout_pure
epochs=5
seed=0
checkpoint.load=True
checkpoint.path=/home/egghead/Thesis/Thesis-NN/ablation_runs/2026-07-27_11-13-35_train_mode/attn_out10_rollout5_gml5_phase1/0/hydra-test.pth    avg_loss: -55.739738464355  time_per_window : 0.000363   progress : 0.011
name: models.architecture.block_type=attention
models.out_dim=10
dataset.path=/media/egghead/Scratch/joey/simulation_data/patient_one_data.zarr
evaluation.path=/media/egghead/Scratch/joey/simulation_data/patient_two_data.zarr
training.mode=gml_rollout_pure
epochs=5
seed=0
checkpoint.load=True
checkpoint.path=/home/egghead/Thesis/Thesis-NN/ablation_runs/2026-07-27_11-13-35_train_mode/attn_out10_rollout5_gml5_phase1/0/hydra-test.pth    avg_loss: -55.776050567627  time_per_window : 0.000372   progress : 0.022
name: models.architecture.block_type=attention
models.out_dim=10
dataset.path=/media/egghead/Scratch/joey/simulation_data/patient_one_data.zarr
evaluation.path=/media/egghead/Scratch/joey/simulation_data/patient_two_data.zarr
training.mode=gml_rollout_pure
epochs=5
seed=0
checkpoint.load=True
checkpoint.path=/home/egghead/Thesis/Thesis-NN/ablation_runs/2026-07-27_11-13-35_train_mode/attn_out10_rollout5_gml5_phase1/0/hydra-test.pth    avg_loss: -57.483783721924  time_per_window : 0.000370   progress : 0.033
name: models.architecture.block_type=attention
models.out_dim=10
dataset.path=/media/egghead/Scratch/joey/simulation_data/patient_one_data.zarr
evaluation.path=/media/egghead/Scratch/joey/simulation_data/patient_two_data.zarr
training.mode=gml_rollout_pure
epochs=5
seed=0
checkpoint.load=True
checkpoint.path=/home/egghead/Thesis/Thesis-NN/ablation_runs/2026-07-27_11-13-35_train_mode/attn_out10_rollout5_gml5_phase1/0/hydra-test.pth    avg_loss: -52.506404876709  time_per_window : 0.000361   progress : 0.044
name: models.architecture.block_type=attention
models.out_dim=10
dataset.path=/media/egghead/Scratch/joey/simulation_data/patient_one_data.zarr
evaluation.path=/media/egghead/Scratch/joey/simulation_data/patient_two_data.zarr
training.mode=gml_rollout_pure
epochs=5
seed=0
checkpoint.load=True
checkpoint.path=/home/egghead/Thesis/Thesis-NN/ablation_runs/2026-07-27_11-13-35_train_mode/attn_out10_rollout5_gml5_phase1/0/hydra-test.pth    avg_loss: -51.579452514648  time_per_window : 0.000343   progress : 0.055
name: models.architecture.block_type=attention
models.out_dim=10
dataset.path=/media/egghead/Scratch/joey/simulation_data/patient_one_data.zarr
evaluation.path=/media/egghead/Scratch/joey/simulation_data/patient_two_data.zarr
training.mode=gml_rollout_pure
epochs=5
seed=0
checkpoint.load=True
checkpoint.path=/home/egghead/Thesis/Thesis-NN/ablation_runs/2026-07-27_11-13-35_train_mode/attn_out10_rollout5_gml5_phase1/0/hydra-test.pth    avg_loss: -56.999366760254  time_per_window : 0.000351   progress : 0.066
name: models.architecture.block_type=attention
models.out_dim=10
dataset.path=/media/egghead/Scratch/joey/simulation_data/patient_one_data.zarr
evaluation.path=/media/egghead/Scratch/joey/simulation_data/patient_two_data.zarr
training.mode=gml_rollout_pure
epochs=5
seed=0
checkpoint.load=True
checkpoint.path=/home/egghead/Thesis/Thesis-NN/ablation_runs/2026-07-27_11-13-35_train_mode/attn_out10_rollout5_gml5_phase1/0/hydra-test.pth    avg_loss: -56.953212738037  time_per_window : 0.000324   progress : 0.076
name: models.architecture.block_type=attention
models.out_dim=10
dataset.path=/media/egghead/Scratch/joey/simulation_data/patient_one_data.zarr
evaluation.path=/media/egghead/Scratch/joey/simulation_data/patient_two_data.zarr
training.mode=gml_rollout_pure
epochs=5
seed=0
checkpoint.load=True
checkpoint.path=/home/egghead/Thesis/Thesis-NN/ablation_runs/2026-07-27_11-13-35_train_mode/attn_out10_rollout5_gml5_phase1/0/hydra-test.pth    avg_loss: -53.506542205811  time_per_window : 0.000372   progress : 0.087
name: models.architecture.block_type=attention
models.out_dim=10
dataset.path=/media/egghead/Scratch/joey/simulation_data/patient_one_data.zarr
evaluation.path=/media/egghead/Scratch/joey/simulation_data/patient_two_data.zarr
training.mode=gml_rollout_pure
epochs=5
seed=0
checkpoint.load=True
checkpoint.path=/home/egghead/Thesis/Thesis-NN/ablation_runs/2026-07-27_11-13-35_train_mode/attn_out10_rollout5_gml5_phase1/0/hydra-test.pth    avg_loss: -57.010524749756  time_per_window : 0.000367   progress : 0.098
name: models.architecture.block_type=attention
models.out_dim=10
dataset.path=/media/egghead/Scratch/joey/simulation_data/patient_one_data.zarr
evaluation.path=/media/egghead/Scratch/joey/simulation_data/patient_two_data.zarr
training.mode=gml_rollout_pure
epochs=5
seed=0
checkpoint.load=True
checkpoint.path=/home/egghead/Thesis/Thesis-NN/ablation_runs/2026-07-27_11-13-35_train_mode/attn_out10_rollout5_gml5_phase1/0/hydra-test.pth    avg_loss: -53.125324249268  time_per_window : 0.000420   progress : 0.109
name: models.architecture.block_type=attention
models.out_dim=10
dataset.path=/media/egghead/Scratch/joey/simulation_data/patient_one_data.zarr
evaluation.path=/media/egghead/Scratch/joey/simulation_data/patient_two_data.zarr
training.mode=gml_rollout_pure
epochs=5
seed=0
checkpoint.load=True
checkpoint.path=/home/egghead/Thesis/Thesis-NN/ablation_runs/2026-07-27_11-13-35_train_mode/attn_out10_rollout5_gml5_phase1/0/hydra-test.pth    avg_loss: -57.745128631592  time_per_window : 0.000358   progress : 0.120
name: models.architecture.block_type=attention
models.out_dim=10
dataset.path=/media/egghead/Scratch/joey/simulation_data/patient_one_data.zarr
evaluation.path=/media/egghead/Scratch/joey/simulation_data/patient_two_data.zarr
training.mode=gml_rollout_pure
epochs=5
seed=0
checkpoint.load=True
checkpoint.path=/home/egghead/Thesis/Thesis-NN/ablation_runs/2026-07-27_11-13-35_train_mode/attn_out10_rollout5_gml5_phase1/0/hydra-test.pth    avg_loss: -54.582500457764  time_per_window : 0.000380   progress : 0.131
name: models.architecture.block_type=attention
models.out_dim=10
dataset.path=/media/egghead/Scratch/joey/simulation_data/patient_one_data.zarr
evaluation.path=/media/egghead/Scratch/joey/simulation_data/patient_two_data.zarr
training.mode=gml_rollout_pure
epochs=5
seed=0
checkpoint.load=True
checkpoint.path=/home/egghead/Thesis/Thesis-NN/ablation_runs/2026-07-27_11-13-35_train_mode/attn_out10_rollout5_gml5_phase1/0/hydra-test.pth    avg_loss: -57.370597839355  time_per_window : 0.000329   progress : 0.142
name: models.architecture.block_type=attention
models.out_dim=10
dataset.path=/media/egghead/Scratch/joey/simulation_data/patient_one_data.zarr
evaluation.path=/media/egghead/Scratch/joey/simulation_data/patient_two_data.zarr
training.mode=gml_rollout_pure
epochs=5
seed=0
checkpoint.load=True
checkpoint.path=/home/egghead/Thesis/Thesis-NN/ablation_runs/2026-07-27_11-13-35_train_mode/attn_out10_rollout5_gml5_phase1/0/hydra-test.pth    avg_loss: -53.117515563965  time_per_window : 0.000332   progress : 0.153
name: models.architecture.block_type=attention
models.out_dim=10
dataset.path=/media/egghead/Scratch/joey/simulation_data/patient_one_data.zarr
evaluation.path=/media/egghead/Scratch/joey/simulation_data/patient_two_data.zarr
training.mode=gml_rollout_pure
epochs=5
seed=0
checkpoint.load=True
checkpoint.path=/home/egghead/Thesis/Thesis-NN/ablation_runs/2026-07-27_11-13-35_train_mode/attn_out10_rollout5_gml5_phase1/0/hydra-test.pth    avg_loss: -56.950489044189  time_per_window : 0.000355   progress : 0.164
name: models.architecture.block_type=attention
models.out_dim=10
dataset.path=/media/egghead/Scratch/joey/simulation_data/patient_one_data.zarr
evaluation.path=/media/egghead/Scratch/joey/simulation_data/patient_two_data.zarr
training.mode=gml_rollout_pure
epochs=5
seed=0
checkpoint.load=True
checkpoint.path=/home/egghead/Thesis/Thesis-NN/ablation_runs/2026-07-27_11-13-35_train_mode/attn_out10_rollout5_gml5_phase1/0/hydra-test.pth    avg_loss: -57.992877960205  time_per_window : 0.000378   progress : 0.175
name: models.architecture.block_type=attention
models.out_dim=10
dataset.path=/media/egghead/Scratch/joey/simulation_data/patient_one_data.zarr
evaluation.path=/media/egghead/Scratch/joey/simulation_data/patient_two_data.zarr
training.mode=gml_rollout_pure
epochs=5
seed=0
checkpoint.load=True
checkpoint.path=/home/egghead/Thesis/Thesis-NN/ablation_runs/2026-07-27_11-13-35_train_mode/attn_out10_rollout5_gml5_phase1/0/hydra-test.pth    avg_loss: -53.455699920654  time_per_window : 0.000341   progress : 0.186
name: models.architecture.block_type=attention
models.out_dim=10
dataset.path=/media/egghead/Scratch/joey/simulation_data/patient_one_data.zarr
evaluation.path=/media/egghead/Scratch/joey/simulation_data/patient_two_data.zarr
training.mode=gml_rollout_pure
epochs=5
seed=0
checkpoint.load=True
checkpoint.path=/home/egghead/Thesis/Thesis-NN/ablation_runs/2026-07-27_11-13-35_train_mode/attn_out10_rollout5_gml5_phase1/0/hydra-test.pth    avg_loss: -56.639430999756  time_per_window : 0.000382   progress : 0.197
name: models.architecture.block_type=attention
models.out_dim=10
dataset.path=/media/egghead/Scratch/joey/simulation_data/patient_one_data.zarr
evaluation.path=/media/egghead/Scratch/joey/simulation_data/patient_two_data.zarr
training.mode=gml_rollout_pure
epochs=5
seed=0
checkpoint.load=True
checkpoint.path=/home/egghead/Thesis/Thesis-NN/ablation_runs/2026-07-27_11-13-35_train_mode/attn_out10_rollout5_gml5_phase1/0/hydra-test.pth    avg_loss: -56.221385955811  time_per_window : 0.000344   progress : 0.208
name: models.architecture.block_type=attention
models.out_dim=10
dataset.path=/media/egghead/Scratch/joey/simulation_data/patient_one_data.zarr
evaluation.path=/media/egghead/Scratch/joey/simulation_data/patient_two_data.zarr
training.mode=gml_rollout_pure
epochs=5
seed=0
checkpoint.load=True
checkpoint.path=/home/egghead/Thesis/Thesis-NN/ablation_runs/2026-07-27_11-13-35_train_mode/attn_out10_rollout5_gml5_phase1/0/hydra-test.pth    avg_loss: -53.905502319336  time_per_window : 0.000335   progress : 0.218
name: models.architecture.block_type=attention
models.out_dim=10
dataset.path=/media/egghead/Scratch/joey/simulation_data/patient_one_data.zarr
evaluation.path=/media/egghead/Scratch/joey/simulation_data/patient_two_data.zarr
training.mode=gml_rollout_pure
epochs=5
seed=0
checkpoint.load=True
checkpoint.path=/home/egghead/Thesis/Thesis-NN/ablation_runs/2026-07-27_11-13-35_train_mode/attn_out10_rollout5_gml5_phase1/0/hydra-test.pth    avg_loss: -56.549430847168  time_per_window : 0.000361   progress : 0.229
name: models.architecture.block_type=attention
models.out_dim=10
dataset.path=/media/egghead/Scratch/joey/simulation_data/patient_one_data.zarr
evaluation.path=/media/egghead/Scratch/joey/simulation_data/patient_two_data.zarr
training.mode=gml_rollout_pure
epochs=5
seed=0
checkpoint.load=True
checkpoint.path=/home/egghead/Thesis/Thesis-NN/ablation_runs/2026-07-27_11-13-35_train_mode/attn_out10_rollout5_gml5_phase1/0/hydra-test.pth    avg_loss: -54.614814758301  time_per_window : 0.000375   progress : 0.240
name: models.architecture.block_type=attention
models.out_dim=10
dataset.path=/media/egghead/Scratch/joey/simulation_data/patient_one_data.zarr
evaluation.path=/media/egghead/Scratch/joey/simulation_data/patient_two_data.zarr
training.mode=gml_rollout_pure
epochs=5
seed=0
checkpoint.load=True
checkpoint.path=/home/egghead/Thesis/Thesis-NN/ablation_runs/2026-07-27_11-13-35_train_mode/attn_out10_rollout5_gml5_phase1/0/hydra-test.pth    avg_loss: -56.641052246094  time_per_window : 0.000329   progress : 0.251
name: models.architecture.block_type=attention
models.out_dim=10
dataset.path=/media/egghead/Scratch/joey/simulation_data/patient_one_data.zarr
evaluation.path=/media/egghead/Scratch/joey/simulation_data/patient_two_data.zarr
training.mode=gml_rollout_pure
epochs=5
seed=0
checkpoint.load=True
checkpoint.path=/home/egghead/Thesis/Thesis-NN/ablation_runs/2026-07-27_11-13-35_train_mode/attn_out10_rollout5_gml5_phase1/0/hydra-test.pth    avg_loss: -55.387222290039  time_per_window : 0.000330   progress : 0.262
name: models.architecture.block_type=attention
models.out_dim=10
dataset.path=/media/egghead/Scratch/joey/simulation_data/patient_one_data.zarr
evaluation.path=/media/egghead/Scratch/joey/simulation_data/patient_two_data.zarr
training.mode=gml_rollout_pure
epochs=5
seed=0
checkpoint.load=True
checkpoint.path=/home/egghead/Thesis/Thesis-NN/ablation_runs/2026-07-27_11-13-35_train_mode/attn_out10_rollout5_gml5_phase1/0/hydra-test.pth    avg_loss: -54.869243621826  time_per_window : 0.000323   progress : 0.273
name: models.architecture.block_type=attention
models.out_dim=10
dataset.path=/media/egghead/Scratch/joey/simulation_data/patient_one_data.zarr
evaluation.path=/media/egghead/Scratch/joey/simulation_data/patient_two_data.zarr
training.mode=gml_rollout_pure
epochs=5
seed=0
checkpoint.load=True
checkpoint.path=/home/egghead/Thesis/Thesis-NN/ablation_runs/2026-07-27_11-13-35_train_mode/attn_out10_rollout5_gml5_phase1/0/hydra-test.pth    avg_loss: -57.804271697998  time_per_window : 0.000362   progress : 0.284
name: models.architecture.block_type=attention
models.out_dim=10
dataset.path=/media/egghead/Scratch/joey/simulation_data/patient_one_data.zarr
evaluation.path=/media/egghead/Scratch/joey/simulation_data/patient_two_data.zarr
training.mode=gml_rollout_pure
epochs=5
seed=0
checkpoint.load=True
checkpoint.path=/home/egghead/Thesis/Thesis-NN/ablation_runs/2026-07-27_11-13-35_train_mode/attn_out10_rollout5_gml5_phase1/0/hydra-test.pth    avg_loss: -52.523296356201  time_per_window : 0.000355   progress : 0.295
name: models.architecture.block_type=attention
models.out_dim=10
dataset.path=/media/egghead/Scratch/joey/simulation_data/patient_one_data.zarr
evaluation.path=/media/egghead/Scratch/joey/simulation_data/patient_two_data.zarr
training.mode=gml_rollout_pure
epochs=5
seed=0
checkpoint.load=True
checkpoint.path=/home/egghead/Thesis/Thesis-NN/ablation_runs/2026-07-27_11-13-35_train_mode/attn_out10_rollout5_gml5_phase1/0/hydra-test.pth    avg_loss: -58.145114898682  time_per_window : 0.000344   progress : 0.306
name: models.architecture.block_type=attention
models.out_dim=10
dataset.path=/media/egghead/Scratch/joey/simulation_data/patient_one_data.zarr
evaluation.path=/media/egghead/Scratch/joey/simulation_data/patient_two_data.zarr
training.mode=gml_rollout_pure
epochs=5
seed=0
checkpoint.load=True
checkpoint.path=/home/egghead/Thesis/Thesis-NN/ablation_runs/2026-07-27_11-13-35_train_mode/attn_out10_rollout5_gml5_phase1/0/hydra-test.pth    avg_loss: -56.580589294434  time_per_window : 0.000351   progress : 0.317
name: models.architecture.block_type=attention
models.out_dim=10
dataset.path=/media/egghead/Scratch/joey/simulation_data/patient_one_data.zarr
evaluation.path=/media/egghead/Scratch/joey/simulation_data/patient_two_data.zarr
training.mode=gml_rollout_pure
epochs=5
seed=0
checkpoint.load=True
checkpoint.path=/home/egghead/Thesis/Thesis-NN/ablation_runs/2026-07-27_11-13-35_train_mode/attn_out10_rollout5_gml5_phase1/0/hydra-test.pth    avg_loss: -54.925518035889  time_per_window : 0.000397   progress : 0.328
name: models.architecture.block_type=attention
models.out_dim=10
dataset.path=/media/egghead/Scratch/joey/simulation_data/patient_one_data.zarr
evaluation.path=/media/egghead/Scratch/joey/simulation_data/patient_two_data.zarr
training.mode=gml_rollout_pure
epochs=5
seed=0
checkpoint.load=True
checkpoint.path=/home/egghead/Thesis/Thesis-NN/ablation_runs/2026-07-27_11-13-35_train_mode/attn_out10_rollout5_gml5_phase1/0/hydra-test.pth    avg_loss: -54.092597961426  time_per_window : 0.000337   progress : 0.339
name: models.architecture.block_type=attention
models.out_dim=10
dataset.path=/media/egghead/Scratch/joey/simulation_data/patient_one_data.zarr
evaluation.path=/media/egghead/Scratch/joey/simulation_data/patient_two_data.zarr
training.mode=gml_rollout_pure
epochs=5
seed=0
checkpoint.load=True
checkpoint.path=/home/egghead/Thesis/Thesis-NN/ablation_runs/2026-07-27_11-13-35_train_mode/attn_out10_rollout5_gml5_phase1/0/hydra-test.pth    avg_loss: -58.614017486572  time_per_window : 0.000319   progress : 0.350
name: models.architecture.block_type=attention
models.out_dim=10
dataset.path=/media/egghead/Scratch/joey/simulation_data/patient_one_data.zarr
evaluation.path=/media/egghead/Scratch/joey/simulation_data/patient_two_data.zarr
training.mode=gml_rollout_pure
epochs=5
seed=0
checkpoint.load=True
checkpoint.path=/home/egghead/Thesis/Thesis-NN/ablation_runs/2026-07-27_11-13-35_train_mode/attn_out10_rollout5_gml5_phase1/0/hydra-test.pth    avg_loss: -52.582584381104  time_per_window : 0.000357   progress : 0.360
name: models.architecture.block_type=attention
models.out_dim=10
dataset.path=/media/egghead/Scratch/joey/simulation_data/patient_one_data.zarr
evaluation.path=/media/egghead/Scratch/joey/simulation_data/patient_two_data.zarr
training.mode=gml_rollout_pure
epochs=5
seed=0
checkpoint.load=True
checkpoint.path=/home/egghead/Thesis/Thesis-NN/ablation_runs/2026-07-27_11-13-35_train_mode/attn_out10_rollout5_gml5_phase1/0/hydra-test.pth    avg_loss: -58.336444854736  time_per_window : 0.000360   progress : 0.371
name: models.architecture.block_type=attention
models.out_dim=10
dataset.path=/media/egghead/Scratch/joey/simulation_data/patient_one_data.zarr
evaluation.path=/media/egghead/Scratch/joey/simulation_data/patient_two_data.zarr
training.mode=gml_rollout_pure
epochs=5
seed=0
checkpoint.load=True
checkpoint.path=/home/egghead/Thesis/Thesis-NN/ablation_runs/2026-07-27_11-13-35_train_mode/attn_out10_rollout5_gml5_phase1/0/hydra-test.pth    avg_loss: -55.982288360596  time_per_window : 0.000362   progress : 0.382
name: models.architecture.block_type=attention
models.out_dim=10
dataset.path=/media/egghead/Scratch/joey/simulation_data/patient_one_data.zarr
evaluation.path=/media/egghead/Scratch/joey/simulation_data/patient_two_data.zarr
training.mode=gml_rollout_pure
epochs=5
seed=0
checkpoint.load=True
checkpoint.path=/home/egghead/Thesis/Thesis-NN/ablation_runs/2026-07-27_11-13-35_train_mode/attn_out10_rollout5_gml5_phase1/0/hydra-test.pth    avg_loss: -58.311389923096  time_per_window : 0.000338   progress : 0.393
name: models.architecture.block_type=attention
models.out_dim=10
dataset.path=/media/egghead/Scratch/joey/simulation_data/patient_one_data.zarr
evaluation.path=/media/egghead/Scratch/joey/simulation_data/patient_two_data.zarr
training.mode=gml_rollout_pure
epochs=5
seed=0
checkpoint.load=True
checkpoint.path=/home/egghead/Thesis/Thesis-NN/ablation_runs/2026-07-27_11-13-35_train_mode/attn_out10_rollout5_gml5_phase1/0/hydra-test.pth    avg_loss: -55.257282257080  time_per_window : 0.000319   progress : 0.404
name: models.architecture.block_type=attention
models.out_dim=10
dataset.path=/media/egghead/Scratch/joey/simulation_data/patient_one_data.zarr
evaluation.path=/media/egghead/Scratch/joey/simulation_data/patient_two_data.zarr
training.mode=gml_rollout_pure
epochs=5
seed=0
checkpoint.load=True
checkpoint.path=/home/egghead/Thesis/Thesis-NN/ablation_runs/2026-07-27_11-13-35_train_mode/attn_out10_rollout5_gml5_phase1/0/hydra-test.pth    avg_loss: -55.654819488525  time_per_window : 0.000327   progress : 0.415
name: models.architecture.block_type=attention
models.out_dim=10
dataset.path=/media/egghead/Scratch/joey/simulation_data/patient_one_data.zarr
evaluation.path=/media/egghead/Scratch/joey/simulation_data/patient_two_data.zarr
training.mode=gml_rollout_pure
epochs=5
seed=0
checkpoint.load=True
checkpoint.path=/home/egghead/Thesis/Thesis-NN/ablation_runs/2026-07-27_11-13-35_train_mode/attn_out10_rollout5_gml5_phase1/0/hydra-test.pth    avg_loss: -55.761615753174  time_per_window : 0.000358   progress : 0.426
name: models.architecture.block_type=attention
models.out_dim=10
dataset.path=/media/egghead/Scratch/joey/simulation_data/patient_one_data.zarr
evaluation.path=/media/egghead/Scratch/joey/simulation_data/patient_two_data.zarr
training.mode=gml_rollout_pure
epochs=5
seed=0
checkpoint.load=True
checkpoint.path=/home/egghead/Thesis/Thesis-NN/ablation_runs/2026-07-27_11-13-35_train_mode/attn_out10_rollout5_gml5_phase1/0/hydra-test.pth    avg_loss: -57.873332977295  time_per_window : 0.000338   progress : 0.437
name: models.architecture.block_type=attention
models.out_dim=10
dataset.path=/media/egghead/Scratch/joey/simulation_data/patient_one_data.zarr
evaluation.path=/media/egghead/Scratch/joey/simulation_data/patient_two_data.zarr
training.mode=gml_rollout_pure
epochs=5
seed=0
checkpoint.load=True
checkpoint.path=/home/egghead/Thesis/Thesis-NN/ablation_runs/2026-07-27_11-13-35_train_mode/attn_out10_rollout5_gml5_phase1/0/hydra-test.pth    avg_loss: -54.348369598389  time_per_window : 0.000340   progress : 0.448
name: models.architecture.block_type=attention
models.out_dim=10
dataset.path=/media/egghead/Scratch/joey/simulation_data/patient_one_data.zarr
evaluation.path=/media/egghead/Scratch/joey/simulation_data/patient_two_data.zarr
training.mode=gml_rollout_pure
epochs=5
seed=0
checkpoint.load=True
checkpoint.path=/home/egghead/Thesis/Thesis-NN/ablation_runs/2026-07-27_11-13-35_train_mode/attn_out10_rollout5_gml5_phase1/0/hydra-test.pth    avg_loss: -57.172527313232  time_per_window : 0.000344   progress : 0.459
name: models.architecture.block_type=attention
models.out_dim=10
dataset.path=/media/egghead/Scratch/joey/simulation_data/patient_one_data.zarr
evaluation.path=/media/egghead/Scratch/joey/simulation_data/patient_two_data.zarr
training.mode=gml_rollout_pure
epochs=5
seed=0
checkpoint.load=True
checkpoint.path=/home/egghead/Thesis/Thesis-NN/ablation_runs/2026-07-27_11-13-35_train_mode/attn_out10_rollout5_gml5_phase1/0/hydra-test.pth    avg_loss: -53.541477203369  time_per_window : 0.000347   progress : 0.470
name: models.architecture.block_type=attention
models.out_dim=10
dataset.path=/media/egghead/Scratch/joey/simulation_data/patient_one_data.zarr
evaluation.path=/media/egghead/Scratch/joey/simulation_data/patient_two_data.zarr
training.mode=gml_rollout_pure
epochs=5
seed=0
checkpoint.load=True
checkpoint.path=/home/egghead/Thesis/Thesis-NN/ablation_runs/2026-07-27_11-13-35_train_mode/attn_out10_rollout5_gml5_phase1/0/hydra-test.pth    avg_loss: -55.585636138916  time_per_window : 0.000332   progress : 0.481
name: models.architecture.block_type=attention
models.out_dim=10
dataset.path=/media/egghead/Scratch/joey/simulation_data/patient_one_data.zarr
evaluation.path=/media/egghead/Scratch/joey/simulation_data/patient_two_data.zarr
training.mode=gml_rollout_pure
epochs=5
seed=0
checkpoint.load=True
checkpoint.path=/home/egghead/Thesis/Thesis-NN/ablation_runs/2026-07-27_11-13-35_train_mode/attn_out10_rollout5_gml5_phase1/0/hydra-test.pth    avg_loss: -58.653999328613  time_per_window : 0.000317   progress : 0.492
name: models.architecture.block_type=attention
models.out_dim=10
dataset.path=/media/egghead/Scratch/joey/simulation_data/patient_one_data.zarr
evaluation.path=/media/egghead/Scratch/joey/simulation_data/patient_two_data.zarr
training.mode=gml_rollout_pure
epochs=5
seed=0
checkpoint.load=True
checkpoint.path=/home/egghead/Thesis/Thesis-NN/ablation_runs/2026-07-27_11-13-35_train_mode/attn_out10_rollout5_gml5_phase1/0/hydra-test.pth    avg_loss: -49.793746948242  time_per_window : 0.000334   progress : 0.502
name: models.architecture.block_type=attention
models.out_dim=10
dataset.path=/media/egghead/Scratch/joey/simulation_data/patient_one_data.zarr
evaluation.path=/media/egghead/Scratch/joey/simulation_data/patient_two_data.zarr
training.mode=gml_rollout_pure
epochs=5
seed=0
checkpoint.load=True
checkpoint.path=/home/egghead/Thesis/Thesis-NN/ablation_runs/2026-07-27_11-13-35_train_mode/attn_out10_rollout5_gml5_phase1/0/hydra-test.pth    avg_loss: -55.256534576416  time_per_window : 0.000361   progress : 0.513
name: models.architecture.block_type=attention
models.out_dim=10
dataset.path=/media/egghead/Scratch/joey/simulation_data/patient_one_data.zarr
evaluation.path=/media/egghead/Scratch/joey/simulation_data/patient_two_data.zarr
training.mode=gml_rollout_pure
epochs=5
seed=0
checkpoint.load=True
checkpoint.path=/home/egghead/Thesis/Thesis-NN/ablation_runs/2026-07-27_11-13-35_train_mode/attn_out10_rollout5_gml5_phase1/0/hydra-test.pth    avg_loss: -57.622550964355  time_per_window : 0.000358   progress : 0.524
name: models.architecture.block_type=attention
models.out_dim=10
dataset.path=/media/egghead/Scratch/joey/simulation_data/patient_one_data.zarr
evaluation.path=/media/egghead/Scratch/joey/simulation_data/patient_two_data.zarr
training.mode=gml_rollout_pure
epochs=5
seed=0
checkpoint.load=True
checkpoint.path=/home/egghead/Thesis/Thesis-NN/ablation_runs/2026-07-27_11-13-35_train_mode/attn_out10_rollout5_gml5_phase1/0/hydra-test.pth    avg_loss: -55.722602844238  time_per_window : 0.000348   progress : 0.535
name: models.architecture.block_type=attention
models.out_dim=10
dataset.path=/media/egghead/Scratch/joey/simulation_data/patient_one_data.zarr
evaluation.path=/media/egghead/Scratch/joey/simulation_data/patient_two_data.zarr
training.mode=gml_rollout_pure
epochs=5
seed=0
checkpoint.load=True
checkpoint.path=/home/egghead/Thesis/Thesis-NN/ablation_runs/2026-07-27_11-13-35_train_mode/attn_out10_rollout5_gml5_phase1/0/hydra-test.pth    avg_loss: -58.449657440186  time_per_window : 0.000330   progress : 0.546
name: models.architecture.block_type=attention
models.out_dim=10
dataset.path=/media/egghead/Scratch/joey/simulation_data/patient_one_data.zarr
evaluation.path=/media/egghead/Scratch/joey/simulation_data/patient_two_data.zarr
training.mode=gml_rollout_pure
epochs=5
seed=0
checkpoint.load=True
checkpoint.path=/home/egghead/Thesis/Thesis-NN/ablation_runs/2026-07-27_11-13-35_train_mode/attn_out10_rollout5_gml5_phase1/0/hydra-test.pth    avg_loss: -54.273345947266  time_per_window : 0.000316   progress : 0.557
name: models.architecture.block_type=attention
models.out_dim=10
dataset.path=/media/egghead/Scratch/joey/simulation_data/patient_one_data.zarr
evaluation.path=/media/egghead/Scratch/joey/simulation_data/patient_two_data.zarr
training.mode=gml_rollout_pure
epochs=5
seed=0
checkpoint.load=True
checkpoint.path=/home/egghead/Thesis/Thesis-NN/ablation_runs/2026-07-27_11-13-35_train_mode/attn_out10_rollout5_gml5_phase1/0/hydra-test.pth    avg_loss: -55.272190093994  time_per_window : 0.000368   progress : 0.568
name: models.architecture.block_type=attention
models.out_dim=10
dataset.path=/media/egghead/Scratch/joey/simulation_data/patient_one_data.zarr
evaluation.path=/media/egghead/Scratch/joey/simulation_data/patient_two_data.zarr
training.mode=gml_rollout_pure
epochs=5
seed=0
checkpoint.load=True
checkpoint.path=/home/egghead/Thesis/Thesis-NN/ablation_runs/2026-07-27_11-13-35_train_mode/attn_out10_rollout5_gml5_phase1/0/hydra-test.pth    avg_loss: -57.788558959961  time_per_window : 0.000338   progress : 0.579
name: models.architecture.block_type=attention
models.out_dim=10
dataset.path=/media/egghead/Scratch/joey/simulation_data/patient_one_data.zarr
evaluation.path=/media/egghead/Scratch/joey/simulation_data/patient_two_data.zarr
training.mode=gml_rollout_pure
epochs=5
seed=0
checkpoint.load=True
checkpoint.path=/home/egghead/Thesis/Thesis-NN/ablation_runs/2026-07-27_11-13-35_train_mode/attn_out10_rollout5_gml5_phase1/0/hydra-test.pth    avg_loss: -49.699295043945  time_per_window : 0.000329   progress : 0.590
name: models.architecture.block_type=attention
models.out_dim=10
dataset.path=/media/egghead/Scratch/joey/simulation_data/patient_one_data.zarr
evaluation.path=/media/egghead/Scratch/joey/simulation_data/patient_two_data.zarr
training.mode=gml_rollout_pure
epochs=5
seed=0
checkpoint.load=True
checkpoint.path=/home/egghead/Thesis/Thesis-NN/ablation_runs/2026-07-27_11-13-35_train_mode/attn_out10_rollout5_gml5_phase1/0/hydra-test.pth    avg_loss: -57.672809600830  time_per_window : 0.000323   progress : 0.601
name: models.architecture.block_type=attention
models.out_dim=10
dataset.path=/media/egghead/Scratch/joey/simulation_data/patient_one_data.zarr
evaluation.path=/media/egghead/Scratch/joey/simulation_data/patient_two_data.zarr
training.mode=gml_rollout_pure
epochs=5
seed=0
checkpoint.load=True
checkpoint.path=/home/egghead/Thesis/Thesis-NN/ablation_runs/2026-07-27_11-13-35_train_mode/attn_out10_rollout5_gml5_phase1/0/hydra-test.pth    avg_loss: -56.621742248535  time_per_window : 0.000362   progress : 0.612
name: models.architecture.block_type=attention
models.out_dim=10
dataset.path=/media/egghead/Scratch/joey/simulation_data/patient_one_data.zarr
evaluation.path=/media/egghead/Scratch/joey/simulation_data/patient_two_data.zarr
training.mode=gml_rollout_pure
epochs=5
seed=0
checkpoint.load=True
checkpoint.path=/home/egghead/Thesis/Thesis-NN/ablation_runs/2026-07-27_11-13-35_train_mode/attn_out10_rollout5_gml5_phase1/0/hydra-test.pth    avg_loss: -57.049518585205  time_per_window : 0.000338   progress : 0.623
name: models.architecture.block_type=attention
models.out_dim=10
dataset.path=/media/egghead/Scratch/joey/simulation_data/patient_one_data.zarr
evaluation.path=/media/egghead/Scratch/joey/simulation_data/patient_two_data.zarr
training.mode=gml_rollout_pure
epochs=5
seed=0
checkpoint.load=True
checkpoint.path=/home/egghead/Thesis/Thesis-NN/ablation_runs/2026-07-27_11-13-35_train_mode/attn_out10_rollout5_gml5_phase1/0/hydra-test.pth    avg_loss: -57.091136932373  time_per_window : 0.000360   progress : 0.634
name: models.architecture.block_type=attention
models.out_dim=10
dataset.path=/media/egghead/Scratch/joey/simulation_data/patient_one_data.zarr
evaluation.path=/media/egghead/Scratch/joey/simulation_data/patient_two_data.zarr
training.mode=gml_rollout_pure
epochs=5
seed=0
checkpoint.load=True
checkpoint.path=/home/egghead/Thesis/Thesis-NN/ablation_runs/2026-07-27_11-13-35_train_mode/attn_out10_rollout5_gml5_phase1/0/hydra-test.pth    avg_loss: -58.117622375488  time_per_window : 0.000326   progress : 0.644
name: models.architecture.block_type=attention
models.out_dim=10
dataset.path=/media/egghead/Scratch/joey/simulation_data/patient_one_data.zarr
evaluation.path=/media/egghead/Scratch/joey/simulation_data/patient_two_data.zarr
training.mode=gml_rollout_pure
epochs=5
seed=0
checkpoint.load=True
checkpoint.path=/home/egghead/Thesis/Thesis-NN/ablation_runs/2026-07-27_11-13-35_train_mode/attn_out10_rollout5_gml5_phase1/0/hydra-test.pth    avg_loss: -55.930511474609  time_per_window : 0.000369   progress : 0.655
name: models.architecture.block_type=attention
models.out_dim=10
dataset.path=/media/egghead/Scratch/joey/simulation_data/patient_one_data.zarr
evaluation.path=/media/egghead/Scratch/joey/simulation_data/patient_two_data.zarr
training.mode=gml_rollout_pure
epochs=5
seed=0
checkpoint.load=True
checkpoint.path=/home/egghead/Thesis/Thesis-NN/ablation_runs/2026-07-27_11-13-35_train_mode/attn_out10_rollout5_gml5_phase1/0/hydra-test.pth    avg_loss: -57.395244598389  time_per_window : 0.000344   progress : 0.666
name: models.architecture.block_type=attention
models.out_dim=10
dataset.path=/media/egghead/Scratch/joey/simulation_data/patient_one_data.zarr
evaluation.path=/media/egghead/Scratch/joey/simulation_data/patient_two_data.zarr
training.mode=gml_rollout_pure
epochs=5
seed=0
checkpoint.load=True
checkpoint.path=/home/egghead/Thesis/Thesis-NN/ablation_runs/2026-07-27_11-13-35_train_mode/attn_out10_rollout5_gml5_phase1/0/hydra-test.pth    avg_loss: -57.243034362793  time_per_window : 0.000328   progress : 0.677
name: models.architecture.block_type=attention
models.out_dim=10
dataset.path=/media/egghead/Scratch/joey/simulation_data/patient_one_data.zarr
evaluation.path=/media/egghead/Scratch/joey/simulation_data/patient_two_data.zarr
training.mode=gml_rollout_pure
epochs=5
seed=0
checkpoint.load=True
checkpoint.path=/home/egghead/Thesis/Thesis-NN/ablation_runs/2026-07-27_11-13-35_train_mode/attn_out10_rollout5_gml5_phase1/0/hydra-test.pth    avg_loss: -48.095550537109  time_per_window : 0.000356   progress : 0.688
name: models.architecture.block_type=attention
models.out_dim=10
dataset.path=/media/egghead/Scratch/joey/simulation_data/patient_one_data.zarr
evaluation.path=/media/egghead/Scratch/joey/simulation_data/patient_two_data.zarr
training.mode=gml_rollout_pure
epochs=5
seed=0
checkpoint.load=True
checkpoint.path=/home/egghead/Thesis/Thesis-NN/ablation_runs/2026-07-27_11-13-35_train_mode/attn_out10_rollout5_gml5_phase1/0/hydra-test.pth    avg_loss: -55.577934265137  time_per_window : 0.000354   progress : 0.699
name: models.architecture.block_type=attention
models.out_dim=10
dataset.path=/media/egghead/Scratch/joey/simulation_data/patient_one_data.zarr
evaluation.path=/media/egghead/Scratch/joey/simulation_data/patient_two_data.zarr
training.mode=gml_rollout_pure
epochs=5
seed=0
checkpoint.load=True
checkpoint.path=/home/egghead/Thesis/Thesis-NN/ablation_runs/2026-07-27_11-13-35_train_mode/attn_out10_rollout5_gml5_phase1/0/hydra-test.pth    avg_loss: -57.053852081299  time_per_window : 0.000351   progress : 0.710
name: models.architecture.block_type=attention
models.out_dim=10
dataset.path=/media/egghead/Scratch/joey/simulation_data/patient_one_data.zarr
evaluation.path=/media/egghead/Scratch/joey/simulation_data/patient_two_data.zarr
training.mode=gml_rollout_pure
epochs=5
seed=0
checkpoint.load=True
checkpoint.path=/home/egghead/Thesis/Thesis-NN/ablation_runs/2026-07-27_11-13-35_train_mode/attn_out10_rollout5_gml5_phase1/0/hydra-test.pth    avg_loss: -54.756870269775  time_per_window : 0.000317   progress : 0.721
name: models.architecture.block_type=attention
models.out_dim=10
dataset.path=/media/egghead/Scratch/joey/simulation_data/patient_one_data.zarr
evaluation.path=/media/egghead/Scratch/joey/simulation_data/patient_two_data.zarr
training.mode=gml_rollout_pure
epochs=5
seed=0
checkpoint.load=True
checkpoint.path=/home/egghead/Thesis/Thesis-NN/ablation_runs/2026-07-27_11-13-35_train_mode/attn_out10_rollout5_gml5_phase1/0/hydra-test.pth    avg_loss: -57.510627746582  time_per_window : 0.000362   progress : 0.732
name: models.architecture.block_type=attention
models.out_dim=10
dataset.path=/media/egghead/Scratch/joey/simulation_data/patient_one_data.zarr
evaluation.path=/media/egghead/Scratch/joey/simulation_data/patient_two_data.zarr
training.mode=gml_rollout_pure
epochs=5
seed=0
checkpoint.load=True
checkpoint.path=/home/egghead/Thesis/Thesis-NN/ablation_runs/2026-07-27_11-13-35_train_mode/attn_out10_rollout5_gml5_phase1/0/hydra-test.pth    avg_loss: -57.996410369873  time_per_window : 0.000322   progress : 0.743
name: models.architecture.block_type=attention
models.out_dim=10
dataset.path=/media/egghead/Scratch/joey/simulation_data/patient_one_data.zarr
evaluation.path=/media/egghead/Scratch/joey/simulation_data/patient_two_data.zarr
training.mode=gml_rollout_pure
epochs=5
seed=0
checkpoint.load=True
checkpoint.path=/home/egghead/Thesis/Thesis-NN/ablation_runs/2026-07-27_11-13-35_train_mode/attn_out10_rollout5_gml5_phase1/0/hydra-test.pth    avg_loss: -57.403976440430  time_per_window : 0.000354   progress : 0.754
name: models.architecture.block_type=attention
models.out_dim=10
dataset.path=/media/egghead/Scratch/joey/simulation_data/patient_one_data.zarr
evaluation.path=/media/egghead/Scratch/joey/simulation_data/patient_two_data.zarr
training.mode=gml_rollout_pure
epochs=5
seed=0
checkpoint.load=True
checkpoint.path=/home/egghead/Thesis/Thesis-NN/ablation_runs/2026-07-27_11-13-35_train_mode/attn_out10_rollout5_gml5_phase1/0/hydra-test.pth    avg_loss: -57.333076477051  time_per_window : 0.000321   progress : 0.765
name: models.architecture.block_type=attention
models.out_dim=10
dataset.path=/media/egghead/Scratch/joey/simulation_data/patient_one_data.zarr
evaluation.path=/media/egghead/Scratch/joey/simulation_data/patient_two_data.zarr
training.mode=gml_rollout_pure
epochs=5
seed=0
checkpoint.load=True
checkpoint.path=/home/egghead/Thesis/Thesis-NN/ablation_runs/2026-07-27_11-13-35_train_mode/attn_out10_rollout5_gml5_phase1/0/hydra-test.pth    avg_loss: -54.380802154541  time_per_window : 0.000324   progress : 0.775
name: models.architecture.block_type=attention
models.out_dim=10
dataset.path=/media/egghead/Scratch/joey/simulation_data/patient_one_data.zarr
evaluation.path=/media/egghead/Scratch/joey/simulation_data/patient_two_data.zarr
training.mode=gml_rollout_pure
epochs=5
seed=0
checkpoint.load=True
checkpoint.path=/home/egghead/Thesis/Thesis-NN/ablation_runs/2026-07-27_11-13-35_train_mode/attn_out10_rollout5_gml5_phase1/0/hydra-test.pth    avg_loss: -57.952003479004  time_per_window : 0.000368   progress : 0.786
name: models.architecture.block_type=attention
models.out_dim=10
dataset.path=/media/egghead/Scratch/joey/simulation_data/patient_one_data.zarr
evaluation.path=/media/egghead/Scratch/joey/simulation_data/patient_two_data.zarr
training.mode=gml_rollout_pure
epochs=5
seed=0
checkpoint.load=True
checkpoint.path=/home/egghead/Thesis/Thesis-NN/ablation_runs/2026-07-27_11-13-35_train_mode/attn_out10_rollout5_gml5_phase1/0/hydra-test.pth    avg_loss: -52.172950744629  time_per_window : 0.000338   progress : 0.797
name: models.architecture.block_type=attention
models.out_dim=10
dataset.path=/media/egghead/Scratch/joey/simulation_data/patient_one_data.zarr
evaluation.path=/media/egghead/Scratch/joey/simulation_data/patient_two_data.zarr
training.mode=gml_rollout_pure
epochs=5
seed=0
checkpoint.load=True
checkpoint.path=/home/egghead/Thesis/Thesis-NN/ablation_runs/2026-07-27_11-13-35_train_mode/attn_out10_rollout5_gml5_phase1/0/hydra-test.pth    avg_loss: -58.923267364502  time_per_window : 0.000359   progress : 0.808
name: models.architecture.block_type=attention
models.out_dim=10
dataset.path=/media/egghead/Scratch/joey/simulation_data/patient_one_data.zarr
evaluation.path=/media/egghead/Scratch/joey/simulation_data/patient_two_data.zarr
training.mode=gml_rollout_pure
epochs=5
seed=0
checkpoint.load=True
checkpoint.path=/home/egghead/Thesis/Thesis-NN/ablation_runs/2026-07-27_11-13-35_train_mode/attn_out10_rollout5_gml5_phase1/0/hydra-test.pth    avg_loss: -56.362113952637  time_per_window : 0.000385   progress : 0.819
name: models.architecture.block_type=attention
models.out_dim=10
dataset.path=/media/egghead/Scratch/joey/simulation_data/patient_one_data.zarr
evaluation.path=/media/egghead/Scratch/joey/simulation_data/patient_two_data.zarr
training.mode=gml_rollout_pure
epochs=5
seed=0
checkpoint.load=True
checkpoint.path=/home/egghead/Thesis/Thesis-NN/ablation_runs/2026-07-27_11-13-35_train_mode/attn_out10_rollout5_gml5_phase1/0/hydra-test.pth    avg_loss: -58.090244293213  time_per_window : 0.000320   progress : 0.830
name: models.architecture.block_type=attention
models.out_dim=10
dataset.path=/media/egghead/Scratch/joey/simulation_data/patient_one_data.zarr
evaluation.path=/media/egghead/Scratch/joey/simulation_data/patient_two_data.zarr
training.mode=gml_rollout_pure
epochs=5
seed=0
checkpoint.load=True
checkpoint.path=/home/egghead/Thesis/Thesis-NN/ablation_runs/2026-07-27_11-13-35_train_mode/attn_out10_rollout5_gml5_phase1/0/hydra-test.pth    avg_loss: -53.461898803711  time_per_window : 0.000325   progress : 0.841
name: models.architecture.block_type=attention
models.out_dim=10
dataset.path=/media/egghead/Scratch/joey/simulation_data/patient_one_data.zarr
evaluation.path=/media/egghead/Scratch/joey/simulation_data/patient_two_data.zarr
training.mode=gml_rollout_pure
epochs=5
seed=0
checkpoint.load=True
checkpoint.path=/home/egghead/Thesis/Thesis-NN/ablation_runs/2026-07-27_11-13-35_train_mode/attn_out10_rollout5_gml5_phase1/0/hydra-test.pth    avg_loss: -58.886241912842  time_per_window : 0.000325   progress : 0.852
name: models.architecture.block_type=attention
models.out_dim=10
dataset.path=/media/egghead/Scratch/joey/simulation_data/patient_one_data.zarr
evaluation.path=/media/egghead/Scratch/joey/simulation_data/patient_two_data.zarr
training.mode=gml_rollout_pure
epochs=5
seed=0
checkpoint.load=True
checkpoint.path=/home/egghead/Thesis/Thesis-NN/ablation_runs/2026-07-27_11-13-35_train_mode/attn_out10_rollout5_gml5_phase1/0/hydra-test.pth    avg_loss: -54.033706665039  time_per_window : 0.000321   progress : 0.863
name: models.architecture.block_type=attention
models.out_dim=10
dataset.path=/media/egghead/Scratch/joey/simulation_data/patient_one_data.zarr
evaluation.path=/media/egghead/Scratch/joey/simulation_data/patient_two_data.zarr
training.mode=gml_rollout_pure
epochs=5
seed=0
checkpoint.load=True
checkpoint.path=/home/egghead/Thesis/Thesis-NN/ablation_runs/2026-07-27_11-13-35_train_mode/attn_out10_rollout5_gml5_phase1/0/hydra-test.pth    avg_loss: -58.445785522461  time_per_window : 0.000333   progress : 0.874
name: models.architecture.block_type=attention
models.out_dim=10
dataset.path=/media/egghead/Scratch/joey/simulation_data/patient_one_data.zarr
evaluation.path=/media/egghead/Scratch/joey/simulation_data/patient_two_data.zarr
training.mode=gml_rollout_pure
epochs=5
seed=0
checkpoint.load=True
checkpoint.path=/home/egghead/Thesis/Thesis-NN/ablation_runs/2026-07-27_11-13-35_train_mode/attn_out10_rollout5_gml5_phase1/0/hydra-test.pth    avg_loss: -54.971664428711  time_per_window : 0.000330   progress : 0.885
name: models.architecture.block_type=attention
models.out_dim=10
dataset.path=/media/egghead/Scratch/joey/simulation_data/patient_one_data.zarr
evaluation.path=/media/egghead/Scratch/joey/simulation_data/patient_two_data.zarr
training.mode=gml_rollout_pure
epochs=5
seed=0
checkpoint.load=True
checkpoint.path=/home/egghead/Thesis/Thesis-NN/ablation_runs/2026-07-27_11-13-35_train_mode/attn_out10_rollout5_gml5_phase1/0/hydra-test.pth    avg_loss: -58.245315551758  time_per_window : 0.000323   progress : 0.896
name: models.architecture.block_type=attention
models.out_dim=10
dataset.path=/media/egghead/Scratch/joey/simulation_data/patient_one_data.zarr
evaluation.path=/media/egghead/Scratch/joey/simulation_data/patient_two_data.zarr
training.mode=gml_rollout_pure
epochs=5
seed=0
checkpoint.load=True
checkpoint.path=/home/egghead/Thesis/Thesis-NN/ablation_runs/2026-07-27_11-13-35_train_mode/attn_out10_rollout5_gml5_phase1/0/hydra-test.pth    avg_loss: -54.200000762939  time_per_window : 0.000357   progress : 0.907
name: models.architecture.block_type=attention
models.out_dim=10
dataset.path=/media/egghead/Scratch/joey/simulation_data/patient_one_data.zarr
evaluation.path=/media/egghead/Scratch/joey/simulation_data/patient_two_data.zarr
training.mode=gml_rollout_pure
epochs=5
seed=0
checkpoint.load=True
checkpoint.path=/home/egghead/Thesis/Thesis-NN/ablation_runs/2026-07-27_11-13-35_train_mode/attn_out10_rollout5_gml5_phase1/0/hydra-test.pth    avg_loss: -58.273078918457  time_per_window : 0.000368   progress : 0.917
name: models.architecture.block_type=attention
models.out_dim=10
dataset.path=/media/egghead/Scratch/joey/simulation_data/patient_one_data.zarr
evaluation.path=/media/egghead/Scratch/joey/simulation_data/patient_two_data.zarr
training.mode=gml_rollout_pure
epochs=5
seed=0
checkpoint.load=True
checkpoint.path=/home/egghead/Thesis/Thesis-NN/ablation_runs/2026-07-27_11-13-35_train_mode/attn_out10_rollout5_gml5_phase1/0/hydra-test.pth    avg_loss: -56.501537322998  time_per_window : 0.000338   progress : 0.928
name: models.architecture.block_type=attention
models.out_dim=10
dataset.path=/media/egghead/Scratch/joey/simulation_data/patient_one_data.zarr
evaluation.path=/media/egghead/Scratch/joey/simulation_data/patient_two_data.zarr
training.mode=gml_rollout_pure
epochs=5
seed=0
checkpoint.load=True
checkpoint.path=/home/egghead/Thesis/Thesis-NN/ablation_runs/2026-07-27_11-13-35_train_mode/attn_out10_rollout5_gml5_phase1/0/hydra-test.pth    avg_loss: -53.405635833740  time_per_window : 0.000360   progress : 0.939
name: models.architecture.block_type=attention
models.out_dim=10
dataset.path=/media/egghead/Scratch/joey/simulation_data/patient_one_data.zarr
evaluation.path=/media/egghead/Scratch/joey/simulation_data/patient_two_data.zarr
training.mode=gml_rollout_pure
epochs=5
seed=0
checkpoint.load=True
checkpoint.path=/home/egghead/Thesis/Thesis-NN/ablation_runs/2026-07-27_11-13-35_train_mode/attn_out10_rollout5_gml5_phase1/0/hydra-test.pth    avg_loss: -55.741096496582  time_per_window : 0.000339   progress : 0.950
name: models.architecture.block_type=attention
models.out_dim=10
dataset.path=/media/egghead/Scratch/joey/simulation_data/patient_one_data.zarr
evaluation.path=/media/egghead/Scratch/joey/simulation_data/patient_two_data.zarr
training.mode=gml_rollout_pure
epochs=5
seed=0
checkpoint.load=True
checkpoint.path=/home/egghead/Thesis/Thesis-NN/ablation_runs/2026-07-27_11-13-35_train_mode/attn_out10_rollout5_gml5_phase1/0/hydra-test.pth    avg_loss: -56.242427825928  time_per_window : 0.000312   progress : 0.961
name: models.architecture.block_type=attention
models.out_dim=10
dataset.path=/media/egghead/Scratch/joey/simulation_data/patient_one_data.zarr
evaluation.path=/media/egghead/Scratch/joey/simulation_data/patient_two_data.zarr
training.mode=gml_rollout_pure
epochs=5
seed=0
checkpoint.load=True
checkpoint.path=/home/egghead/Thesis/Thesis-NN/ablation_runs/2026-07-27_11-13-35_train_mode/attn_out10_rollout5_gml5_phase1/0/hydra-test.pth    avg_loss: -55.043834686279  time_per_window : 0.000362   progress : 0.972
name: models.architecture.block_type=attention
models.out_dim=10
dataset.path=/media/egghead/Scratch/joey/simulation_data/patient_one_data.zarr
evaluation.path=/media/egghead/Scratch/joey/simulation_data/patient_two_data.zarr
training.mode=gml_rollout_pure
epochs=5
seed=0
checkpoint.load=True
checkpoint.path=/home/egghead/Thesis/Thesis-NN/ablation_runs/2026-07-27_11-13-35_train_mode/attn_out10_rollout5_gml5_phase1/0/hydra-test.pth    avg_loss: -56.138450622559  time_per_window : 0.000373   progress : 0.983
name: models.architecture.block_type=attention
models.out_dim=10
dataset.path=/media/egghead/Scratch/joey/simulation_data/patient_one_data.zarr
evaluation.path=/media/egghead/Scratch/joey/simulation_data/patient_two_data.zarr
training.mode=gml_rollout_pure
epochs=5
seed=0
checkpoint.load=True
checkpoint.path=/home/egghead/Thesis/Thesis-NN/ablation_runs/2026-07-27_11-13-35_train_mode/attn_out10_rollout5_gml5_phase1/0/hydra-test.pth    avg_loss: -56.422714233398  time_per_window : 0.000355   progress : 0.994
DONE!!!
