/media/egghead/Scratch/joey/Thesis/mavenv/lib/python3.11/site-packages/hydra/_internal/defaults_list.py:251: UserWarning: In 'config': Defaults list is missing `_self_`. See https://hydra.cc/docs/1.2/upgrades/1.0_to_1.1/default_composition_order for more information
  warnings.warn(msg, UserWarning)
Using cuda device
[2026-07-23 14:04:48,693][HYDRA] Joblib.Parallel(n_jobs=4,backend=loky,prefer=processes,require=None,verbose=0,timeout=None,pre_dispatch=2*n_jobs,batch_size=auto,temp_folder=None,max_nbytes=None,mmap_mode=r) is launching 1 jobs
[2026-07-23 14:04:48,693][HYDRA] Launching jobs, sweep output dir : ablation_runs/2026-07-23_10-47-09/advanced_deep
[2026-07-23 14:04:48,693][HYDRA] 	#0 : models.architecture.block_type=advanced models.architecture.mamba_type=mamba models.architecture.n_encoder_layers=4 models.architecture.n_decoder_layers=2 training.mode=rollout
/media/egghead/Scratch/joey/Thesis/mavenv/lib/python3.11/site-packages/hydra/_internal/defaults_list.py:251: UserWarning: In 'config': Defaults list is missing `_self_`. See https://hydra.cc/docs/1.2/upgrades/1.0_to_1.1/default_composition_order for more information
  warnings.warn(msg, UserWarning)
models:
  n_dim: 23
  out_dim: 10
  architecture:
    d_model: 128
    n_encoder_layers: 4
    n_decoder_layers: 2
    block_type: advanced
    time_adapter: last_token
    in_norm: none
    out_norm: none
    layer_scale: 0.0001
    drop_path: 0.05
    mamba_type: mamba
    mamba_kwargs:
      d_state: 16
      d_conv: 2
      expand: 2
      norm: rms
    skip: false
    cls_kwargs:
      n_heads: 2
      n_mlp: 2
      positional_encoding: false
      max_len: 5000
input_len: 32
output_len: 1
batch_size: 128
epochs: 5
seed: 0
dataset:
  path: /media/egghead/Scratch/joey/simulation_data/patient_one_data.zarr/
  training_size: 1500000
evaluation:
  path: /media/egghead/Scratch/joey/simulation_data/patient_two_data.zarr/
  evaluation_size: 50
training:
  mode: rollout
  lr: 0.0002
  weight_decay: 0.1
  rollout_steps: 16
checkpoint:
  save_path: hydra-test.pth
  load: false
  path: hydra-test.pth
compile: true

/media/egghead/Scratch/joey/Thesis/mavenv/lib/python3.11/site-packages/torch/_dynamo/variables/functions.py:2311: UserWarning: Dynamo does not know how to trace the builtin `selective_scan_cuda.pybind11_detail_function_record_v1_system_libstdcpp_gxx_abi_1xxx_use_cxx11_abi_1.fwd.` This function is either a Python builtin (e.g. _warnings.warn) or a third-party C/C++ Python extension (perhaps created with pybind).
If it is a Python builtin, please file an issue on GitHub so the PyTorch team can add support for it and see the next case for a workaround.
If it is a third-party C/C++ Python extension, please either wrap it into a PyTorch-understood custom operator (see https://pytorch.org/tutorials/advanced/custom_ops_landing_page.html for more details) or, if it is traceable, use `torch.compiler.allow_in_graph`.
  torch._dynamo.utils.warn_once(explanation + "\n" + "\n".join(hints))
/media/egghead/Scratch/joey/Thesis/mavenv/lib/python3.11/site-packages/torch/_inductor/cudagraph_trees.py:2622: UserWarning: Unable to hit fast path of CUDAGraphs because outputs from a previous step still require backward. Ensure backward() is invoked or detach outputs. You may also call torch.compiler.cudagraph_mark_step_begin() before each model invocation.
  warnings.warn(
name: models.architecture.block_type=advanced
models.architecture.mamba_type=mamba
models.architecture.n_encoder_layers=4
models.architecture.n_decoder_layers=2
training.mode=rollout    avg_loss: 0.000136740302  time_per_window : 0.004104   progress : 0.011
name: models.architecture.block_type=advanced
models.architecture.mamba_type=mamba
models.architecture.n_encoder_layers=4
models.architecture.n_decoder_layers=2
training.mode=rollout    avg_loss: 0.000000707368  time_per_window : 0.006254   progress : 0.022
name: models.architecture.block_type=advanced
models.architecture.mamba_type=mamba
models.architecture.n_encoder_layers=4
models.architecture.n_decoder_layers=2
training.mode=rollout    avg_loss: 0.000000302897  time_per_window : 0.006292   progress : 0.033
name: models.architecture.block_type=advanced
models.architecture.mamba_type=mamba
models.architecture.n_encoder_layers=4
models.architecture.n_decoder_layers=2
training.mode=rollout    avg_loss: 0.000000210873  time_per_window : 0.006277   progress : 0.044
name: models.architecture.block_type=advanced
models.architecture.mamba_type=mamba
models.architecture.n_encoder_layers=4
models.architecture.n_decoder_layers=2
training.mode=rollout    avg_loss: 0.000000171089  time_per_window : 0.006282   progress : 0.055
name: models.architecture.block_type=advanced
models.architecture.mamba_type=mamba
models.architecture.n_encoder_layers=4
models.architecture.n_decoder_layers=2
training.mode=rollout    avg_loss: 0.000000137064  time_per_window : 0.006290   progress : 0.066
name: models.architecture.block_type=advanced
models.architecture.mamba_type=mamba
models.architecture.n_encoder_layers=4
models.architecture.n_decoder_layers=2
training.mode=rollout    avg_loss: 0.000000113399  time_per_window : 0.006305   progress : 0.076
name: models.architecture.block_type=advanced
models.architecture.mamba_type=mamba
models.architecture.n_encoder_layers=4
models.architecture.n_decoder_layers=2
training.mode=rollout    avg_loss: 0.000000094400  time_per_window : 0.006348   progress : 0.087
name: models.architecture.block_type=advanced
models.architecture.mamba_type=mamba
models.architecture.n_encoder_layers=4
models.architecture.n_decoder_layers=2
training.mode=rollout    avg_loss: 0.000000079104  time_per_window : 0.006266   progress : 0.098
name: models.architecture.block_type=advanced
models.architecture.mamba_type=mamba
models.architecture.n_encoder_layers=4
models.architecture.n_decoder_layers=2
training.mode=rollout    avg_loss: 0.000000069022  time_per_window : 0.006283   progress : 0.109
name: models.architecture.block_type=advanced
models.architecture.mamba_type=mamba
models.architecture.n_encoder_layers=4
models.architecture.n_decoder_layers=2
training.mode=rollout    avg_loss: 0.000000063331  time_per_window : 0.004209   progress : 0.120
name: models.architecture.block_type=advanced
models.architecture.mamba_type=mamba
models.architecture.n_encoder_layers=4
models.architecture.n_decoder_layers=2
training.mode=rollout    avg_loss: 0.000000055664  time_per_window : 0.004240   progress : 0.131
name: models.architecture.block_type=advanced
models.architecture.mamba_type=mamba
models.architecture.n_encoder_layers=4
models.architecture.n_decoder_layers=2
training.mode=rollout    avg_loss: 0.000000048541  time_per_window : 0.004212   progress : 0.142
name: models.architecture.block_type=advanced
models.architecture.mamba_type=mamba
models.architecture.n_encoder_layers=4
models.architecture.n_decoder_layers=2
training.mode=rollout    avg_loss: 0.000000044628  time_per_window : 0.004309   progress : 0.153
name: models.architecture.block_type=advanced
models.architecture.mamba_type=mamba
models.architecture.n_encoder_layers=4
models.architecture.n_decoder_layers=2
training.mode=rollout    avg_loss: 0.000000041375  time_per_window : 0.004279   progress : 0.164
name: models.architecture.block_type=advanced
models.architecture.mamba_type=mamba
models.architecture.n_encoder_layers=4
models.architecture.n_decoder_layers=2
training.mode=rollout    avg_loss: 0.000000038995  time_per_window : 0.004214   progress : 0.175
name: models.architecture.block_type=advanced
models.architecture.mamba_type=mamba
models.architecture.n_encoder_layers=4
models.architecture.n_decoder_layers=2
training.mode=rollout    avg_loss: 0.000000038626  time_per_window : 0.004211   progress : 0.186
name: models.architecture.block_type=advanced
models.architecture.mamba_type=mamba
models.architecture.n_encoder_layers=4
models.architecture.n_decoder_layers=2
training.mode=rollout    avg_loss: 0.000000037199  time_per_window : 0.004218   progress : 0.197
name: models.architecture.block_type=advanced
models.architecture.mamba_type=mamba
models.architecture.n_encoder_layers=4
models.architecture.n_decoder_layers=2
training.mode=rollout    avg_loss: 0.000000035532  time_per_window : 0.004206   progress : 0.208
name: models.architecture.block_type=advanced
models.architecture.mamba_type=mamba
models.architecture.n_encoder_layers=4
models.architecture.n_decoder_layers=2
training.mode=rollout    avg_loss: 0.000000034081  time_per_window : 0.004244   progress : 0.218
name: models.architecture.block_type=advanced
models.architecture.mamba_type=mamba
models.architecture.n_encoder_layers=4
models.architecture.n_decoder_layers=2
training.mode=rollout    avg_loss: 0.000000035005  time_per_window : 0.004234   progress : 0.229
name: models.architecture.block_type=advanced
models.architecture.mamba_type=mamba
models.architecture.n_encoder_layers=4
models.architecture.n_decoder_layers=2
training.mode=rollout    avg_loss: 0.000000033409  time_per_window : 0.004218   progress : 0.240
name: models.architecture.block_type=advanced
models.architecture.mamba_type=mamba
models.architecture.n_encoder_layers=4
models.architecture.n_decoder_layers=2
training.mode=rollout    avg_loss: 0.000000036179  time_per_window : 0.004224   progress : 0.251
name: models.architecture.block_type=advanced
models.architecture.mamba_type=mamba
models.architecture.n_encoder_layers=4
models.architecture.n_decoder_layers=2
training.mode=rollout    avg_loss: 0.000000033446  time_per_window : 0.004243   progress : 0.262
name: models.architecture.block_type=advanced
models.architecture.mamba_type=mamba
models.architecture.n_encoder_layers=4
models.architecture.n_decoder_layers=2
training.mode=rollout    avg_loss: 0.000000031766  time_per_window : 0.004212   progress : 0.273
name: models.architecture.block_type=advanced
models.architecture.mamba_type=mamba
models.architecture.n_encoder_layers=4
models.architecture.n_decoder_layers=2
training.mode=rollout    avg_loss: 0.000000031731  time_per_window : 0.004232   progress : 0.284
name: models.architecture.block_type=advanced
models.architecture.mamba_type=mamba
models.architecture.n_encoder_layers=4
models.architecture.n_decoder_layers=2
training.mode=rollout    avg_loss: 0.000000032134  time_per_window : 0.004304   progress : 0.295
name: models.architecture.block_type=advanced
models.architecture.mamba_type=mamba
models.architecture.n_encoder_layers=4
models.architecture.n_decoder_layers=2
training.mode=rollout    avg_loss: 0.000000032450  time_per_window : 0.004230   progress : 0.306
name: models.architecture.block_type=advanced
models.architecture.mamba_type=mamba
models.architecture.n_encoder_layers=4
models.architecture.n_decoder_layers=2
training.mode=rollout    avg_loss: 0.000000032294  time_per_window : 0.004242   progress : 0.317
name: models.architecture.block_type=advanced
models.architecture.mamba_type=mamba
models.architecture.n_encoder_layers=4
models.architecture.n_decoder_layers=2
training.mode=rollout    avg_loss: 0.000000032266  time_per_window : 0.004264   progress : 0.328
name: models.architecture.block_type=advanced
models.architecture.mamba_type=mamba
models.architecture.n_encoder_layers=4
models.architecture.n_decoder_layers=2
training.mode=rollout    avg_loss: 0.000000032640  time_per_window : 0.004208   progress : 0.339
name: models.architecture.block_type=advanced
models.architecture.mamba_type=mamba
models.architecture.n_encoder_layers=4
models.architecture.n_decoder_layers=2
training.mode=rollout    avg_loss: 0.000000031790  time_per_window : 0.004229   progress : 0.350
name: models.architecture.block_type=advanced
models.architecture.mamba_type=mamba
models.architecture.n_encoder_layers=4
models.architecture.n_decoder_layers=2
training.mode=rollout    avg_loss: 0.000000031962  time_per_window : 0.004210   progress : 0.360
name: models.architecture.block_type=advanced
models.architecture.mamba_type=mamba
models.architecture.n_encoder_layers=4
models.architecture.n_decoder_layers=2
training.mode=rollout    avg_loss: 0.000000032025  time_per_window : 0.004184   progress : 0.371
name: models.architecture.block_type=advanced
models.architecture.mamba_type=mamba
models.architecture.n_encoder_layers=4
models.architecture.n_decoder_layers=2
training.mode=rollout    avg_loss: 0.000000029416  time_per_window : 0.004256   progress : 0.382
name: models.architecture.block_type=advanced
models.architecture.mamba_type=mamba
models.architecture.n_encoder_layers=4
models.architecture.n_decoder_layers=2
training.mode=rollout    avg_loss: 0.000000032265  time_per_window : 0.004241   progress : 0.393
name: models.architecture.block_type=advanced
models.architecture.mamba_type=mamba
models.architecture.n_encoder_layers=4
models.architecture.n_decoder_layers=2
training.mode=rollout    avg_loss: 0.000000033705  time_per_window : 0.004233   progress : 0.404
name: models.architecture.block_type=advanced
models.architecture.mamba_type=mamba
models.architecture.n_encoder_layers=4
models.architecture.n_decoder_layers=2
training.mode=rollout    avg_loss: 0.000000030743  time_per_window : 0.004254   progress : 0.415
name: models.architecture.block_type=advanced
models.architecture.mamba_type=mamba
models.architecture.n_encoder_layers=4
models.architecture.n_decoder_layers=2
training.mode=rollout    avg_loss: 0.000000030220  time_per_window : 0.004195   progress : 0.426
name: models.architecture.block_type=advanced
models.architecture.mamba_type=mamba
models.architecture.n_encoder_layers=4
models.architecture.n_decoder_layers=2
training.mode=rollout    avg_loss: 0.000000029193  time_per_window : 0.004246   progress : 0.437
name: models.architecture.block_type=advanced
models.architecture.mamba_type=mamba
models.architecture.n_encoder_layers=4
models.architecture.n_decoder_layers=2
training.mode=rollout    avg_loss: 0.000000030518  time_per_window : 0.004196   progress : 0.448
name: models.architecture.block_type=advanced
models.architecture.mamba_type=mamba
models.architecture.n_encoder_layers=4
models.architecture.n_decoder_layers=2
training.mode=rollout    avg_loss: 0.000000033121  time_per_window : 0.008840   progress : 0.459
name: models.architecture.block_type=advanced
models.architecture.mamba_type=mamba
models.architecture.n_encoder_layers=4
models.architecture.n_decoder_layers=2
training.mode=rollout    avg_loss: 0.000000031375  time_per_window : 0.004147   progress : 0.470
name: models.architecture.block_type=advanced
models.architecture.mamba_type=mamba
models.architecture.n_encoder_layers=4
models.architecture.n_decoder_layers=2
training.mode=rollout    avg_loss: 0.000000031755  time_per_window : 0.004166   progress : 0.481
name: models.architecture.block_type=advanced
models.architecture.mamba_type=mamba
models.architecture.n_encoder_layers=4
models.architecture.n_decoder_layers=2
training.mode=rollout    avg_loss: 0.000000030646  time_per_window : 0.004206   progress : 0.492
name: models.architecture.block_type=advanced
models.architecture.mamba_type=mamba
models.architecture.n_encoder_layers=4
models.architecture.n_decoder_layers=2
training.mode=rollout    avg_loss: 0.000000029488  time_per_window : 0.004233   progress : 0.502
name: models.architecture.block_type=advanced
models.architecture.mamba_type=mamba
models.architecture.n_encoder_layers=4
models.architecture.n_decoder_layers=2
training.mode=rollout    avg_loss: 0.000000029637  time_per_window : 0.004267   progress : 0.513
name: models.architecture.block_type=advanced
models.architecture.mamba_type=mamba
models.architecture.n_encoder_layers=4
models.architecture.n_decoder_layers=2
training.mode=rollout    avg_loss: 0.000000031981  time_per_window : 0.004174   progress : 0.524
name: models.architecture.block_type=advanced
models.architecture.mamba_type=mamba
models.architecture.n_encoder_layers=4
models.architecture.n_decoder_layers=2
training.mode=rollout    avg_loss: 0.000000027988  time_per_window : 0.004236   progress : 0.535
name: models.architecture.block_type=advanced
models.architecture.mamba_type=mamba
models.architecture.n_encoder_layers=4
models.architecture.n_decoder_layers=2
training.mode=rollout    avg_loss: 0.000000032763  time_per_window : 0.004229   progress : 0.546
name: models.architecture.block_type=advanced
models.architecture.mamba_type=mamba
models.architecture.n_encoder_layers=4
models.architecture.n_decoder_layers=2
training.mode=rollout    avg_loss: 0.000000032088  time_per_window : 0.004221   progress : 0.557
name: models.architecture.block_type=advanced
models.architecture.mamba_type=mamba
models.architecture.n_encoder_layers=4
models.architecture.n_decoder_layers=2
training.mode=rollout    avg_loss: 0.000000028523  time_per_window : 0.004217   progress : 0.568
name: models.architecture.block_type=advanced
models.architecture.mamba_type=mamba
models.architecture.n_encoder_layers=4
models.architecture.n_decoder_layers=2
training.mode=rollout    avg_loss: 0.000000029924  time_per_window : 0.004243   progress : 0.579
name: models.architecture.block_type=advanced
models.architecture.mamba_type=mamba
models.architecture.n_encoder_layers=4
models.architecture.n_decoder_layers=2
training.mode=rollout    avg_loss: 0.000000030267  time_per_window : 0.004239   progress : 0.590
name: models.architecture.block_type=advanced
models.architecture.mamba_type=mamba
models.architecture.n_encoder_layers=4
models.architecture.n_decoder_layers=2
training.mode=rollout    avg_loss: 0.000000029827  time_per_window : 0.004256   progress : 0.601
name: models.architecture.block_type=advanced
models.architecture.mamba_type=mamba
models.architecture.n_encoder_layers=4
models.architecture.n_decoder_layers=2
training.mode=rollout    avg_loss: 0.000000032278  time_per_window : 0.004229   progress : 0.612
name: models.architecture.block_type=advanced
models.architecture.mamba_type=mamba
models.architecture.n_encoder_layers=4
models.architecture.n_decoder_layers=2
training.mode=rollout    avg_loss: 0.000000033533  time_per_window : 0.004240   progress : 0.623
name: models.architecture.block_type=advanced
models.architecture.mamba_type=mamba
models.architecture.n_encoder_layers=4
models.architecture.n_decoder_layers=2
training.mode=rollout    avg_loss: 0.000000026591  time_per_window : 0.002589   progress : 0.634
name: models.architecture.block_type=advanced
models.architecture.mamba_type=mamba
models.architecture.n_encoder_layers=4
models.architecture.n_decoder_layers=2
training.mode=rollout    avg_loss: 0.000000030295  time_per_window : 0.004313   progress : 0.644
name: models.architecture.block_type=advanced
models.architecture.mamba_type=mamba
models.architecture.n_encoder_layers=4
models.architecture.n_decoder_layers=2
training.mode=rollout    avg_loss: 0.000000033432  time_per_window : 0.004230   progress : 0.655
name: models.architecture.block_type=advanced
models.architecture.mamba_type=mamba
models.architecture.n_encoder_layers=4
models.architecture.n_decoder_layers=2
training.mode=rollout    avg_loss: 0.000000028667  time_per_window : 0.004356   progress : 0.666
name: models.architecture.block_type=advanced
models.architecture.mamba_type=mamba
models.architecture.n_encoder_layers=4
models.architecture.n_decoder_layers=2
training.mode=rollout    avg_loss: 0.000000030304  time_per_window : 0.004433   progress : 0.677
name: models.architecture.block_type=advanced
models.architecture.mamba_type=mamba
models.architecture.n_encoder_layers=4
models.architecture.n_decoder_layers=2
training.mode=rollout    avg_loss: 0.000000030301  time_per_window : 0.002870   progress : 0.688
name: models.architecture.block_type=advanced
models.architecture.mamba_type=mamba
models.architecture.n_encoder_layers=4
models.architecture.n_decoder_layers=2
training.mode=rollout    avg_loss: 0.000000026219  time_per_window : 0.004308   progress : 0.699/media/egghead/Scratch/joey/Thesis/mavenv/lib/python3.11/site-packages/torch/_inductor/cudagraph_trees.py:2622: UserWarning: Unable to hit fast path of CUDAGraphs because outputs from a previous step still require backward. Ensure backward() is invoked or detach outputs. You may also call torch.compiler.cudagraph_mark_step_begin() before each model invocation.
  warnings.warn(
/media/egghead/Scratch/joey/Thesis/mavenv/lib/python3.11/site-packages/torch/_inductor/cudagraph_trees.py:2622: UserWarning: Unable to hit fast path of CUDAGraphs because outputs from a previous step still require backward. Ensure backward() is invoked or detach outputs. You may also call torch.compiler.cudagraph_mark_step_begin() before each model invocation.
  warnings.warn(

name: models.architecture.block_type=advanced
models.architecture.mamba_type=mamba
models.architecture.n_encoder_layers=4
models.architecture.n_decoder_layers=2
training.mode=rollout    avg_loss: 0.000000033813  time_per_window : 0.004296   progress : 0.710
name: models.architecture.block_type=advanced
models.architecture.mamba_type=mamba
models.architecture.n_encoder_layers=4
models.architecture.n_decoder_layers=2
training.mode=rollout    avg_loss: 0.000000024947  time_per_window : 0.004218   progress : 0.721
name: models.architecture.block_type=advanced
models.architecture.mamba_type=mamba
models.architecture.n_encoder_layers=4
models.architecture.n_decoder_layers=2
training.mode=rollout    avg_loss: 0.000000025863  time_per_window : 0.004233   progress : 0.732
name: models.architecture.block_type=advanced
models.architecture.mamba_type=mamba
models.architecture.n_encoder_layers=4
models.architecture.n_decoder_layers=2
training.mode=rollout    avg_loss: 0.000000031159  time_per_window : 0.004329   progress : 0.743
name: models.architecture.block_type=advanced
models.architecture.mamba_type=mamba
models.architecture.n_encoder_layers=4
models.architecture.n_decoder_layers=2
training.mode=rollout    avg_loss: 0.000000029456  time_per_window : 0.004278   progress : 0.754
name: models.architecture.block_type=advanced
models.architecture.mamba_type=mamba
models.architecture.n_encoder_layers=4
models.architecture.n_decoder_layers=2
training.mode=rollout    avg_loss: 0.000000030106  time_per_window : 0.004314   progress : 0.765
name: models.architecture.block_type=advanced
models.architecture.mamba_type=mamba
models.architecture.n_encoder_layers=4
models.architecture.n_decoder_layers=2
training.mode=rollout    avg_loss: 0.000000028572  time_per_window : 0.004348   progress : 0.775
name: models.architecture.block_type=advanced
models.architecture.mamba_type=mamba
models.architecture.n_encoder_layers=4
models.architecture.n_decoder_layers=2
training.mode=rollout    avg_loss: 0.000000027491  time_per_window : 0.004338   progress : 0.786
name: models.architecture.block_type=advanced
models.architecture.mamba_type=mamba
models.architecture.n_encoder_layers=4
models.architecture.n_decoder_layers=2
training.mode=rollout    avg_loss: 0.000000027690  time_per_window : 0.004319   progress : 0.797
name: models.architecture.block_type=advanced
models.architecture.mamba_type=mamba
models.architecture.n_encoder_layers=4
models.architecture.n_decoder_layers=2
training.mode=rollout    avg_loss: 0.000000025312  time_per_window : 0.004287   progress : 0.808
name: models.architecture.block_type=advanced
models.architecture.mamba_type=mamba
models.architecture.n_encoder_layers=4
models.architecture.n_decoder_layers=2
training.mode=rollout    avg_loss: 0.000000024885  time_per_window : 0.004314   progress : 0.819
name: models.architecture.block_type=advanced
models.architecture.mamba_type=mamba
models.architecture.n_encoder_layers=4
models.architecture.n_decoder_layers=2
training.mode=rollout    avg_loss: 0.000000026891  time_per_window : 0.004257   progress : 0.830
name: models.architecture.block_type=advanced
models.architecture.mamba_type=mamba
models.architecture.n_encoder_layers=4
models.architecture.n_decoder_layers=2
training.mode=rollout    avg_loss: 0.000000026212  time_per_window : 0.004311   progress : 0.841
name: models.architecture.block_type=advanced
models.architecture.mamba_type=mamba
models.architecture.n_encoder_layers=4
models.architecture.n_decoder_layers=2
training.mode=rollout    avg_loss: 0.000000025582  time_per_window : 0.004267   progress : 0.852
name: models.architecture.block_type=advanced
models.architecture.mamba_type=mamba
models.architecture.n_encoder_layers=4
models.architecture.n_decoder_layers=2
training.mode=rollout    avg_loss: 0.000000027111  time_per_window : 0.004275   progress : 0.863
name: models.architecture.block_type=advanced
models.architecture.mamba_type=mamba
models.architecture.n_encoder_layers=4
models.architecture.n_decoder_layers=2
training.mode=rollout    avg_loss: 0.000000028156  time_per_window : 0.004278   progress : 0.874
name: models.architecture.block_type=advanced
models.architecture.mamba_type=mamba
models.architecture.n_encoder_layers=4
models.architecture.n_decoder_layers=2
training.mode=rollout    avg_loss: 0.000000023082  time_per_window : 0.004258   progress : 0.885
name: models.architecture.block_type=advanced
models.architecture.mamba_type=mamba
models.architecture.n_encoder_layers=4
models.architecture.n_decoder_layers=2
training.mode=rollout    avg_loss: 0.000000023548  time_per_window : 0.004362   progress : 0.896
name: models.architecture.block_type=advanced
models.architecture.mamba_type=mamba
models.architecture.n_encoder_layers=4
models.architecture.n_decoder_layers=2
training.mode=rollout    avg_loss: 0.000000023715  time_per_window : 0.004225   progress : 0.907
name: models.architecture.block_type=advanced
models.architecture.mamba_type=mamba
models.architecture.n_encoder_layers=4
models.architecture.n_decoder_layers=2
training.mode=rollout    avg_loss: 0.000000024113  time_per_window : 0.004286   progress : 0.917
name: models.architecture.block_type=advanced
models.architecture.mamba_type=mamba
models.architecture.n_encoder_layers=4
models.architecture.n_decoder_layers=2
training.mode=rollout    avg_loss: 0.000000023636  time_per_window : 0.004275   progress : 0.928
name: models.architecture.block_type=advanced
models.architecture.mamba_type=mamba
models.architecture.n_encoder_layers=4
models.architecture.n_decoder_layers=2
training.mode=rollout    avg_loss: 0.000000028137  time_per_window : 0.004307   progress : 0.939
name: models.architecture.block_type=advanced
models.architecture.mamba_type=mamba
models.architecture.n_encoder_layers=4
models.architecture.n_decoder_layers=2
training.mode=rollout    avg_loss: 0.000000026367  time_per_window : 0.004215   progress : 0.950
name: models.architecture.block_type=advanced
models.architecture.mamba_type=mamba
models.architecture.n_encoder_layers=4
models.architecture.n_decoder_layers=2
training.mode=rollout    avg_loss: 0.000000022640  time_per_window : 0.004276   progress : 0.961
name: models.architecture.block_type=advanced
models.architecture.mamba_type=mamba
models.architecture.n_encoder_layers=4
models.architecture.n_decoder_layers=2
training.mode=rollout    avg_loss: 0.000000022345  time_per_window : 0.004304   progress : 0.972
name: models.architecture.block_type=advanced
models.architecture.mamba_type=mamba
models.architecture.n_encoder_layers=4
models.architecture.n_decoder_layers=2
training.mode=rollout    avg_loss: 0.000000024194  time_per_window : 0.004467   progress : 0.983
name: models.architecture.block_type=advanced
models.architecture.mamba_type=mamba
models.architecture.n_encoder_layers=4
models.architecture.n_decoder_layers=2
training.mode=rollout    avg_loss: 0.000000022646  time_per_window : 0.004232   progress : 0.994
name: models.architecture.block_type=advanced
models.architecture.mamba_type=mamba
models.architecture.n_encoder_layers=4
models.architecture.n_decoder_layers=2
training.mode=rollout    avg_loss: 0.000000035298  time_per_window : 0.004353   progress : 0.011
name: models.architecture.block_type=advanced
models.architecture.mamba_type=mamba
models.architecture.n_encoder_layers=4
models.architecture.n_decoder_layers=2
training.mode=rollout    avg_loss: 0.000000027791  time_per_window : 0.004407   progress : 0.022
name: models.architecture.block_type=advanced
models.architecture.mamba_type=mamba
models.architecture.n_encoder_layers=4
models.architecture.n_decoder_layers=2
training.mode=rollout    avg_loss: 0.000000029087  time_per_window : 0.004673   progress : 0.033
name: models.architecture.block_type=advanced
models.architecture.mamba_type=mamba
models.architecture.n_encoder_layers=4
models.architecture.n_decoder_layers=2
training.mode=rollout    avg_loss: 0.000000025652  time_per_window : 0.004408   progress : 0.044
name: models.architecture.block_type=advanced
models.architecture.mamba_type=mamba
models.architecture.n_encoder_layers=4
models.architecture.n_decoder_layers=2
training.mode=rollout    avg_loss: 0.000000028346  time_per_window : 0.004470   progress : 0.055
name: models.architecture.block_type=advanced
models.architecture.mamba_type=mamba
models.architecture.n_encoder_layers=4
models.architecture.n_decoder_layers=2
training.mode=rollout    avg_loss: 0.000000022645  time_per_window : 0.004494   progress : 0.066
name: models.architecture.block_type=advanced
models.architecture.mamba_type=mamba
models.architecture.n_encoder_layers=4
models.architecture.n_decoder_layers=2
training.mode=rollout    avg_loss: 0.000000030540  time_per_window : 0.004525   progress : 0.076
name: models.architecture.block_type=advanced
models.architecture.mamba_type=mamba
models.architecture.n_encoder_layers=4
models.architecture.n_decoder_layers=2
training.mode=rollout    avg_loss: 0.000000024555  time_per_window : 0.004364   progress : 0.087
name: models.architecture.block_type=advanced
models.architecture.mamba_type=mamba
models.architecture.n_encoder_layers=4
models.architecture.n_decoder_layers=2
training.mode=rollout    avg_loss: 0.000000024076  time_per_window : 0.004424   progress : 0.098
name: models.architecture.block_type=advanced
models.architecture.mamba_type=mamba
models.architecture.n_encoder_layers=4
models.architecture.n_decoder_layers=2
training.mode=rollout    avg_loss: 0.000000025489  time_per_window : 0.004411   progress : 0.109
name: models.architecture.block_type=advanced
models.architecture.mamba_type=mamba
models.architecture.n_encoder_layers=4
models.architecture.n_decoder_layers=2
training.mode=rollout    avg_loss: 0.000000024680  time_per_window : 0.004328   progress : 0.120
name: models.architecture.block_type=advanced
models.architecture.mamba_type=mamba
models.architecture.n_encoder_layers=4
models.architecture.n_decoder_layers=2
training.mode=rollout    avg_loss: 0.000000026190  time_per_window : 0.004503   progress : 0.131
name: models.architecture.block_type=advanced
models.architecture.mamba_type=mamba
models.architecture.n_encoder_layers=4
models.architecture.n_decoder_layers=2
training.mode=rollout    avg_loss: 0.000000023284  time_per_window : 0.004414   progress : 0.142
name: models.architecture.block_type=advanced
models.architecture.mamba_type=mamba
models.architecture.n_encoder_layers=4
models.architecture.n_decoder_layers=2
training.mode=rollout    avg_loss: 0.000000025695  time_per_window : 0.004496   progress : 0.153
name: models.architecture.block_type=advanced
models.architecture.mamba_type=mamba
models.architecture.n_encoder_layers=4
models.architecture.n_decoder_layers=2
training.mode=rollout    avg_loss: 0.000000024709  time_per_window : 0.004369   progress : 0.164
name: models.architecture.block_type=advanced
models.architecture.mamba_type=mamba
models.architecture.n_encoder_layers=4
models.architecture.n_decoder_layers=2
training.mode=rollout    avg_loss: 0.000000025631  time_per_window : 0.004444   progress : 0.175
name: models.architecture.block_type=advanced
models.architecture.mamba_type=mamba
models.architecture.n_encoder_layers=4
models.architecture.n_decoder_layers=2
training.mode=rollout    avg_loss: 0.000000022105  time_per_window : 0.004448   progress : 0.186
name: models.architecture.block_type=advanced
models.architecture.mamba_type=mamba
models.architecture.n_encoder_layers=4
models.architecture.n_decoder_layers=2
training.mode=rollout    avg_loss: 0.000000022225  time_per_window : 0.004392   progress : 0.197
name: models.architecture.block_type=advanced
models.architecture.mamba_type=mamba
models.architecture.n_encoder_layers=4
models.architecture.n_decoder_layers=2
training.mode=rollout    avg_loss: 0.000000019772  time_per_window : 0.004380   progress : 0.208
name: models.architecture.block_type=advanced
models.architecture.mamba_type=mamba
models.architecture.n_encoder_layers=4
models.architecture.n_decoder_layers=2
training.mode=rollout    avg_loss: 0.000000023536  time_per_window : 0.004455   progress : 0.218
name: models.architecture.block_type=advanced
models.architecture.mamba_type=mamba
models.architecture.n_encoder_layers=4
models.architecture.n_decoder_layers=2
training.mode=rollout    avg_loss: 0.000000025596  time_per_window : 0.004377   progress : 0.229
name: models.architecture.block_type=advanced
models.architecture.mamba_type=mamba
models.architecture.n_encoder_layers=4
models.architecture.n_decoder_layers=2
training.mode=rollout    avg_loss: 0.000000024024  time_per_window : 0.004528   progress : 0.240
name: models.architecture.block_type=advanced
models.architecture.mamba_type=mamba
models.architecture.n_encoder_layers=4
models.architecture.n_decoder_layers=2
training.mode=rollout    avg_loss: 0.000000024557  time_per_window : 0.004632   progress : 0.251
name: models.architecture.block_type=advanced
models.architecture.mamba_type=mamba
models.architecture.n_encoder_layers=4
models.architecture.n_decoder_layers=2
training.mode=rollout    avg_loss: 0.000000023152  time_per_window : 0.004280   progress : 0.262
name: models.architecture.block_type=advanced
models.architecture.mamba_type=mamba
models.architecture.n_encoder_layers=4
models.architecture.n_decoder_layers=2
training.mode=rollout    avg_loss: 0.000000021863  time_per_window : 0.004356   progress : 0.273
name: models.architecture.block_type=advanced
models.architecture.mamba_type=mamba
models.architecture.n_encoder_layers=4
models.architecture.n_decoder_layers=2
training.mode=rollout    avg_loss: 0.000000030549  time_per_window : 0.004618   progress : 0.284
name: models.architecture.block_type=advanced
models.architecture.mamba_type=mamba
models.architecture.n_encoder_layers=4
models.architecture.n_decoder_layers=2
training.mode=rollout    avg_loss: 0.000000020907  time_per_window : 0.004548   progress : 0.295
name: models.architecture.block_type=advanced
models.architecture.mamba_type=mamba
models.architecture.n_encoder_layers=4
models.architecture.n_decoder_layers=2
training.mode=rollout    avg_loss: 0.000000021046  time_per_window : 0.004413   progress : 0.306
name: models.architecture.block_type=advanced
models.architecture.mamba_type=mamba
models.architecture.n_encoder_layers=4
models.architecture.n_decoder_layers=2
training.mode=rollout    avg_loss: 0.000000023641  time_per_window : 0.004397   progress : 0.317
name: models.architecture.block_type=advanced
models.architecture.mamba_type=mamba
models.architecture.n_encoder_layers=4
models.architecture.n_decoder_layers=2
training.mode=rollout    avg_loss: 0.000000025732  time_per_window : 0.004472   progress : 0.328
name: models.architecture.block_type=advanced
models.architecture.mamba_type=mamba
models.architecture.n_encoder_layers=4
models.architecture.n_decoder_layers=2
training.mode=rollout    avg_loss: 0.000000022061  time_per_window : 0.004613   progress : 0.339
name: models.architecture.block_type=advanced
models.architecture.mamba_type=mamba
models.architecture.n_encoder_layers=4
models.architecture.n_decoder_layers=2
training.mode=rollout    avg_loss: 0.000000022018  time_per_window : 0.004344   progress : 0.350
name: models.architecture.block_type=advanced
models.architecture.mamba_type=mamba
models.architecture.n_encoder_layers=4
models.architecture.n_decoder_layers=2
training.mode=rollout    avg_loss: 0.000000024445  time_per_window : 0.004331   progress : 0.360
name: models.architecture.block_type=advanced
models.architecture.mamba_type=mamba
models.architecture.n_encoder_layers=4
models.architecture.n_decoder_layers=2
training.mode=rollout    avg_loss: 0.000000024671  time_per_window : 0.004433   progress : 0.371
name: models.architecture.block_type=advanced
models.architecture.mamba_type=mamba
models.architecture.n_encoder_layers=4
models.architecture.n_decoder_layers=2
training.mode=rollout    avg_loss: 0.000000017953  time_per_window : 0.004406   progress : 0.382
name: models.architecture.block_type=advanced
models.architecture.mamba_type=mamba
models.architecture.n_encoder_layers=4
models.architecture.n_decoder_layers=2
training.mode=rollout    avg_loss: 0.000000024490  time_per_window : 0.004331   progress : 0.393
name: models.architecture.block_type=advanced
models.architecture.mamba_type=mamba
models.architecture.n_encoder_layers=4
models.architecture.n_decoder_layers=2
training.mode=rollout    avg_loss: 0.000000027995  time_per_window : 0.004258   progress : 0.404
name: models.architecture.block_type=advanced
models.architecture.mamba_type=mamba
models.architecture.n_encoder_layers=4
models.architecture.n_decoder_layers=2
training.mode=rollout    avg_loss: 0.000000020304  time_per_window : 0.004430   progress : 0.415
name: models.architecture.block_type=advanced
models.architecture.mamba_type=mamba
models.architecture.n_encoder_layers=4
models.architecture.n_decoder_layers=2
training.mode=rollout    avg_loss: 0.000000019764  time_per_window : 0.004314   progress : 0.426
name: models.architecture.block_type=advanced
models.architecture.mamba_type=mamba
models.architecture.n_encoder_layers=4
models.architecture.n_decoder_layers=2
training.mode=rollout    avg_loss: 0.000000020575  time_per_window : 0.004402   progress : 0.437
name: models.architecture.block_type=advanced
models.architecture.mamba_type=mamba
models.architecture.n_encoder_layers=4
models.architecture.n_decoder_layers=2
training.mode=rollout    avg_loss: 0.000000023631  time_per_window : 0.004324   progress : 0.448
name: models.architecture.block_type=advanced
models.architecture.mamba_type=mamba
models.architecture.n_encoder_layers=4
models.architecture.n_decoder_layers=2
training.mode=rollout    avg_loss: 0.000000021874  time_per_window : 0.004380   progress : 0.459
name: models.architecture.block_type=advanced
models.architecture.mamba_type=mamba
models.architecture.n_encoder_layers=4
models.architecture.n_decoder_layers=2
training.mode=rollout    avg_loss: 0.000000020576  time_per_window : 0.004432   progress : 0.470
name: models.architecture.block_type=advanced
models.architecture.mamba_type=mamba
models.architecture.n_encoder_layers=4
models.architecture.n_decoder_layers=2
training.mode=rollout    avg_loss: 0.000000020582  time_per_window : 0.004364   progress : 0.481
name: models.architecture.block_type=advanced
models.architecture.mamba_type=mamba
models.architecture.n_encoder_layers=4
models.architecture.n_decoder_layers=2
training.mode=rollout    avg_loss: 0.000000022027  time_per_window : 0.004406   progress : 0.492
name: models.architecture.block_type=advanced
models.architecture.mamba_type=mamba
models.architecture.n_encoder_layers=4
models.architecture.n_decoder_layers=2
training.mode=rollout    avg_loss: 0.000000016919  time_per_window : 0.004386   progress : 0.502
name: models.architecture.block_type=advanced
models.architecture.mamba_type=mamba
models.architecture.n_encoder_layers=4
models.architecture.n_decoder_layers=2
training.mode=rollout    avg_loss: 0.000000022745  time_per_window : 0.004321   progress : 0.513
name: models.architecture.block_type=advanced
models.architecture.mamba_type=mamba
models.architecture.n_encoder_layers=4
models.architecture.n_decoder_layers=2
training.mode=rollout    avg_loss: 0.000000025163  time_per_window : 0.004415   progress : 0.524
name: models.architecture.block_type=advanced
models.architecture.mamba_type=mamba
models.architecture.n_encoder_layers=4
models.architecture.n_decoder_layers=2
training.mode=rollout    avg_loss: 0.000000016275  time_per_window : 0.004405   progress : 0.535
name: models.architecture.block_type=advanced
models.architecture.mamba_type=mamba
models.architecture.n_encoder_layers=4
models.architecture.n_decoder_layers=2
training.mode=rollout    avg_loss: 0.000000017638  time_per_window : 0.013535   progress : 0.546
name: models.architecture.block_type=advanced
models.architecture.mamba_type=mamba
models.architecture.n_encoder_layers=4
models.architecture.n_decoder_layers=2
training.mode=rollout    avg_loss: 0.000000018617  time_per_window : 0.004320   progress : 0.557
name: models.architecture.block_type=advanced
models.architecture.mamba_type=mamba
models.architecture.n_encoder_layers=4
models.architecture.n_decoder_layers=2
training.mode=rollout    avg_loss: 0.000000018279  time_per_window : 0.004315   progress : 0.568
name: models.architecture.block_type=advanced
models.architecture.mamba_type=mamba
models.architecture.n_encoder_layers=4
models.architecture.n_decoder_layers=2
training.mode=rollout    avg_loss: 0.000000018190  time_per_window : 0.004379   progress : 0.579
name: models.architecture.block_type=advanced
models.architecture.mamba_type=mamba
models.architecture.n_encoder_layers=4
models.architecture.n_decoder_layers=2
training.mode=rollout    avg_loss: 0.000000017950  time_per_window : 0.004258   progress : 0.590
name: models.architecture.block_type=advanced
models.architecture.mamba_type=mamba
models.architecture.n_encoder_layers=4
models.architecture.n_decoder_layers=2
training.mode=rollout    avg_loss: 0.000000018959  time_per_window : 0.004317   progress : 0.601
name: models.architecture.block_type=advanced
models.architecture.mamba_type=mamba
models.architecture.n_encoder_layers=4
models.architecture.n_decoder_layers=2
training.mode=rollout    avg_loss: 0.000000018694  time_per_window : 0.004411   progress : 0.612
name: models.architecture.block_type=advanced
models.architecture.mamba_type=mamba
models.architecture.n_encoder_layers=4
models.architecture.n_decoder_layers=2
training.mode=rollout    avg_loss: 0.000000016635  time_per_window : 0.004388   progress : 0.623
name: models.architecture.block_type=advanced
models.architecture.mamba_type=mamba
models.architecture.n_encoder_layers=4
models.architecture.n_decoder_layers=2
training.mode=rollout    avg_loss: 0.000000017473  time_per_window : 0.004348   progress : 0.634
name: models.architecture.block_type=advanced
models.architecture.mamba_type=mamba
models.architecture.n_encoder_layers=4
models.architecture.n_decoder_layers=2
training.mode=rollout    avg_loss: 0.000000014273  time_per_window : 0.004404   progress : 0.644
name: models.architecture.block_type=advanced
models.architecture.mamba_type=mamba
models.architecture.n_encoder_layers=4
models.architecture.n_decoder_layers=2
training.mode=rollout    avg_loss: 0.000000016601  time_per_window : 0.004357   progress : 0.655
name: models.architecture.block_type=advanced
models.architecture.mamba_type=mamba
models.architecture.n_encoder_layers=4
models.architecture.n_decoder_layers=2
training.mode=rollout    avg_loss: 0.000000013170  time_per_window : 0.004401   progress : 0.666
name: models.architecture.block_type=advanced
models.architecture.mamba_type=mamba
models.architecture.n_encoder_layers=4
models.architecture.n_decoder_layers=2
training.mode=rollout    avg_loss: 0.000000015744  time_per_window : 0.004465   progress : 0.677
name: models.architecture.block_type=advanced
models.architecture.mamba_type=mamba
models.architecture.n_encoder_layers=4
models.architecture.n_decoder_layers=2
training.mode=rollout    avg_loss: 0.000000011161  time_per_window : 0.004470   progress : 0.688
name: models.architecture.block_type=advanced
models.architecture.mamba_type=mamba
models.architecture.n_encoder_layers=4
models.architecture.n_decoder_layers=2
training.mode=rollout    avg_loss: 0.000000011849  time_per_window : 0.004445   progress : 0.699
name: models.architecture.block_type=advanced
models.architecture.mamba_type=mamba
models.architecture.n_encoder_layers=4
models.architecture.n_decoder_layers=2
training.mode=rollout    avg_loss: 0.000000012526  time_per_window : 0.004290   progress : 0.710
name: models.architecture.block_type=advanced
models.architecture.mamba_type=mamba
models.architecture.n_encoder_layers=4
models.architecture.n_decoder_layers=2
training.mode=rollout    avg_loss: 0.000000011748  time_per_window : 0.004444   progress : 0.721
name: models.architecture.block_type=advanced
models.architecture.mamba_type=mamba
models.architecture.n_encoder_layers=4
models.architecture.n_decoder_layers=2
training.mode=rollout    avg_loss: 0.000000011579  time_per_window : 0.004351   progress : 0.732
name: models.architecture.block_type=advanced
models.architecture.mamba_type=mamba
models.architecture.n_encoder_layers=4
models.architecture.n_decoder_layers=2
training.mode=rollout    avg_loss: 0.000000010953  time_per_window : 0.004377   progress : 0.743
name: models.architecture.block_type=advanced
models.architecture.mamba_type=mamba
models.architecture.n_encoder_layers=4
models.architecture.n_decoder_layers=2
training.mode=rollout    avg_loss: 0.000000011759  time_per_window : 0.003678   progress : 0.754
name: models.architecture.block_type=advanced
models.architecture.mamba_type=mamba
models.architecture.n_encoder_layers=4
models.architecture.n_decoder_layers=2
training.mode=rollout    avg_loss: 0.000000011522  time_per_window : 0.004318   progress : 0.765
name: models.architecture.block_type=advanced
models.architecture.mamba_type=mamba
models.architecture.n_encoder_layers=4
models.architecture.n_decoder_layers=2
training.mode=rollout    avg_loss: 0.000000010212  time_per_window : 0.004296   progress : 0.775
name: models.architecture.block_type=advanced
models.architecture.mamba_type=mamba
models.architecture.n_encoder_layers=4
models.architecture.n_decoder_layers=2
training.mode=rollout    avg_loss: 0.000000011120  time_per_window : 0.004428   progress : 0.786
name: models.architecture.block_type=advanced
models.architecture.mamba_type=mamba
models.architecture.n_encoder_layers=4
models.architecture.n_decoder_layers=2
training.mode=rollout    avg_loss: 0.000000013109  time_per_window : 0.004313   progress : 0.797
name: models.architecture.block_type=advanced
models.architecture.mamba_type=mamba
models.architecture.n_encoder_layers=4
models.architecture.n_decoder_layers=2
training.mode=rollout    avg_loss: 0.000000011750  time_per_window : 0.004401   progress : 0.808
name: models.architecture.block_type=advanced
models.architecture.mamba_type=mamba
models.architecture.n_encoder_layers=4
models.architecture.n_decoder_layers=2
training.mode=rollout    avg_loss: 0.000000010461  time_per_window : 0.004436   progress : 0.819
name: models.architecture.block_type=advanced
models.architecture.mamba_type=mamba
models.architecture.n_encoder_layers=4
models.architecture.n_decoder_layers=2
training.mode=rollout    avg_loss: 0.000000010842  time_per_window : 0.004375   progress : 0.830
name: models.architecture.block_type=advanced
models.architecture.mamba_type=mamba
models.architecture.n_encoder_layers=4
models.architecture.n_decoder_layers=2
training.mode=rollout    avg_loss: 0.000000010144  time_per_window : 0.004320   progress : 0.841
name: models.architecture.block_type=advanced
models.architecture.mamba_type=mamba
models.architecture.n_encoder_layers=4
models.architecture.n_decoder_layers=2
training.mode=rollout    avg_loss: 0.000000011172  time_per_window : 0.004360   progress : 0.852
name: models.architecture.block_type=advanced
models.architecture.mamba_type=mamba
models.architecture.n_encoder_layers=4
models.architecture.n_decoder_layers=2
training.mode=rollout    avg_loss: 0.000000011076  time_per_window : 0.004446   progress : 0.863
name: models.architecture.block_type=advanced
models.architecture.mamba_type=mamba
models.architecture.n_encoder_layers=4
models.architecture.n_decoder_layers=2
training.mode=rollout    avg_loss: 0.000000011255  time_per_window : 0.004393   progress : 0.874
name: models.architecture.block_type=advanced
models.architecture.mamba_type=mamba
models.architecture.n_encoder_layers=4
models.architecture.n_decoder_layers=2
training.mode=rollout    avg_loss: 0.000000010590  time_per_window : 0.004507   progress : 0.885
name: models.architecture.block_type=advanced
models.architecture.mamba_type=mamba
models.architecture.n_encoder_layers=4
models.architecture.n_decoder_layers=2
training.mode=rollout    avg_loss: 0.000000011931  time_per_window : 0.004412   progress : 0.896
name: models.architecture.block_type=advanced
models.architecture.mamba_type=mamba
models.architecture.n_encoder_layers=4
models.architecture.n_decoder_layers=2
training.mode=rollout    avg_loss: 0.000000009584  time_per_window : 0.004426   progress : 0.907
name: models.architecture.block_type=advanced
models.architecture.mamba_type=mamba
models.architecture.n_encoder_layers=4
models.architecture.n_decoder_layers=2
training.mode=rollout    avg_loss: 0.000000009084  time_per_window : 0.004410   progress : 0.917
name: models.architecture.block_type=advanced
models.architecture.mamba_type=mamba
models.architecture.n_encoder_layers=4
models.architecture.n_decoder_layers=2
training.mode=rollout    avg_loss: 0.000000010959  time_per_window : 0.002735   progress : 0.928
name: models.architecture.block_type=advanced
models.architecture.mamba_type=mamba
models.architecture.n_encoder_layers=4
models.architecture.n_decoder_layers=2
training.mode=rollout    avg_loss: 0.000000010605  time_per_window : 0.004344   progress : 0.939
name: models.architecture.block_type=advanced
models.architecture.mamba_type=mamba
models.architecture.n_encoder_layers=4
models.architecture.n_decoder_layers=2
training.mode=rollout    avg_loss: 0.000000009704  time_per_window : 0.004375   progress : 0.950
name: models.architecture.block_type=advanced
models.architecture.mamba_type=mamba
models.architecture.n_encoder_layers=4
models.architecture.n_decoder_layers=2
training.mode=rollout    avg_loss: 0.000000009970  time_per_window : 0.004349   progress : 0.961
name: models.architecture.block_type=advanced
models.architecture.mamba_type=mamba
models.architecture.n_encoder_layers=4
models.architecture.n_decoder_layers=2
training.mode=rollout    avg_loss: 0.000000009455  time_per_window : 0.004446   progress : 0.972
name: models.architecture.block_type=advanced
models.architecture.mamba_type=mamba
models.architecture.n_encoder_layers=4
models.architecture.n_decoder_layers=2
training.mode=rollout    avg_loss: 0.000000009156  time_per_window : 0.004451   progress : 0.983
name: models.architecture.block_type=advanced
models.architecture.mamba_type=mamba
models.architecture.n_encoder_layers=4
models.architecture.n_decoder_layers=2
training.mode=rollout    avg_loss: 0.000000010351  time_per_window : 0.004369   progress : 0.994
name: models.architecture.block_type=advanced
models.architecture.mamba_type=mamba
models.architecture.n_encoder_layers=4
models.architecture.n_decoder_layers=2
training.mode=rollout    avg_loss: 0.000001378918  time_per_window : 0.004204   progress : 0.011
name: models.architecture.block_type=advanced
models.architecture.mamba_type=mamba
models.architecture.n_encoder_layers=4
models.architecture.n_decoder_layers=2
training.mode=rollout    avg_loss: 0.000000149682  time_per_window : 0.004423   progress : 0.022
name: models.architecture.block_type=advanced
models.architecture.mamba_type=mamba
models.architecture.n_encoder_layers=4
models.architecture.n_decoder_layers=2
training.mode=rollout    avg_loss: 0.000000112611  time_per_window : 0.004391   progress : 0.033
name: models.architecture.block_type=advanced
models.architecture.mamba_type=mamba
models.architecture.n_encoder_layers=4
models.architecture.n_decoder_layers=2
training.mode=rollout    avg_loss: 0.000000100151  time_per_window : 0.004368   progress : 0.044
name: models.architecture.block_type=advanced
models.architecture.mamba_type=mamba
models.architecture.n_encoder_layers=4
models.architecture.n_decoder_layers=2
training.mode=rollout    avg_loss: 0.000000112355  time_per_window : 0.004400   progress : 0.055
name: models.architecture.block_type=advanced
models.architecture.mamba_type=mamba
models.architecture.n_encoder_layers=4
models.architecture.n_decoder_layers=2
training.mode=rollout    avg_loss: 0.000000091346  time_per_window : 0.004404   progress : 0.066
name: models.architecture.block_type=advanced
models.architecture.mamba_type=mamba
models.architecture.n_encoder_layers=4
models.architecture.n_decoder_layers=2
training.mode=rollout    avg_loss: 0.000000094497  time_per_window : 0.004463   progress : 0.076
name: models.architecture.block_type=advanced
models.architecture.mamba_type=mamba
models.architecture.n_encoder_layers=4
models.architecture.n_decoder_layers=2
training.mode=rollout    avg_loss: 0.000000081762  time_per_window : 0.004338   progress : 0.087
name: models.architecture.block_type=advanced
models.architecture.mamba_type=mamba
models.architecture.n_encoder_layers=4
models.architecture.n_decoder_layers=2
training.mode=rollout    avg_loss: 0.000000084967  time_per_window : 0.004457   progress : 0.098
name: models.architecture.block_type=advanced
models.architecture.mamba_type=mamba
models.architecture.n_encoder_layers=4
models.architecture.n_decoder_layers=2
training.mode=rollout    avg_loss: 0.000000071975  time_per_window : 0.004447   progress : 0.109
name: models.architecture.block_type=advanced
models.architecture.mamba_type=mamba
models.architecture.n_encoder_layers=4
models.architecture.n_decoder_layers=2
training.mode=rollout    avg_loss: 0.000000066012  time_per_window : 0.004445   progress : 0.120
name: models.architecture.block_type=advanced
models.architecture.mamba_type=mamba
models.architecture.n_encoder_layers=4
models.architecture.n_decoder_layers=2
training.mode=rollout    avg_loss: 0.000000058443  time_per_window : 0.004423   progress : 0.131
name: models.architecture.block_type=advanced
models.architecture.mamba_type=mamba
models.architecture.n_encoder_layers=4
models.architecture.n_decoder_layers=2
training.mode=rollout    avg_loss: 0.000000039682  time_per_window : 0.004408   progress : 0.142
name: models.architecture.block_type=advanced
models.architecture.mamba_type=mamba
models.architecture.n_encoder_layers=4
models.architecture.n_decoder_layers=2
training.mode=rollout    avg_loss: 0.000000042773  time_per_window : 0.004361   progress : 0.153
name: models.architecture.block_type=advanced
models.architecture.mamba_type=mamba
models.architecture.n_encoder_layers=4
models.architecture.n_decoder_layers=2
training.mode=rollout    avg_loss: 0.000000025497  time_per_window : 0.004424   progress : 0.164
name: models.architecture.block_type=advanced
models.architecture.mamba_type=mamba
models.architecture.n_encoder_layers=4
models.architecture.n_decoder_layers=2
training.mode=rollout    avg_loss: 0.000000024657  time_per_window : 0.004365   progress : 0.175
name: models.architecture.block_type=advanced
models.architecture.mamba_type=mamba
models.architecture.n_encoder_layers=4
models.architecture.n_decoder_layers=2
training.mode=rollout    avg_loss: 0.000000024864  time_per_window : 0.004354   progress : 0.186
name: models.architecture.block_type=advanced
models.architecture.mamba_type=mamba
models.architecture.n_encoder_layers=4
models.architecture.n_decoder_layers=2
training.mode=rollout    avg_loss: 0.000000022338  time_per_window : 0.004343   progress : 0.197
name: models.architecture.block_type=advanced
models.architecture.mamba_type=mamba
models.architecture.n_encoder_layers=4
models.architecture.n_decoder_layers=2
training.mode=rollout    avg_loss: 0.000000023297  time_per_window : 0.004433   progress : 0.208
name: models.architecture.block_type=advanced
models.architecture.mamba_type=mamba
models.architecture.n_encoder_layers=4
models.architecture.n_decoder_layers=2
training.mode=rollout    avg_loss: 0.000000021243  time_per_window : 0.004407   progress : 0.218
name: models.architecture.block_type=advanced
models.architecture.mamba_type=mamba
models.architecture.n_encoder_layers=4
models.architecture.n_decoder_layers=2
training.mode=rollout    avg_loss: 0.000000021951  time_per_window : 0.004219   progress : 0.229
name: models.architecture.block_type=advanced
models.architecture.mamba_type=mamba
models.architecture.n_encoder_layers=4
models.architecture.n_decoder_layers=2
training.mode=rollout    avg_loss: 0.000000023078  time_per_window : 0.004340   progress : 0.240
name: models.architecture.block_type=advanced
models.architecture.mamba_type=mamba
models.architecture.n_encoder_layers=4
models.architecture.n_decoder_layers=2
training.mode=rollout    avg_loss: 0.000000031204  time_per_window : 0.004455   progress : 0.251
name: models.architecture.block_type=advanced
models.architecture.mamba_type=mamba
models.architecture.n_encoder_layers=4
models.architecture.n_decoder_layers=2
training.mode=rollout    avg_loss: 0.000000021390  time_per_window : 0.004457   progress : 0.262
name: models.architecture.block_type=advanced
models.architecture.mamba_type=mamba
models.architecture.n_encoder_layers=4
models.architecture.n_decoder_layers=2
training.mode=rollout    avg_loss: 0.000000027928  time_per_window : 0.004404   progress : 0.273
name: models.architecture.block_type=advanced
models.architecture.mamba_type=mamba
models.architecture.n_encoder_layers=4
models.architecture.n_decoder_layers=2
training.mode=rollout    avg_loss: 0.000000025193  time_per_window : 0.004445   progress : 0.284
name: models.architecture.block_type=advanced
models.architecture.mamba_type=mamba
models.architecture.n_encoder_layers=4
models.architecture.n_decoder_layers=2
training.mode=rollout    avg_loss: 0.000000021697  time_per_window : 0.004461   progress : 0.295
name: models.architecture.block_type=advanced
models.architecture.mamba_type=mamba
models.architecture.n_encoder_layers=4
models.architecture.n_decoder_layers=2
training.mode=rollout    avg_loss: 0.000000022375  time_per_window : 0.004370   progress : 0.306
name: models.architecture.block_type=advanced
models.architecture.mamba_type=mamba
models.architecture.n_encoder_layers=4
models.architecture.n_decoder_layers=2
training.mode=rollout    avg_loss: 0.000000024392  time_per_window : 0.004454   progress : 0.317
name: models.architecture.block_type=advanced
models.architecture.mamba_type=mamba
models.architecture.n_encoder_layers=4
models.architecture.n_decoder_layers=2
training.mode=rollout    avg_loss: 0.000000025242  time_per_window : 0.004428   progress : 0.328
name: models.architecture.block_type=advanced
models.architecture.mamba_type=mamba
models.architecture.n_encoder_layers=4
models.architecture.n_decoder_layers=2
training.mode=rollout    avg_loss: 0.000000024804  time_per_window : 0.004440   progress : 0.339
name: models.architecture.block_type=advanced
models.architecture.mamba_type=mamba
models.architecture.n_encoder_layers=4
models.architecture.n_decoder_layers=2
training.mode=rollout    avg_loss: 0.000000026979  time_per_window : 0.004366   progress : 0.350
name: models.architecture.block_type=advanced
models.architecture.mamba_type=mamba
models.architecture.n_encoder_layers=4
models.architecture.n_decoder_layers=2
training.mode=rollout    avg_loss: 0.000000023652  time_per_window : 0.004436   progress : 0.360
name: models.architecture.block_type=advanced
models.architecture.mamba_type=mamba
models.architecture.n_encoder_layers=4
models.architecture.n_decoder_layers=2
training.mode=rollout    avg_loss: 0.000000022619  time_per_window : 0.004463   progress : 0.371
name: models.architecture.block_type=advanced
models.architecture.mamba_type=mamba
models.architecture.n_encoder_layers=4
models.architecture.n_decoder_layers=2
training.mode=rollout    avg_loss: 0.000000027266  time_per_window : 0.004403   progress : 0.382
name: models.architecture.block_type=advanced
models.architecture.mamba_type=mamba
models.architecture.n_encoder_layers=4
models.architecture.n_decoder_layers=2
training.mode=rollout    avg_loss: 0.000000024412  time_per_window : 0.004416   progress : 0.393
name: models.architecture.block_type=advanced
models.architecture.mamba_type=mamba
models.architecture.n_encoder_layers=4
models.architecture.n_decoder_layers=2
training.mode=rollout    avg_loss: 0.000000025283  time_per_window : 0.004376   progress : 0.404
name: models.architecture.block_type=advanced
models.architecture.mamba_type=mamba
models.architecture.n_encoder_layers=4
models.architecture.n_decoder_layers=2
training.mode=rollout    avg_loss: 0.000000021666  time_per_window : 0.004269   progress : 0.415
name: models.architecture.block_type=advanced
models.architecture.mamba_type=mamba
models.architecture.n_encoder_layers=4
models.architecture.n_decoder_layers=2
training.mode=rollout    avg_loss: 0.000000023364  time_per_window : 0.004386   progress : 0.426
name: models.architecture.block_type=advanced
models.architecture.mamba_type=mamba
models.architecture.n_encoder_layers=4
models.architecture.n_decoder_layers=2
training.mode=rollout    avg_loss: 0.000000024887  time_per_window : 0.004350   progress : 0.437
name: models.architecture.block_type=advanced
models.architecture.mamba_type=mamba
models.architecture.n_encoder_layers=4
models.architecture.n_decoder_layers=2
training.mode=rollout    avg_loss: 0.000000023391  time_per_window : 0.004355   progress : 0.448
name: models.architecture.block_type=advanced
models.architecture.mamba_type=mamba
models.architecture.n_encoder_layers=4
models.architecture.n_decoder_layers=2
training.mode=rollout    avg_loss: 0.000000021246  time_per_window : 0.004410   progress : 0.459
name: models.architecture.block_type=advanced
models.architecture.mamba_type=mamba
models.architecture.n_encoder_layers=4
models.architecture.n_decoder_layers=2
training.mode=rollout    avg_loss: 0.000000023563  time_per_window : 0.004390   progress : 0.470
name: models.architecture.block_type=advanced
models.architecture.mamba_type=mamba
models.architecture.n_encoder_layers=4
models.architecture.n_decoder_layers=2
training.mode=rollout    avg_loss: 0.000000024269  time_per_window : 0.004430   progress : 0.481
name: models.architecture.block_type=advanced
models.architecture.mamba_type=mamba
models.architecture.n_encoder_layers=4
models.architecture.n_decoder_layers=2
training.mode=rollout    avg_loss: 0.000000021495  time_per_window : 0.004432   progress : 0.492
name: models.architecture.block_type=advanced
models.architecture.mamba_type=mamba
models.architecture.n_encoder_layers=4
models.architecture.n_decoder_layers=2
training.mode=rollout    avg_loss: 0.000000020691  time_per_window : 0.004437   progress : 0.502
name: models.architecture.block_type=advanced
models.architecture.mamba_type=mamba
models.architecture.n_encoder_layers=4
models.architecture.n_decoder_layers=2
training.mode=rollout    avg_loss: 0.000000021766  time_per_window : 0.004364   progress : 0.513
name: models.architecture.block_type=advanced
models.architecture.mamba_type=mamba
models.architecture.n_encoder_layers=4
models.architecture.n_decoder_layers=2
training.mode=rollout    avg_loss: 0.000000024367  time_per_window : 0.004571   progress : 0.524
name: models.architecture.block_type=advanced
models.architecture.mamba_type=mamba
models.architecture.n_encoder_layers=4
models.architecture.n_decoder_layers=2
training.mode=rollout    avg_loss: 0.000000032797  time_per_window : 0.004631   progress : 0.535
name: models.architecture.block_type=advanced
models.architecture.mamba_type=mamba
models.architecture.n_encoder_layers=4
models.architecture.n_decoder_layers=2
training.mode=rollout    avg_loss: 0.000000022445  time_per_window : 0.004368   progress : 0.546
name: models.architecture.block_type=advanced
models.architecture.mamba_type=mamba
models.architecture.n_encoder_layers=4
models.architecture.n_decoder_layers=2
training.mode=rollout    avg_loss: 0.000000018808  time_per_window : 0.004431   progress : 0.557
name: models.architecture.block_type=advanced
models.architecture.mamba_type=mamba
models.architecture.n_encoder_layers=4
models.architecture.n_decoder_layers=2
training.mode=rollout    avg_loss: 0.000000022848  time_per_window : 0.004363   progress : 0.568
name: models.architecture.block_type=advanced
models.architecture.mamba_type=mamba
models.architecture.n_encoder_layers=4
models.architecture.n_decoder_layers=2
training.mode=rollout    avg_loss: 0.000000019522  time_per_window : 0.004463   progress : 0.579
name: models.architecture.block_type=advanced
models.architecture.mamba_type=mamba
models.architecture.n_encoder_layers=4
models.architecture.n_decoder_layers=2
training.mode=rollout    avg_loss: 0.000000018624  time_per_window : 0.004553   progress : 0.590
name: models.architecture.block_type=advanced
models.architecture.mamba_type=mamba
models.architecture.n_encoder_layers=4
models.architecture.n_decoder_layers=2
training.mode=rollout    avg_loss: 0.000000020628  time_per_window : 0.004546   progress : 0.601
name: models.architecture.block_type=advanced
models.architecture.mamba_type=mamba
models.architecture.n_encoder_layers=4
models.architecture.n_decoder_layers=2
training.mode=rollout    avg_loss: 0.000000018672  time_per_window : 0.004569   progress : 0.612
name: models.architecture.block_type=advanced
models.architecture.mamba_type=mamba
models.architecture.n_encoder_layers=4
models.architecture.n_decoder_layers=2
training.mode=rollout    avg_loss: 0.000000021564  time_per_window : 0.004448   progress : 0.623
name: models.architecture.block_type=advanced
models.architecture.mamba_type=mamba
models.architecture.n_encoder_layers=4
models.architecture.n_decoder_layers=2
training.mode=rollout    avg_loss: 0.000000018644  time_per_window : 0.004448   progress : 0.634
name: models.architecture.block_type=advanced
models.architecture.mamba_type=mamba
models.architecture.n_encoder_layers=4
models.architecture.n_decoder_layers=2
training.mode=rollout    avg_loss: 0.000000021732  time_per_window : 0.004461   progress : 0.644
name: models.architecture.block_type=advanced
models.architecture.mamba_type=mamba
models.architecture.n_encoder_layers=4
models.architecture.n_decoder_layers=2
training.mode=rollout    avg_loss: 0.000000020283  time_per_window : 0.004396   progress : 0.655
name: models.architecture.block_type=advanced
models.architecture.mamba_type=mamba
models.architecture.n_encoder_layers=4
models.architecture.n_decoder_layers=2
training.mode=rollout    avg_loss: 0.000000021198  time_per_window : 0.004342   progress : 0.666
name: models.architecture.block_type=advanced
models.architecture.mamba_type=mamba
models.architecture.n_encoder_layers=4
models.architecture.n_decoder_layers=2
training.mode=rollout    avg_loss: 0.000000018841  time_per_window : 0.004390   progress : 0.677
name: models.architecture.block_type=advanced
models.architecture.mamba_type=mamba
models.architecture.n_encoder_layers=4
models.architecture.n_decoder_layers=2
training.mode=rollout    avg_loss: 0.000000017476  time_per_window : 0.004470   progress : 0.688
name: models.architecture.block_type=advanced
models.architecture.mamba_type=mamba
models.architecture.n_encoder_layers=4
models.architecture.n_decoder_layers=2
training.mode=rollout    avg_loss: 0.000000018894  time_per_window : 0.004419   progress : 0.699
name: models.architecture.block_type=advanced
models.architecture.mamba_type=mamba
models.architecture.n_encoder_layers=4
models.architecture.n_decoder_layers=2
training.mode=rollout    avg_loss: 0.000000021641  time_per_window : 0.004432   progress : 0.710
name: models.architecture.block_type=advanced
models.architecture.mamba_type=mamba
models.architecture.n_encoder_layers=4
models.architecture.n_decoder_layers=2
training.mode=rollout    avg_loss: 0.000000014299  time_per_window : 0.004384   progress : 0.721
name: models.architecture.block_type=advanced
models.architecture.mamba_type=mamba
models.architecture.n_encoder_layers=4
models.architecture.n_decoder_layers=2
training.mode=rollout    avg_loss: 0.000000019610  time_per_window : 0.004366   progress : 0.732
name: models.architecture.block_type=advanced
models.architecture.mamba_type=mamba
models.architecture.n_encoder_layers=4
models.architecture.n_decoder_layers=2
training.mode=rollout    avg_loss: 0.000000018980  time_per_window : 0.004425   progress : 0.743
name: models.architecture.block_type=advanced
models.architecture.mamba_type=mamba
models.architecture.n_encoder_layers=4
models.architecture.n_decoder_layers=2
training.mode=rollout    avg_loss: 0.000000016878  time_per_window : 0.004410   progress : 0.754
name: models.architecture.block_type=advanced
models.architecture.mamba_type=mamba
models.architecture.n_encoder_layers=4
models.architecture.n_decoder_layers=2
training.mode=rollout    avg_loss: 0.000000016385  time_per_window : 0.004388   progress : 0.765
name: models.architecture.block_type=advanced
models.architecture.mamba_type=mamba
models.architecture.n_encoder_layers=4
models.architecture.n_decoder_layers=2
training.mode=rollout    avg_loss: 0.000000018542  time_per_window : 0.004400   progress : 0.775
name: models.architecture.block_type=advanced
models.architecture.mamba_type=mamba
models.architecture.n_encoder_layers=4
models.architecture.n_decoder_layers=2
training.mode=rollout    avg_loss: 0.000000018602  time_per_window : 0.004457   progress : 0.786
name: models.architecture.block_type=advanced
models.architecture.mamba_type=mamba
models.architecture.n_encoder_layers=4
models.architecture.n_decoder_layers=2
training.mode=rollout    avg_loss: 0.000000017576  time_per_window : 0.004392   progress : 0.797
name: models.architecture.block_type=advanced
models.architecture.mamba_type=mamba
models.architecture.n_encoder_layers=4
models.architecture.n_decoder_layers=2
training.mode=rollout    avg_loss: 0.000000014378  time_per_window : 0.004453   progress : 0.808
name: models.architecture.block_type=advanced
models.architecture.mamba_type=mamba
models.architecture.n_encoder_layers=4
models.architecture.n_decoder_layers=2
training.mode=rollout    avg_loss: 0.000000015624  time_per_window : 0.004246   progress : 0.819
name: models.architecture.block_type=advanced
models.architecture.mamba_type=mamba
models.architecture.n_encoder_layers=4
models.architecture.n_decoder_layers=2
training.mode=rollout    avg_loss: 0.000000015603  time_per_window : 0.004333   progress : 0.830
name: models.architecture.block_type=advanced
models.architecture.mamba_type=mamba
models.architecture.n_encoder_layers=4
models.architecture.n_decoder_layers=2
training.mode=rollout    avg_loss: 0.000000019750  time_per_window : 0.004406   progress : 0.841
name: models.architecture.block_type=advanced
models.architecture.mamba_type=mamba
models.architecture.n_encoder_layers=4
models.architecture.n_decoder_layers=2
training.mode=rollout    avg_loss: 0.000000017376  time_per_window : 0.004405   progress : 0.852
name: models.architecture.block_type=advanced
models.architecture.mamba_type=mamba
models.architecture.n_encoder_layers=4
models.architecture.n_decoder_layers=2
training.mode=rollout    avg_loss: 0.000000014579  time_per_window : 0.004412   progress : 0.863
name: models.architecture.block_type=advanced
models.architecture.mamba_type=mamba
models.architecture.n_encoder_layers=4
models.architecture.n_decoder_layers=2
training.mode=rollout    avg_loss: 0.000000017939  time_per_window : 0.004394   progress : 0.874
name: models.architecture.block_type=advanced
models.architecture.mamba_type=mamba
models.architecture.n_encoder_layers=4
models.architecture.n_decoder_layers=2
training.mode=rollout    avg_loss: 0.000000016662  time_per_window : 0.004434   progress : 0.885
name: models.architecture.block_type=advanced
models.architecture.mamba_type=mamba
models.architecture.n_encoder_layers=4
models.architecture.n_decoder_layers=2
training.mode=rollout    avg_loss: 0.000000015975  time_per_window : 0.004388   progress : 0.896
name: models.architecture.block_type=advanced
models.architecture.mamba_type=mamba
models.architecture.n_encoder_layers=4
models.architecture.n_decoder_layers=2
training.mode=rollout    avg_loss: 0.000000016090  time_per_window : 0.004417   progress : 0.907
name: models.architecture.block_type=advanced
models.architecture.mamba_type=mamba
models.architecture.n_encoder_layers=4
models.architecture.n_decoder_layers=2
training.mode=rollout    avg_loss: 0.000000014298  time_per_window : 0.004322   progress : 0.917
name: models.architecture.block_type=advanced
models.architecture.mamba_type=mamba
models.architecture.n_encoder_layers=4
models.architecture.n_decoder_layers=2
training.mode=rollout    avg_loss: 0.000000014885  time_per_window : 0.004433   progress : 0.928
name: models.architecture.block_type=advanced
models.architecture.mamba_type=mamba
models.architecture.n_encoder_layers=4
models.architecture.n_decoder_layers=2
training.mode=rollout    avg_loss: 0.000000042542  time_per_window : 0.004410   progress : 0.939
name: models.architecture.block_type=advanced
models.architecture.mamba_type=mamba
models.architecture.n_encoder_layers=4
models.architecture.n_decoder_layers=2
training.mode=rollout    avg_loss: 0.000000013856  time_per_window : 0.004402   progress : 0.950
name: models.architecture.block_type=advanced
models.architecture.mamba_type=mamba
models.architecture.n_encoder_layers=4
models.architecture.n_decoder_layers=2
training.mode=rollout    avg_loss: 0.000000013798  time_per_window : 0.004369   progress : 0.961
name: models.architecture.block_type=advanced
models.architecture.mamba_type=mamba
models.architecture.n_encoder_layers=4
models.architecture.n_decoder_layers=2
training.mode=rollout    avg_loss: 0.000000014966  time_per_window : 0.004429   progress : 0.972
name: models.architecture.block_type=advanced
models.architecture.mamba_type=mamba
models.architecture.n_encoder_layers=4
models.architecture.n_decoder_layers=2
training.mode=rollout    avg_loss: 0.000000014791  time_per_window : 0.004427   progress : 0.983
name: models.architecture.block_type=advanced
models.architecture.mamba_type=mamba
models.architecture.n_encoder_layers=4
models.architecture.n_decoder_layers=2
training.mode=rollout    avg_loss: 0.000000014398  time_per_window : 0.004461   progress : 0.994
name: models.architecture.block_type=advanced
models.architecture.mamba_type=mamba
models.architecture.n_encoder_layers=4
models.architecture.n_decoder_layers=2
training.mode=rollout    avg_loss: 0.000011600904  time_per_window : 0.004285   progress : 0.011
name: models.architecture.block_type=advanced
models.architecture.mamba_type=mamba
models.architecture.n_encoder_layers=4
models.architecture.n_decoder_layers=2
training.mode=rollout    avg_loss: 0.000000907805  time_per_window : 0.004484   progress : 0.022
name: models.architecture.block_type=advanced
models.architecture.mamba_type=mamba
models.architecture.n_encoder_layers=4
models.architecture.n_decoder_layers=2
training.mode=rollout    avg_loss: 0.000000448944  time_per_window : 0.004460   progress : 0.033
name: models.architecture.block_type=advanced
models.architecture.mamba_type=mamba
models.architecture.n_encoder_layers=4
models.architecture.n_decoder_layers=2
training.mode=rollout    avg_loss: 0.000000173887  time_per_window : 0.004332   progress : 0.044
name: models.architecture.block_type=advanced
models.architecture.mamba_type=mamba
models.architecture.n_encoder_layers=4
models.architecture.n_decoder_layers=2
training.mode=rollout    avg_loss: 0.000000145173  time_per_window : 0.004422   progress : 0.055
name: models.architecture.block_type=advanced
models.architecture.mamba_type=mamba
models.architecture.n_encoder_layers=4
models.architecture.n_decoder_layers=2
training.mode=rollout    avg_loss: 0.000000115979  time_per_window : 0.004453   progress : 0.066
name: models.architecture.block_type=advanced
models.architecture.mamba_type=mamba
models.architecture.n_encoder_layers=4
models.architecture.n_decoder_layers=2
training.mode=rollout    avg_loss: 0.000000140663  time_per_window : 0.004358   progress : 0.076
name: models.architecture.block_type=advanced
models.architecture.mamba_type=mamba
models.architecture.n_encoder_layers=4
models.architecture.n_decoder_layers=2
training.mode=rollout    avg_loss: 0.000000114017  time_per_window : 0.004393   progress : 0.087
name: models.architecture.block_type=advanced
models.architecture.mamba_type=mamba
models.architecture.n_encoder_layers=4
models.architecture.n_decoder_layers=2
training.mode=rollout    avg_loss: 0.000000104995  time_per_window : 0.013474   progress : 0.098
name: models.architecture.block_type=advanced
models.architecture.mamba_type=mamba
models.architecture.n_encoder_layers=4
models.architecture.n_decoder_layers=2
training.mode=rollout    avg_loss: 0.000000090107  time_per_window : 0.004429   progress : 0.109
name: models.architecture.block_type=advanced
models.architecture.mamba_type=mamba
models.architecture.n_encoder_layers=4
models.architecture.n_decoder_layers=2
training.mode=rollout    avg_loss: 0.000000094730  time_per_window : 0.004418   progress : 0.120
name: models.architecture.block_type=advanced
models.architecture.mamba_type=mamba
models.architecture.n_encoder_layers=4
models.architecture.n_decoder_layers=2
training.mode=rollout    avg_loss: 0.000000104724  time_per_window : 0.004464   progress : 0.131
name: models.architecture.block_type=advanced
models.architecture.mamba_type=mamba
models.architecture.n_encoder_layers=4
models.architecture.n_decoder_layers=2
training.mode=rollout    avg_loss: 0.000000092006  time_per_window : 0.004427   progress : 0.142
name: models.architecture.block_type=advanced
models.architecture.mamba_type=mamba
models.architecture.n_encoder_layers=4
models.architecture.n_decoder_layers=2
training.mode=rollout    avg_loss: 0.000000098082  time_per_window : 0.004439   progress : 0.153
name: models.architecture.block_type=advanced
models.architecture.mamba_type=mamba
models.architecture.n_encoder_layers=4
models.architecture.n_decoder_layers=2
training.mode=rollout    avg_loss: 0.000000082486  time_per_window : 0.004424   progress : 0.164
name: models.architecture.block_type=advanced
models.architecture.mamba_type=mamba
models.architecture.n_encoder_layers=4
models.architecture.n_decoder_layers=2
training.mode=rollout    avg_loss: 0.000000111814  time_per_window : 0.004416   progress : 0.175
name: models.architecture.block_type=advanced
models.architecture.mamba_type=mamba
models.architecture.n_encoder_layers=4
models.architecture.n_decoder_layers=2
training.mode=rollout    avg_loss: 0.000000101624  time_per_window : 0.004426   progress : 0.186
name: models.architecture.block_type=advanced
models.architecture.mamba_type=mamba
models.architecture.n_encoder_layers=4
models.architecture.n_decoder_layers=2
training.mode=rollout    avg_loss: 0.000000098833  time_per_window : 0.004434   progress : 0.197
name: models.architecture.block_type=advanced
models.architecture.mamba_type=mamba
models.architecture.n_encoder_layers=4
models.architecture.n_decoder_layers=2
training.mode=rollout    avg_loss: 0.000000089971  time_per_window : 0.004397   progress : 0.208
name: models.architecture.block_type=advanced
models.architecture.mamba_type=mamba
models.architecture.n_encoder_layers=4
models.architecture.n_decoder_layers=2
training.mode=rollout    avg_loss: 0.000000100499  time_per_window : 0.004375   progress : 0.218
name: models.architecture.block_type=advanced
models.architecture.mamba_type=mamba
models.architecture.n_encoder_layers=4
models.architecture.n_decoder_layers=2
training.mode=rollout    avg_loss: 0.000000099829  time_per_window : 0.004362   progress : 0.229
name: models.architecture.block_type=advanced
models.architecture.mamba_type=mamba
models.architecture.n_encoder_layers=4
models.architecture.n_decoder_layers=2
training.mode=rollout    avg_loss: 0.000000089225  time_per_window : 0.004440   progress : 0.240
name: models.architecture.block_type=advanced
models.architecture.mamba_type=mamba
models.architecture.n_encoder_layers=4
models.architecture.n_decoder_layers=2
training.mode=rollout    avg_loss: 0.000000104332  time_per_window : 0.004527   progress : 0.251
name: models.architecture.block_type=advanced
models.architecture.mamba_type=mamba
models.architecture.n_encoder_layers=4
models.architecture.n_decoder_layers=2
training.mode=rollout    avg_loss: 0.000000089761  time_per_window : 0.004458   progress : 0.262
name: models.architecture.block_type=advanced
models.architecture.mamba_type=mamba
models.architecture.n_encoder_layers=4
models.architecture.n_decoder_layers=2
training.mode=rollout    avg_loss: 0.000000110974  time_per_window : 0.004421   progress : 0.273
name: models.architecture.block_type=advanced
models.architecture.mamba_type=mamba
models.architecture.n_encoder_layers=4
models.architecture.n_decoder_layers=2
training.mode=rollout    avg_loss: 0.000000084479  time_per_window : 0.004418   progress : 0.284
name: models.architecture.block_type=advanced
models.architecture.mamba_type=mamba
models.architecture.n_encoder_layers=4
models.architecture.n_decoder_layers=2
training.mode=rollout    avg_loss: 0.000000090029  time_per_window : 0.004412   progress : 0.295
name: models.architecture.block_type=advanced
models.architecture.mamba_type=mamba
models.architecture.n_encoder_layers=4
models.architecture.n_decoder_layers=2
training.mode=rollout    avg_loss: 0.000000098345  time_per_window : 0.004384   progress : 0.306
name: models.architecture.block_type=advanced
models.architecture.mamba_type=mamba
models.architecture.n_encoder_layers=4
models.architecture.n_decoder_layers=2
training.mode=rollout    avg_loss: 0.000000092182  time_per_window : 0.004430   progress : 0.317
name: models.architecture.block_type=advanced
models.architecture.mamba_type=mamba
models.architecture.n_encoder_layers=4
models.architecture.n_decoder_layers=2
training.mode=rollout    avg_loss: 0.000000102355  time_per_window : 0.004461   progress : 0.328
name: models.architecture.block_type=advanced
models.architecture.mamba_type=mamba
models.architecture.n_encoder_layers=4
models.architecture.n_decoder_layers=2
training.mode=rollout    avg_loss: 0.000000097098  time_per_window : 0.004427   progress : 0.339
name: models.architecture.block_type=advanced
models.architecture.mamba_type=mamba
models.architecture.n_encoder_layers=4
models.architecture.n_decoder_layers=2
training.mode=rollout    avg_loss: 0.000000119294  time_per_window : 0.004426   progress : 0.350
name: models.architecture.block_type=advanced
models.architecture.mamba_type=mamba
models.architecture.n_encoder_layers=4
models.architecture.n_decoder_layers=2
training.mode=rollout    avg_loss: 0.000000105179  time_per_window : 0.004492   progress : 0.360
name: models.architecture.block_type=advanced
models.architecture.mamba_type=mamba
models.architecture.n_encoder_layers=4
models.architecture.n_decoder_layers=2
training.mode=rollout    avg_loss: 0.000000090263  time_per_window : 0.004367   progress : 0.371
name: models.architecture.block_type=advanced
models.architecture.mamba_type=mamba
models.architecture.n_encoder_layers=4
models.architecture.n_decoder_layers=2
training.mode=rollout    avg_loss: 0.000000111771  time_per_window : 0.004452   progress : 0.382
name: models.architecture.block_type=advanced
models.architecture.mamba_type=mamba
models.architecture.n_encoder_layers=4
models.architecture.n_decoder_layers=2
training.mode=rollout    avg_loss: 0.000000104659  time_per_window : 0.004450   progress : 0.393
name: models.architecture.block_type=advanced
models.architecture.mamba_type=mamba
models.architecture.n_encoder_layers=4
models.architecture.n_decoder_layers=2
training.mode=rollout    avg_loss: 0.000000095831  time_per_window : 0.004415   progress : 0.404
name: models.architecture.block_type=advanced
models.architecture.mamba_type=mamba
models.architecture.n_encoder_layers=4
models.architecture.n_decoder_layers=2
training.mode=rollout    avg_loss: 0.000000097375  time_per_window : 0.004453   progress : 0.415
name: models.architecture.block_type=advanced
models.architecture.mamba_type=mamba
models.architecture.n_encoder_layers=4
models.architecture.n_decoder_layers=2
training.mode=rollout    avg_loss: 0.000000107247  time_per_window : 0.004412   progress : 0.426
name: models.architecture.block_type=advanced
models.architecture.mamba_type=mamba
models.architecture.n_encoder_layers=4
models.architecture.n_decoder_layers=2
training.mode=rollout    avg_loss: 0.000000097854  time_per_window : 0.004387   progress : 0.437
name: models.architecture.block_type=advanced
models.architecture.mamba_type=mamba
models.architecture.n_encoder_layers=4
models.architecture.n_decoder_layers=2
training.mode=rollout    avg_loss: 0.000000122615  time_per_window : 0.004431   progress : 0.448
name: models.architecture.block_type=advanced
models.architecture.mamba_type=mamba
models.architecture.n_encoder_layers=4
models.architecture.n_decoder_layers=2
training.mode=rollout    avg_loss: 0.000000092693  time_per_window : 0.004420   progress : 0.459
name: models.architecture.block_type=advanced
models.architecture.mamba_type=mamba
models.architecture.n_encoder_layers=4
models.architecture.n_decoder_layers=2
training.mode=rollout    avg_loss: 0.000000086855  time_per_window : 0.004392   progress : 0.470
name: models.architecture.block_type=advanced
models.architecture.mamba_type=mamba
models.architecture.n_encoder_layers=4
models.architecture.n_decoder_layers=2
training.mode=rollout    avg_loss: 0.000000107860  time_per_window : 0.004513   progress : 0.481
name: models.architecture.block_type=advanced
models.architecture.mamba_type=mamba
models.architecture.n_encoder_layers=4
models.architecture.n_decoder_layers=2
training.mode=rollout    avg_loss: 0.000000084110  time_per_window : 0.004435   progress : 0.492
name: models.architecture.block_type=advanced
models.architecture.mamba_type=mamba
models.architecture.n_encoder_layers=4
models.architecture.n_decoder_layers=2
training.mode=rollout    avg_loss: 0.000000093898  time_per_window : 0.004506   progress : 0.502
name: models.architecture.block_type=advanced
models.architecture.mamba_type=mamba
models.architecture.n_encoder_layers=4
models.architecture.n_decoder_layers=2
training.mode=rollout    avg_loss: 0.000000091789  time_per_window : 0.004464   progress : 0.513
name: models.architecture.block_type=advanced
models.architecture.mamba_type=mamba
models.architecture.n_encoder_layers=4
models.architecture.n_decoder_layers=2
training.mode=rollout    avg_loss: 0.000000095355  time_per_window : 0.004369   progress : 0.524
name: models.architecture.block_type=advanced
models.architecture.mamba_type=mamba
models.architecture.n_encoder_layers=4
models.architecture.n_decoder_layers=2
training.mode=rollout    avg_loss: 0.000000100247  time_per_window : 0.004471   progress : 0.535
name: models.architecture.block_type=advanced
models.architecture.mamba_type=mamba
models.architecture.n_encoder_layers=4
models.architecture.n_decoder_layers=2
training.mode=rollout    avg_loss: 0.000000083976  time_per_window : 0.004444   progress : 0.546
name: models.architecture.block_type=advanced
models.architecture.mamba_type=mamba
models.architecture.n_encoder_layers=4
models.architecture.n_decoder_layers=2
training.mode=rollout    avg_loss: 0.000000081803  time_per_window : 0.004432   progress : 0.557
name: models.architecture.block_type=advanced
models.architecture.mamba_type=mamba
models.architecture.n_encoder_layers=4
models.architecture.n_decoder_layers=2
training.mode=rollout    avg_loss: 0.000000097648  time_per_window : 0.004306   progress : 0.568
name: models.architecture.block_type=advanced
models.architecture.mamba_type=mamba
models.architecture.n_encoder_layers=4
models.architecture.n_decoder_layers=2
training.mode=rollout    avg_loss: 0.000000094579  time_per_window : 0.004325   progress : 0.579
name: models.architecture.block_type=advanced
models.architecture.mamba_type=mamba
models.architecture.n_encoder_layers=4
models.architecture.n_decoder_layers=2
training.mode=rollout    avg_loss: 0.000000075567  time_per_window : 0.004525   progress : 0.590
name: models.architecture.block_type=advanced
models.architecture.mamba_type=mamba
models.architecture.n_encoder_layers=4
models.architecture.n_decoder_layers=2
training.mode=rollout    avg_loss: 0.000000105530  time_per_window : 0.004355   progress : 0.601
name: models.architecture.block_type=advanced
models.architecture.mamba_type=mamba
models.architecture.n_encoder_layers=4
models.architecture.n_decoder_layers=2
training.mode=rollout    avg_loss: 0.000000094078  time_per_window : 0.004338   progress : 0.612
name: models.architecture.block_type=advanced
models.architecture.mamba_type=mamba
models.architecture.n_encoder_layers=4
models.architecture.n_decoder_layers=2
training.mode=rollout    avg_loss: 0.000000083936  time_per_window : 0.004454   progress : 0.623
name: models.architecture.block_type=advanced
models.architecture.mamba_type=mamba
models.architecture.n_encoder_layers=4
models.architecture.n_decoder_layers=2
training.mode=rollout    avg_loss: 0.000000092153  time_per_window : 0.004316   progress : 0.634
name: models.architecture.block_type=advanced
models.architecture.mamba_type=mamba
models.architecture.n_encoder_layers=4
models.architecture.n_decoder_layers=2
training.mode=rollout    avg_loss: 0.000000095436  time_per_window : 0.004369   progress : 0.644
name: models.architecture.block_type=advanced
models.architecture.mamba_type=mamba
models.architecture.n_encoder_layers=4
models.architecture.n_decoder_layers=2
training.mode=rollout    avg_loss: 0.000000084383  time_per_window : 0.004378   progress : 0.655
name: models.architecture.block_type=advanced
models.architecture.mamba_type=mamba
models.architecture.n_encoder_layers=4
models.architecture.n_decoder_layers=2
training.mode=rollout    avg_loss: 0.000000077918  time_per_window : 0.004388   progress : 0.666
name: models.architecture.block_type=advanced
models.architecture.mamba_type=mamba
models.architecture.n_encoder_layers=4
models.architecture.n_decoder_layers=2
training.mode=rollout    avg_loss: 0.000000100491  time_per_window : 0.004474   progress : 0.677
name: models.architecture.block_type=advanced
models.architecture.mamba_type=mamba
models.architecture.n_encoder_layers=4
models.architecture.n_decoder_layers=2
training.mode=rollout    avg_loss: 0.000000086178  time_per_window : 0.004443   progress : 0.688
name: models.architecture.block_type=advanced
models.architecture.mamba_type=mamba
models.architecture.n_encoder_layers=4
models.architecture.n_decoder_layers=2
training.mode=rollout    avg_loss: 0.000000150063  time_per_window : 0.004459   progress : 0.699
name: models.architecture.block_type=advanced
models.architecture.mamba_type=mamba
models.architecture.n_encoder_layers=4
models.architecture.n_decoder_layers=2
training.mode=rollout    avg_loss: 0.000000077609  time_per_window : 0.004408   progress : 0.710
name: models.architecture.block_type=advanced
models.architecture.mamba_type=mamba
models.architecture.n_encoder_layers=4
models.architecture.n_decoder_layers=2
training.mode=rollout    avg_loss: 0.000000086169  time_per_window : 0.004438   progress : 0.721
name: models.architecture.block_type=advanced
models.architecture.mamba_type=mamba
models.architecture.n_encoder_layers=4
models.architecture.n_decoder_layers=2
training.mode=rollout    avg_loss: 0.000000087369  time_per_window : 0.004387   progress : 0.732
name: models.architecture.block_type=advanced
models.architecture.mamba_type=mamba
models.architecture.n_encoder_layers=4
models.architecture.n_decoder_layers=2
training.mode=rollout    avg_loss: 0.000000077140  time_per_window : 0.004446   progress : 0.743
name: models.architecture.block_type=advanced
models.architecture.mamba_type=mamba
models.architecture.n_encoder_layers=4
models.architecture.n_decoder_layers=2
training.mode=rollout    avg_loss: 0.000000071031  time_per_window : 0.004375   progress : 0.754
name: models.architecture.block_type=advanced
models.architecture.mamba_type=mamba
models.architecture.n_encoder_layers=4
models.architecture.n_decoder_layers=2
training.mode=rollout    avg_loss: 0.000000080624  time_per_window : 0.002751   progress : 0.765
name: models.architecture.block_type=advanced
models.architecture.mamba_type=mamba
models.architecture.n_encoder_layers=4
models.architecture.n_decoder_layers=2
training.mode=rollout    avg_loss: 0.000000086550  time_per_window : 0.004449   progress : 0.775
name: models.architecture.block_type=advanced
models.architecture.mamba_type=mamba
models.architecture.n_encoder_layers=4
models.architecture.n_decoder_layers=2
training.mode=rollout    avg_loss: 0.000000071202  time_per_window : 0.004357   progress : 0.786
name: models.architecture.block_type=advanced
models.architecture.mamba_type=mamba
models.architecture.n_encoder_layers=4
models.architecture.n_decoder_layers=2
training.mode=rollout    avg_loss: 0.000000079784  time_per_window : 0.004403   progress : 0.797
name: models.architecture.block_type=advanced
models.architecture.mamba_type=mamba
models.architecture.n_encoder_layers=4
models.architecture.n_decoder_layers=2
training.mode=rollout    avg_loss: 0.000000095689  time_per_window : 0.004427   progress : 0.808
name: models.architecture.block_type=advanced
models.architecture.mamba_type=mamba
models.architecture.n_encoder_layers=4
models.architecture.n_decoder_layers=2
training.mode=rollout    avg_loss: 0.000000073339  time_per_window : 0.004383   progress : 0.819
name: models.architecture.block_type=advanced
models.architecture.mamba_type=mamba
models.architecture.n_encoder_layers=4
models.architecture.n_decoder_layers=2
training.mode=rollout    avg_loss: 0.000000083509  time_per_window : 0.004535   progress : 0.830
name: models.architecture.block_type=advanced
models.architecture.mamba_type=mamba
models.architecture.n_encoder_layers=4
models.architecture.n_decoder_layers=2
training.mode=rollout    avg_loss: 0.000000076022  time_per_window : 0.004433   progress : 0.841
name: models.architecture.block_type=advanced
models.architecture.mamba_type=mamba
models.architecture.n_encoder_layers=4
models.architecture.n_decoder_layers=2
training.mode=rollout    avg_loss: 0.000000072498  time_per_window : 0.004441   progress : 0.852
name: models.architecture.block_type=advanced
models.architecture.mamba_type=mamba
models.architecture.n_encoder_layers=4
models.architecture.n_decoder_layers=2
training.mode=rollout    avg_loss: 0.000000075062  time_per_window : 0.004454   progress : 0.863
name: models.architecture.block_type=advanced
models.architecture.mamba_type=mamba
models.architecture.n_encoder_layers=4
models.architecture.n_decoder_layers=2
training.mode=rollout    avg_loss: 0.000000074680  time_per_window : 0.004420   progress : 0.874
name: models.architecture.block_type=advanced
models.architecture.mamba_type=mamba
models.architecture.n_encoder_layers=4
models.architecture.n_decoder_layers=2
training.mode=rollout    avg_loss: 0.000000071830  time_per_window : 0.004370   progress : 0.885
name: models.architecture.block_type=advanced
models.architecture.mamba_type=mamba
models.architecture.n_encoder_layers=4
models.architecture.n_decoder_layers=2
training.mode=rollout    avg_loss: 0.000000070264  time_per_window : 0.004469   progress : 0.896
name: models.architecture.block_type=advanced
models.architecture.mamba_type=mamba
models.architecture.n_encoder_layers=4
models.architecture.n_decoder_layers=2
training.mode=rollout    avg_loss: 0.000000086717  time_per_window : 0.004415   progress : 0.907
name: models.architecture.block_type=advanced
models.architecture.mamba_type=mamba
models.architecture.n_encoder_layers=4
models.architecture.n_decoder_layers=2
training.mode=rollout    avg_loss: 0.000000078470  time_per_window : 0.004387   progress : 0.917
name: models.architecture.block_type=advanced
models.architecture.mamba_type=mamba
models.architecture.n_encoder_layers=4
models.architecture.n_decoder_layers=2
training.mode=rollout    avg_loss: 0.000000075908  time_per_window : 0.004415   progress : 0.928
name: models.architecture.block_type=advanced
models.architecture.mamba_type=mamba
models.architecture.n_encoder_layers=4
models.architecture.n_decoder_layers=2
training.mode=rollout    avg_loss: 0.000000078064  time_per_window : 0.004469   progress : 0.939
name: models.architecture.block_type=advanced
models.architecture.mamba_type=mamba
models.architecture.n_encoder_layers=4
models.architecture.n_decoder_layers=2
training.mode=rollout    avg_loss: 0.000000074004  time_per_window : 0.004356   progress : 0.950
name: models.architecture.block_type=advanced
models.architecture.mamba_type=mamba
models.architecture.n_encoder_layers=4
models.architecture.n_decoder_layers=2
training.mode=rollout    avg_loss: 0.000000086442  time_per_window : 0.004367   progress : 0.961
name: models.architecture.block_type=advanced
models.architecture.mamba_type=mamba
models.architecture.n_encoder_layers=4
models.architecture.n_decoder_layers=2
training.mode=rollout    avg_loss: 0.000000063389  time_per_window : 0.004655   progress : 0.972
name: models.architecture.block_type=advanced
models.architecture.mamba_type=mamba
models.architecture.n_encoder_layers=4
models.architecture.n_decoder_layers=2
training.mode=rollout    avg_loss: 0.000000069090  time_per_window : 0.004495   progress : 0.983
name: models.architecture.block_type=advanced
models.architecture.mamba_type=mamba
models.architecture.n_encoder_layers=4
models.architecture.n_decoder_layers=2
training.mode=rollout    avg_loss: 0.000000086889  time_per_window : 0.004398   progress : 0.994
name: models.architecture.block_type=advanced
models.architecture.mamba_type=mamba
models.architecture.n_encoder_layers=4
models.architecture.n_decoder_layers=2
training.mode=rollout    avg_loss: 0.000001658804  time_per_window : 0.004394   progress : 0.011
name: models.architecture.block_type=advanced
models.architecture.mamba_type=mamba
models.architecture.n_encoder_layers=4
models.architecture.n_decoder_layers=2
training.mode=rollout    avg_loss: 0.000000084266  time_per_window : 0.003197   progress : 0.022
name: models.architecture.block_type=advanced
models.architecture.mamba_type=mamba
models.architecture.n_encoder_layers=4
models.architecture.n_decoder_layers=2
training.mode=rollout    avg_loss: 0.000000079303  time_per_window : 0.004415   progress : 0.033
name: models.architecture.block_type=advanced
models.architecture.mamba_type=mamba
models.architecture.n_encoder_layers=4
models.architecture.n_decoder_layers=2
training.mode=rollout    avg_loss: 0.000000079780  time_per_window : 0.004439   progress : 0.044
name: models.architecture.block_type=advanced
models.architecture.mamba_type=mamba
models.architecture.n_encoder_layers=4
models.architecture.n_decoder_layers=2
training.mode=rollout    avg_loss: 0.000000083121  time_per_window : 0.002781   progress : 0.055
name: models.architecture.block_type=advanced
models.architecture.mamba_type=mamba
models.architecture.n_encoder_layers=4
models.architecture.n_decoder_layers=2
training.mode=rollout    avg_loss: 0.000000073714  time_per_window : 0.004407   progress : 0.066
name: models.architecture.block_type=advanced
models.architecture.mamba_type=mamba
models.architecture.n_encoder_layers=4
models.architecture.n_decoder_layers=2
training.mode=rollout    avg_loss: 0.000000076884  time_per_window : 0.004417   progress : 0.076
name: models.architecture.block_type=advanced
models.architecture.mamba_type=mamba
models.architecture.n_encoder_layers=4
models.architecture.n_decoder_layers=2
training.mode=rollout    avg_loss: 0.000000077188  time_per_window : 0.002810   progress : 0.087
name: models.architecture.block_type=advanced
models.architecture.mamba_type=mamba
models.architecture.n_encoder_layers=4
models.architecture.n_decoder_layers=2
training.mode=rollout    avg_loss: 0.000000075862  time_per_window : 0.004380   progress : 0.098
name: models.architecture.block_type=advanced
models.architecture.mamba_type=mamba
models.architecture.n_encoder_layers=4
models.architecture.n_decoder_layers=2
training.mode=rollout    avg_loss: 0.000000100840  time_per_window : 0.004419   progress : 0.109
name: models.architecture.block_type=advanced
models.architecture.mamba_type=mamba
models.architecture.n_encoder_layers=4
models.architecture.n_decoder_layers=2
training.mode=rollout    avg_loss: 0.000000084075  time_per_window : 0.002946   progress : 0.120
name: models.architecture.block_type=advanced
models.architecture.mamba_type=mamba
models.architecture.n_encoder_layers=4
models.architecture.n_decoder_layers=2
training.mode=rollout    avg_loss: 0.000000088302  time_per_window : 0.004429   progress : 0.131
name: models.architecture.block_type=advanced
models.architecture.mamba_type=mamba
models.architecture.n_encoder_layers=4
models.architecture.n_decoder_layers=2
training.mode=rollout    avg_loss: 0.000000088987  time_per_window : 0.004593   progress : 0.142
name: models.architecture.block_type=advanced
models.architecture.mamba_type=mamba
models.architecture.n_encoder_layers=4
models.architecture.n_decoder_layers=2
training.mode=rollout    avg_loss: 0.000000087570  time_per_window : 0.004359   progress : 0.153
name: models.architecture.block_type=advanced
models.architecture.mamba_type=mamba
models.architecture.n_encoder_layers=4
models.architecture.n_decoder_layers=2
training.mode=rollout    avg_loss: 0.000000086831  time_per_window : 0.004384   progress : 0.164
name: models.architecture.block_type=advanced
models.architecture.mamba_type=mamba
models.architecture.n_encoder_layers=4
models.architecture.n_decoder_layers=2
training.mode=rollout    avg_loss: 0.000000096346  time_per_window : 0.004363   progress : 0.175
name: models.architecture.block_type=advanced
models.architecture.mamba_type=mamba
models.architecture.n_encoder_layers=4
models.architecture.n_decoder_layers=2
training.mode=rollout    avg_loss: 0.000000088659  time_per_window : 0.004415   progress : 0.186
name: models.architecture.block_type=advanced
models.architecture.mamba_type=mamba
models.architecture.n_encoder_layers=4
models.architecture.n_decoder_layers=2
training.mode=rollout    avg_loss: 0.000000086289  time_per_window : 0.004362   progress : 0.197
name: models.architecture.block_type=advanced
models.architecture.mamba_type=mamba
models.architecture.n_encoder_layers=4
models.architecture.n_decoder_layers=2
training.mode=rollout    avg_loss: 0.000000099866  time_per_window : 0.004410   progress : 0.208
name: models.architecture.block_type=advanced
models.architecture.mamba_type=mamba
models.architecture.n_encoder_layers=4
models.architecture.n_decoder_layers=2
training.mode=rollout    avg_loss: 0.000000098125  time_per_window : 0.004434   progress : 0.218
name: models.architecture.block_type=advanced
models.architecture.mamba_type=mamba
models.architecture.n_encoder_layers=4
models.architecture.n_decoder_layers=2
training.mode=rollout    avg_loss: 0.000000085861  time_per_window : 0.004401   progress : 0.229
name: models.architecture.block_type=advanced
models.architecture.mamba_type=mamba
models.architecture.n_encoder_layers=4
models.architecture.n_decoder_layers=2
training.mode=rollout    avg_loss: 0.000000100387  time_per_window : 0.004399   progress : 0.240
name: models.architecture.block_type=advanced
models.architecture.mamba_type=mamba
models.architecture.n_encoder_layers=4
models.architecture.n_decoder_layers=2
training.mode=rollout    avg_loss: 0.000000085531  time_per_window : 0.004420   progress : 0.251
name: models.architecture.block_type=advanced
models.architecture.mamba_type=mamba
models.architecture.n_encoder_layers=4
models.architecture.n_decoder_layers=2
training.mode=rollout    avg_loss: 0.000000091374  time_per_window : 0.004451   progress : 0.262
name: models.architecture.block_type=advanced
models.architecture.mamba_type=mamba
models.architecture.n_encoder_layers=4
models.architecture.n_decoder_layers=2
training.mode=rollout    avg_loss: 0.000000084005  time_per_window : 0.004404   progress : 0.273
name: models.architecture.block_type=advanced
models.architecture.mamba_type=mamba
models.architecture.n_encoder_layers=4
models.architecture.n_decoder_layers=2
training.mode=rollout    avg_loss: 0.000000119387  time_per_window : 0.004399   progress : 0.284
name: models.architecture.block_type=advanced
models.architecture.mamba_type=mamba
models.architecture.n_encoder_layers=4
models.architecture.n_decoder_layers=2
training.mode=rollout    avg_loss: 0.000000084360  time_per_window : 0.004467   progress : 0.295
name: models.architecture.block_type=advanced
models.architecture.mamba_type=mamba
models.architecture.n_encoder_layers=4
models.architecture.n_decoder_layers=2
training.mode=rollout    avg_loss: 0.000000105406  time_per_window : 0.004390   progress : 0.306
name: models.architecture.block_type=advanced
models.architecture.mamba_type=mamba
models.architecture.n_encoder_layers=4
models.architecture.n_decoder_layers=2
training.mode=rollout    avg_loss: 0.000000087405  time_per_window : 0.004405   progress : 0.317
name: models.architecture.block_type=advanced
models.architecture.mamba_type=mamba
models.architecture.n_encoder_layers=4
models.architecture.n_decoder_layers=2
training.mode=rollout    avg_loss: 0.000000083110  time_per_window : 0.004371   progress : 0.328
name: models.architecture.block_type=advanced
models.architecture.mamba_type=mamba
models.architecture.n_encoder_layers=4
models.architecture.n_decoder_layers=2
training.mode=rollout    avg_loss: 0.000000084845  time_per_window : 0.004362   progress : 0.339
name: models.architecture.block_type=advanced
models.architecture.mamba_type=mamba
models.architecture.n_encoder_layers=4
models.architecture.n_decoder_layers=2
training.mode=rollout    avg_loss: 0.000000084518  time_per_window : 0.004441   progress : 0.350
name: models.architecture.block_type=advanced
models.architecture.mamba_type=mamba
models.architecture.n_encoder_layers=4
models.architecture.n_decoder_layers=2
training.mode=rollout    avg_loss: 0.000000107741  time_per_window : 0.004270   progress : 0.360
name: models.architecture.block_type=advanced
models.architecture.mamba_type=mamba
models.architecture.n_encoder_layers=4
models.architecture.n_decoder_layers=2
training.mode=rollout    avg_loss: 0.000000081171  time_per_window : 0.004363   progress : 0.371
name: models.architecture.block_type=advanced
models.architecture.mamba_type=mamba
models.architecture.n_encoder_layers=4
models.architecture.n_decoder_layers=2
training.mode=rollout    avg_loss: 0.000000099923  time_per_window : 0.004368   progress : 0.382
name: models.architecture.block_type=advanced
models.architecture.mamba_type=mamba
models.architecture.n_encoder_layers=4
models.architecture.n_decoder_layers=2
training.mode=rollout    avg_loss: 0.000000082382  time_per_window : 0.004455   progress : 0.393
name: models.architecture.block_type=advanced
models.architecture.mamba_type=mamba
models.architecture.n_encoder_layers=4
models.architecture.n_decoder_layers=2
training.mode=rollout    avg_loss: 0.000000089665  time_per_window : 0.004284   progress : 0.404
name: models.architecture.block_type=advanced
models.architecture.mamba_type=mamba
models.architecture.n_encoder_layers=4
models.architecture.n_decoder_layers=2
training.mode=rollout    avg_loss: 0.000000091774  time_per_window : 0.004472   progress : 0.415
name: models.architecture.block_type=advanced
models.architecture.mamba_type=mamba
models.architecture.n_encoder_layers=4
models.architecture.n_decoder_layers=2
training.mode=rollout    avg_loss: 0.000000093697  time_per_window : 0.004371   progress : 0.426
name: models.architecture.block_type=advanced
models.architecture.mamba_type=mamba
models.architecture.n_encoder_layers=4
models.architecture.n_decoder_layers=2
training.mode=rollout    avg_loss: 0.000000085118  time_per_window : 0.004467   progress : 0.437
name: models.architecture.block_type=advanced
models.architecture.mamba_type=mamba
models.architecture.n_encoder_layers=4
models.architecture.n_decoder_layers=2
training.mode=rollout    avg_loss: 0.000000089975  time_per_window : 0.004463   progress : 0.448
name: models.architecture.block_type=advanced
models.architecture.mamba_type=mamba
models.architecture.n_encoder_layers=4
models.architecture.n_decoder_layers=2
training.mode=rollout    avg_loss: 0.000000087399  time_per_window : 0.004374   progress : 0.459
name: models.architecture.block_type=advanced
models.architecture.mamba_type=mamba
models.architecture.n_encoder_layers=4
models.architecture.n_decoder_layers=2
training.mode=rollout    avg_loss: 0.000000077907  time_per_window : 0.004474   progress : 0.470
name: models.architecture.block_type=advanced
models.architecture.mamba_type=mamba
models.architecture.n_encoder_layers=4
models.architecture.n_decoder_layers=2
training.mode=rollout    avg_loss: 0.000000093614  time_per_window : 0.004435   progress : 0.481
name: models.architecture.block_type=advanced
models.architecture.mamba_type=mamba
models.architecture.n_encoder_layers=4
models.architecture.n_decoder_layers=2
training.mode=rollout    avg_loss: 0.000000087505  time_per_window : 0.004325   progress : 0.492
name: models.architecture.block_type=advanced
models.architecture.mamba_type=mamba
models.architecture.n_encoder_layers=4
models.architecture.n_decoder_layers=2
training.mode=rollout    avg_loss: 0.000000084600  time_per_window : 0.004391   progress : 0.502
name: models.architecture.block_type=advanced
models.architecture.mamba_type=mamba
models.architecture.n_encoder_layers=4
models.architecture.n_decoder_layers=2
training.mode=rollout    avg_loss: 0.000000089146  time_per_window : 0.004418   progress : 0.513
name: models.architecture.block_type=advanced
models.architecture.mamba_type=mamba
models.architecture.n_encoder_layers=4
models.architecture.n_decoder_layers=2
training.mode=rollout    avg_loss: 0.000000069950  time_per_window : 0.004464   progress : 0.524
name: models.architecture.block_type=advanced
models.architecture.mamba_type=mamba
models.architecture.n_encoder_layers=4
models.architecture.n_decoder_layers=2
training.mode=rollout    avg_loss: 0.000000097696  time_per_window : 0.004303   progress : 0.535
name: models.architecture.block_type=advanced
models.architecture.mamba_type=mamba
models.architecture.n_encoder_layers=4
models.architecture.n_decoder_layers=2
training.mode=rollout    avg_loss: 0.000000087113  time_per_window : 0.004404   progress : 0.546
name: models.architecture.block_type=advanced
models.architecture.mamba_type=mamba
models.architecture.n_encoder_layers=4
models.architecture.n_decoder_layers=2
training.mode=rollout    avg_loss: 0.000000085376  time_per_window : 0.002762   progress : 0.557
name: models.architecture.block_type=advanced
models.architecture.mamba_type=mamba
models.architecture.n_encoder_layers=4
models.architecture.n_decoder_layers=2
training.mode=rollout    avg_loss: 0.000000083240  time_per_window : 0.004458   progress : 0.568
name: models.architecture.block_type=advanced
models.architecture.mamba_type=mamba
models.architecture.n_encoder_layers=4
models.architecture.n_decoder_layers=2
training.mode=rollout    avg_loss: 0.000000076033  time_per_window : 0.004431   progress : 0.579
name: models.architecture.block_type=advanced
models.architecture.mamba_type=mamba
models.architecture.n_encoder_layers=4
models.architecture.n_decoder_layers=2
training.mode=rollout    avg_loss: 0.000000070895  time_per_window : 0.004305   progress : 0.590
name: models.architecture.block_type=advanced
models.architecture.mamba_type=mamba
models.architecture.n_encoder_layers=4
models.architecture.n_decoder_layers=2
training.mode=rollout    avg_loss: 0.000000086294  time_per_window : 0.004436   progress : 0.601
name: models.architecture.block_type=advanced
models.architecture.mamba_type=mamba
models.architecture.n_encoder_layers=4
models.architecture.n_decoder_layers=2
training.mode=rollout    avg_loss: 0.000000093224  time_per_window : 0.004407   progress : 0.612
name: models.architecture.block_type=advanced
models.architecture.mamba_type=mamba
models.architecture.n_encoder_layers=4
models.architecture.n_decoder_layers=2
training.mode=rollout    avg_loss: 0.000000071227  time_per_window : 0.004447   progress : 0.623
name: models.architecture.block_type=advanced
models.architecture.mamba_type=mamba
models.architecture.n_encoder_layers=4
models.architecture.n_decoder_layers=2
training.mode=rollout    avg_loss: 0.000000077862  time_per_window : 0.004425   progress : 0.634
name: models.architecture.block_type=advanced
models.architecture.mamba_type=mamba
models.architecture.n_encoder_layers=4
models.architecture.n_decoder_layers=2
training.mode=rollout    avg_loss: 0.000000080321  time_per_window : 0.004429   progress : 0.644
name: models.architecture.block_type=advanced
models.architecture.mamba_type=mamba
models.architecture.n_encoder_layers=4
models.architecture.n_decoder_layers=2
training.mode=rollout    avg_loss: 0.000000081351  time_per_window : 0.004443   progress : 0.655
name: models.architecture.block_type=advanced
models.architecture.mamba_type=mamba
models.architecture.n_encoder_layers=4
models.architecture.n_decoder_layers=2
training.mode=rollout    avg_loss: 0.000000078922  time_per_window : 0.004409   progress : 0.666
name: models.architecture.block_type=advanced
models.architecture.mamba_type=mamba
models.architecture.n_encoder_layers=4
models.architecture.n_decoder_layers=2
training.mode=rollout    avg_loss: 0.000000084181  time_per_window : 0.004446   progress : 0.677
name: models.architecture.block_type=advanced
models.architecture.mamba_type=mamba
models.architecture.n_encoder_layers=4
models.architecture.n_decoder_layers=2
training.mode=rollout    avg_loss: 0.000000080686  time_per_window : 0.004390   progress : 0.688
name: models.architecture.block_type=advanced
models.architecture.mamba_type=mamba
models.architecture.n_encoder_layers=4
models.architecture.n_decoder_layers=2
training.mode=rollout    avg_loss: 0.000000220679  time_per_window : 0.004433   progress : 0.699
name: models.architecture.block_type=advanced
models.architecture.mamba_type=mamba
models.architecture.n_encoder_layers=4
models.architecture.n_decoder_layers=2
training.mode=rollout    avg_loss: 0.000000073486  time_per_window : 0.004327   progress : 0.710
name: models.architecture.block_type=advanced
models.architecture.mamba_type=mamba
models.architecture.n_encoder_layers=4
models.architecture.n_decoder_layers=2
training.mode=rollout    avg_loss: 0.000000063220  time_per_window : 0.004347   progress : 0.721
name: models.architecture.block_type=advanced
models.architecture.mamba_type=mamba
models.architecture.n_encoder_layers=4
models.architecture.n_decoder_layers=2
training.mode=rollout    avg_loss: 0.000000068696  time_per_window : 0.004254   progress : 0.732
name: models.architecture.block_type=advanced
models.architecture.mamba_type=mamba
models.architecture.n_encoder_layers=4
models.architecture.n_decoder_layers=2
training.mode=rollout    avg_loss: 0.000000072858  time_per_window : 0.004409   progress : 0.743
name: models.architecture.block_type=advanced
models.architecture.mamba_type=mamba
models.architecture.n_encoder_layers=4
models.architecture.n_decoder_layers=2
training.mode=rollout    avg_loss: 0.000000072631  time_per_window : 0.004442   progress : 0.754
name: models.architecture.block_type=advanced
models.architecture.mamba_type=mamba
models.architecture.n_encoder_layers=4
models.architecture.n_decoder_layers=2
training.mode=rollout    avg_loss: 0.000000074397  time_per_window : 0.004458   progress : 0.765
name: models.architecture.block_type=advanced
models.architecture.mamba_type=mamba
models.architecture.n_encoder_layers=4
models.architecture.n_decoder_layers=2
training.mode=rollout    avg_loss: 0.000000081020  time_per_window : 0.004430   progress : 0.775
name: models.architecture.block_type=advanced
models.architecture.mamba_type=mamba
models.architecture.n_encoder_layers=4
models.architecture.n_decoder_layers=2
training.mode=rollout    avg_loss: 0.000000069968  time_per_window : 0.004350   progress : 0.786
name: models.architecture.block_type=advanced
models.architecture.mamba_type=mamba
models.architecture.n_encoder_layers=4
models.architecture.n_decoder_layers=2
training.mode=rollout    avg_loss: 0.000000076355  time_per_window : 0.004406   progress : 0.797
name: models.architecture.block_type=advanced
models.architecture.mamba_type=mamba
models.architecture.n_encoder_layers=4
models.architecture.n_decoder_layers=2
training.mode=rollout    avg_loss: 0.000000077783  time_per_window : 0.004440   progress : 0.808
name: models.architecture.block_type=advanced
models.architecture.mamba_type=mamba
models.architecture.n_encoder_layers=4
models.architecture.n_decoder_layers=2
training.mode=rollout    avg_loss: 0.000000083524  time_per_window : 0.004442   progress : 0.819
name: models.architecture.block_type=advanced
models.architecture.mamba_type=mamba
models.architecture.n_encoder_layers=4
models.architecture.n_decoder_layers=2
training.mode=rollout    avg_loss: 0.000000079965  time_per_window : 0.004383   progress : 0.830
name: models.architecture.block_type=advanced
models.architecture.mamba_type=mamba
models.architecture.n_encoder_layers=4
models.architecture.n_decoder_layers=2
training.mode=rollout    avg_loss: 0.000000078043  time_per_window : 0.004396   progress : 0.841
name: models.architecture.block_type=advanced
models.architecture.mamba_type=mamba
models.architecture.n_encoder_layers=4
models.architecture.n_decoder_layers=2
training.mode=rollout    avg_loss: 0.000000070379  time_per_window : 0.004370   progress : 0.852
name: models.architecture.block_type=advanced
models.architecture.mamba_type=mamba
models.architecture.n_encoder_layers=4
models.architecture.n_decoder_layers=2
training.mode=rollout    avg_loss: 0.000000076015  time_per_window : 0.004437   progress : 0.863
name: models.architecture.block_type=advanced
models.architecture.mamba_type=mamba
models.architecture.n_encoder_layers=4
models.architecture.n_decoder_layers=2
training.mode=rollout    avg_loss: 0.000000080416  time_per_window : 0.004423   progress : 0.874
name: models.architecture.block_type=advanced
models.architecture.mamba_type=mamba
models.architecture.n_encoder_layers=4
models.architecture.n_decoder_layers=2
training.mode=rollout    avg_loss: 0.000000089128  time_per_window : 0.004464   progress : 0.885
name: models.architecture.block_type=advanced
models.architecture.mamba_type=mamba
models.architecture.n_encoder_layers=4
models.architecture.n_decoder_layers=2
training.mode=rollout    avg_loss: 0.000000074129  time_per_window : 0.013368   progress : 0.896
name: models.architecture.block_type=advanced
models.architecture.mamba_type=mamba
models.architecture.n_encoder_layers=4
models.architecture.n_decoder_layers=2
training.mode=rollout    avg_loss: 0.000000069920  time_per_window : 0.004351   progress : 0.907
name: models.architecture.block_type=advanced
models.architecture.mamba_type=mamba
models.architecture.n_encoder_layers=4
models.architecture.n_decoder_layers=2
training.mode=rollout    avg_loss: 0.000000074704  time_per_window : 0.004251   progress : 0.917
name: models.architecture.block_type=advanced
models.architecture.mamba_type=mamba
models.architecture.n_encoder_layers=4
models.architecture.n_decoder_layers=2
training.mode=rollout    avg_loss: 0.000000079437  time_per_window : 0.004430   progress : 0.928
name: models.architecture.block_type=advanced
models.architecture.mamba_type=mamba
models.architecture.n_encoder_layers=4
models.architecture.n_decoder_layers=2
training.mode=rollout    avg_loss: 0.000000080139  time_per_window : 0.004385   progress : 0.939
name: models.architecture.block_type=advanced
models.architecture.mamba_type=mamba
models.architecture.n_encoder_layers=4
models.architecture.n_decoder_layers=2
training.mode=rollout    avg_loss: 0.000000073748  time_per_window : 0.004419   progress : 0.950
name: models.architecture.block_type=advanced
models.architecture.mamba_type=mamba
models.architecture.n_encoder_layers=4
models.architecture.n_decoder_layers=2
training.mode=rollout    avg_loss: 0.000000078944  time_per_window : 0.004324   progress : 0.961
name: models.architecture.block_type=advanced
models.architecture.mamba_type=mamba
models.architecture.n_encoder_layers=4
models.architecture.n_decoder_layers=2
training.mode=rollout    avg_loss: 0.000000074338  time_per_window : 0.004352   progress : 0.972
name: models.architecture.block_type=advanced
models.architecture.mamba_type=mamba
models.architecture.n_encoder_layers=4
models.architecture.n_decoder_layers=2
training.mode=rollout    avg_loss: 0.000000074411  time_per_window : 0.004386   progress : 0.983
name: models.architecture.block_type=advanced
models.architecture.mamba_type=mamba
models.architecture.n_encoder_layers=4
models.architecture.n_decoder_layers=2
training.mode=rollout    avg_loss: 0.000000080615  time_per_window : 0.004456   progress : 0.994
DONE!!!
