/media/egghead/Scratch/joey/Thesis/mavenv/lib/python3.11/site-packages/hydra/_internal/defaults_list.py:251: UserWarning: In 'config': Defaults list is missing `_self_`. See https://hydra.cc/docs/1.2/upgrades/1.0_to_1.1/default_composition_order for more information
  warnings.warn(msg, UserWarning)
Using cuda device
[2026-07-23 10:47:18,519][HYDRA] Joblib.Parallel(n_jobs=4,backend=loky,prefer=processes,require=None,verbose=0,timeout=None,pre_dispatch=2*n_jobs,batch_size=auto,temp_folder=None,max_nbytes=None,mmap_mode=r) is launching 1 jobs
[2026-07-23 10:47:18,519][HYDRA] Launching jobs, sweep output dir : ablation_runs/2026-07-23_10-47-09/one_enc_simple_mamba
[2026-07-23 10:47:18,519][HYDRA] 	#0 : models.architecture.block_type=simple models.architecture.mamba_type=mamba training.mode=rollout models.architecture.n_encoder_layers=1
/media/egghead/Scratch/joey/Thesis/mavenv/lib/python3.11/site-packages/hydra/_internal/defaults_list.py:251: UserWarning: In 'config': Defaults list is missing `_self_`. See https://hydra.cc/docs/1.2/upgrades/1.0_to_1.1/default_composition_order for more information
  warnings.warn(msg, UserWarning)
models:
  n_dim: 23
  out_dim: 10
  architecture:
    d_model: 128
    n_encoder_layers: 1
    n_decoder_layers: 0
    block_type: simple
    time_adapter: last_token
    in_norm: none
    out_norm: none
    layer_scale: 0.0001
    drop_path: 0.05
    mamba_type: mamba
    mamba_kwargs:
      d_state: 16
      d_conv: 2
      expand: 2
      norm: rms
    skip: false
    cls_kwargs:
      n_heads: 2
      n_mlp: 2
      positional_encoding: false
      max_len: 5000
input_len: 32
output_len: 1
batch_size: 128
epochs: 5
seed: 0
dataset:
  path: /media/egghead/Scratch/joey/simulation_data/patient_one_data.zarr/
  training_size: 1500000
evaluation:
  path: /media/egghead/Scratch/joey/simulation_data/patient_two_data.zarr/
  evaluation_size: 50
training:
  mode: rollout
  lr: 0.0002
  weight_decay: 0.1
  rollout_steps: 16
checkpoint:
  save_path: hydra-test.pth
  load: false
  path: hydra-test.pth
compile: true

/media/egghead/Scratch/joey/Thesis/mavenv/lib/python3.11/site-packages/torch/_dynamo/variables/functions.py:2311: UserWarning: Dynamo does not know how to trace the builtin `selective_scan_cuda.pybind11_detail_function_record_v1_system_libstdcpp_gxx_abi_1xxx_use_cxx11_abi_1.fwd.` This function is either a Python builtin (e.g. _warnings.warn) or a third-party C/C++ Python extension (perhaps created with pybind).
If it is a Python builtin, please file an issue on GitHub so the PyTorch team can add support for it and see the next case for a workaround.
If it is a third-party C/C++ Python extension, please either wrap it into a PyTorch-understood custom operator (see https://pytorch.org/tutorials/advanced/custom_ops_landing_page.html for more details) or, if it is traceable, use `torch.compiler.allow_in_graph`.
  torch._dynamo.utils.warn_once(explanation + "\n" + "\n".join(hints))
/media/egghead/Scratch/joey/Thesis/mavenv/lib/python3.11/site-packages/torch/_inductor/cudagraph_trees.py:2622: UserWarning: Unable to hit fast path of CUDAGraphs because outputs from a previous step still require backward. Ensure backward() is invoked or detach outputs. You may also call torch.compiler.cudagraph_mark_step_begin() before each model invocation.
  warnings.warn(
name: models.architecture.block_type=simple
models.architecture.mamba_type=mamba
training.mode=rollout
models.architecture.n_encoder_layers=1    avg_loss: 0.000250785466  time_per_window : 0.000902   progress : 0.011
name: models.architecture.block_type=simple
models.architecture.mamba_type=mamba
training.mode=rollout
models.architecture.n_encoder_layers=1    avg_loss: 0.000000507014  time_per_window : 0.001041   progress : 0.022
name: models.architecture.block_type=simple
models.architecture.mamba_type=mamba
training.mode=rollout
models.architecture.n_encoder_layers=1    avg_loss: 0.000000438437  time_per_window : 0.000972   progress : 0.033
name: models.architecture.block_type=simple
models.architecture.mamba_type=mamba
training.mode=rollout
models.architecture.n_encoder_layers=1    avg_loss: 0.000000361218  time_per_window : 0.001004   progress : 0.044
name: models.architecture.block_type=simple
models.architecture.mamba_type=mamba
training.mode=rollout
models.architecture.n_encoder_layers=1    avg_loss: 0.000000344194  time_per_window : 0.000868   progress : 0.055
name: models.architecture.block_type=simple
models.architecture.mamba_type=mamba
training.mode=rollout
models.architecture.n_encoder_layers=1    avg_loss: 0.000000284073  time_per_window : 0.001049   progress : 0.066
name: models.architecture.block_type=simple
models.architecture.mamba_type=mamba
training.mode=rollout
models.architecture.n_encoder_layers=1    avg_loss: 0.000000252165  time_per_window : 0.000996   progress : 0.076
name: models.architecture.block_type=simple
models.architecture.mamba_type=mamba
training.mode=rollout
models.architecture.n_encoder_layers=1    avg_loss: 0.000000232160  time_per_window : 0.001067   progress : 0.087
name: models.architecture.block_type=simple
models.architecture.mamba_type=mamba
training.mode=rollout
models.architecture.n_encoder_layers=1    avg_loss: 0.000000203741  time_per_window : 0.001003   progress : 0.098
name: models.architecture.block_type=simple
models.architecture.mamba_type=mamba
training.mode=rollout
models.architecture.n_encoder_layers=1    avg_loss: 0.000000179247  time_per_window : 0.000739   progress : 0.109
name: models.architecture.block_type=simple
models.architecture.mamba_type=mamba
training.mode=rollout
models.architecture.n_encoder_layers=1    avg_loss: 0.000000180084  time_per_window : 0.000982   progress : 0.120
name: models.architecture.block_type=simple
models.architecture.mamba_type=mamba
training.mode=rollout
models.architecture.n_encoder_layers=1    avg_loss: 0.000000171450  time_per_window : 0.000927   progress : 0.131
name: models.architecture.block_type=simple
models.architecture.mamba_type=mamba
training.mode=rollout
models.architecture.n_encoder_layers=1    avg_loss: 0.000000161311  time_per_window : 0.000824   progress : 0.142
name: models.architecture.block_type=simple
models.architecture.mamba_type=mamba
training.mode=rollout
models.architecture.n_encoder_layers=1    avg_loss: 0.000000152820  time_per_window : 0.000844   progress : 0.153
name: models.architecture.block_type=simple
models.architecture.mamba_type=mamba
training.mode=rollout
models.architecture.n_encoder_layers=1    avg_loss: 0.000000143862  time_per_window : 0.001024   progress : 0.164
name: models.architecture.block_type=simple
models.architecture.mamba_type=mamba
training.mode=rollout
models.architecture.n_encoder_layers=1    avg_loss: 0.000000138429  time_per_window : 0.000834   progress : 0.175
name: models.architecture.block_type=simple
models.architecture.mamba_type=mamba
training.mode=rollout
models.architecture.n_encoder_layers=1    avg_loss: 0.000000132700  time_per_window : 0.001086   progress : 0.186
name: models.architecture.block_type=simple
models.architecture.mamba_type=mamba
training.mode=rollout
models.architecture.n_encoder_layers=1    avg_loss: 0.000000126818  time_per_window : 0.000950   progress : 0.197
name: models.architecture.block_type=simple
models.architecture.mamba_type=mamba
training.mode=rollout
models.architecture.n_encoder_layers=1    avg_loss: 0.000000107877  time_per_window : 0.001010   progress : 0.208
name: models.architecture.block_type=simple
models.architecture.mamba_type=mamba
training.mode=rollout
models.architecture.n_encoder_layers=1    avg_loss: 0.000000101251  time_per_window : 0.000833   progress : 0.218
name: models.architecture.block_type=simple
models.architecture.mamba_type=mamba
training.mode=rollout
models.architecture.n_encoder_layers=1    avg_loss: 0.000000095042  time_per_window : 0.000947   progress : 0.229
name: models.architecture.block_type=simple
models.architecture.mamba_type=mamba
training.mode=rollout
models.architecture.n_encoder_layers=1    avg_loss: 0.000000082737  time_per_window : 0.000915   progress : 0.240
name: models.architecture.block_type=simple
models.architecture.mamba_type=mamba
training.mode=rollout
models.architecture.n_encoder_layers=1    avg_loss: 0.000000079896  time_per_window : 0.000917   progress : 0.251
name: models.architecture.block_type=simple
models.architecture.mamba_type=mamba
training.mode=rollout
models.architecture.n_encoder_layers=1    avg_loss: 0.000000066692  time_per_window : 0.000999   progress : 0.262
name: models.architecture.block_type=simple
models.architecture.mamba_type=mamba
training.mode=rollout
models.architecture.n_encoder_layers=1    avg_loss: 0.000000060073  time_per_window : 0.000951   progress : 0.273
name: models.architecture.block_type=simple
models.architecture.mamba_type=mamba
training.mode=rollout
models.architecture.n_encoder_layers=1    avg_loss: 0.000000052455  time_per_window : 0.000976   progress : 0.284
name: models.architecture.block_type=simple
models.architecture.mamba_type=mamba
training.mode=rollout
models.architecture.n_encoder_layers=1    avg_loss: 0.000000052636  time_per_window : 0.000929   progress : 0.295
name: models.architecture.block_type=simple
models.architecture.mamba_type=mamba
training.mode=rollout
models.architecture.n_encoder_layers=1    avg_loss: 0.000000046366  time_per_window : 0.000849   progress : 0.306
name: models.architecture.block_type=simple
models.architecture.mamba_type=mamba
training.mode=rollout
models.architecture.n_encoder_layers=1    avg_loss: 0.000000044761  time_per_window : 0.000995   progress : 0.317
name: models.architecture.block_type=simple
models.architecture.mamba_type=mamba
training.mode=rollout
models.architecture.n_encoder_layers=1    avg_loss: 0.000000043702  time_per_window : 0.001088   progress : 0.328
name: models.architecture.block_type=simple
models.architecture.mamba_type=mamba
training.mode=rollout
models.architecture.n_encoder_layers=1    avg_loss: 0.000000043122  time_per_window : 0.000862   progress : 0.339
name: models.architecture.block_type=simple
models.architecture.mamba_type=mamba
training.mode=rollout
models.architecture.n_encoder_layers=1    avg_loss: 0.000000039656  time_per_window : 0.001005   progress : 0.350
name: models.architecture.block_type=simple
models.architecture.mamba_type=mamba
training.mode=rollout
models.architecture.n_encoder_layers=1    avg_loss: 0.000000038151  time_per_window : 0.000895   progress : 0.360
name: models.architecture.block_type=simple
models.architecture.mamba_type=mamba
training.mode=rollout
models.architecture.n_encoder_layers=1    avg_loss: 0.000000038249  time_per_window : 0.000728   progress : 0.371
name: models.architecture.block_type=simple
models.architecture.mamba_type=mamba
training.mode=rollout
models.architecture.n_encoder_layers=1    avg_loss: 0.000000037301  time_per_window : 0.000979   progress : 0.382
name: models.architecture.block_type=simple
models.architecture.mamba_type=mamba
training.mode=rollout
models.architecture.n_encoder_layers=1    avg_loss: 0.000000038334  time_per_window : 0.000835   progress : 0.393
name: models.architecture.block_type=simple
models.architecture.mamba_type=mamba
training.mode=rollout
models.architecture.n_encoder_layers=1    avg_loss: 0.000000041085  time_per_window : 0.000852   progress : 0.404
name: models.architecture.block_type=simple
models.architecture.mamba_type=mamba
training.mode=rollout
models.architecture.n_encoder_layers=1    avg_loss: 0.000000036173  time_per_window : 0.001012   progress : 0.415
name: models.architecture.block_type=simple
models.architecture.mamba_type=mamba
training.mode=rollout
models.architecture.n_encoder_layers=1    avg_loss: 0.000000033618  time_per_window : 0.000995   progress : 0.426
name: models.architecture.block_type=simple
models.architecture.mamba_type=mamba
training.mode=rollout
models.architecture.n_encoder_layers=1    avg_loss: 0.000000037845  time_per_window : 0.000986   progress : 0.437
name: models.architecture.block_type=simple
models.architecture.mamba_type=mamba
training.mode=rollout
models.architecture.n_encoder_layers=1    avg_loss: 0.000000033445  time_per_window : 0.001045   progress : 0.448
name: models.architecture.block_type=simple
models.architecture.mamba_type=mamba
training.mode=rollout
models.architecture.n_encoder_layers=1    avg_loss: 0.000000036683  time_per_window : 0.000992   progress : 0.459
name: models.architecture.block_type=simple
models.architecture.mamba_type=mamba
training.mode=rollout
models.architecture.n_encoder_layers=1    avg_loss: 0.000000035586  time_per_window : 0.001028   progress : 0.470
name: models.architecture.block_type=simple
models.architecture.mamba_type=mamba
training.mode=rollout
models.architecture.n_encoder_layers=1    avg_loss: 0.000000036685  time_per_window : 0.001009   progress : 0.481
name: models.architecture.block_type=simple
models.architecture.mamba_type=mamba
training.mode=rollout
models.architecture.n_encoder_layers=1    avg_loss: 0.000000039739  time_per_window : 0.000986   progress : 0.492
name: models.architecture.block_type=simple
models.architecture.mamba_type=mamba
training.mode=rollout
models.architecture.n_encoder_layers=1    avg_loss: 0.000000036660  time_per_window : 0.000865   progress : 0.502
name: models.architecture.block_type=simple
models.architecture.mamba_type=mamba
training.mode=rollout
models.architecture.n_encoder_layers=1    avg_loss: 0.000000037983  time_per_window : 0.001061   progress : 0.513
name: models.architecture.block_type=simple
models.architecture.mamba_type=mamba
training.mode=rollout
models.architecture.n_encoder_layers=1    avg_loss: 0.000000036401  time_per_window : 0.000965   progress : 0.524
name: models.architecture.block_type=simple
models.architecture.mamba_type=mamba
training.mode=rollout
models.architecture.n_encoder_layers=1    avg_loss: 0.000000035521  time_per_window : 0.000916   progress : 0.535
name: models.architecture.block_type=simple
models.architecture.mamba_type=mamba
training.mode=rollout
models.architecture.n_encoder_layers=1    avg_loss: 0.000000038745  time_per_window : 0.000748   progress : 0.546
name: models.architecture.block_type=simple
models.architecture.mamba_type=mamba
training.mode=rollout
models.architecture.n_encoder_layers=1    avg_loss: 0.000000036869  time_per_window : 0.000780   progress : 0.557
name: models.architecture.block_type=simple
models.architecture.mamba_type=mamba
training.mode=rollout
models.architecture.n_encoder_layers=1    avg_loss: 0.000000048515  time_per_window : 0.000740   progress : 0.568
name: models.architecture.block_type=simple
models.architecture.mamba_type=mamba
training.mode=rollout
models.architecture.n_encoder_layers=1    avg_loss: 0.000000032766  time_per_window : 0.001026   progress : 0.579
name: models.architecture.block_type=simple
models.architecture.mamba_type=mamba
training.mode=rollout
models.architecture.n_encoder_layers=1    avg_loss: 0.000000044583  time_per_window : 0.000993   progress : 0.590
name: models.architecture.block_type=simple
models.architecture.mamba_type=mamba
training.mode=rollout
models.architecture.n_encoder_layers=1    avg_loss: 0.000000043274  time_per_window : 0.000982   progress : 0.601
name: models.architecture.block_type=simple
models.architecture.mamba_type=mamba
training.mode=rollout
models.architecture.n_encoder_layers=1    avg_loss: 0.000000034645  time_per_window : 0.000976   progress : 0.612
name: models.architecture.block_type=simple
models.architecture.mamba_type=mamba
training.mode=rollout
models.architecture.n_encoder_layers=1    avg_loss: 0.000000035857  time_per_window : 0.001000   progress : 0.623
name: models.architecture.block_type=simple
models.architecture.mamba_type=mamba
training.mode=rollout
models.architecture.n_encoder_layers=1    avg_loss: 0.000000047795  time_per_window : 0.001010   progress : 0.634
name: models.architecture.block_type=simple
models.architecture.mamba_type=mamba
training.mode=rollout
models.architecture.n_encoder_layers=1    avg_loss: 0.000000034714  time_per_window : 0.000958   progress : 0.644
name: models.architecture.block_type=simple
models.architecture.mamba_type=mamba
training.mode=rollout
models.architecture.n_encoder_layers=1    avg_loss: 0.000000037537  time_per_window : 0.000991   progress : 0.655
name: models.architecture.block_type=simple
models.architecture.mamba_type=mamba
training.mode=rollout
models.architecture.n_encoder_layers=1    avg_loss: 0.000000036620  time_per_window : 0.001025   progress : 0.666
name: models.architecture.block_type=simple
models.architecture.mamba_type=mamba
training.mode=rollout
models.architecture.n_encoder_layers=1    avg_loss: 0.000000040365  time_per_window : 0.000781   progress : 0.677
name: models.architecture.block_type=simple
models.architecture.mamba_type=mamba
training.mode=rollout
models.architecture.n_encoder_layers=1    avg_loss: 0.000000034458  time_per_window : 0.000976   progress : 0.688
name: models.architecture.block_type=simple
models.architecture.mamba_type=mamba
training.mode=rollout
models.architecture.n_encoder_layers=1    avg_loss: 0.000000037186  time_per_window : 0.000739   progress : 0.699
name: models.architecture.block_type=simple
models.architecture.mamba_type=mamba
training.mode=rollout
models.architecture.n_encoder_layers=1    avg_loss: 0.000000041039  time_per_window : 0.001014   progress : 0.710
name: models.architecture.block_type=simple
models.architecture.mamba_type=mamba
training.mode=rollout
models.architecture.n_encoder_layers=1    avg_loss: 0.000000037511  time_per_window : 0.001007   progress : 0.721
name: models.architecture.block_type=simple
models.architecture.mamba_type=mamba
training.mode=rollout
models.architecture.n_encoder_layers=1    avg_loss: 0.000000035800  time_per_window : 0.001048   progress : 0.732
name: models.architecture.block_type=simple
models.architecture.mamba_type=mamba
training.mode=rollout
models.architecture.n_encoder_layers=1    avg_loss: 0.000000035662  time_per_window : 0.000986   progress : 0.743
name: models.architecture.block_type=simple
models.architecture.mamba_type=mamba
training.mode=rollout
models.architecture.n_encoder_layers=1    avg_loss: 0.000000035116  time_per_window : 0.000768   progress : 0.754
name: models.architecture.block_type=simple
models.architecture.mamba_type=mamba
training.mode=rollout
models.architecture.n_encoder_layers=1    avg_loss: 0.000000037593  time_per_window : 0.000965   progress : 0.765
name: models.architecture.block_type=simple
models.architecture.mamba_type=mamba
training.mode=rollout
models.architecture.n_encoder_layers=1    avg_loss: 0.000000035229  time_per_window : 0.000996   progress : 0.775
name: models.architecture.block_type=simple
models.architecture.mamba_type=mamba
training.mode=rollout
models.architecture.n_encoder_layers=1    avg_loss: 0.000000034911  time_per_window : 0.000909   progress : 0.786
name: models.architecture.block_type=simple
models.architecture.mamba_type=mamba
training.mode=rollout
models.architecture.n_encoder_layers=1    avg_loss: 0.000000033399  time_per_window : 0.001001   progress : 0.797
name: models.architecture.block_type=simple
models.architecture.mamba_type=mamba
training.mode=rollout
models.architecture.n_encoder_layers=1    avg_loss: 0.000000034550  time_per_window : 0.000968   progress : 0.808
name: models.architecture.block_type=simple
models.architecture.mamba_type=mamba
training.mode=rollout
models.architecture.n_encoder_layers=1    avg_loss: 0.000000032437  time_per_window : 0.001022   progress : 0.819
name: models.architecture.block_type=simple
models.architecture.mamba_type=mamba
training.mode=rollout
models.architecture.n_encoder_layers=1    avg_loss: 0.000000034332  time_per_window : 0.001024   progress : 0.830/media/egghead/Scratch/joey/Thesis/mavenv/lib/python3.11/site-packages/torch/_inductor/cudagraph_trees.py:2622: UserWarning: Unable to hit fast path of CUDAGraphs because outputs from a previous step still require backward. Ensure backward() is invoked or detach outputs. You may also call torch.compiler.cudagraph_mark_step_begin() before each model invocation.
  warnings.warn(
/media/egghead/Scratch/joey/Thesis/mavenv/lib/python3.11/site-packages/torch/_inductor/cudagraph_trees.py:2622: UserWarning: Unable to hit fast path of CUDAGraphs because outputs from a previous step still require backward. Ensure backward() is invoked or detach outputs. You may also call torch.compiler.cudagraph_mark_step_begin() before each model invocation.
  warnings.warn(

name: models.architecture.block_type=simple
models.architecture.mamba_type=mamba
training.mode=rollout
models.architecture.n_encoder_layers=1    avg_loss: 0.000000030006  time_per_window : 0.001099   progress : 0.841
name: models.architecture.block_type=simple
models.architecture.mamba_type=mamba
training.mode=rollout
models.architecture.n_encoder_layers=1    avg_loss: 0.000000033846  time_per_window : 0.000940   progress : 0.852
name: models.architecture.block_type=simple
models.architecture.mamba_type=mamba
training.mode=rollout
models.architecture.n_encoder_layers=1    avg_loss: 0.000000033157  time_per_window : 0.001001   progress : 0.863
name: models.architecture.block_type=simple
models.architecture.mamba_type=mamba
training.mode=rollout
models.architecture.n_encoder_layers=1    avg_loss: 0.000000032255  time_per_window : 0.001042   progress : 0.874
name: models.architecture.block_type=simple
models.architecture.mamba_type=mamba
training.mode=rollout
models.architecture.n_encoder_layers=1    avg_loss: 0.000000030182  time_per_window : 0.000991   progress : 0.885
name: models.architecture.block_type=simple
models.architecture.mamba_type=mamba
training.mode=rollout
models.architecture.n_encoder_layers=1    avg_loss: 0.000000031470  time_per_window : 0.000966   progress : 0.896
name: models.architecture.block_type=simple
models.architecture.mamba_type=mamba
training.mode=rollout
models.architecture.n_encoder_layers=1    avg_loss: 0.000000034298  time_per_window : 0.001072   progress : 0.907
name: models.architecture.block_type=simple
models.architecture.mamba_type=mamba
training.mode=rollout
models.architecture.n_encoder_layers=1    avg_loss: 0.000000027887  time_per_window : 0.000996   progress : 0.917
name: models.architecture.block_type=simple
models.architecture.mamba_type=mamba
training.mode=rollout
models.architecture.n_encoder_layers=1    avg_loss: 0.000000031560  time_per_window : 0.000949   progress : 0.928
name: models.architecture.block_type=simple
models.architecture.mamba_type=mamba
training.mode=rollout
models.architecture.n_encoder_layers=1    avg_loss: 0.000000032963  time_per_window : 0.001058   progress : 0.939
name: models.architecture.block_type=simple
models.architecture.mamba_type=mamba
training.mode=rollout
models.architecture.n_encoder_layers=1    avg_loss: 0.000000033125  time_per_window : 0.001065   progress : 0.950
name: models.architecture.block_type=simple
models.architecture.mamba_type=mamba
training.mode=rollout
models.architecture.n_encoder_layers=1    avg_loss: 0.000000027188  time_per_window : 0.000920   progress : 0.961
name: models.architecture.block_type=simple
models.architecture.mamba_type=mamba
training.mode=rollout
models.architecture.n_encoder_layers=1    avg_loss: 0.000000025438  time_per_window : 0.000991   progress : 0.972
name: models.architecture.block_type=simple
models.architecture.mamba_type=mamba
training.mode=rollout
models.architecture.n_encoder_layers=1    avg_loss: 0.000000027539  time_per_window : 0.000960   progress : 0.983
name: models.architecture.block_type=simple
models.architecture.mamba_type=mamba
training.mode=rollout
models.architecture.n_encoder_layers=1    avg_loss: 0.000000028050  time_per_window : 0.000944   progress : 0.994
name: models.architecture.block_type=simple
models.architecture.mamba_type=mamba
training.mode=rollout
models.architecture.n_encoder_layers=1    avg_loss: 0.000000038355  time_per_window : 0.001054   progress : 0.011
name: models.architecture.block_type=simple
models.architecture.mamba_type=mamba
training.mode=rollout
models.architecture.n_encoder_layers=1    avg_loss: 0.000000035831  time_per_window : 0.001095   progress : 0.022
name: models.architecture.block_type=simple
models.architecture.mamba_type=mamba
training.mode=rollout
models.architecture.n_encoder_layers=1    avg_loss: 0.000000033646  time_per_window : 0.000967   progress : 0.033
name: models.architecture.block_type=simple
models.architecture.mamba_type=mamba
training.mode=rollout
models.architecture.n_encoder_layers=1    avg_loss: 0.000000028588  time_per_window : 0.001100   progress : 0.044
name: models.architecture.block_type=simple
models.architecture.mamba_type=mamba
training.mode=rollout
models.architecture.n_encoder_layers=1    avg_loss: 0.000000027815  time_per_window : 0.001126   progress : 0.055
name: models.architecture.block_type=simple
models.architecture.mamba_type=mamba
training.mode=rollout
models.architecture.n_encoder_layers=1    avg_loss: 0.000000028246  time_per_window : 0.001085   progress : 0.066
name: models.architecture.block_type=simple
models.architecture.mamba_type=mamba
training.mode=rollout
models.architecture.n_encoder_layers=1    avg_loss: 0.000000027194  time_per_window : 0.000983   progress : 0.076
name: models.architecture.block_type=simple
models.architecture.mamba_type=mamba
training.mode=rollout
models.architecture.n_encoder_layers=1    avg_loss: 0.000000032604  time_per_window : 0.000930   progress : 0.087
name: models.architecture.block_type=simple
models.architecture.mamba_type=mamba
training.mode=rollout
models.architecture.n_encoder_layers=1    avg_loss: 0.000000026140  time_per_window : 0.001046   progress : 0.098
name: models.architecture.block_type=simple
models.architecture.mamba_type=mamba
training.mode=rollout
models.architecture.n_encoder_layers=1    avg_loss: 0.000000024745  time_per_window : 0.000889   progress : 0.109
name: models.architecture.block_type=simple
models.architecture.mamba_type=mamba
training.mode=rollout
models.architecture.n_encoder_layers=1    avg_loss: 0.000000024865  time_per_window : 0.001017   progress : 0.120
name: models.architecture.block_type=simple
models.architecture.mamba_type=mamba
training.mode=rollout
models.architecture.n_encoder_layers=1    avg_loss: 0.000000030427  time_per_window : 0.000926   progress : 0.131
name: models.architecture.block_type=simple
models.architecture.mamba_type=mamba
training.mode=rollout
models.architecture.n_encoder_layers=1    avg_loss: 0.000000025689  time_per_window : 0.001046   progress : 0.142
name: models.architecture.block_type=simple
models.architecture.mamba_type=mamba
training.mode=rollout
models.architecture.n_encoder_layers=1    avg_loss: 0.000000024439  time_per_window : 0.001115   progress : 0.153
name: models.architecture.block_type=simple
models.architecture.mamba_type=mamba
training.mode=rollout
models.architecture.n_encoder_layers=1    avg_loss: 0.000000025418  time_per_window : 0.000905   progress : 0.164
name: models.architecture.block_type=simple
models.architecture.mamba_type=mamba
training.mode=rollout
models.architecture.n_encoder_layers=1    avg_loss: 0.000000024803  time_per_window : 0.000898   progress : 0.175
name: models.architecture.block_type=simple
models.architecture.mamba_type=mamba
training.mode=rollout
models.architecture.n_encoder_layers=1    avg_loss: 0.000000021147  time_per_window : 0.001086   progress : 0.186
name: models.architecture.block_type=simple
models.architecture.mamba_type=mamba
training.mode=rollout
models.architecture.n_encoder_layers=1    avg_loss: 0.000000027306  time_per_window : 0.000984   progress : 0.197
name: models.architecture.block_type=simple
models.architecture.mamba_type=mamba
training.mode=rollout
models.architecture.n_encoder_layers=1    avg_loss: 0.000000018090  time_per_window : 0.001029   progress : 0.208
name: models.architecture.block_type=simple
models.architecture.mamba_type=mamba
training.mode=rollout
models.architecture.n_encoder_layers=1    avg_loss: 0.000000021619  time_per_window : 0.001024   progress : 0.218
name: models.architecture.block_type=simple
models.architecture.mamba_type=mamba
training.mode=rollout
models.architecture.n_encoder_layers=1    avg_loss: 0.000000023536  time_per_window : 0.001103   progress : 0.229
name: models.architecture.block_type=simple
models.architecture.mamba_type=mamba
training.mode=rollout
models.architecture.n_encoder_layers=1    avg_loss: 0.000000020838  time_per_window : 0.001116   progress : 0.240
name: models.architecture.block_type=simple
models.architecture.mamba_type=mamba
training.mode=rollout
models.architecture.n_encoder_layers=1    avg_loss: 0.000000025447  time_per_window : 0.000931   progress : 0.251
name: models.architecture.block_type=simple
models.architecture.mamba_type=mamba
training.mode=rollout
models.architecture.n_encoder_layers=1    avg_loss: 0.000000023891  time_per_window : 0.001030   progress : 0.262
name: models.architecture.block_type=simple
models.architecture.mamba_type=mamba
training.mode=rollout
models.architecture.n_encoder_layers=1    avg_loss: 0.000000020135  time_per_window : 0.000909   progress : 0.273
name: models.architecture.block_type=simple
models.architecture.mamba_type=mamba
training.mode=rollout
models.architecture.n_encoder_layers=1    avg_loss: 0.000000022266  time_per_window : 0.001091   progress : 0.284
name: models.architecture.block_type=simple
models.architecture.mamba_type=mamba
training.mode=rollout
models.architecture.n_encoder_layers=1    avg_loss: 0.000000021821  time_per_window : 0.001063   progress : 0.295
name: models.architecture.block_type=simple
models.architecture.mamba_type=mamba
training.mode=rollout
models.architecture.n_encoder_layers=1    avg_loss: 0.000000018642  time_per_window : 0.001074   progress : 0.306
name: models.architecture.block_type=simple
models.architecture.mamba_type=mamba
training.mode=rollout
models.architecture.n_encoder_layers=1    avg_loss: 0.000000019795  time_per_window : 0.001106   progress : 0.317
name: models.architecture.block_type=simple
models.architecture.mamba_type=mamba
training.mode=rollout
models.architecture.n_encoder_layers=1    avg_loss: 0.000000022885  time_per_window : 0.001068   progress : 0.328
name: models.architecture.block_type=simple
models.architecture.mamba_type=mamba
training.mode=rollout
models.architecture.n_encoder_layers=1    avg_loss: 0.000000023763  time_per_window : 0.001071   progress : 0.339
name: models.architecture.block_type=simple
models.architecture.mamba_type=mamba
training.mode=rollout
models.architecture.n_encoder_layers=1    avg_loss: 0.000000018545  time_per_window : 0.001079   progress : 0.350
name: models.architecture.block_type=simple
models.architecture.mamba_type=mamba
training.mode=rollout
models.architecture.n_encoder_layers=1    avg_loss: 0.000000023770  time_per_window : 0.001047   progress : 0.360
name: models.architecture.block_type=simple
models.architecture.mamba_type=mamba
training.mode=rollout
models.architecture.n_encoder_layers=1    avg_loss: 0.000000018272  time_per_window : 0.001075   progress : 0.371
name: models.architecture.block_type=simple
models.architecture.mamba_type=mamba
training.mode=rollout
models.architecture.n_encoder_layers=1    avg_loss: 0.000000019198  time_per_window : 0.001116   progress : 0.382
name: models.architecture.block_type=simple
models.architecture.mamba_type=mamba
training.mode=rollout
models.architecture.n_encoder_layers=1    avg_loss: 0.000000020550  time_per_window : 0.001005   progress : 0.393
name: models.architecture.block_type=simple
models.architecture.mamba_type=mamba
training.mode=rollout
models.architecture.n_encoder_layers=1    avg_loss: 0.000000019535  time_per_window : 0.001046   progress : 0.404
name: models.architecture.block_type=simple
models.architecture.mamba_type=mamba
training.mode=rollout
models.architecture.n_encoder_layers=1    avg_loss: 0.000000018432  time_per_window : 0.001035   progress : 0.415
name: models.architecture.block_type=simple
models.architecture.mamba_type=mamba
training.mode=rollout
models.architecture.n_encoder_layers=1    avg_loss: 0.000000017296  time_per_window : 0.001074   progress : 0.426
name: models.architecture.block_type=simple
models.architecture.mamba_type=mamba
training.mode=rollout
models.architecture.n_encoder_layers=1    avg_loss: 0.000000021442  time_per_window : 0.000842   progress : 0.437
name: models.architecture.block_type=simple
models.architecture.mamba_type=mamba
training.mode=rollout
models.architecture.n_encoder_layers=1    avg_loss: 0.000000023294  time_per_window : 0.000953   progress : 0.448
name: models.architecture.block_type=simple
models.architecture.mamba_type=mamba
training.mode=rollout
models.architecture.n_encoder_layers=1    avg_loss: 0.000000018900  time_per_window : 0.001059   progress : 0.459
name: models.architecture.block_type=simple
models.architecture.mamba_type=mamba
training.mode=rollout
models.architecture.n_encoder_layers=1    avg_loss: 0.000000019059  time_per_window : 0.001104   progress : 0.470
name: models.architecture.block_type=simple
models.architecture.mamba_type=mamba
training.mode=rollout
models.architecture.n_encoder_layers=1    avg_loss: 0.000000017473  time_per_window : 0.000912   progress : 0.481
name: models.architecture.block_type=simple
models.architecture.mamba_type=mamba
training.mode=rollout
models.architecture.n_encoder_layers=1    avg_loss: 0.000000019715  time_per_window : 0.001001   progress : 0.492
name: models.architecture.block_type=simple
models.architecture.mamba_type=mamba
training.mode=rollout
models.architecture.n_encoder_layers=1    avg_loss: 0.000000017731  time_per_window : 0.000906   progress : 0.502
name: models.architecture.block_type=simple
models.architecture.mamba_type=mamba
training.mode=rollout
models.architecture.n_encoder_layers=1    avg_loss: 0.000000018218  time_per_window : 0.001180   progress : 0.513
name: models.architecture.block_type=simple
models.architecture.mamba_type=mamba
training.mode=rollout
models.architecture.n_encoder_layers=1    avg_loss: 0.000000020924  time_per_window : 0.001099   progress : 0.524
name: models.architecture.block_type=simple
models.architecture.mamba_type=mamba
training.mode=rollout
models.architecture.n_encoder_layers=1    avg_loss: 0.000000016079  time_per_window : 0.000996   progress : 0.535
name: models.architecture.block_type=simple
models.architecture.mamba_type=mamba
training.mode=rollout
models.architecture.n_encoder_layers=1    avg_loss: 0.000000017965  time_per_window : 0.001024   progress : 0.546
name: models.architecture.block_type=simple
models.architecture.mamba_type=mamba
training.mode=rollout
models.architecture.n_encoder_layers=1    avg_loss: 0.000000018433  time_per_window : 0.001096   progress : 0.557
name: models.architecture.block_type=simple
models.architecture.mamba_type=mamba
training.mode=rollout
models.architecture.n_encoder_layers=1    avg_loss: 0.000000020220  time_per_window : 0.000926   progress : 0.568
name: models.architecture.block_type=simple
models.architecture.mamba_type=mamba
training.mode=rollout
models.architecture.n_encoder_layers=1    avg_loss: 0.000000015213  time_per_window : 0.001028   progress : 0.579
name: models.architecture.block_type=simple
models.architecture.mamba_type=mamba
training.mode=rollout
models.architecture.n_encoder_layers=1    avg_loss: 0.000000018414  time_per_window : 0.000883   progress : 0.590
name: models.architecture.block_type=simple
models.architecture.mamba_type=mamba
training.mode=rollout
models.architecture.n_encoder_layers=1    avg_loss: 0.000000018840  time_per_window : 0.001001   progress : 0.601
name: models.architecture.block_type=simple
models.architecture.mamba_type=mamba
training.mode=rollout
models.architecture.n_encoder_layers=1    avg_loss: 0.000000019371  time_per_window : 0.000808   progress : 0.612
name: models.architecture.block_type=simple
models.architecture.mamba_type=mamba
training.mode=rollout
models.architecture.n_encoder_layers=1    avg_loss: 0.000000017733  time_per_window : 0.000994   progress : 0.623
name: models.architecture.block_type=simple
models.architecture.mamba_type=mamba
training.mode=rollout
models.architecture.n_encoder_layers=1    avg_loss: 0.000000016148  time_per_window : 0.001075   progress : 0.634
name: models.architecture.block_type=simple
models.architecture.mamba_type=mamba
training.mode=rollout
models.architecture.n_encoder_layers=1    avg_loss: 0.000000016902  time_per_window : 0.000800   progress : 0.644
name: models.architecture.block_type=simple
models.architecture.mamba_type=mamba
training.mode=rollout
models.architecture.n_encoder_layers=1    avg_loss: 0.000000017232  time_per_window : 0.000926   progress : 0.655
name: models.architecture.block_type=simple
models.architecture.mamba_type=mamba
training.mode=rollout
models.architecture.n_encoder_layers=1    avg_loss: 0.000000016060  time_per_window : 0.001000   progress : 0.666
name: models.architecture.block_type=simple
models.architecture.mamba_type=mamba
training.mode=rollout
models.architecture.n_encoder_layers=1    avg_loss: 0.000000020812  time_per_window : 0.001062   progress : 0.677
name: models.architecture.block_type=simple
models.architecture.mamba_type=mamba
training.mode=rollout
models.architecture.n_encoder_layers=1    avg_loss: 0.000000015053  time_per_window : 0.001082   progress : 0.688
name: models.architecture.block_type=simple
models.architecture.mamba_type=mamba
training.mode=rollout
models.architecture.n_encoder_layers=1    avg_loss: 0.000000016045  time_per_window : 0.001070   progress : 0.699
name: models.architecture.block_type=simple
models.architecture.mamba_type=mamba
training.mode=rollout
models.architecture.n_encoder_layers=1    avg_loss: 0.000000017758  time_per_window : 0.001044   progress : 0.710
name: models.architecture.block_type=simple
models.architecture.mamba_type=mamba
training.mode=rollout
models.architecture.n_encoder_layers=1    avg_loss: 0.000000016529  time_per_window : 0.001034   progress : 0.721
name: models.architecture.block_type=simple
models.architecture.mamba_type=mamba
training.mode=rollout
models.architecture.n_encoder_layers=1    avg_loss: 0.000000014722  time_per_window : 0.001009   progress : 0.732
name: models.architecture.block_type=simple
models.architecture.mamba_type=mamba
training.mode=rollout
models.architecture.n_encoder_layers=1    avg_loss: 0.000000017422  time_per_window : 0.001137   progress : 0.743
name: models.architecture.block_type=simple
models.architecture.mamba_type=mamba
training.mode=rollout
models.architecture.n_encoder_layers=1    avg_loss: 0.000000020041  time_per_window : 0.000953   progress : 0.754
name: models.architecture.block_type=simple
models.architecture.mamba_type=mamba
training.mode=rollout
models.architecture.n_encoder_layers=1    avg_loss: 0.000000016612  time_per_window : 0.001068   progress : 0.765
name: models.architecture.block_type=simple
models.architecture.mamba_type=mamba
training.mode=rollout
models.architecture.n_encoder_layers=1    avg_loss: 0.000000015407  time_per_window : 0.001066   progress : 0.775
name: models.architecture.block_type=simple
models.architecture.mamba_type=mamba
training.mode=rollout
models.architecture.n_encoder_layers=1    avg_loss: 0.000000016937  time_per_window : 0.000929   progress : 0.786
name: models.architecture.block_type=simple
models.architecture.mamba_type=mamba
training.mode=rollout
models.architecture.n_encoder_layers=1    avg_loss: 0.000000014550  time_per_window : 0.001013   progress : 0.797
name: models.architecture.block_type=simple
models.architecture.mamba_type=mamba
training.mode=rollout
models.architecture.n_encoder_layers=1    avg_loss: 0.000000016210  time_per_window : 0.001084   progress : 0.808
name: models.architecture.block_type=simple
models.architecture.mamba_type=mamba
training.mode=rollout
models.architecture.n_encoder_layers=1    avg_loss: 0.000000014752  time_per_window : 0.001112   progress : 0.819
name: models.architecture.block_type=simple
models.architecture.mamba_type=mamba
training.mode=rollout
models.architecture.n_encoder_layers=1    avg_loss: 0.000000016665  time_per_window : 0.001046   progress : 0.830
name: models.architecture.block_type=simple
models.architecture.mamba_type=mamba
training.mode=rollout
models.architecture.n_encoder_layers=1    avg_loss: 0.000000015416  time_per_window : 0.000971   progress : 0.841
name: models.architecture.block_type=simple
models.architecture.mamba_type=mamba
training.mode=rollout
models.architecture.n_encoder_layers=1    avg_loss: 0.000000014818  time_per_window : 0.000897   progress : 0.852
name: models.architecture.block_type=simple
models.architecture.mamba_type=mamba
training.mode=rollout
models.architecture.n_encoder_layers=1    avg_loss: 0.000000015525  time_per_window : 0.001048   progress : 0.863
name: models.architecture.block_type=simple
models.architecture.mamba_type=mamba
training.mode=rollout
models.architecture.n_encoder_layers=1    avg_loss: 0.000000016364  time_per_window : 0.000942   progress : 0.874
name: models.architecture.block_type=simple
models.architecture.mamba_type=mamba
training.mode=rollout
models.architecture.n_encoder_layers=1    avg_loss: 0.000000016578  time_per_window : 0.001038   progress : 0.885
name: models.architecture.block_type=simple
models.architecture.mamba_type=mamba
training.mode=rollout
models.architecture.n_encoder_layers=1    avg_loss: 0.000000013368  time_per_window : 0.001066   progress : 0.896
name: models.architecture.block_type=simple
models.architecture.mamba_type=mamba
training.mode=rollout
models.architecture.n_encoder_layers=1    avg_loss: 0.000000014614  time_per_window : 0.000958   progress : 0.907
name: models.architecture.block_type=simple
models.architecture.mamba_type=mamba
training.mode=rollout
models.architecture.n_encoder_layers=1    avg_loss: 0.000000014253  time_per_window : 0.000805   progress : 0.917
name: models.architecture.block_type=simple
models.architecture.mamba_type=mamba
training.mode=rollout
models.architecture.n_encoder_layers=1    avg_loss: 0.000000014302  time_per_window : 0.001087   progress : 0.928
name: models.architecture.block_type=simple
models.architecture.mamba_type=mamba
training.mode=rollout
models.architecture.n_encoder_layers=1    avg_loss: 0.000000015606  time_per_window : 0.001078   progress : 0.939
name: models.architecture.block_type=simple
models.architecture.mamba_type=mamba
training.mode=rollout
models.architecture.n_encoder_layers=1    avg_loss: 0.000000015035  time_per_window : 0.001051   progress : 0.950
name: models.architecture.block_type=simple
models.architecture.mamba_type=mamba
training.mode=rollout
models.architecture.n_encoder_layers=1    avg_loss: 0.000000014238  time_per_window : 0.000998   progress : 0.961
name: models.architecture.block_type=simple
models.architecture.mamba_type=mamba
training.mode=rollout
models.architecture.n_encoder_layers=1    avg_loss: 0.000000014668  time_per_window : 0.000944   progress : 0.972
name: models.architecture.block_type=simple
models.architecture.mamba_type=mamba
training.mode=rollout
models.architecture.n_encoder_layers=1    avg_loss: 0.000000014505  time_per_window : 0.001058   progress : 0.983
name: models.architecture.block_type=simple
models.architecture.mamba_type=mamba
training.mode=rollout
models.architecture.n_encoder_layers=1    avg_loss: 0.000000013310  time_per_window : 0.001030   progress : 0.994
name: models.architecture.block_type=simple
models.architecture.mamba_type=mamba
training.mode=rollout
models.architecture.n_encoder_layers=1    avg_loss: 0.000002619703  time_per_window : 0.001036   progress : 0.011
name: models.architecture.block_type=simple
models.architecture.mamba_type=mamba
training.mode=rollout
models.architecture.n_encoder_layers=1    avg_loss: 0.000000259195  time_per_window : 0.001071   progress : 0.022
name: models.architecture.block_type=simple
models.architecture.mamba_type=mamba
training.mode=rollout
models.architecture.n_encoder_layers=1    avg_loss: 0.000000244169  time_per_window : 0.000946   progress : 0.033
name: models.architecture.block_type=simple
models.architecture.mamba_type=mamba
training.mode=rollout
models.architecture.n_encoder_layers=1    avg_loss: 0.000000228328  time_per_window : 0.001053   progress : 0.044
name: models.architecture.block_type=simple
models.architecture.mamba_type=mamba
training.mode=rollout
models.architecture.n_encoder_layers=1    avg_loss: 0.000000223931  time_per_window : 0.001008   progress : 0.055
name: models.architecture.block_type=simple
models.architecture.mamba_type=mamba
training.mode=rollout
models.architecture.n_encoder_layers=1    avg_loss: 0.000000159954  time_per_window : 0.000979   progress : 0.066
name: models.architecture.block_type=simple
models.architecture.mamba_type=mamba
training.mode=rollout
models.architecture.n_encoder_layers=1    avg_loss: 0.000000122420  time_per_window : 0.001066   progress : 0.076
name: models.architecture.block_type=simple
models.architecture.mamba_type=mamba
training.mode=rollout
models.architecture.n_encoder_layers=1    avg_loss: 0.000000096836  time_per_window : 0.000881   progress : 0.087
name: models.architecture.block_type=simple
models.architecture.mamba_type=mamba
training.mode=rollout
models.architecture.n_encoder_layers=1    avg_loss: 0.000000094532  time_per_window : 0.001087   progress : 0.098
name: models.architecture.block_type=simple
models.architecture.mamba_type=mamba
training.mode=rollout
models.architecture.n_encoder_layers=1    avg_loss: 0.000000093810  time_per_window : 0.001060   progress : 0.109
name: models.architecture.block_type=simple
models.architecture.mamba_type=mamba
training.mode=rollout
models.architecture.n_encoder_layers=1    avg_loss: 0.000000093683  time_per_window : 0.000890   progress : 0.120
name: models.architecture.block_type=simple
models.architecture.mamba_type=mamba
training.mode=rollout
models.architecture.n_encoder_layers=1    avg_loss: 0.000000079106  time_per_window : 0.001067   progress : 0.131
name: models.architecture.block_type=simple
models.architecture.mamba_type=mamba
training.mode=rollout
models.architecture.n_encoder_layers=1    avg_loss: 0.000000066932  time_per_window : 0.000982   progress : 0.142
name: models.architecture.block_type=simple
models.architecture.mamba_type=mamba
training.mode=rollout
models.architecture.n_encoder_layers=1    avg_loss: 0.000000066340  time_per_window : 0.000818   progress : 0.153
name: models.architecture.block_type=simple
models.architecture.mamba_type=mamba
training.mode=rollout
models.architecture.n_encoder_layers=1    avg_loss: 0.000000054209  time_per_window : 0.001079   progress : 0.164
name: models.architecture.block_type=simple
models.architecture.mamba_type=mamba
training.mode=rollout
models.architecture.n_encoder_layers=1    avg_loss: 0.000000045398  time_per_window : 0.001027   progress : 0.175
name: models.architecture.block_type=simple
models.architecture.mamba_type=mamba
training.mode=rollout
models.architecture.n_encoder_layers=1    avg_loss: 0.000000050612  time_per_window : 0.001073   progress : 0.186
name: models.architecture.block_type=simple
models.architecture.mamba_type=mamba
training.mode=rollout
models.architecture.n_encoder_layers=1    avg_loss: 0.000000047385  time_per_window : 0.000834   progress : 0.197
name: models.architecture.block_type=simple
models.architecture.mamba_type=mamba
training.mode=rollout
models.architecture.n_encoder_layers=1    avg_loss: 0.000000050810  time_per_window : 0.001074   progress : 0.208
name: models.architecture.block_type=simple
models.architecture.mamba_type=mamba
training.mode=rollout
models.architecture.n_encoder_layers=1    avg_loss: 0.000000035550  time_per_window : 0.000820   progress : 0.218
name: models.architecture.block_type=simple
models.architecture.mamba_type=mamba
training.mode=rollout
models.architecture.n_encoder_layers=1    avg_loss: 0.000000053117  time_per_window : 0.001130   progress : 0.229
name: models.architecture.block_type=simple
models.architecture.mamba_type=mamba
training.mode=rollout
models.architecture.n_encoder_layers=1    avg_loss: 0.000000044381  time_per_window : 0.001043   progress : 0.240
name: models.architecture.block_type=simple
models.architecture.mamba_type=mamba
training.mode=rollout
models.architecture.n_encoder_layers=1    avg_loss: 0.000000040353  time_per_window : 0.001077   progress : 0.251
name: models.architecture.block_type=simple
models.architecture.mamba_type=mamba
training.mode=rollout
models.architecture.n_encoder_layers=1    avg_loss: 0.000000040706  time_per_window : 0.001056   progress : 0.262
name: models.architecture.block_type=simple
models.architecture.mamba_type=mamba
training.mode=rollout
models.architecture.n_encoder_layers=1    avg_loss: 0.000000045474  time_per_window : 0.001097   progress : 0.273
name: models.architecture.block_type=simple
models.architecture.mamba_type=mamba
training.mode=rollout
models.architecture.n_encoder_layers=1    avg_loss: 0.000000036796  time_per_window : 0.000871   progress : 0.284
name: models.architecture.block_type=simple
models.architecture.mamba_type=mamba
training.mode=rollout
models.architecture.n_encoder_layers=1    avg_loss: 0.000000050447  time_per_window : 0.001048   progress : 0.295
name: models.architecture.block_type=simple
models.architecture.mamba_type=mamba
training.mode=rollout
models.architecture.n_encoder_layers=1    avg_loss: 0.000000032012  time_per_window : 0.001031   progress : 0.306
name: models.architecture.block_type=simple
models.architecture.mamba_type=mamba
training.mode=rollout
models.architecture.n_encoder_layers=1    avg_loss: 0.000000045360  time_per_window : 0.001034   progress : 0.317
name: models.architecture.block_type=simple
models.architecture.mamba_type=mamba
training.mode=rollout
models.architecture.n_encoder_layers=1    avg_loss: 0.000000027111  time_per_window : 0.001074   progress : 0.328
name: models.architecture.block_type=simple
models.architecture.mamba_type=mamba
training.mode=rollout
models.architecture.n_encoder_layers=1    avg_loss: 0.000000048707  time_per_window : 0.001016   progress : 0.339
name: models.architecture.block_type=simple
models.architecture.mamba_type=mamba
training.mode=rollout
models.architecture.n_encoder_layers=1    avg_loss: 0.000000045061  time_per_window : 0.001046   progress : 0.350
name: models.architecture.block_type=simple
models.architecture.mamba_type=mamba
training.mode=rollout
models.architecture.n_encoder_layers=1    avg_loss: 0.000000032192  time_per_window : 0.000768   progress : 0.360
name: models.architecture.block_type=simple
models.architecture.mamba_type=mamba
training.mode=rollout
models.architecture.n_encoder_layers=1    avg_loss: 0.000000028504  time_per_window : 0.000978   progress : 0.371
name: models.architecture.block_type=simple
models.architecture.mamba_type=mamba
training.mode=rollout
models.architecture.n_encoder_layers=1    avg_loss: 0.000000035914  time_per_window : 0.001059   progress : 0.382
name: models.architecture.block_type=simple
models.architecture.mamba_type=mamba
training.mode=rollout
models.architecture.n_encoder_layers=1    avg_loss: 0.000000033354  time_per_window : 0.001134   progress : 0.393
name: models.architecture.block_type=simple
models.architecture.mamba_type=mamba
training.mode=rollout
models.architecture.n_encoder_layers=1    avg_loss: 0.000000047792  time_per_window : 0.001066   progress : 0.404
name: models.architecture.block_type=simple
models.architecture.mamba_type=mamba
training.mode=rollout
models.architecture.n_encoder_layers=1    avg_loss: 0.000000037168  time_per_window : 0.000967   progress : 0.415
name: models.architecture.block_type=simple
models.architecture.mamba_type=mamba
training.mode=rollout
models.architecture.n_encoder_layers=1    avg_loss: 0.000000041351  time_per_window : 0.001063   progress : 0.426
name: models.architecture.block_type=simple
models.architecture.mamba_type=mamba
training.mode=rollout
models.architecture.n_encoder_layers=1    avg_loss: 0.000000030181  time_per_window : 0.001105   progress : 0.437
name: models.architecture.block_type=simple
models.architecture.mamba_type=mamba
training.mode=rollout
models.architecture.n_encoder_layers=1    avg_loss: 0.000000041224  time_per_window : 0.001143   progress : 0.448
name: models.architecture.block_type=simple
models.architecture.mamba_type=mamba
training.mode=rollout
models.architecture.n_encoder_layers=1    avg_loss: 0.000000037435  time_per_window : 0.001113   progress : 0.459
name: models.architecture.block_type=simple
models.architecture.mamba_type=mamba
training.mode=rollout
models.architecture.n_encoder_layers=1    avg_loss: 0.000000025957  time_per_window : 0.000944   progress : 0.470
name: models.architecture.block_type=simple
models.architecture.mamba_type=mamba
training.mode=rollout
models.architecture.n_encoder_layers=1    avg_loss: 0.000000040006  time_per_window : 0.001071   progress : 0.481
name: models.architecture.block_type=simple
models.architecture.mamba_type=mamba
training.mode=rollout
models.architecture.n_encoder_layers=1    avg_loss: 0.000000038358  time_per_window : 0.001003   progress : 0.492
name: models.architecture.block_type=simple
models.architecture.mamba_type=mamba
training.mode=rollout
models.architecture.n_encoder_layers=1    avg_loss: 0.000000028078  time_per_window : 0.000814   progress : 0.502
name: models.architecture.block_type=simple
models.architecture.mamba_type=mamba
training.mode=rollout
models.architecture.n_encoder_layers=1    avg_loss: 0.000000035110  time_per_window : 0.000755   progress : 0.513
name: models.architecture.block_type=simple
models.architecture.mamba_type=mamba
training.mode=rollout
models.architecture.n_encoder_layers=1    avg_loss: 0.000000039245  time_per_window : 0.000874   progress : 0.524
name: models.architecture.block_type=simple
models.architecture.mamba_type=mamba
training.mode=rollout
models.architecture.n_encoder_layers=1    avg_loss: 0.000000047139  time_per_window : 0.001025   progress : 0.535
name: models.architecture.block_type=simple
models.architecture.mamba_type=mamba
training.mode=rollout
models.architecture.n_encoder_layers=1    avg_loss: 0.000000030731  time_per_window : 0.001097   progress : 0.546
name: models.architecture.block_type=simple
models.architecture.mamba_type=mamba
training.mode=rollout
models.architecture.n_encoder_layers=1    avg_loss: 0.000000033677  time_per_window : 0.001066   progress : 0.557
name: models.architecture.block_type=simple
models.architecture.mamba_type=mamba
training.mode=rollout
models.architecture.n_encoder_layers=1    avg_loss: 0.000000028599  time_per_window : 0.000947   progress : 0.568
name: models.architecture.block_type=simple
models.architecture.mamba_type=mamba
training.mode=rollout
models.architecture.n_encoder_layers=1    avg_loss: 0.000000030393  time_per_window : 0.001018   progress : 0.579
name: models.architecture.block_type=simple
models.architecture.mamba_type=mamba
training.mode=rollout
models.architecture.n_encoder_layers=1    avg_loss: 0.000000027221  time_per_window : 0.000967   progress : 0.590
name: models.architecture.block_type=simple
models.architecture.mamba_type=mamba
training.mode=rollout
models.architecture.n_encoder_layers=1    avg_loss: 0.000000030783  time_per_window : 0.001070   progress : 0.601
name: models.architecture.block_type=simple
models.architecture.mamba_type=mamba
training.mode=rollout
models.architecture.n_encoder_layers=1    avg_loss: 0.000000039464  time_per_window : 0.000944   progress : 0.612
name: models.architecture.block_type=simple
models.architecture.mamba_type=mamba
training.mode=rollout
models.architecture.n_encoder_layers=1    avg_loss: 0.000000026915  time_per_window : 0.001130   progress : 0.623
name: models.architecture.block_type=simple
models.architecture.mamba_type=mamba
training.mode=rollout
models.architecture.n_encoder_layers=1    avg_loss: 0.000000023574  time_per_window : 0.000760   progress : 0.634
name: models.architecture.block_type=simple
models.architecture.mamba_type=mamba
training.mode=rollout
models.architecture.n_encoder_layers=1    avg_loss: 0.000000035361  time_per_window : 0.000787   progress : 0.644
name: models.architecture.block_type=simple
models.architecture.mamba_type=mamba
training.mode=rollout
models.architecture.n_encoder_layers=1    avg_loss: 0.000000028641  time_per_window : 0.000894   progress : 0.655
name: models.architecture.block_type=simple
models.architecture.mamba_type=mamba
training.mode=rollout
models.architecture.n_encoder_layers=1    avg_loss: 0.000000029043  time_per_window : 0.001056   progress : 0.666
name: models.architecture.block_type=simple
models.architecture.mamba_type=mamba
training.mode=rollout
models.architecture.n_encoder_layers=1    avg_loss: 0.000000025195  time_per_window : 0.001020   progress : 0.677
name: models.architecture.block_type=simple
models.architecture.mamba_type=mamba
training.mode=rollout
models.architecture.n_encoder_layers=1    avg_loss: 0.000000030285  time_per_window : 0.001075   progress : 0.688
name: models.architecture.block_type=simple
models.architecture.mamba_type=mamba
training.mode=rollout
models.architecture.n_encoder_layers=1    avg_loss: 0.000000022238  time_per_window : 0.001043   progress : 0.699
name: models.architecture.block_type=simple
models.architecture.mamba_type=mamba
training.mode=rollout
models.architecture.n_encoder_layers=1    avg_loss: 0.000000033680  time_per_window : 0.001000   progress : 0.710
name: models.architecture.block_type=simple
models.architecture.mamba_type=mamba
training.mode=rollout
models.architecture.n_encoder_layers=1    avg_loss: 0.000000020965  time_per_window : 0.001064   progress : 0.721
name: models.architecture.block_type=simple
models.architecture.mamba_type=mamba
training.mode=rollout
models.architecture.n_encoder_layers=1    avg_loss: 0.000000020382  time_per_window : 0.000950   progress : 0.732
name: models.architecture.block_type=simple
models.architecture.mamba_type=mamba
training.mode=rollout
models.architecture.n_encoder_layers=1    avg_loss: 0.000000037687  time_per_window : 0.001045   progress : 0.743
name: models.architecture.block_type=simple
models.architecture.mamba_type=mamba
training.mode=rollout
models.architecture.n_encoder_layers=1    avg_loss: 0.000000023022  time_per_window : 0.001108   progress : 0.754
name: models.architecture.block_type=simple
models.architecture.mamba_type=mamba
training.mode=rollout
models.architecture.n_encoder_layers=1    avg_loss: 0.000000031584  time_per_window : 0.000990   progress : 0.765
name: models.architecture.block_type=simple
models.architecture.mamba_type=mamba
training.mode=rollout
models.architecture.n_encoder_layers=1    avg_loss: 0.000000023013  time_per_window : 0.000884   progress : 0.775
name: models.architecture.block_type=simple
models.architecture.mamba_type=mamba
training.mode=rollout
models.architecture.n_encoder_layers=1    avg_loss: 0.000000024151  time_per_window : 0.000812   progress : 0.786
name: models.architecture.block_type=simple
models.architecture.mamba_type=mamba
training.mode=rollout
models.architecture.n_encoder_layers=1    avg_loss: 0.000000023660  time_per_window : 0.001037   progress : 0.797
name: models.architecture.block_type=simple
models.architecture.mamba_type=mamba
training.mode=rollout
models.architecture.n_encoder_layers=1    avg_loss: 0.000000029237  time_per_window : 0.001022   progress : 0.808
name: models.architecture.block_type=simple
models.architecture.mamba_type=mamba
training.mode=rollout
models.architecture.n_encoder_layers=1    avg_loss: 0.000000025766  time_per_window : 0.001038   progress : 0.819
name: models.architecture.block_type=simple
models.architecture.mamba_type=mamba
training.mode=rollout
models.architecture.n_encoder_layers=1    avg_loss: 0.000000025411  time_per_window : 0.000888   progress : 0.830
name: models.architecture.block_type=simple
models.architecture.mamba_type=mamba
training.mode=rollout
models.architecture.n_encoder_layers=1    avg_loss: 0.000000022964  time_per_window : 0.000962   progress : 0.841
name: models.architecture.block_type=simple
models.architecture.mamba_type=mamba
training.mode=rollout
models.architecture.n_encoder_layers=1    avg_loss: 0.000000021662  time_per_window : 0.001007   progress : 0.852
name: models.architecture.block_type=simple
models.architecture.mamba_type=mamba
training.mode=rollout
models.architecture.n_encoder_layers=1    avg_loss: 0.000000027154  time_per_window : 0.001050   progress : 0.863
name: models.architecture.block_type=simple
models.architecture.mamba_type=mamba
training.mode=rollout
models.architecture.n_encoder_layers=1    avg_loss: 0.000000023070  time_per_window : 0.001039   progress : 0.874
name: models.architecture.block_type=simple
models.architecture.mamba_type=mamba
training.mode=rollout
models.architecture.n_encoder_layers=1    avg_loss: 0.000000023182  time_per_window : 0.001104   progress : 0.885
name: models.architecture.block_type=simple
models.architecture.mamba_type=mamba
training.mode=rollout
models.architecture.n_encoder_layers=1    avg_loss: 0.000000021871  time_per_window : 0.001010   progress : 0.896
name: models.architecture.block_type=simple
models.architecture.mamba_type=mamba
training.mode=rollout
models.architecture.n_encoder_layers=1    avg_loss: 0.000000027866  time_per_window : 0.001097   progress : 0.907
name: models.architecture.block_type=simple
models.architecture.mamba_type=mamba
training.mode=rollout
models.architecture.n_encoder_layers=1    avg_loss: 0.000000021739  time_per_window : 0.001061   progress : 0.917
name: models.architecture.block_type=simple
models.architecture.mamba_type=mamba
training.mode=rollout
models.architecture.n_encoder_layers=1    avg_loss: 0.000000024894  time_per_window : 0.000941   progress : 0.928
name: models.architecture.block_type=simple
models.architecture.mamba_type=mamba
training.mode=rollout
models.architecture.n_encoder_layers=1    avg_loss: 0.000000020942  time_per_window : 0.004274   progress : 0.939
name: models.architecture.block_type=simple
models.architecture.mamba_type=mamba
training.mode=rollout
models.architecture.n_encoder_layers=1    avg_loss: 0.000000020002  time_per_window : 0.001064   progress : 0.950
name: models.architecture.block_type=simple
models.architecture.mamba_type=mamba
training.mode=rollout
models.architecture.n_encoder_layers=1    avg_loss: 0.000000022535  time_per_window : 0.000956   progress : 0.961
name: models.architecture.block_type=simple
models.architecture.mamba_type=mamba
training.mode=rollout
models.architecture.n_encoder_layers=1    avg_loss: 0.000000018128  time_per_window : 0.001071   progress : 0.972
name: models.architecture.block_type=simple
models.architecture.mamba_type=mamba
training.mode=rollout
models.architecture.n_encoder_layers=1    avg_loss: 0.000000018511  time_per_window : 0.001069   progress : 0.983
name: models.architecture.block_type=simple
models.architecture.mamba_type=mamba
training.mode=rollout
models.architecture.n_encoder_layers=1    avg_loss: 0.000000018465  time_per_window : 0.000995   progress : 0.994
name: models.architecture.block_type=simple
models.architecture.mamba_type=mamba
training.mode=rollout
models.architecture.n_encoder_layers=1    avg_loss: 0.000020524438  time_per_window : 0.001018   progress : 0.011
name: models.architecture.block_type=simple
models.architecture.mamba_type=mamba
training.mode=rollout
models.architecture.n_encoder_layers=1    avg_loss: 0.000003894213  time_per_window : 0.000929   progress : 0.022
name: models.architecture.block_type=simple
models.architecture.mamba_type=mamba
training.mode=rollout
models.architecture.n_encoder_layers=1    avg_loss: 0.000002123734  time_per_window : 0.000968   progress : 0.033
name: models.architecture.block_type=simple
models.architecture.mamba_type=mamba
training.mode=rollout
models.architecture.n_encoder_layers=1    avg_loss: 0.000001495183  time_per_window : 0.000853   progress : 0.044
name: models.architecture.block_type=simple
models.architecture.mamba_type=mamba
training.mode=rollout
models.architecture.n_encoder_layers=1    avg_loss: 0.000001305958  time_per_window : 0.000820   progress : 0.055
name: models.architecture.block_type=simple
models.architecture.mamba_type=mamba
training.mode=rollout
models.architecture.n_encoder_layers=1    avg_loss: 0.000001149431  time_per_window : 0.000985   progress : 0.066
name: models.architecture.block_type=simple
models.architecture.mamba_type=mamba
training.mode=rollout
models.architecture.n_encoder_layers=1    avg_loss: 0.000001016788  time_per_window : 0.001053   progress : 0.076
name: models.architecture.block_type=simple
models.architecture.mamba_type=mamba
training.mode=rollout
models.architecture.n_encoder_layers=1    avg_loss: 0.000000961392  time_per_window : 0.001099   progress : 0.087
name: models.architecture.block_type=simple
models.architecture.mamba_type=mamba
training.mode=rollout
models.architecture.n_encoder_layers=1    avg_loss: 0.000000843566  time_per_window : 0.001016   progress : 0.098
name: models.architecture.block_type=simple
models.architecture.mamba_type=mamba
training.mode=rollout
models.architecture.n_encoder_layers=1    avg_loss: 0.000000682617  time_per_window : 0.001092   progress : 0.109
name: models.architecture.block_type=simple
models.architecture.mamba_type=mamba
training.mode=rollout
models.architecture.n_encoder_layers=1    avg_loss: 0.000000771647  time_per_window : 0.000975   progress : 0.120
name: models.architecture.block_type=simple
models.architecture.mamba_type=mamba
training.mode=rollout
models.architecture.n_encoder_layers=1    avg_loss: 0.000000523095  time_per_window : 0.001090   progress : 0.131
name: models.architecture.block_type=simple
models.architecture.mamba_type=mamba
training.mode=rollout
models.architecture.n_encoder_layers=1    avg_loss: 0.000000448390  time_per_window : 0.001125   progress : 0.142
name: models.architecture.block_type=simple
models.architecture.mamba_type=mamba
training.mode=rollout
models.architecture.n_encoder_layers=1    avg_loss: 0.000000504393  time_per_window : 0.001110   progress : 0.153
name: models.architecture.block_type=simple
models.architecture.mamba_type=mamba
training.mode=rollout
models.architecture.n_encoder_layers=1    avg_loss: 0.000000462611  time_per_window : 0.001070   progress : 0.164
name: models.architecture.block_type=simple
models.architecture.mamba_type=mamba
training.mode=rollout
models.architecture.n_encoder_layers=1    avg_loss: 0.000000343467  time_per_window : 0.000975   progress : 0.175
name: models.architecture.block_type=simple
models.architecture.mamba_type=mamba
training.mode=rollout
models.architecture.n_encoder_layers=1    avg_loss: 0.000000476629  time_per_window : 0.001046   progress : 0.186
name: models.architecture.block_type=simple
models.architecture.mamba_type=mamba
training.mode=rollout
models.architecture.n_encoder_layers=1    avg_loss: 0.000000244573  time_per_window : 0.000786   progress : 0.197
name: models.architecture.block_type=simple
models.architecture.mamba_type=mamba
training.mode=rollout
models.architecture.n_encoder_layers=1    avg_loss: 0.000000283785  time_per_window : 0.001027   progress : 0.208
name: models.architecture.block_type=simple
models.architecture.mamba_type=mamba
training.mode=rollout
models.architecture.n_encoder_layers=1    avg_loss: 0.000000477307  time_per_window : 0.001002   progress : 0.218
name: models.architecture.block_type=simple
models.architecture.mamba_type=mamba
training.mode=rollout
models.architecture.n_encoder_layers=1    avg_loss: 0.000000264190  time_per_window : 0.000984   progress : 0.229
name: models.architecture.block_type=simple
models.architecture.mamba_type=mamba
training.mode=rollout
models.architecture.n_encoder_layers=1    avg_loss: 0.000000205446  time_per_window : 0.000923   progress : 0.240
name: models.architecture.block_type=simple
models.architecture.mamba_type=mamba
training.mode=rollout
models.architecture.n_encoder_layers=1    avg_loss: 0.000000287236  time_per_window : 0.001110   progress : 0.251
name: models.architecture.block_type=simple
models.architecture.mamba_type=mamba
training.mode=rollout
models.architecture.n_encoder_layers=1    avg_loss: 0.000000210303  time_per_window : 0.001053   progress : 0.262
name: models.architecture.block_type=simple
models.architecture.mamba_type=mamba
training.mode=rollout
models.architecture.n_encoder_layers=1    avg_loss: 0.000000240709  time_per_window : 0.001071   progress : 0.273
name: models.architecture.block_type=simple
models.architecture.mamba_type=mamba
training.mode=rollout
models.architecture.n_encoder_layers=1    avg_loss: 0.000000241237  time_per_window : 0.001044   progress : 0.284
name: models.architecture.block_type=simple
models.architecture.mamba_type=mamba
training.mode=rollout
models.architecture.n_encoder_layers=1    avg_loss: 0.000000211302  time_per_window : 0.001055   progress : 0.295
name: models.architecture.block_type=simple
models.architecture.mamba_type=mamba
training.mode=rollout
models.architecture.n_encoder_layers=1    avg_loss: 0.000000353972  time_per_window : 0.001069   progress : 0.306
name: models.architecture.block_type=simple
models.architecture.mamba_type=mamba
training.mode=rollout
models.architecture.n_encoder_layers=1    avg_loss: 0.000000188335  time_per_window : 0.001080   progress : 0.317
name: models.architecture.block_type=simple
models.architecture.mamba_type=mamba
training.mode=rollout
models.architecture.n_encoder_layers=1    avg_loss: 0.000000304300  time_per_window : 0.001111   progress : 0.328
name: models.architecture.block_type=simple
models.architecture.mamba_type=mamba
training.mode=rollout
models.architecture.n_encoder_layers=1    avg_loss: 0.000000247517  time_per_window : 0.001097   progress : 0.339
name: models.architecture.block_type=simple
models.architecture.mamba_type=mamba
training.mode=rollout
models.architecture.n_encoder_layers=1    avg_loss: 0.000000290347  time_per_window : 0.001032   progress : 0.350
name: models.architecture.block_type=simple
models.architecture.mamba_type=mamba
training.mode=rollout
models.architecture.n_encoder_layers=1    avg_loss: 0.000000320473  time_per_window : 0.001041   progress : 0.360
name: models.architecture.block_type=simple
models.architecture.mamba_type=mamba
training.mode=rollout
models.architecture.n_encoder_layers=1    avg_loss: 0.000000169056  time_per_window : 0.001091   progress : 0.371
name: models.architecture.block_type=simple
models.architecture.mamba_type=mamba
training.mode=rollout
models.architecture.n_encoder_layers=1    avg_loss: 0.000000163929  time_per_window : 0.000864   progress : 0.382
name: models.architecture.block_type=simple
models.architecture.mamba_type=mamba
training.mode=rollout
models.architecture.n_encoder_layers=1    avg_loss: 0.000000297046  time_per_window : 0.001035   progress : 0.393
name: models.architecture.block_type=simple
models.architecture.mamba_type=mamba
training.mode=rollout
models.architecture.n_encoder_layers=1    avg_loss: 0.000000192985  time_per_window : 0.000890   progress : 0.404
name: models.architecture.block_type=simple
models.architecture.mamba_type=mamba
training.mode=rollout
models.architecture.n_encoder_layers=1    avg_loss: 0.000000191160  time_per_window : 0.001065   progress : 0.415
name: models.architecture.block_type=simple
models.architecture.mamba_type=mamba
training.mode=rollout
models.architecture.n_encoder_layers=1    avg_loss: 0.000000248911  time_per_window : 0.001101   progress : 0.426
name: models.architecture.block_type=simple
models.architecture.mamba_type=mamba
training.mode=rollout
models.architecture.n_encoder_layers=1    avg_loss: 0.000000198918  time_per_window : 0.001077   progress : 0.437
name: models.architecture.block_type=simple
models.architecture.mamba_type=mamba
training.mode=rollout
models.architecture.n_encoder_layers=1    avg_loss: 0.000000156700  time_per_window : 0.001004   progress : 0.448
name: models.architecture.block_type=simple
models.architecture.mamba_type=mamba
training.mode=rollout
models.architecture.n_encoder_layers=1    avg_loss: 0.000000228932  time_per_window : 0.000897   progress : 0.459
name: models.architecture.block_type=simple
models.architecture.mamba_type=mamba
training.mode=rollout
models.architecture.n_encoder_layers=1    avg_loss: 0.000000172208  time_per_window : 0.001029   progress : 0.470
name: models.architecture.block_type=simple
models.architecture.mamba_type=mamba
training.mode=rollout
models.architecture.n_encoder_layers=1    avg_loss: 0.000000260844  time_per_window : 0.000994   progress : 0.481
name: models.architecture.block_type=simple
models.architecture.mamba_type=mamba
training.mode=rollout
models.architecture.n_encoder_layers=1    avg_loss: 0.000000193398  time_per_window : 0.001093   progress : 0.492
name: models.architecture.block_type=simple
models.architecture.mamba_type=mamba
training.mode=rollout
models.architecture.n_encoder_layers=1    avg_loss: 0.000000206542  time_per_window : 0.001023   progress : 0.502
name: models.architecture.block_type=simple
models.architecture.mamba_type=mamba
training.mode=rollout
models.architecture.n_encoder_layers=1    avg_loss: 0.000000225554  time_per_window : 0.001084   progress : 0.513
name: models.architecture.block_type=simple
models.architecture.mamba_type=mamba
training.mode=rollout
models.architecture.n_encoder_layers=1    avg_loss: 0.000000159881  time_per_window : 0.001069   progress : 0.524
name: models.architecture.block_type=simple
models.architecture.mamba_type=mamba
training.mode=rollout
models.architecture.n_encoder_layers=1    avg_loss: 0.000000157942  time_per_window : 0.001071   progress : 0.535
name: models.architecture.block_type=simple
models.architecture.mamba_type=mamba
training.mode=rollout
models.architecture.n_encoder_layers=1    avg_loss: 0.000000187517  time_per_window : 0.001052   progress : 0.546
name: models.architecture.block_type=simple
models.architecture.mamba_type=mamba
training.mode=rollout
models.architecture.n_encoder_layers=1    avg_loss: 0.000000174119  time_per_window : 0.001066   progress : 0.557
name: models.architecture.block_type=simple
models.architecture.mamba_type=mamba
training.mode=rollout
models.architecture.n_encoder_layers=1    avg_loss: 0.000000155053  time_per_window : 0.000809   progress : 0.568
name: models.architecture.block_type=simple
models.architecture.mamba_type=mamba
training.mode=rollout
models.architecture.n_encoder_layers=1    avg_loss: 0.000000160044  time_per_window : 0.001081   progress : 0.579
name: models.architecture.block_type=simple
models.architecture.mamba_type=mamba
training.mode=rollout
models.architecture.n_encoder_layers=1    avg_loss: 0.000000253169  time_per_window : 0.001075   progress : 0.590
name: models.architecture.block_type=simple
models.architecture.mamba_type=mamba
training.mode=rollout
models.architecture.n_encoder_layers=1    avg_loss: 0.000000141077  time_per_window : 0.001034   progress : 0.601
name: models.architecture.block_type=simple
models.architecture.mamba_type=mamba
training.mode=rollout
models.architecture.n_encoder_layers=1    avg_loss: 0.000000299063  time_per_window : 0.001078   progress : 0.612
name: models.architecture.block_type=simple
models.architecture.mamba_type=mamba
training.mode=rollout
models.architecture.n_encoder_layers=1    avg_loss: 0.000000120865  time_per_window : 0.001095   progress : 0.623
name: models.architecture.block_type=simple
models.architecture.mamba_type=mamba
training.mode=rollout
models.architecture.n_encoder_layers=1    avg_loss: 0.000000157774  time_per_window : 0.001131   progress : 0.634
name: models.architecture.block_type=simple
models.architecture.mamba_type=mamba
training.mode=rollout
models.architecture.n_encoder_layers=1    avg_loss: 0.000000211702  time_per_window : 0.000808   progress : 0.644
name: models.architecture.block_type=simple
models.architecture.mamba_type=mamba
training.mode=rollout
models.architecture.n_encoder_layers=1    avg_loss: 0.000000132419  time_per_window : 0.001044   progress : 0.655
name: models.architecture.block_type=simple
models.architecture.mamba_type=mamba
training.mode=rollout
models.architecture.n_encoder_layers=1    avg_loss: 0.000000192398  time_per_window : 0.001045   progress : 0.666
name: models.architecture.block_type=simple
models.architecture.mamba_type=mamba
training.mode=rollout
models.architecture.n_encoder_layers=1    avg_loss: 0.000000177102  time_per_window : 0.000747   progress : 0.677
name: models.architecture.block_type=simple
models.architecture.mamba_type=mamba
training.mode=rollout
models.architecture.n_encoder_layers=1    avg_loss: 0.000000263355  time_per_window : 0.001028   progress : 0.688
name: models.architecture.block_type=simple
models.architecture.mamba_type=mamba
training.mode=rollout
models.architecture.n_encoder_layers=1    avg_loss: 0.000000139882  time_per_window : 0.001099   progress : 0.699
name: models.architecture.block_type=simple
models.architecture.mamba_type=mamba
training.mode=rollout
models.architecture.n_encoder_layers=1    avg_loss: 0.000000118389  time_per_window : 0.000946   progress : 0.710
name: models.architecture.block_type=simple
models.architecture.mamba_type=mamba
training.mode=rollout
models.architecture.n_encoder_layers=1    avg_loss: 0.000000179997  time_per_window : 0.001091   progress : 0.721
name: models.architecture.block_type=simple
models.architecture.mamba_type=mamba
training.mode=rollout
models.architecture.n_encoder_layers=1    avg_loss: 0.000000117207  time_per_window : 0.001033   progress : 0.732
name: models.architecture.block_type=simple
models.architecture.mamba_type=mamba
training.mode=rollout
models.architecture.n_encoder_layers=1    avg_loss: 0.000000186664  time_per_window : 0.001080   progress : 0.743
name: models.architecture.block_type=simple
models.architecture.mamba_type=mamba
training.mode=rollout
models.architecture.n_encoder_layers=1    avg_loss: 0.000000161682  time_per_window : 0.001107   progress : 0.754
name: models.architecture.block_type=simple
models.architecture.mamba_type=mamba
training.mode=rollout
models.architecture.n_encoder_layers=1    avg_loss: 0.000000140475  time_per_window : 0.001019   progress : 0.765
name: models.architecture.block_type=simple
models.architecture.mamba_type=mamba
training.mode=rollout
models.architecture.n_encoder_layers=1    avg_loss: 0.000000143305  time_per_window : 0.000903   progress : 0.775
name: models.architecture.block_type=simple
models.architecture.mamba_type=mamba
training.mode=rollout
models.architecture.n_encoder_layers=1    avg_loss: 0.000000129365  time_per_window : 0.001067   progress : 0.786
name: models.architecture.block_type=simple
models.architecture.mamba_type=mamba
training.mode=rollout
models.architecture.n_encoder_layers=1    avg_loss: 0.000000121123  time_per_window : 0.000871   progress : 0.797
name: models.architecture.block_type=simple
models.architecture.mamba_type=mamba
training.mode=rollout
models.architecture.n_encoder_layers=1    avg_loss: 0.000000138333  time_per_window : 0.001007   progress : 0.808
name: models.architecture.block_type=simple
models.architecture.mamba_type=mamba
training.mode=rollout
models.architecture.n_encoder_layers=1    avg_loss: 0.000000148306  time_per_window : 0.001050   progress : 0.819
name: models.architecture.block_type=simple
models.architecture.mamba_type=mamba
training.mode=rollout
models.architecture.n_encoder_layers=1    avg_loss: 0.000000186901  time_per_window : 0.000965   progress : 0.830
name: models.architecture.block_type=simple
models.architecture.mamba_type=mamba
training.mode=rollout
models.architecture.n_encoder_layers=1    avg_loss: 0.000000158060  time_per_window : 0.000942   progress : 0.841
name: models.architecture.block_type=simple
models.architecture.mamba_type=mamba
training.mode=rollout
models.architecture.n_encoder_layers=1    avg_loss: 0.000000171154  time_per_window : 0.001090   progress : 0.852
name: models.architecture.block_type=simple
models.architecture.mamba_type=mamba
training.mode=rollout
models.architecture.n_encoder_layers=1    avg_loss: 0.000000128200  time_per_window : 0.001076   progress : 0.863
name: models.architecture.block_type=simple
models.architecture.mamba_type=mamba
training.mode=rollout
models.architecture.n_encoder_layers=1    avg_loss: 0.000000108334  time_per_window : 0.000923   progress : 0.874
name: models.architecture.block_type=simple
models.architecture.mamba_type=mamba
training.mode=rollout
models.architecture.n_encoder_layers=1    avg_loss: 0.000000137996  time_per_window : 0.001126   progress : 0.885
name: models.architecture.block_type=simple
models.architecture.mamba_type=mamba
training.mode=rollout
models.architecture.n_encoder_layers=1    avg_loss: 0.000000136129  time_per_window : 0.001144   progress : 0.896
name: models.architecture.block_type=simple
models.architecture.mamba_type=mamba
training.mode=rollout
models.architecture.n_encoder_layers=1    avg_loss: 0.000000126729  time_per_window : 0.000914   progress : 0.907
name: models.architecture.block_type=simple
models.architecture.mamba_type=mamba
training.mode=rollout
models.architecture.n_encoder_layers=1    avg_loss: 0.000000163157  time_per_window : 0.000951   progress : 0.917
name: models.architecture.block_type=simple
models.architecture.mamba_type=mamba
training.mode=rollout
models.architecture.n_encoder_layers=1    avg_loss: 0.000000174823  time_per_window : 0.001090   progress : 0.928
name: models.architecture.block_type=simple
models.architecture.mamba_type=mamba
training.mode=rollout
models.architecture.n_encoder_layers=1    avg_loss: 0.000000119030  time_per_window : 0.000892   progress : 0.939
name: models.architecture.block_type=simple
models.architecture.mamba_type=mamba
training.mode=rollout
models.architecture.n_encoder_layers=1    avg_loss: 0.000000142485  time_per_window : 0.001025   progress : 0.950
name: models.architecture.block_type=simple
models.architecture.mamba_type=mamba
training.mode=rollout
models.architecture.n_encoder_layers=1    avg_loss: 0.000000123759  time_per_window : 0.001091   progress : 0.961
name: models.architecture.block_type=simple
models.architecture.mamba_type=mamba
training.mode=rollout
models.architecture.n_encoder_layers=1    avg_loss: 0.000000134463  time_per_window : 0.001099   progress : 0.972
name: models.architecture.block_type=simple
models.architecture.mamba_type=mamba
training.mode=rollout
models.architecture.n_encoder_layers=1    avg_loss: 0.000000116651  time_per_window : 0.001119   progress : 0.983
name: models.architecture.block_type=simple
models.architecture.mamba_type=mamba
training.mode=rollout
models.architecture.n_encoder_layers=1    avg_loss: 0.000000137764  time_per_window : 0.001000   progress : 0.994
name: models.architecture.block_type=simple
models.architecture.mamba_type=mamba
training.mode=rollout
models.architecture.n_encoder_layers=1    avg_loss: 0.000001232330  time_per_window : 0.000994   progress : 0.011
name: models.architecture.block_type=simple
models.architecture.mamba_type=mamba
training.mode=rollout
models.architecture.n_encoder_layers=1    avg_loss: 0.000000200970  time_per_window : 0.001027   progress : 0.022
name: models.architecture.block_type=simple
models.architecture.mamba_type=mamba
training.mode=rollout
models.architecture.n_encoder_layers=1    avg_loss: 0.000000149320  time_per_window : 0.001072   progress : 0.033
name: models.architecture.block_type=simple
models.architecture.mamba_type=mamba
training.mode=rollout
models.architecture.n_encoder_layers=1    avg_loss: 0.000000171256  time_per_window : 0.001013   progress : 0.044
name: models.architecture.block_type=simple
models.architecture.mamba_type=mamba
training.mode=rollout
models.architecture.n_encoder_layers=1    avg_loss: 0.000000208354  time_per_window : 0.001115   progress : 0.055
name: models.architecture.block_type=simple
models.architecture.mamba_type=mamba
training.mode=rollout
models.architecture.n_encoder_layers=1    avg_loss: 0.000000133926  time_per_window : 0.000974   progress : 0.066
name: models.architecture.block_type=simple
models.architecture.mamba_type=mamba
training.mode=rollout
models.architecture.n_encoder_layers=1    avg_loss: 0.000000170713  time_per_window : 0.001149   progress : 0.076
name: models.architecture.block_type=simple
models.architecture.mamba_type=mamba
training.mode=rollout
models.architecture.n_encoder_layers=1    avg_loss: 0.000000165090  time_per_window : 0.001077   progress : 0.087
name: models.architecture.block_type=simple
models.architecture.mamba_type=mamba
training.mode=rollout
models.architecture.n_encoder_layers=1    avg_loss: 0.000000159008  time_per_window : 0.001120   progress : 0.098
name: models.architecture.block_type=simple
models.architecture.mamba_type=mamba
training.mode=rollout
models.architecture.n_encoder_layers=1    avg_loss: 0.000000177493  time_per_window : 0.001009   progress : 0.109
name: models.architecture.block_type=simple
models.architecture.mamba_type=mamba
training.mode=rollout
models.architecture.n_encoder_layers=1    avg_loss: 0.000000165280  time_per_window : 0.000969   progress : 0.120
name: models.architecture.block_type=simple
models.architecture.mamba_type=mamba
training.mode=rollout
models.architecture.n_encoder_layers=1    avg_loss: 0.000000198264  time_per_window : 0.000932   progress : 0.131
name: models.architecture.block_type=simple
models.architecture.mamba_type=mamba
training.mode=rollout
models.architecture.n_encoder_layers=1    avg_loss: 0.000000195778  time_per_window : 0.001060   progress : 0.142
name: models.architecture.block_type=simple
models.architecture.mamba_type=mamba
training.mode=rollout
models.architecture.n_encoder_layers=1    avg_loss: 0.000000152051  time_per_window : 0.000949   progress : 0.153
name: models.architecture.block_type=simple
models.architecture.mamba_type=mamba
training.mode=rollout
models.architecture.n_encoder_layers=1    avg_loss: 0.000000132610  time_per_window : 0.000932   progress : 0.164
name: models.architecture.block_type=simple
models.architecture.mamba_type=mamba
training.mode=rollout
models.architecture.n_encoder_layers=1    avg_loss: 0.000000215395  time_per_window : 0.001000   progress : 0.175
name: models.architecture.block_type=simple
models.architecture.mamba_type=mamba
training.mode=rollout
models.architecture.n_encoder_layers=1    avg_loss: 0.000000127190  time_per_window : 0.000945   progress : 0.186
name: models.architecture.block_type=simple
models.architecture.mamba_type=mamba
training.mode=rollout
models.architecture.n_encoder_layers=1    avg_loss: 0.000000123344  time_per_window : 0.001061   progress : 0.197
name: models.architecture.block_type=simple
models.architecture.mamba_type=mamba
training.mode=rollout
models.architecture.n_encoder_layers=1    avg_loss: 0.000000154312  time_per_window : 0.001053   progress : 0.208
name: models.architecture.block_type=simple
models.architecture.mamba_type=mamba
training.mode=rollout
models.architecture.n_encoder_layers=1    avg_loss: 0.000000166498  time_per_window : 0.000802   progress : 0.218
name: models.architecture.block_type=simple
models.architecture.mamba_type=mamba
training.mode=rollout
models.architecture.n_encoder_layers=1    avg_loss: 0.000000164533  time_per_window : 0.000800   progress : 0.229
name: models.architecture.block_type=simple
models.architecture.mamba_type=mamba
training.mode=rollout
models.architecture.n_encoder_layers=1    avg_loss: 0.000000141880  time_per_window : 0.001084   progress : 0.240
name: models.architecture.block_type=simple
models.architecture.mamba_type=mamba
training.mode=rollout
models.architecture.n_encoder_layers=1    avg_loss: 0.000000163295  time_per_window : 0.001063   progress : 0.251
name: models.architecture.block_type=simple
models.architecture.mamba_type=mamba
training.mode=rollout
models.architecture.n_encoder_layers=1    avg_loss: 0.000000163125  time_per_window : 0.001030   progress : 0.262
name: models.architecture.block_type=simple
models.architecture.mamba_type=mamba
training.mode=rollout
models.architecture.n_encoder_layers=1    avg_loss: 0.000000157566  time_per_window : 0.001064   progress : 0.273
name: models.architecture.block_type=simple
models.architecture.mamba_type=mamba
training.mode=rollout
models.architecture.n_encoder_layers=1    avg_loss: 0.000000147544  time_per_window : 0.001089   progress : 0.284
name: models.architecture.block_type=simple
models.architecture.mamba_type=mamba
training.mode=rollout
models.architecture.n_encoder_layers=1    avg_loss: 0.000000142679  time_per_window : 0.000891   progress : 0.295
name: models.architecture.block_type=simple
models.architecture.mamba_type=mamba
training.mode=rollout
models.architecture.n_encoder_layers=1    avg_loss: 0.000000183085  time_per_window : 0.001094   progress : 0.306
name: models.architecture.block_type=simple
models.architecture.mamba_type=mamba
training.mode=rollout
models.architecture.n_encoder_layers=1    avg_loss: 0.000000165830  time_per_window : 0.000993   progress : 0.317
name: models.architecture.block_type=simple
models.architecture.mamba_type=mamba
training.mode=rollout
models.architecture.n_encoder_layers=1    avg_loss: 0.000000145186  time_per_window : 0.001083   progress : 0.328
name: models.architecture.block_type=simple
models.architecture.mamba_type=mamba
training.mode=rollout
models.architecture.n_encoder_layers=1    avg_loss: 0.000000150200  time_per_window : 0.001056   progress : 0.339
name: models.architecture.block_type=simple
models.architecture.mamba_type=mamba
training.mode=rollout
models.architecture.n_encoder_layers=1    avg_loss: 0.000000133998  time_per_window : 0.000977   progress : 0.350
name: models.architecture.block_type=simple
models.architecture.mamba_type=mamba
training.mode=rollout
models.architecture.n_encoder_layers=1    avg_loss: 0.000000164854  time_per_window : 0.001073   progress : 0.360
name: models.architecture.block_type=simple
models.architecture.mamba_type=mamba
training.mode=rollout
models.architecture.n_encoder_layers=1    avg_loss: 0.000000152327  time_per_window : 0.000981   progress : 0.371
name: models.architecture.block_type=simple
models.architecture.mamba_type=mamba
training.mode=rollout
models.architecture.n_encoder_layers=1    avg_loss: 0.000000166787  time_per_window : 0.001047   progress : 0.382
name: models.architecture.block_type=simple
models.architecture.mamba_type=mamba
training.mode=rollout
models.architecture.n_encoder_layers=1    avg_loss: 0.000000149718  time_per_window : 0.000998   progress : 0.393
name: models.architecture.block_type=simple
models.architecture.mamba_type=mamba
training.mode=rollout
models.architecture.n_encoder_layers=1    avg_loss: 0.000000132496  time_per_window : 0.001062   progress : 0.404
name: models.architecture.block_type=simple
models.architecture.mamba_type=mamba
training.mode=rollout
models.architecture.n_encoder_layers=1    avg_loss: 0.000000119237  time_per_window : 0.001041   progress : 0.415
name: models.architecture.block_type=simple
models.architecture.mamba_type=mamba
training.mode=rollout
models.architecture.n_encoder_layers=1    avg_loss: 0.000000169250  time_per_window : 0.001042   progress : 0.426
name: models.architecture.block_type=simple
models.architecture.mamba_type=mamba
training.mode=rollout
models.architecture.n_encoder_layers=1    avg_loss: 0.000000164562  time_per_window : 0.001009   progress : 0.437
name: models.architecture.block_type=simple
models.architecture.mamba_type=mamba
training.mode=rollout
models.architecture.n_encoder_layers=1    avg_loss: 0.000000147582  time_per_window : 0.001076   progress : 0.448
name: models.architecture.block_type=simple
models.architecture.mamba_type=mamba
training.mode=rollout
models.architecture.n_encoder_layers=1    avg_loss: 0.000000159857  time_per_window : 0.000948   progress : 0.459
name: models.architecture.block_type=simple
models.architecture.mamba_type=mamba
training.mode=rollout
models.architecture.n_encoder_layers=1    avg_loss: 0.000000129241  time_per_window : 0.001007   progress : 0.470
name: models.architecture.block_type=simple
models.architecture.mamba_type=mamba
training.mode=rollout
models.architecture.n_encoder_layers=1    avg_loss: 0.000000156623  time_per_window : 0.001076   progress : 0.481
name: models.architecture.block_type=simple
models.architecture.mamba_type=mamba
training.mode=rollout
models.architecture.n_encoder_layers=1    avg_loss: 0.000000122761  time_per_window : 0.001065   progress : 0.492
name: models.architecture.block_type=simple
models.architecture.mamba_type=mamba
training.mode=rollout
models.architecture.n_encoder_layers=1    avg_loss: 0.000000134216  time_per_window : 0.001005   progress : 0.502
name: models.architecture.block_type=simple
models.architecture.mamba_type=mamba
training.mode=rollout
models.architecture.n_encoder_layers=1    avg_loss: 0.000000126363  time_per_window : 0.000813   progress : 0.513
name: models.architecture.block_type=simple
models.architecture.mamba_type=mamba
training.mode=rollout
models.architecture.n_encoder_layers=1    avg_loss: 0.000000138820  time_per_window : 0.000992   progress : 0.524
name: models.architecture.block_type=simple
models.architecture.mamba_type=mamba
training.mode=rollout
models.architecture.n_encoder_layers=1    avg_loss: 0.000000162057  time_per_window : 0.001042   progress : 0.535
name: models.architecture.block_type=simple
models.architecture.mamba_type=mamba
training.mode=rollout
models.architecture.n_encoder_layers=1    avg_loss: 0.000000122810  time_per_window : 0.000910   progress : 0.546
name: models.architecture.block_type=simple
models.architecture.mamba_type=mamba
training.mode=rollout
models.architecture.n_encoder_layers=1    avg_loss: 0.000000119081  time_per_window : 0.000993   progress : 0.557
name: models.architecture.block_type=simple
models.architecture.mamba_type=mamba
training.mode=rollout
models.architecture.n_encoder_layers=1    avg_loss: 0.000000130962  time_per_window : 0.001070   progress : 0.568
name: models.architecture.block_type=simple
models.architecture.mamba_type=mamba
training.mode=rollout
models.architecture.n_encoder_layers=1    avg_loss: 0.000000124588  time_per_window : 0.000989   progress : 0.579
name: models.architecture.block_type=simple
models.architecture.mamba_type=mamba
training.mode=rollout
models.architecture.n_encoder_layers=1    avg_loss: 0.000000132775  time_per_window : 0.001054   progress : 0.590
name: models.architecture.block_type=simple
models.architecture.mamba_type=mamba
training.mode=rollout
models.architecture.n_encoder_layers=1    avg_loss: 0.000000144925  time_per_window : 0.001000   progress : 0.601
name: models.architecture.block_type=simple
models.architecture.mamba_type=mamba
training.mode=rollout
models.architecture.n_encoder_layers=1    avg_loss: 0.000000171793  time_per_window : 0.001082   progress : 0.612
name: models.architecture.block_type=simple
models.architecture.mamba_type=mamba
training.mode=rollout
models.architecture.n_encoder_layers=1    avg_loss: 0.000000119288  time_per_window : 0.001065   progress : 0.623
name: models.architecture.block_type=simple
models.architecture.mamba_type=mamba
training.mode=rollout
models.architecture.n_encoder_layers=1    avg_loss: 0.000000169258  time_per_window : 0.001071   progress : 0.634
name: models.architecture.block_type=simple
models.architecture.mamba_type=mamba
training.mode=rollout
models.architecture.n_encoder_layers=1    avg_loss: 0.000000159434  time_per_window : 0.001092   progress : 0.644
name: models.architecture.block_type=simple
models.architecture.mamba_type=mamba
training.mode=rollout
models.architecture.n_encoder_layers=1    avg_loss: 0.000000104621  time_per_window : 0.001096   progress : 0.655
name: models.architecture.block_type=simple
models.architecture.mamba_type=mamba
training.mode=rollout
models.architecture.n_encoder_layers=1    avg_loss: 0.000000111010  time_per_window : 0.001026   progress : 0.666
name: models.architecture.block_type=simple
models.architecture.mamba_type=mamba
training.mode=rollout
models.architecture.n_encoder_layers=1    avg_loss: 0.000000132496  time_per_window : 0.001078   progress : 0.677
name: models.architecture.block_type=simple
models.architecture.mamba_type=mamba
training.mode=rollout
models.architecture.n_encoder_layers=1    avg_loss: 0.000000130086  time_per_window : 0.001065   progress : 0.688
name: models.architecture.block_type=simple
models.architecture.mamba_type=mamba
training.mode=rollout
models.architecture.n_encoder_layers=1    avg_loss: 0.000000115064  time_per_window : 0.001057   progress : 0.699
name: models.architecture.block_type=simple
models.architecture.mamba_type=mamba
training.mode=rollout
models.architecture.n_encoder_layers=1    avg_loss: 0.000000153938  time_per_window : 0.000790   progress : 0.710
name: models.architecture.block_type=simple
models.architecture.mamba_type=mamba
training.mode=rollout
models.architecture.n_encoder_layers=1    avg_loss: 0.000000151753  time_per_window : 0.001138   progress : 0.721
name: models.architecture.block_type=simple
models.architecture.mamba_type=mamba
training.mode=rollout
models.architecture.n_encoder_layers=1    avg_loss: 0.000000106176  time_per_window : 0.001074   progress : 0.732
name: models.architecture.block_type=simple
models.architecture.mamba_type=mamba
training.mode=rollout
models.architecture.n_encoder_layers=1    avg_loss: 0.000000116819  time_per_window : 0.001027   progress : 0.743
name: models.architecture.block_type=simple
models.architecture.mamba_type=mamba
training.mode=rollout
models.architecture.n_encoder_layers=1    avg_loss: 0.000000147168  time_per_window : 0.001076   progress : 0.754
name: models.architecture.block_type=simple
models.architecture.mamba_type=mamba
training.mode=rollout
models.architecture.n_encoder_layers=1    avg_loss: 0.000000156549  time_per_window : 0.001073   progress : 0.765
name: models.architecture.block_type=simple
models.architecture.mamba_type=mamba
training.mode=rollout
models.architecture.n_encoder_layers=1    avg_loss: 0.000000137335  time_per_window : 0.001052   progress : 0.775
name: models.architecture.block_type=simple
models.architecture.mamba_type=mamba
training.mode=rollout
models.architecture.n_encoder_layers=1    avg_loss: 0.000000120160  time_per_window : 0.001012   progress : 0.786
name: models.architecture.block_type=simple
models.architecture.mamba_type=mamba
training.mode=rollout
models.architecture.n_encoder_layers=1    avg_loss: 0.000000144025  time_per_window : 0.001089   progress : 0.797
name: models.architecture.block_type=simple
models.architecture.mamba_type=mamba
training.mode=rollout
models.architecture.n_encoder_layers=1    avg_loss: 0.000000116165  time_per_window : 0.001003   progress : 0.808
name: models.architecture.block_type=simple
models.architecture.mamba_type=mamba
training.mode=rollout
models.architecture.n_encoder_layers=1    avg_loss: 0.000000121706  time_per_window : 0.001039   progress : 0.819
name: models.architecture.block_type=simple
models.architecture.mamba_type=mamba
training.mode=rollout
models.architecture.n_encoder_layers=1    avg_loss: 0.000000130338  time_per_window : 0.001047   progress : 0.830
name: models.architecture.block_type=simple
models.architecture.mamba_type=mamba
training.mode=rollout
models.architecture.n_encoder_layers=1    avg_loss: 0.000000141263  time_per_window : 0.001031   progress : 0.841
name: models.architecture.block_type=simple
models.architecture.mamba_type=mamba
training.mode=rollout
models.architecture.n_encoder_layers=1    avg_loss: 0.000000140295  time_per_window : 0.001040   progress : 0.852
name: models.architecture.block_type=simple
models.architecture.mamba_type=mamba
training.mode=rollout
models.architecture.n_encoder_layers=1    avg_loss: 0.000000151079  time_per_window : 0.001126   progress : 0.863
name: models.architecture.block_type=simple
models.architecture.mamba_type=mamba
training.mode=rollout
models.architecture.n_encoder_layers=1    avg_loss: 0.000000107823  time_per_window : 0.001084   progress : 0.874
name: models.architecture.block_type=simple
models.architecture.mamba_type=mamba
training.mode=rollout
models.architecture.n_encoder_layers=1    avg_loss: 0.000000102526  time_per_window : 0.001034   progress : 0.885
name: models.architecture.block_type=simple
models.architecture.mamba_type=mamba
training.mode=rollout
models.architecture.n_encoder_layers=1    avg_loss: 0.000000123573  time_per_window : 0.000998   progress : 0.896
name: models.architecture.block_type=simple
models.architecture.mamba_type=mamba
training.mode=rollout
models.architecture.n_encoder_layers=1    avg_loss: 0.000000114329  time_per_window : 0.000930   progress : 0.907
name: models.architecture.block_type=simple
models.architecture.mamba_type=mamba
training.mode=rollout
models.architecture.n_encoder_layers=1    avg_loss: 0.000000124162  time_per_window : 0.001071   progress : 0.917
name: models.architecture.block_type=simple
models.architecture.mamba_type=mamba
training.mode=rollout
models.architecture.n_encoder_layers=1    avg_loss: 0.000000158232  time_per_window : 0.001023   progress : 0.928
name: models.architecture.block_type=simple
models.architecture.mamba_type=mamba
training.mode=rollout
models.architecture.n_encoder_layers=1    avg_loss: 0.000000153400  time_per_window : 0.000991   progress : 0.939
name: models.architecture.block_type=simple
models.architecture.mamba_type=mamba
training.mode=rollout
models.architecture.n_encoder_layers=1    avg_loss: 0.000000142618  time_per_window : 0.001056   progress : 0.950
name: models.architecture.block_type=simple
models.architecture.mamba_type=mamba
training.mode=rollout
models.architecture.n_encoder_layers=1    avg_loss: 0.000000121042  time_per_window : 0.001035   progress : 0.961
name: models.architecture.block_type=simple
models.architecture.mamba_type=mamba
training.mode=rollout
models.architecture.n_encoder_layers=1    avg_loss: 0.000000116346  time_per_window : 0.000798   progress : 0.972
name: models.architecture.block_type=simple
models.architecture.mamba_type=mamba
training.mode=rollout
models.architecture.n_encoder_layers=1    avg_loss: 0.000000119053  time_per_window : 0.000853   progress : 0.983
name: models.architecture.block_type=simple
models.architecture.mamba_type=mamba
training.mode=rollout
models.architecture.n_encoder_layers=1    avg_loss: 0.000000141525  time_per_window : 0.000836   progress : 0.994
DONE!!!
