/home/jdihardjo/miniconda3/envs/mavenv/lib/python3.11/site-packages/hydra/_internal/defaults_list.py:251: UserWarning: In 'config': Defaults list is missing `_self_`. See https://hydra.cc/docs/1.2/upgrades/1.0_to_1.1/default_composition_order for more information
  warnings.warn(msg, UserWarning)
Using cuda device
[2026-07-27 08:52:17,963][HYDRA] Joblib.Parallel(n_jobs=6,backend=loky,prefer=processes,require=None,verbose=0,timeout=None,pre_dispatch=2*n_jobs,batch_size=auto,temp_folder=None,max_nbytes=None,mmap_mode=r) is launching 5 jobs
[2026-07-27 08:52:17,963][HYDRA] Launching jobs, sweep output dir : ablation_runs/2026-07-27_00-16-14/attention_1e1d_out10
[2026-07-27 08:52:17,963][HYDRA] 	#0 : models.architecture.block_type=attention training.mode=rollout models.out_dim=10 models.architecture.n_encoder_layers=1 models.architecture.n_decoder_layers=1 seed=0
[2026-07-27 08:52:17,963][HYDRA] 	#1 : models.architecture.block_type=attention training.mode=rollout models.out_dim=10 models.architecture.n_encoder_layers=1 models.architecture.n_decoder_layers=1 seed=1
[2026-07-27 08:52:17,963][HYDRA] 	#2 : models.architecture.block_type=attention training.mode=rollout models.out_dim=10 models.architecture.n_encoder_layers=1 models.architecture.n_decoder_layers=1 seed=2
[2026-07-27 08:52:17,963][HYDRA] 	#3 : models.architecture.block_type=attention training.mode=rollout models.out_dim=10 models.architecture.n_encoder_layers=1 models.architecture.n_decoder_layers=1 seed=3
[2026-07-27 08:52:17,963][HYDRA] 	#4 : models.architecture.block_type=attention training.mode=rollout models.out_dim=10 models.architecture.n_encoder_layers=1 models.architecture.n_decoder_layers=1 seed=4
/home/jdihardjo/miniconda3/envs/mavenv/lib/python3.11/site-packages/hydra/_internal/defaults_list.py:251: UserWarning: In 'config': Defaults list is missing `_self_`. See https://hydra.cc/docs/1.2/upgrades/1.0_to_1.1/default_composition_order for more information
  warnings.warn(msg, UserWarning)
/home/jdihardjo/miniconda3/envs/mavenv/lib/python3.11/site-packages/hydra/_internal/defaults_list.py:251: UserWarning: In 'config': Defaults list is missing `_self_`. See https://hydra.cc/docs/1.2/upgrades/1.0_to_1.1/default_composition_order for more information
  warnings.warn(msg, UserWarning)
/home/jdihardjo/miniconda3/envs/mavenv/lib/python3.11/site-packages/hydra/_internal/defaults_list.py:251: UserWarning: In 'config': Defaults list is missing `_self_`. See https://hydra.cc/docs/1.2/upgrades/1.0_to_1.1/default_composition_order for more information
  warnings.warn(msg, UserWarning)
/home/jdihardjo/miniconda3/envs/mavenv/lib/python3.11/site-packages/hydra/_internal/defaults_list.py:251: UserWarning: In 'config': Defaults list is missing `_self_`. See https://hydra.cc/docs/1.2/upgrades/1.0_to_1.1/default_composition_order for more information
  warnings.warn(msg, UserWarning)
/home/jdihardjo/miniconda3/envs/mavenv/lib/python3.11/site-packages/hydra/_internal/defaults_list.py:251: UserWarning: In 'config': Defaults list is missing `_self_`. See https://hydra.cc/docs/1.2/upgrades/1.0_to_1.1/default_composition_order for more information
  warnings.warn(msg, UserWarning)
models:
  n_dim: 23
  out_dim: 10
  architecture:
    d_model: 128
    n_encoder_layers: 1
    n_decoder_layers: 1
    block_type: attention
    time_adapter: last_token
    in_norm: none
    out_norm: none
    layer_scale: 0.0001
    drop_path: 0.05
    mamba_type: mamba
    mamba_kwargs:
      d_state: 16
      d_conv: 2
      expand: 2
      norm: rms
    skip: false
    cls_kwargs:
      n_heads: 2
      n_mlp: 2
      positional_encoding: false
      max_len: 5000
input_len: 32
output_len: 1
batch_size: 128
epochs: 5
seed: 4
dataset:
  path: /home/jdihardjo/simdata/train.zarr/
  training_size: 1500000
evaluation:
  path: /home/jdihardjo/simdata/evaluation.zarr/
  evaluation_size: 50
training:
  mode: rollout
  lr: 0.0002
  weight_decay: 0.1
  rollout_steps: 16
checkpoint:
  save_path: hydra-test.pth
  load: false
  path: hydra-test.pth
compile: true

models:
  n_dim: 23
  out_dim: 10
  architecture:
    d_model: 128
    n_encoder_layers: 1
    n_decoder_layers: 1
    block_type: attention
    time_adapter: last_token
    in_norm: none
    out_norm: none
    layer_scale: 0.0001
    drop_path: 0.05
    mamba_type: mamba
    mamba_kwargs:
      d_state: 16
      d_conv: 2
      expand: 2
      norm: rms
    skip: false
    cls_kwargs:
      n_heads: 2
      n_mlp: 2
      positional_encoding: false
      max_len: 5000
input_len: 32
output_len: 1
batch_size: 128
epochs: 5
seed: 2
dataset:
  path: /home/jdihardjo/simdata/train.zarr/
  training_size: 1500000
evaluation:
  path: /home/jdihardjo/simdata/evaluation.zarr/
  evaluation_size: 50
training:
  mode: rollout
  lr: 0.0002
  weight_decay: 0.1
  rollout_steps: 16
checkpoint:
  save_path: hydra-test.pth
  load: false
  path: hydra-test.pth
compile: true

models:
  n_dim: 23
  out_dim: 10
  architecture:
    d_model: 128
    n_encoder_layers: 1
    n_decoder_layers: 1
    block_type: attention
    time_adapter: last_token
    in_norm: none
    out_norm: none
    layer_scale: 0.0001
    drop_path: 0.05
    mamba_type: mamba
    mamba_kwargs:
      d_state: 16
      d_conv: 2
      expand: 2
      norm: rms
    skip: false
    cls_kwargs:
      n_heads: 2
      n_mlp: 2
      positional_encoding: false
      max_len: 5000
input_len: 32
output_len: 1
batch_size: 128
epochs: 5
seed: 0
dataset:
  path: /home/jdihardjo/simdata/train.zarr/
  training_size: 1500000
evaluation:
  path: /home/jdihardjo/simdata/evaluation.zarr/
  evaluation_size: 50
training:
  mode: rollout
  lr: 0.0002
  weight_decay: 0.1
  rollout_steps: 16
checkpoint:
  save_path: hydra-test.pth
  load: false
  path: hydra-test.pth
compile: true

models:
  n_dim: 23
  out_dim: 10
  architecture:
    d_model: 128
    n_encoder_layers: 1
    n_decoder_layers: 1
    block_type: attention
    time_adapter: last_token
    in_norm: none
    out_norm: none
    layer_scale: 0.0001
    drop_path: 0.05
    mamba_type: mamba
    mamba_kwargs:
      d_state: 16
      d_conv: 2
      expand: 2
      norm: rms
    skip: false
    cls_kwargs:
      n_heads: 2
      n_mlp: 2
      positional_encoding: false
      max_len: 5000
input_len: 32
output_len: 1
batch_size: 128
epochs: 5
seed: 1
dataset:
  path: /home/jdihardjo/simdata/train.zarr/
  training_size: 1500000
evaluation:
  path: /home/jdihardjo/simdata/evaluation.zarr/
  evaluation_size: 50
training:
  mode: rollout
  lr: 0.0002
  weight_decay: 0.1
  rollout_steps: 16
checkpoint:
  save_path: hydra-test.pth
  load: false
  path: hydra-test.pth
compile: true

models:
  n_dim: 23
  out_dim: 10
  architecture:
    d_model: 128
    n_encoder_layers: 1
    n_decoder_layers: 1
    block_type: attention
    time_adapter: last_token
    in_norm: none
    out_norm: none
    layer_scale: 0.0001
    drop_path: 0.05
    mamba_type: mamba
    mamba_kwargs:
      d_state: 16
      d_conv: 2
      expand: 2
      norm: rms
    skip: false
    cls_kwargs:
      n_heads: 2
      n_mlp: 2
      positional_encoding: false
      max_len: 5000
input_len: 32
output_len: 1
batch_size: 128
epochs: 5
seed: 3
dataset:
  path: /home/jdihardjo/simdata/train.zarr/
  training_size: 1500000
evaluation:
  path: /home/jdihardjo/simdata/evaluation.zarr/
  evaluation_size: 50
training:
  mode: rollout
  lr: 0.0002
  weight_decay: 0.1
  rollout_steps: 16
checkpoint:
  save_path: hydra-test.pth
  load: false
  path: hydra-test.pth
compile: true

/home/jdihardjo/miniconda3/envs/mavenv/lib/python3.11/site-packages/torch/_inductor/cudagraph_trees.py:2622: UserWarning: Unable to hit fast path of CUDAGraphs because outputs from a previous step still require backward. Ensure backward() is invoked or detach outputs. You may also call torch.compiler.cudagraph_mark_step_begin() before each model invocation.
  warnings.warn(
/home/jdihardjo/miniconda3/envs/mavenv/lib/python3.11/site-packages/torch/_inductor/cudagraph_trees.py:2622: UserWarning: Unable to hit fast path of CUDAGraphs because outputs from a previous step still require backward. Ensure backward() is invoked or detach outputs. You may also call torch.compiler.cudagraph_mark_step_begin() before each model invocation.
  warnings.warn(
/home/jdihardjo/miniconda3/envs/mavenv/lib/python3.11/site-packages/torch/_inductor/cudagraph_trees.py:2622: UserWarning: Unable to hit fast path of CUDAGraphs because outputs from a previous step still require backward. Ensure backward() is invoked or detach outputs. You may also call torch.compiler.cudagraph_mark_step_begin() before each model invocation.
  warnings.warn(
/home/jdihardjo/miniconda3/envs/mavenv/lib/python3.11/site-packages/torch/_inductor/cudagraph_trees.py:2622: UserWarning: Unable to hit fast path of CUDAGraphs because outputs from a previous step still require backward. Ensure backward() is invoked or detach outputs. You may also call torch.compiler.cudagraph_mark_step_begin() before each model invocation.
  warnings.warn(
/home/jdihardjo/miniconda3/envs/mavenv/lib/python3.11/site-packages/torch/_inductor/cudagraph_trees.py:2622: UserWarning: Unable to hit fast path of CUDAGraphs because outputs from a previous step still require backward. Ensure backward() is invoked or detach outputs. You may also call torch.compiler.cudagraph_mark_step_begin() before each model invocation.
  warnings.warn(
name: models.architecture.block_type=attention
training.mode=rollout
models.out_dim=10
models.architecture.n_encoder_layers=1
models.architecture.n_decoder_layers=1
seed=4    avg_loss: 0.005314424168  time_per_window : 0.000197   progress : 0.011
name: models.architecture.block_type=attention
training.mode=rollout
models.out_dim=10
models.architecture.n_encoder_layers=1
models.architecture.n_decoder_layers=1
seed=4    avg_loss: 0.000036771617  time_per_window : 0.000223   progress : 0.022
name: models.architecture.block_type=attention
training.mode=rollout
models.out_dim=10
models.architecture.n_encoder_layers=1
models.architecture.n_decoder_layers=1
seed=4    avg_loss: 0.000014779110  time_per_window : 0.000205   progress : 0.033
name: models.architecture.block_type=attention
training.mode=rollout
models.out_dim=10
models.architecture.n_encoder_layers=1
models.architecture.n_decoder_layers=1
seed=4    avg_loss: 0.000008189948  time_per_window : 0.000196   progress : 0.044
name: models.architecture.block_type=attention
training.mode=rollout
models.out_dim=10
models.architecture.n_encoder_layers=1
models.architecture.n_decoder_layers=1
seed=4    avg_loss: 0.000005109117  time_per_window : 0.000223   progress : 0.055
name: models.architecture.block_type=attention
training.mode=rollout
models.out_dim=10
models.architecture.n_encoder_layers=1
models.architecture.n_decoder_layers=1
seed=4    avg_loss: 0.000004061889  time_per_window : 0.000243   progress : 0.066
name: models.architecture.block_type=attention
training.mode=rollout
models.out_dim=10
models.architecture.n_encoder_layers=1
models.architecture.n_decoder_layers=1
seed=4    avg_loss: 0.000003246554  time_per_window : 0.000223   progress : 0.076
name: models.architecture.block_type=attention
training.mode=rollout
models.out_dim=10
models.architecture.n_encoder_layers=1
models.architecture.n_decoder_layers=1
seed=4    avg_loss: 0.000002767938  time_per_window : 0.000192   progress : 0.087
name: models.architecture.block_type=attention
training.mode=rollout
models.out_dim=10
models.architecture.n_encoder_layers=1
models.architecture.n_decoder_layers=1
seed=4    avg_loss: 0.000002488348  time_per_window : 0.000231   progress : 0.098
name: models.architecture.block_type=attention
training.mode=rollout
models.out_dim=10
models.architecture.n_encoder_layers=1
models.architecture.n_decoder_layers=1
seed=4    avg_loss: 0.000002273215  time_per_window : 0.000199   progress : 0.109
name: models.architecture.block_type=attention
training.mode=rollout
models.out_dim=10
models.architecture.n_encoder_layers=1
models.architecture.n_decoder_layers=1
seed=4    avg_loss: 0.000001903040  time_per_window : 0.000205   progress : 0.120
name: models.architecture.block_type=attention
training.mode=rollout
models.out_dim=10
models.architecture.n_encoder_layers=1
models.architecture.n_decoder_layers=1
seed=4    avg_loss: 0.000001800997  time_per_window : 0.000215   progress : 0.131
name: models.architecture.block_type=attention
training.mode=rollout
models.out_dim=10
models.architecture.n_encoder_layers=1
models.architecture.n_decoder_layers=1
seed=4    avg_loss: 0.000001589354  time_per_window : 0.000207   progress : 0.142
name: models.architecture.block_type=attention
training.mode=rollout
models.out_dim=10
models.architecture.n_encoder_layers=1
models.architecture.n_decoder_layers=1
seed=4    avg_loss: 0.000001397735  time_per_window : 0.000235   progress : 0.153
name: models.architecture.block_type=attention
training.mode=rollout
models.out_dim=10
models.architecture.n_encoder_layers=1
models.architecture.n_decoder_layers=1
seed=4    avg_loss: 0.000001447591  time_per_window : 0.000218   progress : 0.164
name: models.architecture.block_type=attention
training.mode=rollout
models.out_dim=10
models.architecture.n_encoder_layers=1
models.architecture.n_decoder_layers=1
seed=4    avg_loss: 0.000001268051  time_per_window : 0.000240   progress : 0.175
name: models.architecture.block_type=attention
training.mode=rollout
models.out_dim=10
models.architecture.n_encoder_layers=1
models.architecture.n_decoder_layers=1
seed=4    avg_loss: 0.000001269944  time_per_window : 0.000219   progress : 0.186
name: models.architecture.block_type=attention
training.mode=rollout
models.out_dim=10
models.architecture.n_encoder_layers=1
models.architecture.n_decoder_layers=1
seed=4    avg_loss: 0.000001279974  time_per_window : 0.000225   progress : 0.197
name: models.architecture.block_type=attention
training.mode=rollout
models.out_dim=10
models.architecture.n_encoder_layers=1
models.architecture.n_decoder_layers=1
seed=4    avg_loss: 0.000002339839  time_per_window : 0.000199   progress : 0.208
name: models.architecture.block_type=attention
training.mode=rollout
models.out_dim=10
models.architecture.n_encoder_layers=1
models.architecture.n_decoder_layers=1
seed=4    avg_loss: 0.000006489749  time_per_window : 0.000206   progress : 0.218
name: models.architecture.block_type=attention
training.mode=rollout
models.out_dim=10
models.architecture.n_encoder_layers=1
models.architecture.n_decoder_layers=1
seed=4    avg_loss: 0.000002396753  time_per_window : 0.000207   progress : 0.229
name: models.architecture.block_type=attention
training.mode=rollout
models.out_dim=10
models.architecture.n_encoder_layers=1
models.architecture.n_decoder_layers=1
seed=4    avg_loss: 0.000005368967  time_per_window : 0.000227   progress : 0.240
name: models.architecture.block_type=attention
training.mode=rollout
models.out_dim=10
models.architecture.n_encoder_layers=1
models.architecture.n_decoder_layers=1
seed=4    avg_loss: 0.000006283205  time_per_window : 0.000251   progress : 0.251
name: models.architecture.block_type=attention
training.mode=rollout
models.out_dim=10
models.architecture.n_encoder_layers=1
models.architecture.n_decoder_layers=1
seed=4    avg_loss: 0.000006291070  time_per_window : 0.000216   progress : 0.262
name: models.architecture.block_type=attention
training.mode=rollout
models.out_dim=10
models.architecture.n_encoder_layers=1
models.architecture.n_decoder_layers=1
seed=4    avg_loss: 0.000011350671  time_per_window : 0.000241   progress : 0.273
name: models.architecture.block_type=attention
training.mode=rollout
models.out_dim=10
models.architecture.n_encoder_layers=1
models.architecture.n_decoder_layers=1
seed=4    avg_loss: 0.000005342826  time_per_window : 0.000228   progress : 0.284
name: models.architecture.block_type=attention
training.mode=rollout
models.out_dim=10
models.architecture.n_encoder_layers=1
models.architecture.n_decoder_layers=1
seed=4    avg_loss: 0.000005808973  time_per_window : 0.000215   progress : 0.295
name: models.architecture.block_type=attention
training.mode=rollout
models.out_dim=10
models.architecture.n_encoder_layers=1
models.architecture.n_decoder_layers=1
seed=4    avg_loss: 0.000008985070  time_per_window : 0.000207   progress : 0.306
name: models.architecture.block_type=attention
training.mode=rollout
models.out_dim=10
models.architecture.n_encoder_layers=1
models.architecture.n_decoder_layers=1
seed=4    avg_loss: 0.000008061773  time_per_window : 0.000225   progress : 0.317
name: models.architecture.block_type=attention
training.mode=rollout
models.out_dim=10
models.architecture.n_encoder_layers=1
models.architecture.n_decoder_layers=1
seed=4    avg_loss: 0.000005844478  time_per_window : 0.000208   progress : 0.328
name: models.architecture.block_type=attention
training.mode=rollout
models.out_dim=10
models.architecture.n_encoder_layers=1
models.architecture.n_decoder_layers=1
seed=4    avg_loss: 0.000008557922  time_per_window : 0.000240   progress : 0.339
name: models.architecture.block_type=attention
training.mode=rollout
models.out_dim=10
models.architecture.n_encoder_layers=1
models.architecture.n_decoder_layers=1
seed=4    avg_loss: 0.000006632702  time_per_window : 0.000238   progress : 0.350
name: models.architecture.block_type=attention
training.mode=rollout
models.out_dim=10
models.architecture.n_encoder_layers=1
models.architecture.n_decoder_layers=1
seed=4    avg_loss: 0.000008623047  time_per_window : 0.000229   progress : 0.360
name: models.architecture.block_type=attention
training.mode=rollout
models.out_dim=10
models.architecture.n_encoder_layers=1
models.architecture.n_decoder_layers=1
seed=4    avg_loss: 0.000007623347  time_per_window : 0.000211   progress : 0.371name: models.architecture.block_type=attention
training.mode=rollout
models.out_dim=10
models.architecture.n_encoder_layers=1
models.architecture.n_decoder_layers=1
seed=0    avg_loss: 0.007468163036  time_per_window : 0.000225   progress : 0.011
name: models.architecture.block_type=attention
training.mode=rollout
models.out_dim=10
models.architecture.n_encoder_layers=1
models.architecture.n_decoder_layers=1
seed=0    avg_loss: 0.000046691763  time_per_window : 0.000250   progress : 0.022
name: models.architecture.block_type=attention
training.mode=rollout
models.out_dim=10
models.architecture.n_encoder_layers=1
models.architecture.n_decoder_layers=1
seed=0    avg_loss: 0.000019389063  time_per_window : 0.000207   progress : 0.033
name: models.architecture.block_type=attention
training.mode=rollout
models.out_dim=10
models.architecture.n_encoder_layers=1
models.architecture.n_decoder_layers=1
seed=0    avg_loss: 0.000011578144  time_per_window : 0.000218   progress : 0.044
name: models.architecture.block_type=attention
training.mode=rollout
models.out_dim=10
models.architecture.n_encoder_layers=1
models.architecture.n_decoder_layers=1
seed=0    avg_loss: 0.000007344269  time_per_window : 0.000221   progress : 0.055
name: models.architecture.block_type=attention
training.mode=rollout
models.out_dim=10
models.architecture.n_encoder_layers=1
models.architecture.n_decoder_layers=1
seed=0    avg_loss: 0.000006332774  time_per_window : 0.000219   progress : 0.066
name: models.architecture.block_type=attention
training.mode=rollout
models.out_dim=10
models.architecture.n_encoder_layers=1
models.architecture.n_decoder_layers=1
seed=0    avg_loss: 0.000004812704  time_per_window : 0.000212   progress : 0.076
name: models.architecture.block_type=attention
training.mode=rollout
models.out_dim=10
models.architecture.n_encoder_layers=1
models.architecture.n_decoder_layers=1
seed=0    avg_loss: 0.000003922654  time_per_window : 0.000231   progress : 0.087
name: models.architecture.block_type=attention
training.mode=rollout
models.out_dim=10
models.architecture.n_encoder_layers=1
models.architecture.n_decoder_layers=1
seed=0    avg_loss: 0.000003582744  time_per_window : 0.000221   progress : 0.098
name: models.architecture.block_type=attention
training.mode=rollout
models.out_dim=10
models.architecture.n_encoder_layers=1
models.architecture.n_decoder_layers=1
seed=0    avg_loss: 0.000002931811  time_per_window : 0.000202   progress : 0.109
name: models.architecture.block_type=attention
training.mode=rollout
models.out_dim=10
models.architecture.n_encoder_layers=1
models.architecture.n_decoder_layers=1
seed=0    avg_loss: 0.000002560858  time_per_window : 0.000209   progress : 0.120
name: models.architecture.block_type=attention
training.mode=rollout
models.out_dim=10
models.architecture.n_encoder_layers=1
models.architecture.n_decoder_layers=1
seed=0    avg_loss: 0.000002457000  time_per_window : 0.000227   progress : 0.131
name: models.architecture.block_type=attention
training.mode=rollout
models.out_dim=10
models.architecture.n_encoder_layers=1
models.architecture.n_decoder_layers=1
seed=0    avg_loss: 0.000002037582  time_per_window : 0.000212   progress : 0.142
name: models.architecture.block_type=attention
training.mode=rollout
models.out_dim=10
models.architecture.n_encoder_layers=1
models.architecture.n_decoder_layers=1
seed=0    avg_loss: 0.000001819957  time_per_window : 0.000203   progress : 0.153
name: models.architecture.block_type=attention
training.mode=rollout
models.out_dim=10
models.architecture.n_encoder_layers=1
models.architecture.n_decoder_layers=1
seed=0    avg_loss: 0.000001663767  time_per_window : 0.000230   progress : 0.164
name: models.architecture.block_type=attention
training.mode=rollout
models.out_dim=10
models.architecture.n_encoder_layers=1
models.architecture.n_decoder_layers=1
seed=0    avg_loss: 0.000001686732  time_per_window : 0.000222   progress : 0.175
name: models.architecture.block_type=attention
training.mode=rollout
models.out_dim=10
models.architecture.n_encoder_layers=1
models.architecture.n_decoder_layers=1
seed=0    avg_loss: 0.000001479104  time_per_window : 0.000230   progress : 0.186
name: models.architecture.block_type=attention
training.mode=rollout
models.out_dim=10
models.architecture.n_encoder_layers=1
models.architecture.n_decoder_layers=1
seed=0    avg_loss: 0.000001336626  time_per_window : 0.000222   progress : 0.197
name: models.architecture.block_type=attention
training.mode=rollout
models.out_dim=10
models.architecture.n_encoder_layers=1
models.architecture.n_decoder_layers=1
seed=0    avg_loss: 0.000001279399  time_per_window : 0.000210   progress : 0.208
name: models.architecture.block_type=attention
training.mode=rollout
models.out_dim=10
models.architecture.n_encoder_layers=1
models.architecture.n_decoder_layers=1
seed=0    avg_loss: 0.000001676677  time_per_window : 0.000226   progress : 0.218
name: models.architecture.block_type=attention
training.mode=rollout
models.out_dim=10
models.architecture.n_encoder_layers=1
models.architecture.n_decoder_layers=1
seed=0    avg_loss: 0.000001674200  time_per_window : 0.000222   progress : 0.229
name: models.architecture.block_type=attention
training.mode=rollout
models.out_dim=10
models.architecture.n_encoder_layers=1
models.architecture.n_decoder_layers=1
seed=0    avg_loss: 0.000004972177  time_per_window : 0.000216   progress : 0.240
name: models.architecture.block_type=attention
training.mode=rollout
models.out_dim=10
models.architecture.n_encoder_layers=1
models.architecture.n_decoder_layers=1
seed=0    avg_loss: 0.000004411718  time_per_window : 0.000224   progress : 0.251
name: models.architecture.block_type=attention
training.mode=rollout
models.out_dim=10
models.architecture.n_encoder_layers=1
models.architecture.n_decoder_layers=1
seed=0    avg_loss: 0.000005459582  time_per_window : 0.000231   progress : 0.262
name: models.architecture.block_type=attention
training.mode=rollout
models.out_dim=10
models.architecture.n_encoder_layers=1
models.architecture.n_decoder_layers=1
seed=0    avg_loss: 0.000006318004  time_per_window : 0.000198   progress : 0.273
name: models.architecture.block_type=attention
training.mode=rollout
models.out_dim=10
models.architecture.n_encoder_layers=1
models.architecture.n_decoder_layers=1
seed=0    avg_loss: 0.000007076470  time_per_window : 0.000221   progress : 0.284
name: models.architecture.block_type=attention
training.mode=rollout
models.out_dim=10
models.architecture.n_encoder_layers=1
models.architecture.n_decoder_layers=1
seed=0    avg_loss: 0.000006517911  time_per_window : 0.000222   progress : 0.295
name: models.architecture.block_type=attention
training.mode=rollout
models.out_dim=10
models.architecture.n_encoder_layers=1
models.architecture.n_decoder_layers=1
seed=0    avg_loss: 0.000007545730  time_per_window : 0.000226   progress : 0.306
name: models.architecture.block_type=attention
training.mode=rollout
models.out_dim=10
models.architecture.n_encoder_layers=1
models.architecture.n_decoder_layers=1
seed=0    avg_loss: 0.000006432930  time_per_window : 0.000220   progress : 0.317
name: models.architecture.block_type=attention
training.mode=rollout
models.out_dim=10
models.architecture.n_encoder_layers=1
models.architecture.n_decoder_layers=1
seed=0    avg_loss: 0.000008530996  time_per_window : 0.000212   progress : 0.328
name: models.architecture.block_type=attention
training.mode=rollout
models.out_dim=10
models.architecture.n_encoder_layers=1
models.architecture.n_decoder_layers=1
seed=0    avg_loss: 0.000009646960  time_per_window : 0.000244   progress : 0.339
name: models.architecture.block_type=attention
training.mode=rollout
models.out_dim=10
models.architecture.n_encoder_layers=1
models.architecture.n_decoder_layers=1
seed=0    avg_loss: 0.000004838898  time_per_window : 0.000211   progress : 0.350
name: models.architecture.block_type=attention
training.mode=rollout
models.out_dim=10
models.architecture.n_encoder_layers=1
models.architecture.n_decoder_layers=1
seed=0    avg_loss: 0.000007871266  time_per_window : 0.000224   progress : 0.360
name: models.architecture.block_type=attention
training.mode=rollout
models.out_dim=10
models.architecture.n_encoder_layers=1
models.architecture.n_decoder_layers=1
seed=0    avg_loss: 0.000007315252  time_per_window : 0.000229   progress : 0.371name: models.architecture.block_type=attention
training.mode=rollout
models.out_dim=10
models.architecture.n_encoder_layers=1
models.architecture.n_decoder_layers=1
seed=1    avg_loss: 0.006978521124  time_per_window : 0.000213   progress : 0.011
name: models.architecture.block_type=attention
training.mode=rollout
models.out_dim=10
models.architecture.n_encoder_layers=1
models.architecture.n_decoder_layers=1
seed=1    avg_loss: 0.000048400751  time_per_window : 0.000221   progress : 0.022
name: models.architecture.block_type=attention
training.mode=rollout
models.out_dim=10
models.architecture.n_encoder_layers=1
models.architecture.n_decoder_layers=1
seed=1    avg_loss: 0.000018137564  time_per_window : 0.000219   progress : 0.033
name: models.architecture.block_type=attention
training.mode=rollout
models.out_dim=10
models.architecture.n_encoder_layers=1
models.architecture.n_decoder_layers=1
seed=1    avg_loss: 0.000009881024  time_per_window : 0.000246   progress : 0.044
name: models.architecture.block_type=attention
training.mode=rollout
models.out_dim=10
models.architecture.n_encoder_layers=1
models.architecture.n_decoder_layers=1
seed=1    avg_loss: 0.000006759909  time_per_window : 0.000202   progress : 0.055
name: models.architecture.block_type=attention
training.mode=rollout
models.out_dim=10
models.architecture.n_encoder_layers=1
models.architecture.n_decoder_layers=1
seed=1    avg_loss: 0.000005586773  time_per_window : 0.000247   progress : 0.066
name: models.architecture.block_type=attention
training.mode=rollout
models.out_dim=10
models.architecture.n_encoder_layers=1
models.architecture.n_decoder_layers=1
seed=1    avg_loss: 0.000004252768  time_per_window : 0.000226   progress : 0.076
name: models.architecture.block_type=attention
training.mode=rollout
models.out_dim=10
models.architecture.n_encoder_layers=1
models.architecture.n_decoder_layers=1
seed=1    avg_loss: 0.000003507943  time_per_window : 0.000218   progress : 0.087
name: models.architecture.block_type=attention
training.mode=rollout
models.out_dim=10
models.architecture.n_encoder_layers=1
models.architecture.n_decoder_layers=1
seed=1    avg_loss: 0.000003183043  time_per_window : 0.000236   progress : 0.098
name: models.architecture.block_type=attention
training.mode=rollout
models.out_dim=10
models.architecture.n_encoder_layers=1
models.architecture.n_decoder_layers=1
seed=1    avg_loss: 0.000002806124  time_per_window : 0.000212   progress : 0.109
name: models.architecture.block_type=attention
training.mode=rollout
models.out_dim=10
models.architecture.n_encoder_layers=1
models.architecture.n_decoder_layers=1
seed=1    avg_loss: 0.000002444033  time_per_window : 0.000213   progress : 0.120
name: models.architecture.block_type=attention
training.mode=rollout
models.out_dim=10
models.architecture.n_encoder_layers=1
models.architecture.n_decoder_layers=1
seed=1    avg_loss: 0.000002246459  time_per_window : 0.000235   progress : 0.131
name: models.architecture.block_type=attention
training.mode=rollout
models.out_dim=10
models.architecture.n_encoder_layers=1
models.architecture.n_decoder_layers=1
seed=1    avg_loss: 0.000001957514  time_per_window : 0.000235   progress : 0.142
name: models.architecture.block_type=attention
training.mode=rollout
models.out_dim=10
models.architecture.n_encoder_layers=1
models.architecture.n_decoder_layers=1
seed=1    avg_loss: 0.000001785916  time_per_window : 0.000186   progress : 0.153
name: models.architecture.block_type=attention
training.mode=rollout
models.out_dim=10
models.architecture.n_encoder_layers=1
models.architecture.n_decoder_layers=1
seed=1    avg_loss: 0.000001822391  time_per_window : 0.000245   progress : 0.164
name: models.architecture.block_type=attention
training.mode=rollout
models.out_dim=10
models.architecture.n_encoder_layers=1
models.architecture.n_decoder_layers=1
seed=1    avg_loss: 0.000001696454  time_per_window : 0.000208   progress : 0.175
name: models.architecture.block_type=attention
training.mode=rollout
models.out_dim=10
models.architecture.n_encoder_layers=1
models.architecture.n_decoder_layers=1
seed=1    avg_loss: 0.000001564721  time_per_window : 0.000202   progress : 0.186
name: models.architecture.block_type=attention
training.mode=rollout
models.out_dim=10
models.architecture.n_encoder_layers=1
models.architecture.n_decoder_layers=1
seed=1    avg_loss: 0.000001760703  time_per_window : 0.000210   progress : 0.197
name: models.architecture.block_type=attention
training.mode=rollout
models.out_dim=10
models.architecture.n_encoder_layers=1
models.architecture.n_decoder_layers=1
seed=1    avg_loss: 0.000003153275  time_per_window : 0.000214   progress : 0.208
name: models.architecture.block_type=attention
training.mode=rollout
models.out_dim=10
models.architecture.n_encoder_layers=1
models.architecture.n_decoder_layers=1
seed=1    avg_loss: 0.000003106066  time_per_window : 0.000220   progress : 0.218
name: models.architecture.block_type=attention
training.mode=rollout
models.out_dim=10
models.architecture.n_encoder_layers=1
models.architecture.n_decoder_layers=1
seed=1    avg_loss: 0.000005965198  time_per_window : 0.000216   progress : 0.229
name: models.architecture.block_type=attention
training.mode=rollout
models.out_dim=10
models.architecture.n_encoder_layers=1
models.architecture.n_decoder_layers=1
seed=1    avg_loss: 0.000005502698  time_per_window : 0.000211   progress : 0.240
name: models.architecture.block_type=attention
training.mode=rollout
models.out_dim=10
models.architecture.n_encoder_layers=1
models.architecture.n_decoder_layers=1
seed=1    avg_loss: 0.000007884552  time_per_window : 0.000226   progress : 0.251
name: models.architecture.block_type=attention
training.mode=rollout
models.out_dim=10
models.architecture.n_encoder_layers=1
models.architecture.n_decoder_layers=1
seed=1    avg_loss: 0.000005408214  time_per_window : 0.000207   progress : 0.262
name: models.architecture.block_type=attention
training.mode=rollout
models.out_dim=10
models.architecture.n_encoder_layers=1
models.architecture.n_decoder_layers=1
seed=1    avg_loss: 0.000006808364  time_per_window : 0.000242   progress : 0.273
name: models.architecture.block_type=attention
training.mode=rollout
models.out_dim=10
models.architecture.n_encoder_layers=1
models.architecture.n_decoder_layers=1
seed=1    avg_loss: 0.000010071079  time_per_window : 0.000218   progress : 0.284
name: models.architecture.block_type=attention
training.mode=rollout
models.out_dim=10
models.architecture.n_encoder_layers=1
models.architecture.n_decoder_layers=1
seed=1    avg_loss: 0.000008124440  time_per_window : 0.000245   progress : 0.295
name: models.architecture.block_type=attention
training.mode=rollout
models.out_dim=10
models.architecture.n_encoder_layers=1
models.architecture.n_decoder_layers=1
seed=1    avg_loss: 0.000008728912  time_per_window : 0.000219   progress : 0.306
name: models.architecture.block_type=attention
training.mode=rollout
models.out_dim=10
models.architecture.n_encoder_layers=1
models.architecture.n_decoder_layers=1
seed=1    avg_loss: 0.000007595279  time_per_window : 0.000250   progress : 0.317
name: models.architecture.block_type=attention
training.mode=rollout
models.out_dim=10
models.architecture.n_encoder_layers=1
models.architecture.n_decoder_layers=1
seed=1    avg_loss: 0.000009336862  time_per_window : 0.000214   progress : 0.328
name: models.architecture.block_type=attention
training.mode=rollout
models.out_dim=10
models.architecture.n_encoder_layers=1
models.architecture.n_decoder_layers=1
seed=1    avg_loss: 0.000009435481  time_per_window : 0.000227   progress : 0.339
name: models.architecture.block_type=attention
training.mode=rollout
models.out_dim=10
models.architecture.n_encoder_layers=1
models.architecture.n_decoder_layers=1
seed=1    avg_loss: 0.000007927319  time_per_window : 0.000209   progress : 0.350
name: models.architecture.block_type=attention
training.mode=rollout
models.out_dim=10
models.architecture.n_encoder_layers=1
models.architecture.n_decoder_layers=1
seed=1    avg_loss: 0.000008605984  time_per_window : 0.000253   progress : 0.360
name: models.architecture.block_type=attention
training.mode=rollout
models.out_dim=10
models.architecture.n_encoder_layers=1
models.architecture.n_decoder_layers=1
seed=1    avg_loss: 0.000007513885  time_per_window : 0.000215   progress : 0.371name: models.architecture.block_type=attention
training.mode=rollout
models.out_dim=10
models.architecture.n_encoder_layers=1
models.architecture.n_decoder_layers=1
seed=2    avg_loss: 0.005497652106  time_per_window : 0.000248   progress : 0.011
name: models.architecture.block_type=attention
training.mode=rollout
models.out_dim=10
models.architecture.n_encoder_layers=1
models.architecture.n_decoder_layers=1
seed=2    avg_loss: 0.000033178985  time_per_window : 0.000219   progress : 0.022
name: models.architecture.block_type=attention
training.mode=rollout
models.out_dim=10
models.architecture.n_encoder_layers=1
models.architecture.n_decoder_layers=1
seed=2    avg_loss: 0.000015379213  time_per_window : 0.000214   progress : 0.033
name: models.architecture.block_type=attention
training.mode=rollout
models.out_dim=10
models.architecture.n_encoder_layers=1
models.architecture.n_decoder_layers=1
seed=2    avg_loss: 0.000010434573  time_per_window : 0.000214   progress : 0.044
name: models.architecture.block_type=attention
training.mode=rollout
models.out_dim=10
models.architecture.n_encoder_layers=1
models.architecture.n_decoder_layers=1
seed=2    avg_loss: 0.000007981145  time_per_window : 0.000249   progress : 0.055
name: models.architecture.block_type=attention
training.mode=rollout
models.out_dim=10
models.architecture.n_encoder_layers=1
models.architecture.n_decoder_layers=1
seed=2    avg_loss: 0.000006816302  time_per_window : 0.000207   progress : 0.066
name: models.architecture.block_type=attention
training.mode=rollout
models.out_dim=10
models.architecture.n_encoder_layers=1
models.architecture.n_decoder_layers=1
seed=2    avg_loss: 0.000005435924  time_per_window : 0.000225   progress : 0.076
name: models.architecture.block_type=attention
training.mode=rollout
models.out_dim=10
models.architecture.n_encoder_layers=1
models.architecture.n_decoder_layers=1
seed=2    avg_loss: 0.000004387328  time_per_window : 0.000213   progress : 0.087
name: models.architecture.block_type=attention
training.mode=rollout
models.out_dim=10
models.architecture.n_encoder_layers=1
models.architecture.n_decoder_layers=1
seed=2    avg_loss: 0.000003887948  time_per_window : 0.000213   progress : 0.098
name: models.architecture.block_type=attention
training.mode=rollout
models.out_dim=10
models.architecture.n_encoder_layers=1
models.architecture.n_decoder_layers=1
seed=2    avg_loss: 0.000003475100  time_per_window : 0.000220   progress : 0.109
name: models.architecture.block_type=attention
training.mode=rollout
models.out_dim=10
models.architecture.n_encoder_layers=1
models.architecture.n_decoder_layers=1
seed=2    avg_loss: 0.000003045604  time_per_window : 0.000231   progress : 0.120
name: models.architecture.block_type=attention
training.mode=rollout
models.out_dim=10
models.architecture.n_encoder_layers=1
models.architecture.n_decoder_layers=1
seed=2    avg_loss: 0.000002737622  time_per_window : 0.000214   progress : 0.131
name: models.architecture.block_type=attention
training.mode=rollout
models.out_dim=10
models.architecture.n_encoder_layers=1
models.architecture.n_decoder_layers=1
seed=2    avg_loss: 0.000002578674  time_per_window : 0.000205   progress : 0.142
name: models.architecture.block_type=attention
training.mode=rollout
models.out_dim=10
models.architecture.n_encoder_layers=1
models.architecture.n_decoder_layers=1
seed=2    avg_loss: 0.000002179136  time_per_window : 0.000197   progress : 0.153
name: models.architecture.block_type=attention
training.mode=rollout
models.out_dim=10
models.architecture.n_encoder_layers=1
models.architecture.n_decoder_layers=1
seed=2    avg_loss: 0.000002270345  time_per_window : 0.000220   progress : 0.164
name: models.architecture.block_type=attention
training.mode=rollout
models.out_dim=10
models.architecture.n_encoder_layers=1
models.architecture.n_decoder_layers=1
seed=2    avg_loss: 0.000002080051  time_per_window : 0.000240   progress : 0.175
name: models.architecture.block_type=attention
training.mode=rollout
models.out_dim=10
models.architecture.n_encoder_layers=1
models.architecture.n_decoder_layers=1
seed=2    avg_loss: 0.000002171982  time_per_window : 0.000205   progress : 0.186
name: models.architecture.block_type=attention
training.mode=rollout
models.out_dim=10
models.architecture.n_encoder_layers=1
models.architecture.n_decoder_layers=1
seed=2    avg_loss: 0.000003535693  time_per_window : 0.000214   progress : 0.197
name: models.architecture.block_type=attention
training.mode=rollout
models.out_dim=10
models.architecture.n_encoder_layers=1
models.architecture.n_decoder_layers=1
seed=2    avg_loss: 0.000004946436  time_per_window : 0.000210   progress : 0.208
name: models.architecture.block_type=attention
training.mode=rollout
models.out_dim=10
models.architecture.n_encoder_layers=1
models.architecture.n_decoder_layers=1
seed=2    avg_loss: 0.000004087171  time_per_window : 0.000215   progress : 0.218
name: models.architecture.block_type=attention
training.mode=rollout
models.out_dim=10
models.architecture.n_encoder_layers=1
models.architecture.n_decoder_layers=1
seed=2    avg_loss: 0.000008227405  time_per_window : 0.000218   progress : 0.229
name: models.architecture.block_type=attention
training.mode=rollout
models.out_dim=10
models.architecture.n_encoder_layers=1
models.architecture.n_decoder_layers=1
seed=2    avg_loss: 0.000005609175  time_per_window : 0.000213   progress : 0.240
name: models.architecture.block_type=attention
training.mode=rollout
models.out_dim=10
models.architecture.n_encoder_layers=1
models.architecture.n_decoder_layers=1
seed=2    avg_loss: 0.000007807010  time_per_window : 0.000210   progress : 0.251
name: models.architecture.block_type=attention
training.mode=rollout
models.out_dim=10
models.architecture.n_encoder_layers=1
models.architecture.n_decoder_layers=1
seed=2    avg_loss: 0.000005551234  time_per_window : 0.000217   progress : 0.262
name: models.architecture.block_type=attention
training.mode=rollout
models.out_dim=10
models.architecture.n_encoder_layers=1
models.architecture.n_decoder_layers=1
seed=2    avg_loss: 0.000008207203  time_per_window : 0.000216   progress : 0.273
name: models.architecture.block_type=attention
training.mode=rollout
models.out_dim=10
models.architecture.n_encoder_layers=1
models.architecture.n_decoder_layers=1
seed=2    avg_loss: 0.000008163925  time_per_window : 0.000208   progress : 0.284
name: models.architecture.block_type=attention
training.mode=rollout
models.out_dim=10
models.architecture.n_encoder_layers=1
models.architecture.n_decoder_layers=1
seed=2    avg_loss: 0.000007539479  time_per_window : 0.000196   progress : 0.295
name: models.architecture.block_type=attention
training.mode=rollout
models.out_dim=10
models.architecture.n_encoder_layers=1
models.architecture.n_decoder_layers=1
seed=2    avg_loss: 0.000007661029  time_per_window : 0.000225   progress : 0.306
name: models.architecture.block_type=attention
training.mode=rollout
models.out_dim=10
models.architecture.n_encoder_layers=1
models.architecture.n_decoder_layers=1
seed=2    avg_loss: 0.000005416954  time_per_window : 0.000237   progress : 0.317
name: models.architecture.block_type=attention
training.mode=rollout
models.out_dim=10
models.architecture.n_encoder_layers=1
models.architecture.n_decoder_layers=1
seed=2    avg_loss: 0.000008558559  time_per_window : 0.000209   progress : 0.328
name: models.architecture.block_type=attention
training.mode=rollout
models.out_dim=10
models.architecture.n_encoder_layers=1
models.architecture.n_decoder_layers=1
seed=2    avg_loss: 0.000011871930  time_per_window : 0.000229   progress : 0.339
name: models.architecture.block_type=attention
training.mode=rollout
models.out_dim=10
models.architecture.n_encoder_layers=1
models.architecture.n_decoder_layers=1
seed=2    avg_loss: 0.000004380465  time_per_window : 0.000231   progress : 0.350
name: models.architecture.block_type=attention
training.mode=rollout
models.out_dim=10
models.architecture.n_encoder_layers=1
models.architecture.n_decoder_layers=1
seed=2    avg_loss: 0.000007358176  time_per_window : 0.000197   progress : 0.360
name: models.architecture.block_type=attention
training.mode=rollout
models.out_dim=10
models.architecture.n_encoder_layers=1
models.architecture.n_decoder_layers=1
seed=2    avg_loss: 0.000006053490  time_per_window : 0.000221   progress : 0.371name: models.architecture.block_type=attention
training.mode=rollout
models.out_dim=10
models.architecture.n_encoder_layers=1
models.architecture.n_decoder_layers=1
seed=3    avg_loss: 0.007256827317  time_per_window : 0.000214   progress : 0.011
name: models.architecture.block_type=attention
training.mode=rollout
models.out_dim=10
models.architecture.n_encoder_layers=1
models.architecture.n_decoder_layers=1
seed=3    avg_loss: 0.000065242224  time_per_window : 0.000223   progress : 0.022
name: models.architecture.block_type=attention
training.mode=rollout
models.out_dim=10
models.architecture.n_encoder_layers=1
models.architecture.n_decoder_layers=1
seed=3    avg_loss: 0.000025906302  time_per_window : 0.000255   progress : 0.033
name: models.architecture.block_type=attention
training.mode=rollout
models.out_dim=10
models.architecture.n_encoder_layers=1
models.architecture.n_decoder_layers=1
seed=3    avg_loss: 0.000013375654  time_per_window : 0.000207   progress : 0.044
name: models.architecture.block_type=attention
training.mode=rollout
models.out_dim=10
models.architecture.n_encoder_layers=1
models.architecture.n_decoder_layers=1
seed=3    avg_loss: 0.000008355487  time_per_window : 0.000226   progress : 0.055
name: models.architecture.block_type=attention
training.mode=rollout
models.out_dim=10
models.architecture.n_encoder_layers=1
models.architecture.n_decoder_layers=1
seed=3    avg_loss: 0.000006310645  time_per_window : 0.000211   progress : 0.066
name: models.architecture.block_type=attention
training.mode=rollout
models.out_dim=10
models.architecture.n_encoder_layers=1
models.architecture.n_decoder_layers=1
seed=3    avg_loss: 0.000005014298  time_per_window : 0.000219   progress : 0.076
name: models.architecture.block_type=attention
training.mode=rollout
models.out_dim=10
models.architecture.n_encoder_layers=1
models.architecture.n_decoder_layers=1
seed=3    avg_loss: 0.000004059341  time_per_window : 0.000225   progress : 0.087
name: models.architecture.block_type=attention
training.mode=rollout
models.out_dim=10
models.architecture.n_encoder_layers=1
models.architecture.n_decoder_layers=1
seed=3    avg_loss: 0.000003533725  time_per_window : 0.000246   progress : 0.098
name: models.architecture.block_type=attention
training.mode=rollout
models.out_dim=10
models.architecture.n_encoder_layers=1
models.architecture.n_decoder_layers=1
seed=3    avg_loss: 0.000003046188  time_per_window : 0.000211   progress : 0.109
name: models.architecture.block_type=attention
training.mode=rollout
models.out_dim=10
models.architecture.n_encoder_layers=1
models.architecture.n_decoder_layers=1
seed=3    avg_loss: 0.000002639592  time_per_window : 0.000229   progress : 0.120
name: models.architecture.block_type=attention
training.mode=rollout
models.out_dim=10
models.architecture.n_encoder_layers=1
models.architecture.n_decoder_layers=1
seed=3    avg_loss: 0.000002397786  time_per_window : 0.000233   progress : 0.131
name: models.architecture.block_type=attention
training.mode=rollout
models.out_dim=10
models.architecture.n_encoder_layers=1
models.architecture.n_decoder_layers=1
seed=3    avg_loss: 0.000002161603  time_per_window : 0.000216   progress : 0.142
name: models.architecture.block_type=attention
training.mode=rollout
models.out_dim=10
models.architecture.n_encoder_layers=1
models.architecture.n_decoder_layers=1
seed=3    avg_loss: 0.000001856521  time_per_window : 0.000226   progress : 0.153
name: models.architecture.block_type=attention
training.mode=rollout
models.out_dim=10
models.architecture.n_encoder_layers=1
models.architecture.n_decoder_layers=1
seed=3    avg_loss: 0.000001788995  time_per_window : 0.000232   progress : 0.164
name: models.architecture.block_type=attention
training.mode=rollout
models.out_dim=10
models.architecture.n_encoder_layers=1
models.architecture.n_decoder_layers=1
seed=3    avg_loss: 0.000001629468  time_per_window : 0.000215   progress : 0.175
name: models.architecture.block_type=attention
training.mode=rollout
models.out_dim=10
models.architecture.n_encoder_layers=1
models.architecture.n_decoder_layers=1
seed=3    avg_loss: 0.000001443829  time_per_window : 0.000225   progress : 0.186
name: models.architecture.block_type=attention
training.mode=rollout
models.out_dim=10
models.architecture.n_encoder_layers=1
models.architecture.n_decoder_layers=1
seed=3    avg_loss: 0.000001420761  time_per_window : 0.000219   progress : 0.197
name: models.architecture.block_type=attention
training.mode=rollout
models.out_dim=10
models.architecture.n_encoder_layers=1
models.architecture.n_decoder_layers=1
seed=3    avg_loss: 0.000001304743  time_per_window : 0.000243   progress : 0.208
name: models.architecture.block_type=attention
training.mode=rollout
models.out_dim=10
models.architecture.n_encoder_layers=1
models.architecture.n_decoder_layers=1
seed=3    avg_loss: 0.000001365251  time_per_window : 0.000230   progress : 0.218
name: models.architecture.block_type=attention
training.mode=rollout
models.out_dim=10
models.architecture.n_encoder_layers=1
models.architecture.n_decoder_layers=1
seed=3    avg_loss: 0.000001614946  time_per_window : 0.000209   progress : 0.229
name: models.architecture.block_type=attention
training.mode=rollout
models.out_dim=10
models.architecture.n_encoder_layers=1
models.architecture.n_decoder_layers=1
seed=3    avg_loss: 0.000002672322  time_per_window : 0.000207   progress : 0.240
name: models.architecture.block_type=attention
training.mode=rollout
models.out_dim=10
models.architecture.n_encoder_layers=1
models.architecture.n_decoder_layers=1
seed=3    avg_loss: 0.000005156068  time_per_window : 0.000233   progress : 0.251
name: models.architecture.block_type=attention
training.mode=rollout
models.out_dim=10
models.architecture.n_encoder_layers=1
models.architecture.n_decoder_layers=1
seed=3    avg_loss: 0.000003638893  time_per_window : 0.000213   progress : 0.262
name: models.architecture.block_type=attention
training.mode=rollout
models.out_dim=10
models.architecture.n_encoder_layers=1
models.architecture.n_decoder_layers=1
seed=3    avg_loss: 0.000005142189  time_per_window : 0.000207   progress : 0.273
name: models.architecture.block_type=attention
training.mode=rollout
models.out_dim=10
models.architecture.n_encoder_layers=1
models.architecture.n_decoder_layers=1
seed=3    avg_loss: 0.000005273935  time_per_window : 0.000237   progress : 0.284
name: models.architecture.block_type=attention
training.mode=rollout
models.out_dim=10
models.architecture.n_encoder_layers=1
models.architecture.n_decoder_layers=1
seed=3    avg_loss: 0.000007877220  time_per_window : 0.000198   progress : 0.295
name: models.architecture.block_type=attention
training.mode=rollout
models.out_dim=10
models.architecture.n_encoder_layers=1
models.architecture.n_decoder_layers=1
seed=3    avg_loss: 0.000009276323  time_per_window : 0.000233   progress : 0.306
name: models.architecture.block_type=attention
training.mode=rollout
models.out_dim=10
models.architecture.n_encoder_layers=1
models.architecture.n_decoder_layers=1
seed=3    avg_loss: 0.000006377284  time_per_window : 0.000227   progress : 0.317
name: models.architecture.block_type=attention
training.mode=rollout
models.out_dim=10
models.architecture.n_encoder_layers=1
models.architecture.n_decoder_layers=1
seed=3    avg_loss: 0.000006883440  time_per_window : 0.000239   progress : 0.328
name: models.architecture.block_type=attention
training.mode=rollout
models.out_dim=10
models.architecture.n_encoder_layers=1
models.architecture.n_decoder_layers=1
seed=3    avg_loss: 0.000008058876  time_per_window : 0.000219   progress : 0.339
name: models.architecture.block_type=attention
training.mode=rollout
models.out_dim=10
models.architecture.n_encoder_layers=1
models.architecture.n_decoder_layers=1
seed=3    avg_loss: 0.000008592808  time_per_window : 0.000232   progress : 0.350
name: models.architecture.block_type=attention
training.mode=rollout
models.out_dim=10
models.architecture.n_encoder_layers=1
models.architecture.n_decoder_layers=1
seed=3    avg_loss: 0.000008128359  time_per_window : 0.000223   progress : 0.360
name: models.architecture.block_type=attention
training.mode=rollout
models.out_dim=10
models.architecture.n_encoder_layers=1
models.architecture.n_decoder_layers=1
seed=3    avg_loss: 0.000009023143  time_per_window : 0.000220   progress : 0.371
name: models.architecture.block_type=attention
training.mode=rollout
models.out_dim=10
models.architecture.n_encoder_layers=1
models.architecture.n_decoder_layers=1
seed=1    avg_loss: 0.000009303628  time_per_window : 0.000210   progress : 0.382
name: models.architecture.block_type=attention
training.mode=rollout
models.out_dim=10
models.architecture.n_encoder_layers=1
models.architecture.n_decoder_layers=1
seed=1    avg_loss: 0.000008511978  time_per_window : 0.000232   progress : 0.393
name: models.architecture.block_type=attention
training.mode=rollout
models.out_dim=10
models.architecture.n_encoder_layers=1
models.architecture.n_decoder_layers=1
seed=1    avg_loss: 0.000008438574  time_per_window : 0.000229   progress : 0.404
name: models.architecture.block_type=attention
training.mode=rollout
models.out_dim=10
models.architecture.n_encoder_layers=1
models.architecture.n_decoder_layers=1
seed=1    avg_loss: 0.000007847718  time_per_window : 0.000208   progress : 0.415
name: models.architecture.block_type=attention
training.mode=rollout
models.out_dim=10
models.architecture.n_encoder_layers=1
models.architecture.n_decoder_layers=1
seed=1    avg_loss: 0.000007690473  time_per_window : 0.000242   progress : 0.426
name: models.architecture.block_type=attention
training.mode=rollout
models.out_dim=10
models.architecture.n_encoder_layers=1
models.architecture.n_decoder_layers=1
seed=1    avg_loss: 0.000008543456  time_per_window : 0.000251   progress : 0.437
name: models.architecture.block_type=attention
training.mode=rollout
models.out_dim=10
models.architecture.n_encoder_layers=1
models.architecture.n_decoder_layers=1
seed=1    avg_loss: 0.000006736454  time_per_window : 0.000224   progress : 0.448
name: models.architecture.block_type=attention
training.mode=rollout
models.out_dim=10
models.architecture.n_encoder_layers=1
models.architecture.n_decoder_layers=1
seed=1    avg_loss: 0.000008685424  time_per_window : 0.000200   progress : 0.459
name: models.architecture.block_type=attention
training.mode=rollout
models.out_dim=10
models.architecture.n_encoder_layers=1
models.architecture.n_decoder_layers=1
seed=1    avg_loss: 0.000006177804  time_per_window : 0.000222   progress : 0.470
name: models.architecture.block_type=attention
training.mode=rollout
models.out_dim=10
models.architecture.n_encoder_layers=1
models.architecture.n_decoder_layers=1
seed=1    avg_loss: 0.000007560197  time_per_window : 0.000250   progress : 0.481
name: models.architecture.block_type=attention
training.mode=rollout
models.out_dim=10
models.architecture.n_encoder_layers=1
models.architecture.n_decoder_layers=1
seed=1    avg_loss: 0.000006268891  time_per_window : 0.000222   progress : 0.492
name: models.architecture.block_type=attention
training.mode=rollout
models.out_dim=10
models.architecture.n_encoder_layers=1
models.architecture.n_decoder_layers=1
seed=1    avg_loss: 0.000008301588  time_per_window : 0.000220   progress : 0.502
name: models.architecture.block_type=attention
training.mode=rollout
models.out_dim=10
models.architecture.n_encoder_layers=1
models.architecture.n_decoder_layers=1
seed=1    avg_loss: 0.000004827782  time_per_window : 0.000215   progress : 0.513
name: models.architecture.block_type=attention
training.mode=rollout
models.out_dim=10
models.architecture.n_encoder_layers=1
models.architecture.n_decoder_layers=1
seed=1    avg_loss: 0.000008907657  time_per_window : 0.000232   progress : 0.524
name: models.architecture.block_type=attention
training.mode=rollout
models.out_dim=10
models.architecture.n_encoder_layers=1
models.architecture.n_decoder_layers=1
seed=1    avg_loss: 0.000005957339  time_per_window : 0.000253   progress : 0.535
name: models.architecture.block_type=attention
training.mode=rollout
models.out_dim=10
models.architecture.n_encoder_layers=1
models.architecture.n_decoder_layers=1
seed=1    avg_loss: 0.000007028256  time_per_window : 0.000206   progress : 0.546
name: models.architecture.block_type=attention
training.mode=rollout
models.out_dim=10
models.architecture.n_encoder_layers=1
models.architecture.n_decoder_layers=1
seed=1    avg_loss: 0.000006201539  time_per_window : 0.000246   progress : 0.557
name: models.architecture.block_type=attention
training.mode=rollout
models.out_dim=10
models.architecture.n_encoder_layers=1
models.architecture.n_decoder_layers=1
seed=1    avg_loss: 0.000006626120  time_per_window : 0.000241   progress : 0.568
name: models.architecture.block_type=attention
training.mode=rollout
models.out_dim=10
models.architecture.n_encoder_layers=1
models.architecture.n_decoder_layers=1
seed=1    avg_loss: 0.000005063064  time_per_window : 0.000196   progress : 0.579
name: models.architecture.block_type=attention
training.mode=rollout
models.out_dim=10
models.architecture.n_encoder_layers=1
models.architecture.n_decoder_layers=1
seed=1    avg_loss: 0.000006963950  time_per_window : 0.000229   progress : 0.590
name: models.architecture.block_type=attention
training.mode=rollout
models.out_dim=10
models.architecture.n_encoder_layers=1
models.architecture.n_decoder_layers=1
seed=1    avg_loss: 0.000005661408  time_per_window : 0.000215   progress : 0.601
name: models.architecture.block_type=attention
training.mode=rollout
models.out_dim=10
models.architecture.n_encoder_layers=1
models.architecture.n_decoder_layers=1
seed=1    avg_loss: 0.000005412239  time_per_window : 0.000225   progress : 0.612
name: models.architecture.block_type=attention
training.mode=rollout
models.out_dim=10
models.architecture.n_encoder_layers=1
models.architecture.n_decoder_layers=1
seed=1    avg_loss: 0.000005057231  time_per_window : 0.000214   progress : 0.623
name: models.architecture.block_type=attention
training.mode=rollout
models.out_dim=10
models.architecture.n_encoder_layers=1
models.architecture.n_decoder_layers=1
seed=1    avg_loss: 0.000006342667  time_per_window : 0.000226   progress : 0.634
name: models.architecture.block_type=attention
training.mode=rollout
models.out_dim=10
models.architecture.n_encoder_layers=1
models.architecture.n_decoder_layers=1
seed=1    avg_loss: 0.000005504003  time_per_window : 0.000217   progress : 0.644
name: models.architecture.block_type=attention
training.mode=rollout
models.out_dim=10
models.architecture.n_encoder_layers=1
models.architecture.n_decoder_layers=1
seed=1    avg_loss: 0.000005194250  time_per_window : 0.000213   progress : 0.655
name: models.architecture.block_type=attention
training.mode=rollout
models.out_dim=10
models.architecture.n_encoder_layers=1
models.architecture.n_decoder_layers=1
seed=1    avg_loss: 0.000006403217  time_per_window : 0.000220   progress : 0.666
name: models.architecture.block_type=attention
training.mode=rollout
models.out_dim=10
models.architecture.n_encoder_layers=1
models.architecture.n_decoder_layers=1
seed=1    avg_loss: 0.000004420214  time_per_window : 0.000216   progress : 0.677
name: models.architecture.block_type=attention
training.mode=rollout
models.out_dim=10
models.architecture.n_encoder_layers=1
models.architecture.n_decoder_layers=1
seed=1    avg_loss: 0.000005046710  time_per_window : 0.000236   progress : 0.688
name: models.architecture.block_type=attention
training.mode=rollout
models.out_dim=10
models.architecture.n_encoder_layers=1
models.architecture.n_decoder_layers=1
seed=1    avg_loss: 0.000004243674  time_per_window : 0.000233   progress : 0.699
name: models.architecture.block_type=attention
training.mode=rollout
models.out_dim=10
models.architecture.n_encoder_layers=1
models.architecture.n_decoder_layers=1
seed=1    avg_loss: 0.000006450576  time_per_window : 0.000212   progress : 0.710
name: models.architecture.block_type=attention
training.mode=rollout
models.out_dim=10
models.architecture.n_encoder_layers=1
models.architecture.n_decoder_layers=1
seed=1    avg_loss: 0.000003607106  time_per_window : 0.000218   progress : 0.721
name: models.architecture.block_type=attention
training.mode=rollout
models.out_dim=10
models.architecture.n_encoder_layers=1
models.architecture.n_decoder_layers=1
seed=1    avg_loss: 0.000004850710  time_per_window : 0.000219   progress : 0.732
name: models.architecture.block_type=attention
training.mode=rollout
models.out_dim=10
models.architecture.n_encoder_layers=1
models.architecture.n_decoder_layers=1
seed=1    avg_loss: 0.000003820228  time_per_window : 0.000204   progress : 0.743
name: models.architecture.block_type=attention
training.mode=rollout
models.out_dim=10
models.architecture.n_encoder_layers=1
models.architecture.n_decoder_layers=1
seed=4    avg_loss: 0.000006074979  time_per_window : 0.000249   progress : 0.382
name: models.architecture.block_type=attention
training.mode=rollout
models.out_dim=10
models.architecture.n_encoder_layers=1
models.architecture.n_decoder_layers=1
seed=4    avg_loss: 0.000006349589  time_per_window : 0.000210   progress : 0.393
name: models.architecture.block_type=attention
training.mode=rollout
models.out_dim=10
models.architecture.n_encoder_layers=1
models.architecture.n_decoder_layers=1
seed=4    avg_loss: 0.000009112253  time_per_window : 0.000204   progress : 0.404
name: models.architecture.block_type=attention
training.mode=rollout
models.out_dim=10
models.architecture.n_encoder_layers=1
models.architecture.n_decoder_layers=1
seed=4    avg_loss: 0.000008377239  time_per_window : 0.000218   progress : 0.415
name: models.architecture.block_type=attention
training.mode=rollout
models.out_dim=10
models.architecture.n_encoder_layers=1
models.architecture.n_decoder_layers=1
seed=4    avg_loss: 0.000005564862  time_per_window : 0.000192   progress : 0.426
name: models.architecture.block_type=attention
training.mode=rollout
models.out_dim=10
models.architecture.n_encoder_layers=1
models.architecture.n_decoder_layers=1
seed=4    avg_loss: 0.000007104746  time_per_window : 0.000239   progress : 0.437
name: models.architecture.block_type=attention
training.mode=rollout
models.out_dim=10
models.architecture.n_encoder_layers=1
models.architecture.n_decoder_layers=1
seed=4    avg_loss: 0.000006873132  time_per_window : 0.000211   progress : 0.448
name: models.architecture.block_type=attention
training.mode=rollout
models.out_dim=10
models.architecture.n_encoder_layers=1
models.architecture.n_decoder_layers=1
seed=4    avg_loss: 0.000006996698  time_per_window : 0.000207   progress : 0.459
name: models.architecture.block_type=attention
training.mode=rollout
models.out_dim=10
models.architecture.n_encoder_layers=1
models.architecture.n_decoder_layers=1
seed=4    avg_loss: 0.000007754642  time_per_window : 0.000215   progress : 0.470
name: models.architecture.block_type=attention
training.mode=rollout
models.out_dim=10
models.architecture.n_encoder_layers=1
models.architecture.n_decoder_layers=1
seed=4    avg_loss: 0.000005200655  time_per_window : 0.000204   progress : 0.481
name: models.architecture.block_type=attention
training.mode=rollout
models.out_dim=10
models.architecture.n_encoder_layers=1
models.architecture.n_decoder_layers=1
seed=4    avg_loss: 0.000007241088  time_per_window : 0.000218   progress : 0.492
name: models.architecture.block_type=attention
training.mode=rollout
models.out_dim=10
models.architecture.n_encoder_layers=1
models.architecture.n_decoder_layers=1
seed=4    avg_loss: 0.000006926635  time_per_window : 0.000235   progress : 0.502
name: models.architecture.block_type=attention
training.mode=rollout
models.out_dim=10
models.architecture.n_encoder_layers=1
models.architecture.n_decoder_layers=1
seed=4    avg_loss: 0.000004554161  time_per_window : 0.000197   progress : 0.513
name: models.architecture.block_type=attention
training.mode=rollout
models.out_dim=10
models.architecture.n_encoder_layers=1
models.architecture.n_decoder_layers=1
seed=4    avg_loss: 0.000006689123  time_per_window : 0.000187   progress : 0.524
name: models.architecture.block_type=attention
training.mode=rollout
models.out_dim=10
models.architecture.n_encoder_layers=1
models.architecture.n_decoder_layers=1
seed=4    avg_loss: 0.000007190699  time_per_window : 0.000229   progress : 0.535
name: models.architecture.block_type=attention
training.mode=rollout
models.out_dim=10
models.architecture.n_encoder_layers=1
models.architecture.n_decoder_layers=1
seed=4    avg_loss: 0.000005241209  time_per_window : 0.000219   progress : 0.546
name: models.architecture.block_type=attention
training.mode=rollout
models.out_dim=10
models.architecture.n_encoder_layers=1
models.architecture.n_decoder_layers=1
seed=4    avg_loss: 0.000006378341  time_per_window : 0.000219   progress : 0.557
name: models.architecture.block_type=attention
training.mode=rollout
models.out_dim=10
models.architecture.n_encoder_layers=1
models.architecture.n_decoder_layers=1
seed=4    avg_loss: 0.000004856042  time_per_window : 0.000215   progress : 0.568
name: models.architecture.block_type=attention
training.mode=rollout
models.out_dim=10
models.architecture.n_encoder_layers=1
models.architecture.n_decoder_layers=1
seed=4    avg_loss: 0.000005994922  time_per_window : 0.000224   progress : 0.579
name: models.architecture.block_type=attention
training.mode=rollout
models.out_dim=10
models.architecture.n_encoder_layers=1
models.architecture.n_decoder_layers=1
seed=4    avg_loss: 0.000005554807  time_per_window : 0.000212   progress : 0.590
name: models.architecture.block_type=attention
training.mode=rollout
models.out_dim=10
models.architecture.n_encoder_layers=1
models.architecture.n_decoder_layers=1
seed=4    avg_loss: 0.000006323385  time_per_window : 0.000215   progress : 0.601
name: models.architecture.block_type=attention
training.mode=rollout
models.out_dim=10
models.architecture.n_encoder_layers=1
models.architecture.n_decoder_layers=1
seed=4    avg_loss: 0.000004960554  time_per_window : 0.000208   progress : 0.612
name: models.architecture.block_type=attention
training.mode=rollout
models.out_dim=10
models.architecture.n_encoder_layers=1
models.architecture.n_decoder_layers=1
seed=4    avg_loss: 0.000004367681  time_per_window : 0.000217   progress : 0.623
name: models.architecture.block_type=attention
training.mode=rollout
models.out_dim=10
models.architecture.n_encoder_layers=1
models.architecture.n_decoder_layers=1
seed=4    avg_loss: 0.000005755635  time_per_window : 0.000225   progress : 0.634
name: models.architecture.block_type=attention
training.mode=rollout
models.out_dim=10
models.architecture.n_encoder_layers=1
models.architecture.n_decoder_layers=1
seed=4    avg_loss: 0.000005187398  time_per_window : 0.000228   progress : 0.644
name: models.architecture.block_type=attention
training.mode=rollout
models.out_dim=10
models.architecture.n_encoder_layers=1
models.architecture.n_decoder_layers=1
seed=4    avg_loss: 0.000004729218  time_per_window : 0.000246   progress : 0.655
name: models.architecture.block_type=attention
training.mode=rollout
models.out_dim=10
models.architecture.n_encoder_layers=1
models.architecture.n_decoder_layers=1
seed=4    avg_loss: 0.000005299728  time_per_window : 0.000210   progress : 0.666
name: models.architecture.block_type=attention
training.mode=rollout
models.out_dim=10
models.architecture.n_encoder_layers=1
models.architecture.n_decoder_layers=1
seed=4    avg_loss: 0.000004972028  time_per_window : 0.000227   progress : 0.677
name: models.architecture.block_type=attention
training.mode=rollout
models.out_dim=10
models.architecture.n_encoder_layers=1
models.architecture.n_decoder_layers=1
seed=4    avg_loss: 0.000004032688  time_per_window : 0.000231   progress : 0.688
name: models.architecture.block_type=attention
training.mode=rollout
models.out_dim=10
models.architecture.n_encoder_layers=1
models.architecture.n_decoder_layers=1
seed=4    avg_loss: 0.000005104582  time_per_window : 0.000198   progress : 0.699
name: models.architecture.block_type=attention
training.mode=rollout
models.out_dim=10
models.architecture.n_encoder_layers=1
models.architecture.n_decoder_layers=1
seed=4    avg_loss: 0.000003637046  time_per_window : 0.000250   progress : 0.710
name: models.architecture.block_type=attention
training.mode=rollout
models.out_dim=10
models.architecture.n_encoder_layers=1
models.architecture.n_decoder_layers=1
seed=4    avg_loss: 0.000005248605  time_per_window : 0.000236   progress : 0.721
name: models.architecture.block_type=attention
training.mode=rollout
models.out_dim=10
models.architecture.n_encoder_layers=1
models.architecture.n_decoder_layers=1
seed=4    avg_loss: 0.000003964157  time_per_window : 0.000217   progress : 0.732
name: models.architecture.block_type=attention
training.mode=rollout
models.out_dim=10
models.architecture.n_encoder_layers=1
models.architecture.n_decoder_layers=1
seed=4    avg_loss: 0.000004339920  time_per_window : 0.000223   progress : 0.743
name: models.architecture.block_type=attention
training.mode=rollout
models.out_dim=10
models.architecture.n_encoder_layers=1
models.architecture.n_decoder_layers=1
seed=2    avg_loss: 0.000007255488  time_per_window : 0.000224   progress : 0.382
name: models.architecture.block_type=attention
training.mode=rollout
models.out_dim=10
models.architecture.n_encoder_layers=1
models.architecture.n_decoder_layers=1
seed=2    avg_loss: 0.000008792193  time_per_window : 0.000233   progress : 0.393
name: models.architecture.block_type=attention
training.mode=rollout
models.out_dim=10
models.architecture.n_encoder_layers=1
models.architecture.n_decoder_layers=1
seed=2    avg_loss: 0.000007690878  time_per_window : 0.000226   progress : 0.404
name: models.architecture.block_type=attention
training.mode=rollout
models.out_dim=10
models.architecture.n_encoder_layers=1
models.architecture.n_decoder_layers=1
seed=2    avg_loss: 0.000006257056  time_per_window : 0.000219   progress : 0.415
name: models.architecture.block_type=attention
training.mode=rollout
models.out_dim=10
models.architecture.n_encoder_layers=1
models.architecture.n_decoder_layers=1
seed=2    avg_loss: 0.000007258745  time_per_window : 0.000228   progress : 0.426
name: models.architecture.block_type=attention
training.mode=rollout
models.out_dim=10
models.architecture.n_encoder_layers=1
models.architecture.n_decoder_layers=1
seed=2    avg_loss: 0.000005424686  time_per_window : 0.000231   progress : 0.437
name: models.architecture.block_type=attention
training.mode=rollout
models.out_dim=10
models.architecture.n_encoder_layers=1
models.architecture.n_decoder_layers=1
seed=2    avg_loss: 0.000007054219  time_per_window : 0.000221   progress : 0.448
name: models.architecture.block_type=attention
training.mode=rollout
models.out_dim=10
models.architecture.n_encoder_layers=1
models.architecture.n_decoder_layers=1
seed=2    avg_loss: 0.000007571051  time_per_window : 0.000223   progress : 0.459
name: models.architecture.block_type=attention
training.mode=rollout
models.out_dim=10
models.architecture.n_encoder_layers=1
models.architecture.n_decoder_layers=1
seed=2    avg_loss: 0.000006175719  time_per_window : 0.000222   progress : 0.470
name: models.architecture.block_type=attention
training.mode=rollout
models.out_dim=10
models.architecture.n_encoder_layers=1
models.architecture.n_decoder_layers=1
seed=2    avg_loss: 0.000007465298  time_per_window : 0.000223   progress : 0.481
name: models.architecture.block_type=attention
training.mode=rollout
models.out_dim=10
models.architecture.n_encoder_layers=1
models.architecture.n_decoder_layers=1
seed=2    avg_loss: 0.000004981970  time_per_window : 0.000210   progress : 0.492
name: models.architecture.block_type=attention
training.mode=rollout
models.out_dim=10
models.architecture.n_encoder_layers=1
models.architecture.n_decoder_layers=1
seed=2    avg_loss: 0.000007438111  time_per_window : 0.000231   progress : 0.502
name: models.architecture.block_type=attention
training.mode=rollout
models.out_dim=10
models.architecture.n_encoder_layers=1
models.architecture.n_decoder_layers=1
seed=2    avg_loss: 0.000005686368  time_per_window : 0.000223   progress : 0.513
name: models.architecture.block_type=attention
training.mode=rollout
models.out_dim=10
models.architecture.n_encoder_layers=1
models.architecture.n_decoder_layers=1
seed=2    avg_loss: 0.000005883709  time_per_window : 0.000225   progress : 0.524
name: models.architecture.block_type=attention
training.mode=rollout
models.out_dim=10
models.architecture.n_encoder_layers=1
models.architecture.n_decoder_layers=1
seed=2    avg_loss: 0.000006798356  time_per_window : 0.000240   progress : 0.535
name: models.architecture.block_type=attention
training.mode=rollout
models.out_dim=10
models.architecture.n_encoder_layers=1
models.architecture.n_decoder_layers=1
seed=2    avg_loss: 0.000006040932  time_per_window : 0.000226   progress : 0.546
name: models.architecture.block_type=attention
training.mode=rollout
models.out_dim=10
models.architecture.n_encoder_layers=1
models.architecture.n_decoder_layers=1
seed=2    avg_loss: 0.000004448896  time_per_window : 0.000216   progress : 0.557
name: models.architecture.block_type=attention
training.mode=rollout
models.out_dim=10
models.architecture.n_encoder_layers=1
models.architecture.n_decoder_layers=1
seed=2    avg_loss: 0.000006784991  time_per_window : 0.000237   progress : 0.568
name: models.architecture.block_type=attention
training.mode=rollout
models.out_dim=10
models.architecture.n_encoder_layers=1
models.architecture.n_decoder_layers=1
seed=2    avg_loss: 0.000004713164  time_per_window : 0.000219   progress : 0.579
name: models.architecture.block_type=attention
training.mode=rollout
models.out_dim=10
models.architecture.n_encoder_layers=1
models.architecture.n_decoder_layers=1
seed=2    avg_loss: 0.000005697996  time_per_window : 0.000204   progress : 0.590
name: models.architecture.block_type=attention
training.mode=rollout
models.out_dim=10
models.architecture.n_encoder_layers=1
models.architecture.n_decoder_layers=1
seed=2    avg_loss: 0.000004961011  time_per_window : 0.000199   progress : 0.601
name: models.architecture.block_type=attention
training.mode=rollout
models.out_dim=10
models.architecture.n_encoder_layers=1
models.architecture.n_decoder_layers=1
seed=2    avg_loss: 0.000005059492  time_per_window : 0.000233   progress : 0.612
name: models.architecture.block_type=attention
training.mode=rollout
models.out_dim=10
models.architecture.n_encoder_layers=1
models.architecture.n_decoder_layers=1
seed=2    avg_loss: 0.000004568490  time_per_window : 0.000201   progress : 0.623
name: models.architecture.block_type=attention
training.mode=rollout
models.out_dim=10
models.architecture.n_encoder_layers=1
models.architecture.n_decoder_layers=1
seed=2    avg_loss: 0.000005952258  time_per_window : 0.000227   progress : 0.634
name: models.architecture.block_type=attention
training.mode=rollout
models.out_dim=10
models.architecture.n_encoder_layers=1
models.architecture.n_decoder_layers=1
seed=2    avg_loss: 0.000005201145  time_per_window : 0.000193   progress : 0.644
name: models.architecture.block_type=attention
training.mode=rollout
models.out_dim=10
models.architecture.n_encoder_layers=1
models.architecture.n_decoder_layers=1
seed=2    avg_loss: 0.000004582559  time_per_window : 0.000227   progress : 0.655
name: models.architecture.block_type=attention
training.mode=rollout
models.out_dim=10
models.architecture.n_encoder_layers=1
models.architecture.n_decoder_layers=1
seed=2    avg_loss: 0.000005199209  time_per_window : 0.000234   progress : 0.666
name: models.architecture.block_type=attention
training.mode=rollout
models.out_dim=10
models.architecture.n_encoder_layers=1
models.architecture.n_decoder_layers=1
seed=2    avg_loss: 0.000004608291  time_per_window : 0.000224   progress : 0.677
name: models.architecture.block_type=attention
training.mode=rollout
models.out_dim=10
models.architecture.n_encoder_layers=1
models.architecture.n_decoder_layers=1
seed=2    avg_loss: 0.000003586717  time_per_window : 0.000208   progress : 0.688
name: models.architecture.block_type=attention
training.mode=rollout
models.out_dim=10
models.architecture.n_encoder_layers=1
models.architecture.n_decoder_layers=1
seed=2    avg_loss: 0.000005497477  time_per_window : 0.000225   progress : 0.699
name: models.architecture.block_type=attention
training.mode=rollout
models.out_dim=10
models.architecture.n_encoder_layers=1
models.architecture.n_decoder_layers=1
seed=2    avg_loss: 0.000004633919  time_per_window : 0.000232   progress : 0.710
name: models.architecture.block_type=attention
training.mode=rollout
models.out_dim=10
models.architecture.n_encoder_layers=1
models.architecture.n_decoder_layers=1
seed=2    avg_loss: 0.000003096638  time_per_window : 0.000228   progress : 0.721
name: models.architecture.block_type=attention
training.mode=rollout
models.out_dim=10
models.architecture.n_encoder_layers=1
models.architecture.n_decoder_layers=1
seed=2    avg_loss: 0.000004363162  time_per_window : 0.000264   progress : 0.732
name: models.architecture.block_type=attention
training.mode=rollout
models.out_dim=10
models.architecture.n_encoder_layers=1
models.architecture.n_decoder_layers=1
seed=2    avg_loss: 0.000004033758  time_per_window : 0.000217   progress : 0.743
name: models.architecture.block_type=attention
training.mode=rollout
models.out_dim=10
models.architecture.n_encoder_layers=1
models.architecture.n_decoder_layers=1
seed=0    avg_loss: 0.000007232128  time_per_window : 0.000260   progress : 0.382
name: models.architecture.block_type=attention
training.mode=rollout
models.out_dim=10
models.architecture.n_encoder_layers=1
models.architecture.n_decoder_layers=1
seed=0    avg_loss: 0.000008735679  time_per_window : 0.000219   progress : 0.393
name: models.architecture.block_type=attention
training.mode=rollout
models.out_dim=10
models.architecture.n_encoder_layers=1
models.architecture.n_decoder_layers=1
seed=0    avg_loss: 0.000006096991  time_per_window : 0.000206   progress : 0.404
name: models.architecture.block_type=attention
training.mode=rollout
models.out_dim=10
models.architecture.n_encoder_layers=1
models.architecture.n_decoder_layers=1
seed=0    avg_loss: 0.000008263815  time_per_window : 0.000218   progress : 0.415
name: models.architecture.block_type=attention
training.mode=rollout
models.out_dim=10
models.architecture.n_encoder_layers=1
models.architecture.n_decoder_layers=1
seed=0    avg_loss: 0.000007585859  time_per_window : 0.000215   progress : 0.426
name: models.architecture.block_type=attention
training.mode=rollout
models.out_dim=10
models.architecture.n_encoder_layers=1
models.architecture.n_decoder_layers=1
seed=0    avg_loss: 0.000006020952  time_per_window : 0.000205   progress : 0.437
name: models.architecture.block_type=attention
training.mode=rollout
models.out_dim=10
models.architecture.n_encoder_layers=1
models.architecture.n_decoder_layers=1
seed=0    avg_loss: 0.000006500804  time_per_window : 0.000220   progress : 0.448
name: models.architecture.block_type=attention
training.mode=rollout
models.out_dim=10
models.architecture.n_encoder_layers=1
models.architecture.n_decoder_layers=1
seed=0    avg_loss: 0.000006299796  time_per_window : 0.000217   progress : 0.459
name: models.architecture.block_type=attention
training.mode=rollout
models.out_dim=10
models.architecture.n_encoder_layers=1
models.architecture.n_decoder_layers=1
seed=0    avg_loss: 0.000008313870  time_per_window : 0.000238   progress : 0.470
name: models.architecture.block_type=attention
training.mode=rollout
models.out_dim=10
models.architecture.n_encoder_layers=1
models.architecture.n_decoder_layers=1
seed=0    avg_loss: 0.000006586517  time_per_window : 0.000250   progress : 0.481
name: models.architecture.block_type=attention
training.mode=rollout
models.out_dim=10
models.architecture.n_encoder_layers=1
models.architecture.n_decoder_layers=1
seed=0    avg_loss: 0.000006637562  time_per_window : 0.000213   progress : 0.492
name: models.architecture.block_type=attention
training.mode=rollout
models.out_dim=10
models.architecture.n_encoder_layers=1
models.architecture.n_decoder_layers=1
seed=0    avg_loss: 0.000005700264  time_per_window : 0.000231   progress : 0.502
name: models.architecture.block_type=attention
training.mode=rollout
models.out_dim=10
models.architecture.n_encoder_layers=1
models.architecture.n_decoder_layers=1
seed=0    avg_loss: 0.000007285882  time_per_window : 0.000236   progress : 0.513
name: models.architecture.block_type=attention
training.mode=rollout
models.out_dim=10
models.architecture.n_encoder_layers=1
models.architecture.n_decoder_layers=1
seed=0    avg_loss: 0.000005865601  time_per_window : 0.000228   progress : 0.524
name: models.architecture.block_type=attention
training.mode=rollout
models.out_dim=10
models.architecture.n_encoder_layers=1
models.architecture.n_decoder_layers=1
seed=0    avg_loss: 0.000007213170  time_per_window : 0.000217   progress : 0.535
name: models.architecture.block_type=attention
training.mode=rollout
models.out_dim=10
models.architecture.n_encoder_layers=1
models.architecture.n_decoder_layers=1
seed=0    avg_loss: 0.000004651109  time_per_window : 0.000228   progress : 0.546
name: models.architecture.block_type=attention
training.mode=rollout
models.out_dim=10
models.architecture.n_encoder_layers=1
models.architecture.n_decoder_layers=1
seed=0    avg_loss: 0.000007394271  time_per_window : 0.000242   progress : 0.557
name: models.architecture.block_type=attention
training.mode=rollout
models.out_dim=10
models.architecture.n_encoder_layers=1
models.architecture.n_decoder_layers=1
seed=0    avg_loss: 0.000005071440  time_per_window : 0.000221   progress : 0.568
name: models.architecture.block_type=attention
training.mode=rollout
models.out_dim=10
models.architecture.n_encoder_layers=1
models.architecture.n_decoder_layers=1
seed=0    avg_loss: 0.000006521192  time_per_window : 0.000223   progress : 0.579
name: models.architecture.block_type=attention
training.mode=rollout
models.out_dim=10
models.architecture.n_encoder_layers=1
models.architecture.n_decoder_layers=1
seed=0    avg_loss: 0.000005216965  time_per_window : 0.000221   progress : 0.590
name: models.architecture.block_type=attention
training.mode=rollout
models.out_dim=10
models.architecture.n_encoder_layers=1
models.architecture.n_decoder_layers=1
seed=0    avg_loss: 0.000005755589  time_per_window : 0.000243   progress : 0.601
name: models.architecture.block_type=attention
training.mode=rollout
models.out_dim=10
models.architecture.n_encoder_layers=1
models.architecture.n_decoder_layers=1
seed=0    avg_loss: 0.000005821877  time_per_window : 0.000216   progress : 0.612
name: models.architecture.block_type=attention
training.mode=rollout
models.out_dim=10
models.architecture.n_encoder_layers=1
models.architecture.n_decoder_layers=1
seed=0    avg_loss: 0.000006193930  time_per_window : 0.000205   progress : 0.623
name: models.architecture.block_type=attention
training.mode=rollout
models.out_dim=10
models.architecture.n_encoder_layers=1
models.architecture.n_decoder_layers=1
seed=0    avg_loss: 0.000005036396  time_per_window : 0.000244   progress : 0.634
name: models.architecture.block_type=attention
training.mode=rollout
models.out_dim=10
models.architecture.n_encoder_layers=1
models.architecture.n_decoder_layers=1
seed=0    avg_loss: 0.000005773466  time_per_window : 0.000233   progress : 0.644
name: models.architecture.block_type=attention
training.mode=rollout
models.out_dim=10
models.architecture.n_encoder_layers=1
models.architecture.n_decoder_layers=1
seed=0    avg_loss: 0.000004706876  time_per_window : 0.000203   progress : 0.655
name: models.architecture.block_type=attention
training.mode=rollout
models.out_dim=10
models.architecture.n_encoder_layers=1
models.architecture.n_decoder_layers=1
seed=0    avg_loss: 0.000004974457  time_per_window : 0.000229   progress : 0.666
name: models.architecture.block_type=attention
training.mode=rollout
models.out_dim=10
models.architecture.n_encoder_layers=1
models.architecture.n_decoder_layers=1
seed=0    avg_loss: 0.000005020040  time_per_window : 0.000214   progress : 0.677
name: models.architecture.block_type=attention
training.mode=rollout
models.out_dim=10
models.architecture.n_encoder_layers=1
models.architecture.n_decoder_layers=1
seed=0    avg_loss: 0.000004761534  time_per_window : 0.000205   progress : 0.688
name: models.architecture.block_type=attention
training.mode=rollout
models.out_dim=10
models.architecture.n_encoder_layers=1
models.architecture.n_decoder_layers=1
seed=0    avg_loss: 0.000004754821  time_per_window : 0.000229   progress : 0.699
name: models.architecture.block_type=attention
training.mode=rollout
models.out_dim=10
models.architecture.n_encoder_layers=1
models.architecture.n_decoder_layers=1
seed=0    avg_loss: 0.000005256281  time_per_window : 0.000231   progress : 0.710
name: models.architecture.block_type=attention
training.mode=rollout
models.out_dim=10
models.architecture.n_encoder_layers=1
models.architecture.n_decoder_layers=1
seed=0    avg_loss: 0.000003993188  time_per_window : 0.000201   progress : 0.721
name: models.architecture.block_type=attention
training.mode=rollout
models.out_dim=10
models.architecture.n_encoder_layers=1
models.architecture.n_decoder_layers=1
seed=0    avg_loss: 0.000004566621  time_per_window : 0.000217   progress : 0.732
name: models.architecture.block_type=attention
training.mode=rollout
models.out_dim=10
models.architecture.n_encoder_layers=1
models.architecture.n_decoder_layers=1
seed=0    avg_loss: 0.000005249859  time_per_window : 0.000223   progress : 0.743
name: models.architecture.block_type=attention
training.mode=rollout
models.out_dim=10
models.architecture.n_encoder_layers=1
models.architecture.n_decoder_layers=1
seed=3    avg_loss: 0.000008301558  time_per_window : 0.000231   progress : 0.382
name: models.architecture.block_type=attention
training.mode=rollout
models.out_dim=10
models.architecture.n_encoder_layers=1
models.architecture.n_decoder_layers=1
seed=3    avg_loss: 0.000006212942  time_per_window : 0.000210   progress : 0.393
name: models.architecture.block_type=attention
training.mode=rollout
models.out_dim=10
models.architecture.n_encoder_layers=1
models.architecture.n_decoder_layers=1
seed=3    avg_loss: 0.000010142985  time_per_window : 0.000211   progress : 0.404
name: models.architecture.block_type=attention
training.mode=rollout
models.out_dim=10
models.architecture.n_encoder_layers=1
models.architecture.n_decoder_layers=1
seed=3    avg_loss: 0.000008116566  time_per_window : 0.000222   progress : 0.415
name: models.architecture.block_type=attention
training.mode=rollout
models.out_dim=10
models.architecture.n_encoder_layers=1
models.architecture.n_decoder_layers=1
seed=3    avg_loss: 0.000006986240  time_per_window : 0.000223   progress : 0.426
name: models.architecture.block_type=attention
training.mode=rollout
models.out_dim=10
models.architecture.n_encoder_layers=1
models.architecture.n_decoder_layers=1
seed=3    avg_loss: 0.000009519285  time_per_window : 0.000225   progress : 0.437
name: models.architecture.block_type=attention
training.mode=rollout
models.out_dim=10
models.architecture.n_encoder_layers=1
models.architecture.n_decoder_layers=1
seed=3    avg_loss: 0.000008915993  time_per_window : 0.000215   progress : 0.448
name: models.architecture.block_type=attention
training.mode=rollout
models.out_dim=10
models.architecture.n_encoder_layers=1
models.architecture.n_decoder_layers=1
seed=3    avg_loss: 0.000006480013  time_per_window : 0.000241   progress : 0.459
name: models.architecture.block_type=attention
training.mode=rollout
models.out_dim=10
models.architecture.n_encoder_layers=1
models.architecture.n_decoder_layers=1
seed=3    avg_loss: 0.000008747896  time_per_window : 0.000231   progress : 0.470
name: models.architecture.block_type=attention
training.mode=rollout
models.out_dim=10
models.architecture.n_encoder_layers=1
models.architecture.n_decoder_layers=1
seed=3    avg_loss: 0.000005933153  time_per_window : 0.000226   progress : 0.481
name: models.architecture.block_type=attention
training.mode=rollout
models.out_dim=10
models.architecture.n_encoder_layers=1
models.architecture.n_decoder_layers=1
seed=3    avg_loss: 0.000007977767  time_per_window : 0.000217   progress : 0.492
name: models.architecture.block_type=attention
training.mode=rollout
models.out_dim=10
models.architecture.n_encoder_layers=1
models.architecture.n_decoder_layers=1
seed=3    avg_loss: 0.000007509307  time_per_window : 0.000218   progress : 0.502
name: models.architecture.block_type=attention
training.mode=rollout
models.out_dim=10
models.architecture.n_encoder_layers=1
models.architecture.n_decoder_layers=1
seed=3    avg_loss: 0.000006639903  time_per_window : 0.000245   progress : 0.513
name: models.architecture.block_type=attention
training.mode=rollout
models.out_dim=10
models.architecture.n_encoder_layers=1
models.architecture.n_decoder_layers=1
seed=3    avg_loss: 0.000007927036  time_per_window : 0.000241   progress : 0.524
name: models.architecture.block_type=attention
training.mode=rollout
models.out_dim=10
models.architecture.n_encoder_layers=1
models.architecture.n_decoder_layers=1
seed=3    avg_loss: 0.000005929021  time_per_window : 0.000199   progress : 0.535
name: models.architecture.block_type=attention
training.mode=rollout
models.out_dim=10
models.architecture.n_encoder_layers=1
models.architecture.n_decoder_layers=1
seed=3    avg_loss: 0.000007601393  time_per_window : 0.000246   progress : 0.546
name: models.architecture.block_type=attention
training.mode=rollout
models.out_dim=10
models.architecture.n_encoder_layers=1
models.architecture.n_decoder_layers=1
seed=3    avg_loss: 0.000006183616  time_per_window : 0.000219   progress : 0.557
name: models.architecture.block_type=attention
training.mode=rollout
models.out_dim=10
models.architecture.n_encoder_layers=1
models.architecture.n_decoder_layers=1
seed=3    avg_loss: 0.000007732575  time_per_window : 0.000211   progress : 0.568
name: models.architecture.block_type=attention
training.mode=rollout
models.out_dim=10
models.architecture.n_encoder_layers=1
models.architecture.n_decoder_layers=1
seed=3    avg_loss: 0.000005636178  time_per_window : 0.000229   progress : 0.579
name: models.architecture.block_type=attention
training.mode=rollout
models.out_dim=10
models.architecture.n_encoder_layers=1
models.architecture.n_decoder_layers=1
seed=3    avg_loss: 0.000007045122  time_per_window : 0.000256   progress : 0.590
name: models.architecture.block_type=attention
training.mode=rollout
models.out_dim=10
models.architecture.n_encoder_layers=1
models.architecture.n_decoder_layers=1
seed=3    avg_loss: 0.000005693765  time_per_window : 0.000238   progress : 0.601
name: models.architecture.block_type=attention
training.mode=rollout
models.out_dim=10
models.architecture.n_encoder_layers=1
models.architecture.n_decoder_layers=1
seed=3    avg_loss: 0.000006080761  time_per_window : 0.000230   progress : 0.612
name: models.architecture.block_type=attention
training.mode=rollout
models.out_dim=10
models.architecture.n_encoder_layers=1
models.architecture.n_decoder_layers=1
seed=3    avg_loss: 0.000005518045  time_per_window : 0.000196   progress : 0.623
name: models.architecture.block_type=attention
training.mode=rollout
models.out_dim=10
models.architecture.n_encoder_layers=1
models.architecture.n_decoder_layers=1
seed=3    avg_loss: 0.000005795954  time_per_window : 0.000254   progress : 0.634
name: models.architecture.block_type=attention
training.mode=rollout
models.out_dim=10
models.architecture.n_encoder_layers=1
models.architecture.n_decoder_layers=1
seed=3    avg_loss: 0.000006100421  time_per_window : 0.000248   progress : 0.644
name: models.architecture.block_type=attention
training.mode=rollout
models.out_dim=10
models.architecture.n_encoder_layers=1
models.architecture.n_decoder_layers=1
seed=3    avg_loss: 0.000005962887  time_per_window : 0.000219   progress : 0.655
name: models.architecture.block_type=attention
training.mode=rollout
models.out_dim=10
models.architecture.n_encoder_layers=1
models.architecture.n_decoder_layers=1
seed=3    avg_loss: 0.000005553977  time_per_window : 0.000239   progress : 0.666
name: models.architecture.block_type=attention
training.mode=rollout
models.out_dim=10
models.architecture.n_encoder_layers=1
models.architecture.n_decoder_layers=1
seed=3    avg_loss: 0.000006016265  time_per_window : 0.000232   progress : 0.677
name: models.architecture.block_type=attention
training.mode=rollout
models.out_dim=10
models.architecture.n_encoder_layers=1
models.architecture.n_decoder_layers=1
seed=3    avg_loss: 0.000004145154  time_per_window : 0.000209   progress : 0.688
name: models.architecture.block_type=attention
training.mode=rollout
models.out_dim=10
models.architecture.n_encoder_layers=1
models.architecture.n_decoder_layers=1
seed=3    avg_loss: 0.000005133800  time_per_window : 0.000208   progress : 0.699
name: models.architecture.block_type=attention
training.mode=rollout
models.out_dim=10
models.architecture.n_encoder_layers=1
models.architecture.n_decoder_layers=1
seed=3    avg_loss: 0.000004931013  time_per_window : 0.000260   progress : 0.710
name: models.architecture.block_type=attention
training.mode=rollout
models.out_dim=10
models.architecture.n_encoder_layers=1
models.architecture.n_decoder_layers=1
seed=3    avg_loss: 0.000005102514  time_per_window : 0.000232   progress : 0.721
name: models.architecture.block_type=attention
training.mode=rollout
models.out_dim=10
models.architecture.n_encoder_layers=1
models.architecture.n_decoder_layers=1
seed=3    avg_loss: 0.000005019963  time_per_window : 0.000227   progress : 0.732
name: models.architecture.block_type=attention
training.mode=rollout
models.out_dim=10
models.architecture.n_encoder_layers=1
models.architecture.n_decoder_layers=1
seed=3    avg_loss: 0.000004153125  time_per_window : 0.000233   progress : 0.743/home/jdihardjo/miniconda3/envs/mavenv/lib/python3.11/site-packages/torch/_inductor/cudagraph_trees.py:2622: UserWarning: Unable to hit fast path of CUDAGraphs because outputs from a previous step still require backward. Ensure backward() is invoked or detach outputs. You may also call torch.compiler.cudagraph_mark_step_begin() before each model invocation.
  warnings.warn(
/home/jdihardjo/miniconda3/envs/mavenv/lib/python3.11/site-packages/torch/_inductor/cudagraph_trees.py:2622: UserWarning: Unable to hit fast path of CUDAGraphs because outputs from a previous step still require backward. Ensure backward() is invoked or detach outputs. You may also call torch.compiler.cudagraph_mark_step_begin() before each model invocation.
  warnings.warn(
/home/jdihardjo/miniconda3/envs/mavenv/lib/python3.11/site-packages/torch/_inductor/cudagraph_trees.py:2622: UserWarning: Unable to hit fast path of CUDAGraphs because outputs from a previous step still require backward. Ensure backward() is invoked or detach outputs. You may also call torch.compiler.cudagraph_mark_step_begin() before each model invocation.
  warnings.warn(
/home/jdihardjo/miniconda3/envs/mavenv/lib/python3.11/site-packages/torch/_inductor/cudagraph_trees.py:2622: UserWarning: Unable to hit fast path of CUDAGraphs because outputs from a previous step still require backward. Ensure backward() is invoked or detach outputs. You may also call torch.compiler.cudagraph_mark_step_begin() before each model invocation.
  warnings.warn(
/home/jdihardjo/miniconda3/envs/mavenv/lib/python3.11/site-packages/torch/_inductor/cudagraph_trees.py:2622: UserWarning: Unable to hit fast path of CUDAGraphs because outputs from a previous step still require backward. Ensure backward() is invoked or detach outputs. You may also call torch.compiler.cudagraph_mark_step_begin() before each model invocation.
  warnings.warn(
/home/jdihardjo/miniconda3/envs/mavenv/lib/python3.11/site-packages/torch/_inductor/cudagraph_trees.py:2622: UserWarning: Unable to hit fast path of CUDAGraphs because outputs from a previous step still require backward. Ensure backward() is invoked or detach outputs. You may also call torch.compiler.cudagraph_mark_step_begin() before each model invocation.
  warnings.warn(
/home/jdihardjo/miniconda3/envs/mavenv/lib/python3.11/site-packages/torch/_inductor/cudagraph_trees.py:2622: UserWarning: Unable to hit fast path of CUDAGraphs because outputs from a previous step still require backward. Ensure backward() is invoked or detach outputs. You may also call torch.compiler.cudagraph_mark_step_begin() before each model invocation.
  warnings.warn(
/home/jdihardjo/miniconda3/envs/mavenv/lib/python3.11/site-packages/torch/_inductor/cudagraph_trees.py:2622: UserWarning: Unable to hit fast path of CUDAGraphs because outputs from a previous step still require backward. Ensure backward() is invoked or detach outputs. You may also call torch.compiler.cudagraph_mark_step_begin() before each model invocation.
  warnings.warn(
/home/jdihardjo/miniconda3/envs/mavenv/lib/python3.11/site-packages/torch/_inductor/cudagraph_trees.py:2622: UserWarning: Unable to hit fast path of CUDAGraphs because outputs from a previous step still require backward. Ensure backward() is invoked or detach outputs. You may also call torch.compiler.cudagraph_mark_step_begin() before each model invocation.
  warnings.warn(
/home/jdihardjo/miniconda3/envs/mavenv/lib/python3.11/site-packages/torch/_inductor/cudagraph_trees.py:2622: UserWarning: Unable to hit fast path of CUDAGraphs because outputs from a previous step still require backward. Ensure backward() is invoked or detach outputs. You may also call torch.compiler.cudagraph_mark_step_begin() before each model invocation.
  warnings.warn(

name: models.architecture.block_type=attention
training.mode=rollout
models.out_dim=10
models.architecture.n_encoder_layers=1
models.architecture.n_decoder_layers=1
seed=1    avg_loss: 0.000004228124  time_per_window : 0.000219   progress : 0.754
name: models.architecture.block_type=attention
training.mode=rollout
models.out_dim=10
models.architecture.n_encoder_layers=1
models.architecture.n_decoder_layers=1
seed=1    avg_loss: 0.000005528122  time_per_window : 0.000213   progress : 0.765
name: models.architecture.block_type=attention
training.mode=rollout
models.out_dim=10
models.architecture.n_encoder_layers=1
models.architecture.n_decoder_layers=1
seed=1    avg_loss: 0.000004205970  time_per_window : 0.000242   progress : 0.775
name: models.architecture.block_type=attention
training.mode=rollout
models.out_dim=10
models.architecture.n_encoder_layers=1
models.architecture.n_decoder_layers=1
seed=1    avg_loss: 0.000003793715  time_per_window : 0.000216   progress : 0.786
name: models.architecture.block_type=attention
training.mode=rollout
models.out_dim=10
models.architecture.n_encoder_layers=1
models.architecture.n_decoder_layers=1
seed=1    avg_loss: 0.000003698576  time_per_window : 0.000232   progress : 0.797
name: models.architecture.block_type=attention
training.mode=rollout
models.out_dim=10
models.architecture.n_encoder_layers=1
models.architecture.n_decoder_layers=1
seed=1    avg_loss: 0.000004599403  time_per_window : 0.000207   progress : 0.808
name: models.architecture.block_type=attention
training.mode=rollout
models.out_dim=10
models.architecture.n_encoder_layers=1
models.architecture.n_decoder_layers=1
seed=1    avg_loss: 0.000004075548  time_per_window : 0.000214   progress : 0.819
name: models.architecture.block_type=attention
training.mode=rollout
models.out_dim=10
models.architecture.n_encoder_layers=1
models.architecture.n_decoder_layers=1
seed=1    avg_loss: 0.000003993870  time_per_window : 0.000213   progress : 0.830
name: models.architecture.block_type=attention
training.mode=rollout
models.out_dim=10
models.architecture.n_encoder_layers=1
models.architecture.n_decoder_layers=1
seed=1    avg_loss: 0.000004101694  time_per_window : 0.000244   progress : 0.841
name: models.architecture.block_type=attention
training.mode=rollout
models.out_dim=10
models.architecture.n_encoder_layers=1
models.architecture.n_decoder_layers=1
seed=1    avg_loss: 0.000003078917  time_per_window : 0.000231   progress : 0.852
name: models.architecture.block_type=attention
training.mode=rollout
models.out_dim=10
models.architecture.n_encoder_layers=1
models.architecture.n_decoder_layers=1
seed=1    avg_loss: 0.000003993521  time_per_window : 0.000244   progress : 0.863
name: models.architecture.block_type=attention
training.mode=rollout
models.out_dim=10
models.architecture.n_encoder_layers=1
models.architecture.n_decoder_layers=1
seed=1    avg_loss: 0.000003695489  time_per_window : 0.000253   progress : 0.874
name: models.architecture.block_type=attention
training.mode=rollout
models.out_dim=10
models.architecture.n_encoder_layers=1
models.architecture.n_decoder_layers=1
seed=1    avg_loss: 0.000003908594  time_per_window : 0.000230   progress : 0.885
name: models.architecture.block_type=attention
training.mode=rollout
models.out_dim=10
models.architecture.n_encoder_layers=1
models.architecture.n_decoder_layers=1
seed=1    avg_loss: 0.000003415231  time_per_window : 0.000237   progress : 0.896
name: models.architecture.block_type=attention
training.mode=rollout
models.out_dim=10
models.architecture.n_encoder_layers=1
models.architecture.n_decoder_layers=1
seed=1    avg_loss: 0.000003483025  time_per_window : 0.000226   progress : 0.907
name: models.architecture.block_type=attention
training.mode=rollout
models.out_dim=10
models.architecture.n_encoder_layers=1
models.architecture.n_decoder_layers=1
seed=1    avg_loss: 0.000003648189  time_per_window : 0.000211   progress : 0.917
name: models.architecture.block_type=attention
training.mode=rollout
models.out_dim=10
models.architecture.n_encoder_layers=1
models.architecture.n_decoder_layers=1
seed=1    avg_loss: 0.000003092754  time_per_window : 0.000228   progress : 0.928
name: models.architecture.block_type=attention
training.mode=rollout
models.out_dim=10
models.architecture.n_encoder_layers=1
models.architecture.n_decoder_layers=1
seed=1    avg_loss: 0.000003380384  time_per_window : 0.000221   progress : 0.939
name: models.architecture.block_type=attention
training.mode=rollout
models.out_dim=10
models.architecture.n_encoder_layers=1
models.architecture.n_decoder_layers=1
seed=1    avg_loss: 0.000003120233  time_per_window : 0.000216   progress : 0.950
name: models.architecture.block_type=attention
training.mode=rollout
models.out_dim=10
models.architecture.n_encoder_layers=1
models.architecture.n_decoder_layers=1
seed=1    avg_loss: 0.000002986190  time_per_window : 0.000254   progress : 0.961
name: models.architecture.block_type=attention
training.mode=rollout
models.out_dim=10
models.architecture.n_encoder_layers=1
models.architecture.n_decoder_layers=1
seed=1    avg_loss: 0.000003292164  time_per_window : 0.000227   progress : 0.972
name: models.architecture.block_type=attention
training.mode=rollout
models.out_dim=10
models.architecture.n_encoder_layers=1
models.architecture.n_decoder_layers=1
seed=1    avg_loss: 0.000003203938  time_per_window : 0.000234   progress : 0.983
name: models.architecture.block_type=attention
training.mode=rollout
models.out_dim=10
models.architecture.n_encoder_layers=1
models.architecture.n_decoder_layers=1
seed=1    avg_loss: 0.000002988572  time_per_window : 0.000222   progress : 0.994
name: models.architecture.block_type=attention
training.mode=rollout
models.out_dim=10
models.architecture.n_encoder_layers=1
models.architecture.n_decoder_layers=1
seed=1    avg_loss: 0.000029890412  time_per_window : 0.000230   progress : 0.011
name: models.architecture.block_type=attention
training.mode=rollout
models.out_dim=10
models.architecture.n_encoder_layers=1
models.architecture.n_decoder_layers=1
seed=1    avg_loss: 0.000000195834  time_per_window : 0.000242   progress : 0.022
name: models.architecture.block_type=attention
training.mode=rollout
models.out_dim=10
models.architecture.n_encoder_layers=1
models.architecture.n_decoder_layers=1
seed=1    avg_loss: 0.000000366320  time_per_window : 0.000226   progress : 0.033
name: models.architecture.block_type=attention
training.mode=rollout
models.out_dim=10
models.architecture.n_encoder_layers=1
models.architecture.n_decoder_layers=1
seed=1    avg_loss: 0.000001083179  time_per_window : 0.000231   progress : 0.044
name: models.architecture.block_type=attention
training.mode=rollout
models.out_dim=10
models.architecture.n_encoder_layers=1
models.architecture.n_decoder_layers=1
seed=1    avg_loss: 0.000001636923  time_per_window : 0.000224   progress : 0.055
name: models.architecture.block_type=attention
training.mode=rollout
models.out_dim=10
models.architecture.n_encoder_layers=1
models.architecture.n_decoder_layers=1
seed=1    avg_loss: 0.000002135208  time_per_window : 0.000230   progress : 0.066
name: models.architecture.block_type=attention
training.mode=rollout
models.out_dim=10
models.architecture.n_encoder_layers=1
models.architecture.n_decoder_layers=1
seed=1    avg_loss: 0.000002469302  time_per_window : 0.000260   progress : 0.076
name: models.architecture.block_type=attention
training.mode=rollout
models.out_dim=10
models.architecture.n_encoder_layers=1
models.architecture.n_decoder_layers=1
seed=1    avg_loss: 0.000002234710  time_per_window : 0.000216   progress : 0.087
name: models.architecture.block_type=attention
training.mode=rollout
models.out_dim=10
models.architecture.n_encoder_layers=1
models.architecture.n_decoder_layers=1
seed=1    avg_loss: 0.000002178071  time_per_window : 0.000258   progress : 0.098
name: models.architecture.block_type=attention
training.mode=rollout
models.out_dim=10
models.architecture.n_encoder_layers=1
models.architecture.n_decoder_layers=1
seed=1    avg_loss: 0.000002629488  time_per_window : 0.000281   progress : 0.109
name: models.architecture.block_type=attention
training.mode=rollout
models.out_dim=10
models.architecture.n_encoder_layers=1
models.architecture.n_decoder_layers=1
seed=1    avg_loss: 0.000002478078  time_per_window : 0.000218   progress : 0.120
name: models.architecture.block_type=attention
training.mode=rollout
models.out_dim=10
models.architecture.n_encoder_layers=1
models.architecture.n_decoder_layers=1
seed=0    avg_loss: 0.000003553008  time_per_window : 0.000203   progress : 0.754
name: models.architecture.block_type=attention
training.mode=rollout
models.out_dim=10
models.architecture.n_encoder_layers=1
models.architecture.n_decoder_layers=1
seed=0    avg_loss: 0.000004350933  time_per_window : 0.000235   progress : 0.765
name: models.architecture.block_type=attention
training.mode=rollout
models.out_dim=10
models.architecture.n_encoder_layers=1
models.architecture.n_decoder_layers=1
seed=0    avg_loss: 0.000004809170  time_per_window : 0.000224   progress : 0.775
name: models.architecture.block_type=attention
training.mode=rollout
models.out_dim=10
models.architecture.n_encoder_layers=1
models.architecture.n_decoder_layers=1
seed=0    avg_loss: 0.000003822901  time_per_window : 0.000221   progress : 0.786
name: models.architecture.block_type=attention
training.mode=rollout
models.out_dim=10
models.architecture.n_encoder_layers=1
models.architecture.n_decoder_layers=1
seed=0    avg_loss: 0.000003765879  time_per_window : 0.000214   progress : 0.797
name: models.architecture.block_type=attention
training.mode=rollout
models.out_dim=10
models.architecture.n_encoder_layers=1
models.architecture.n_decoder_layers=1
seed=0    avg_loss: 0.000003964899  time_per_window : 0.000209   progress : 0.808
name: models.architecture.block_type=attention
training.mode=rollout
models.out_dim=10
models.architecture.n_encoder_layers=1
models.architecture.n_decoder_layers=1
seed=0    avg_loss: 0.000003992614  time_per_window : 0.000197   progress : 0.819
name: models.architecture.block_type=attention
training.mode=rollout
models.out_dim=10
models.architecture.n_encoder_layers=1
models.architecture.n_decoder_layers=1
seed=0    avg_loss: 0.000003968806  time_per_window : 0.000226   progress : 0.830
name: models.architecture.block_type=attention
training.mode=rollout
models.out_dim=10
models.architecture.n_encoder_layers=1
models.architecture.n_decoder_layers=1
seed=0    avg_loss: 0.000003618747  time_per_window : 0.000233   progress : 0.841
name: models.architecture.block_type=attention
training.mode=rollout
models.out_dim=10
models.architecture.n_encoder_layers=1
models.architecture.n_decoder_layers=1
seed=0    avg_loss: 0.000003836171  time_per_window : 0.000222   progress : 0.852
name: models.architecture.block_type=attention
training.mode=rollout
models.out_dim=10
models.architecture.n_encoder_layers=1
models.architecture.n_decoder_layers=1
seed=0    avg_loss: 0.000003125755  time_per_window : 0.000213   progress : 0.863
name: models.architecture.block_type=attention
training.mode=rollout
models.out_dim=10
models.architecture.n_encoder_layers=1
models.architecture.n_decoder_layers=1
seed=0    avg_loss: 0.000004302036  time_per_window : 0.000223   progress : 0.874
name: models.architecture.block_type=attention
training.mode=rollout
models.out_dim=10
models.architecture.n_encoder_layers=1
models.architecture.n_decoder_layers=1
seed=0    avg_loss: 0.000003620888  time_per_window : 0.000211   progress : 0.885
name: models.architecture.block_type=attention
training.mode=rollout
models.out_dim=10
models.architecture.n_encoder_layers=1
models.architecture.n_decoder_layers=1
seed=0    avg_loss: 0.000003365086  time_per_window : 0.000211   progress : 0.896
name: models.architecture.block_type=attention
training.mode=rollout
models.out_dim=10
models.architecture.n_encoder_layers=1
models.architecture.n_decoder_layers=1
seed=0    avg_loss: 0.000003087382  time_per_window : 0.000224   progress : 0.907
name: models.architecture.block_type=attention
training.mode=rollout
models.out_dim=10
models.architecture.n_encoder_layers=1
models.architecture.n_decoder_layers=1
seed=0    avg_loss: 0.000003388775  time_per_window : 0.000223   progress : 0.917
name: models.architecture.block_type=attention
training.mode=rollout
models.out_dim=10
models.architecture.n_encoder_layers=1
models.architecture.n_decoder_layers=1
seed=0    avg_loss: 0.000003171986  time_per_window : 0.000225   progress : 0.928
name: models.architecture.block_type=attention
training.mode=rollout
models.out_dim=10
models.architecture.n_encoder_layers=1
models.architecture.n_decoder_layers=1
seed=0    avg_loss: 0.000003355124  time_per_window : 0.000218   progress : 0.939
name: models.architecture.block_type=attention
training.mode=rollout
models.out_dim=10
models.architecture.n_encoder_layers=1
models.architecture.n_decoder_layers=1
seed=0    avg_loss: 0.000002884407  time_per_window : 0.000205   progress : 0.950
name: models.architecture.block_type=attention
training.mode=rollout
models.out_dim=10
models.architecture.n_encoder_layers=1
models.architecture.n_decoder_layers=1
seed=0    avg_loss: 0.000003397405  time_per_window : 0.000207   progress : 0.961
name: models.architecture.block_type=attention
training.mode=rollout
models.out_dim=10
models.architecture.n_encoder_layers=1
models.architecture.n_decoder_layers=1
seed=0    avg_loss: 0.000002895790  time_per_window : 0.000239   progress : 0.972
name: models.architecture.block_type=attention
training.mode=rollout
models.out_dim=10
models.architecture.n_encoder_layers=1
models.architecture.n_decoder_layers=1
seed=0    avg_loss: 0.000003004948  time_per_window : 0.000214   progress : 0.983
name: models.architecture.block_type=attention
training.mode=rollout
models.out_dim=10
models.architecture.n_encoder_layers=1
models.architecture.n_decoder_layers=1
seed=0    avg_loss: 0.000002996279  time_per_window : 0.000235   progress : 0.994
name: models.architecture.block_type=attention
training.mode=rollout
models.out_dim=10
models.architecture.n_encoder_layers=1
models.architecture.n_decoder_layers=1
seed=0    avg_loss: 0.000023005110  time_per_window : 0.000215   progress : 0.011
name: models.architecture.block_type=attention
training.mode=rollout
models.out_dim=10
models.architecture.n_encoder_layers=1
models.architecture.n_decoder_layers=1
seed=0    avg_loss: 0.000000284214  time_per_window : 0.000220   progress : 0.022
name: models.architecture.block_type=attention
training.mode=rollout
models.out_dim=10
models.architecture.n_encoder_layers=1
models.architecture.n_decoder_layers=1
seed=0    avg_loss: 0.000001122874  time_per_window : 0.000235   progress : 0.033
name: models.architecture.block_type=attention
training.mode=rollout
models.out_dim=10
models.architecture.n_encoder_layers=1
models.architecture.n_decoder_layers=1
seed=0    avg_loss: 0.000001768514  time_per_window : 0.000232   progress : 0.044
name: models.architecture.block_type=attention
training.mode=rollout
models.out_dim=10
models.architecture.n_encoder_layers=1
models.architecture.n_decoder_layers=1
seed=0    avg_loss: 0.000001886528  time_per_window : 0.000203   progress : 0.055
name: models.architecture.block_type=attention
training.mode=rollout
models.out_dim=10
models.architecture.n_encoder_layers=1
models.architecture.n_decoder_layers=1
seed=0    avg_loss: 0.000002277457  time_per_window : 0.000265   progress : 0.066
name: models.architecture.block_type=attention
training.mode=rollout
models.out_dim=10
models.architecture.n_encoder_layers=1
models.architecture.n_decoder_layers=1
seed=0    avg_loss: 0.000002394146  time_per_window : 0.000229   progress : 0.076
name: models.architecture.block_type=attention
training.mode=rollout
models.out_dim=10
models.architecture.n_encoder_layers=1
models.architecture.n_decoder_layers=1
seed=0    avg_loss: 0.000002808661  time_per_window : 0.000240   progress : 0.087
name: models.architecture.block_type=attention
training.mode=rollout
models.out_dim=10
models.architecture.n_encoder_layers=1
models.architecture.n_decoder_layers=1
seed=0    avg_loss: 0.000002181373  time_per_window : 0.000257   progress : 0.098
name: models.architecture.block_type=attention
training.mode=rollout
models.out_dim=10
models.architecture.n_encoder_layers=1
models.architecture.n_decoder_layers=1
seed=0    avg_loss: 0.000002731979  time_per_window : 0.000231   progress : 0.109
name: models.architecture.block_type=attention
training.mode=rollout
models.out_dim=10
models.architecture.n_encoder_layers=1
models.architecture.n_decoder_layers=1
seed=0    avg_loss: 0.000002305326  time_per_window : 0.000237   progress : 0.120
name: models.architecture.block_type=attention
training.mode=rollout
models.out_dim=10
models.architecture.n_encoder_layers=1
models.architecture.n_decoder_layers=1
seed=4    avg_loss: 0.000004787011  time_per_window : 0.000218   progress : 0.754
name: models.architecture.block_type=attention
training.mode=rollout
models.out_dim=10
models.architecture.n_encoder_layers=1
models.architecture.n_decoder_layers=1
seed=4    avg_loss: 0.000003547744  time_per_window : 0.000222   progress : 0.765
name: models.architecture.block_type=attention
training.mode=rollout
models.out_dim=10
models.architecture.n_encoder_layers=1
models.architecture.n_decoder_layers=1
seed=4    avg_loss: 0.000004304034  time_per_window : 0.000228   progress : 0.775
name: models.architecture.block_type=attention
training.mode=rollout
models.out_dim=10
models.architecture.n_encoder_layers=1
models.architecture.n_decoder_layers=1
seed=4    avg_loss: 0.000004126666  time_per_window : 0.000230   progress : 0.786
name: models.architecture.block_type=attention
training.mode=rollout
models.out_dim=10
models.architecture.n_encoder_layers=1
models.architecture.n_decoder_layers=1
seed=4    avg_loss: 0.000003337008  time_per_window : 0.000236   progress : 0.797
name: models.architecture.block_type=attention
training.mode=rollout
models.out_dim=10
models.architecture.n_encoder_layers=1
models.architecture.n_decoder_layers=1
seed=4    avg_loss: 0.000004112982  time_per_window : 0.000205   progress : 0.808
name: models.architecture.block_type=attention
training.mode=rollout
models.out_dim=10
models.architecture.n_encoder_layers=1
models.architecture.n_decoder_layers=1
seed=4    avg_loss: 0.000004065871  time_per_window : 0.000233   progress : 0.819
name: models.architecture.block_type=attention
training.mode=rollout
models.out_dim=10
models.architecture.n_encoder_layers=1
models.architecture.n_decoder_layers=1
seed=4    avg_loss: 0.000003144291  time_per_window : 0.000202   progress : 0.830
name: models.architecture.block_type=attention
training.mode=rollout
models.out_dim=10
models.architecture.n_encoder_layers=1
models.architecture.n_decoder_layers=1
seed=4    avg_loss: 0.000003564979  time_per_window : 0.000210   progress : 0.841
name: models.architecture.block_type=attention
training.mode=rollout
models.out_dim=10
models.architecture.n_encoder_layers=1
models.architecture.n_decoder_layers=1
seed=4    avg_loss: 0.000003611924  time_per_window : 0.000224   progress : 0.852
name: models.architecture.block_type=attention
training.mode=rollout
models.out_dim=10
models.architecture.n_encoder_layers=1
models.architecture.n_decoder_layers=1
seed=4    avg_loss: 0.000003146730  time_per_window : 0.000226   progress : 0.863
name: models.architecture.block_type=attention
training.mode=rollout
models.out_dim=10
models.architecture.n_encoder_layers=1
models.architecture.n_decoder_layers=1
seed=4    avg_loss: 0.000003940224  time_per_window : 0.000224   progress : 0.874
name: models.architecture.block_type=attention
training.mode=rollout
models.out_dim=10
models.architecture.n_encoder_layers=1
models.architecture.n_decoder_layers=1
seed=4    avg_loss: 0.000003447350  time_per_window : 0.000218   progress : 0.885
name: models.architecture.block_type=attention
training.mode=rollout
models.out_dim=10
models.architecture.n_encoder_layers=1
models.architecture.n_decoder_layers=1
seed=4    avg_loss: 0.000003148923  time_per_window : 0.000207   progress : 0.896
name: models.architecture.block_type=attention
training.mode=rollout
models.out_dim=10
models.architecture.n_encoder_layers=1
models.architecture.n_decoder_layers=1
seed=4    avg_loss: 0.000003198693  time_per_window : 0.000213   progress : 0.907
name: models.architecture.block_type=attention
training.mode=rollout
models.out_dim=10
models.architecture.n_encoder_layers=1
models.architecture.n_decoder_layers=1
seed=4    avg_loss: 0.000003455244  time_per_window : 0.000237   progress : 0.917
name: models.architecture.block_type=attention
training.mode=rollout
models.out_dim=10
models.architecture.n_encoder_layers=1
models.architecture.n_decoder_layers=1
seed=4    avg_loss: 0.000002940395  time_per_window : 0.000221   progress : 0.928
name: models.architecture.block_type=attention
training.mode=rollout
models.out_dim=10
models.architecture.n_encoder_layers=1
models.architecture.n_decoder_layers=1
seed=4    avg_loss: 0.000002882289  time_per_window : 0.000206   progress : 0.939
name: models.architecture.block_type=attention
training.mode=rollout
models.out_dim=10
models.architecture.n_encoder_layers=1
models.architecture.n_decoder_layers=1
seed=4    avg_loss: 0.000003219247  time_per_window : 0.000227   progress : 0.950
name: models.architecture.block_type=attention
training.mode=rollout
models.out_dim=10
models.architecture.n_encoder_layers=1
models.architecture.n_decoder_layers=1
seed=4    avg_loss: 0.000002767128  time_per_window : 0.000217   progress : 0.961
name: models.architecture.block_type=attention
training.mode=rollout
models.out_dim=10
models.architecture.n_encoder_layers=1
models.architecture.n_decoder_layers=1
seed=4    avg_loss: 0.000003007927  time_per_window : 0.000214   progress : 0.972
name: models.architecture.block_type=attention
training.mode=rollout
models.out_dim=10
models.architecture.n_encoder_layers=1
models.architecture.n_decoder_layers=1
seed=4    avg_loss: 0.000002730785  time_per_window : 0.000216   progress : 0.983
name: models.architecture.block_type=attention
training.mode=rollout
models.out_dim=10
models.architecture.n_encoder_layers=1
models.architecture.n_decoder_layers=1
seed=4    avg_loss: 0.000002709158  time_per_window : 0.000197   progress : 0.994
name: models.architecture.block_type=attention
training.mode=rollout
models.out_dim=10
models.architecture.n_encoder_layers=1
models.architecture.n_decoder_layers=1
seed=4    avg_loss: 0.000023589058  time_per_window : 0.000221   progress : 0.011
name: models.architecture.block_type=attention
training.mode=rollout
models.out_dim=10
models.architecture.n_encoder_layers=1
models.architecture.n_decoder_layers=1
seed=4    avg_loss: 0.000000426295  time_per_window : 0.000223   progress : 0.022
name: models.architecture.block_type=attention
training.mode=rollout
models.out_dim=10
models.architecture.n_encoder_layers=1
models.architecture.n_decoder_layers=1
seed=4    avg_loss: 0.000000685060  time_per_window : 0.000227   progress : 0.033
name: models.architecture.block_type=attention
training.mode=rollout
models.out_dim=10
models.architecture.n_encoder_layers=1
models.architecture.n_decoder_layers=1
seed=4    avg_loss: 0.000001281343  time_per_window : 0.000256   progress : 0.044
name: models.architecture.block_type=attention
training.mode=rollout
models.out_dim=10
models.architecture.n_encoder_layers=1
models.architecture.n_decoder_layers=1
seed=4    avg_loss: 0.000001989342  time_per_window : 0.000226   progress : 0.055
name: models.architecture.block_type=attention
training.mode=rollout
models.out_dim=10
models.architecture.n_encoder_layers=1
models.architecture.n_decoder_layers=1
seed=4    avg_loss: 0.000001853170  time_per_window : 0.000238   progress : 0.066
name: models.architecture.block_type=attention
training.mode=rollout
models.out_dim=10
models.architecture.n_encoder_layers=1
models.architecture.n_decoder_layers=1
seed=4    avg_loss: 0.000002761967  time_per_window : 0.000224   progress : 0.076
name: models.architecture.block_type=attention
training.mode=rollout
models.out_dim=10
models.architecture.n_encoder_layers=1
models.architecture.n_decoder_layers=1
seed=4    avg_loss: 0.000002062060  time_per_window : 0.000222   progress : 0.087
name: models.architecture.block_type=attention
training.mode=rollout
models.out_dim=10
models.architecture.n_encoder_layers=1
models.architecture.n_decoder_layers=1
seed=4    avg_loss: 0.000002208435  time_per_window : 0.000212   progress : 0.098
name: models.architecture.block_type=attention
training.mode=rollout
models.out_dim=10
models.architecture.n_encoder_layers=1
models.architecture.n_decoder_layers=1
seed=4    avg_loss: 0.000002253814  time_per_window : 0.000250   progress : 0.109
name: models.architecture.block_type=attention
training.mode=rollout
models.out_dim=10
models.architecture.n_encoder_layers=1
models.architecture.n_decoder_layers=1
seed=4    avg_loss: 0.000002327621  time_per_window : 0.000225   progress : 0.120
name: models.architecture.block_type=attention
training.mode=rollout
models.out_dim=10
models.architecture.n_encoder_layers=1
models.architecture.n_decoder_layers=1
seed=2    avg_loss: 0.000004339566  time_per_window : 0.000219   progress : 0.754
name: models.architecture.block_type=attention
training.mode=rollout
models.out_dim=10
models.architecture.n_encoder_layers=1
models.architecture.n_decoder_layers=1
seed=2    avg_loss: 0.000003936607  time_per_window : 0.000223   progress : 0.765
name: models.architecture.block_type=attention
training.mode=rollout
models.out_dim=10
models.architecture.n_encoder_layers=1
models.architecture.n_decoder_layers=1
seed=2    avg_loss: 0.000004305250  time_per_window : 0.000205   progress : 0.775
name: models.architecture.block_type=attention
training.mode=rollout
models.out_dim=10
models.architecture.n_encoder_layers=1
models.architecture.n_decoder_layers=1
seed=2    avg_loss: 0.000003639633  time_per_window : 0.000212   progress : 0.786
name: models.architecture.block_type=attention
training.mode=rollout
models.out_dim=10
models.architecture.n_encoder_layers=1
models.architecture.n_decoder_layers=1
seed=2    avg_loss: 0.000003279086  time_per_window : 0.000223   progress : 0.797
name: models.architecture.block_type=attention
training.mode=rollout
models.out_dim=10
models.architecture.n_encoder_layers=1
models.architecture.n_decoder_layers=1
seed=2    avg_loss: 0.000003805216  time_per_window : 0.000248   progress : 0.808
name: models.architecture.block_type=attention
training.mode=rollout
models.out_dim=10
models.architecture.n_encoder_layers=1
models.architecture.n_decoder_layers=1
seed=2    avg_loss: 0.000003505073  time_per_window : 0.000243   progress : 0.819
name: models.architecture.block_type=attention
training.mode=rollout
models.out_dim=10
models.architecture.n_encoder_layers=1
models.architecture.n_decoder_layers=1
seed=2    avg_loss: 0.000003759644  time_per_window : 0.000238   progress : 0.830
name: models.architecture.block_type=attention
training.mode=rollout
models.out_dim=10
models.architecture.n_encoder_layers=1
models.architecture.n_decoder_layers=1
seed=2    avg_loss: 0.000003317975  time_per_window : 0.000223   progress : 0.841
name: models.architecture.block_type=attention
training.mode=rollout
models.out_dim=10
models.architecture.n_encoder_layers=1
models.architecture.n_decoder_layers=1
seed=2    avg_loss: 0.000003838839  time_per_window : 0.000247   progress : 0.852
name: models.architecture.block_type=attention
training.mode=rollout
models.out_dim=10
models.architecture.n_encoder_layers=1
models.architecture.n_decoder_layers=1
seed=2    avg_loss: 0.000002809228  time_per_window : 0.000228   progress : 0.863
name: models.architecture.block_type=attention
training.mode=rollout
models.out_dim=10
models.architecture.n_encoder_layers=1
models.architecture.n_decoder_layers=1
seed=2    avg_loss: 0.000003426654  time_per_window : 0.000240   progress : 0.874
name: models.architecture.block_type=attention
training.mode=rollout
models.out_dim=10
models.architecture.n_encoder_layers=1
models.architecture.n_decoder_layers=1
seed=2    avg_loss: 0.000003495420  time_per_window : 0.000222   progress : 0.885
name: models.architecture.block_type=attention
training.mode=rollout
models.out_dim=10
models.architecture.n_encoder_layers=1
models.architecture.n_decoder_layers=1
seed=2    avg_loss: 0.000002749732  time_per_window : 0.000202   progress : 0.896
name: models.architecture.block_type=attention
training.mode=rollout
models.out_dim=10
models.architecture.n_encoder_layers=1
models.architecture.n_decoder_layers=1
seed=2    avg_loss: 0.000003274430  time_per_window : 0.000217   progress : 0.907
name: models.architecture.block_type=attention
training.mode=rollout
models.out_dim=10
models.architecture.n_encoder_layers=1
models.architecture.n_decoder_layers=1
seed=2    avg_loss: 0.000002927861  time_per_window : 0.000263   progress : 0.917
name: models.architecture.block_type=attention
training.mode=rollout
models.out_dim=10
models.architecture.n_encoder_layers=1
models.architecture.n_decoder_layers=1
seed=2    avg_loss: 0.000002755382  time_per_window : 0.000253   progress : 0.928
name: models.architecture.block_type=attention
training.mode=rollout
models.out_dim=10
models.architecture.n_encoder_layers=1
models.architecture.n_decoder_layers=1
seed=2    avg_loss: 0.000003524171  time_per_window : 0.000238   progress : 0.939
name: models.architecture.block_type=attention
training.mode=rollout
models.out_dim=10
models.architecture.n_encoder_layers=1
models.architecture.n_decoder_layers=1
seed=2    avg_loss: 0.000002798821  time_per_window : 0.000229   progress : 0.950
name: models.architecture.block_type=attention
training.mode=rollout
models.out_dim=10
models.architecture.n_encoder_layers=1
models.architecture.n_decoder_layers=1
seed=2    avg_loss: 0.000002651947  time_per_window : 0.000214   progress : 0.961
name: models.architecture.block_type=attention
training.mode=rollout
models.out_dim=10
models.architecture.n_encoder_layers=1
models.architecture.n_decoder_layers=1
seed=2    avg_loss: 0.000002671003  time_per_window : 0.000240   progress : 0.972
name: models.architecture.block_type=attention
training.mode=rollout
models.out_dim=10
models.architecture.n_encoder_layers=1
models.architecture.n_decoder_layers=1
seed=2    avg_loss: 0.000003145745  time_per_window : 0.000234   progress : 0.983
name: models.architecture.block_type=attention
training.mode=rollout
models.out_dim=10
models.architecture.n_encoder_layers=1
models.architecture.n_decoder_layers=1
seed=2    avg_loss: 0.000002387163  time_per_window : 0.000216   progress : 0.994
name: models.architecture.block_type=attention
training.mode=rollout
models.out_dim=10
models.architecture.n_encoder_layers=1
models.architecture.n_decoder_layers=1
seed=2    avg_loss: 0.000023900824  time_per_window : 0.000241   progress : 0.011
name: models.architecture.block_type=attention
training.mode=rollout
models.out_dim=10
models.architecture.n_encoder_layers=1
models.architecture.n_decoder_layers=1
seed=2    avg_loss: 0.000000207101  time_per_window : 0.000237   progress : 0.022
name: models.architecture.block_type=attention
training.mode=rollout
models.out_dim=10
models.architecture.n_encoder_layers=1
models.architecture.n_decoder_layers=1
seed=2    avg_loss: 0.000000298355  time_per_window : 0.000223   progress : 0.033
name: models.architecture.block_type=attention
training.mode=rollout
models.out_dim=10
models.architecture.n_encoder_layers=1
models.architecture.n_decoder_layers=1
seed=2    avg_loss: 0.000000879723  time_per_window : 0.000223   progress : 0.044
name: models.architecture.block_type=attention
training.mode=rollout
models.out_dim=10
models.architecture.n_encoder_layers=1
models.architecture.n_decoder_layers=1
seed=2    avg_loss: 0.000001581371  time_per_window : 0.000214   progress : 0.055
name: models.architecture.block_type=attention
training.mode=rollout
models.out_dim=10
models.architecture.n_encoder_layers=1
models.architecture.n_decoder_layers=1
seed=2    avg_loss: 0.000002267715  time_per_window : 0.000232   progress : 0.066
name: models.architecture.block_type=attention
training.mode=rollout
models.out_dim=10
models.architecture.n_encoder_layers=1
models.architecture.n_decoder_layers=1
seed=2    avg_loss: 0.000002372534  time_per_window : 0.000250   progress : 0.076
name: models.architecture.block_type=attention
training.mode=rollout
models.out_dim=10
models.architecture.n_encoder_layers=1
models.architecture.n_decoder_layers=1
seed=2    avg_loss: 0.000001869055  time_per_window : 0.000215   progress : 0.087
name: models.architecture.block_type=attention
training.mode=rollout
models.out_dim=10
models.architecture.n_encoder_layers=1
models.architecture.n_decoder_layers=1
seed=2    avg_loss: 0.000002387500  time_per_window : 0.000217   progress : 0.098
name: models.architecture.block_type=attention
training.mode=rollout
models.out_dim=10
models.architecture.n_encoder_layers=1
models.architecture.n_decoder_layers=1
seed=2    avg_loss: 0.000002197278  time_per_window : 0.000228   progress : 0.109
name: models.architecture.block_type=attention
training.mode=rollout
models.out_dim=10
models.architecture.n_encoder_layers=1
models.architecture.n_decoder_layers=1
seed=2    avg_loss: 0.000001781320  time_per_window : 0.000230   progress : 0.120
name: models.architecture.block_type=attention
training.mode=rollout
models.out_dim=10
models.architecture.n_encoder_layers=1
models.architecture.n_decoder_layers=1
seed=3    avg_loss: 0.000005537591  time_per_window : 0.000211   progress : 0.754
name: models.architecture.block_type=attention
training.mode=rollout
models.out_dim=10
models.architecture.n_encoder_layers=1
models.architecture.n_decoder_layers=1
seed=3    avg_loss: 0.000003988518  time_per_window : 0.000203   progress : 0.765
name: models.architecture.block_type=attention
training.mode=rollout
models.out_dim=10
models.architecture.n_encoder_layers=1
models.architecture.n_decoder_layers=1
seed=3    avg_loss: 0.000004684460  time_per_window : 0.000220   progress : 0.775
name: models.architecture.block_type=attention
training.mode=rollout
models.out_dim=10
models.architecture.n_encoder_layers=1
models.architecture.n_decoder_layers=1
seed=3    avg_loss: 0.000003833166  time_per_window : 0.000236   progress : 0.786
name: models.architecture.block_type=attention
training.mode=rollout
models.out_dim=10
models.architecture.n_encoder_layers=1
models.architecture.n_decoder_layers=1
seed=3    avg_loss: 0.000004636548  time_per_window : 0.000234   progress : 0.797
name: models.architecture.block_type=attention
training.mode=rollout
models.out_dim=10
models.architecture.n_encoder_layers=1
models.architecture.n_decoder_layers=1
seed=3    avg_loss: 0.000004685012  time_per_window : 0.000229   progress : 0.808
name: models.architecture.block_type=attention
training.mode=rollout
models.out_dim=10
models.architecture.n_encoder_layers=1
models.architecture.n_decoder_layers=1
seed=3    avg_loss: 0.000003660614  time_per_window : 0.000223   progress : 0.819
name: models.architecture.block_type=attention
training.mode=rollout
models.out_dim=10
models.architecture.n_encoder_layers=1
models.architecture.n_decoder_layers=1
seed=3    avg_loss: 0.000004315402  time_per_window : 0.000213   progress : 0.830
name: models.architecture.block_type=attention
training.mode=rollout
models.out_dim=10
models.architecture.n_encoder_layers=1
models.architecture.n_decoder_layers=1
seed=3    avg_loss: 0.000003790707  time_per_window : 0.000218   progress : 0.841
name: models.architecture.block_type=attention
training.mode=rollout
models.out_dim=10
models.architecture.n_encoder_layers=1
models.architecture.n_decoder_layers=1
seed=3    avg_loss: 0.000003818554  time_per_window : 0.000215   progress : 0.852
name: models.architecture.block_type=attention
training.mode=rollout
models.out_dim=10
models.architecture.n_encoder_layers=1
models.architecture.n_decoder_layers=1
seed=3    avg_loss: 0.000003430077  time_per_window : 0.000229   progress : 0.863
name: models.architecture.block_type=attention
training.mode=rollout
models.out_dim=10
models.architecture.n_encoder_layers=1
models.architecture.n_decoder_layers=1
seed=3    avg_loss: 0.000004435786  time_per_window : 0.000228   progress : 0.874
name: models.architecture.block_type=attention
training.mode=rollout
models.out_dim=10
models.architecture.n_encoder_layers=1
models.architecture.n_decoder_layers=1
seed=3    avg_loss: 0.000003074281  time_per_window : 0.000239   progress : 0.885
name: models.architecture.block_type=attention
training.mode=rollout
models.out_dim=10
models.architecture.n_encoder_layers=1
models.architecture.n_decoder_layers=1
seed=3    avg_loss: 0.000004261021  time_per_window : 0.000207   progress : 0.896
name: models.architecture.block_type=attention
training.mode=rollout
models.out_dim=10
models.architecture.n_encoder_layers=1
models.architecture.n_decoder_layers=1
seed=3    avg_loss: 0.000003119406  time_per_window : 0.000237   progress : 0.907
name: models.architecture.block_type=attention
training.mode=rollout
models.out_dim=10
models.architecture.n_encoder_layers=1
models.architecture.n_decoder_layers=1
seed=3    avg_loss: 0.000003373304  time_per_window : 0.000231   progress : 0.917
name: models.architecture.block_type=attention
training.mode=rollout
models.out_dim=10
models.architecture.n_encoder_layers=1
models.architecture.n_decoder_layers=1
seed=3    avg_loss: 0.000003381346  time_per_window : 0.000246   progress : 0.928
name: models.architecture.block_type=attention
training.mode=rollout
models.out_dim=10
models.architecture.n_encoder_layers=1
models.architecture.n_decoder_layers=1
seed=3    avg_loss: 0.000003194213  time_per_window : 0.000244   progress : 0.939
name: models.architecture.block_type=attention
training.mode=rollout
models.out_dim=10
models.architecture.n_encoder_layers=1
models.architecture.n_decoder_layers=1
seed=3    avg_loss: 0.000003675425  time_per_window : 0.000211   progress : 0.950
name: models.architecture.block_type=attention
training.mode=rollout
models.out_dim=10
models.architecture.n_encoder_layers=1
models.architecture.n_decoder_layers=1
seed=3    avg_loss: 0.000002881759  time_per_window : 0.000212   progress : 0.961
name: models.architecture.block_type=attention
training.mode=rollout
models.out_dim=10
models.architecture.n_encoder_layers=1
models.architecture.n_decoder_layers=1
seed=3    avg_loss: 0.000003035807  time_per_window : 0.000224   progress : 0.972
name: models.architecture.block_type=attention
training.mode=rollout
models.out_dim=10
models.architecture.n_encoder_layers=1
models.architecture.n_decoder_layers=1
seed=3    avg_loss: 0.000003560159  time_per_window : 0.000228   progress : 0.983
name: models.architecture.block_type=attention
training.mode=rollout
models.out_dim=10
models.architecture.n_encoder_layers=1
models.architecture.n_decoder_layers=1
seed=3    avg_loss: 0.000002774361  time_per_window : 0.000227   progress : 0.994
name: models.architecture.block_type=attention
training.mode=rollout
models.out_dim=10
models.architecture.n_encoder_layers=1
models.architecture.n_decoder_layers=1
seed=3    avg_loss: 0.000023542450  time_per_window : 0.000221   progress : 0.011
name: models.architecture.block_type=attention
training.mode=rollout
models.out_dim=10
models.architecture.n_encoder_layers=1
models.architecture.n_decoder_layers=1
seed=3    avg_loss: 0.000000360544  time_per_window : 0.000273   progress : 0.022
name: models.architecture.block_type=attention
training.mode=rollout
models.out_dim=10
models.architecture.n_encoder_layers=1
models.architecture.n_decoder_layers=1
seed=3    avg_loss: 0.000000978235  time_per_window : 0.000217   progress : 0.033
name: models.architecture.block_type=attention
training.mode=rollout
models.out_dim=10
models.architecture.n_encoder_layers=1
models.architecture.n_decoder_layers=1
seed=3    avg_loss: 0.000001620251  time_per_window : 0.000214   progress : 0.044
name: models.architecture.block_type=attention
training.mode=rollout
models.out_dim=10
models.architecture.n_encoder_layers=1
models.architecture.n_decoder_layers=1
seed=3    avg_loss: 0.000001972401  time_per_window : 0.000235   progress : 0.055
name: models.architecture.block_type=attention
training.mode=rollout
models.out_dim=10
models.architecture.n_encoder_layers=1
models.architecture.n_decoder_layers=1
seed=3    avg_loss: 0.000002614561  time_per_window : 0.000226   progress : 0.066
name: models.architecture.block_type=attention
training.mode=rollout
models.out_dim=10
models.architecture.n_encoder_layers=1
models.architecture.n_decoder_layers=1
seed=3    avg_loss: 0.000002054208  time_per_window : 0.000211   progress : 0.076
name: models.architecture.block_type=attention
training.mode=rollout
models.out_dim=10
models.architecture.n_encoder_layers=1
models.architecture.n_decoder_layers=1
seed=3    avg_loss: 0.000003075879  time_per_window : 0.000219   progress : 0.087
name: models.architecture.block_type=attention
training.mode=rollout
models.out_dim=10
models.architecture.n_encoder_layers=1
models.architecture.n_decoder_layers=1
seed=3    avg_loss: 0.000002600752  time_per_window : 0.000233   progress : 0.098
name: models.architecture.block_type=attention
training.mode=rollout
models.out_dim=10
models.architecture.n_encoder_layers=1
models.architecture.n_decoder_layers=1
seed=3    avg_loss: 0.000002184015  time_per_window : 0.000248   progress : 0.109
name: models.architecture.block_type=attention
training.mode=rollout
models.out_dim=10
models.architecture.n_encoder_layers=1
models.architecture.n_decoder_layers=1
seed=3    avg_loss: 0.000002625790  time_per_window : 0.000256   progress : 0.120
name: models.architecture.block_type=attention
training.mode=rollout
models.out_dim=10
models.architecture.n_encoder_layers=1
models.architecture.n_decoder_layers=1
seed=1    avg_loss: 0.000002675204  time_per_window : 0.000213   progress : 0.131
name: models.architecture.block_type=attention
training.mode=rollout
models.out_dim=10
models.architecture.n_encoder_layers=1
models.architecture.n_decoder_layers=1
seed=1    avg_loss: 0.000002083323  time_per_window : 0.000229   progress : 0.142
name: models.architecture.block_type=attention
training.mode=rollout
models.out_dim=10
models.architecture.n_encoder_layers=1
models.architecture.n_decoder_layers=1
seed=1    avg_loss: 0.000002225356  time_per_window : 0.000260   progress : 0.153
name: models.architecture.block_type=attention
training.mode=rollout
models.out_dim=10
models.architecture.n_encoder_layers=1
models.architecture.n_decoder_layers=1
seed=1    avg_loss: 0.000002718464  time_per_window : 0.000264   progress : 0.164
name: models.architecture.block_type=attention
training.mode=rollout
models.out_dim=10
models.architecture.n_encoder_layers=1
models.architecture.n_decoder_layers=1
seed=1    avg_loss: 0.000002276382  time_per_window : 0.000209   progress : 0.175
name: models.architecture.block_type=attention
training.mode=rollout
models.out_dim=10
models.architecture.n_encoder_layers=1
models.architecture.n_decoder_layers=1
seed=1    avg_loss: 0.000002635766  time_per_window : 0.000249   progress : 0.186
name: models.architecture.block_type=attention
training.mode=rollout
models.out_dim=10
models.architecture.n_encoder_layers=1
models.architecture.n_decoder_layers=1
seed=1    avg_loss: 0.000001806952  time_per_window : 0.000224   progress : 0.197
name: models.architecture.block_type=attention
training.mode=rollout
models.out_dim=10
models.architecture.n_encoder_layers=1
models.architecture.n_decoder_layers=1
seed=1    avg_loss: 0.000002510629  time_per_window : 0.000225   progress : 0.208
name: models.architecture.block_type=attention
training.mode=rollout
models.out_dim=10
models.architecture.n_encoder_layers=1
models.architecture.n_decoder_layers=1
seed=1    avg_loss: 0.000002198817  time_per_window : 0.000257   progress : 0.218
name: models.architecture.block_type=attention
training.mode=rollout
models.out_dim=10
models.architecture.n_encoder_layers=1
models.architecture.n_decoder_layers=1
seed=1    avg_loss: 0.000002094328  time_per_window : 0.000236   progress : 0.229
name: models.architecture.block_type=attention
training.mode=rollout
models.out_dim=10
models.architecture.n_encoder_layers=1
models.architecture.n_decoder_layers=1
seed=1    avg_loss: 0.000002450199  time_per_window : 0.000232   progress : 0.240
name: models.architecture.block_type=attention
training.mode=rollout
models.out_dim=10
models.architecture.n_encoder_layers=1
models.architecture.n_decoder_layers=1
seed=1    avg_loss: 0.000001806325  time_per_window : 0.000221   progress : 0.251
name: models.architecture.block_type=attention
training.mode=rollout
models.out_dim=10
models.architecture.n_encoder_layers=1
models.architecture.n_decoder_layers=1
seed=1    avg_loss: 0.000002137707  time_per_window : 0.000234   progress : 0.262
name: models.architecture.block_type=attention
training.mode=rollout
models.out_dim=10
models.architecture.n_encoder_layers=1
models.architecture.n_decoder_layers=1
seed=1    avg_loss: 0.000002120612  time_per_window : 0.000216   progress : 0.273
name: models.architecture.block_type=attention
training.mode=rollout
models.out_dim=10
models.architecture.n_encoder_layers=1
models.architecture.n_decoder_layers=1
seed=1    avg_loss: 0.000001942245  time_per_window : 0.000217   progress : 0.284
name: models.architecture.block_type=attention
training.mode=rollout
models.out_dim=10
models.architecture.n_encoder_layers=1
models.architecture.n_decoder_layers=1
seed=1    avg_loss: 0.000001941087  time_per_window : 0.000222   progress : 0.295
name: models.architecture.block_type=attention
training.mode=rollout
models.out_dim=10
models.architecture.n_encoder_layers=1
models.architecture.n_decoder_layers=1
seed=1    avg_loss: 0.000002137644  time_per_window : 0.000208   progress : 0.306
name: models.architecture.block_type=attention
training.mode=rollout
models.out_dim=10
models.architecture.n_encoder_layers=1
models.architecture.n_decoder_layers=1
seed=1    avg_loss: 0.000002030129  time_per_window : 0.000227   progress : 0.317
name: models.architecture.block_type=attention
training.mode=rollout
models.out_dim=10
models.architecture.n_encoder_layers=1
models.architecture.n_decoder_layers=1
seed=1    avg_loss: 0.000001764780  time_per_window : 0.000220   progress : 0.328
name: models.architecture.block_type=attention
training.mode=rollout
models.out_dim=10
models.architecture.n_encoder_layers=1
models.architecture.n_decoder_layers=1
seed=1    avg_loss: 0.000001754294  time_per_window : 0.000232   progress : 0.339
name: models.architecture.block_type=attention
training.mode=rollout
models.out_dim=10
models.architecture.n_encoder_layers=1
models.architecture.n_decoder_layers=1
seed=1    avg_loss: 0.000002054723  time_per_window : 0.000216   progress : 0.350
name: models.architecture.block_type=attention
training.mode=rollout
models.out_dim=10
models.architecture.n_encoder_layers=1
models.architecture.n_decoder_layers=1
seed=1    avg_loss: 0.000001966245  time_per_window : 0.000245   progress : 0.360
name: models.architecture.block_type=attention
training.mode=rollout
models.out_dim=10
models.architecture.n_encoder_layers=1
models.architecture.n_decoder_layers=1
seed=1    avg_loss: 0.000001794859  time_per_window : 0.000261   progress : 0.371
name: models.architecture.block_type=attention
training.mode=rollout
models.out_dim=10
models.architecture.n_encoder_layers=1
models.architecture.n_decoder_layers=1
seed=1    avg_loss: 0.000001486087  time_per_window : 0.000231   progress : 0.382
name: models.architecture.block_type=attention
training.mode=rollout
models.out_dim=10
models.architecture.n_encoder_layers=1
models.architecture.n_decoder_layers=1
seed=1    avg_loss: 0.000001954746  time_per_window : 0.000222   progress : 0.393
name: models.architecture.block_type=attention
training.mode=rollout
models.out_dim=10
models.architecture.n_encoder_layers=1
models.architecture.n_decoder_layers=1
seed=1    avg_loss: 0.000001676822  time_per_window : 0.000249   progress : 0.404
name: models.architecture.block_type=attention
training.mode=rollout
models.out_dim=10
models.architecture.n_encoder_layers=1
models.architecture.n_decoder_layers=1
seed=1    avg_loss: 0.000001609001  time_per_window : 0.000254   progress : 0.415
name: models.architecture.block_type=attention
training.mode=rollout
models.out_dim=10
models.architecture.n_encoder_layers=1
models.architecture.n_decoder_layers=1
seed=1    avg_loss: 0.000001723377  time_per_window : 0.000218   progress : 0.426
name: models.architecture.block_type=attention
training.mode=rollout
models.out_dim=10
models.architecture.n_encoder_layers=1
models.architecture.n_decoder_layers=1
seed=1    avg_loss: 0.000001600087  time_per_window : 0.000242   progress : 0.437
name: models.architecture.block_type=attention
training.mode=rollout
models.out_dim=10
models.architecture.n_encoder_layers=1
models.architecture.n_decoder_layers=1
seed=1    avg_loss: 0.000001630327  time_per_window : 0.000256   progress : 0.448
name: models.architecture.block_type=attention
training.mode=rollout
models.out_dim=10
models.architecture.n_encoder_layers=1
models.architecture.n_decoder_layers=1
seed=1    avg_loss: 0.000001663381  time_per_window : 0.000246   progress : 0.459
name: models.architecture.block_type=attention
training.mode=rollout
models.out_dim=10
models.architecture.n_encoder_layers=1
models.architecture.n_decoder_layers=1
seed=1    avg_loss: 0.000001506054  time_per_window : 0.000203   progress : 0.470
name: models.architecture.block_type=attention
training.mode=rollout
models.out_dim=10
models.architecture.n_encoder_layers=1
models.architecture.n_decoder_layers=1
seed=1    avg_loss: 0.000001764184  time_per_window : 0.000211   progress : 0.481
name: models.architecture.block_type=attention
training.mode=rollout
models.out_dim=10
models.architecture.n_encoder_layers=1
models.architecture.n_decoder_layers=1
seed=1    avg_loss: 0.000001344520  time_per_window : 0.000223   progress : 0.492
name: models.architecture.block_type=attention
training.mode=rollout
models.out_dim=10
models.architecture.n_encoder_layers=1
models.architecture.n_decoder_layers=1
seed=0    avg_loss: 0.000002168239  time_per_window : 0.000231   progress : 0.131
name: models.architecture.block_type=attention
training.mode=rollout
models.out_dim=10
models.architecture.n_encoder_layers=1
models.architecture.n_decoder_layers=1
seed=0    avg_loss: 0.000002637759  time_per_window : 0.000256   progress : 0.142
name: models.architecture.block_type=attention
training.mode=rollout
models.out_dim=10
models.architecture.n_encoder_layers=1
models.architecture.n_decoder_layers=1
seed=0    avg_loss: 0.000002331935  time_per_window : 0.000211   progress : 0.153
name: models.architecture.block_type=attention
training.mode=rollout
models.out_dim=10
models.architecture.n_encoder_layers=1
models.architecture.n_decoder_layers=1
seed=0    avg_loss: 0.000002098154  time_per_window : 0.000241   progress : 0.164
name: models.architecture.block_type=attention
training.mode=rollout
models.out_dim=10
models.architecture.n_encoder_layers=1
models.architecture.n_decoder_layers=1
seed=0    avg_loss: 0.000002409866  time_per_window : 0.000235   progress : 0.175
name: models.architecture.block_type=attention
training.mode=rollout
models.out_dim=10
models.architecture.n_encoder_layers=1
models.architecture.n_decoder_layers=1
seed=0    avg_loss: 0.000002608752  time_per_window : 0.000245   progress : 0.186
name: models.architecture.block_type=attention
training.mode=rollout
models.out_dim=10
models.architecture.n_encoder_layers=1
models.architecture.n_decoder_layers=1
seed=0    avg_loss: 0.000002230273  time_per_window : 0.000259   progress : 0.197
name: models.architecture.block_type=attention
training.mode=rollout
models.out_dim=10
models.architecture.n_encoder_layers=1
models.architecture.n_decoder_layers=1
seed=0    avg_loss: 0.000001542961  time_per_window : 0.000266   progress : 0.208
name: models.architecture.block_type=attention
training.mode=rollout
models.out_dim=10
models.architecture.n_encoder_layers=1
models.architecture.n_decoder_layers=1
seed=0    avg_loss: 0.000002727082  time_per_window : 0.000217   progress : 0.218
name: models.architecture.block_type=attention
training.mode=rollout
models.out_dim=10
models.architecture.n_encoder_layers=1
models.architecture.n_decoder_layers=1
seed=0    avg_loss: 0.000002237352  time_per_window : 0.000266   progress : 0.229
name: models.architecture.block_type=attention
training.mode=rollout
models.out_dim=10
models.architecture.n_encoder_layers=1
models.architecture.n_decoder_layers=1
seed=0    avg_loss: 0.000001976417  time_per_window : 0.000208   progress : 0.240
name: models.architecture.block_type=attention
training.mode=rollout
models.out_dim=10
models.architecture.n_encoder_layers=1
models.architecture.n_decoder_layers=1
seed=0    avg_loss: 0.000001982866  time_per_window : 0.000226   progress : 0.251
name: models.architecture.block_type=attention
training.mode=rollout
models.out_dim=10
models.architecture.n_encoder_layers=1
models.architecture.n_decoder_layers=1
seed=0    avg_loss: 0.000002161089  time_per_window : 0.000267   progress : 0.262
name: models.architecture.block_type=attention
training.mode=rollout
models.out_dim=10
models.architecture.n_encoder_layers=1
models.architecture.n_decoder_layers=1
seed=0    avg_loss: 0.000002082438  time_per_window : 0.000205   progress : 0.273
name: models.architecture.block_type=attention
training.mode=rollout
models.out_dim=10
models.architecture.n_encoder_layers=1
models.architecture.n_decoder_layers=1
seed=0    avg_loss: 0.000001739061  time_per_window : 0.000220   progress : 0.284
name: models.architecture.block_type=attention
training.mode=rollout
models.out_dim=10
models.architecture.n_encoder_layers=1
models.architecture.n_decoder_layers=1
seed=0    avg_loss: 0.000002099367  time_per_window : 0.000236   progress : 0.295
name: models.architecture.block_type=attention
training.mode=rollout
models.out_dim=10
models.architecture.n_encoder_layers=1
models.architecture.n_decoder_layers=1
seed=0    avg_loss: 0.000002416568  time_per_window : 0.000226   progress : 0.306
name: models.architecture.block_type=attention
training.mode=rollout
models.out_dim=10
models.architecture.n_encoder_layers=1
models.architecture.n_decoder_layers=1
seed=0    avg_loss: 0.000001592372  time_per_window : 0.000230   progress : 0.317
name: models.architecture.block_type=attention
training.mode=rollout
models.out_dim=10
models.architecture.n_encoder_layers=1
models.architecture.n_decoder_layers=1
seed=0    avg_loss: 0.000001659624  time_per_window : 0.000232   progress : 0.328
name: models.architecture.block_type=attention
training.mode=rollout
models.out_dim=10
models.architecture.n_encoder_layers=1
models.architecture.n_decoder_layers=1
seed=0    avg_loss: 0.000001768947  time_per_window : 0.000236   progress : 0.339
name: models.architecture.block_type=attention
training.mode=rollout
models.out_dim=10
models.architecture.n_encoder_layers=1
models.architecture.n_decoder_layers=1
seed=0    avg_loss: 0.000001928986  time_per_window : 0.000203   progress : 0.350
name: models.architecture.block_type=attention
training.mode=rollout
models.out_dim=10
models.architecture.n_encoder_layers=1
models.architecture.n_decoder_layers=1
seed=0    avg_loss: 0.000001728334  time_per_window : 0.000214   progress : 0.360
name: models.architecture.block_type=attention
training.mode=rollout
models.out_dim=10
models.architecture.n_encoder_layers=1
models.architecture.n_decoder_layers=1
seed=0    avg_loss: 0.000001989165  time_per_window : 0.000233   progress : 0.371
name: models.architecture.block_type=attention
training.mode=rollout
models.out_dim=10
models.architecture.n_encoder_layers=1
models.architecture.n_decoder_layers=1
seed=0    avg_loss: 0.000001845481  time_per_window : 0.000229   progress : 0.382
name: models.architecture.block_type=attention
training.mode=rollout
models.out_dim=10
models.architecture.n_encoder_layers=1
models.architecture.n_decoder_layers=1
seed=0    avg_loss: 0.000001372964  time_per_window : 0.000225   progress : 0.393
name: models.architecture.block_type=attention
training.mode=rollout
models.out_dim=10
models.architecture.n_encoder_layers=1
models.architecture.n_decoder_layers=1
seed=0    avg_loss: 0.000002056676  time_per_window : 0.000221   progress : 0.404
name: models.architecture.block_type=attention
training.mode=rollout
models.out_dim=10
models.architecture.n_encoder_layers=1
models.architecture.n_decoder_layers=1
seed=0    avg_loss: 0.000001491917  time_per_window : 0.000229   progress : 0.415
name: models.architecture.block_type=attention
training.mode=rollout
models.out_dim=10
models.architecture.n_encoder_layers=1
models.architecture.n_decoder_layers=1
seed=0    avg_loss: 0.000001548323  time_per_window : 0.000221   progress : 0.426
name: models.architecture.block_type=attention
training.mode=rollout
models.out_dim=10
models.architecture.n_encoder_layers=1
models.architecture.n_decoder_layers=1
seed=0    avg_loss: 0.000001752957  time_per_window : 0.000226   progress : 0.437
name: models.architecture.block_type=attention
training.mode=rollout
models.out_dim=10
models.architecture.n_encoder_layers=1
models.architecture.n_decoder_layers=1
seed=0    avg_loss: 0.000001501672  time_per_window : 0.000230   progress : 0.448
name: models.architecture.block_type=attention
training.mode=rollout
models.out_dim=10
models.architecture.n_encoder_layers=1
models.architecture.n_decoder_layers=1
seed=0    avg_loss: 0.000001430231  time_per_window : 0.000212   progress : 0.459
name: models.architecture.block_type=attention
training.mode=rollout
models.out_dim=10
models.architecture.n_encoder_layers=1
models.architecture.n_decoder_layers=1
seed=0    avg_loss: 0.000001626563  time_per_window : 0.000199   progress : 0.470
name: models.architecture.block_type=attention
training.mode=rollout
models.out_dim=10
models.architecture.n_encoder_layers=1
models.architecture.n_decoder_layers=1
seed=0    avg_loss: 0.000001444920  time_per_window : 0.000238   progress : 0.481
name: models.architecture.block_type=attention
training.mode=rollout
models.out_dim=10
models.architecture.n_encoder_layers=1
models.architecture.n_decoder_layers=1
seed=0    avg_loss: 0.000001672684  time_per_window : 0.000235   progress : 0.492
name: models.architecture.block_type=attention
training.mode=rollout
models.out_dim=10
models.architecture.n_encoder_layers=1
models.architecture.n_decoder_layers=1
seed=4    avg_loss: 0.000003026641  time_per_window : 0.000222   progress : 0.131
name: models.architecture.block_type=attention
training.mode=rollout
models.out_dim=10
models.architecture.n_encoder_layers=1
models.architecture.n_decoder_layers=1
seed=4    avg_loss: 0.000001758453  time_per_window : 0.000235   progress : 0.142
name: models.architecture.block_type=attention
training.mode=rollout
models.out_dim=10
models.architecture.n_encoder_layers=1
models.architecture.n_decoder_layers=1
seed=4    avg_loss: 0.000002209594  time_per_window : 0.000248   progress : 0.153
name: models.architecture.block_type=attention
training.mode=rollout
models.out_dim=10
models.architecture.n_encoder_layers=1
models.architecture.n_decoder_layers=1
seed=4    avg_loss: 0.000002315090  time_per_window : 0.000250   progress : 0.164
name: models.architecture.block_type=attention
training.mode=rollout
models.out_dim=10
models.architecture.n_encoder_layers=1
models.architecture.n_decoder_layers=1
seed=4    avg_loss: 0.000002355968  time_per_window : 0.000243   progress : 0.175
name: models.architecture.block_type=attention
training.mode=rollout
models.out_dim=10
models.architecture.n_encoder_layers=1
models.architecture.n_decoder_layers=1
seed=4    avg_loss: 0.000002267129  time_per_window : 0.000223   progress : 0.186
name: models.architecture.block_type=attention
training.mode=rollout
models.out_dim=10
models.architecture.n_encoder_layers=1
models.architecture.n_decoder_layers=1
seed=4    avg_loss: 0.000002147100  time_per_window : 0.000232   progress : 0.197
name: models.architecture.block_type=attention
training.mode=rollout
models.out_dim=10
models.architecture.n_encoder_layers=1
models.architecture.n_decoder_layers=1
seed=4    avg_loss: 0.000001985173  time_per_window : 0.000241   progress : 0.208
name: models.architecture.block_type=attention
training.mode=rollout
models.out_dim=10
models.architecture.n_encoder_layers=1
models.architecture.n_decoder_layers=1
seed=4    avg_loss: 0.000002007263  time_per_window : 0.000242   progress : 0.218
name: models.architecture.block_type=attention
training.mode=rollout
models.out_dim=10
models.architecture.n_encoder_layers=1
models.architecture.n_decoder_layers=1
seed=4    avg_loss: 0.000002043027  time_per_window : 0.000248   progress : 0.229
name: models.architecture.block_type=attention
training.mode=rollout
models.out_dim=10
models.architecture.n_encoder_layers=1
models.architecture.n_decoder_layers=1
seed=4    avg_loss: 0.000002268536  time_per_window : 0.000234   progress : 0.240
name: models.architecture.block_type=attention
training.mode=rollout
models.out_dim=10
models.architecture.n_encoder_layers=1
models.architecture.n_decoder_layers=1
seed=4    avg_loss: 0.000001946083  time_per_window : 0.000231   progress : 0.251
name: models.architecture.block_type=attention
training.mode=rollout
models.out_dim=10
models.architecture.n_encoder_layers=1
models.architecture.n_decoder_layers=1
seed=4    avg_loss: 0.000002216566  time_per_window : 0.000229   progress : 0.262
name: models.architecture.block_type=attention
training.mode=rollout
models.out_dim=10
models.architecture.n_encoder_layers=1
models.architecture.n_decoder_layers=1
seed=4    avg_loss: 0.000001780436  time_per_window : 0.000226   progress : 0.273
name: models.architecture.block_type=attention
training.mode=rollout
models.out_dim=10
models.architecture.n_encoder_layers=1
models.architecture.n_decoder_layers=1
seed=4    avg_loss: 0.000002255926  time_per_window : 0.000237   progress : 0.284
name: models.architecture.block_type=attention
training.mode=rollout
models.out_dim=10
models.architecture.n_encoder_layers=1
models.architecture.n_decoder_layers=1
seed=4    avg_loss: 0.000001702933  time_per_window : 0.000229   progress : 0.295
name: models.architecture.block_type=attention
training.mode=rollout
models.out_dim=10
models.architecture.n_encoder_layers=1
models.architecture.n_decoder_layers=1
seed=4    avg_loss: 0.000001852272  time_per_window : 0.000211   progress : 0.306
name: models.architecture.block_type=attention
training.mode=rollout
models.out_dim=10
models.architecture.n_encoder_layers=1
models.architecture.n_decoder_layers=1
seed=4    avg_loss: 0.000001955934  time_per_window : 0.000216   progress : 0.317
name: models.architecture.block_type=attention
training.mode=rollout
models.out_dim=10
models.architecture.n_encoder_layers=1
models.architecture.n_decoder_layers=1
seed=4    avg_loss: 0.000001722312  time_per_window : 0.000241   progress : 0.328
name: models.architecture.block_type=attention
training.mode=rollout
models.out_dim=10
models.architecture.n_encoder_layers=1
models.architecture.n_decoder_layers=1
seed=4    avg_loss: 0.000001892209  time_per_window : 0.000228   progress : 0.339
name: models.architecture.block_type=attention
training.mode=rollout
models.out_dim=10
models.architecture.n_encoder_layers=1
models.architecture.n_decoder_layers=1
seed=4    avg_loss: 0.000001753745  time_per_window : 0.000209   progress : 0.350
name: models.architecture.block_type=attention
training.mode=rollout
models.out_dim=10
models.architecture.n_encoder_layers=1
models.architecture.n_decoder_layers=1
seed=4    avg_loss: 0.000001833719  time_per_window : 0.000243   progress : 0.360
name: models.architecture.block_type=attention
training.mode=rollout
models.out_dim=10
models.architecture.n_encoder_layers=1
models.architecture.n_decoder_layers=1
seed=4    avg_loss: 0.000001886724  time_per_window : 0.000219   progress : 0.371
name: models.architecture.block_type=attention
training.mode=rollout
models.out_dim=10
models.architecture.n_encoder_layers=1
models.architecture.n_decoder_layers=1
seed=4    avg_loss: 0.000001767756  time_per_window : 0.000220   progress : 0.382
name: models.architecture.block_type=attention
training.mode=rollout
models.out_dim=10
models.architecture.n_encoder_layers=1
models.architecture.n_decoder_layers=1
seed=4    avg_loss: 0.000001683274  time_per_window : 0.000219   progress : 0.393
name: models.architecture.block_type=attention
training.mode=rollout
models.out_dim=10
models.architecture.n_encoder_layers=1
models.architecture.n_decoder_layers=1
seed=4    avg_loss: 0.000001515202  time_per_window : 0.000211   progress : 0.404
name: models.architecture.block_type=attention
training.mode=rollout
models.out_dim=10
models.architecture.n_encoder_layers=1
models.architecture.n_decoder_layers=1
seed=4    avg_loss: 0.000001607043  time_per_window : 0.000217   progress : 0.415
name: models.architecture.block_type=attention
training.mode=rollout
models.out_dim=10
models.architecture.n_encoder_layers=1
models.architecture.n_decoder_layers=1
seed=4    avg_loss: 0.000001597086  time_per_window : 0.000238   progress : 0.426
name: models.architecture.block_type=attention
training.mode=rollout
models.out_dim=10
models.architecture.n_encoder_layers=1
models.architecture.n_decoder_layers=1
seed=4    avg_loss: 0.000001514118  time_per_window : 0.000226   progress : 0.437
name: models.architecture.block_type=attention
training.mode=rollout
models.out_dim=10
models.architecture.n_encoder_layers=1
models.architecture.n_decoder_layers=1
seed=4    avg_loss: 0.000001747532  time_per_window : 0.000213   progress : 0.448
name: models.architecture.block_type=attention
training.mode=rollout
models.out_dim=10
models.architecture.n_encoder_layers=1
models.architecture.n_decoder_layers=1
seed=4    avg_loss: 0.000001532491  time_per_window : 0.000228   progress : 0.459
name: models.architecture.block_type=attention
training.mode=rollout
models.out_dim=10
models.architecture.n_encoder_layers=1
models.architecture.n_decoder_layers=1
seed=4    avg_loss: 0.000001439967  time_per_window : 0.000220   progress : 0.470
name: models.architecture.block_type=attention
training.mode=rollout
models.out_dim=10
models.architecture.n_encoder_layers=1
models.architecture.n_decoder_layers=1
seed=4    avg_loss: 0.000001413498  time_per_window : 0.000208   progress : 0.481
name: models.architecture.block_type=attention
training.mode=rollout
models.out_dim=10
models.architecture.n_encoder_layers=1
models.architecture.n_decoder_layers=1
seed=4    avg_loss: 0.000001680944  time_per_window : 0.000251   progress : 0.492
name: models.architecture.block_type=attention
training.mode=rollout
models.out_dim=10
models.architecture.n_encoder_layers=1
models.architecture.n_decoder_layers=1
seed=2    avg_loss: 0.000002430807  time_per_window : 0.000245   progress : 0.131
name: models.architecture.block_type=attention
training.mode=rollout
models.out_dim=10
models.architecture.n_encoder_layers=1
models.architecture.n_decoder_layers=1
seed=2    avg_loss: 0.000001854655  time_per_window : 0.000215   progress : 0.142
name: models.architecture.block_type=attention
training.mode=rollout
models.out_dim=10
models.architecture.n_encoder_layers=1
models.architecture.n_decoder_layers=1
seed=2    avg_loss: 0.000002395027  time_per_window : 0.000229   progress : 0.153
name: models.architecture.block_type=attention
training.mode=rollout
models.out_dim=10
models.architecture.n_encoder_layers=1
models.architecture.n_decoder_layers=1
seed=2    avg_loss: 0.000002218713  time_per_window : 0.000274   progress : 0.164
name: models.architecture.block_type=attention
training.mode=rollout
models.out_dim=10
models.architecture.n_encoder_layers=1
models.architecture.n_decoder_layers=1
seed=2    avg_loss: 0.000001711736  time_per_window : 0.000233   progress : 0.175
name: models.architecture.block_type=attention
training.mode=rollout
models.out_dim=10
models.architecture.n_encoder_layers=1
models.architecture.n_decoder_layers=1
seed=2    avg_loss: 0.000002250797  time_per_window : 0.000251   progress : 0.186
name: models.architecture.block_type=attention
training.mode=rollout
models.out_dim=10
models.architecture.n_encoder_layers=1
models.architecture.n_decoder_layers=1
seed=2    avg_loss: 0.000001997336  time_per_window : 0.000244   progress : 0.197
name: models.architecture.block_type=attention
training.mode=rollout
models.out_dim=10
models.architecture.n_encoder_layers=1
models.architecture.n_decoder_layers=1
seed=2    avg_loss: 0.000002154273  time_per_window : 0.000225   progress : 0.208
name: models.architecture.block_type=attention
training.mode=rollout
models.out_dim=10
models.architecture.n_encoder_layers=1
models.architecture.n_decoder_layers=1
seed=2    avg_loss: 0.000001807534  time_per_window : 0.000239   progress : 0.218
name: models.architecture.block_type=attention
training.mode=rollout
models.out_dim=10
models.architecture.n_encoder_layers=1
models.architecture.n_decoder_layers=1
seed=2    avg_loss: 0.000001882548  time_per_window : 0.000227   progress : 0.229
name: models.architecture.block_type=attention
training.mode=rollout
models.out_dim=10
models.architecture.n_encoder_layers=1
models.architecture.n_decoder_layers=1
seed=2    avg_loss: 0.000002003861  time_per_window : 0.000267   progress : 0.240
name: models.architecture.block_type=attention
training.mode=rollout
models.out_dim=10
models.architecture.n_encoder_layers=1
models.architecture.n_decoder_layers=1
seed=2    avg_loss: 0.000002175667  time_per_window : 0.000230   progress : 0.251
name: models.architecture.block_type=attention
training.mode=rollout
models.out_dim=10
models.architecture.n_encoder_layers=1
models.architecture.n_decoder_layers=1
seed=2    avg_loss: 0.000001423272  time_per_window : 0.000252   progress : 0.262
name: models.architecture.block_type=attention
training.mode=rollout
models.out_dim=10
models.architecture.n_encoder_layers=1
models.architecture.n_decoder_layers=1
seed=2    avg_loss: 0.000002354840  time_per_window : 0.000223   progress : 0.273
name: models.architecture.block_type=attention
training.mode=rollout
models.out_dim=10
models.architecture.n_encoder_layers=1
models.architecture.n_decoder_layers=1
seed=2    avg_loss: 0.000001351965  time_per_window : 0.000282   progress : 0.284
name: models.architecture.block_type=attention
training.mode=rollout
models.out_dim=10
models.architecture.n_encoder_layers=1
models.architecture.n_decoder_layers=1
seed=2    avg_loss: 0.000001883557  time_per_window : 0.000249   progress : 0.295
name: models.architecture.block_type=attention
training.mode=rollout
models.out_dim=10
models.architecture.n_encoder_layers=1
models.architecture.n_decoder_layers=1
seed=2    avg_loss: 0.000001919400  time_per_window : 0.000232   progress : 0.306
name: models.architecture.block_type=attention
training.mode=rollout
models.out_dim=10
models.architecture.n_encoder_layers=1
models.architecture.n_decoder_layers=1
seed=2    avg_loss: 0.000001554189  time_per_window : 0.000233   progress : 0.317
name: models.architecture.block_type=attention
training.mode=rollout
models.out_dim=10
models.architecture.n_encoder_layers=1
models.architecture.n_decoder_layers=1
seed=2    avg_loss: 0.000001856960  time_per_window : 0.000224   progress : 0.328
name: models.architecture.block_type=attention
training.mode=rollout
models.out_dim=10
models.architecture.n_encoder_layers=1
models.architecture.n_decoder_layers=1
seed=2    avg_loss: 0.000001519115  time_per_window : 0.000215   progress : 0.339
name: models.architecture.block_type=attention
training.mode=rollout
models.out_dim=10
models.architecture.n_encoder_layers=1
models.architecture.n_decoder_layers=1
seed=2    avg_loss: 0.000001731540  time_per_window : 0.000239   progress : 0.350
name: models.architecture.block_type=attention
training.mode=rollout
models.out_dim=10
models.architecture.n_encoder_layers=1
models.architecture.n_decoder_layers=1
seed=2    avg_loss: 0.000001547181  time_per_window : 0.000223   progress : 0.360
name: models.architecture.block_type=attention
training.mode=rollout
models.out_dim=10
models.architecture.n_encoder_layers=1
models.architecture.n_decoder_layers=1
seed=2    avg_loss: 0.000001630006  time_per_window : 0.000283   progress : 0.371
name: models.architecture.block_type=attention
training.mode=rollout
models.out_dim=10
models.architecture.n_encoder_layers=1
models.architecture.n_decoder_layers=1
seed=2    avg_loss: 0.000001656456  time_per_window : 0.000246   progress : 0.382
name: models.architecture.block_type=attention
training.mode=rollout
models.out_dim=10
models.architecture.n_encoder_layers=1
models.architecture.n_decoder_layers=1
seed=2    avg_loss: 0.000001605243  time_per_window : 0.000216   progress : 0.393
name: models.architecture.block_type=attention
training.mode=rollout
models.out_dim=10
models.architecture.n_encoder_layers=1
models.architecture.n_decoder_layers=1
seed=2    avg_loss: 0.000001592950  time_per_window : 0.000234   progress : 0.404
name: models.architecture.block_type=attention
training.mode=rollout
models.out_dim=10
models.architecture.n_encoder_layers=1
models.architecture.n_decoder_layers=1
seed=2    avg_loss: 0.000001338065  time_per_window : 0.000203   progress : 0.415
name: models.architecture.block_type=attention
training.mode=rollout
models.out_dim=10
models.architecture.n_encoder_layers=1
models.architecture.n_decoder_layers=1
seed=2    avg_loss: 0.000001750296  time_per_window : 0.000258   progress : 0.426
name: models.architecture.block_type=attention
training.mode=rollout
models.out_dim=10
models.architecture.n_encoder_layers=1
models.architecture.n_decoder_layers=1
seed=2    avg_loss: 0.000001476916  time_per_window : 0.000225   progress : 0.437
name: models.architecture.block_type=attention
training.mode=rollout
models.out_dim=10
models.architecture.n_encoder_layers=1
models.architecture.n_decoder_layers=1
seed=2    avg_loss: 0.000001239169  time_per_window : 0.000217   progress : 0.448
name: models.architecture.block_type=attention
training.mode=rollout
models.out_dim=10
models.architecture.n_encoder_layers=1
models.architecture.n_decoder_layers=1
seed=2    avg_loss: 0.000001572428  time_per_window : 0.000231   progress : 0.459
name: models.architecture.block_type=attention
training.mode=rollout
models.out_dim=10
models.architecture.n_encoder_layers=1
models.architecture.n_decoder_layers=1
seed=2    avg_loss: 0.000001178885  time_per_window : 0.000227   progress : 0.470
name: models.architecture.block_type=attention
training.mode=rollout
models.out_dim=10
models.architecture.n_encoder_layers=1
models.architecture.n_decoder_layers=1
seed=2    avg_loss: 0.000001404594  time_per_window : 0.000235   progress : 0.481
name: models.architecture.block_type=attention
training.mode=rollout
models.out_dim=10
models.architecture.n_encoder_layers=1
models.architecture.n_decoder_layers=1
seed=2    avg_loss: 0.000001436852  time_per_window : 0.000233   progress : 0.492
name: models.architecture.block_type=attention
training.mode=rollout
models.out_dim=10
models.architecture.n_encoder_layers=1
models.architecture.n_decoder_layers=1
seed=3    avg_loss: 0.000002479338  time_per_window : 0.000219   progress : 0.131
name: models.architecture.block_type=attention
training.mode=rollout
models.out_dim=10
models.architecture.n_encoder_layers=1
models.architecture.n_decoder_layers=1
seed=3    avg_loss: 0.000002397172  time_per_window : 0.000219   progress : 0.142
name: models.architecture.block_type=attention
training.mode=rollout
models.out_dim=10
models.architecture.n_encoder_layers=1
models.architecture.n_decoder_layers=1
seed=3    avg_loss: 0.000002374294  time_per_window : 0.000220   progress : 0.153
name: models.architecture.block_type=attention
training.mode=rollout
models.out_dim=10
models.architecture.n_encoder_layers=1
models.architecture.n_decoder_layers=1
seed=3    avg_loss: 0.000002359364  time_per_window : 0.000232   progress : 0.164
name: models.architecture.block_type=attention
training.mode=rollout
models.out_dim=10
models.architecture.n_encoder_layers=1
models.architecture.n_decoder_layers=1
seed=3    avg_loss: 0.000002335119  time_per_window : 0.000264   progress : 0.175
name: models.architecture.block_type=attention
training.mode=rollout
models.out_dim=10
models.architecture.n_encoder_layers=1
models.architecture.n_decoder_layers=1
seed=3    avg_loss: 0.000002347356  time_per_window : 0.000231   progress : 0.186
name: models.architecture.block_type=attention
training.mode=rollout
models.out_dim=10
models.architecture.n_encoder_layers=1
models.architecture.n_decoder_layers=1
seed=3    avg_loss: 0.000002309963  time_per_window : 0.000224   progress : 0.197
name: models.architecture.block_type=attention
training.mode=rollout
models.out_dim=10
models.architecture.n_encoder_layers=1
models.architecture.n_decoder_layers=1
seed=3    avg_loss: 0.000002658500  time_per_window : 0.000226   progress : 0.208
name: models.architecture.block_type=attention
training.mode=rollout
models.out_dim=10
models.architecture.n_encoder_layers=1
models.architecture.n_decoder_layers=1
seed=3    avg_loss: 0.000001807295  time_per_window : 0.000256   progress : 0.218
name: models.architecture.block_type=attention
training.mode=rollout
models.out_dim=10
models.architecture.n_encoder_layers=1
models.architecture.n_decoder_layers=1
seed=3    avg_loss: 0.000002041344  time_per_window : 0.000225   progress : 0.229
name: models.architecture.block_type=attention
training.mode=rollout
models.out_dim=10
models.architecture.n_encoder_layers=1
models.architecture.n_decoder_layers=1
seed=3    avg_loss: 0.000002398719  time_per_window : 0.000241   progress : 0.240
name: models.architecture.block_type=attention
training.mode=rollout
models.out_dim=10
models.architecture.n_encoder_layers=1
models.architecture.n_decoder_layers=1
seed=3    avg_loss: 0.000002097687  time_per_window : 0.000223   progress : 0.251
name: models.architecture.block_type=attention
training.mode=rollout
models.out_dim=10
models.architecture.n_encoder_layers=1
models.architecture.n_decoder_layers=1
seed=3    avg_loss: 0.000002166565  time_per_window : 0.000243   progress : 0.262
name: models.architecture.block_type=attention
training.mode=rollout
models.out_dim=10
models.architecture.n_encoder_layers=1
models.architecture.n_decoder_layers=1
seed=3    avg_loss: 0.000002045535  time_per_window : 0.000214   progress : 0.273
name: models.architecture.block_type=attention
training.mode=rollout
models.out_dim=10
models.architecture.n_encoder_layers=1
models.architecture.n_decoder_layers=1
seed=3    avg_loss: 0.000002119346  time_per_window : 0.000265   progress : 0.284
name: models.architecture.block_type=attention
training.mode=rollout
models.out_dim=10
models.architecture.n_encoder_layers=1
models.architecture.n_decoder_layers=1
seed=3    avg_loss: 0.000001742429  time_per_window : 0.000238   progress : 0.295
name: models.architecture.block_type=attention
training.mode=rollout
models.out_dim=10
models.architecture.n_encoder_layers=1
models.architecture.n_decoder_layers=1
seed=3    avg_loss: 0.000002357289  time_per_window : 0.000240   progress : 0.306
name: models.architecture.block_type=attention
training.mode=rollout
models.out_dim=10
models.architecture.n_encoder_layers=1
models.architecture.n_decoder_layers=1
seed=3    avg_loss: 0.000001934963  time_per_window : 0.000245   progress : 0.317
name: models.architecture.block_type=attention
training.mode=rollout
models.out_dim=10
models.architecture.n_encoder_layers=1
models.architecture.n_decoder_layers=1
seed=3    avg_loss: 0.000001690457  time_per_window : 0.000232   progress : 0.328
name: models.architecture.block_type=attention
training.mode=rollout
models.out_dim=10
models.architecture.n_encoder_layers=1
models.architecture.n_decoder_layers=1
seed=3    avg_loss: 0.000002238941  time_per_window : 0.000237   progress : 0.339
name: models.architecture.block_type=attention
training.mode=rollout
models.out_dim=10
models.architecture.n_encoder_layers=1
models.architecture.n_decoder_layers=1
seed=3    avg_loss: 0.000001636558  time_per_window : 0.000236   progress : 0.350
name: models.architecture.block_type=attention
training.mode=rollout
models.out_dim=10
models.architecture.n_encoder_layers=1
models.architecture.n_decoder_layers=1
seed=3    avg_loss: 0.000001795028  time_per_window : 0.000214   progress : 0.360
name: models.architecture.block_type=attention
training.mode=rollout
models.out_dim=10
models.architecture.n_encoder_layers=1
models.architecture.n_decoder_layers=1
seed=3    avg_loss: 0.000001623349  time_per_window : 0.000241   progress : 0.371
name: models.architecture.block_type=attention
training.mode=rollout
models.out_dim=10
models.architecture.n_encoder_layers=1
models.architecture.n_decoder_layers=1
seed=3    avg_loss: 0.000002081398  time_per_window : 0.000228   progress : 0.382
name: models.architecture.block_type=attention
training.mode=rollout
models.out_dim=10
models.architecture.n_encoder_layers=1
models.architecture.n_decoder_layers=1
seed=3    avg_loss: 0.000001679593  time_per_window : 0.000245   progress : 0.393
name: models.architecture.block_type=attention
training.mode=rollout
models.out_dim=10
models.architecture.n_encoder_layers=1
models.architecture.n_decoder_layers=1
seed=3    avg_loss: 0.000001467348  time_per_window : 0.000213   progress : 0.404
name: models.architecture.block_type=attention
training.mode=rollout
models.out_dim=10
models.architecture.n_encoder_layers=1
models.architecture.n_decoder_layers=1
seed=3    avg_loss: 0.000002160196  time_per_window : 0.000243   progress : 0.415
name: models.architecture.block_type=attention
training.mode=rollout
models.out_dim=10
models.architecture.n_encoder_layers=1
models.architecture.n_decoder_layers=1
seed=3    avg_loss: 0.000001407191  time_per_window : 0.000275   progress : 0.426
name: models.architecture.block_type=attention
training.mode=rollout
models.out_dim=10
models.architecture.n_encoder_layers=1
models.architecture.n_decoder_layers=1
seed=3    avg_loss: 0.000001587916  time_per_window : 0.000220   progress : 0.437
name: models.architecture.block_type=attention
training.mode=rollout
models.out_dim=10
models.architecture.n_encoder_layers=1
models.architecture.n_decoder_layers=1
seed=3    avg_loss: 0.000001865109  time_per_window : 0.000237   progress : 0.448
name: models.architecture.block_type=attention
training.mode=rollout
models.out_dim=10
models.architecture.n_encoder_layers=1
models.architecture.n_decoder_layers=1
seed=3    avg_loss: 0.000001514919  time_per_window : 0.000211   progress : 0.459
name: models.architecture.block_type=attention
training.mode=rollout
models.out_dim=10
models.architecture.n_encoder_layers=1
models.architecture.n_decoder_layers=1
seed=3    avg_loss: 0.000001579076  time_per_window : 0.000215   progress : 0.470
name: models.architecture.block_type=attention
training.mode=rollout
models.out_dim=10
models.architecture.n_encoder_layers=1
models.architecture.n_decoder_layers=1
seed=3    avg_loss: 0.000001534865  time_per_window : 0.000227   progress : 0.481
name: models.architecture.block_type=attention
training.mode=rollout
models.out_dim=10
models.architecture.n_encoder_layers=1
models.architecture.n_decoder_layers=1
seed=3    avg_loss: 0.000001579654  time_per_window : 0.000238   progress : 0.492
name: models.architecture.block_type=attention
training.mode=rollout
models.out_dim=10
models.architecture.n_encoder_layers=1
models.architecture.n_decoder_layers=1
seed=1    avg_loss: 0.000001575590  time_per_window : 0.000247   progress : 0.502
name: models.architecture.block_type=attention
training.mode=rollout
models.out_dim=10
models.architecture.n_encoder_layers=1
models.architecture.n_decoder_layers=1
seed=1    avg_loss: 0.000001447424  time_per_window : 0.000223   progress : 0.513
name: models.architecture.block_type=attention
training.mode=rollout
models.out_dim=10
models.architecture.n_encoder_layers=1
models.architecture.n_decoder_layers=1
seed=1    avg_loss: 0.000001251624  time_per_window : 0.000234   progress : 0.524
name: models.architecture.block_type=attention
training.mode=rollout
models.out_dim=10
models.architecture.n_encoder_layers=1
models.architecture.n_decoder_layers=1
seed=1    avg_loss: 0.000001575168  time_per_window : 0.000219   progress : 0.535
name: models.architecture.block_type=attention
training.mode=rollout
models.out_dim=10
models.architecture.n_encoder_layers=1
models.architecture.n_decoder_layers=1
seed=1    avg_loss: 0.000001456025  time_per_window : 0.000226   progress : 0.546
name: models.architecture.block_type=attention
training.mode=rollout
models.out_dim=10
models.architecture.n_encoder_layers=1
models.architecture.n_decoder_layers=1
seed=1    avg_loss: 0.000001259854  time_per_window : 0.000224   progress : 0.557
name: models.architecture.block_type=attention
training.mode=rollout
models.out_dim=10
models.architecture.n_encoder_layers=1
models.architecture.n_decoder_layers=1
seed=1    avg_loss: 0.000001484186  time_per_window : 0.000233   progress : 0.568
name: models.architecture.block_type=attention
training.mode=rollout
models.out_dim=10
models.architecture.n_encoder_layers=1
models.architecture.n_decoder_layers=1
seed=1    avg_loss: 0.000001450997  time_per_window : 0.000229   progress : 0.579
name: models.architecture.block_type=attention
training.mode=rollout
models.out_dim=10
models.architecture.n_encoder_layers=1
models.architecture.n_decoder_layers=1
seed=1    avg_loss: 0.000001231410  time_per_window : 0.000226   progress : 0.590
name: models.architecture.block_type=attention
training.mode=rollout
models.out_dim=10
models.architecture.n_encoder_layers=1
models.architecture.n_decoder_layers=1
seed=1    avg_loss: 0.000001519678  time_per_window : 0.000261   progress : 0.601
name: models.architecture.block_type=attention
training.mode=rollout
models.out_dim=10
models.architecture.n_encoder_layers=1
models.architecture.n_decoder_layers=1
seed=1    avg_loss: 0.000001145038  time_per_window : 0.000239   progress : 0.612
name: models.architecture.block_type=attention
training.mode=rollout
models.out_dim=10
models.architecture.n_encoder_layers=1
models.architecture.n_decoder_layers=1
seed=1    avg_loss: 0.000001181233  time_per_window : 0.000265   progress : 0.623
name: models.architecture.block_type=attention
training.mode=rollout
models.out_dim=10
models.architecture.n_encoder_layers=1
models.architecture.n_decoder_layers=1
seed=1    avg_loss: 0.000001449063  time_per_window : 0.000229   progress : 0.634
name: models.architecture.block_type=attention
training.mode=rollout
models.out_dim=10
models.architecture.n_encoder_layers=1
models.architecture.n_decoder_layers=1
seed=1    avg_loss: 0.000001074402  time_per_window : 0.000225   progress : 0.644
name: models.architecture.block_type=attention
training.mode=rollout
models.out_dim=10
models.architecture.n_encoder_layers=1
models.architecture.n_decoder_layers=1
seed=1    avg_loss: 0.000001215406  time_per_window : 0.000249   progress : 0.655
name: models.architecture.block_type=attention
training.mode=rollout
models.out_dim=10
models.architecture.n_encoder_layers=1
models.architecture.n_decoder_layers=1
seed=1    avg_loss: 0.000001337928  time_per_window : 0.000269   progress : 0.666
name: models.architecture.block_type=attention
training.mode=rollout
models.out_dim=10
models.architecture.n_encoder_layers=1
models.architecture.n_decoder_layers=1
seed=1    avg_loss: 0.000001099471  time_per_window : 0.000289   progress : 0.677
name: models.architecture.block_type=attention
training.mode=rollout
models.out_dim=10
models.architecture.n_encoder_layers=1
models.architecture.n_decoder_layers=1
seed=1    avg_loss: 0.000001248779  time_per_window : 0.000217   progress : 0.688
name: models.architecture.block_type=attention
training.mode=rollout
models.out_dim=10
models.architecture.n_encoder_layers=1
models.architecture.n_decoder_layers=1
seed=1    avg_loss: 0.000001221243  time_per_window : 0.000287   progress : 0.699
name: models.architecture.block_type=attention
training.mode=rollout
models.out_dim=10
models.architecture.n_encoder_layers=1
models.architecture.n_decoder_layers=1
seed=1    avg_loss: 0.000001016718  time_per_window : 0.000258   progress : 0.710
name: models.architecture.block_type=attention
training.mode=rollout
models.out_dim=10
models.architecture.n_encoder_layers=1
models.architecture.n_decoder_layers=1
seed=1    avg_loss: 0.000001148638  time_per_window : 0.000209   progress : 0.721
name: models.architecture.block_type=attention
training.mode=rollout
models.out_dim=10
models.architecture.n_encoder_layers=1
models.architecture.n_decoder_layers=1
seed=1    avg_loss: 0.000001177975  time_per_window : 0.000246   progress : 0.732
name: models.architecture.block_type=attention
training.mode=rollout
models.out_dim=10
models.architecture.n_encoder_layers=1
models.architecture.n_decoder_layers=1
seed=1    avg_loss: 0.000001132906  time_per_window : 0.000230   progress : 0.743
name: models.architecture.block_type=attention
training.mode=rollout
models.out_dim=10
models.architecture.n_encoder_layers=1
models.architecture.n_decoder_layers=1
seed=1    avg_loss: 0.000001166372  time_per_window : 0.000240   progress : 0.754
name: models.architecture.block_type=attention
training.mode=rollout
models.out_dim=10
models.architecture.n_encoder_layers=1
models.architecture.n_decoder_layers=1
seed=1    avg_loss: 0.000000884326  time_per_window : 0.000242   progress : 0.765
name: models.architecture.block_type=attention
training.mode=rollout
models.out_dim=10
models.architecture.n_encoder_layers=1
models.architecture.n_decoder_layers=1
seed=1    avg_loss: 0.000001086997  time_per_window : 0.000228   progress : 0.775
name: models.architecture.block_type=attention
training.mode=rollout
models.out_dim=10
models.architecture.n_encoder_layers=1
models.architecture.n_decoder_layers=1
seed=1    avg_loss: 0.000001025429  time_per_window : 0.000221   progress : 0.786
name: models.architecture.block_type=attention
training.mode=rollout
models.out_dim=10
models.architecture.n_encoder_layers=1
models.architecture.n_decoder_layers=1
seed=1    avg_loss: 0.000001228836  time_per_window : 0.000215   progress : 0.797
name: models.architecture.block_type=attention
training.mode=rollout
models.out_dim=10
models.architecture.n_encoder_layers=1
models.architecture.n_decoder_layers=1
seed=1    avg_loss: 0.000000830341  time_per_window : 0.000235   progress : 0.808
name: models.architecture.block_type=attention
training.mode=rollout
models.out_dim=10
models.architecture.n_encoder_layers=1
models.architecture.n_decoder_layers=1
seed=1    avg_loss: 0.000000970372  time_per_window : 0.000218   progress : 0.819
name: models.architecture.block_type=attention
training.mode=rollout
models.out_dim=10
models.architecture.n_encoder_layers=1
models.architecture.n_decoder_layers=1
seed=1    avg_loss: 0.000001151003  time_per_window : 0.000231   progress : 0.830
name: models.architecture.block_type=attention
training.mode=rollout
models.out_dim=10
models.architecture.n_encoder_layers=1
models.architecture.n_decoder_layers=1
seed=1    avg_loss: 0.000000894815  time_per_window : 0.000238   progress : 0.841
name: models.architecture.block_type=attention
training.mode=rollout
models.out_dim=10
models.architecture.n_encoder_layers=1
models.architecture.n_decoder_layers=1
seed=1    avg_loss: 0.000000957480  time_per_window : 0.000249   progress : 0.852
name: models.architecture.block_type=attention
training.mode=rollout
models.out_dim=10
models.architecture.n_encoder_layers=1
models.architecture.n_decoder_layers=1
seed=1    avg_loss: 0.000000902102  time_per_window : 0.000248   progress : 0.863
name: models.architecture.block_type=attention
training.mode=rollout
models.out_dim=10
models.architecture.n_encoder_layers=1
models.architecture.n_decoder_layers=1
seed=0    avg_loss: 0.000001551188  time_per_window : 0.000225   progress : 0.502
name: models.architecture.block_type=attention
training.mode=rollout
models.out_dim=10
models.architecture.n_encoder_layers=1
models.architecture.n_decoder_layers=1
seed=0    avg_loss: 0.000001403296  time_per_window : 0.000228   progress : 0.513
name: models.architecture.block_type=attention
training.mode=rollout
models.out_dim=10
models.architecture.n_encoder_layers=1
models.architecture.n_decoder_layers=1
seed=0    avg_loss: 0.000001514767  time_per_window : 0.000218   progress : 0.524
name: models.architecture.block_type=attention
training.mode=rollout
models.out_dim=10
models.architecture.n_encoder_layers=1
models.architecture.n_decoder_layers=1
seed=0    avg_loss: 0.000001253990  time_per_window : 0.000238   progress : 0.535
name: models.architecture.block_type=attention
training.mode=rollout
models.out_dim=10
models.architecture.n_encoder_layers=1
models.architecture.n_decoder_layers=1
seed=0    avg_loss: 0.000001599538  time_per_window : 0.000214   progress : 0.546
name: models.architecture.block_type=attention
training.mode=rollout
models.out_dim=10
models.architecture.n_encoder_layers=1
models.architecture.n_decoder_layers=1
seed=0    avg_loss: 0.000001526092  time_per_window : 0.000272   progress : 0.557
name: models.architecture.block_type=attention
training.mode=rollout
models.out_dim=10
models.architecture.n_encoder_layers=1
models.architecture.n_decoder_layers=1
seed=0    avg_loss: 0.000001012030  time_per_window : 0.000215   progress : 0.568
name: models.architecture.block_type=attention
training.mode=rollout
models.out_dim=10
models.architecture.n_encoder_layers=1
models.architecture.n_decoder_layers=1
seed=0    avg_loss: 0.000001370706  time_per_window : 0.000225   progress : 0.579
name: models.architecture.block_type=attention
training.mode=rollout
models.out_dim=10
models.architecture.n_encoder_layers=1
models.architecture.n_decoder_layers=1
seed=0    avg_loss: 0.000001414255  time_per_window : 0.000221   progress : 0.590
name: models.architecture.block_type=attention
training.mode=rollout
models.out_dim=10
models.architecture.n_encoder_layers=1
models.architecture.n_decoder_layers=1
seed=0    avg_loss: 0.000001119858  time_per_window : 0.000218   progress : 0.601
name: models.architecture.block_type=attention
training.mode=rollout
models.out_dim=10
models.architecture.n_encoder_layers=1
models.architecture.n_decoder_layers=1
seed=0    avg_loss: 0.000001401649  time_per_window : 0.000236   progress : 0.612
name: models.architecture.block_type=attention
training.mode=rollout
models.out_dim=10
models.architecture.n_encoder_layers=1
models.architecture.n_decoder_layers=1
seed=0    avg_loss: 0.000001322605  time_per_window : 0.000221   progress : 0.623
name: models.architecture.block_type=attention
training.mode=rollout
models.out_dim=10
models.architecture.n_encoder_layers=1
models.architecture.n_decoder_layers=1
seed=0    avg_loss: 0.000001370135  time_per_window : 0.000241   progress : 0.634
name: models.architecture.block_type=attention
training.mode=rollout
models.out_dim=10
models.architecture.n_encoder_layers=1
models.architecture.n_decoder_layers=1
seed=0    avg_loss: 0.000001097513  time_per_window : 0.000257   progress : 0.644
name: models.architecture.block_type=attention
training.mode=rollout
models.out_dim=10
models.architecture.n_encoder_layers=1
models.architecture.n_decoder_layers=1
seed=0    avg_loss: 0.000001223996  time_per_window : 0.000228   progress : 0.655
name: models.architecture.block_type=attention
training.mode=rollout
models.out_dim=10
models.architecture.n_encoder_layers=1
models.architecture.n_decoder_layers=1
seed=0    avg_loss: 0.000001148600  time_per_window : 0.000224   progress : 0.666
name: models.architecture.block_type=attention
training.mode=rollout
models.out_dim=10
models.architecture.n_encoder_layers=1
models.architecture.n_decoder_layers=1
seed=0    avg_loss: 0.000001236935  time_per_window : 0.000253   progress : 0.677
name: models.architecture.block_type=attention
training.mode=rollout
models.out_dim=10
models.architecture.n_encoder_layers=1
models.architecture.n_decoder_layers=1
seed=0    avg_loss: 0.000001178060  time_per_window : 0.000278   progress : 0.688
name: models.architecture.block_type=attention
training.mode=rollout
models.out_dim=10
models.architecture.n_encoder_layers=1
models.architecture.n_decoder_layers=1
seed=0    avg_loss: 0.000001052110  time_per_window : 0.000229   progress : 0.699
name: models.architecture.block_type=attention
training.mode=rollout
models.out_dim=10
models.architecture.n_encoder_layers=1
models.architecture.n_decoder_layers=1
seed=0    avg_loss: 0.000001264119  time_per_window : 0.000253   progress : 0.710
name: models.architecture.block_type=attention
training.mode=rollout
models.out_dim=10
models.architecture.n_encoder_layers=1
models.architecture.n_decoder_layers=1
seed=0    avg_loss: 0.000001118898  time_per_window : 0.000238   progress : 0.721
name: models.architecture.block_type=attention
training.mode=rollout
models.out_dim=10
models.architecture.n_encoder_layers=1
models.architecture.n_decoder_layers=1
seed=0    avg_loss: 0.000001268375  time_per_window : 0.000223   progress : 0.732
name: models.architecture.block_type=attention
training.mode=rollout
models.out_dim=10
models.architecture.n_encoder_layers=1
models.architecture.n_decoder_layers=1
seed=0    avg_loss: 0.000001122157  time_per_window : 0.000216   progress : 0.743
name: models.architecture.block_type=attention
training.mode=rollout
models.out_dim=10
models.architecture.n_encoder_layers=1
models.architecture.n_decoder_layers=1
seed=0    avg_loss: 0.000000938396  time_per_window : 0.000256   progress : 0.754
name: models.architecture.block_type=attention
training.mode=rollout
models.out_dim=10
models.architecture.n_encoder_layers=1
models.architecture.n_decoder_layers=1
seed=0    avg_loss: 0.000001157768  time_per_window : 0.000255   progress : 0.765
name: models.architecture.block_type=attention
training.mode=rollout
models.out_dim=10
models.architecture.n_encoder_layers=1
models.architecture.n_decoder_layers=1
seed=0    avg_loss: 0.000000976395  time_per_window : 0.000218   progress : 0.775
name: models.architecture.block_type=attention
training.mode=rollout
models.out_dim=10
models.architecture.n_encoder_layers=1
models.architecture.n_decoder_layers=1
seed=0    avg_loss: 0.000001049504  time_per_window : 0.000230   progress : 0.786
name: models.architecture.block_type=attention
training.mode=rollout
models.out_dim=10
models.architecture.n_encoder_layers=1
models.architecture.n_decoder_layers=1
seed=0    avg_loss: 0.000001002421  time_per_window : 0.000214   progress : 0.797
name: models.architecture.block_type=attention
training.mode=rollout
models.out_dim=10
models.architecture.n_encoder_layers=1
models.architecture.n_decoder_layers=1
seed=0    avg_loss: 0.000001033142  time_per_window : 0.000249   progress : 0.808
name: models.architecture.block_type=attention
training.mode=rollout
models.out_dim=10
models.architecture.n_encoder_layers=1
models.architecture.n_decoder_layers=1
seed=0    avg_loss: 0.000000958443  time_per_window : 0.000234   progress : 0.819
name: models.architecture.block_type=attention
training.mode=rollout
models.out_dim=10
models.architecture.n_encoder_layers=1
models.architecture.n_decoder_layers=1
seed=0    avg_loss: 0.000001227403  time_per_window : 0.000229   progress : 0.830
name: models.architecture.block_type=attention
training.mode=rollout
models.out_dim=10
models.architecture.n_encoder_layers=1
models.architecture.n_decoder_layers=1
seed=0    avg_loss: 0.000000787239  time_per_window : 0.000216   progress : 0.841
name: models.architecture.block_type=attention
training.mode=rollout
models.out_dim=10
models.architecture.n_encoder_layers=1
models.architecture.n_decoder_layers=1
seed=0    avg_loss: 0.000000917772  time_per_window : 0.000255   progress : 0.852
name: models.architecture.block_type=attention
training.mode=rollout
models.out_dim=10
models.architecture.n_encoder_layers=1
models.architecture.n_decoder_layers=1
seed=0    avg_loss: 0.000000928798  time_per_window : 0.000231   progress : 0.863
name: models.architecture.block_type=attention
training.mode=rollout
models.out_dim=10
models.architecture.n_encoder_layers=1
models.architecture.n_decoder_layers=1
seed=4    avg_loss: 0.000001392761  time_per_window : 0.000230   progress : 0.502
name: models.architecture.block_type=attention
training.mode=rollout
models.out_dim=10
models.architecture.n_encoder_layers=1
models.architecture.n_decoder_layers=1
seed=4    avg_loss: 0.000001478528  time_per_window : 0.000246   progress : 0.513
name: models.architecture.block_type=attention
training.mode=rollout
models.out_dim=10
models.architecture.n_encoder_layers=1
models.architecture.n_decoder_layers=1
seed=4    avg_loss: 0.000001437071  time_per_window : 0.000233   progress : 0.524
name: models.architecture.block_type=attention
training.mode=rollout
models.out_dim=10
models.architecture.n_encoder_layers=1
models.architecture.n_decoder_layers=1
seed=4    avg_loss: 0.000001283751  time_per_window : 0.000236   progress : 0.535
name: models.architecture.block_type=attention
training.mode=rollout
models.out_dim=10
models.architecture.n_encoder_layers=1
models.architecture.n_decoder_layers=1
seed=4    avg_loss: 0.000001550273  time_per_window : 0.000237   progress : 0.546
name: models.architecture.block_type=attention
training.mode=rollout
models.out_dim=10
models.architecture.n_encoder_layers=1
models.architecture.n_decoder_layers=1
seed=4    avg_loss: 0.000001214840  time_per_window : 0.000222   progress : 0.557
name: models.architecture.block_type=attention
training.mode=rollout
models.out_dim=10
models.architecture.n_encoder_layers=1
models.architecture.n_decoder_layers=1
seed=4    avg_loss: 0.000001350395  time_per_window : 0.000229   progress : 0.568
name: models.architecture.block_type=attention
training.mode=rollout
models.out_dim=10
models.architecture.n_encoder_layers=1
models.architecture.n_decoder_layers=1
seed=4    avg_loss: 0.000001343464  time_per_window : 0.000232   progress : 0.579
name: models.architecture.block_type=attention
training.mode=rollout
models.out_dim=10
models.architecture.n_encoder_layers=1
models.architecture.n_decoder_layers=1
seed=4    avg_loss: 0.000001214227  time_per_window : 0.000222   progress : 0.590
name: models.architecture.block_type=attention
training.mode=rollout
models.out_dim=10
models.architecture.n_encoder_layers=1
models.architecture.n_decoder_layers=1
seed=4    avg_loss: 0.000001336285  time_per_window : 0.000210   progress : 0.601
name: models.architecture.block_type=attention
training.mode=rollout
models.out_dim=10
models.architecture.n_encoder_layers=1
models.architecture.n_decoder_layers=1
seed=4    avg_loss: 0.000001259988  time_per_window : 0.000215   progress : 0.612
name: models.architecture.block_type=attention
training.mode=rollout
models.out_dim=10
models.architecture.n_encoder_layers=1
models.architecture.n_decoder_layers=1
seed=4    avg_loss: 0.000001296986  time_per_window : 0.000228   progress : 0.623
name: models.architecture.block_type=attention
training.mode=rollout
models.out_dim=10
models.architecture.n_encoder_layers=1
models.architecture.n_decoder_layers=1
seed=4    avg_loss: 0.000001307545  time_per_window : 0.000267   progress : 0.634
name: models.architecture.block_type=attention
training.mode=rollout
models.out_dim=10
models.architecture.n_encoder_layers=1
models.architecture.n_decoder_layers=1
seed=4    avg_loss: 0.000001188154  time_per_window : 0.000285   progress : 0.644
name: models.architecture.block_type=attention
training.mode=rollout
models.out_dim=10
models.architecture.n_encoder_layers=1
models.architecture.n_decoder_layers=1
seed=4    avg_loss: 0.000001232423  time_per_window : 0.000258   progress : 0.655
name: models.architecture.block_type=attention
training.mode=rollout
models.out_dim=10
models.architecture.n_encoder_layers=1
models.architecture.n_decoder_layers=1
seed=4    avg_loss: 0.000001309924  time_per_window : 0.000236   progress : 0.666
name: models.architecture.block_type=attention
training.mode=rollout
models.out_dim=10
models.architecture.n_encoder_layers=1
models.architecture.n_decoder_layers=1
seed=4    avg_loss: 0.000001086228  time_per_window : 0.000283   progress : 0.677
name: models.architecture.block_type=attention
training.mode=rollout
models.out_dim=10
models.architecture.n_encoder_layers=1
models.architecture.n_decoder_layers=1
seed=4    avg_loss: 0.000001130714  time_per_window : 0.000223   progress : 0.688
name: models.architecture.block_type=attention
training.mode=rollout
models.out_dim=10
models.architecture.n_encoder_layers=1
models.architecture.n_decoder_layers=1
seed=4    avg_loss: 0.000001205606  time_per_window : 0.000255   progress : 0.699
name: models.architecture.block_type=attention
training.mode=rollout
models.out_dim=10
models.architecture.n_encoder_layers=1
models.architecture.n_decoder_layers=1
seed=4    avg_loss: 0.000000986691  time_per_window : 0.000269   progress : 0.710
name: models.architecture.block_type=attention
training.mode=rollout
models.out_dim=10
models.architecture.n_encoder_layers=1
models.architecture.n_decoder_layers=1
seed=4    avg_loss: 0.000001076308  time_per_window : 0.000250   progress : 0.721
name: models.architecture.block_type=attention
training.mode=rollout
models.out_dim=10
models.architecture.n_encoder_layers=1
models.architecture.n_decoder_layers=1
seed=4    avg_loss: 0.000001353441  time_per_window : 0.000222   progress : 0.732
name: models.architecture.block_type=attention
training.mode=rollout
models.out_dim=10
models.architecture.n_encoder_layers=1
models.architecture.n_decoder_layers=1
seed=4    avg_loss: 0.000000940050  time_per_window : 0.000222   progress : 0.743
name: models.architecture.block_type=attention
training.mode=rollout
models.out_dim=10
models.architecture.n_encoder_layers=1
models.architecture.n_decoder_layers=1
seed=4    avg_loss: 0.000001177438  time_per_window : 0.000229   progress : 0.754
name: models.architecture.block_type=attention
training.mode=rollout
models.out_dim=10
models.architecture.n_encoder_layers=1
models.architecture.n_decoder_layers=1
seed=4    avg_loss: 0.000001104897  time_per_window : 0.000241   progress : 0.765
name: models.architecture.block_type=attention
training.mode=rollout
models.out_dim=10
models.architecture.n_encoder_layers=1
models.architecture.n_decoder_layers=1
seed=4    avg_loss: 0.000000987368  time_per_window : 0.000234   progress : 0.775
name: models.architecture.block_type=attention
training.mode=rollout
models.out_dim=10
models.architecture.n_encoder_layers=1
models.architecture.n_decoder_layers=1
seed=4    avg_loss: 0.000001014506  time_per_window : 0.000232   progress : 0.786
name: models.architecture.block_type=attention
training.mode=rollout
models.out_dim=10
models.architecture.n_encoder_layers=1
models.architecture.n_decoder_layers=1
seed=4    avg_loss: 0.000000995884  time_per_window : 0.000219   progress : 0.797
name: models.architecture.block_type=attention
training.mode=rollout
models.out_dim=10
models.architecture.n_encoder_layers=1
models.architecture.n_decoder_layers=1
seed=4    avg_loss: 0.000000973127  time_per_window : 0.000229   progress : 0.808
name: models.architecture.block_type=attention
training.mode=rollout
models.out_dim=10
models.architecture.n_encoder_layers=1
models.architecture.n_decoder_layers=1
seed=4    avg_loss: 0.000000935402  time_per_window : 0.000231   progress : 0.819
name: models.architecture.block_type=attention
training.mode=rollout
models.out_dim=10
models.architecture.n_encoder_layers=1
models.architecture.n_decoder_layers=1
seed=4    avg_loss: 0.000001057393  time_per_window : 0.000235   progress : 0.830
name: models.architecture.block_type=attention
training.mode=rollout
models.out_dim=10
models.architecture.n_encoder_layers=1
models.architecture.n_decoder_layers=1
seed=4    avg_loss: 0.000000790020  time_per_window : 0.000199   progress : 0.841
name: models.architecture.block_type=attention
training.mode=rollout
models.out_dim=10
models.architecture.n_encoder_layers=1
models.architecture.n_decoder_layers=1
seed=4    avg_loss: 0.000001197186  time_per_window : 0.000227   progress : 0.852
name: models.architecture.block_type=attention
training.mode=rollout
models.out_dim=10
models.architecture.n_encoder_layers=1
models.architecture.n_decoder_layers=1
seed=4    avg_loss: 0.000000793509  time_per_window : 0.000232   progress : 0.863
name: models.architecture.block_type=attention
training.mode=rollout
models.out_dim=10
models.architecture.n_encoder_layers=1
models.architecture.n_decoder_layers=1
seed=2    avg_loss: 0.000001322842  time_per_window : 0.000224   progress : 0.502
name: models.architecture.block_type=attention
training.mode=rollout
models.out_dim=10
models.architecture.n_encoder_layers=1
models.architecture.n_decoder_layers=1
seed=2    avg_loss: 0.000001232683  time_per_window : 0.000246   progress : 0.513
name: models.architecture.block_type=attention
training.mode=rollout
models.out_dim=10
models.architecture.n_encoder_layers=1
models.architecture.n_decoder_layers=1
seed=2    avg_loss: 0.000001461927  time_per_window : 0.000241   progress : 0.524
name: models.architecture.block_type=attention
training.mode=rollout
models.out_dim=10
models.architecture.n_encoder_layers=1
models.architecture.n_decoder_layers=1
seed=2    avg_loss: 0.000001280440  time_per_window : 0.000273   progress : 0.535
name: models.architecture.block_type=attention
training.mode=rollout
models.out_dim=10
models.architecture.n_encoder_layers=1
models.architecture.n_decoder_layers=1
seed=2    avg_loss: 0.000001189875  time_per_window : 0.000236   progress : 0.546
name: models.architecture.block_type=attention
training.mode=rollout
models.out_dim=10
models.architecture.n_encoder_layers=1
models.architecture.n_decoder_layers=1
seed=2    avg_loss: 0.000001388741  time_per_window : 0.000257   progress : 0.557
name: models.architecture.block_type=attention
training.mode=rollout
models.out_dim=10
models.architecture.n_encoder_layers=1
models.architecture.n_decoder_layers=1
seed=2    avg_loss: 0.000001190945  time_per_window : 0.000221   progress : 0.568
name: models.architecture.block_type=attention
training.mode=rollout
models.out_dim=10
models.architecture.n_encoder_layers=1
models.architecture.n_decoder_layers=1
seed=2    avg_loss: 0.000001244510  time_per_window : 0.000249   progress : 0.579
name: models.architecture.block_type=attention
training.mode=rollout
models.out_dim=10
models.architecture.n_encoder_layers=1
models.architecture.n_decoder_layers=1
seed=2    avg_loss: 0.000001220211  time_per_window : 0.000207   progress : 0.590
name: models.architecture.block_type=attention
training.mode=rollout
models.out_dim=10
models.architecture.n_encoder_layers=1
models.architecture.n_decoder_layers=1
seed=2    avg_loss: 0.000001064019  time_per_window : 0.000247   progress : 0.601
name: models.architecture.block_type=attention
training.mode=rollout
models.out_dim=10
models.architecture.n_encoder_layers=1
models.architecture.n_decoder_layers=1
seed=2    avg_loss: 0.000001224504  time_per_window : 0.000262   progress : 0.612
name: models.architecture.block_type=attention
training.mode=rollout
models.out_dim=10
models.architecture.n_encoder_layers=1
models.architecture.n_decoder_layers=1
seed=2    avg_loss: 0.000001076719  time_per_window : 0.000216   progress : 0.623
name: models.architecture.block_type=attention
training.mode=rollout
models.out_dim=10
models.architecture.n_encoder_layers=1
models.architecture.n_decoder_layers=1
seed=2    avg_loss: 0.000001164541  time_per_window : 0.000257   progress : 0.634
name: models.architecture.block_type=attention
training.mode=rollout
models.out_dim=10
models.architecture.n_encoder_layers=1
models.architecture.n_decoder_layers=1
seed=2    avg_loss: 0.000001159248  time_per_window : 0.000233   progress : 0.644
name: models.architecture.block_type=attention
training.mode=rollout
models.out_dim=10
models.architecture.n_encoder_layers=1
models.architecture.n_decoder_layers=1
seed=2    avg_loss: 0.000001149856  time_per_window : 0.000273   progress : 0.655
name: models.architecture.block_type=attention
training.mode=rollout
models.out_dim=10
models.architecture.n_encoder_layers=1
models.architecture.n_decoder_layers=1
seed=2    avg_loss: 0.000001061617  time_per_window : 0.000215   progress : 0.666
name: models.architecture.block_type=attention
training.mode=rollout
models.out_dim=10
models.architecture.n_encoder_layers=1
models.architecture.n_decoder_layers=1
seed=2    avg_loss: 0.000000968123  time_per_window : 0.000250   progress : 0.677
name: models.architecture.block_type=attention
training.mode=rollout
models.out_dim=10
models.architecture.n_encoder_layers=1
models.architecture.n_decoder_layers=1
seed=2    avg_loss: 0.000001090221  time_per_window : 0.000243   progress : 0.688
name: models.architecture.block_type=attention
training.mode=rollout
models.out_dim=10
models.architecture.n_encoder_layers=1
models.architecture.n_decoder_layers=1
seed=2    avg_loss: 0.000001056158  time_per_window : 0.000275   progress : 0.699
name: models.architecture.block_type=attention
training.mode=rollout
models.out_dim=10
models.architecture.n_encoder_layers=1
models.architecture.n_decoder_layers=1
seed=2    avg_loss: 0.000001120409  time_per_window : 0.000227   progress : 0.710
name: models.architecture.block_type=attention
training.mode=rollout
models.out_dim=10
models.architecture.n_encoder_layers=1
models.architecture.n_decoder_layers=1
seed=2    avg_loss: 0.000000929110  time_per_window : 0.000232   progress : 0.721
name: models.architecture.block_type=attention
training.mode=rollout
models.out_dim=10
models.architecture.n_encoder_layers=1
models.architecture.n_decoder_layers=1
seed=2    avg_loss: 0.000001157867  time_per_window : 0.000249   progress : 0.732
name: models.architecture.block_type=attention
training.mode=rollout
models.out_dim=10
models.architecture.n_encoder_layers=1
models.architecture.n_decoder_layers=1
seed=2    avg_loss: 0.000000890842  time_per_window : 0.000207   progress : 0.743
name: models.architecture.block_type=attention
training.mode=rollout
models.out_dim=10
models.architecture.n_encoder_layers=1
models.architecture.n_decoder_layers=1
seed=2    avg_loss: 0.000000910473  time_per_window : 0.000242   progress : 0.754
name: models.architecture.block_type=attention
training.mode=rollout
models.out_dim=10
models.architecture.n_encoder_layers=1
models.architecture.n_decoder_layers=1
seed=2    avg_loss: 0.000000937349  time_per_window : 0.000233   progress : 0.765
name: models.architecture.block_type=attention
training.mode=rollout
models.out_dim=10
models.architecture.n_encoder_layers=1
models.architecture.n_decoder_layers=1
seed=2    avg_loss: 0.000001006840  time_per_window : 0.000222   progress : 0.775
name: models.architecture.block_type=attention
training.mode=rollout
models.out_dim=10
models.architecture.n_encoder_layers=1
models.architecture.n_decoder_layers=1
seed=2    avg_loss: 0.000000914465  time_per_window : 0.000252   progress : 0.786
name: models.architecture.block_type=attention
training.mode=rollout
models.out_dim=10
models.architecture.n_encoder_layers=1
models.architecture.n_decoder_layers=1
seed=2    avg_loss: 0.000000914707  time_per_window : 0.000226   progress : 0.797
name: models.architecture.block_type=attention
training.mode=rollout
models.out_dim=10
models.architecture.n_encoder_layers=1
models.architecture.n_decoder_layers=1
seed=2    avg_loss: 0.000000961734  time_per_window : 0.000243   progress : 0.808
name: models.architecture.block_type=attention
training.mode=rollout
models.out_dim=10
models.architecture.n_encoder_layers=1
models.architecture.n_decoder_layers=1
seed=2    avg_loss: 0.000000834230  time_per_window : 0.000246   progress : 0.819
name: models.architecture.block_type=attention
training.mode=rollout
models.out_dim=10
models.architecture.n_encoder_layers=1
models.architecture.n_decoder_layers=1
seed=2    avg_loss: 0.000000846464  time_per_window : 0.000207   progress : 0.830
name: models.architecture.block_type=attention
training.mode=rollout
models.out_dim=10
models.architecture.n_encoder_layers=1
models.architecture.n_decoder_layers=1
seed=2    avg_loss: 0.000000905217  time_per_window : 0.000228   progress : 0.841
name: models.architecture.block_type=attention
training.mode=rollout
models.out_dim=10
models.architecture.n_encoder_layers=1
models.architecture.n_decoder_layers=1
seed=2    avg_loss: 0.000000848633  time_per_window : 0.000209   progress : 0.852
name: models.architecture.block_type=attention
training.mode=rollout
models.out_dim=10
models.architecture.n_encoder_layers=1
models.architecture.n_decoder_layers=1
seed=2    avg_loss: 0.000000907552  time_per_window : 0.000224   progress : 0.863
name: models.architecture.block_type=attention
training.mode=rollout
models.out_dim=10
models.architecture.n_encoder_layers=1
models.architecture.n_decoder_layers=1
seed=3    avg_loss: 0.000001574934  time_per_window : 0.000228   progress : 0.502
name: models.architecture.block_type=attention
training.mode=rollout
models.out_dim=10
models.architecture.n_encoder_layers=1
models.architecture.n_decoder_layers=1
seed=3    avg_loss: 0.000001591778  time_per_window : 0.000264   progress : 0.513
name: models.architecture.block_type=attention
training.mode=rollout
models.out_dim=10
models.architecture.n_encoder_layers=1
models.architecture.n_decoder_layers=1
seed=3    avg_loss: 0.000001363226  time_per_window : 0.000242   progress : 0.524
name: models.architecture.block_type=attention
training.mode=rollout
models.out_dim=10
models.architecture.n_encoder_layers=1
models.architecture.n_decoder_layers=1
seed=3    avg_loss: 0.000001339199  time_per_window : 0.000237   progress : 0.535
name: models.architecture.block_type=attention
training.mode=rollout
models.out_dim=10
models.architecture.n_encoder_layers=1
models.architecture.n_decoder_layers=1
seed=3    avg_loss: 0.000001307754  time_per_window : 0.000226   progress : 0.546
name: models.architecture.block_type=attention
training.mode=rollout
models.out_dim=10
models.architecture.n_encoder_layers=1
models.architecture.n_decoder_layers=1
seed=3    avg_loss: 0.000001618052  time_per_window : 0.000235   progress : 0.557
name: models.architecture.block_type=attention
training.mode=rollout
models.out_dim=10
models.architecture.n_encoder_layers=1
models.architecture.n_decoder_layers=1
seed=3    avg_loss: 0.000001277898  time_per_window : 0.000233   progress : 0.568
name: models.architecture.block_type=attention
training.mode=rollout
models.out_dim=10
models.architecture.n_encoder_layers=1
models.architecture.n_decoder_layers=1
seed=3    avg_loss: 0.000001268908  time_per_window : 0.000232   progress : 0.579
name: models.architecture.block_type=attention
training.mode=rollout
models.out_dim=10
models.architecture.n_encoder_layers=1
models.architecture.n_decoder_layers=1
seed=3    avg_loss: 0.000001547408  time_per_window : 0.000240   progress : 0.590
name: models.architecture.block_type=attention
training.mode=rollout
models.out_dim=10
models.architecture.n_encoder_layers=1
models.architecture.n_decoder_layers=1
seed=3    avg_loss: 0.000001100614  time_per_window : 0.000229   progress : 0.601
name: models.architecture.block_type=attention
training.mode=rollout
models.out_dim=10
models.architecture.n_encoder_layers=1
models.architecture.n_decoder_layers=1
seed=3    avg_loss: 0.000001528099  time_per_window : 0.000243   progress : 0.612
name: models.architecture.block_type=attention
training.mode=rollout
models.out_dim=10
models.architecture.n_encoder_layers=1
models.architecture.n_decoder_layers=1
seed=3    avg_loss: 0.000001320869  time_per_window : 0.000290   progress : 0.623
name: models.architecture.block_type=attention
training.mode=rollout
models.out_dim=10
models.architecture.n_encoder_layers=1
models.architecture.n_decoder_layers=1
seed=3    avg_loss: 0.000001285673  time_per_window : 0.000215   progress : 0.634
name: models.architecture.block_type=attention
training.mode=rollout
models.out_dim=10
models.architecture.n_encoder_layers=1
models.architecture.n_decoder_layers=1
seed=3    avg_loss: 0.000001159307  time_per_window : 0.000244   progress : 0.644
name: models.architecture.block_type=attention
training.mode=rollout
models.out_dim=10
models.architecture.n_encoder_layers=1
models.architecture.n_decoder_layers=1
seed=3    avg_loss: 0.000001385113  time_per_window : 0.000256   progress : 0.655
name: models.architecture.block_type=attention
training.mode=rollout
models.out_dim=10
models.architecture.n_encoder_layers=1
models.architecture.n_decoder_layers=1
seed=3    avg_loss: 0.000001085914  time_per_window : 0.000227   progress : 0.666
name: models.architecture.block_type=attention
training.mode=rollout
models.out_dim=10
models.architecture.n_encoder_layers=1
models.architecture.n_decoder_layers=1
seed=3    avg_loss: 0.000001206340  time_per_window : 0.000248   progress : 0.677
name: models.architecture.block_type=attention
training.mode=rollout
models.out_dim=10
models.architecture.n_encoder_layers=1
models.architecture.n_decoder_layers=1
seed=3    avg_loss: 0.000001197090  time_per_window : 0.000260   progress : 0.688
name: models.architecture.block_type=attention
training.mode=rollout
models.out_dim=10
models.architecture.n_encoder_layers=1
models.architecture.n_decoder_layers=1
seed=3    avg_loss: 0.000001064675  time_per_window : 0.000226   progress : 0.699
name: models.architecture.block_type=attention
training.mode=rollout
models.out_dim=10
models.architecture.n_encoder_layers=1
models.architecture.n_decoder_layers=1
seed=3    avg_loss: 0.000001279380  time_per_window : 0.000240   progress : 0.710
name: models.architecture.block_type=attention
training.mode=rollout
models.out_dim=10
models.architecture.n_encoder_layers=1
models.architecture.n_decoder_layers=1
seed=3    avg_loss: 0.000001203949  time_per_window : 0.000247   progress : 0.721
name: models.architecture.block_type=attention
training.mode=rollout
models.out_dim=10
models.architecture.n_encoder_layers=1
models.architecture.n_decoder_layers=1
seed=3    avg_loss: 0.000001079560  time_per_window : 0.000220   progress : 0.732
name: models.architecture.block_type=attention
training.mode=rollout
models.out_dim=10
models.architecture.n_encoder_layers=1
models.architecture.n_decoder_layers=1
seed=3    avg_loss: 0.000001023919  time_per_window : 0.000234   progress : 0.743
name: models.architecture.block_type=attention
training.mode=rollout
models.out_dim=10
models.architecture.n_encoder_layers=1
models.architecture.n_decoder_layers=1
seed=3    avg_loss: 0.000001130263  time_per_window : 0.000238   progress : 0.754
name: models.architecture.block_type=attention
training.mode=rollout
models.out_dim=10
models.architecture.n_encoder_layers=1
models.architecture.n_decoder_layers=1
seed=3    avg_loss: 0.000000985649  time_per_window : 0.000230   progress : 0.765
name: models.architecture.block_type=attention
training.mode=rollout
models.out_dim=10
models.architecture.n_encoder_layers=1
models.architecture.n_decoder_layers=1
seed=3    avg_loss: 0.000001223004  time_per_window : 0.000223   progress : 0.775
name: models.architecture.block_type=attention
training.mode=rollout
models.out_dim=10
models.architecture.n_encoder_layers=1
models.architecture.n_decoder_layers=1
seed=3    avg_loss: 0.000001031614  time_per_window : 0.000209   progress : 0.786
name: models.architecture.block_type=attention
training.mode=rollout
models.out_dim=10
models.architecture.n_encoder_layers=1
models.architecture.n_decoder_layers=1
seed=3    avg_loss: 0.000001005255  time_per_window : 0.000214   progress : 0.797
name: models.architecture.block_type=attention
training.mode=rollout
models.out_dim=10
models.architecture.n_encoder_layers=1
models.architecture.n_decoder_layers=1
seed=3    avg_loss: 0.000001120575  time_per_window : 0.000224   progress : 0.808
name: models.architecture.block_type=attention
training.mode=rollout
models.out_dim=10
models.architecture.n_encoder_layers=1
models.architecture.n_decoder_layers=1
seed=3    avg_loss: 0.000000938065  time_per_window : 0.000221   progress : 0.819
name: models.architecture.block_type=attention
training.mode=rollout
models.out_dim=10
models.architecture.n_encoder_layers=1
models.architecture.n_decoder_layers=1
seed=3    avg_loss: 0.000001067359  time_per_window : 0.000236   progress : 0.830
name: models.architecture.block_type=attention
training.mode=rollout
models.out_dim=10
models.architecture.n_encoder_layers=1
models.architecture.n_decoder_layers=1
seed=3    avg_loss: 0.000000926451  time_per_window : 0.000230   progress : 0.841
name: models.architecture.block_type=attention
training.mode=rollout
models.out_dim=10
models.architecture.n_encoder_layers=1
models.architecture.n_decoder_layers=1
seed=3    avg_loss: 0.000000925942  time_per_window : 0.000223   progress : 0.852
name: models.architecture.block_type=attention
training.mode=rollout
models.out_dim=10
models.architecture.n_encoder_layers=1
models.architecture.n_decoder_layers=1
seed=3    avg_loss: 0.000001020692  time_per_window : 0.000252   progress : 0.863
name: models.architecture.block_type=attention
training.mode=rollout
models.out_dim=10
models.architecture.n_encoder_layers=1
models.architecture.n_decoder_layers=1
seed=1    avg_loss: 0.000000936399  time_per_window : 0.000225   progress : 0.874
name: models.architecture.block_type=attention
training.mode=rollout
models.out_dim=10
models.architecture.n_encoder_layers=1
models.architecture.n_decoder_layers=1
seed=1    avg_loss: 0.000000987027  time_per_window : 0.000220   progress : 0.885
name: models.architecture.block_type=attention
training.mode=rollout
models.out_dim=10
models.architecture.n_encoder_layers=1
models.architecture.n_decoder_layers=1
seed=1    avg_loss: 0.000000897019  time_per_window : 0.000243   progress : 0.896
name: models.architecture.block_type=attention
training.mode=rollout
models.out_dim=10
models.architecture.n_encoder_layers=1
models.architecture.n_decoder_layers=1
seed=1    avg_loss: 0.000000960551  time_per_window : 0.000236   progress : 0.907
name: models.architecture.block_type=attention
training.mode=rollout
models.out_dim=10
models.architecture.n_encoder_layers=1
models.architecture.n_decoder_layers=1
seed=1    avg_loss: 0.000000846877  time_per_window : 0.000208   progress : 0.917
name: models.architecture.block_type=attention
training.mode=rollout
models.out_dim=10
models.architecture.n_encoder_layers=1
models.architecture.n_decoder_layers=1
seed=1    avg_loss: 0.000000872658  time_per_window : 0.000228   progress : 0.928
name: models.architecture.block_type=attention
training.mode=rollout
models.out_dim=10
models.architecture.n_encoder_layers=1
models.architecture.n_decoder_layers=1
seed=1    avg_loss: 0.000001013008  time_per_window : 0.000231   progress : 0.939
name: models.architecture.block_type=attention
training.mode=rollout
models.out_dim=10
models.architecture.n_encoder_layers=1
models.architecture.n_decoder_layers=1
seed=1    avg_loss: 0.000000854057  time_per_window : 0.000238   progress : 0.950
name: models.architecture.block_type=attention
training.mode=rollout
models.out_dim=10
models.architecture.n_encoder_layers=1
models.architecture.n_decoder_layers=1
seed=1    avg_loss: 0.000000807965  time_per_window : 0.000237   progress : 0.961
name: models.architecture.block_type=attention
training.mode=rollout
models.out_dim=10
models.architecture.n_encoder_layers=1
models.architecture.n_decoder_layers=1
seed=1    avg_loss: 0.000000776360  time_per_window : 0.000248   progress : 0.972
name: models.architecture.block_type=attention
training.mode=rollout
models.out_dim=10
models.architecture.n_encoder_layers=1
models.architecture.n_decoder_layers=1
seed=1    avg_loss: 0.000000929406  time_per_window : 0.000211   progress : 0.983
name: models.architecture.block_type=attention
training.mode=rollout
models.out_dim=10
models.architecture.n_encoder_layers=1
models.architecture.n_decoder_layers=1
seed=1    avg_loss: 0.000000787525  time_per_window : 0.000238   progress : 0.994
name: models.architecture.block_type=attention
training.mode=rollout
models.out_dim=10
models.architecture.n_encoder_layers=1
models.architecture.n_decoder_layers=1
seed=1    avg_loss: 0.000475232402  time_per_window : 0.000206   progress : 0.011
name: models.architecture.block_type=attention
training.mode=rollout
models.out_dim=10
models.architecture.n_encoder_layers=1
models.architecture.n_decoder_layers=1
seed=1    avg_loss: 0.000000792241  time_per_window : 0.000208   progress : 0.022
name: models.architecture.block_type=attention
training.mode=rollout
models.out_dim=10
models.architecture.n_encoder_layers=1
models.architecture.n_decoder_layers=1
seed=1    avg_loss: 0.000000847049  time_per_window : 0.000230   progress : 0.033
name: models.architecture.block_type=attention
training.mode=rollout
models.out_dim=10
models.architecture.n_encoder_layers=1
models.architecture.n_decoder_layers=1
seed=1    avg_loss: 0.000000861617  time_per_window : 0.000244   progress : 0.044
name: models.architecture.block_type=attention
training.mode=rollout
models.out_dim=10
models.architecture.n_encoder_layers=1
models.architecture.n_decoder_layers=1
seed=1    avg_loss: 0.000000790548  time_per_window : 0.000234   progress : 0.055
name: models.architecture.block_type=attention
training.mode=rollout
models.out_dim=10
models.architecture.n_encoder_layers=1
models.architecture.n_decoder_layers=1
seed=1    avg_loss: 0.000000807861  time_per_window : 0.000227   progress : 0.066
name: models.architecture.block_type=attention
training.mode=rollout
models.out_dim=10
models.architecture.n_encoder_layers=1
models.architecture.n_decoder_layers=1
seed=1    avg_loss: 0.000000800668  time_per_window : 0.000266   progress : 0.076
name: models.architecture.block_type=attention
training.mode=rollout
models.out_dim=10
models.architecture.n_encoder_layers=1
models.architecture.n_decoder_layers=1
seed=1    avg_loss: 0.000000807742  time_per_window : 0.000262   progress : 0.087
name: models.architecture.block_type=attention
training.mode=rollout
models.out_dim=10
models.architecture.n_encoder_layers=1
models.architecture.n_decoder_layers=1
seed=1    avg_loss: 0.000000779729  time_per_window : 0.000214   progress : 0.098
name: models.architecture.block_type=attention
training.mode=rollout
models.out_dim=10
models.architecture.n_encoder_layers=1
models.architecture.n_decoder_layers=1
seed=1    avg_loss: 0.000000793470  time_per_window : 0.000235   progress : 0.109
name: models.architecture.block_type=attention
training.mode=rollout
models.out_dim=10
models.architecture.n_encoder_layers=1
models.architecture.n_decoder_layers=1
seed=1    avg_loss: 0.000000751674  time_per_window : 0.000245   progress : 0.120
name: models.architecture.block_type=attention
training.mode=rollout
models.out_dim=10
models.architecture.n_encoder_layers=1
models.architecture.n_decoder_layers=1
seed=1    avg_loss: 0.000000939486  time_per_window : 0.000244   progress : 0.131
name: models.architecture.block_type=attention
training.mode=rollout
models.out_dim=10
models.architecture.n_encoder_layers=1
models.architecture.n_decoder_layers=1
seed=1    avg_loss: 0.000000766115  time_per_window : 0.000220   progress : 0.142
name: models.architecture.block_type=attention
training.mode=rollout
models.out_dim=10
models.architecture.n_encoder_layers=1
models.architecture.n_decoder_layers=1
seed=1    avg_loss: 0.000001004265  time_per_window : 0.000239   progress : 0.153
name: models.architecture.block_type=attention
training.mode=rollout
models.out_dim=10
models.architecture.n_encoder_layers=1
models.architecture.n_decoder_layers=1
seed=1    avg_loss: 0.000001177003  time_per_window : 0.000228   progress : 0.164
name: models.architecture.block_type=attention
training.mode=rollout
models.out_dim=10
models.architecture.n_encoder_layers=1
models.architecture.n_decoder_layers=1
seed=1    avg_loss: 0.000000671236  time_per_window : 0.000225   progress : 0.175
name: models.architecture.block_type=attention
training.mode=rollout
models.out_dim=10
models.architecture.n_encoder_layers=1
models.architecture.n_decoder_layers=1
seed=1    avg_loss: 0.000002438372  time_per_window : 0.000209   progress : 0.186
name: models.architecture.block_type=attention
training.mode=rollout
models.out_dim=10
models.architecture.n_encoder_layers=1
models.architecture.n_decoder_layers=1
seed=1    avg_loss: 0.000001056245  time_per_window : 0.000242   progress : 0.197
name: models.architecture.block_type=attention
training.mode=rollout
models.out_dim=10
models.architecture.n_encoder_layers=1
models.architecture.n_decoder_layers=1
seed=1    avg_loss: 0.000000915796  time_per_window : 0.000246   progress : 0.208
name: models.architecture.block_type=attention
training.mode=rollout
models.out_dim=10
models.architecture.n_encoder_layers=1
models.architecture.n_decoder_layers=1
seed=1    avg_loss: 0.000000877060  time_per_window : 0.000244   progress : 0.218
name: models.architecture.block_type=attention
training.mode=rollout
models.out_dim=10
models.architecture.n_encoder_layers=1
models.architecture.n_decoder_layers=1
seed=1    avg_loss: 0.000001791829  time_per_window : 0.000255   progress : 0.229
name: models.architecture.block_type=attention
training.mode=rollout
models.out_dim=10
models.architecture.n_encoder_layers=1
models.architecture.n_decoder_layers=1
seed=1    avg_loss: 0.000000751983  time_per_window : 0.000232   progress : 0.240
name: models.architecture.block_type=attention
training.mode=rollout
models.out_dim=10
models.architecture.n_encoder_layers=1
models.architecture.n_decoder_layers=1
seed=0    avg_loss: 0.000001082115  time_per_window : 0.000224   progress : 0.874
name: models.architecture.block_type=attention
training.mode=rollout
models.out_dim=10
models.architecture.n_encoder_layers=1
models.architecture.n_decoder_layers=1
seed=0    avg_loss: 0.000000887264  time_per_window : 0.000244   progress : 0.885
name: models.architecture.block_type=attention
training.mode=rollout
models.out_dim=10
models.architecture.n_encoder_layers=1
models.architecture.n_decoder_layers=1
seed=0    avg_loss: 0.000000893514  time_per_window : 0.000228   progress : 0.896
name: models.architecture.block_type=attention
training.mode=rollout
models.out_dim=10
models.architecture.n_encoder_layers=1
models.architecture.n_decoder_layers=1
seed=0    avg_loss: 0.000000891417  time_per_window : 0.000222   progress : 0.907
name: models.architecture.block_type=attention
training.mode=rollout
models.out_dim=10
models.architecture.n_encoder_layers=1
models.architecture.n_decoder_layers=1
seed=0    avg_loss: 0.000000841156  time_per_window : 0.000230   progress : 0.917
name: models.architecture.block_type=attention
training.mode=rollout
models.out_dim=10
models.architecture.n_encoder_layers=1
models.architecture.n_decoder_layers=1
seed=0    avg_loss: 0.000000980639  time_per_window : 0.000226   progress : 0.928
name: models.architecture.block_type=attention
training.mode=rollout
models.out_dim=10
models.architecture.n_encoder_layers=1
models.architecture.n_decoder_layers=1
seed=0    avg_loss: 0.000000794890  time_per_window : 0.000249   progress : 0.939
name: models.architecture.block_type=attention
training.mode=rollout
models.out_dim=10
models.architecture.n_encoder_layers=1
models.architecture.n_decoder_layers=1
seed=0    avg_loss: 0.000000989889  time_per_window : 0.000245   progress : 0.950
name: models.architecture.block_type=attention
training.mode=rollout
models.out_dim=10
models.architecture.n_encoder_layers=1
models.architecture.n_decoder_layers=1
seed=0    avg_loss: 0.000000754418  time_per_window : 0.000248   progress : 0.961
name: models.architecture.block_type=attention
training.mode=rollout
models.out_dim=10
models.architecture.n_encoder_layers=1
models.architecture.n_decoder_layers=1
seed=0    avg_loss: 0.000000919267  time_per_window : 0.000270   progress : 0.972
name: models.architecture.block_type=attention
training.mode=rollout
models.out_dim=10
models.architecture.n_encoder_layers=1
models.architecture.n_decoder_layers=1
seed=0    avg_loss: 0.000000778541  time_per_window : 0.000242   progress : 0.983
name: models.architecture.block_type=attention
training.mode=rollout
models.out_dim=10
models.architecture.n_encoder_layers=1
models.architecture.n_decoder_layers=1
seed=0    avg_loss: 0.000000849095  time_per_window : 0.000227   progress : 0.994
name: models.architecture.block_type=attention
training.mode=rollout
models.out_dim=10
models.architecture.n_encoder_layers=1
models.architecture.n_decoder_layers=1
seed=0    avg_loss: 0.000551706878  time_per_window : 0.000228   progress : 0.011
name: models.architecture.block_type=attention
training.mode=rollout
models.out_dim=10
models.architecture.n_encoder_layers=1
models.architecture.n_decoder_layers=1
seed=0    avg_loss: 0.000000745869  time_per_window : 0.000228   progress : 0.022
name: models.architecture.block_type=attention
training.mode=rollout
models.out_dim=10
models.architecture.n_encoder_layers=1
models.architecture.n_decoder_layers=1
seed=0    avg_loss: 0.000000736827  time_per_window : 0.000220   progress : 0.033
name: models.architecture.block_type=attention
training.mode=rollout
models.out_dim=10
models.architecture.n_encoder_layers=1
models.architecture.n_decoder_layers=1
seed=0    avg_loss: 0.000000745008  time_per_window : 0.000216   progress : 0.044
name: models.architecture.block_type=attention
training.mode=rollout
models.out_dim=10
models.architecture.n_encoder_layers=1
models.architecture.n_decoder_layers=1
seed=0    avg_loss: 0.000000775675  time_per_window : 0.000217   progress : 0.055
name: models.architecture.block_type=attention
training.mode=rollout
models.out_dim=10
models.architecture.n_encoder_layers=1
models.architecture.n_decoder_layers=1
seed=0    avg_loss: 0.000000748051  time_per_window : 0.000253   progress : 0.066
name: models.architecture.block_type=attention
training.mode=rollout
models.out_dim=10
models.architecture.n_encoder_layers=1
models.architecture.n_decoder_layers=1
seed=0    avg_loss: 0.000000683212  time_per_window : 0.000240   progress : 0.076
name: models.architecture.block_type=attention
training.mode=rollout
models.out_dim=10
models.architecture.n_encoder_layers=1
models.architecture.n_decoder_layers=1
seed=0    avg_loss: 0.000000653938  time_per_window : 0.000212   progress : 0.087
name: models.architecture.block_type=attention
training.mode=rollout
models.out_dim=10
models.architecture.n_encoder_layers=1
models.architecture.n_decoder_layers=1
seed=0    avg_loss: 0.000000597275  time_per_window : 0.000231   progress : 0.098
name: models.architecture.block_type=attention
training.mode=rollout
models.out_dim=10
models.architecture.n_encoder_layers=1
models.architecture.n_decoder_layers=1
seed=0    avg_loss: 0.000000592318  time_per_window : 0.000226   progress : 0.109
name: models.architecture.block_type=attention
training.mode=rollout
models.out_dim=10
models.architecture.n_encoder_layers=1
models.architecture.n_decoder_layers=1
seed=0    avg_loss: 0.000000584569  time_per_window : 0.000234   progress : 0.120
name: models.architecture.block_type=attention
training.mode=rollout
models.out_dim=10
models.architecture.n_encoder_layers=1
models.architecture.n_decoder_layers=1
seed=0    avg_loss: 0.000000461277  time_per_window : 0.000232   progress : 0.131
name: models.architecture.block_type=attention
training.mode=rollout
models.out_dim=10
models.architecture.n_encoder_layers=1
models.architecture.n_decoder_layers=1
seed=0    avg_loss: 0.000000472673  time_per_window : 0.000206   progress : 0.142
name: models.architecture.block_type=attention
training.mode=rollout
models.out_dim=10
models.architecture.n_encoder_layers=1
models.architecture.n_decoder_layers=1
seed=0    avg_loss: 0.000000446613  time_per_window : 0.000239   progress : 0.153
name: models.architecture.block_type=attention
training.mode=rollout
models.out_dim=10
models.architecture.n_encoder_layers=1
models.architecture.n_decoder_layers=1
seed=0    avg_loss: 0.000000415094  time_per_window : 0.000242   progress : 0.164
name: models.architecture.block_type=attention
training.mode=rollout
models.out_dim=10
models.architecture.n_encoder_layers=1
models.architecture.n_decoder_layers=1
seed=0    avg_loss: 0.000000459669  time_per_window : 0.000227   progress : 0.175
name: models.architecture.block_type=attention
training.mode=rollout
models.out_dim=10
models.architecture.n_encoder_layers=1
models.architecture.n_decoder_layers=1
seed=0    avg_loss: 0.000000500234  time_per_window : 0.000228   progress : 0.186
name: models.architecture.block_type=attention
training.mode=rollout
models.out_dim=10
models.architecture.n_encoder_layers=1
models.architecture.n_decoder_layers=1
seed=0    avg_loss: 0.000000550476  time_per_window : 0.000283   progress : 0.197
name: models.architecture.block_type=attention
training.mode=rollout
models.out_dim=10
models.architecture.n_encoder_layers=1
models.architecture.n_decoder_layers=1
seed=0    avg_loss: 0.000000609553  time_per_window : 0.000244   progress : 0.208
name: models.architecture.block_type=attention
training.mode=rollout
models.out_dim=10
models.architecture.n_encoder_layers=1
models.architecture.n_decoder_layers=1
seed=0    avg_loss: 0.000000863922  time_per_window : 0.000231   progress : 0.218
name: models.architecture.block_type=attention
training.mode=rollout
models.out_dim=10
models.architecture.n_encoder_layers=1
models.architecture.n_decoder_layers=1
seed=0    avg_loss: 0.000000914350  time_per_window : 0.000208   progress : 0.229
name: models.architecture.block_type=attention
training.mode=rollout
models.out_dim=10
models.architecture.n_encoder_layers=1
models.architecture.n_decoder_layers=1
seed=0    avg_loss: 0.000001932350  time_per_window : 0.000223   progress : 0.240
name: models.architecture.block_type=attention
training.mode=rollout
models.out_dim=10
models.architecture.n_encoder_layers=1
models.architecture.n_decoder_layers=1
seed=4    avg_loss: 0.000000981071  time_per_window : 0.000231   progress : 0.874
name: models.architecture.block_type=attention
training.mode=rollout
models.out_dim=10
models.architecture.n_encoder_layers=1
models.architecture.n_decoder_layers=1
seed=4    avg_loss: 0.000000909803  time_per_window : 0.000223   progress : 0.885
name: models.architecture.block_type=attention
training.mode=rollout
models.out_dim=10
models.architecture.n_encoder_layers=1
models.architecture.n_decoder_layers=1
seed=4    avg_loss: 0.000000925325  time_per_window : 0.000246   progress : 0.896
name: models.architecture.block_type=attention
training.mode=rollout
models.out_dim=10
models.architecture.n_encoder_layers=1
models.architecture.n_decoder_layers=1
seed=4    avg_loss: 0.000001004883  time_per_window : 0.000257   progress : 0.907
name: models.architecture.block_type=attention
training.mode=rollout
models.out_dim=10
models.architecture.n_encoder_layers=1
models.architecture.n_decoder_layers=1
seed=4    avg_loss: 0.000000797907  time_per_window : 0.000222   progress : 0.917
name: models.architecture.block_type=attention
training.mode=rollout
models.out_dim=10
models.architecture.n_encoder_layers=1
models.architecture.n_decoder_layers=1
seed=4    avg_loss: 0.000000980713  time_per_window : 0.000237   progress : 0.928
name: models.architecture.block_type=attention
training.mode=rollout
models.out_dim=10
models.architecture.n_encoder_layers=1
models.architecture.n_decoder_layers=1
seed=4    avg_loss: 0.000000831992  time_per_window : 0.000224   progress : 0.939
name: models.architecture.block_type=attention
training.mode=rollout
models.out_dim=10
models.architecture.n_encoder_layers=1
models.architecture.n_decoder_layers=1
seed=4    avg_loss: 0.000000830422  time_per_window : 0.000256   progress : 0.950
name: models.architecture.block_type=attention
training.mode=rollout
models.out_dim=10
models.architecture.n_encoder_layers=1
models.architecture.n_decoder_layers=1
seed=4    avg_loss: 0.000000795376  time_per_window : 0.000231   progress : 0.961
name: models.architecture.block_type=attention
training.mode=rollout
models.out_dim=10
models.architecture.n_encoder_layers=1
models.architecture.n_decoder_layers=1
seed=4    avg_loss: 0.000000749927  time_per_window : 0.000245   progress : 0.972
name: models.architecture.block_type=attention
training.mode=rollout
models.out_dim=10
models.architecture.n_encoder_layers=1
models.architecture.n_decoder_layers=1
seed=4    avg_loss: 0.000000814318  time_per_window : 0.000256   progress : 0.983
name: models.architecture.block_type=attention
training.mode=rollout
models.out_dim=10
models.architecture.n_encoder_layers=1
models.architecture.n_decoder_layers=1
seed=4    avg_loss: 0.000000954466  time_per_window : 0.000216   progress : 0.994
name: models.architecture.block_type=attention
training.mode=rollout
models.out_dim=10
models.architecture.n_encoder_layers=1
models.architecture.n_decoder_layers=1
seed=4    avg_loss: 0.000420520955  time_per_window : 0.000230   progress : 0.011
name: models.architecture.block_type=attention
training.mode=rollout
models.out_dim=10
models.architecture.n_encoder_layers=1
models.architecture.n_decoder_layers=1
seed=4    avg_loss: 0.000000772435  time_per_window : 0.000237   progress : 0.022
name: models.architecture.block_type=attention
training.mode=rollout
models.out_dim=10
models.architecture.n_encoder_layers=1
models.architecture.n_decoder_layers=1
seed=4    avg_loss: 0.000000802095  time_per_window : 0.000213   progress : 0.033
name: models.architecture.block_type=attention
training.mode=rollout
models.out_dim=10
models.architecture.n_encoder_layers=1
models.architecture.n_decoder_layers=1
seed=4    avg_loss: 0.000000833573  time_per_window : 0.000256   progress : 0.044
name: models.architecture.block_type=attention
training.mode=rollout
models.out_dim=10
models.architecture.n_encoder_layers=1
models.architecture.n_decoder_layers=1
seed=4    avg_loss: 0.000000815054  time_per_window : 0.000234   progress : 0.055
name: models.architecture.block_type=attention
training.mode=rollout
models.out_dim=10
models.architecture.n_encoder_layers=1
models.architecture.n_decoder_layers=1
seed=4    avg_loss: 0.000000762087  time_per_window : 0.000212   progress : 0.066
name: models.architecture.block_type=attention
training.mode=rollout
models.out_dim=10
models.architecture.n_encoder_layers=1
models.architecture.n_decoder_layers=1
seed=4    avg_loss: 0.000000748849  time_per_window : 0.000225   progress : 0.076
name: models.architecture.block_type=attention
training.mode=rollout
models.out_dim=10
models.architecture.n_encoder_layers=1
models.architecture.n_decoder_layers=1
seed=4    avg_loss: 0.000000716189  time_per_window : 0.000222   progress : 0.087
name: models.architecture.block_type=attention
training.mode=rollout
models.out_dim=10
models.architecture.n_encoder_layers=1
models.architecture.n_decoder_layers=1
seed=4    avg_loss: 0.000000707857  time_per_window : 0.000218   progress : 0.098
name: models.architecture.block_type=attention
training.mode=rollout
models.out_dim=10
models.architecture.n_encoder_layers=1
models.architecture.n_decoder_layers=1
seed=4    avg_loss: 0.000000708083  time_per_window : 0.000234   progress : 0.109
name: models.architecture.block_type=attention
training.mode=rollout
models.out_dim=10
models.architecture.n_encoder_layers=1
models.architecture.n_decoder_layers=1
seed=4    avg_loss: 0.000000627421  time_per_window : 0.000237   progress : 0.120
name: models.architecture.block_type=attention
training.mode=rollout
models.out_dim=10
models.architecture.n_encoder_layers=1
models.architecture.n_decoder_layers=1
seed=4    avg_loss: 0.000000627766  time_per_window : 0.000231   progress : 0.131
name: models.architecture.block_type=attention
training.mode=rollout
models.out_dim=10
models.architecture.n_encoder_layers=1
models.architecture.n_decoder_layers=1
seed=4    avg_loss: 0.000001600263  time_per_window : 0.000223   progress : 0.142
name: models.architecture.block_type=attention
training.mode=rollout
models.out_dim=10
models.architecture.n_encoder_layers=1
models.architecture.n_decoder_layers=1
seed=4    avg_loss: 0.000000552238  time_per_window : 0.000207   progress : 0.153
name: models.architecture.block_type=attention
training.mode=rollout
models.out_dim=10
models.architecture.n_encoder_layers=1
models.architecture.n_decoder_layers=1
seed=4    avg_loss: 0.000000574431  time_per_window : 0.000228   progress : 0.164
name: models.architecture.block_type=attention
training.mode=rollout
models.out_dim=10
models.architecture.n_encoder_layers=1
models.architecture.n_decoder_layers=1
seed=4    avg_loss: 0.000000863620  time_per_window : 0.000227   progress : 0.175
name: models.architecture.block_type=attention
training.mode=rollout
models.out_dim=10
models.architecture.n_encoder_layers=1
models.architecture.n_decoder_layers=1
seed=4    avg_loss: 0.000000851786  time_per_window : 0.000218   progress : 0.186
name: models.architecture.block_type=attention
training.mode=rollout
models.out_dim=10
models.architecture.n_encoder_layers=1
models.architecture.n_decoder_layers=1
seed=4    avg_loss: 0.000001167970  time_per_window : 0.000228   progress : 0.197
name: models.architecture.block_type=attention
training.mode=rollout
models.out_dim=10
models.architecture.n_encoder_layers=1
models.architecture.n_decoder_layers=1
seed=4    avg_loss: 0.000002396681  time_per_window : 0.000238   progress : 0.208
name: models.architecture.block_type=attention
training.mode=rollout
models.out_dim=10
models.architecture.n_encoder_layers=1
models.architecture.n_decoder_layers=1
seed=4    avg_loss: 0.000001045836  time_per_window : 0.000234   progress : 0.218
name: models.architecture.block_type=attention
training.mode=rollout
models.out_dim=10
models.architecture.n_encoder_layers=1
models.architecture.n_decoder_layers=1
seed=4    avg_loss: 0.000001645952  time_per_window : 0.000213   progress : 0.229
name: models.architecture.block_type=attention
training.mode=rollout
models.out_dim=10
models.architecture.n_encoder_layers=1
models.architecture.n_decoder_layers=1
seed=4    avg_loss: 0.000001281158  time_per_window : 0.000237   progress : 0.240
name: models.architecture.block_type=attention
training.mode=rollout
models.out_dim=10
models.architecture.n_encoder_layers=1
models.architecture.n_decoder_layers=1
seed=2    avg_loss: 0.000000913848  time_per_window : 0.000269   progress : 0.874
name: models.architecture.block_type=attention
training.mode=rollout
models.out_dim=10
models.architecture.n_encoder_layers=1
models.architecture.n_decoder_layers=1
seed=2    avg_loss: 0.000000798598  time_per_window : 0.000246   progress : 0.885
name: models.architecture.block_type=attention
training.mode=rollout
models.out_dim=10
models.architecture.n_encoder_layers=1
models.architecture.n_decoder_layers=1
seed=2    avg_loss: 0.000000695967  time_per_window : 0.000240   progress : 0.896
name: models.architecture.block_type=attention
training.mode=rollout
models.out_dim=10
models.architecture.n_encoder_layers=1
models.architecture.n_decoder_layers=1
seed=2    avg_loss: 0.000000867562  time_per_window : 0.000247   progress : 0.907
name: models.architecture.block_type=attention
training.mode=rollout
models.out_dim=10
models.architecture.n_encoder_layers=1
models.architecture.n_decoder_layers=1
seed=2    avg_loss: 0.000000884595  time_per_window : 0.000232   progress : 0.917
name: models.architecture.block_type=attention
training.mode=rollout
models.out_dim=10
models.architecture.n_encoder_layers=1
models.architecture.n_decoder_layers=1
seed=2    avg_loss: 0.000000700144  time_per_window : 0.000236   progress : 0.928
name: models.architecture.block_type=attention
training.mode=rollout
models.out_dim=10
models.architecture.n_encoder_layers=1
models.architecture.n_decoder_layers=1
seed=2    avg_loss: 0.000000855972  time_per_window : 0.000225   progress : 0.939
name: models.architecture.block_type=attention
training.mode=rollout
models.out_dim=10
models.architecture.n_encoder_layers=1
models.architecture.n_decoder_layers=1
seed=2    avg_loss: 0.000000681917  time_per_window : 0.000243   progress : 0.950
name: models.architecture.block_type=attention
training.mode=rollout
models.out_dim=10
models.architecture.n_encoder_layers=1
models.architecture.n_decoder_layers=1
seed=2    avg_loss: 0.000000744807  time_per_window : 0.000218   progress : 0.961
name: models.architecture.block_type=attention
training.mode=rollout
models.out_dim=10
models.architecture.n_encoder_layers=1
models.architecture.n_decoder_layers=1
seed=2    avg_loss: 0.000000877511  time_per_window : 0.000238   progress : 0.972
name: models.architecture.block_type=attention
training.mode=rollout
models.out_dim=10
models.architecture.n_encoder_layers=1
models.architecture.n_decoder_layers=1
seed=2    avg_loss: 0.000000657878  time_per_window : 0.000254   progress : 0.983
name: models.architecture.block_type=attention
training.mode=rollout
models.out_dim=10
models.architecture.n_encoder_layers=1
models.architecture.n_decoder_layers=1
seed=2    avg_loss: 0.000000795614  time_per_window : 0.000238   progress : 0.994
name: models.architecture.block_type=attention
training.mode=rollout
models.out_dim=10
models.architecture.n_encoder_layers=1
models.architecture.n_decoder_layers=1
seed=2    avg_loss: 0.000491603219  time_per_window : 0.000228   progress : 0.011
name: models.architecture.block_type=attention
training.mode=rollout
models.out_dim=10
models.architecture.n_encoder_layers=1
models.architecture.n_decoder_layers=1
seed=2    avg_loss: 0.000000764281  time_per_window : 0.000230   progress : 0.022
name: models.architecture.block_type=attention
training.mode=rollout
models.out_dim=10
models.architecture.n_encoder_layers=1
models.architecture.n_decoder_layers=1
seed=2    avg_loss: 0.000000840179  time_per_window : 0.000232   progress : 0.033
name: models.architecture.block_type=attention
training.mode=rollout
models.out_dim=10
models.architecture.n_encoder_layers=1
models.architecture.n_decoder_layers=1
seed=2    avg_loss: 0.000000886868  time_per_window : 0.000254   progress : 0.044
name: models.architecture.block_type=attention
training.mode=rollout
models.out_dim=10
models.architecture.n_encoder_layers=1
models.architecture.n_decoder_layers=1
seed=2    avg_loss: 0.000000824019  time_per_window : 0.000226   progress : 0.055
name: models.architecture.block_type=attention
training.mode=rollout
models.out_dim=10
models.architecture.n_encoder_layers=1
models.architecture.n_decoder_layers=1
seed=2    avg_loss: 0.000000800808  time_per_window : 0.000279   progress : 0.066
name: models.architecture.block_type=attention
training.mode=rollout
models.out_dim=10
models.architecture.n_encoder_layers=1
models.architecture.n_decoder_layers=1
seed=2    avg_loss: 0.000000816860  time_per_window : 0.000215   progress : 0.076
name: models.architecture.block_type=attention
training.mode=rollout
models.out_dim=10
models.architecture.n_encoder_layers=1
models.architecture.n_decoder_layers=1
seed=2    avg_loss: 0.000000770803  time_per_window : 0.000232   progress : 0.087
name: models.architecture.block_type=attention
training.mode=rollout
models.out_dim=10
models.architecture.n_encoder_layers=1
models.architecture.n_decoder_layers=1
seed=2    avg_loss: 0.000000770204  time_per_window : 0.000235   progress : 0.098
name: models.architecture.block_type=attention
training.mode=rollout
models.out_dim=10
models.architecture.n_encoder_layers=1
models.architecture.n_decoder_layers=1
seed=2    avg_loss: 0.000000823513  time_per_window : 0.000225   progress : 0.109
name: models.architecture.block_type=attention
training.mode=rollout
models.out_dim=10
models.architecture.n_encoder_layers=1
models.architecture.n_decoder_layers=1
seed=2    avg_loss: 0.000000732045  time_per_window : 0.000236   progress : 0.120
name: models.architecture.block_type=attention
training.mode=rollout
models.out_dim=10
models.architecture.n_encoder_layers=1
models.architecture.n_decoder_layers=1
seed=2    avg_loss: 0.000000707674  time_per_window : 0.000230   progress : 0.131
name: models.architecture.block_type=attention
training.mode=rollout
models.out_dim=10
models.architecture.n_encoder_layers=1
models.architecture.n_decoder_layers=1
seed=2    avg_loss: 0.000000677453  time_per_window : 0.000219   progress : 0.142
name: models.architecture.block_type=attention
training.mode=rollout
models.out_dim=10
models.architecture.n_encoder_layers=1
models.architecture.n_decoder_layers=1
seed=2    avg_loss: 0.000000653058  time_per_window : 0.000232   progress : 0.153
name: models.architecture.block_type=attention
training.mode=rollout
models.out_dim=10
models.architecture.n_encoder_layers=1
models.architecture.n_decoder_layers=1
seed=2    avg_loss: 0.000000573343  time_per_window : 0.000221   progress : 0.164
name: models.architecture.block_type=attention
training.mode=rollout
models.out_dim=10
models.architecture.n_encoder_layers=1
models.architecture.n_decoder_layers=1
seed=2    avg_loss: 0.000000545562  time_per_window : 0.000221   progress : 0.175
name: models.architecture.block_type=attention
training.mode=rollout
models.out_dim=10
models.architecture.n_encoder_layers=1
models.architecture.n_decoder_layers=1
seed=2    avg_loss: 0.000000517236  time_per_window : 0.000221   progress : 0.186
name: models.architecture.block_type=attention
training.mode=rollout
models.out_dim=10
models.architecture.n_encoder_layers=1
models.architecture.n_decoder_layers=1
seed=2    avg_loss: 0.000000480816  time_per_window : 0.000251   progress : 0.197
name: models.architecture.block_type=attention
training.mode=rollout
models.out_dim=10
models.architecture.n_encoder_layers=1
models.architecture.n_decoder_layers=1
seed=2    avg_loss: 0.000001510822  time_per_window : 0.000230   progress : 0.208
name: models.architecture.block_type=attention
training.mode=rollout
models.out_dim=10
models.architecture.n_encoder_layers=1
models.architecture.n_decoder_layers=1
seed=2    avg_loss: 0.000000773246  time_per_window : 0.000257   progress : 0.218
name: models.architecture.block_type=attention
training.mode=rollout
models.out_dim=10
models.architecture.n_encoder_layers=1
models.architecture.n_decoder_layers=1
seed=2    avg_loss: 0.000000979406  time_per_window : 0.000237   progress : 0.229
name: models.architecture.block_type=attention
training.mode=rollout
models.out_dim=10
models.architecture.n_encoder_layers=1
models.architecture.n_decoder_layers=1
seed=2    avg_loss: 0.000001605696  time_per_window : 0.000247   progress : 0.240
name: models.architecture.block_type=attention
training.mode=rollout
models.out_dim=10
models.architecture.n_encoder_layers=1
models.architecture.n_decoder_layers=1
seed=3    avg_loss: 0.000001049122  time_per_window : 0.000277   progress : 0.874
name: models.architecture.block_type=attention
training.mode=rollout
models.out_dim=10
models.architecture.n_encoder_layers=1
models.architecture.n_decoder_layers=1
seed=3    avg_loss: 0.000000926190  time_per_window : 0.000245   progress : 0.885
name: models.architecture.block_type=attention
training.mode=rollout
models.out_dim=10
models.architecture.n_encoder_layers=1
models.architecture.n_decoder_layers=1
seed=3    avg_loss: 0.000000949789  time_per_window : 0.000227   progress : 0.896
name: models.architecture.block_type=attention
training.mode=rollout
models.out_dim=10
models.architecture.n_encoder_layers=1
models.architecture.n_decoder_layers=1
seed=3    avg_loss: 0.000000902171  time_per_window : 0.000239   progress : 0.907
name: models.architecture.block_type=attention
training.mode=rollout
models.out_dim=10
models.architecture.n_encoder_layers=1
models.architecture.n_decoder_layers=1
seed=3    avg_loss: 0.000000993360  time_per_window : 0.000225   progress : 0.917
name: models.architecture.block_type=attention
training.mode=rollout
models.out_dim=10
models.architecture.n_encoder_layers=1
models.architecture.n_decoder_layers=1
seed=3    avg_loss: 0.000000747092  time_per_window : 0.000253   progress : 0.928
name: models.architecture.block_type=attention
training.mode=rollout
models.out_dim=10
models.architecture.n_encoder_layers=1
models.architecture.n_decoder_layers=1
seed=3    avg_loss: 0.000000993108  time_per_window : 0.000233   progress : 0.939
name: models.architecture.block_type=attention
training.mode=rollout
models.out_dim=10
models.architecture.n_encoder_layers=1
models.architecture.n_decoder_layers=1
seed=3    avg_loss: 0.000000853940  time_per_window : 0.000241   progress : 0.950
name: models.architecture.block_type=attention
training.mode=rollout
models.out_dim=10
models.architecture.n_encoder_layers=1
models.architecture.n_decoder_layers=1
seed=3    avg_loss: 0.000000793669  time_per_window : 0.000263   progress : 0.961
name: models.architecture.block_type=attention
training.mode=rollout
models.out_dim=10
models.architecture.n_encoder_layers=1
models.architecture.n_decoder_layers=1
seed=3    avg_loss: 0.000001004326  time_per_window : 0.000239   progress : 0.972
name: models.architecture.block_type=attention
training.mode=rollout
models.out_dim=10
models.architecture.n_encoder_layers=1
models.architecture.n_decoder_layers=1
seed=3    avg_loss: 0.000000786914  time_per_window : 0.000226   progress : 0.983
name: models.architecture.block_type=attention
training.mode=rollout
models.out_dim=10
models.architecture.n_encoder_layers=1
models.architecture.n_decoder_layers=1
seed=3    avg_loss: 0.000000824770  time_per_window : 0.000211   progress : 0.994
name: models.architecture.block_type=attention
training.mode=rollout
models.out_dim=10
models.architecture.n_encoder_layers=1
models.architecture.n_decoder_layers=1
seed=3    avg_loss: 0.000436810864  time_per_window : 0.000234   progress : 0.011
name: models.architecture.block_type=attention
training.mode=rollout
models.out_dim=10
models.architecture.n_encoder_layers=1
models.architecture.n_decoder_layers=1
seed=3    avg_loss: 0.000000809814  time_per_window : 0.000218   progress : 0.022
name: models.architecture.block_type=attention
training.mode=rollout
models.out_dim=10
models.architecture.n_encoder_layers=1
models.architecture.n_decoder_layers=1
seed=3    avg_loss: 0.000000835718  time_per_window : 0.000228   progress : 0.033
name: models.architecture.block_type=attention
training.mode=rollout
models.out_dim=10
models.architecture.n_encoder_layers=1
models.architecture.n_decoder_layers=1
seed=3    avg_loss: 0.000000883611  time_per_window : 0.000230   progress : 0.044
name: models.architecture.block_type=attention
training.mode=rollout
models.out_dim=10
models.architecture.n_encoder_layers=1
models.architecture.n_decoder_layers=1
seed=3    avg_loss: 0.000000829046  time_per_window : 0.000225   progress : 0.055
name: models.architecture.block_type=attention
training.mode=rollout
models.out_dim=10
models.architecture.n_encoder_layers=1
models.architecture.n_decoder_layers=1
seed=3    avg_loss: 0.000000886010  time_per_window : 0.000209   progress : 0.066
name: models.architecture.block_type=attention
training.mode=rollout
models.out_dim=10
models.architecture.n_encoder_layers=1
models.architecture.n_decoder_layers=1
seed=3    avg_loss: 0.000000730495  time_per_window : 0.000236   progress : 0.076
name: models.architecture.block_type=attention
training.mode=rollout
models.out_dim=10
models.architecture.n_encoder_layers=1
models.architecture.n_decoder_layers=1
seed=3    avg_loss: 0.000000707464  time_per_window : 0.000254   progress : 0.087
name: models.architecture.block_type=attention
training.mode=rollout
models.out_dim=10
models.architecture.n_encoder_layers=1
models.architecture.n_decoder_layers=1
seed=3    avg_loss: 0.000000783598  time_per_window : 0.000255   progress : 0.098
name: models.architecture.block_type=attention
training.mode=rollout
models.out_dim=10
models.architecture.n_encoder_layers=1
models.architecture.n_decoder_layers=1
seed=3    avg_loss: 0.000000688345  time_per_window : 0.000245   progress : 0.109
name: models.architecture.block_type=attention
training.mode=rollout
models.out_dim=10
models.architecture.n_encoder_layers=1
models.architecture.n_decoder_layers=1
seed=3    avg_loss: 0.000000864660  time_per_window : 0.000226   progress : 0.120
name: models.architecture.block_type=attention
training.mode=rollout
models.out_dim=10
models.architecture.n_encoder_layers=1
models.architecture.n_decoder_layers=1
seed=3    avg_loss: 0.000000694935  time_per_window : 0.000254   progress : 0.131
name: models.architecture.block_type=attention
training.mode=rollout
models.out_dim=10
models.architecture.n_encoder_layers=1
models.architecture.n_decoder_layers=1
seed=3    avg_loss: 0.000000643525  time_per_window : 0.000227   progress : 0.142
name: models.architecture.block_type=attention
training.mode=rollout
models.out_dim=10
models.architecture.n_encoder_layers=1
models.architecture.n_decoder_layers=1
seed=3    avg_loss: 0.000000806474  time_per_window : 0.000234   progress : 0.153
name: models.architecture.block_type=attention
training.mode=rollout
models.out_dim=10
models.architecture.n_encoder_layers=1
models.architecture.n_decoder_layers=1
seed=3    avg_loss: 0.000000607577  time_per_window : 0.000247   progress : 0.164
name: models.architecture.block_type=attention
training.mode=rollout
models.out_dim=10
models.architecture.n_encoder_layers=1
models.architecture.n_decoder_layers=1
seed=3    avg_loss: 0.000000947224  time_per_window : 0.000223   progress : 0.175
name: models.architecture.block_type=attention
training.mode=rollout
models.out_dim=10
models.architecture.n_encoder_layers=1
models.architecture.n_decoder_layers=1
seed=3    avg_loss: 0.000002954021  time_per_window : 0.000238   progress : 0.186
name: models.architecture.block_type=attention
training.mode=rollout
models.out_dim=10
models.architecture.n_encoder_layers=1
models.architecture.n_decoder_layers=1
seed=3    avg_loss: 0.000000658588  time_per_window : 0.000224   progress : 0.197
name: models.architecture.block_type=attention
training.mode=rollout
models.out_dim=10
models.architecture.n_encoder_layers=1
models.architecture.n_decoder_layers=1
seed=3    avg_loss: 0.000000754603  time_per_window : 0.000233   progress : 0.208
name: models.architecture.block_type=attention
training.mode=rollout
models.out_dim=10
models.architecture.n_encoder_layers=1
models.architecture.n_decoder_layers=1
seed=3    avg_loss: 0.000002141063  time_per_window : 0.000233   progress : 0.218
name: models.architecture.block_type=attention
training.mode=rollout
models.out_dim=10
models.architecture.n_encoder_layers=1
models.architecture.n_decoder_layers=1
seed=3    avg_loss: 0.000002920993  time_per_window : 0.000222   progress : 0.229
name: models.architecture.block_type=attention
training.mode=rollout
models.out_dim=10
models.architecture.n_encoder_layers=1
models.architecture.n_decoder_layers=1
seed=3    avg_loss: 0.000001167714  time_per_window : 0.000259   progress : 0.240
name: models.architecture.block_type=attention
training.mode=rollout
models.out_dim=10
models.architecture.n_encoder_layers=1
models.architecture.n_decoder_layers=1
seed=0    avg_loss: 0.000000777560  time_per_window : 0.000227   progress : 0.251
name: models.architecture.block_type=attention
training.mode=rollout
models.out_dim=10
models.architecture.n_encoder_layers=1
models.architecture.n_decoder_layers=1
seed=0    avg_loss: 0.000002538181  time_per_window : 0.000227   progress : 0.262
name: models.architecture.block_type=attention
training.mode=rollout
models.out_dim=10
models.architecture.n_encoder_layers=1
models.architecture.n_decoder_layers=1
seed=0    avg_loss: 0.000001171505  time_per_window : 0.000231   progress : 0.273
name: models.architecture.block_type=attention
training.mode=rollout
models.out_dim=10
models.architecture.n_encoder_layers=1
models.architecture.n_decoder_layers=1
seed=0    avg_loss: 0.000001002981  time_per_window : 0.000221   progress : 0.284
name: models.architecture.block_type=attention
training.mode=rollout
models.out_dim=10
models.architecture.n_encoder_layers=1
models.architecture.n_decoder_layers=1
seed=0    avg_loss: 0.000002058468  time_per_window : 0.000209   progress : 0.295
name: models.architecture.block_type=attention
training.mode=rollout
models.out_dim=10
models.architecture.n_encoder_layers=1
models.architecture.n_decoder_layers=1
seed=0    avg_loss: 0.000001292980  time_per_window : 0.000225   progress : 0.306
name: models.architecture.block_type=attention
training.mode=rollout
models.out_dim=10
models.architecture.n_encoder_layers=1
models.architecture.n_decoder_layers=1
seed=0    avg_loss: 0.000003007010  time_per_window : 0.000237   progress : 0.317
name: models.architecture.block_type=attention
training.mode=rollout
models.out_dim=10
models.architecture.n_encoder_layers=1
models.architecture.n_decoder_layers=1
seed=0    avg_loss: 0.000001442700  time_per_window : 0.000248   progress : 0.328
name: models.architecture.block_type=attention
training.mode=rollout
models.out_dim=10
models.architecture.n_encoder_layers=1
models.architecture.n_decoder_layers=1
seed=0    avg_loss: 0.000001531507  time_per_window : 0.000227   progress : 0.339
name: models.architecture.block_type=attention
training.mode=rollout
models.out_dim=10
models.architecture.n_encoder_layers=1
models.architecture.n_decoder_layers=1
seed=0    avg_loss: 0.000001590819  time_per_window : 0.000235   progress : 0.350
name: models.architecture.block_type=attention
training.mode=rollout
models.out_dim=10
models.architecture.n_encoder_layers=1
models.architecture.n_decoder_layers=1
seed=0    avg_loss: 0.000002041745  time_per_window : 0.000196   progress : 0.360
name: models.architecture.block_type=attention
training.mode=rollout
models.out_dim=10
models.architecture.n_encoder_layers=1
models.architecture.n_decoder_layers=1
seed=0    avg_loss: 0.000001721082  time_per_window : 0.000212   progress : 0.371
name: models.architecture.block_type=attention
training.mode=rollout
models.out_dim=10
models.architecture.n_encoder_layers=1
models.architecture.n_decoder_layers=1
seed=0    avg_loss: 0.000001515467  time_per_window : 0.000219   progress : 0.382
name: models.architecture.block_type=attention
training.mode=rollout
models.out_dim=10
models.architecture.n_encoder_layers=1
models.architecture.n_decoder_layers=1
seed=0    avg_loss: 0.000002156073  time_per_window : 0.000226   progress : 0.393
name: models.architecture.block_type=attention
training.mode=rollout
models.out_dim=10
models.architecture.n_encoder_layers=1
models.architecture.n_decoder_layers=1
seed=0    avg_loss: 0.000001712546  time_per_window : 0.000215   progress : 0.404
name: models.architecture.block_type=attention
training.mode=rollout
models.out_dim=10
models.architecture.n_encoder_layers=1
models.architecture.n_decoder_layers=1
seed=0    avg_loss: 0.000001188915  time_per_window : 0.000252   progress : 0.415
name: models.architecture.block_type=attention
training.mode=rollout
models.out_dim=10
models.architecture.n_encoder_layers=1
models.architecture.n_decoder_layers=1
seed=0    avg_loss: 0.000001721805  time_per_window : 0.000247   progress : 0.426
name: models.architecture.block_type=attention
training.mode=rollout
models.out_dim=10
models.architecture.n_encoder_layers=1
models.architecture.n_decoder_layers=1
seed=0    avg_loss: 0.000006389003  time_per_window : 0.000216   progress : 0.437
name: models.architecture.block_type=attention
training.mode=rollout
models.out_dim=10
models.architecture.n_encoder_layers=1
models.architecture.n_decoder_layers=1
seed=0    avg_loss: 0.000000814190  time_per_window : 0.000226   progress : 0.448
name: models.architecture.block_type=attention
training.mode=rollout
models.out_dim=10
models.architecture.n_encoder_layers=1
models.architecture.n_decoder_layers=1
seed=0    avg_loss: 0.000002012073  time_per_window : 0.000253   progress : 0.459
name: models.architecture.block_type=attention
training.mode=rollout
models.out_dim=10
models.architecture.n_encoder_layers=1
models.architecture.n_decoder_layers=1
seed=0    avg_loss: 0.000000724525  time_per_window : 0.000213   progress : 0.470
name: models.architecture.block_type=attention
training.mode=rollout
models.out_dim=10
models.architecture.n_encoder_layers=1
models.architecture.n_decoder_layers=1
seed=0    avg_loss: 0.000001054284  time_per_window : 0.000256   progress : 0.481
name: models.architecture.block_type=attention
training.mode=rollout
models.out_dim=10
models.architecture.n_encoder_layers=1
models.architecture.n_decoder_layers=1
seed=0    avg_loss: 0.000001605713  time_per_window : 0.000226   progress : 0.492
name: models.architecture.block_type=attention
training.mode=rollout
models.out_dim=10
models.architecture.n_encoder_layers=1
models.architecture.n_decoder_layers=1
seed=0    avg_loss: 0.000001293465  time_per_window : 0.000243   progress : 0.502
name: models.architecture.block_type=attention
training.mode=rollout
models.out_dim=10
models.architecture.n_encoder_layers=1
models.architecture.n_decoder_layers=1
seed=0    avg_loss: 0.000002000618  time_per_window : 0.000245   progress : 0.513
name: models.architecture.block_type=attention
training.mode=rollout
models.out_dim=10
models.architecture.n_encoder_layers=1
models.architecture.n_decoder_layers=1
seed=0    avg_loss: 0.000001853759  time_per_window : 0.000247   progress : 0.524
name: models.architecture.block_type=attention
training.mode=rollout
models.out_dim=10
models.architecture.n_encoder_layers=1
models.architecture.n_decoder_layers=1
seed=0    avg_loss: 0.000001354837  time_per_window : 0.000237   progress : 0.535
name: models.architecture.block_type=attention
training.mode=rollout
models.out_dim=10
models.architecture.n_encoder_layers=1
models.architecture.n_decoder_layers=1
seed=0    avg_loss: 0.000003209457  time_per_window : 0.000227   progress : 0.546
name: models.architecture.block_type=attention
training.mode=rollout
models.out_dim=10
models.architecture.n_encoder_layers=1
models.architecture.n_decoder_layers=1
seed=0    avg_loss: 0.000001233243  time_per_window : 0.000247   progress : 0.557
name: models.architecture.block_type=attention
training.mode=rollout
models.out_dim=10
models.architecture.n_encoder_layers=1
models.architecture.n_decoder_layers=1
seed=0    avg_loss: 0.000001103693  time_per_window : 0.000217   progress : 0.568
name: models.architecture.block_type=attention
training.mode=rollout
models.out_dim=10
models.architecture.n_encoder_layers=1
models.architecture.n_decoder_layers=1
seed=0    avg_loss: 0.000001511976  time_per_window : 0.000280   progress : 0.579
name: models.architecture.block_type=attention
training.mode=rollout
models.out_dim=10
models.architecture.n_encoder_layers=1
models.architecture.n_decoder_layers=1
seed=0    avg_loss: 0.000001865460  time_per_window : 0.000233   progress : 0.590
name: models.architecture.block_type=attention
training.mode=rollout
models.out_dim=10
models.architecture.n_encoder_layers=1
models.architecture.n_decoder_layers=1
seed=0    avg_loss: 0.000001575826  time_per_window : 0.000248   progress : 0.601
name: models.architecture.block_type=attention
training.mode=rollout
models.out_dim=10
models.architecture.n_encoder_layers=1
models.architecture.n_decoder_layers=1
seed=0    avg_loss: 0.000001211774  time_per_window : 0.000211   progress : 0.612
name: models.architecture.block_type=attention
training.mode=rollout
models.out_dim=10
models.architecture.n_encoder_layers=1
models.architecture.n_decoder_layers=1
seed=1    avg_loss: 0.000001502112  time_per_window : 0.000208   progress : 0.251
name: models.architecture.block_type=attention
training.mode=rollout
models.out_dim=10
models.architecture.n_encoder_layers=1
models.architecture.n_decoder_layers=1
seed=1    avg_loss: 0.000002088576  time_per_window : 0.000221   progress : 0.262
name: models.architecture.block_type=attention
training.mode=rollout
models.out_dim=10
models.architecture.n_encoder_layers=1
models.architecture.n_decoder_layers=1
seed=1    avg_loss: 0.000002564557  time_per_window : 0.000222   progress : 0.273
name: models.architecture.block_type=attention
training.mode=rollout
models.out_dim=10
models.architecture.n_encoder_layers=1
models.architecture.n_decoder_layers=1
seed=1    avg_loss: 0.000000956147  time_per_window : 0.000230   progress : 0.284
name: models.architecture.block_type=attention
training.mode=rollout
models.out_dim=10
models.architecture.n_encoder_layers=1
models.architecture.n_decoder_layers=1
seed=1    avg_loss: 0.000001327558  time_per_window : 0.000227   progress : 0.295
name: models.architecture.block_type=attention
training.mode=rollout
models.out_dim=10
models.architecture.n_encoder_layers=1
models.architecture.n_decoder_layers=1
seed=1    avg_loss: 0.000003777663  time_per_window : 0.000217   progress : 0.306
name: models.architecture.block_type=attention
training.mode=rollout
models.out_dim=10
models.architecture.n_encoder_layers=1
models.architecture.n_decoder_layers=1
seed=1    avg_loss: 0.000000859774  time_per_window : 0.000244   progress : 0.317
name: models.architecture.block_type=attention
training.mode=rollout
models.out_dim=10
models.architecture.n_encoder_layers=1
models.architecture.n_decoder_layers=1
seed=1    avg_loss: 0.000002080095  time_per_window : 0.000250   progress : 0.328
name: models.architecture.block_type=attention
training.mode=rollout
models.out_dim=10
models.architecture.n_encoder_layers=1
models.architecture.n_decoder_layers=1
seed=1    avg_loss: 0.000001271897  time_per_window : 0.000228   progress : 0.339
name: models.architecture.block_type=attention
training.mode=rollout
models.out_dim=10
models.architecture.n_encoder_layers=1
models.architecture.n_decoder_layers=1
seed=1    avg_loss: 0.000002084514  time_per_window : 0.000211   progress : 0.350
name: models.architecture.block_type=attention
training.mode=rollout
models.out_dim=10
models.architecture.n_encoder_layers=1
models.architecture.n_decoder_layers=1
seed=1    avg_loss: 0.000001788742  time_per_window : 0.000208   progress : 0.360
name: models.architecture.block_type=attention
training.mode=rollout
models.out_dim=10
models.architecture.n_encoder_layers=1
models.architecture.n_decoder_layers=1
seed=1    avg_loss: 0.000003264091  time_per_window : 0.000242   progress : 0.371
name: models.architecture.block_type=attention
training.mode=rollout
models.out_dim=10
models.architecture.n_encoder_layers=1
models.architecture.n_decoder_layers=1
seed=1    avg_loss: 0.000001988676  time_per_window : 0.000234   progress : 0.382
name: models.architecture.block_type=attention
training.mode=rollout
models.out_dim=10
models.architecture.n_encoder_layers=1
models.architecture.n_decoder_layers=1
seed=1    avg_loss: 0.000002287707  time_per_window : 0.000227   progress : 0.393
name: models.architecture.block_type=attention
training.mode=rollout
models.out_dim=10
models.architecture.n_encoder_layers=1
models.architecture.n_decoder_layers=1
seed=1    avg_loss: 0.000001322430  time_per_window : 0.000223   progress : 0.404
name: models.architecture.block_type=attention
training.mode=rollout
models.out_dim=10
models.architecture.n_encoder_layers=1
models.architecture.n_decoder_layers=1
seed=1    avg_loss: 0.000001897752  time_per_window : 0.000216   progress : 0.415
name: models.architecture.block_type=attention
training.mode=rollout
models.out_dim=10
models.architecture.n_encoder_layers=1
models.architecture.n_decoder_layers=1
seed=1    avg_loss: 0.000002566805  time_per_window : 0.000222   progress : 0.426
name: models.architecture.block_type=attention
training.mode=rollout
models.out_dim=10
models.architecture.n_encoder_layers=1
models.architecture.n_decoder_layers=1
seed=1    avg_loss: 0.000001362342  time_per_window : 0.000244   progress : 0.437
name: models.architecture.block_type=attention
training.mode=rollout
models.out_dim=10
models.architecture.n_encoder_layers=1
models.architecture.n_decoder_layers=1
seed=1    avg_loss: 0.000002409872  time_per_window : 0.000220   progress : 0.448
name: models.architecture.block_type=attention
training.mode=rollout
models.out_dim=10
models.architecture.n_encoder_layers=1
models.architecture.n_decoder_layers=1
seed=1    avg_loss: 0.000001084532  time_per_window : 0.000223   progress : 0.459
name: models.architecture.block_type=attention
training.mode=rollout
models.out_dim=10
models.architecture.n_encoder_layers=1
models.architecture.n_decoder_layers=1
seed=1    avg_loss: 0.000001336363  time_per_window : 0.000238   progress : 0.470
name: models.architecture.block_type=attention
training.mode=rollout
models.out_dim=10
models.architecture.n_encoder_layers=1
models.architecture.n_decoder_layers=1
seed=1    avg_loss: 0.000001921716  time_per_window : 0.000218   progress : 0.481
name: models.architecture.block_type=attention
training.mode=rollout
models.out_dim=10
models.architecture.n_encoder_layers=1
models.architecture.n_decoder_layers=1
seed=1    avg_loss: 0.000002576110  time_per_window : 0.000251   progress : 0.492
name: models.architecture.block_type=attention
training.mode=rollout
models.out_dim=10
models.architecture.n_encoder_layers=1
models.architecture.n_decoder_layers=1
seed=1    avg_loss: 0.000001673736  time_per_window : 0.000250   progress : 0.502
name: models.architecture.block_type=attention
training.mode=rollout
models.out_dim=10
models.architecture.n_encoder_layers=1
models.architecture.n_decoder_layers=1
seed=1    avg_loss: 0.000001422638  time_per_window : 0.000266   progress : 0.513
name: models.architecture.block_type=attention
training.mode=rollout
models.out_dim=10
models.architecture.n_encoder_layers=1
models.architecture.n_decoder_layers=1
seed=1    avg_loss: 0.000001074630  time_per_window : 0.000224   progress : 0.524
name: models.architecture.block_type=attention
training.mode=rollout
models.out_dim=10
models.architecture.n_encoder_layers=1
models.architecture.n_decoder_layers=1
seed=1    avg_loss: 0.000003781376  time_per_window : 0.000219   progress : 0.535
name: models.architecture.block_type=attention
training.mode=rollout
models.out_dim=10
models.architecture.n_encoder_layers=1
models.architecture.n_decoder_layers=1
seed=1    avg_loss: 0.000002255247  time_per_window : 0.000236   progress : 0.546
name: models.architecture.block_type=attention
training.mode=rollout
models.out_dim=10
models.architecture.n_encoder_layers=1
models.architecture.n_decoder_layers=1
seed=1    avg_loss: 0.000001067765  time_per_window : 0.000220   progress : 0.557
name: models.architecture.block_type=attention
training.mode=rollout
models.out_dim=10
models.architecture.n_encoder_layers=1
models.architecture.n_decoder_layers=1
seed=1    avg_loss: 0.000002431258  time_per_window : 0.000232   progress : 0.568
name: models.architecture.block_type=attention
training.mode=rollout
models.out_dim=10
models.architecture.n_encoder_layers=1
models.architecture.n_decoder_layers=1
seed=1    avg_loss: 0.000000742150  time_per_window : 0.000211   progress : 0.579
name: models.architecture.block_type=attention
training.mode=rollout
models.out_dim=10
models.architecture.n_encoder_layers=1
models.architecture.n_decoder_layers=1
seed=1    avg_loss: 0.000002793535  time_per_window : 0.000239   progress : 0.590
name: models.architecture.block_type=attention
training.mode=rollout
models.out_dim=10
models.architecture.n_encoder_layers=1
models.architecture.n_decoder_layers=1
seed=1    avg_loss: 0.000000639826  time_per_window : 0.000262   progress : 0.601
name: models.architecture.block_type=attention
training.mode=rollout
models.out_dim=10
models.architecture.n_encoder_layers=1
models.architecture.n_decoder_layers=1
seed=1    avg_loss: 0.000001229177  time_per_window : 0.000239   progress : 0.612
name: models.architecture.block_type=attention
training.mode=rollout
models.out_dim=10
models.architecture.n_encoder_layers=1
models.architecture.n_decoder_layers=1
seed=4    avg_loss: 0.000002584366  time_per_window : 0.000236   progress : 0.251
name: models.architecture.block_type=attention
training.mode=rollout
models.out_dim=10
models.architecture.n_encoder_layers=1
models.architecture.n_decoder_layers=1
seed=4    avg_loss: 0.000000787839  time_per_window : 0.000252   progress : 0.262
name: models.architecture.block_type=attention
training.mode=rollout
models.out_dim=10
models.architecture.n_encoder_layers=1
models.architecture.n_decoder_layers=1
seed=4    avg_loss: 0.000001500059  time_per_window : 0.000225   progress : 0.273
name: models.architecture.block_type=attention
training.mode=rollout
models.out_dim=10
models.architecture.n_encoder_layers=1
models.architecture.n_decoder_layers=1
seed=4    avg_loss: 0.000004355088  time_per_window : 0.000224   progress : 0.284
name: models.architecture.block_type=attention
training.mode=rollout
models.out_dim=10
models.architecture.n_encoder_layers=1
models.architecture.n_decoder_layers=1
seed=4    avg_loss: 0.000001108021  time_per_window : 0.000256   progress : 0.295
name: models.architecture.block_type=attention
training.mode=rollout
models.out_dim=10
models.architecture.n_encoder_layers=1
models.architecture.n_decoder_layers=1
seed=4    avg_loss: 0.000001774206  time_per_window : 0.000241   progress : 0.306
name: models.architecture.block_type=attention
training.mode=rollout
models.out_dim=10
models.architecture.n_encoder_layers=1
models.architecture.n_decoder_layers=1
seed=4    avg_loss: 0.000001257586  time_per_window : 0.000240   progress : 0.317
name: models.architecture.block_type=attention
training.mode=rollout
models.out_dim=10
models.architecture.n_encoder_layers=1
models.architecture.n_decoder_layers=1
seed=4    avg_loss: 0.000000939220  time_per_window : 0.000233   progress : 0.328
name: models.architecture.block_type=attention
training.mode=rollout
models.out_dim=10
models.architecture.n_encoder_layers=1
models.architecture.n_decoder_layers=1
seed=4    avg_loss: 0.000004062427  time_per_window : 0.000242   progress : 0.339
name: models.architecture.block_type=attention
training.mode=rollout
models.out_dim=10
models.architecture.n_encoder_layers=1
models.architecture.n_decoder_layers=1
seed=4    avg_loss: 0.000001403634  time_per_window : 0.000196   progress : 0.350
name: models.architecture.block_type=attention
training.mode=rollout
models.out_dim=10
models.architecture.n_encoder_layers=1
models.architecture.n_decoder_layers=1
seed=4    avg_loss: 0.000001864740  time_per_window : 0.000200   progress : 0.360
name: models.architecture.block_type=attention
training.mode=rollout
models.out_dim=10
models.architecture.n_encoder_layers=1
models.architecture.n_decoder_layers=1
seed=4    avg_loss: 0.000007326584  time_per_window : 0.000231   progress : 0.371
name: models.architecture.block_type=attention
training.mode=rollout
models.out_dim=10
models.architecture.n_encoder_layers=1
models.architecture.n_decoder_layers=1
seed=4    avg_loss: 0.000002426478  time_per_window : 0.000195   progress : 0.382
name: models.architecture.block_type=attention
training.mode=rollout
models.out_dim=10
models.architecture.n_encoder_layers=1
models.architecture.n_decoder_layers=1
seed=4    avg_loss: 0.000001012059  time_per_window : 0.000237   progress : 0.393
name: models.architecture.block_type=attention
training.mode=rollout
models.out_dim=10
models.architecture.n_encoder_layers=1
models.architecture.n_decoder_layers=1
seed=4    avg_loss: 0.000001255155  time_per_window : 0.000235   progress : 0.404
name: models.architecture.block_type=attention
training.mode=rollout
models.out_dim=10
models.architecture.n_encoder_layers=1
models.architecture.n_decoder_layers=1
seed=4    avg_loss: 0.000002045083  time_per_window : 0.000223   progress : 0.415
name: models.architecture.block_type=attention
training.mode=rollout
models.out_dim=10
models.architecture.n_encoder_layers=1
models.architecture.n_decoder_layers=1
seed=4    avg_loss: 0.000001041980  time_per_window : 0.000244   progress : 0.426
name: models.architecture.block_type=attention
training.mode=rollout
models.out_dim=10
models.architecture.n_encoder_layers=1
models.architecture.n_decoder_layers=1
seed=4    avg_loss: 0.000000792766  time_per_window : 0.000256   progress : 0.437
name: models.architecture.block_type=attention
training.mode=rollout
models.out_dim=10
models.architecture.n_encoder_layers=1
models.architecture.n_decoder_layers=1
seed=4    avg_loss: 0.000003644388  time_per_window : 0.000238   progress : 0.448
name: models.architecture.block_type=attention
training.mode=rollout
models.out_dim=10
models.architecture.n_encoder_layers=1
models.architecture.n_decoder_layers=1
seed=4    avg_loss: 0.000001008622  time_per_window : 0.000231   progress : 0.459
name: models.architecture.block_type=attention
training.mode=rollout
models.out_dim=10
models.architecture.n_encoder_layers=1
models.architecture.n_decoder_layers=1
seed=4    avg_loss: 0.000000781964  time_per_window : 0.000221   progress : 0.470
name: models.architecture.block_type=attention
training.mode=rollout
models.out_dim=10
models.architecture.n_encoder_layers=1
models.architecture.n_decoder_layers=1
seed=4    avg_loss: 0.000001367721  time_per_window : 0.000236   progress : 0.481
name: models.architecture.block_type=attention
training.mode=rollout
models.out_dim=10
models.architecture.n_encoder_layers=1
models.architecture.n_decoder_layers=1
seed=4    avg_loss: 0.000002518145  time_per_window : 0.000258   progress : 0.492
name: models.architecture.block_type=attention
training.mode=rollout
models.out_dim=10
models.architecture.n_encoder_layers=1
models.architecture.n_decoder_layers=1
seed=4    avg_loss: 0.000002566761  time_per_window : 0.000214   progress : 0.502
name: models.architecture.block_type=attention
training.mode=rollout
models.out_dim=10
models.architecture.n_encoder_layers=1
models.architecture.n_decoder_layers=1
seed=4    avg_loss: 0.000002332432  time_per_window : 0.000208   progress : 0.513
name: models.architecture.block_type=attention
training.mode=rollout
models.out_dim=10
models.architecture.n_encoder_layers=1
models.architecture.n_decoder_layers=1
seed=4    avg_loss: 0.000001606623  time_per_window : 0.000217   progress : 0.524
name: models.architecture.block_type=attention
training.mode=rollout
models.out_dim=10
models.architecture.n_encoder_layers=1
models.architecture.n_decoder_layers=1
seed=4    avg_loss: 0.000001414160  time_per_window : 0.000230   progress : 0.535
name: models.architecture.block_type=attention
training.mode=rollout
models.out_dim=10
models.architecture.n_encoder_layers=1
models.architecture.n_decoder_layers=1
seed=4    avg_loss: 0.000001536865  time_per_window : 0.000257   progress : 0.546
name: models.architecture.block_type=attention
training.mode=rollout
models.out_dim=10
models.architecture.n_encoder_layers=1
models.architecture.n_decoder_layers=1
seed=4    avg_loss: 0.000002868544  time_per_window : 0.000243   progress : 0.557
name: models.architecture.block_type=attention
training.mode=rollout
models.out_dim=10
models.architecture.n_encoder_layers=1
models.architecture.n_decoder_layers=1
seed=4    avg_loss: 0.000000893760  time_per_window : 0.000221   progress : 0.568
name: models.architecture.block_type=attention
training.mode=rollout
models.out_dim=10
models.architecture.n_encoder_layers=1
models.architecture.n_decoder_layers=1
seed=4    avg_loss: 0.000001889576  time_per_window : 0.000300   progress : 0.579
name: models.architecture.block_type=attention
training.mode=rollout
models.out_dim=10
models.architecture.n_encoder_layers=1
models.architecture.n_decoder_layers=1
seed=4    avg_loss: 0.000001151636  time_per_window : 0.000242   progress : 0.590
name: models.architecture.block_type=attention
training.mode=rollout
models.out_dim=10
models.architecture.n_encoder_layers=1
models.architecture.n_decoder_layers=1
seed=4    avg_loss: 0.000002567903  time_per_window : 0.000254   progress : 0.601
name: models.architecture.block_type=attention
training.mode=rollout
models.out_dim=10
models.architecture.n_encoder_layers=1
models.architecture.n_decoder_layers=1
seed=4    avg_loss: 0.000001054688  time_per_window : 0.000222   progress : 0.612
name: models.architecture.block_type=attention
training.mode=rollout
models.out_dim=10
models.architecture.n_encoder_layers=1
models.architecture.n_decoder_layers=1
seed=2    avg_loss: 0.000000858850  time_per_window : 0.000216   progress : 0.251
name: models.architecture.block_type=attention
training.mode=rollout
models.out_dim=10
models.architecture.n_encoder_layers=1
models.architecture.n_decoder_layers=1
seed=2    avg_loss: 0.000002152502  time_per_window : 0.000256   progress : 0.262
name: models.architecture.block_type=attention
training.mode=rollout
models.out_dim=10
models.architecture.n_encoder_layers=1
models.architecture.n_decoder_layers=1
seed=2    avg_loss: 0.000001584803  time_per_window : 0.000243   progress : 0.273
name: models.architecture.block_type=attention
training.mode=rollout
models.out_dim=10
models.architecture.n_encoder_layers=1
models.architecture.n_decoder_layers=1
seed=2    avg_loss: 0.000003057859  time_per_window : 0.000224   progress : 0.284
name: models.architecture.block_type=attention
training.mode=rollout
models.out_dim=10
models.architecture.n_encoder_layers=1
models.architecture.n_decoder_layers=1
seed=2    avg_loss: 0.000000929866  time_per_window : 0.000231   progress : 0.295
name: models.architecture.block_type=attention
training.mode=rollout
models.out_dim=10
models.architecture.n_encoder_layers=1
models.architecture.n_decoder_layers=1
seed=2    avg_loss: 0.000001110563  time_per_window : 0.000229   progress : 0.306
name: models.architecture.block_type=attention
training.mode=rollout
models.out_dim=10
models.architecture.n_encoder_layers=1
models.architecture.n_decoder_layers=1
seed=2    avg_loss: 0.000002397083  time_per_window : 0.000286   progress : 0.317
name: models.architecture.block_type=attention
training.mode=rollout
models.out_dim=10
models.architecture.n_encoder_layers=1
models.architecture.n_decoder_layers=1
seed=2    avg_loss: 0.000001065792  time_per_window : 0.000229   progress : 0.328
name: models.architecture.block_type=attention
training.mode=rollout
models.out_dim=10
models.architecture.n_encoder_layers=1
models.architecture.n_decoder_layers=1
seed=2    avg_loss: 0.000001391857  time_per_window : 0.000226   progress : 0.339
name: models.architecture.block_type=attention
training.mode=rollout
models.out_dim=10
models.architecture.n_encoder_layers=1
models.architecture.n_decoder_layers=1
seed=2    avg_loss: 0.000003175004  time_per_window : 0.000200   progress : 0.350
name: models.architecture.block_type=attention
training.mode=rollout
models.out_dim=10
models.architecture.n_encoder_layers=1
models.architecture.n_decoder_layers=1
seed=2    avg_loss: 0.000001278998  time_per_window : 0.000184   progress : 0.360
name: models.architecture.block_type=attention
training.mode=rollout
models.out_dim=10
models.architecture.n_encoder_layers=1
models.architecture.n_decoder_layers=1
seed=2    avg_loss: 0.000000832444  time_per_window : 0.000227   progress : 0.371
name: models.architecture.block_type=attention
training.mode=rollout
models.out_dim=10
models.architecture.n_encoder_layers=1
models.architecture.n_decoder_layers=1
seed=2    avg_loss: 0.000003048209  time_per_window : 0.000220   progress : 0.382
name: models.architecture.block_type=attention
training.mode=rollout
models.out_dim=10
models.architecture.n_encoder_layers=1
models.architecture.n_decoder_layers=1
seed=2    avg_loss: 0.000003457760  time_per_window : 0.000217   progress : 0.393
name: models.architecture.block_type=attention
training.mode=rollout
models.out_dim=10
models.architecture.n_encoder_layers=1
models.architecture.n_decoder_layers=1
seed=2    avg_loss: 0.000000687911  time_per_window : 0.000254   progress : 0.404
name: models.architecture.block_type=attention
training.mode=rollout
models.out_dim=10
models.architecture.n_encoder_layers=1
models.architecture.n_decoder_layers=1
seed=2    avg_loss: 0.000001788919  time_per_window : 0.000268   progress : 0.415
name: models.architecture.block_type=attention
training.mode=rollout
models.out_dim=10
models.architecture.n_encoder_layers=1
models.architecture.n_decoder_layers=1
seed=2    avg_loss: 0.000001778075  time_per_window : 0.000217   progress : 0.426
name: models.architecture.block_type=attention
training.mode=rollout
models.out_dim=10
models.architecture.n_encoder_layers=1
models.architecture.n_decoder_layers=1
seed=2    avg_loss: 0.000001294985  time_per_window : 0.000237   progress : 0.437
name: models.architecture.block_type=attention
training.mode=rollout
models.out_dim=10
models.architecture.n_encoder_layers=1
models.architecture.n_decoder_layers=1
seed=2    avg_loss: 0.000001458880  time_per_window : 0.000224   progress : 0.448
name: models.architecture.block_type=attention
training.mode=rollout
models.out_dim=10
models.architecture.n_encoder_layers=1
models.architecture.n_decoder_layers=1
seed=2    avg_loss: 0.000001078918  time_per_window : 0.000215   progress : 0.459
name: models.architecture.block_type=attention
training.mode=rollout
models.out_dim=10
models.architecture.n_encoder_layers=1
models.architecture.n_decoder_layers=1
seed=2    avg_loss: 0.000002370094  time_per_window : 0.000231   progress : 0.470
name: models.architecture.block_type=attention
training.mode=rollout
models.out_dim=10
models.architecture.n_encoder_layers=1
models.architecture.n_decoder_layers=1
seed=2    avg_loss: 0.000001861205  time_per_window : 0.000238   progress : 0.481
name: models.architecture.block_type=attention
training.mode=rollout
models.out_dim=10
models.architecture.n_encoder_layers=1
models.architecture.n_decoder_layers=1
seed=2    avg_loss: 0.000001047867  time_per_window : 0.000231   progress : 0.492
name: models.architecture.block_type=attention
training.mode=rollout
models.out_dim=10
models.architecture.n_encoder_layers=1
models.architecture.n_decoder_layers=1
seed=2    avg_loss: 0.000001735251  time_per_window : 0.000241   progress : 0.502
name: models.architecture.block_type=attention
training.mode=rollout
models.out_dim=10
models.architecture.n_encoder_layers=1
models.architecture.n_decoder_layers=1
seed=2    avg_loss: 0.000004199203  time_per_window : 0.000229   progress : 0.513
name: models.architecture.block_type=attention
training.mode=rollout
models.out_dim=10
models.architecture.n_encoder_layers=1
models.architecture.n_decoder_layers=1
seed=2    avg_loss: 0.000000899596  time_per_window : 0.000243   progress : 0.524
name: models.architecture.block_type=attention
training.mode=rollout
models.out_dim=10
models.architecture.n_encoder_layers=1
models.architecture.n_decoder_layers=1
seed=2    avg_loss: 0.000000606150  time_per_window : 0.000209   progress : 0.535
name: models.architecture.block_type=attention
training.mode=rollout
models.out_dim=10
models.architecture.n_encoder_layers=1
models.architecture.n_decoder_layers=1
seed=2    avg_loss: 0.000002022251  time_per_window : 0.000235   progress : 0.546
name: models.architecture.block_type=attention
training.mode=rollout
models.out_dim=10
models.architecture.n_encoder_layers=1
models.architecture.n_decoder_layers=1
seed=2    avg_loss: 0.000001223762  time_per_window : 0.000226   progress : 0.557
name: models.architecture.block_type=attention
training.mode=rollout
models.out_dim=10
models.architecture.n_encoder_layers=1
models.architecture.n_decoder_layers=1
seed=2    avg_loss: 0.000002100016  time_per_window : 0.000265   progress : 0.568
name: models.architecture.block_type=attention
training.mode=rollout
models.out_dim=10
models.architecture.n_encoder_layers=1
models.architecture.n_decoder_layers=1
seed=2    avg_loss: 0.000001349238  time_per_window : 0.000246   progress : 0.579
name: models.architecture.block_type=attention
training.mode=rollout
models.out_dim=10
models.architecture.n_encoder_layers=1
models.architecture.n_decoder_layers=1
seed=2    avg_loss: 0.000000887866  time_per_window : 0.000242   progress : 0.590
name: models.architecture.block_type=attention
training.mode=rollout
models.out_dim=10
models.architecture.n_encoder_layers=1
models.architecture.n_decoder_layers=1
seed=2    avg_loss: 0.000001313152  time_per_window : 0.000237   progress : 0.601
name: models.architecture.block_type=attention
training.mode=rollout
models.out_dim=10
models.architecture.n_encoder_layers=1
models.architecture.n_decoder_layers=1
seed=2    avg_loss: 0.000000866185  time_per_window : 0.000213   progress : 0.612
name: models.architecture.block_type=attention
training.mode=rollout
models.out_dim=10
models.architecture.n_encoder_layers=1
models.architecture.n_decoder_layers=1
seed=3    avg_loss: 0.000001190841  time_per_window : 0.000234   progress : 0.251
name: models.architecture.block_type=attention
training.mode=rollout
models.out_dim=10
models.architecture.n_encoder_layers=1
models.architecture.n_decoder_layers=1
seed=3    avg_loss: 0.000001706880  time_per_window : 0.000242   progress : 0.262
name: models.architecture.block_type=attention
training.mode=rollout
models.out_dim=10
models.architecture.n_encoder_layers=1
models.architecture.n_decoder_layers=1
seed=3    avg_loss: 0.000001785271  time_per_window : 0.000237   progress : 0.273
name: models.architecture.block_type=attention
training.mode=rollout
models.out_dim=10
models.architecture.n_encoder_layers=1
models.architecture.n_decoder_layers=1
seed=3    avg_loss: 0.000001678921  time_per_window : 0.000255   progress : 0.284
name: models.architecture.block_type=attention
training.mode=rollout
models.out_dim=10
models.architecture.n_encoder_layers=1
models.architecture.n_decoder_layers=1
seed=3    avg_loss: 0.000002715115  time_per_window : 0.000220   progress : 0.295
name: models.architecture.block_type=attention
training.mode=rollout
models.out_dim=10
models.architecture.n_encoder_layers=1
models.architecture.n_decoder_layers=1
seed=3    avg_loss: 0.000002093229  time_per_window : 0.000228   progress : 0.306
name: models.architecture.block_type=attention
training.mode=rollout
models.out_dim=10
models.architecture.n_encoder_layers=1
models.architecture.n_decoder_layers=1
seed=3    avg_loss: 0.000001299256  time_per_window : 0.000248   progress : 0.317
name: models.architecture.block_type=attention
training.mode=rollout
models.out_dim=10
models.architecture.n_encoder_layers=1
models.architecture.n_decoder_layers=1
seed=3    avg_loss: 0.000002083870  time_per_window : 0.000234   progress : 0.328
name: models.architecture.block_type=attention
training.mode=rollout
models.out_dim=10
models.architecture.n_encoder_layers=1
models.architecture.n_decoder_layers=1
seed=3    avg_loss: 0.000001946834  time_per_window : 0.000230   progress : 0.339
name: models.architecture.block_type=attention
training.mode=rollout
models.out_dim=10
models.architecture.n_encoder_layers=1
models.architecture.n_decoder_layers=1
seed=3    avg_loss: 0.000001624660  time_per_window : 0.000214   progress : 0.350
name: models.architecture.block_type=attention
training.mode=rollout
models.out_dim=10
models.architecture.n_encoder_layers=1
models.architecture.n_decoder_layers=1
seed=3    avg_loss: 0.000002334456  time_per_window : 0.000234   progress : 0.360
name: models.architecture.block_type=attention
training.mode=rollout
models.out_dim=10
models.architecture.n_encoder_layers=1
models.architecture.n_decoder_layers=1
seed=3    avg_loss: 0.000001920353  time_per_window : 0.000243   progress : 0.371
name: models.architecture.block_type=attention
training.mode=rollout
models.out_dim=10
models.architecture.n_encoder_layers=1
models.architecture.n_decoder_layers=1
seed=3    avg_loss: 0.000003132914  time_per_window : 0.000231   progress : 0.382
name: models.architecture.block_type=attention
training.mode=rollout
models.out_dim=10
models.architecture.n_encoder_layers=1
models.architecture.n_decoder_layers=1
seed=3    avg_loss: 0.000001533425  time_per_window : 0.000230   progress : 0.393
name: models.architecture.block_type=attention
training.mode=rollout
models.out_dim=10
models.architecture.n_encoder_layers=1
models.architecture.n_decoder_layers=1
seed=3    avg_loss: 0.000003286335  time_per_window : 0.000222   progress : 0.404
name: models.architecture.block_type=attention
training.mode=rollout
models.out_dim=10
models.architecture.n_encoder_layers=1
models.architecture.n_decoder_layers=1
seed=3    avg_loss: 0.000001652514  time_per_window : 0.000234   progress : 0.415
name: models.architecture.block_type=attention
training.mode=rollout
models.out_dim=10
models.architecture.n_encoder_layers=1
models.architecture.n_decoder_layers=1
seed=3    avg_loss: 0.000001425011  time_per_window : 0.000238   progress : 0.426
name: models.architecture.block_type=attention
training.mode=rollout
models.out_dim=10
models.architecture.n_encoder_layers=1
models.architecture.n_decoder_layers=1
seed=3    avg_loss: 0.000001382622  time_per_window : 0.000229   progress : 0.437
name: models.architecture.block_type=attention
training.mode=rollout
models.out_dim=10
models.architecture.n_encoder_layers=1
models.architecture.n_decoder_layers=1
seed=3    avg_loss: 0.000002540362  time_per_window : 0.000221   progress : 0.448
name: models.architecture.block_type=attention
training.mode=rollout
models.out_dim=10
models.architecture.n_encoder_layers=1
models.architecture.n_decoder_layers=1
seed=3    avg_loss: 0.000001033390  time_per_window : 0.000225   progress : 0.459
name: models.architecture.block_type=attention
training.mode=rollout
models.out_dim=10
models.architecture.n_encoder_layers=1
models.architecture.n_decoder_layers=1
seed=3    avg_loss: 0.000002563118  time_per_window : 0.000256   progress : 0.470
name: models.architecture.block_type=attention
training.mode=rollout
models.out_dim=10
models.architecture.n_encoder_layers=1
models.architecture.n_decoder_layers=1
seed=3    avg_loss: 0.000001960631  time_per_window : 0.000246   progress : 0.481
name: models.architecture.block_type=attention
training.mode=rollout
models.out_dim=10
models.architecture.n_encoder_layers=1
models.architecture.n_decoder_layers=1
seed=3    avg_loss: 0.000002375886  time_per_window : 0.000225   progress : 0.492
name: models.architecture.block_type=attention
training.mode=rollout
models.out_dim=10
models.architecture.n_encoder_layers=1
models.architecture.n_decoder_layers=1
seed=3    avg_loss: 0.000002388681  time_per_window : 0.000230   progress : 0.502
name: models.architecture.block_type=attention
training.mode=rollout
models.out_dim=10
models.architecture.n_encoder_layers=1
models.architecture.n_decoder_layers=1
seed=3    avg_loss: 0.000000863044  time_per_window : 0.000241   progress : 0.513
name: models.architecture.block_type=attention
training.mode=rollout
models.out_dim=10
models.architecture.n_encoder_layers=1
models.architecture.n_decoder_layers=1
seed=3    avg_loss: 0.000001245123  time_per_window : 0.000217   progress : 0.524
name: models.architecture.block_type=attention
training.mode=rollout
models.out_dim=10
models.architecture.n_encoder_layers=1
models.architecture.n_decoder_layers=1
seed=3    avg_loss: 0.000003114817  time_per_window : 0.000235   progress : 0.535
name: models.architecture.block_type=attention
training.mode=rollout
models.out_dim=10
models.architecture.n_encoder_layers=1
models.architecture.n_decoder_layers=1
seed=3    avg_loss: 0.000001166834  time_per_window : 0.000215   progress : 0.546
name: models.architecture.block_type=attention
training.mode=rollout
models.out_dim=10
models.architecture.n_encoder_layers=1
models.architecture.n_decoder_layers=1
seed=3    avg_loss: 0.000002214677  time_per_window : 0.000276   progress : 0.557
name: models.architecture.block_type=attention
training.mode=rollout
models.out_dim=10
models.architecture.n_encoder_layers=1
models.architecture.n_decoder_layers=1
seed=3    avg_loss: 0.000001971994  time_per_window : 0.000290   progress : 0.568
name: models.architecture.block_type=attention
training.mode=rollout
models.out_dim=10
models.architecture.n_encoder_layers=1
models.architecture.n_decoder_layers=1
seed=3    avg_loss: 0.000001718803  time_per_window : 0.000226   progress : 0.579
name: models.architecture.block_type=attention
training.mode=rollout
models.out_dim=10
models.architecture.n_encoder_layers=1
models.architecture.n_decoder_layers=1
seed=3    avg_loss: 0.000000917762  time_per_window : 0.000222   progress : 0.590
name: models.architecture.block_type=attention
training.mode=rollout
models.out_dim=10
models.architecture.n_encoder_layers=1
models.architecture.n_decoder_layers=1
seed=3    avg_loss: 0.000000932351  time_per_window : 0.000230   progress : 0.601
name: models.architecture.block_type=attention
training.mode=rollout
models.out_dim=10
models.architecture.n_encoder_layers=1
models.architecture.n_decoder_layers=1
seed=3    avg_loss: 0.000002899819  time_per_window : 0.000228   progress : 0.612
name: models.architecture.block_type=attention
training.mode=rollout
models.out_dim=10
models.architecture.n_encoder_layers=1
models.architecture.n_decoder_layers=1
seed=0    avg_loss: 0.000001459558  time_per_window : 0.000231   progress : 0.623
name: models.architecture.block_type=attention
training.mode=rollout
models.out_dim=10
models.architecture.n_encoder_layers=1
models.architecture.n_decoder_layers=1
seed=0    avg_loss: 0.000002461786  time_per_window : 0.000215   progress : 0.634
name: models.architecture.block_type=attention
training.mode=rollout
models.out_dim=10
models.architecture.n_encoder_layers=1
models.architecture.n_decoder_layers=1
seed=0    avg_loss: 0.000001395525  time_per_window : 0.000210   progress : 0.644
name: models.architecture.block_type=attention
training.mode=rollout
models.out_dim=10
models.architecture.n_encoder_layers=1
models.architecture.n_decoder_layers=1
seed=0    avg_loss: 0.000001573858  time_per_window : 0.000219   progress : 0.655
name: models.architecture.block_type=attention
training.mode=rollout
models.out_dim=10
models.architecture.n_encoder_layers=1
models.architecture.n_decoder_layers=1
seed=0    avg_loss: 0.000001703530  time_per_window : 0.000218   progress : 0.666
name: models.architecture.block_type=attention
training.mode=rollout
models.out_dim=10
models.architecture.n_encoder_layers=1
models.architecture.n_decoder_layers=1
seed=0    avg_loss: 0.000001189890  time_per_window : 0.000235   progress : 0.677
name: models.architecture.block_type=attention
training.mode=rollout
models.out_dim=10
models.architecture.n_encoder_layers=1
models.architecture.n_decoder_layers=1
seed=0    avg_loss: 0.000000939456  time_per_window : 0.000222   progress : 0.688
name: models.architecture.block_type=attention
training.mode=rollout
models.out_dim=10
models.architecture.n_encoder_layers=1
models.architecture.n_decoder_layers=1
seed=0    avg_loss: 0.000001728134  time_per_window : 0.000254   progress : 0.699
name: models.architecture.block_type=attention
training.mode=rollout
models.out_dim=10
models.architecture.n_encoder_layers=1
models.architecture.n_decoder_layers=1
seed=0    avg_loss: 0.000001855152  time_per_window : 0.000230   progress : 0.710
name: models.architecture.block_type=attention
training.mode=rollout
models.out_dim=10
models.architecture.n_encoder_layers=1
models.architecture.n_decoder_layers=1
seed=0    avg_loss: 0.000001168013  time_per_window : 0.000266   progress : 0.721
name: models.architecture.block_type=attention
training.mode=rollout
models.out_dim=10
models.architecture.n_encoder_layers=1
models.architecture.n_decoder_layers=1
seed=0    avg_loss: 0.000001146263  time_per_window : 0.000256   progress : 0.732
name: models.architecture.block_type=attention
training.mode=rollout
models.out_dim=10
models.architecture.n_encoder_layers=1
models.architecture.n_decoder_layers=1
seed=0    avg_loss: 0.000001670622  time_per_window : 0.000258   progress : 0.743
name: models.architecture.block_type=attention
training.mode=rollout
models.out_dim=10
models.architecture.n_encoder_layers=1
models.architecture.n_decoder_layers=1
seed=0    avg_loss: 0.000001504294  time_per_window : 0.000280   progress : 0.754
name: models.architecture.block_type=attention
training.mode=rollout
models.out_dim=10
models.architecture.n_encoder_layers=1
models.architecture.n_decoder_layers=1
seed=0    avg_loss: 0.000001581927  time_per_window : 0.000228   progress : 0.765
name: models.architecture.block_type=attention
training.mode=rollout
models.out_dim=10
models.architecture.n_encoder_layers=1
models.architecture.n_decoder_layers=1
seed=0    avg_loss: 0.000001527074  time_per_window : 0.000220   progress : 0.775
name: models.architecture.block_type=attention
training.mode=rollout
models.out_dim=10
models.architecture.n_encoder_layers=1
models.architecture.n_decoder_layers=1
seed=0    avg_loss: 0.000001564919  time_per_window : 0.000228   progress : 0.786
name: models.architecture.block_type=attention
training.mode=rollout
models.out_dim=10
models.architecture.n_encoder_layers=1
models.architecture.n_decoder_layers=1
seed=0    avg_loss: 0.000001000778  time_per_window : 0.000251   progress : 0.797
name: models.architecture.block_type=attention
training.mode=rollout
models.out_dim=10
models.architecture.n_encoder_layers=1
models.architecture.n_decoder_layers=1
seed=0    avg_loss: 0.000000941797  time_per_window : 0.000203   progress : 0.808
name: models.architecture.block_type=attention
training.mode=rollout
models.out_dim=10
models.architecture.n_encoder_layers=1
models.architecture.n_decoder_layers=1
seed=0    avg_loss: 0.000001126077  time_per_window : 0.000247   progress : 0.819
name: models.architecture.block_type=attention
training.mode=rollout
models.out_dim=10
models.architecture.n_encoder_layers=1
models.architecture.n_decoder_layers=1
seed=0    avg_loss: 0.000001357702  time_per_window : 0.000239   progress : 0.830
name: models.architecture.block_type=attention
training.mode=rollout
models.out_dim=10
models.architecture.n_encoder_layers=1
models.architecture.n_decoder_layers=1
seed=0    avg_loss: 0.000002099739  time_per_window : 0.000241   progress : 0.841
name: models.architecture.block_type=attention
training.mode=rollout
models.out_dim=10
models.architecture.n_encoder_layers=1
models.architecture.n_decoder_layers=1
seed=0    avg_loss: 0.000000709208  time_per_window : 0.000204   progress : 0.852
name: models.architecture.block_type=attention
training.mode=rollout
models.out_dim=10
models.architecture.n_encoder_layers=1
models.architecture.n_decoder_layers=1
seed=0    avg_loss: 0.000001350886  time_per_window : 0.000246   progress : 0.863
name: models.architecture.block_type=attention
training.mode=rollout
models.out_dim=10
models.architecture.n_encoder_layers=1
models.architecture.n_decoder_layers=1
seed=0    avg_loss: 0.000000868718  time_per_window : 0.000211   progress : 0.874
name: models.architecture.block_type=attention
training.mode=rollout
models.out_dim=10
models.architecture.n_encoder_layers=1
models.architecture.n_decoder_layers=1
seed=0    avg_loss: 0.000001507162  time_per_window : 0.000219   progress : 0.885
name: models.architecture.block_type=attention
training.mode=rollout
models.out_dim=10
models.architecture.n_encoder_layers=1
models.architecture.n_decoder_layers=1
seed=0    avg_loss: 0.000001087117  time_per_window : 0.000222   progress : 0.896
name: models.architecture.block_type=attention
training.mode=rollout
models.out_dim=10
models.architecture.n_encoder_layers=1
models.architecture.n_decoder_layers=1
seed=0    avg_loss: 0.000000950011  time_per_window : 0.000278   progress : 0.907
name: models.architecture.block_type=attention
training.mode=rollout
models.out_dim=10
models.architecture.n_encoder_layers=1
models.architecture.n_decoder_layers=1
seed=0    avg_loss: 0.000001478775  time_per_window : 0.000246   progress : 0.917
name: models.architecture.block_type=attention
training.mode=rollout
models.out_dim=10
models.architecture.n_encoder_layers=1
models.architecture.n_decoder_layers=1
seed=0    avg_loss: 0.000000672702  time_per_window : 0.000245   progress : 0.928
name: models.architecture.block_type=attention
training.mode=rollout
models.out_dim=10
models.architecture.n_encoder_layers=1
models.architecture.n_decoder_layers=1
seed=0    avg_loss: 0.000001735564  time_per_window : 0.000237   progress : 0.939
name: models.architecture.block_type=attention
training.mode=rollout
models.out_dim=10
models.architecture.n_encoder_layers=1
models.architecture.n_decoder_layers=1
seed=0    avg_loss: 0.000001865408  time_per_window : 0.000214   progress : 0.950
name: models.architecture.block_type=attention
training.mode=rollout
models.out_dim=10
models.architecture.n_encoder_layers=1
models.architecture.n_decoder_layers=1
seed=0    avg_loss: 0.000001765601  time_per_window : 0.000251   progress : 0.961
name: models.architecture.block_type=attention
training.mode=rollout
models.out_dim=10
models.architecture.n_encoder_layers=1
models.architecture.n_decoder_layers=1
seed=0    avg_loss: 0.000000786224  time_per_window : 0.000242   progress : 0.972
name: models.architecture.block_type=attention
training.mode=rollout
models.out_dim=10
models.architecture.n_encoder_layers=1
models.architecture.n_decoder_layers=1
seed=0    avg_loss: 0.000000906626  time_per_window : 0.000220   progress : 0.983
name: models.architecture.block_type=attention
training.mode=rollout
models.out_dim=10
models.architecture.n_encoder_layers=1
models.architecture.n_decoder_layers=1
seed=1    avg_loss: 0.000001563987  time_per_window : 0.000253   progress : 0.623
name: models.architecture.block_type=attention
training.mode=rollout
models.out_dim=10
models.architecture.n_encoder_layers=1
models.architecture.n_decoder_layers=1
seed=1    avg_loss: 0.000001248488  time_per_window : 0.000223   progress : 0.634
name: models.architecture.block_type=attention
training.mode=rollout
models.out_dim=10
models.architecture.n_encoder_layers=1
models.architecture.n_decoder_layers=1
seed=1    avg_loss: 0.000001787885  time_per_window : 0.000250   progress : 0.644
name: models.architecture.block_type=attention
training.mode=rollout
models.out_dim=10
models.architecture.n_encoder_layers=1
models.architecture.n_decoder_layers=1
seed=1    avg_loss: 0.000001272973  time_per_window : 0.000216   progress : 0.655
name: models.architecture.block_type=attention
training.mode=rollout
models.out_dim=10
models.architecture.n_encoder_layers=1
models.architecture.n_decoder_layers=1
seed=1    avg_loss: 0.000001089238  time_per_window : 0.000226   progress : 0.666
name: models.architecture.block_type=attention
training.mode=rollout
models.out_dim=10
models.architecture.n_encoder_layers=1
models.architecture.n_decoder_layers=1
seed=1    avg_loss: 0.000001636742  time_per_window : 0.000224   progress : 0.677
name: models.architecture.block_type=attention
training.mode=rollout
models.out_dim=10
models.architecture.n_encoder_layers=1
models.architecture.n_decoder_layers=1
seed=1    avg_loss: 0.000001641419  time_per_window : 0.000232   progress : 0.688
name: models.architecture.block_type=attention
training.mode=rollout
models.out_dim=10
models.architecture.n_encoder_layers=1
models.architecture.n_decoder_layers=1
seed=1    avg_loss: 0.000002112546  time_per_window : 0.000255   progress : 0.699
name: models.architecture.block_type=attention
training.mode=rollout
models.out_dim=10
models.architecture.n_encoder_layers=1
models.architecture.n_decoder_layers=1
seed=1    avg_loss: 0.000001507077  time_per_window : 0.000249   progress : 0.710
name: models.architecture.block_type=attention
training.mode=rollout
models.out_dim=10
models.architecture.n_encoder_layers=1
models.architecture.n_decoder_layers=1
seed=1    avg_loss: 0.000001383307  time_per_window : 0.000282   progress : 0.721
name: models.architecture.block_type=attention
training.mode=rollout
models.out_dim=10
models.architecture.n_encoder_layers=1
models.architecture.n_decoder_layers=1
seed=1    avg_loss: 0.000001405810  time_per_window : 0.000278   progress : 0.732
name: models.architecture.block_type=attention
training.mode=rollout
models.out_dim=10
models.architecture.n_encoder_layers=1
models.architecture.n_decoder_layers=1
seed=1    avg_loss: 0.000002223064  time_per_window : 0.000226   progress : 0.743
name: models.architecture.block_type=attention
training.mode=rollout
models.out_dim=10
models.architecture.n_encoder_layers=1
models.architecture.n_decoder_layers=1
seed=1    avg_loss: 0.000000971038  time_per_window : 0.000252   progress : 0.754
name: models.architecture.block_type=attention
training.mode=rollout
models.out_dim=10
models.architecture.n_encoder_layers=1
models.architecture.n_decoder_layers=1
seed=1    avg_loss: 0.000000813131  time_per_window : 0.000231   progress : 0.765
name: models.architecture.block_type=attention
training.mode=rollout
models.out_dim=10
models.architecture.n_encoder_layers=1
models.architecture.n_decoder_layers=1
seed=1    avg_loss: 0.000001343282  time_per_window : 0.000242   progress : 0.775
name: models.architecture.block_type=attention
training.mode=rollout
models.out_dim=10
models.architecture.n_encoder_layers=1
models.architecture.n_decoder_layers=1
seed=1    avg_loss: 0.000001493097  time_per_window : 0.000220   progress : 0.786
name: models.architecture.block_type=attention
training.mode=rollout
models.out_dim=10
models.architecture.n_encoder_layers=1
models.architecture.n_decoder_layers=1
seed=1    avg_loss: 0.000002270775  time_per_window : 0.000201   progress : 0.797
name: models.architecture.block_type=attention
training.mode=rollout
models.out_dim=10
models.architecture.n_encoder_layers=1
models.architecture.n_decoder_layers=1
seed=1    avg_loss: 0.000000740130  time_per_window : 0.000226   progress : 0.808
name: models.architecture.block_type=attention
training.mode=rollout
models.out_dim=10
models.architecture.n_encoder_layers=1
models.architecture.n_decoder_layers=1
seed=1    avg_loss: 0.000001735968  time_per_window : 0.000217   progress : 0.819
name: models.architecture.block_type=attention
training.mode=rollout
models.out_dim=10
models.architecture.n_encoder_layers=1
models.architecture.n_decoder_layers=1
seed=1    avg_loss: 0.000001046550  time_per_window : 0.000225   progress : 0.830
name: models.architecture.block_type=attention
training.mode=rollout
models.out_dim=10
models.architecture.n_encoder_layers=1
models.architecture.n_decoder_layers=1
seed=1    avg_loss: 0.000000945815  time_per_window : 0.000270   progress : 0.841
name: models.architecture.block_type=attention
training.mode=rollout
models.out_dim=10
models.architecture.n_encoder_layers=1
models.architecture.n_decoder_layers=1
seed=1    avg_loss: 0.000001155347  time_per_window : 0.000219   progress : 0.852
name: models.architecture.block_type=attention
training.mode=rollout
models.out_dim=10
models.architecture.n_encoder_layers=1
models.architecture.n_decoder_layers=1
seed=1    avg_loss: 0.000000942912  time_per_window : 0.000253   progress : 0.863
name: models.architecture.block_type=attention
training.mode=rollout
models.out_dim=10
models.architecture.n_encoder_layers=1
models.architecture.n_decoder_layers=1
seed=1    avg_loss: 0.000001760908  time_per_window : 0.000215   progress : 0.874
name: models.architecture.block_type=attention
training.mode=rollout
models.out_dim=10
models.architecture.n_encoder_layers=1
models.architecture.n_decoder_layers=1
seed=1    avg_loss: 0.000000909468  time_per_window : 0.000213   progress : 0.885
name: models.architecture.block_type=attention
training.mode=rollout
models.out_dim=10
models.architecture.n_encoder_layers=1
models.architecture.n_decoder_layers=1
seed=1    avg_loss: 0.000001646362  time_per_window : 0.000234   progress : 0.896
name: models.architecture.block_type=attention
training.mode=rollout
models.out_dim=10
models.architecture.n_encoder_layers=1
models.architecture.n_decoder_layers=1
seed=1    avg_loss: 0.000000756498  time_per_window : 0.000225   progress : 0.907
name: models.architecture.block_type=attention
training.mode=rollout
models.out_dim=10
models.architecture.n_encoder_layers=1
models.architecture.n_decoder_layers=1
seed=1    avg_loss: 0.000001044733  time_per_window : 0.000215   progress : 0.917
name: models.architecture.block_type=attention
training.mode=rollout
models.out_dim=10
models.architecture.n_encoder_layers=1
models.architecture.n_decoder_layers=1
seed=1    avg_loss: 0.000001372166  time_per_window : 0.000251   progress : 0.928
name: models.architecture.block_type=attention
training.mode=rollout
models.out_dim=10
models.architecture.n_encoder_layers=1
models.architecture.n_decoder_layers=1
seed=1    avg_loss: 0.000001521093  time_per_window : 0.000272   progress : 0.939
name: models.architecture.block_type=attention
training.mode=rollout
models.out_dim=10
models.architecture.n_encoder_layers=1
models.architecture.n_decoder_layers=1
seed=1    avg_loss: 0.000000751754  time_per_window : 0.000241   progress : 0.950
name: models.architecture.block_type=attention
training.mode=rollout
models.out_dim=10
models.architecture.n_encoder_layers=1
models.architecture.n_decoder_layers=1
seed=1    avg_loss: 0.000001787733  time_per_window : 0.000219   progress : 0.961
name: models.architecture.block_type=attention
training.mode=rollout
models.out_dim=10
models.architecture.n_encoder_layers=1
models.architecture.n_decoder_layers=1
seed=1    avg_loss: 0.000000629113  time_per_window : 0.000231   progress : 0.972
name: models.architecture.block_type=attention
training.mode=rollout
models.out_dim=10
models.architecture.n_encoder_layers=1
models.architecture.n_decoder_layers=1
seed=1    avg_loss: 0.000001497070  time_per_window : 0.000228   progress : 0.983
name: models.architecture.block_type=attention
training.mode=rollout
models.out_dim=10
models.architecture.n_encoder_layers=1
models.architecture.n_decoder_layers=1
seed=4    avg_loss: 0.000002289358  time_per_window : 0.000229   progress : 0.623
name: models.architecture.block_type=attention
training.mode=rollout
models.out_dim=10
models.architecture.n_encoder_layers=1
models.architecture.n_decoder_layers=1
seed=4    avg_loss: 0.000000939061  time_per_window : 0.000243   progress : 0.634
name: models.architecture.block_type=attention
training.mode=rollout
models.out_dim=10
models.architecture.n_encoder_layers=1
models.architecture.n_decoder_layers=1
seed=4    avg_loss: 0.000001106557  time_per_window : 0.000220   progress : 0.644
name: models.architecture.block_type=attention
training.mode=rollout
models.out_dim=10
models.architecture.n_encoder_layers=1
models.architecture.n_decoder_layers=1
seed=4    avg_loss: 0.000002050351  time_per_window : 0.000240   progress : 0.655
name: models.architecture.block_type=attention
training.mode=rollout
models.out_dim=10
models.architecture.n_encoder_layers=1
models.architecture.n_decoder_layers=1
seed=4    avg_loss: 0.000001109483  time_per_window : 0.000232   progress : 0.666
name: models.architecture.block_type=attention
training.mode=rollout
models.out_dim=10
models.architecture.n_encoder_layers=1
models.architecture.n_decoder_layers=1
seed=4    avg_loss: 0.000001242352  time_per_window : 0.000232   progress : 0.677
name: models.architecture.block_type=attention
training.mode=rollout
models.out_dim=10
models.architecture.n_encoder_layers=1
models.architecture.n_decoder_layers=1
seed=4    avg_loss: 0.000002502898  time_per_window : 0.000255   progress : 0.688
name: models.architecture.block_type=attention
training.mode=rollout
models.out_dim=10
models.architecture.n_encoder_layers=1
models.architecture.n_decoder_layers=1
seed=4    avg_loss: 0.000001144140  time_per_window : 0.000235   progress : 0.699
name: models.architecture.block_type=attention
training.mode=rollout
models.out_dim=10
models.architecture.n_encoder_layers=1
models.architecture.n_decoder_layers=1
seed=4    avg_loss: 0.000001177077  time_per_window : 0.000253   progress : 0.710
name: models.architecture.block_type=attention
training.mode=rollout
models.out_dim=10
models.architecture.n_encoder_layers=1
models.architecture.n_decoder_layers=1
seed=4    avg_loss: 0.000001888282  time_per_window : 0.000227   progress : 0.721
name: models.architecture.block_type=attention
training.mode=rollout
models.out_dim=10
models.architecture.n_encoder_layers=1
models.architecture.n_decoder_layers=1
seed=4    avg_loss: 0.000001080139  time_per_window : 0.000230   progress : 0.732
name: models.architecture.block_type=attention
training.mode=rollout
models.out_dim=10
models.architecture.n_encoder_layers=1
models.architecture.n_decoder_layers=1
seed=4    avg_loss: 0.000001794663  time_per_window : 0.000231   progress : 0.743
name: models.architecture.block_type=attention
training.mode=rollout
models.out_dim=10
models.architecture.n_encoder_layers=1
models.architecture.n_decoder_layers=1
seed=4    avg_loss: 0.000001673406  time_per_window : 0.000219   progress : 0.754
name: models.architecture.block_type=attention
training.mode=rollout
models.out_dim=10
models.architecture.n_encoder_layers=1
models.architecture.n_decoder_layers=1
seed=4    avg_loss: 0.000001410011  time_per_window : 0.000266   progress : 0.765
name: models.architecture.block_type=attention
training.mode=rollout
models.out_dim=10
models.architecture.n_encoder_layers=1
models.architecture.n_decoder_layers=1
seed=4    avg_loss: 0.000001924061  time_per_window : 0.000212   progress : 0.775
name: models.architecture.block_type=attention
training.mode=rollout
models.out_dim=10
models.architecture.n_encoder_layers=1
models.architecture.n_decoder_layers=1
seed=4    avg_loss: 0.000001048642  time_per_window : 0.000233   progress : 0.786
name: models.architecture.block_type=attention
training.mode=rollout
models.out_dim=10
models.architecture.n_encoder_layers=1
models.architecture.n_decoder_layers=1
seed=4    avg_loss: 0.000001298053  time_per_window : 0.000257   progress : 0.797
name: models.architecture.block_type=attention
training.mode=rollout
models.out_dim=10
models.architecture.n_encoder_layers=1
models.architecture.n_decoder_layers=1
seed=4    avg_loss: 0.000001338739  time_per_window : 0.000228   progress : 0.808
name: models.architecture.block_type=attention
training.mode=rollout
models.out_dim=10
models.architecture.n_encoder_layers=1
models.architecture.n_decoder_layers=1
seed=4    avg_loss: 0.000001166838  time_per_window : 0.000210   progress : 0.819
name: models.architecture.block_type=attention
training.mode=rollout
models.out_dim=10
models.architecture.n_encoder_layers=1
models.architecture.n_decoder_layers=1
seed=4    avg_loss: 0.000002394954  time_per_window : 0.000243   progress : 0.830
name: models.architecture.block_type=attention
training.mode=rollout
models.out_dim=10
models.architecture.n_encoder_layers=1
models.architecture.n_decoder_layers=1
seed=4    avg_loss: 0.000001214934  time_per_window : 0.000259   progress : 0.841
name: models.architecture.block_type=attention
training.mode=rollout
models.out_dim=10
models.architecture.n_encoder_layers=1
models.architecture.n_decoder_layers=1
seed=4    avg_loss: 0.000000845866  time_per_window : 0.000207   progress : 0.852
name: models.architecture.block_type=attention
training.mode=rollout
models.out_dim=10
models.architecture.n_encoder_layers=1
models.architecture.n_decoder_layers=1
seed=4    avg_loss: 0.000000817386  time_per_window : 0.000219   progress : 0.863
name: models.architecture.block_type=attention
training.mode=rollout
models.out_dim=10
models.architecture.n_encoder_layers=1
models.architecture.n_decoder_layers=1
seed=4    avg_loss: 0.000002136772  time_per_window : 0.000234   progress : 0.874
name: models.architecture.block_type=attention
training.mode=rollout
models.out_dim=10
models.architecture.n_encoder_layers=1
models.architecture.n_decoder_layers=1
seed=4    avg_loss: 0.000000575907  time_per_window : 0.000222   progress : 0.885
name: models.architecture.block_type=attention
training.mode=rollout
models.out_dim=10
models.architecture.n_encoder_layers=1
models.architecture.n_decoder_layers=1
seed=4    avg_loss: 0.000001184301  time_per_window : 0.000237   progress : 0.896
name: models.architecture.block_type=attention
training.mode=rollout
models.out_dim=10
models.architecture.n_encoder_layers=1
models.architecture.n_decoder_layers=1
seed=4    avg_loss: 0.000001331324  time_per_window : 0.000235   progress : 0.907
name: models.architecture.block_type=attention
training.mode=rollout
models.out_dim=10
models.architecture.n_encoder_layers=1
models.architecture.n_decoder_layers=1
seed=4    avg_loss: 0.000000995352  time_per_window : 0.000249   progress : 0.917
name: models.architecture.block_type=attention
training.mode=rollout
models.out_dim=10
models.architecture.n_encoder_layers=1
models.architecture.n_decoder_layers=1
seed=4    avg_loss: 0.000001341728  time_per_window : 0.000274   progress : 0.928
name: models.architecture.block_type=attention
training.mode=rollout
models.out_dim=10
models.architecture.n_encoder_layers=1
models.architecture.n_decoder_layers=1
seed=4    avg_loss: 0.000000772903  time_per_window : 0.000204   progress : 0.939
name: models.architecture.block_type=attention
training.mode=rollout
models.out_dim=10
models.architecture.n_encoder_layers=1
models.architecture.n_decoder_layers=1
seed=4    avg_loss: 0.000001726483  time_per_window : 0.000204   progress : 0.950
name: models.architecture.block_type=attention
training.mode=rollout
models.out_dim=10
models.architecture.n_encoder_layers=1
models.architecture.n_decoder_layers=1
seed=4    avg_loss: 0.000000787816  time_per_window : 0.000238   progress : 0.961
name: models.architecture.block_type=attention
training.mode=rollout
models.out_dim=10
models.architecture.n_encoder_layers=1
models.architecture.n_decoder_layers=1
seed=4    avg_loss: 0.000001416225  time_per_window : 0.000217   progress : 0.972
name: models.architecture.block_type=attention
training.mode=rollout
models.out_dim=10
models.architecture.n_encoder_layers=1
models.architecture.n_decoder_layers=1
seed=4    avg_loss: 0.000001197570  time_per_window : 0.000222   progress : 0.983
name: models.architecture.block_type=attention
training.mode=rollout
models.out_dim=10
models.architecture.n_encoder_layers=1
models.architecture.n_decoder_layers=1
seed=2    avg_loss: 0.000003296826  time_per_window : 0.000210   progress : 0.623
name: models.architecture.block_type=attention
training.mode=rollout
models.out_dim=10
models.architecture.n_encoder_layers=1
models.architecture.n_decoder_layers=1
seed=2    avg_loss: 0.000001401009  time_per_window : 0.000240   progress : 0.634
name: models.architecture.block_type=attention
training.mode=rollout
models.out_dim=10
models.architecture.n_encoder_layers=1
models.architecture.n_decoder_layers=1
seed=2    avg_loss: 0.000000873898  time_per_window : 0.000251   progress : 0.644
name: models.architecture.block_type=attention
training.mode=rollout
models.out_dim=10
models.architecture.n_encoder_layers=1
models.architecture.n_decoder_layers=1
seed=2    avg_loss: 0.000000899828  time_per_window : 0.000234   progress : 0.655
name: models.architecture.block_type=attention
training.mode=rollout
models.out_dim=10
models.architecture.n_encoder_layers=1
models.architecture.n_decoder_layers=1
seed=2    avg_loss: 0.000001180970  time_per_window : 0.000240   progress : 0.666
name: models.architecture.block_type=attention
training.mode=rollout
models.out_dim=10
models.architecture.n_encoder_layers=1
models.architecture.n_decoder_layers=1
seed=2    avg_loss: 0.000002223635  time_per_window : 0.000220   progress : 0.677
name: models.architecture.block_type=attention
training.mode=rollout
models.out_dim=10
models.architecture.n_encoder_layers=1
models.architecture.n_decoder_layers=1
seed=2    avg_loss: 0.000000723837  time_per_window : 0.000239   progress : 0.688
name: models.architecture.block_type=attention
training.mode=rollout
models.out_dim=10
models.architecture.n_encoder_layers=1
models.architecture.n_decoder_layers=1
seed=2    avg_loss: 0.000001576072  time_per_window : 0.000263   progress : 0.699
name: models.architecture.block_type=attention
training.mode=rollout
models.out_dim=10
models.architecture.n_encoder_layers=1
models.architecture.n_decoder_layers=1
seed=2    avg_loss: 0.000001281269  time_per_window : 0.000268   progress : 0.710
name: models.architecture.block_type=attention
training.mode=rollout
models.out_dim=10
models.architecture.n_encoder_layers=1
models.architecture.n_decoder_layers=1
seed=2    avg_loss: 0.000001062487  time_per_window : 0.000241   progress : 0.721
name: models.architecture.block_type=attention
training.mode=rollout
models.out_dim=10
models.architecture.n_encoder_layers=1
models.architecture.n_decoder_layers=1
seed=2    avg_loss: 0.000001017605  time_per_window : 0.000247   progress : 0.732
name: models.architecture.block_type=attention
training.mode=rollout
models.out_dim=10
models.architecture.n_encoder_layers=1
models.architecture.n_decoder_layers=1
seed=2    avg_loss: 0.000001549826  time_per_window : 0.000270   progress : 0.743
name: models.architecture.block_type=attention
training.mode=rollout
models.out_dim=10
models.architecture.n_encoder_layers=1
models.architecture.n_decoder_layers=1
seed=2    avg_loss: 0.000000638629  time_per_window : 0.000248   progress : 0.754
name: models.architecture.block_type=attention
training.mode=rollout
models.out_dim=10
models.architecture.n_encoder_layers=1
models.architecture.n_decoder_layers=1
seed=2    avg_loss: 0.000001398148  time_per_window : 0.000247   progress : 0.765
name: models.architecture.block_type=attention
training.mode=rollout
models.out_dim=10
models.architecture.n_encoder_layers=1
models.architecture.n_decoder_layers=1
seed=2    avg_loss: 0.000002518612  time_per_window : 0.000236   progress : 0.775
name: models.architecture.block_type=attention
training.mode=rollout
models.out_dim=10
models.architecture.n_encoder_layers=1
models.architecture.n_decoder_layers=1
seed=2    avg_loss: 0.000000656830  time_per_window : 0.000254   progress : 0.786
name: models.architecture.block_type=attention
training.mode=rollout
models.out_dim=10
models.architecture.n_encoder_layers=1
models.architecture.n_decoder_layers=1
seed=2    avg_loss: 0.000000792128  time_per_window : 0.000221   progress : 0.797
name: models.architecture.block_type=attention
training.mode=rollout
models.out_dim=10
models.architecture.n_encoder_layers=1
models.architecture.n_decoder_layers=1
seed=2    avg_loss: 0.000001537958  time_per_window : 0.000231   progress : 0.808
name: models.architecture.block_type=attention
training.mode=rollout
models.out_dim=10
models.architecture.n_encoder_layers=1
models.architecture.n_decoder_layers=1
seed=2    avg_loss: 0.000001469467  time_per_window : 0.000207   progress : 0.819
name: models.architecture.block_type=attention
training.mode=rollout
models.out_dim=10
models.architecture.n_encoder_layers=1
models.architecture.n_decoder_layers=1
seed=2    avg_loss: 0.000000792928  time_per_window : 0.000227   progress : 0.830
name: models.architecture.block_type=attention
training.mode=rollout
models.out_dim=10
models.architecture.n_encoder_layers=1
models.architecture.n_decoder_layers=1
seed=2    avg_loss: 0.000000783033  time_per_window : 0.000230   progress : 0.841
name: models.architecture.block_type=attention
training.mode=rollout
models.out_dim=10
models.architecture.n_encoder_layers=1
models.architecture.n_decoder_layers=1
seed=2    avg_loss: 0.000001186312  time_per_window : 0.000217   progress : 0.852
name: models.architecture.block_type=attention
training.mode=rollout
models.out_dim=10
models.architecture.n_encoder_layers=1
models.architecture.n_decoder_layers=1
seed=2    avg_loss: 0.000001032922  time_per_window : 0.000226   progress : 0.863
name: models.architecture.block_type=attention
training.mode=rollout
models.out_dim=10
models.architecture.n_encoder_layers=1
models.architecture.n_decoder_layers=1
seed=2    avg_loss: 0.000001521675  time_per_window : 0.000237   progress : 0.874
name: models.architecture.block_type=attention
training.mode=rollout
models.out_dim=10
models.architecture.n_encoder_layers=1
models.architecture.n_decoder_layers=1
seed=2    avg_loss: 0.000001190005  time_per_window : 0.000262   progress : 0.885
name: models.architecture.block_type=attention
training.mode=rollout
models.out_dim=10
models.architecture.n_encoder_layers=1
models.architecture.n_decoder_layers=1
seed=2    avg_loss: 0.000000438333  time_per_window : 0.000242   progress : 0.896
name: models.architecture.block_type=attention
training.mode=rollout
models.out_dim=10
models.architecture.n_encoder_layers=1
models.architecture.n_decoder_layers=1
seed=2    avg_loss: 0.000001308201  time_per_window : 0.000241   progress : 0.907
name: models.architecture.block_type=attention
training.mode=rollout
models.out_dim=10
models.architecture.n_encoder_layers=1
models.architecture.n_decoder_layers=1
seed=2    avg_loss: 0.000001700549  time_per_window : 0.000219   progress : 0.917
name: models.architecture.block_type=attention
training.mode=rollout
models.out_dim=10
models.architecture.n_encoder_layers=1
models.architecture.n_decoder_layers=1
seed=2    avg_loss: 0.000000445503  time_per_window : 0.000270   progress : 0.928
name: models.architecture.block_type=attention
training.mode=rollout
models.out_dim=10
models.architecture.n_encoder_layers=1
models.architecture.n_decoder_layers=1
seed=2    avg_loss: 0.000000922553  time_per_window : 0.000234   progress : 0.939
name: models.architecture.block_type=attention
training.mode=rollout
models.out_dim=10
models.architecture.n_encoder_layers=1
models.architecture.n_decoder_layers=1
seed=2    avg_loss: 0.000000873426  time_per_window : 0.000223   progress : 0.950
name: models.architecture.block_type=attention
training.mode=rollout
models.out_dim=10
models.architecture.n_encoder_layers=1
models.architecture.n_decoder_layers=1
seed=2    avg_loss: 0.000001251286  time_per_window : 0.000228   progress : 0.961
name: models.architecture.block_type=attention
training.mode=rollout
models.out_dim=10
models.architecture.n_encoder_layers=1
models.architecture.n_decoder_layers=1
seed=2    avg_loss: 0.000001303530  time_per_window : 0.000236   progress : 0.972
name: models.architecture.block_type=attention
training.mode=rollout
models.out_dim=10
models.architecture.n_encoder_layers=1
models.architecture.n_decoder_layers=1
seed=2    avg_loss: 0.000000793147  time_per_window : 0.000230   progress : 0.983
name: models.architecture.block_type=attention
training.mode=rollout
models.out_dim=10
models.architecture.n_encoder_layers=1
models.architecture.n_decoder_layers=1
seed=3    avg_loss: 0.000000953478  time_per_window : 0.000206   progress : 0.623
name: models.architecture.block_type=attention
training.mode=rollout
models.out_dim=10
models.architecture.n_encoder_layers=1
models.architecture.n_decoder_layers=1
seed=3    avg_loss: 0.000000891311  time_per_window : 0.000229   progress : 0.634
name: models.architecture.block_type=attention
training.mode=rollout
models.out_dim=10
models.architecture.n_encoder_layers=1
models.architecture.n_decoder_layers=1
seed=3    avg_loss: 0.000003177727  time_per_window : 0.000238   progress : 0.644
name: models.architecture.block_type=attention
training.mode=rollout
models.out_dim=10
models.architecture.n_encoder_layers=1
models.architecture.n_decoder_layers=1
seed=3    avg_loss: 0.000001130465  time_per_window : 0.000214   progress : 0.655
name: models.architecture.block_type=attention
training.mode=rollout
models.out_dim=10
models.architecture.n_encoder_layers=1
models.architecture.n_decoder_layers=1
seed=3    avg_loss: 0.000001585529  time_per_window : 0.000221   progress : 0.666
name: models.architecture.block_type=attention
training.mode=rollout
models.out_dim=10
models.architecture.n_encoder_layers=1
models.architecture.n_decoder_layers=1
seed=3    avg_loss: 0.000001026784  time_per_window : 0.000227   progress : 0.677
name: models.architecture.block_type=attention
training.mode=rollout
models.out_dim=10
models.architecture.n_encoder_layers=1
models.architecture.n_decoder_layers=1
seed=3    avg_loss: 0.000003015562  time_per_window : 0.000214   progress : 0.688
name: models.architecture.block_type=attention
training.mode=rollout
models.out_dim=10
models.architecture.n_encoder_layers=1
models.architecture.n_decoder_layers=1
seed=3    avg_loss: 0.000002068946  time_per_window : 0.000246   progress : 0.699
name: models.architecture.block_type=attention
training.mode=rollout
models.out_dim=10
models.architecture.n_encoder_layers=1
models.architecture.n_decoder_layers=1
seed=3    avg_loss: 0.000000701651  time_per_window : 0.000261   progress : 0.710
name: models.architecture.block_type=attention
training.mode=rollout
models.out_dim=10
models.architecture.n_encoder_layers=1
models.architecture.n_decoder_layers=1
seed=3    avg_loss: 0.000000747061  time_per_window : 0.000253   progress : 0.721
name: models.architecture.block_type=attention
training.mode=rollout
models.out_dim=10
models.architecture.n_encoder_layers=1
models.architecture.n_decoder_layers=1
seed=3    avg_loss: 0.000001351781  time_per_window : 0.000237   progress : 0.732
name: models.architecture.block_type=attention
training.mode=rollout
models.out_dim=10
models.architecture.n_encoder_layers=1
models.architecture.n_decoder_layers=1
seed=3    avg_loss: 0.000001093984  time_per_window : 0.000270   progress : 0.743
name: models.architecture.block_type=attention
training.mode=rollout
models.out_dim=10
models.architecture.n_encoder_layers=1
models.architecture.n_decoder_layers=1
seed=3    avg_loss: 0.000001457885  time_per_window : 0.000238   progress : 0.754
name: models.architecture.block_type=attention
training.mode=rollout
models.out_dim=10
models.architecture.n_encoder_layers=1
models.architecture.n_decoder_layers=1
seed=3    avg_loss: 0.000002358141  time_per_window : 0.000301   progress : 0.765
name: models.architecture.block_type=attention
training.mode=rollout
models.out_dim=10
models.architecture.n_encoder_layers=1
models.architecture.n_decoder_layers=1
seed=3    avg_loss: 0.000000941953  time_per_window : 0.000239   progress : 0.775
name: models.architecture.block_type=attention
training.mode=rollout
models.out_dim=10
models.architecture.n_encoder_layers=1
models.architecture.n_decoder_layers=1
seed=3    avg_loss: 0.000001316827  time_per_window : 0.000251   progress : 0.786
name: models.architecture.block_type=attention
training.mode=rollout
models.out_dim=10
models.architecture.n_encoder_layers=1
models.architecture.n_decoder_layers=1
seed=3    avg_loss: 0.000001108072  time_per_window : 0.000234   progress : 0.797
name: models.architecture.block_type=attention
training.mode=rollout
models.out_dim=10
models.architecture.n_encoder_layers=1
models.architecture.n_decoder_layers=1
seed=3    avg_loss: 0.000000817737  time_per_window : 0.000200   progress : 0.808
name: models.architecture.block_type=attention
training.mode=rollout
models.out_dim=10
models.architecture.n_encoder_layers=1
models.architecture.n_decoder_layers=1
seed=3    avg_loss: 0.000001466914  time_per_window : 0.000225   progress : 0.819
name: models.architecture.block_type=attention
training.mode=rollout
models.out_dim=10
models.architecture.n_encoder_layers=1
models.architecture.n_decoder_layers=1
seed=3    avg_loss: 0.000001294197  time_per_window : 0.000218   progress : 0.830
name: models.architecture.block_type=attention
training.mode=rollout
models.out_dim=10
models.architecture.n_encoder_layers=1
models.architecture.n_decoder_layers=1
seed=3    avg_loss: 0.000001278242  time_per_window : 0.000234   progress : 0.841
name: models.architecture.block_type=attention
training.mode=rollout
models.out_dim=10
models.architecture.n_encoder_layers=1
models.architecture.n_decoder_layers=1
seed=3    avg_loss: 0.000001102784  time_per_window : 0.000208   progress : 0.852
name: models.architecture.block_type=attention
training.mode=rollout
models.out_dim=10
models.architecture.n_encoder_layers=1
models.architecture.n_decoder_layers=1
seed=3    avg_loss: 0.000001414630  time_per_window : 0.000234   progress : 0.863
name: models.architecture.block_type=attention
training.mode=rollout
models.out_dim=10
models.architecture.n_encoder_layers=1
models.architecture.n_decoder_layers=1
seed=3    avg_loss: 0.000001439735  time_per_window : 0.000234   progress : 0.874
name: models.architecture.block_type=attention
training.mode=rollout
models.out_dim=10
models.architecture.n_encoder_layers=1
models.architecture.n_decoder_layers=1
seed=3    avg_loss: 0.000001359852  time_per_window : 0.000239   progress : 0.885
name: models.architecture.block_type=attention
training.mode=rollout
models.out_dim=10
models.architecture.n_encoder_layers=1
models.architecture.n_decoder_layers=1
seed=3    avg_loss: 0.000001380385  time_per_window : 0.000258   progress : 0.896
name: models.architecture.block_type=attention
training.mode=rollout
models.out_dim=10
models.architecture.n_encoder_layers=1
models.architecture.n_decoder_layers=1
seed=3    avg_loss: 0.000000598063  time_per_window : 0.000250   progress : 0.907
name: models.architecture.block_type=attention
training.mode=rollout
models.out_dim=10
models.architecture.n_encoder_layers=1
models.architecture.n_decoder_layers=1
seed=3    avg_loss: 0.000001728598  time_per_window : 0.000232   progress : 0.917
name: models.architecture.block_type=attention
training.mode=rollout
models.out_dim=10
models.architecture.n_encoder_layers=1
models.architecture.n_decoder_layers=1
seed=3    avg_loss: 0.000001225374  time_per_window : 0.000230   progress : 0.928
name: models.architecture.block_type=attention
training.mode=rollout
models.out_dim=10
models.architecture.n_encoder_layers=1
models.architecture.n_decoder_layers=1
seed=3    avg_loss: 0.000000701337  time_per_window : 0.000239   progress : 0.939
name: models.architecture.block_type=attention
training.mode=rollout
models.out_dim=10
models.architecture.n_encoder_layers=1
models.architecture.n_decoder_layers=1
seed=3    avg_loss: 0.000001342546  time_per_window : 0.000253   progress : 0.950
name: models.architecture.block_type=attention
training.mode=rollout
models.out_dim=10
models.architecture.n_encoder_layers=1
models.architecture.n_decoder_layers=1
seed=3    avg_loss: 0.000002193636  time_per_window : 0.000228   progress : 0.961
name: models.architecture.block_type=attention
training.mode=rollout
models.out_dim=10
models.architecture.n_encoder_layers=1
models.architecture.n_decoder_layers=1
seed=3    avg_loss: 0.000000556054  time_per_window : 0.000232   progress : 0.972
name: models.architecture.block_type=attention
training.mode=rollout
models.out_dim=10
models.architecture.n_encoder_layers=1
models.architecture.n_decoder_layers=1
seed=3    avg_loss: 0.000003911301  time_per_window : 0.000262   progress : 0.983
name: models.architecture.block_type=attention
training.mode=rollout
models.out_dim=10
models.architecture.n_encoder_layers=1
models.architecture.n_decoder_layers=1
seed=0    avg_loss: 0.000001555154  time_per_window : 0.000208   progress : 0.994
name: models.architecture.block_type=attention
training.mode=rollout
models.out_dim=10
models.architecture.n_encoder_layers=1
models.architecture.n_decoder_layers=1
seed=0    avg_loss: 0.001936980756  time_per_window : 0.000226   progress : 0.011
name: models.architecture.block_type=attention
training.mode=rollout
models.out_dim=10
models.architecture.n_encoder_layers=1
models.architecture.n_decoder_layers=1
seed=0    avg_loss: 0.000010013625  time_per_window : 0.000229   progress : 0.022
name: models.architecture.block_type=attention
training.mode=rollout
models.out_dim=10
models.architecture.n_encoder_layers=1
models.architecture.n_decoder_layers=1
seed=0    avg_loss: 0.000010695324  time_per_window : 0.000233   progress : 0.033
name: models.architecture.block_type=attention
training.mode=rollout
models.out_dim=10
models.architecture.n_encoder_layers=1
models.architecture.n_decoder_layers=1
seed=0    avg_loss: 0.000010923151  time_per_window : 0.000218   progress : 0.044
name: models.architecture.block_type=attention
training.mode=rollout
models.out_dim=10
models.architecture.n_encoder_layers=1
models.architecture.n_decoder_layers=1
seed=0    avg_loss: 0.000010729298  time_per_window : 0.000211   progress : 0.055
name: models.architecture.block_type=attention
training.mode=rollout
models.out_dim=10
models.architecture.n_encoder_layers=1
models.architecture.n_decoder_layers=1
seed=0    avg_loss: 0.000010475174  time_per_window : 0.000244   progress : 0.066
name: models.architecture.block_type=attention
training.mode=rollout
models.out_dim=10
models.architecture.n_encoder_layers=1
models.architecture.n_decoder_layers=1
seed=0    avg_loss: 0.000009879785  time_per_window : 0.000226   progress : 0.076
name: models.architecture.block_type=attention
training.mode=rollout
models.out_dim=10
models.architecture.n_encoder_layers=1
models.architecture.n_decoder_layers=1
seed=0    avg_loss: 0.000009164856  time_per_window : 0.000231   progress : 0.087
name: models.architecture.block_type=attention
training.mode=rollout
models.out_dim=10
models.architecture.n_encoder_layers=1
models.architecture.n_decoder_layers=1
seed=0    avg_loss: 0.000009319206  time_per_window : 0.000244   progress : 0.098
name: models.architecture.block_type=attention
training.mode=rollout
models.out_dim=10
models.architecture.n_encoder_layers=1
models.architecture.n_decoder_layers=1
seed=0    avg_loss: 0.000007832232  time_per_window : 0.000251   progress : 0.109
name: models.architecture.block_type=attention
training.mode=rollout
models.out_dim=10
models.architecture.n_encoder_layers=1
models.architecture.n_decoder_layers=1
seed=0    avg_loss: 0.000007007885  time_per_window : 0.000249   progress : 0.120
name: models.architecture.block_type=attention
training.mode=rollout
models.out_dim=10
models.architecture.n_encoder_layers=1
models.architecture.n_decoder_layers=1
seed=0    avg_loss: 0.000006189484  time_per_window : 0.000226   progress : 0.131
name: models.architecture.block_type=attention
training.mode=rollout
models.out_dim=10
models.architecture.n_encoder_layers=1
models.architecture.n_decoder_layers=1
seed=0    avg_loss: 0.000005315765  time_per_window : 0.000237   progress : 0.142
name: models.architecture.block_type=attention
training.mode=rollout
models.out_dim=10
models.architecture.n_encoder_layers=1
models.architecture.n_decoder_layers=1
seed=0    avg_loss: 0.000004405499  time_per_window : 0.000232   progress : 0.153
name: models.architecture.block_type=attention
training.mode=rollout
models.out_dim=10
models.architecture.n_encoder_layers=1
models.architecture.n_decoder_layers=1
seed=0    avg_loss: 0.000004011519  time_per_window : 0.000221   progress : 0.164
name: models.architecture.block_type=attention
training.mode=rollout
models.out_dim=10
models.architecture.n_encoder_layers=1
models.architecture.n_decoder_layers=1
seed=0    avg_loss: 0.000004194270  time_per_window : 0.000234   progress : 0.175
name: models.architecture.block_type=attention
training.mode=rollout
models.out_dim=10
models.architecture.n_encoder_layers=1
models.architecture.n_decoder_layers=1
seed=0    avg_loss: 0.000004066494  time_per_window : 0.000232   progress : 0.186
name: models.architecture.block_type=attention
training.mode=rollout
models.out_dim=10
models.architecture.n_encoder_layers=1
models.architecture.n_decoder_layers=1
seed=0    avg_loss: 0.000004166490  time_per_window : 0.000253   progress : 0.197
name: models.architecture.block_type=attention
training.mode=rollout
models.out_dim=10
models.architecture.n_encoder_layers=1
models.architecture.n_decoder_layers=1
seed=0    avg_loss: 0.000003990725  time_per_window : 0.000219   progress : 0.208
name: models.architecture.block_type=attention
training.mode=rollout
models.out_dim=10
models.architecture.n_encoder_layers=1
models.architecture.n_decoder_layers=1
seed=0    avg_loss: 0.000004747984  time_per_window : 0.000228   progress : 0.218
name: models.architecture.block_type=attention
training.mode=rollout
models.out_dim=10
models.architecture.n_encoder_layers=1
models.architecture.n_decoder_layers=1
seed=0    avg_loss: 0.000005324534  time_per_window : 0.000214   progress : 0.229
name: models.architecture.block_type=attention
training.mode=rollout
models.out_dim=10
models.architecture.n_encoder_layers=1
models.architecture.n_decoder_layers=1
seed=0    avg_loss: 0.000006425196  time_per_window : 0.000238   progress : 0.240
name: models.architecture.block_type=attention
training.mode=rollout
models.out_dim=10
models.architecture.n_encoder_layers=1
models.architecture.n_decoder_layers=1
seed=0    avg_loss: 0.000009145222  time_per_window : 0.000221   progress : 0.251
name: models.architecture.block_type=attention
training.mode=rollout
models.out_dim=10
models.architecture.n_encoder_layers=1
models.architecture.n_decoder_layers=1
seed=0    avg_loss: 0.000006653333  time_per_window : 0.000237   progress : 0.262
name: models.architecture.block_type=attention
training.mode=rollout
models.out_dim=10
models.architecture.n_encoder_layers=1
models.architecture.n_decoder_layers=1
seed=0    avg_loss: 0.000006773925  time_per_window : 0.000231   progress : 0.273
name: models.architecture.block_type=attention
training.mode=rollout
models.out_dim=10
models.architecture.n_encoder_layers=1
models.architecture.n_decoder_layers=1
seed=0    avg_loss: 0.000007409482  time_per_window : 0.000214   progress : 0.284
name: models.architecture.block_type=attention
training.mode=rollout
models.out_dim=10
models.architecture.n_encoder_layers=1
models.architecture.n_decoder_layers=1
seed=0    avg_loss: 0.000009945709  time_per_window : 0.000213   progress : 0.295
name: models.architecture.block_type=attention
training.mode=rollout
models.out_dim=10
models.architecture.n_encoder_layers=1
models.architecture.n_decoder_layers=1
seed=0    avg_loss: 0.000008650418  time_per_window : 0.000232   progress : 0.306
name: models.architecture.block_type=attention
training.mode=rollout
models.out_dim=10
models.architecture.n_encoder_layers=1
models.architecture.n_decoder_layers=1
seed=0    avg_loss: 0.000009521034  time_per_window : 0.000222   progress : 0.317
name: models.architecture.block_type=attention
training.mode=rollout
models.out_dim=10
models.architecture.n_encoder_layers=1
models.architecture.n_decoder_layers=1
seed=0    avg_loss: 0.000009070841  time_per_window : 0.000248   progress : 0.328
name: models.architecture.block_type=attention
training.mode=rollout
models.out_dim=10
models.architecture.n_encoder_layers=1
models.architecture.n_decoder_layers=1
seed=0    avg_loss: 0.000009777596  time_per_window : 0.000214   progress : 0.339
name: models.architecture.block_type=attention
training.mode=rollout
models.out_dim=10
models.architecture.n_encoder_layers=1
models.architecture.n_decoder_layers=1
seed=0    avg_loss: 0.000007639118  time_per_window : 0.000232   progress : 0.350
name: models.architecture.block_type=attention
training.mode=rollout
models.out_dim=10
models.architecture.n_encoder_layers=1
models.architecture.n_decoder_layers=1
seed=0    avg_loss: 0.000008000884  time_per_window : 0.000241   progress : 0.360
name: models.architecture.block_type=attention
training.mode=rollout
models.out_dim=10
models.architecture.n_encoder_layers=1
models.architecture.n_decoder_layers=1
seed=1    avg_loss: 0.000001109151  time_per_window : 0.000217   progress : 0.994
name: models.architecture.block_type=attention
training.mode=rollout
models.out_dim=10
models.architecture.n_encoder_layers=1
models.architecture.n_decoder_layers=1
seed=1    avg_loss: 0.002232852392  time_per_window : 0.000232   progress : 0.011
name: models.architecture.block_type=attention
training.mode=rollout
models.out_dim=10
models.architecture.n_encoder_layers=1
models.architecture.n_decoder_layers=1
seed=1    avg_loss: 0.000009778933  time_per_window : 0.000226   progress : 0.022
name: models.architecture.block_type=attention
training.mode=rollout
models.out_dim=10
models.architecture.n_encoder_layers=1
models.architecture.n_decoder_layers=1
seed=1    avg_loss: 0.000009972853  time_per_window : 0.000210   progress : 0.033
name: models.architecture.block_type=attention
training.mode=rollout
models.out_dim=10
models.architecture.n_encoder_layers=1
models.architecture.n_decoder_layers=1
seed=1    avg_loss: 0.000010104261  time_per_window : 0.000225   progress : 0.044
name: models.architecture.block_type=attention
training.mode=rollout
models.out_dim=10
models.architecture.n_encoder_layers=1
models.architecture.n_decoder_layers=1
seed=1    avg_loss: 0.000010063047  time_per_window : 0.000216   progress : 0.055
name: models.architecture.block_type=attention
training.mode=rollout
models.out_dim=10
models.architecture.n_encoder_layers=1
models.architecture.n_decoder_layers=1
seed=1    avg_loss: 0.000008918892  time_per_window : 0.000225   progress : 0.066
name: models.architecture.block_type=attention
training.mode=rollout
models.out_dim=10
models.architecture.n_encoder_layers=1
models.architecture.n_decoder_layers=1
seed=1    avg_loss: 0.000008158658  time_per_window : 0.000214   progress : 0.076
name: models.architecture.block_type=attention
training.mode=rollout
models.out_dim=10
models.architecture.n_encoder_layers=1
models.architecture.n_decoder_layers=1
seed=1    avg_loss: 0.000006643406  time_per_window : 0.000241   progress : 0.087
name: models.architecture.block_type=attention
training.mode=rollout
models.out_dim=10
models.architecture.n_encoder_layers=1
models.architecture.n_decoder_layers=1
seed=1    avg_loss: 0.000005329784  time_per_window : 0.000224   progress : 0.098
name: models.architecture.block_type=attention
training.mode=rollout
models.out_dim=10
models.architecture.n_encoder_layers=1
models.architecture.n_decoder_layers=1
seed=1    avg_loss: 0.000004697122  time_per_window : 0.000239   progress : 0.109
name: models.architecture.block_type=attention
training.mode=rollout
models.out_dim=10
models.architecture.n_encoder_layers=1
models.architecture.n_decoder_layers=1
seed=1    avg_loss: 0.000004127673  time_per_window : 0.000219   progress : 0.120
name: models.architecture.block_type=attention
training.mode=rollout
models.out_dim=10
models.architecture.n_encoder_layers=1
models.architecture.n_decoder_layers=1
seed=1    avg_loss: 0.000003671802  time_per_window : 0.000253   progress : 0.131
name: models.architecture.block_type=attention
training.mode=rollout
models.out_dim=10
models.architecture.n_encoder_layers=1
models.architecture.n_decoder_layers=1
seed=1    avg_loss: 0.000003127481  time_per_window : 0.000230   progress : 0.142
name: models.architecture.block_type=attention
training.mode=rollout
models.out_dim=10
models.architecture.n_encoder_layers=1
models.architecture.n_decoder_layers=1
seed=1    avg_loss: 0.000002940914  time_per_window : 0.000248   progress : 0.153
name: models.architecture.block_type=attention
training.mode=rollout
models.out_dim=10
models.architecture.n_encoder_layers=1
models.architecture.n_decoder_layers=1
seed=1    avg_loss: 0.000002782500  time_per_window : 0.000251   progress : 0.164
name: models.architecture.block_type=attention
training.mode=rollout
models.out_dim=10
models.architecture.n_encoder_layers=1
models.architecture.n_decoder_layers=1
seed=1    avg_loss: 0.000002338131  time_per_window : 0.000234   progress : 0.175
name: models.architecture.block_type=attention
training.mode=rollout
models.out_dim=10
models.architecture.n_encoder_layers=1
models.architecture.n_decoder_layers=1
seed=1    avg_loss: 0.000002363337  time_per_window : 0.000233   progress : 0.186
name: models.architecture.block_type=attention
training.mode=rollout
models.out_dim=10
models.architecture.n_encoder_layers=1
models.architecture.n_decoder_layers=1
seed=1    avg_loss: 0.000002810876  time_per_window : 0.000258   progress : 0.197
name: models.architecture.block_type=attention
training.mode=rollout
models.out_dim=10
models.architecture.n_encoder_layers=1
models.architecture.n_decoder_layers=1
seed=1    avg_loss: 0.000004724068  time_per_window : 0.000231   progress : 0.208
name: models.architecture.block_type=attention
training.mode=rollout
models.out_dim=10
models.architecture.n_encoder_layers=1
models.architecture.n_decoder_layers=1
seed=1    avg_loss: 0.000004321473  time_per_window : 0.000225   progress : 0.218
name: models.architecture.block_type=attention
training.mode=rollout
models.out_dim=10
models.architecture.n_encoder_layers=1
models.architecture.n_decoder_layers=1
seed=1    avg_loss: 0.000003887425  time_per_window : 0.000226   progress : 0.229
name: models.architecture.block_type=attention
training.mode=rollout
models.out_dim=10
models.architecture.n_encoder_layers=1
models.architecture.n_decoder_layers=1
seed=1    avg_loss: 0.000003687034  time_per_window : 0.000232   progress : 0.240
name: models.architecture.block_type=attention
training.mode=rollout
models.out_dim=10
models.architecture.n_encoder_layers=1
models.architecture.n_decoder_layers=1
seed=1    avg_loss: 0.000005251322  time_per_window : 0.000243   progress : 0.251
name: models.architecture.block_type=attention
training.mode=rollout
models.out_dim=10
models.architecture.n_encoder_layers=1
models.architecture.n_decoder_layers=1
seed=1    avg_loss: 0.000003862284  time_per_window : 0.000258   progress : 0.262
name: models.architecture.block_type=attention
training.mode=rollout
models.out_dim=10
models.architecture.n_encoder_layers=1
models.architecture.n_decoder_layers=1
seed=1    avg_loss: 0.000005782874  time_per_window : 0.000220   progress : 0.273
name: models.architecture.block_type=attention
training.mode=rollout
models.out_dim=10
models.architecture.n_encoder_layers=1
models.architecture.n_decoder_layers=1
seed=1    avg_loss: 0.000005144529  time_per_window : 0.000217   progress : 0.284
name: models.architecture.block_type=attention
training.mode=rollout
models.out_dim=10
models.architecture.n_encoder_layers=1
models.architecture.n_decoder_layers=1
seed=1    avg_loss: 0.000006999794  time_per_window : 0.000240   progress : 0.295
name: models.architecture.block_type=attention
training.mode=rollout
models.out_dim=10
models.architecture.n_encoder_layers=1
models.architecture.n_decoder_layers=1
seed=1    avg_loss: 0.000006186532  time_per_window : 0.000245   progress : 0.306
name: models.architecture.block_type=attention
training.mode=rollout
models.out_dim=10
models.architecture.n_encoder_layers=1
models.architecture.n_decoder_layers=1
seed=1    avg_loss: 0.000005268122  time_per_window : 0.000256   progress : 0.317
name: models.architecture.block_type=attention
training.mode=rollout
models.out_dim=10
models.architecture.n_encoder_layers=1
models.architecture.n_decoder_layers=1
seed=1    avg_loss: 0.000007169557  time_per_window : 0.000257   progress : 0.328
name: models.architecture.block_type=attention
training.mode=rollout
models.out_dim=10
models.architecture.n_encoder_layers=1
models.architecture.n_decoder_layers=1
seed=1    avg_loss: 0.000007284020  time_per_window : 0.000248   progress : 0.339
name: models.architecture.block_type=attention
training.mode=rollout
models.out_dim=10
models.architecture.n_encoder_layers=1
models.architecture.n_decoder_layers=1
seed=1    avg_loss: 0.000009339266  time_per_window : 0.000226   progress : 0.350
name: models.architecture.block_type=attention
training.mode=rollout
models.out_dim=10
models.architecture.n_encoder_layers=1
models.architecture.n_decoder_layers=1
seed=1    avg_loss: 0.000006466380  time_per_window : 0.000241   progress : 0.360
name: models.architecture.block_type=attention
training.mode=rollout
models.out_dim=10
models.architecture.n_encoder_layers=1
models.architecture.n_decoder_layers=1
seed=4    avg_loss: 0.000001153586  time_per_window : 0.000211   progress : 0.994
name: models.architecture.block_type=attention
training.mode=rollout
models.out_dim=10
models.architecture.n_encoder_layers=1
models.architecture.n_decoder_layers=1
seed=4    avg_loss: 0.001705574687  time_per_window : 0.000217   progress : 0.011
name: models.architecture.block_type=attention
training.mode=rollout
models.out_dim=10
models.architecture.n_encoder_layers=1
models.architecture.n_decoder_layers=1
seed=4    avg_loss: 0.000010036400  time_per_window : 0.000210   progress : 0.022
name: models.architecture.block_type=attention
training.mode=rollout
models.out_dim=10
models.architecture.n_encoder_layers=1
models.architecture.n_decoder_layers=1
seed=4    avg_loss: 0.000010150481  time_per_window : 0.000225   progress : 0.033
name: models.architecture.block_type=attention
training.mode=rollout
models.out_dim=10
models.architecture.n_encoder_layers=1
models.architecture.n_decoder_layers=1
seed=4    avg_loss: 0.000010138283  time_per_window : 0.000220   progress : 0.044
name: models.architecture.block_type=attention
training.mode=rollout
models.out_dim=10
models.architecture.n_encoder_layers=1
models.architecture.n_decoder_layers=1
seed=4    avg_loss: 0.000009920964  time_per_window : 0.000217   progress : 0.055
name: models.architecture.block_type=attention
training.mode=rollout
models.out_dim=10
models.architecture.n_encoder_layers=1
models.architecture.n_decoder_layers=1
seed=4    avg_loss: 0.000008323349  time_per_window : 0.000223   progress : 0.066
name: models.architecture.block_type=attention
training.mode=rollout
models.out_dim=10
models.architecture.n_encoder_layers=1
models.architecture.n_decoder_layers=1
seed=4    avg_loss: 0.000006877174  time_per_window : 0.000272   progress : 0.076
name: models.architecture.block_type=attention
training.mode=rollout
models.out_dim=10
models.architecture.n_encoder_layers=1
models.architecture.n_decoder_layers=1
seed=4    avg_loss: 0.000005313736  time_per_window : 0.000225   progress : 0.087
name: models.architecture.block_type=attention
training.mode=rollout
models.out_dim=10
models.architecture.n_encoder_layers=1
models.architecture.n_decoder_layers=1
seed=4    avg_loss: 0.000004692865  time_per_window : 0.000218   progress : 0.098
name: models.architecture.block_type=attention
training.mode=rollout
models.out_dim=10
models.architecture.n_encoder_layers=1
models.architecture.n_decoder_layers=1
seed=4    avg_loss: 0.000004421786  time_per_window : 0.000223   progress : 0.109
name: models.architecture.block_type=attention
training.mode=rollout
models.out_dim=10
models.architecture.n_encoder_layers=1
models.architecture.n_decoder_layers=1
seed=4    avg_loss: 0.000004257929  time_per_window : 0.000234   progress : 0.120
name: models.architecture.block_type=attention
training.mode=rollout
models.out_dim=10
models.architecture.n_encoder_layers=1
models.architecture.n_decoder_layers=1
seed=4    avg_loss: 0.000004452128  time_per_window : 0.000228   progress : 0.131
name: models.architecture.block_type=attention
training.mode=rollout
models.out_dim=10
models.architecture.n_encoder_layers=1
models.architecture.n_decoder_layers=1
seed=4    avg_loss: 0.000005033962  time_per_window : 0.000229   progress : 0.142
name: models.architecture.block_type=attention
training.mode=rollout
models.out_dim=10
models.architecture.n_encoder_layers=1
models.architecture.n_decoder_layers=1
seed=4    avg_loss: 0.000005504147  time_per_window : 0.000220   progress : 0.153
name: models.architecture.block_type=attention
training.mode=rollout
models.out_dim=10
models.architecture.n_encoder_layers=1
models.architecture.n_decoder_layers=1
seed=4    avg_loss: 0.000006500077  time_per_window : 0.000246   progress : 0.164
name: models.architecture.block_type=attention
training.mode=rollout
models.out_dim=10
models.architecture.n_encoder_layers=1
models.architecture.n_decoder_layers=1
seed=4    avg_loss: 0.000005452251  time_per_window : 0.000220   progress : 0.175
name: models.architecture.block_type=attention
training.mode=rollout
models.out_dim=10
models.architecture.n_encoder_layers=1
models.architecture.n_decoder_layers=1
seed=4    avg_loss: 0.000006757888  time_per_window : 0.000232   progress : 0.186
name: models.architecture.block_type=attention
training.mode=rollout
models.out_dim=10
models.architecture.n_encoder_layers=1
models.architecture.n_decoder_layers=1
seed=4    avg_loss: 0.000006990304  time_per_window : 0.000218   progress : 0.197
name: models.architecture.block_type=attention
training.mode=rollout
models.out_dim=10
models.architecture.n_encoder_layers=1
models.architecture.n_decoder_layers=1
seed=4    avg_loss: 0.000011135354  time_per_window : 0.000238   progress : 0.208
name: models.architecture.block_type=attention
training.mode=rollout
models.out_dim=10
models.architecture.n_encoder_layers=1
models.architecture.n_decoder_layers=1
seed=4    avg_loss: 0.000005561747  time_per_window : 0.000244   progress : 0.218
name: models.architecture.block_type=attention
training.mode=rollout
models.out_dim=10
models.architecture.n_encoder_layers=1
models.architecture.n_decoder_layers=1
seed=4    avg_loss: 0.000010045133  time_per_window : 0.000245   progress : 0.229
name: models.architecture.block_type=attention
training.mode=rollout
models.out_dim=10
models.architecture.n_encoder_layers=1
models.architecture.n_decoder_layers=1
seed=4    avg_loss: 0.000008499137  time_per_window : 0.000228   progress : 0.240
name: models.architecture.block_type=attention
training.mode=rollout
models.out_dim=10
models.architecture.n_encoder_layers=1
models.architecture.n_decoder_layers=1
seed=4    avg_loss: 0.000006248073  time_per_window : 0.000230   progress : 0.251
name: models.architecture.block_type=attention
training.mode=rollout
models.out_dim=10
models.architecture.n_encoder_layers=1
models.architecture.n_decoder_layers=1
seed=4    avg_loss: 0.000009117262  time_per_window : 0.000215   progress : 0.262
name: models.architecture.block_type=attention
training.mode=rollout
models.out_dim=10
models.architecture.n_encoder_layers=1
models.architecture.n_decoder_layers=1
seed=4    avg_loss: 0.000009428763  time_per_window : 0.000230   progress : 0.273
name: models.architecture.block_type=attention
training.mode=rollout
models.out_dim=10
models.architecture.n_encoder_layers=1
models.architecture.n_decoder_layers=1
seed=4    avg_loss: 0.000010012513  time_per_window : 0.000219   progress : 0.284
name: models.architecture.block_type=attention
training.mode=rollout
models.out_dim=10
models.architecture.n_encoder_layers=1
models.architecture.n_decoder_layers=1
seed=4    avg_loss: 0.000007608485  time_per_window : 0.000232   progress : 0.295
name: models.architecture.block_type=attention
training.mode=rollout
models.out_dim=10
models.architecture.n_encoder_layers=1
models.architecture.n_decoder_layers=1
seed=4    avg_loss: 0.000008895451  time_per_window : 0.000244   progress : 0.306
name: models.architecture.block_type=attention
training.mode=rollout
models.out_dim=10
models.architecture.n_encoder_layers=1
models.architecture.n_decoder_layers=1
seed=4    avg_loss: 0.000008293371  time_per_window : 0.000253   progress : 0.317
name: models.architecture.block_type=attention
training.mode=rollout
models.out_dim=10
models.architecture.n_encoder_layers=1
models.architecture.n_decoder_layers=1
seed=4    avg_loss: 0.000007392734  time_per_window : 0.000205   progress : 0.328
name: models.architecture.block_type=attention
training.mode=rollout
models.out_dim=10
models.architecture.n_encoder_layers=1
models.architecture.n_decoder_layers=1
seed=4    avg_loss: 0.000008564370  time_per_window : 0.000278   progress : 0.339
name: models.architecture.block_type=attention
training.mode=rollout
models.out_dim=10
models.architecture.n_encoder_layers=1
models.architecture.n_decoder_layers=1
seed=4    avg_loss: 0.000007820901  time_per_window : 0.000252   progress : 0.350
name: models.architecture.block_type=attention
training.mode=rollout
models.out_dim=10
models.architecture.n_encoder_layers=1
models.architecture.n_decoder_layers=1
seed=4    avg_loss: 0.000008106254  time_per_window : 0.000208   progress : 0.360
name: models.architecture.block_type=attention
training.mode=rollout
models.out_dim=10
models.architecture.n_encoder_layers=1
models.architecture.n_decoder_layers=1
seed=2    avg_loss: 0.000000973324  time_per_window : 0.000245   progress : 0.994
name: models.architecture.block_type=attention
training.mode=rollout
models.out_dim=10
models.architecture.n_encoder_layers=1
models.architecture.n_decoder_layers=1
seed=2    avg_loss: 0.001475825906  time_per_window : 0.000229   progress : 0.011
name: models.architecture.block_type=attention
training.mode=rollout
models.out_dim=10
models.architecture.n_encoder_layers=1
models.architecture.n_decoder_layers=1
seed=2    avg_loss: 0.000009396671  time_per_window : 0.000231   progress : 0.022
name: models.architecture.block_type=attention
training.mode=rollout
models.out_dim=10
models.architecture.n_encoder_layers=1
models.architecture.n_decoder_layers=1
seed=2    avg_loss: 0.000009323607  time_per_window : 0.000217   progress : 0.033
name: models.architecture.block_type=attention
training.mode=rollout
models.out_dim=10
models.architecture.n_encoder_layers=1
models.architecture.n_decoder_layers=1
seed=2    avg_loss: 0.000008887877  time_per_window : 0.000253   progress : 0.044
name: models.architecture.block_type=attention
training.mode=rollout
models.out_dim=10
models.architecture.n_encoder_layers=1
models.architecture.n_decoder_layers=1
seed=2    avg_loss: 0.000007407918  time_per_window : 0.000230   progress : 0.055
name: models.architecture.block_type=attention
training.mode=rollout
models.out_dim=10
models.architecture.n_encoder_layers=1
models.architecture.n_decoder_layers=1
seed=2    avg_loss: 0.000005561224  time_per_window : 0.000228   progress : 0.066
name: models.architecture.block_type=attention
training.mode=rollout
models.out_dim=10
models.architecture.n_encoder_layers=1
models.architecture.n_decoder_layers=1
seed=2    avg_loss: 0.000004610970  time_per_window : 0.000210   progress : 0.076
name: models.architecture.block_type=attention
training.mode=rollout
models.out_dim=10
models.architecture.n_encoder_layers=1
models.architecture.n_decoder_layers=1
seed=2    avg_loss: 0.000003998804  time_per_window : 0.000220   progress : 0.087
name: models.architecture.block_type=attention
training.mode=rollout
models.out_dim=10
models.architecture.n_encoder_layers=1
models.architecture.n_decoder_layers=1
seed=2    avg_loss: 0.000003740485  time_per_window : 0.000238   progress : 0.098
name: models.architecture.block_type=attention
training.mode=rollout
models.out_dim=10
models.architecture.n_encoder_layers=1
models.architecture.n_decoder_layers=1
seed=2    avg_loss: 0.000003714985  time_per_window : 0.000221   progress : 0.109
name: models.architecture.block_type=attention
training.mode=rollout
models.out_dim=10
models.architecture.n_encoder_layers=1
models.architecture.n_decoder_layers=1
seed=2    avg_loss: 0.000003350546  time_per_window : 0.000231   progress : 0.120
name: models.architecture.block_type=attention
training.mode=rollout
models.out_dim=10
models.architecture.n_encoder_layers=1
models.architecture.n_decoder_layers=1
seed=2    avg_loss: 0.000003078557  time_per_window : 0.000226   progress : 0.131
name: models.architecture.block_type=attention
training.mode=rollout
models.out_dim=10
models.architecture.n_encoder_layers=1
models.architecture.n_decoder_layers=1
seed=2    avg_loss: 0.000002862153  time_per_window : 0.000225   progress : 0.142
name: models.architecture.block_type=attention
training.mode=rollout
models.out_dim=10
models.architecture.n_encoder_layers=1
models.architecture.n_decoder_layers=1
seed=2    avg_loss: 0.000003035561  time_per_window : 0.000226   progress : 0.153
name: models.architecture.block_type=attention
training.mode=rollout
models.out_dim=10
models.architecture.n_encoder_layers=1
models.architecture.n_decoder_layers=1
seed=2    avg_loss: 0.000002939402  time_per_window : 0.000244   progress : 0.164
name: models.architecture.block_type=attention
training.mode=rollout
models.out_dim=10
models.architecture.n_encoder_layers=1
models.architecture.n_decoder_layers=1
seed=2    avg_loss: 0.000002996262  time_per_window : 0.000214   progress : 0.175
name: models.architecture.block_type=attention
training.mode=rollout
models.out_dim=10
models.architecture.n_encoder_layers=1
models.architecture.n_decoder_layers=1
seed=2    avg_loss: 0.000003321865  time_per_window : 0.000243   progress : 0.186
name: models.architecture.block_type=attention
training.mode=rollout
models.out_dim=10
models.architecture.n_encoder_layers=1
models.architecture.n_decoder_layers=1
seed=2    avg_loss: 0.000003553128  time_per_window : 0.000212   progress : 0.197
name: models.architecture.block_type=attention
training.mode=rollout
models.out_dim=10
models.architecture.n_encoder_layers=1
models.architecture.n_decoder_layers=1
seed=2    avg_loss: 0.000002873277  time_per_window : 0.000224   progress : 0.208
name: models.architecture.block_type=attention
training.mode=rollout
models.out_dim=10
models.architecture.n_encoder_layers=1
models.architecture.n_decoder_layers=1
seed=2    avg_loss: 0.000003812259  time_per_window : 0.000250   progress : 0.218
name: models.architecture.block_type=attention
training.mode=rollout
models.out_dim=10
models.architecture.n_encoder_layers=1
models.architecture.n_decoder_layers=1
seed=2    avg_loss: 0.000004691606  time_per_window : 0.000233   progress : 0.229
name: models.architecture.block_type=attention
training.mode=rollout
models.out_dim=10
models.architecture.n_encoder_layers=1
models.architecture.n_decoder_layers=1
seed=2    avg_loss: 0.000004148586  time_per_window : 0.000219   progress : 0.240
name: models.architecture.block_type=attention
training.mode=rollout
models.out_dim=10
models.architecture.n_encoder_layers=1
models.architecture.n_decoder_layers=1
seed=2    avg_loss: 0.000004917896  time_per_window : 0.000220   progress : 0.251
name: models.architecture.block_type=attention
training.mode=rollout
models.out_dim=10
models.architecture.n_encoder_layers=1
models.architecture.n_decoder_layers=1
seed=2    avg_loss: 0.000006642599  time_per_window : 0.000241   progress : 0.262
name: models.architecture.block_type=attention
training.mode=rollout
models.out_dim=10
models.architecture.n_encoder_layers=1
models.architecture.n_decoder_layers=1
seed=2    avg_loss: 0.000006137114  time_per_window : 0.000206   progress : 0.273
name: models.architecture.block_type=attention
training.mode=rollout
models.out_dim=10
models.architecture.n_encoder_layers=1
models.architecture.n_decoder_layers=1
seed=2    avg_loss: 0.000003728371  time_per_window : 0.000219   progress : 0.284
name: models.architecture.block_type=attention
training.mode=rollout
models.out_dim=10
models.architecture.n_encoder_layers=1
models.architecture.n_decoder_layers=1
seed=2    avg_loss: 0.000004853168  time_per_window : 0.000227   progress : 0.295
name: models.architecture.block_type=attention
training.mode=rollout
models.out_dim=10
models.architecture.n_encoder_layers=1
models.architecture.n_decoder_layers=1
seed=2    avg_loss: 0.000005636271  time_per_window : 0.000243   progress : 0.306
name: models.architecture.block_type=attention
training.mode=rollout
models.out_dim=10
models.architecture.n_encoder_layers=1
models.architecture.n_decoder_layers=1
seed=2    avg_loss: 0.000007317723  time_per_window : 0.000260   progress : 0.317
name: models.architecture.block_type=attention
training.mode=rollout
models.out_dim=10
models.architecture.n_encoder_layers=1
models.architecture.n_decoder_layers=1
seed=2    avg_loss: 0.000006210880  time_per_window : 0.000232   progress : 0.328
name: models.architecture.block_type=attention
training.mode=rollout
models.out_dim=10
models.architecture.n_encoder_layers=1
models.architecture.n_decoder_layers=1
seed=2    avg_loss: 0.000005182137  time_per_window : 0.000234   progress : 0.339
name: models.architecture.block_type=attention
training.mode=rollout
models.out_dim=10
models.architecture.n_encoder_layers=1
models.architecture.n_decoder_layers=1
seed=2    avg_loss: 0.000009089844  time_per_window : 0.000258   progress : 0.350
name: models.architecture.block_type=attention
training.mode=rollout
models.out_dim=10
models.architecture.n_encoder_layers=1
models.architecture.n_decoder_layers=1
seed=2    avg_loss: 0.000006214121  time_per_window : 0.000236   progress : 0.360
name: models.architecture.block_type=attention
training.mode=rollout
models.out_dim=10
models.architecture.n_encoder_layers=1
models.architecture.n_decoder_layers=1
seed=3    avg_loss: 0.000000337713  time_per_window : 0.000221   progress : 0.994
name: models.architecture.block_type=attention
training.mode=rollout
models.out_dim=10
models.architecture.n_encoder_layers=1
models.architecture.n_decoder_layers=1
seed=3    avg_loss: 0.001658435678  time_per_window : 0.000219   progress : 0.011
name: models.architecture.block_type=attention
training.mode=rollout
models.out_dim=10
models.architecture.n_encoder_layers=1
models.architecture.n_decoder_layers=1
seed=3    avg_loss: 0.000009908026  time_per_window : 0.000211   progress : 0.022
name: models.architecture.block_type=attention
training.mode=rollout
models.out_dim=10
models.architecture.n_encoder_layers=1
models.architecture.n_decoder_layers=1
seed=3    avg_loss: 0.000009468417  time_per_window : 0.000217   progress : 0.033
name: models.architecture.block_type=attention
training.mode=rollout
models.out_dim=10
models.architecture.n_encoder_layers=1
models.architecture.n_decoder_layers=1
seed=3    avg_loss: 0.000009147914  time_per_window : 0.000234   progress : 0.044
name: models.architecture.block_type=attention
training.mode=rollout
models.out_dim=10
models.architecture.n_encoder_layers=1
models.architecture.n_decoder_layers=1
seed=3    avg_loss: 0.000007706385  time_per_window : 0.000211   progress : 0.055
name: models.architecture.block_type=attention
training.mode=rollout
models.out_dim=10
models.architecture.n_encoder_layers=1
models.architecture.n_decoder_layers=1
seed=3    avg_loss: 0.000006144277  time_per_window : 0.000229   progress : 0.066
name: models.architecture.block_type=attention
training.mode=rollout
models.out_dim=10
models.architecture.n_encoder_layers=1
models.architecture.n_decoder_layers=1
seed=3    avg_loss: 0.000004979466  time_per_window : 0.000254   progress : 0.076
name: models.architecture.block_type=attention
training.mode=rollout
models.out_dim=10
models.architecture.n_encoder_layers=1
models.architecture.n_decoder_layers=1
seed=3    avg_loss: 0.000004156037  time_per_window : 0.000243   progress : 0.087
name: models.architecture.block_type=attention
training.mode=rollout
models.out_dim=10
models.architecture.n_encoder_layers=1
models.architecture.n_decoder_layers=1
seed=3    avg_loss: 0.000003801864  time_per_window : 0.000230   progress : 0.098
name: models.architecture.block_type=attention
training.mode=rollout
models.out_dim=10
models.architecture.n_encoder_layers=1
models.architecture.n_decoder_layers=1
seed=3    avg_loss: 0.000003785718  time_per_window : 0.000212   progress : 0.109
name: models.architecture.block_type=attention
training.mode=rollout
models.out_dim=10
models.architecture.n_encoder_layers=1
models.architecture.n_decoder_layers=1
seed=3    avg_loss: 0.000003281735  time_per_window : 0.000220   progress : 0.120
name: models.architecture.block_type=attention
training.mode=rollout
models.out_dim=10
models.architecture.n_encoder_layers=1
models.architecture.n_decoder_layers=1
seed=3    avg_loss: 0.000003086568  time_per_window : 0.000212   progress : 0.131
name: models.architecture.block_type=attention
training.mode=rollout
models.out_dim=10
models.architecture.n_encoder_layers=1
models.architecture.n_decoder_layers=1
seed=3    avg_loss: 0.000002891378  time_per_window : 0.000224   progress : 0.142
name: models.architecture.block_type=attention
training.mode=rollout
models.out_dim=10
models.architecture.n_encoder_layers=1
models.architecture.n_decoder_layers=1
seed=3    avg_loss: 0.000002934160  time_per_window : 0.000219   progress : 0.153
name: models.architecture.block_type=attention
training.mode=rollout
models.out_dim=10
models.architecture.n_encoder_layers=1
models.architecture.n_decoder_layers=1
seed=3    avg_loss: 0.000002873687  time_per_window : 0.000208   progress : 0.164
name: models.architecture.block_type=attention
training.mode=rollout
models.out_dim=10
models.architecture.n_encoder_layers=1
models.architecture.n_decoder_layers=1
seed=3    avg_loss: 0.000003717850  time_per_window : 0.000247   progress : 0.175
name: models.architecture.block_type=attention
training.mode=rollout
models.out_dim=10
models.architecture.n_encoder_layers=1
models.architecture.n_decoder_layers=1
seed=3    avg_loss: 0.000005029106  time_per_window : 0.000222   progress : 0.186
name: models.architecture.block_type=attention
training.mode=rollout
models.out_dim=10
models.architecture.n_encoder_layers=1
models.architecture.n_decoder_layers=1
seed=3    avg_loss: 0.000004331151  time_per_window : 0.000223   progress : 0.197
name: models.architecture.block_type=attention
training.mode=rollout
models.out_dim=10
models.architecture.n_encoder_layers=1
models.architecture.n_decoder_layers=1
seed=3    avg_loss: 0.000005831191  time_per_window : 0.000231   progress : 0.208
name: models.architecture.block_type=attention
training.mode=rollout
models.out_dim=10
models.architecture.n_encoder_layers=1
models.architecture.n_decoder_layers=1
seed=3    avg_loss: 0.000010735997  time_per_window : 0.000236   progress : 0.218
name: models.architecture.block_type=attention
training.mode=rollout
models.out_dim=10
models.architecture.n_encoder_layers=1
models.architecture.n_decoder_layers=1
seed=3    avg_loss: 0.000003777969  time_per_window : 0.000210   progress : 0.229
name: models.architecture.block_type=attention
training.mode=rollout
models.out_dim=10
models.architecture.n_encoder_layers=1
models.architecture.n_decoder_layers=1
seed=3    avg_loss: 0.000005280303  time_per_window : 0.000233   progress : 0.240
name: models.architecture.block_type=attention
training.mode=rollout
models.out_dim=10
models.architecture.n_encoder_layers=1
models.architecture.n_decoder_layers=1
seed=3    avg_loss: 0.000006017144  time_per_window : 0.000243   progress : 0.251
name: models.architecture.block_type=attention
training.mode=rollout
models.out_dim=10
models.architecture.n_encoder_layers=1
models.architecture.n_decoder_layers=1
seed=3    avg_loss: 0.000006380050  time_per_window : 0.000258   progress : 0.262
name: models.architecture.block_type=attention
training.mode=rollout
models.out_dim=10
models.architecture.n_encoder_layers=1
models.architecture.n_decoder_layers=1
seed=3    avg_loss: 0.000007079300  time_per_window : 0.000247   progress : 0.273
name: models.architecture.block_type=attention
training.mode=rollout
models.out_dim=10
models.architecture.n_encoder_layers=1
models.architecture.n_decoder_layers=1
seed=3    avg_loss: 0.000009321641  time_per_window : 0.000214   progress : 0.284
name: models.architecture.block_type=attention
training.mode=rollout
models.out_dim=10
models.architecture.n_encoder_layers=1
models.architecture.n_decoder_layers=1
seed=3    avg_loss: 0.000007967155  time_per_window : 0.000239   progress : 0.295
name: models.architecture.block_type=attention
training.mode=rollout
models.out_dim=10
models.architecture.n_encoder_layers=1
models.architecture.n_decoder_layers=1
seed=3    avg_loss: 0.000007762974  time_per_window : 0.000249   progress : 0.306
name: models.architecture.block_type=attention
training.mode=rollout
models.out_dim=10
models.architecture.n_encoder_layers=1
models.architecture.n_decoder_layers=1
seed=3    avg_loss: 0.000007087737  time_per_window : 0.000257   progress : 0.317
name: models.architecture.block_type=attention
training.mode=rollout
models.out_dim=10
models.architecture.n_encoder_layers=1
models.architecture.n_decoder_layers=1
seed=3    avg_loss: 0.000008527418  time_per_window : 0.000239   progress : 0.328
name: models.architecture.block_type=attention
training.mode=rollout
models.out_dim=10
models.architecture.n_encoder_layers=1
models.architecture.n_decoder_layers=1
seed=3    avg_loss: 0.000006409262  time_per_window : 0.000253   progress : 0.339
name: models.architecture.block_type=attention
training.mode=rollout
models.out_dim=10
models.architecture.n_encoder_layers=1
models.architecture.n_decoder_layers=1
seed=3    avg_loss: 0.000006646097  time_per_window : 0.000241   progress : 0.350
name: models.architecture.block_type=attention
training.mode=rollout
models.out_dim=10
models.architecture.n_encoder_layers=1
models.architecture.n_decoder_layers=1
seed=3    avg_loss: 0.000013247157  time_per_window : 0.000208   progress : 0.360
name: models.architecture.block_type=attention
training.mode=rollout
models.out_dim=10
models.architecture.n_encoder_layers=1
models.architecture.n_decoder_layers=1
seed=0    avg_loss: 0.000007404486  time_per_window : 0.000232   progress : 0.371
name: models.architecture.block_type=attention
training.mode=rollout
models.out_dim=10
models.architecture.n_encoder_layers=1
models.architecture.n_decoder_layers=1
seed=0    avg_loss: 0.000010496359  time_per_window : 0.000220   progress : 0.382
name: models.architecture.block_type=attention
training.mode=rollout
models.out_dim=10
models.architecture.n_encoder_layers=1
models.architecture.n_decoder_layers=1
seed=0    avg_loss: 0.000006726245  time_per_window : 0.000223   progress : 0.393
name: models.architecture.block_type=attention
training.mode=rollout
models.out_dim=10
models.architecture.n_encoder_layers=1
models.architecture.n_decoder_layers=1
seed=0    avg_loss: 0.000013928930  time_per_window : 0.000254   progress : 0.404
name: models.architecture.block_type=attention
training.mode=rollout
models.out_dim=10
models.architecture.n_encoder_layers=1
models.architecture.n_decoder_layers=1
seed=0    avg_loss: 0.000006493711  time_per_window : 0.000202   progress : 0.415
name: models.architecture.block_type=attention
training.mode=rollout
models.out_dim=10
models.architecture.n_encoder_layers=1
models.architecture.n_decoder_layers=1
seed=0    avg_loss: 0.000008538907  time_per_window : 0.000205   progress : 0.426
name: models.architecture.block_type=attention
training.mode=rollout
models.out_dim=10
models.architecture.n_encoder_layers=1
models.architecture.n_decoder_layers=1
seed=0    avg_loss: 0.000007854663  time_per_window : 0.000273   progress : 0.437
name: models.architecture.block_type=attention
training.mode=rollout
models.out_dim=10
models.architecture.n_encoder_layers=1
models.architecture.n_decoder_layers=1
seed=0    avg_loss: 0.000009238280  time_per_window : 0.000214   progress : 0.448
name: models.architecture.block_type=attention
training.mode=rollout
models.out_dim=10
models.architecture.n_encoder_layers=1
models.architecture.n_decoder_layers=1
seed=0    avg_loss: 0.000007642946  time_per_window : 0.000222   progress : 0.459
name: models.architecture.block_type=attention
training.mode=rollout
models.out_dim=10
models.architecture.n_encoder_layers=1
models.architecture.n_decoder_layers=1
seed=0    avg_loss: 0.000008333161  time_per_window : 0.000230   progress : 0.470
name: models.architecture.block_type=attention
training.mode=rollout
models.out_dim=10
models.architecture.n_encoder_layers=1
models.architecture.n_decoder_layers=1
seed=0    avg_loss: 0.000007895632  time_per_window : 0.000223   progress : 0.481
name: models.architecture.block_type=attention
training.mode=rollout
models.out_dim=10
models.architecture.n_encoder_layers=1
models.architecture.n_decoder_layers=1
seed=0    avg_loss: 0.000006810094  time_per_window : 0.000267   progress : 0.492
name: models.architecture.block_type=attention
training.mode=rollout
models.out_dim=10
models.architecture.n_encoder_layers=1
models.architecture.n_decoder_layers=1
seed=0    avg_loss: 0.000008302742  time_per_window : 0.000224   progress : 0.502
name: models.architecture.block_type=attention
training.mode=rollout
models.out_dim=10
models.architecture.n_encoder_layers=1
models.architecture.n_decoder_layers=1
seed=0    avg_loss: 0.000008219002  time_per_window : 0.000242   progress : 0.513
name: models.architecture.block_type=attention
training.mode=rollout
models.out_dim=10
models.architecture.n_encoder_layers=1
models.architecture.n_decoder_layers=1
seed=0    avg_loss: 0.000009137993  time_per_window : 0.000221   progress : 0.524
name: models.architecture.block_type=attention
training.mode=rollout
models.out_dim=10
models.architecture.n_encoder_layers=1
models.architecture.n_decoder_layers=1
seed=0    avg_loss: 0.000006267007  time_per_window : 0.000243   progress : 0.535
name: models.architecture.block_type=attention
training.mode=rollout
models.out_dim=10
models.architecture.n_encoder_layers=1
models.architecture.n_decoder_layers=1
seed=0    avg_loss: 0.000006983235  time_per_window : 0.000229   progress : 0.546
name: models.architecture.block_type=attention
training.mode=rollout
models.out_dim=10
models.architecture.n_encoder_layers=1
models.architecture.n_decoder_layers=1
seed=0    avg_loss: 0.000007120454  time_per_window : 0.000245   progress : 0.557
name: models.architecture.block_type=attention
training.mode=rollout
models.out_dim=10
models.architecture.n_encoder_layers=1
models.architecture.n_decoder_layers=1
seed=0    avg_loss: 0.000008958739  time_per_window : 0.000227   progress : 0.568
name: models.architecture.block_type=attention
training.mode=rollout
models.out_dim=10
models.architecture.n_encoder_layers=1
models.architecture.n_decoder_layers=1
seed=0    avg_loss: 0.000008922450  time_per_window : 0.000249   progress : 0.579
name: models.architecture.block_type=attention
training.mode=rollout
models.out_dim=10
models.architecture.n_encoder_layers=1
models.architecture.n_decoder_layers=1
seed=0    avg_loss: 0.000006244716  time_per_window : 0.000237   progress : 0.590
name: models.architecture.block_type=attention
training.mode=rollout
models.out_dim=10
models.architecture.n_encoder_layers=1
models.architecture.n_decoder_layers=1
seed=0    avg_loss: 0.000006858330  time_per_window : 0.000232   progress : 0.601
name: models.architecture.block_type=attention
training.mode=rollout
models.out_dim=10
models.architecture.n_encoder_layers=1
models.architecture.n_decoder_layers=1
seed=0    avg_loss: 0.000005986468  time_per_window : 0.000232   progress : 0.612
name: models.architecture.block_type=attention
training.mode=rollout
models.out_dim=10
models.architecture.n_encoder_layers=1
models.architecture.n_decoder_layers=1
seed=0    avg_loss: 0.000007860676  time_per_window : 0.000210   progress : 0.623
name: models.architecture.block_type=attention
training.mode=rollout
models.out_dim=10
models.architecture.n_encoder_layers=1
models.architecture.n_decoder_layers=1
seed=0    avg_loss: 0.000005389679  time_per_window : 0.000240   progress : 0.634
name: models.architecture.block_type=attention
training.mode=rollout
models.out_dim=10
models.architecture.n_encoder_layers=1
models.architecture.n_decoder_layers=1
seed=0    avg_loss: 0.000007224940  time_per_window : 0.000220   progress : 0.644
name: models.architecture.block_type=attention
training.mode=rollout
models.out_dim=10
models.architecture.n_encoder_layers=1
models.architecture.n_decoder_layers=1
seed=0    avg_loss: 0.000007165516  time_per_window : 0.000216   progress : 0.655
name: models.architecture.block_type=attention
training.mode=rollout
models.out_dim=10
models.architecture.n_encoder_layers=1
models.architecture.n_decoder_layers=1
seed=0    avg_loss: 0.000008617892  time_per_window : 0.000267   progress : 0.666
name: models.architecture.block_type=attention
training.mode=rollout
models.out_dim=10
models.architecture.n_encoder_layers=1
models.architecture.n_decoder_layers=1
seed=0    avg_loss: 0.000005485870  time_per_window : 0.000215   progress : 0.677
name: models.architecture.block_type=attention
training.mode=rollout
models.out_dim=10
models.architecture.n_encoder_layers=1
models.architecture.n_decoder_layers=1
seed=0    avg_loss: 0.000007303153  time_per_window : 0.000232   progress : 0.688
name: models.architecture.block_type=attention
training.mode=rollout
models.out_dim=10
models.architecture.n_encoder_layers=1
models.architecture.n_decoder_layers=1
seed=0    avg_loss: 0.000008348521  time_per_window : 0.000221   progress : 0.699
name: models.architecture.block_type=attention
training.mode=rollout
models.out_dim=10
models.architecture.n_encoder_layers=1
models.architecture.n_decoder_layers=1
seed=0    avg_loss: 0.000004720526  time_per_window : 0.000249   progress : 0.710
name: models.architecture.block_type=attention
training.mode=rollout
models.out_dim=10
models.architecture.n_encoder_layers=1
models.architecture.n_decoder_layers=1
seed=0    avg_loss: 0.000005611098  time_per_window : 0.000214   progress : 0.721
name: models.architecture.block_type=attention
training.mode=rollout
models.out_dim=10
models.architecture.n_encoder_layers=1
models.architecture.n_decoder_layers=1
seed=0    avg_loss: 0.000005602485  time_per_window : 0.000244   progress : 0.732
name: models.architecture.block_type=attention
training.mode=rollout
models.out_dim=10
models.architecture.n_encoder_layers=1
models.architecture.n_decoder_layers=1
seed=1    avg_loss: 0.000006462315  time_per_window : 0.000244   progress : 0.371
name: models.architecture.block_type=attention
training.mode=rollout
models.out_dim=10
models.architecture.n_encoder_layers=1
models.architecture.n_decoder_layers=1
seed=1    avg_loss: 0.000007463962  time_per_window : 0.000229   progress : 0.382
name: models.architecture.block_type=attention
training.mode=rollout
models.out_dim=10
models.architecture.n_encoder_layers=1
models.architecture.n_decoder_layers=1
seed=1    avg_loss: 0.000007116378  time_per_window : 0.000253   progress : 0.393
name: models.architecture.block_type=attention
training.mode=rollout
models.out_dim=10
models.architecture.n_encoder_layers=1
models.architecture.n_decoder_layers=1
seed=1    avg_loss: 0.000007978079  time_per_window : 0.000241   progress : 0.404
name: models.architecture.block_type=attention
training.mode=rollout
models.out_dim=10
models.architecture.n_encoder_layers=1
models.architecture.n_decoder_layers=1
seed=1    avg_loss: 0.000006135804  time_per_window : 0.000219   progress : 0.415
name: models.architecture.block_type=attention
training.mode=rollout
models.out_dim=10
models.architecture.n_encoder_layers=1
models.architecture.n_decoder_layers=1
seed=1    avg_loss: 0.000009592648  time_per_window : 0.000241   progress : 0.426
name: models.architecture.block_type=attention
training.mode=rollout
models.out_dim=10
models.architecture.n_encoder_layers=1
models.architecture.n_decoder_layers=1
seed=1    avg_loss: 0.000008547000  time_per_window : 0.000218   progress : 0.437
name: models.architecture.block_type=attention
training.mode=rollout
models.out_dim=10
models.architecture.n_encoder_layers=1
models.architecture.n_decoder_layers=1
seed=1    avg_loss: 0.000008430084  time_per_window : 0.000228   progress : 0.448
name: models.architecture.block_type=attention
training.mode=rollout
models.out_dim=10
models.architecture.n_encoder_layers=1
models.architecture.n_decoder_layers=1
seed=1    avg_loss: 0.000006825658  time_per_window : 0.000234   progress : 0.459
name: models.architecture.block_type=attention
training.mode=rollout
models.out_dim=10
models.architecture.n_encoder_layers=1
models.architecture.n_decoder_layers=1
seed=1    avg_loss: 0.000007927321  time_per_window : 0.000217   progress : 0.470
name: models.architecture.block_type=attention
training.mode=rollout
models.out_dim=10
models.architecture.n_encoder_layers=1
models.architecture.n_decoder_layers=1
seed=1    avg_loss: 0.000008915268  time_per_window : 0.000218   progress : 0.481
name: models.architecture.block_type=attention
training.mode=rollout
models.out_dim=10
models.architecture.n_encoder_layers=1
models.architecture.n_decoder_layers=1
seed=1    avg_loss: 0.000007596230  time_per_window : 0.000245   progress : 0.492
name: models.architecture.block_type=attention
training.mode=rollout
models.out_dim=10
models.architecture.n_encoder_layers=1
models.architecture.n_decoder_layers=1
seed=1    avg_loss: 0.000005993105  time_per_window : 0.000223   progress : 0.502
name: models.architecture.block_type=attention
training.mode=rollout
models.out_dim=10
models.architecture.n_encoder_layers=1
models.architecture.n_decoder_layers=1
seed=1    avg_loss: 0.000006889989  time_per_window : 0.000220   progress : 0.513
name: models.architecture.block_type=attention
training.mode=rollout
models.out_dim=10
models.architecture.n_encoder_layers=1
models.architecture.n_decoder_layers=1
seed=1    avg_loss: 0.000008441309  time_per_window : 0.000223   progress : 0.524
name: models.architecture.block_type=attention
training.mode=rollout
models.out_dim=10
models.architecture.n_encoder_layers=1
models.architecture.n_decoder_layers=1
seed=1    avg_loss: 0.000006502081  time_per_window : 0.000244   progress : 0.535
name: models.architecture.block_type=attention
training.mode=rollout
models.out_dim=10
models.architecture.n_encoder_layers=1
models.architecture.n_decoder_layers=1
seed=1    avg_loss: 0.000011683617  time_per_window : 0.000234   progress : 0.546
name: models.architecture.block_type=attention
training.mode=rollout
models.out_dim=10
models.architecture.n_encoder_layers=1
models.architecture.n_decoder_layers=1
seed=1    avg_loss: 0.000005006544  time_per_window : 0.000263   progress : 0.557
name: models.architecture.block_type=attention
training.mode=rollout
models.out_dim=10
models.architecture.n_encoder_layers=1
models.architecture.n_decoder_layers=1
seed=1    avg_loss: 0.000007721735  time_per_window : 0.000214   progress : 0.568
name: models.architecture.block_type=attention
training.mode=rollout
models.out_dim=10
models.architecture.n_encoder_layers=1
models.architecture.n_decoder_layers=1
seed=1    avg_loss: 0.000006452965  time_per_window : 0.000219   progress : 0.579
name: models.architecture.block_type=attention
training.mode=rollout
models.out_dim=10
models.architecture.n_encoder_layers=1
models.architecture.n_decoder_layers=1
seed=1    avg_loss: 0.000009068372  time_per_window : 0.000231   progress : 0.590
name: models.architecture.block_type=attention
training.mode=rollout
models.out_dim=10
models.architecture.n_encoder_layers=1
models.architecture.n_decoder_layers=1
seed=1    avg_loss: 0.000005595050  time_per_window : 0.000249   progress : 0.601
name: models.architecture.block_type=attention
training.mode=rollout
models.out_dim=10
models.architecture.n_encoder_layers=1
models.architecture.n_decoder_layers=1
seed=1    avg_loss: 0.000006503070  time_per_window : 0.000216   progress : 0.612
name: models.architecture.block_type=attention
training.mode=rollout
models.out_dim=10
models.architecture.n_encoder_layers=1
models.architecture.n_decoder_layers=1
seed=1    avg_loss: 0.000007224779  time_per_window : 0.000236   progress : 0.623
name: models.architecture.block_type=attention
training.mode=rollout
models.out_dim=10
models.architecture.n_encoder_layers=1
models.architecture.n_decoder_layers=1
seed=1    avg_loss: 0.000006401590  time_per_window : 0.000241   progress : 0.634
name: models.architecture.block_type=attention
training.mode=rollout
models.out_dim=10
models.architecture.n_encoder_layers=1
models.architecture.n_decoder_layers=1
seed=1    avg_loss: 0.000006845999  time_per_window : 0.000245   progress : 0.644
name: models.architecture.block_type=attention
training.mode=rollout
models.out_dim=10
models.architecture.n_encoder_layers=1
models.architecture.n_decoder_layers=1
seed=1    avg_loss: 0.000007639119  time_per_window : 0.000227   progress : 0.655
name: models.architecture.block_type=attention
training.mode=rollout
models.out_dim=10
models.architecture.n_encoder_layers=1
models.architecture.n_decoder_layers=1
seed=1    avg_loss: 0.000005069187  time_per_window : 0.000249   progress : 0.666
name: models.architecture.block_type=attention
training.mode=rollout
models.out_dim=10
models.architecture.n_encoder_layers=1
models.architecture.n_decoder_layers=1
seed=1    avg_loss: 0.000007211448  time_per_window : 0.000217   progress : 0.677
name: models.architecture.block_type=attention
training.mode=rollout
models.out_dim=10
models.architecture.n_encoder_layers=1
models.architecture.n_decoder_layers=1
seed=1    avg_loss: 0.000007372888  time_per_window : 0.000232   progress : 0.688
name: models.architecture.block_type=attention
training.mode=rollout
models.out_dim=10
models.architecture.n_encoder_layers=1
models.architecture.n_decoder_layers=1
seed=1    avg_loss: 0.000005917595  time_per_window : 0.000242   progress : 0.699
name: models.architecture.block_type=attention
training.mode=rollout
models.out_dim=10
models.architecture.n_encoder_layers=1
models.architecture.n_decoder_layers=1
seed=1    avg_loss: 0.000005697904  time_per_window : 0.000216   progress : 0.710
name: models.architecture.block_type=attention
training.mode=rollout
models.out_dim=10
models.architecture.n_encoder_layers=1
models.architecture.n_decoder_layers=1
seed=1    avg_loss: 0.000006002296  time_per_window : 0.000260   progress : 0.721
name: models.architecture.block_type=attention
training.mode=rollout
models.out_dim=10
models.architecture.n_encoder_layers=1
models.architecture.n_decoder_layers=1
seed=1    avg_loss: 0.000006136122  time_per_window : 0.000245   progress : 0.732
name: models.architecture.block_type=attention
training.mode=rollout
models.out_dim=10
models.architecture.n_encoder_layers=1
models.architecture.n_decoder_layers=1
seed=4    avg_loss: 0.000011721026  time_per_window : 0.000216   progress : 0.371
name: models.architecture.block_type=attention
training.mode=rollout
models.out_dim=10
models.architecture.n_encoder_layers=1
models.architecture.n_decoder_layers=1
seed=4    avg_loss: 0.000006228471  time_per_window : 0.000235   progress : 0.382
name: models.architecture.block_type=attention
training.mode=rollout
models.out_dim=10
models.architecture.n_encoder_layers=1
models.architecture.n_decoder_layers=1
seed=4    avg_loss: 0.000010213145  time_per_window : 0.000234   progress : 0.393
name: models.architecture.block_type=attention
training.mode=rollout
models.out_dim=10
models.architecture.n_encoder_layers=1
models.architecture.n_decoder_layers=1
seed=4    avg_loss: 0.000007969746  time_per_window : 0.000243   progress : 0.404
name: models.architecture.block_type=attention
training.mode=rollout
models.out_dim=10
models.architecture.n_encoder_layers=1
models.architecture.n_decoder_layers=1
seed=4    avg_loss: 0.000006296327  time_per_window : 0.000215   progress : 0.415
name: models.architecture.block_type=attention
training.mode=rollout
models.out_dim=10
models.architecture.n_encoder_layers=1
models.architecture.n_decoder_layers=1
seed=4    avg_loss: 0.000010001971  time_per_window : 0.000227   progress : 0.426
name: models.architecture.block_type=attention
training.mode=rollout
models.out_dim=10
models.architecture.n_encoder_layers=1
models.architecture.n_decoder_layers=1
seed=4    avg_loss: 0.000008428201  time_per_window : 0.000236   progress : 0.437
name: models.architecture.block_type=attention
training.mode=rollout
models.out_dim=10
models.architecture.n_encoder_layers=1
models.architecture.n_decoder_layers=1
seed=4    avg_loss: 0.000011007462  time_per_window : 0.000228   progress : 0.448
name: models.architecture.block_type=attention
training.mode=rollout
models.out_dim=10
models.architecture.n_encoder_layers=1
models.architecture.n_decoder_layers=1
seed=4    avg_loss: 0.000008633924  time_per_window : 0.000232   progress : 0.459
name: models.architecture.block_type=attention
training.mode=rollout
models.out_dim=10
models.architecture.n_encoder_layers=1
models.architecture.n_decoder_layers=1
seed=4    avg_loss: 0.000007115223  time_per_window : 0.000230   progress : 0.470
name: models.architecture.block_type=attention
training.mode=rollout
models.out_dim=10
models.architecture.n_encoder_layers=1
models.architecture.n_decoder_layers=1
seed=4    avg_loss: 0.000009396226  time_per_window : 0.000233   progress : 0.481
name: models.architecture.block_type=attention
training.mode=rollout
models.out_dim=10
models.architecture.n_encoder_layers=1
models.architecture.n_decoder_layers=1
seed=4    avg_loss: 0.000007998891  time_per_window : 0.000215   progress : 0.492
name: models.architecture.block_type=attention
training.mode=rollout
models.out_dim=10
models.architecture.n_encoder_layers=1
models.architecture.n_decoder_layers=1
seed=4    avg_loss: 0.000006979341  time_per_window : 0.000237   progress : 0.502
name: models.architecture.block_type=attention
training.mode=rollout
models.out_dim=10
models.architecture.n_encoder_layers=1
models.architecture.n_decoder_layers=1
seed=4    avg_loss: 0.000007284440  time_per_window : 0.000220   progress : 0.513
name: models.architecture.block_type=attention
training.mode=rollout
models.out_dim=10
models.architecture.n_encoder_layers=1
models.architecture.n_decoder_layers=1
seed=4    avg_loss: 0.000007711984  time_per_window : 0.000217   progress : 0.524
name: models.architecture.block_type=attention
training.mode=rollout
models.out_dim=10
models.architecture.n_encoder_layers=1
models.architecture.n_decoder_layers=1
seed=4    avg_loss: 0.000007649744  time_per_window : 0.000224   progress : 0.535
name: models.architecture.block_type=attention
training.mode=rollout
models.out_dim=10
models.architecture.n_encoder_layers=1
models.architecture.n_decoder_layers=1
seed=4    avg_loss: 0.000008038637  time_per_window : 0.000216   progress : 0.546
name: models.architecture.block_type=attention
training.mode=rollout
models.out_dim=10
models.architecture.n_encoder_layers=1
models.architecture.n_decoder_layers=1
seed=4    avg_loss: 0.000009262368  time_per_window : 0.000255   progress : 0.557
name: models.architecture.block_type=attention
training.mode=rollout
models.out_dim=10
models.architecture.n_encoder_layers=1
models.architecture.n_decoder_layers=1
seed=4    avg_loss: 0.000008522651  time_per_window : 0.000220   progress : 0.568
name: models.architecture.block_type=attention
training.mode=rollout
models.out_dim=10
models.architecture.n_encoder_layers=1
models.architecture.n_decoder_layers=1
seed=4    avg_loss: 0.000006077480  time_per_window : 0.000251   progress : 0.579
name: models.architecture.block_type=attention
training.mode=rollout
models.out_dim=10
models.architecture.n_encoder_layers=1
models.architecture.n_decoder_layers=1
seed=4    avg_loss: 0.000008629147  time_per_window : 0.000220   progress : 0.590
name: models.architecture.block_type=attention
training.mode=rollout
models.out_dim=10
models.architecture.n_encoder_layers=1
models.architecture.n_decoder_layers=1
seed=4    avg_loss: 0.000007227087  time_per_window : 0.000233   progress : 0.601
name: models.architecture.block_type=attention
training.mode=rollout
models.out_dim=10
models.architecture.n_encoder_layers=1
models.architecture.n_decoder_layers=1
seed=4    avg_loss: 0.000007905453  time_per_window : 0.000253   progress : 0.612
name: models.architecture.block_type=attention
training.mode=rollout
models.out_dim=10
models.architecture.n_encoder_layers=1
models.architecture.n_decoder_layers=1
seed=4    avg_loss: 0.000007548180  time_per_window : 0.000220   progress : 0.623
name: models.architecture.block_type=attention
training.mode=rollout
models.out_dim=10
models.architecture.n_encoder_layers=1
models.architecture.n_decoder_layers=1
seed=4    avg_loss: 0.000007000921  time_per_window : 0.000252   progress : 0.634
name: models.architecture.block_type=attention
training.mode=rollout
models.out_dim=10
models.architecture.n_encoder_layers=1
models.architecture.n_decoder_layers=1
seed=4    avg_loss: 0.000007558339  time_per_window : 0.000220   progress : 0.644
name: models.architecture.block_type=attention
training.mode=rollout
models.out_dim=10
models.architecture.n_encoder_layers=1
models.architecture.n_decoder_layers=1
seed=4    avg_loss: 0.000006490004  time_per_window : 0.000217   progress : 0.655
name: models.architecture.block_type=attention
training.mode=rollout
models.out_dim=10
models.architecture.n_encoder_layers=1
models.architecture.n_decoder_layers=1
seed=4    avg_loss: 0.000007099284  time_per_window : 0.000223   progress : 0.666
name: models.architecture.block_type=attention
training.mode=rollout
models.out_dim=10
models.architecture.n_encoder_layers=1
models.architecture.n_decoder_layers=1
seed=4    avg_loss: 0.000008276025  time_per_window : 0.000228   progress : 0.677
name: models.architecture.block_type=attention
training.mode=rollout
models.out_dim=10
models.architecture.n_encoder_layers=1
models.architecture.n_decoder_layers=1
seed=4    avg_loss: 0.000007275063  time_per_window : 0.000247   progress : 0.688
name: models.architecture.block_type=attention
training.mode=rollout
models.out_dim=10
models.architecture.n_encoder_layers=1
models.architecture.n_decoder_layers=1
seed=4    avg_loss: 0.000005169141  time_per_window : 0.000218   progress : 0.699
name: models.architecture.block_type=attention
training.mode=rollout
models.out_dim=10
models.architecture.n_encoder_layers=1
models.architecture.n_decoder_layers=1
seed=4    avg_loss: 0.000006672570  time_per_window : 0.000239   progress : 0.710
name: models.architecture.block_type=attention
training.mode=rollout
models.out_dim=10
models.architecture.n_encoder_layers=1
models.architecture.n_decoder_layers=1
seed=4    avg_loss: 0.000006940657  time_per_window : 0.000224   progress : 0.721
name: models.architecture.block_type=attention
training.mode=rollout
models.out_dim=10
models.architecture.n_encoder_layers=1
models.architecture.n_decoder_layers=1
seed=4    avg_loss: 0.000005728462  time_per_window : 0.000241   progress : 0.732
name: models.architecture.block_type=attention
training.mode=rollout
models.out_dim=10
models.architecture.n_encoder_layers=1
models.architecture.n_decoder_layers=1
seed=2    avg_loss: 0.000005283454  time_per_window : 0.000221   progress : 0.371
name: models.architecture.block_type=attention
training.mode=rollout
models.out_dim=10
models.architecture.n_encoder_layers=1
models.architecture.n_decoder_layers=1
seed=2    avg_loss: 0.000009452998  time_per_window : 0.000251   progress : 0.382
name: models.architecture.block_type=attention
training.mode=rollout
models.out_dim=10
models.architecture.n_encoder_layers=1
models.architecture.n_decoder_layers=1
seed=2    avg_loss: 0.000006322860  time_per_window : 0.000226   progress : 0.393
name: models.architecture.block_type=attention
training.mode=rollout
models.out_dim=10
models.architecture.n_encoder_layers=1
models.architecture.n_decoder_layers=1
seed=2    avg_loss: 0.000006888087  time_per_window : 0.000209   progress : 0.404
name: models.architecture.block_type=attention
training.mode=rollout
models.out_dim=10
models.architecture.n_encoder_layers=1
models.architecture.n_decoder_layers=1
seed=2    avg_loss: 0.000007105202  time_per_window : 0.000238   progress : 0.415
name: models.architecture.block_type=attention
training.mode=rollout
models.out_dim=10
models.architecture.n_encoder_layers=1
models.architecture.n_decoder_layers=1
seed=2    avg_loss: 0.000005349132  time_per_window : 0.000250   progress : 0.426
name: models.architecture.block_type=attention
training.mode=rollout
models.out_dim=10
models.architecture.n_encoder_layers=1
models.architecture.n_decoder_layers=1
seed=2    avg_loss: 0.000007842623  time_per_window : 0.000229   progress : 0.437
name: models.architecture.block_type=attention
training.mode=rollout
models.out_dim=10
models.architecture.n_encoder_layers=1
models.architecture.n_decoder_layers=1
seed=2    avg_loss: 0.000004809165  time_per_window : 0.000240   progress : 0.448
name: models.architecture.block_type=attention
training.mode=rollout
models.out_dim=10
models.architecture.n_encoder_layers=1
models.architecture.n_decoder_layers=1
seed=2    avg_loss: 0.000006619656  time_per_window : 0.000223   progress : 0.459
name: models.architecture.block_type=attention
training.mode=rollout
models.out_dim=10
models.architecture.n_encoder_layers=1
models.architecture.n_decoder_layers=1
seed=2    avg_loss: 0.000005186090  time_per_window : 0.000229   progress : 0.470
name: models.architecture.block_type=attention
training.mode=rollout
models.out_dim=10
models.architecture.n_encoder_layers=1
models.architecture.n_decoder_layers=1
seed=2    avg_loss: 0.000007282488  time_per_window : 0.000256   progress : 0.481
name: models.architecture.block_type=attention
training.mode=rollout
models.out_dim=10
models.architecture.n_encoder_layers=1
models.architecture.n_decoder_layers=1
seed=2    avg_loss: 0.000006198845  time_per_window : 0.000235   progress : 0.492
name: models.architecture.block_type=attention
training.mode=rollout
models.out_dim=10
models.architecture.n_encoder_layers=1
models.architecture.n_decoder_layers=1
seed=2    avg_loss: 0.000007814467  time_per_window : 0.000257   progress : 0.502
name: models.architecture.block_type=attention
training.mode=rollout
models.out_dim=10
models.architecture.n_encoder_layers=1
models.architecture.n_decoder_layers=1
seed=2    avg_loss: 0.000008284509  time_per_window : 0.000272   progress : 0.513
name: models.architecture.block_type=attention
training.mode=rollout
models.out_dim=10
models.architecture.n_encoder_layers=1
models.architecture.n_decoder_layers=1
seed=2    avg_loss: 0.000005780407  time_per_window : 0.000232   progress : 0.524
name: models.architecture.block_type=attention
training.mode=rollout
models.out_dim=10
models.architecture.n_encoder_layers=1
models.architecture.n_decoder_layers=1
seed=2    avg_loss: 0.000004570974  time_per_window : 0.000227   progress : 0.535
name: models.architecture.block_type=attention
training.mode=rollout
models.out_dim=10
models.architecture.n_encoder_layers=1
models.architecture.n_decoder_layers=1
seed=2    avg_loss: 0.000006615012  time_per_window : 0.000205   progress : 0.546
name: models.architecture.block_type=attention
training.mode=rollout
models.out_dim=10
models.architecture.n_encoder_layers=1
models.architecture.n_decoder_layers=1
seed=2    avg_loss: 0.000004639943  time_per_window : 0.000221   progress : 0.557
name: models.architecture.block_type=attention
training.mode=rollout
models.out_dim=10
models.architecture.n_encoder_layers=1
models.architecture.n_decoder_layers=1
seed=2    avg_loss: 0.000005616439  time_per_window : 0.000239   progress : 0.568
name: models.architecture.block_type=attention
training.mode=rollout
models.out_dim=10
models.architecture.n_encoder_layers=1
models.architecture.n_decoder_layers=1
seed=2    avg_loss: 0.000006169462  time_per_window : 0.000227   progress : 0.579
name: models.architecture.block_type=attention
training.mode=rollout
models.out_dim=10
models.architecture.n_encoder_layers=1
models.architecture.n_decoder_layers=1
seed=2    avg_loss: 0.000004525279  time_per_window : 0.000217   progress : 0.590
name: models.architecture.block_type=attention
training.mode=rollout
models.out_dim=10
models.architecture.n_encoder_layers=1
models.architecture.n_decoder_layers=1
seed=2    avg_loss: 0.000005633793  time_per_window : 0.000260   progress : 0.601
name: models.architecture.block_type=attention
training.mode=rollout
models.out_dim=10
models.architecture.n_encoder_layers=1
models.architecture.n_decoder_layers=1
seed=2    avg_loss: 0.000007128009  time_per_window : 0.000230   progress : 0.612
name: models.architecture.block_type=attention
training.mode=rollout
models.out_dim=10
models.architecture.n_encoder_layers=1
models.architecture.n_decoder_layers=1
seed=2    avg_loss: 0.000005051746  time_per_window : 0.000235   progress : 0.623
name: models.architecture.block_type=attention
training.mode=rollout
models.out_dim=10
models.architecture.n_encoder_layers=1
models.architecture.n_decoder_layers=1
seed=2    avg_loss: 0.000006081653  time_per_window : 0.000225   progress : 0.634
name: models.architecture.block_type=attention
training.mode=rollout
models.out_dim=10
models.architecture.n_encoder_layers=1
models.architecture.n_decoder_layers=1
seed=2    avg_loss: 0.000005250904  time_per_window : 0.000247   progress : 0.644
name: models.architecture.block_type=attention
training.mode=rollout
models.out_dim=10
models.architecture.n_encoder_layers=1
models.architecture.n_decoder_layers=1
seed=2    avg_loss: 0.000004000643  time_per_window : 0.000273   progress : 0.655
name: models.architecture.block_type=attention
training.mode=rollout
models.out_dim=10
models.architecture.n_encoder_layers=1
models.architecture.n_decoder_layers=1
seed=2    avg_loss: 0.000004925346  time_per_window : 0.000233   progress : 0.666
name: models.architecture.block_type=attention
training.mode=rollout
models.out_dim=10
models.architecture.n_encoder_layers=1
models.architecture.n_decoder_layers=1
seed=2    avg_loss: 0.000006499422  time_per_window : 0.000237   progress : 0.677
name: models.architecture.block_type=attention
training.mode=rollout
models.out_dim=10
models.architecture.n_encoder_layers=1
models.architecture.n_decoder_layers=1
seed=2    avg_loss: 0.000006299187  time_per_window : 0.000221   progress : 0.688
name: models.architecture.block_type=attention
training.mode=rollout
models.out_dim=10
models.architecture.n_encoder_layers=1
models.architecture.n_decoder_layers=1
seed=2    avg_loss: 0.000003886388  time_per_window : 0.000257   progress : 0.699
name: models.architecture.block_type=attention
training.mode=rollout
models.out_dim=10
models.architecture.n_encoder_layers=1
models.architecture.n_decoder_layers=1
seed=2    avg_loss: 0.000005342753  time_per_window : 0.000252   progress : 0.710
name: models.architecture.block_type=attention
training.mode=rollout
models.out_dim=10
models.architecture.n_encoder_layers=1
models.architecture.n_decoder_layers=1
seed=2    avg_loss: 0.000004047090  time_per_window : 0.000240   progress : 0.721
name: models.architecture.block_type=attention
training.mode=rollout
models.out_dim=10
models.architecture.n_encoder_layers=1
models.architecture.n_decoder_layers=1
seed=2    avg_loss: 0.000005635306  time_per_window : 0.000247   progress : 0.732
name: models.architecture.block_type=attention
training.mode=rollout
models.out_dim=10
models.architecture.n_encoder_layers=1
models.architecture.n_decoder_layers=1
seed=3    avg_loss: 0.000005560670  time_per_window : 0.000213   progress : 0.371
name: models.architecture.block_type=attention
training.mode=rollout
models.out_dim=10
models.architecture.n_encoder_layers=1
models.architecture.n_decoder_layers=1
seed=3    avg_loss: 0.000006456254  time_per_window : 0.000226   progress : 0.382
name: models.architecture.block_type=attention
training.mode=rollout
models.out_dim=10
models.architecture.n_encoder_layers=1
models.architecture.n_decoder_layers=1
seed=3    avg_loss: 0.000008280184  time_per_window : 0.000222   progress : 0.393
name: models.architecture.block_type=attention
training.mode=rollout
models.out_dim=10
models.architecture.n_encoder_layers=1
models.architecture.n_decoder_layers=1
seed=3    avg_loss: 0.000008396992  time_per_window : 0.000254   progress : 0.404
name: models.architecture.block_type=attention
training.mode=rollout
models.out_dim=10
models.architecture.n_encoder_layers=1
models.architecture.n_decoder_layers=1
seed=3    avg_loss: 0.000006822811  time_per_window : 0.000223   progress : 0.415
name: models.architecture.block_type=attention
training.mode=rollout
models.out_dim=10
models.architecture.n_encoder_layers=1
models.architecture.n_decoder_layers=1
seed=3    avg_loss: 0.000011340116  time_per_window : 0.000214   progress : 0.426
name: models.architecture.block_type=attention
training.mode=rollout
models.out_dim=10
models.architecture.n_encoder_layers=1
models.architecture.n_decoder_layers=1
seed=3    avg_loss: 0.000007577689  time_per_window : 0.000235   progress : 0.437
name: models.architecture.block_type=attention
training.mode=rollout
models.out_dim=10
models.architecture.n_encoder_layers=1
models.architecture.n_decoder_layers=1
seed=3    avg_loss: 0.000007225575  time_per_window : 0.000241   progress : 0.448
name: models.architecture.block_type=attention
training.mode=rollout
models.out_dim=10
models.architecture.n_encoder_layers=1
models.architecture.n_decoder_layers=1
seed=3    avg_loss: 0.000009846295  time_per_window : 0.000240   progress : 0.459
name: models.architecture.block_type=attention
training.mode=rollout
models.out_dim=10
models.architecture.n_encoder_layers=1
models.architecture.n_decoder_layers=1
seed=3    avg_loss: 0.000008986718  time_per_window : 0.000211   progress : 0.470
name: models.architecture.block_type=attention
training.mode=rollout
models.out_dim=10
models.architecture.n_encoder_layers=1
models.architecture.n_decoder_layers=1
seed=3    avg_loss: 0.000006042126  time_per_window : 0.000216   progress : 0.481
name: models.architecture.block_type=attention
training.mode=rollout
models.out_dim=10
models.architecture.n_encoder_layers=1
models.architecture.n_decoder_layers=1
seed=3    avg_loss: 0.000007540627  time_per_window : 0.000281   progress : 0.492
name: models.architecture.block_type=attention
training.mode=rollout
models.out_dim=10
models.architecture.n_encoder_layers=1
models.architecture.n_decoder_layers=1
seed=3    avg_loss: 0.000007333032  time_per_window : 0.000235   progress : 0.502
name: models.architecture.block_type=attention
training.mode=rollout
models.out_dim=10
models.architecture.n_encoder_layers=1
models.architecture.n_decoder_layers=1
seed=3    avg_loss: 0.000006976892  time_per_window : 0.000229   progress : 0.513
name: models.architecture.block_type=attention
training.mode=rollout
models.out_dim=10
models.architecture.n_encoder_layers=1
models.architecture.n_decoder_layers=1
seed=3    avg_loss: 0.000009506175  time_per_window : 0.000228   progress : 0.524
name: models.architecture.block_type=attention
training.mode=rollout
models.out_dim=10
models.architecture.n_encoder_layers=1
models.architecture.n_decoder_layers=1
seed=3    avg_loss: 0.000005093605  time_per_window : 0.000229   progress : 0.535
name: models.architecture.block_type=attention
training.mode=rollout
models.out_dim=10
models.architecture.n_encoder_layers=1
models.architecture.n_decoder_layers=1
seed=3    avg_loss: 0.000009236900  time_per_window : 0.000234   progress : 0.546
name: models.architecture.block_type=attention
training.mode=rollout
models.out_dim=10
models.architecture.n_encoder_layers=1
models.architecture.n_decoder_layers=1
seed=3    avg_loss: 0.000004684253  time_per_window : 0.000224   progress : 0.557
name: models.architecture.block_type=attention
training.mode=rollout
models.out_dim=10
models.architecture.n_encoder_layers=1
models.architecture.n_decoder_layers=1
seed=3    avg_loss: 0.000006242880  time_per_window : 0.000260   progress : 0.568
name: models.architecture.block_type=attention
training.mode=rollout
models.out_dim=10
models.architecture.n_encoder_layers=1
models.architecture.n_decoder_layers=1
seed=3    avg_loss: 0.000008133181  time_per_window : 0.000270   progress : 0.579
name: models.architecture.block_type=attention
training.mode=rollout
models.out_dim=10
models.architecture.n_encoder_layers=1
models.architecture.n_decoder_layers=1
seed=3    avg_loss: 0.000007156218  time_per_window : 0.000240   progress : 0.590
name: models.architecture.block_type=attention
training.mode=rollout
models.out_dim=10
models.architecture.n_encoder_layers=1
models.architecture.n_decoder_layers=1
seed=3    avg_loss: 0.000006033721  time_per_window : 0.000227   progress : 0.601
name: models.architecture.block_type=attention
training.mode=rollout
models.out_dim=10
models.architecture.n_encoder_layers=1
models.architecture.n_decoder_layers=1
seed=3    avg_loss: 0.000008274860  time_per_window : 0.000240   progress : 0.612
name: models.architecture.block_type=attention
training.mode=rollout
models.out_dim=10
models.architecture.n_encoder_layers=1
models.architecture.n_decoder_layers=1
seed=3    avg_loss: 0.000006551825  time_per_window : 0.000268   progress : 0.623
name: models.architecture.block_type=attention
training.mode=rollout
models.out_dim=10
models.architecture.n_encoder_layers=1
models.architecture.n_decoder_layers=1
seed=3    avg_loss: 0.000006743613  time_per_window : 0.000224   progress : 0.634
name: models.architecture.block_type=attention
training.mode=rollout
models.out_dim=10
models.architecture.n_encoder_layers=1
models.architecture.n_decoder_layers=1
seed=3    avg_loss: 0.000007625739  time_per_window : 0.000295   progress : 0.644
name: models.architecture.block_type=attention
training.mode=rollout
models.out_dim=10
models.architecture.n_encoder_layers=1
models.architecture.n_decoder_layers=1
seed=3    avg_loss: 0.000004675631  time_per_window : 0.000263   progress : 0.655
name: models.architecture.block_type=attention
training.mode=rollout
models.out_dim=10
models.architecture.n_encoder_layers=1
models.architecture.n_decoder_layers=1
seed=3    avg_loss: 0.000007699912  time_per_window : 0.000209   progress : 0.666
name: models.architecture.block_type=attention
training.mode=rollout
models.out_dim=10
models.architecture.n_encoder_layers=1
models.architecture.n_decoder_layers=1
seed=3    avg_loss: 0.000010485088  time_per_window : 0.000222   progress : 0.677
name: models.architecture.block_type=attention
training.mode=rollout
models.out_dim=10
models.architecture.n_encoder_layers=1
models.architecture.n_decoder_layers=1
seed=3    avg_loss: 0.000004359396  time_per_window : 0.000248   progress : 0.688
name: models.architecture.block_type=attention
training.mode=rollout
models.out_dim=10
models.architecture.n_encoder_layers=1
models.architecture.n_decoder_layers=1
seed=3    avg_loss: 0.000006590143  time_per_window : 0.000210   progress : 0.699
name: models.architecture.block_type=attention
training.mode=rollout
models.out_dim=10
models.architecture.n_encoder_layers=1
models.architecture.n_decoder_layers=1
seed=3    avg_loss: 0.000005487379  time_per_window : 0.000246   progress : 0.710
name: models.architecture.block_type=attention
training.mode=rollout
models.out_dim=10
models.architecture.n_encoder_layers=1
models.architecture.n_decoder_layers=1
seed=3    avg_loss: 0.000005286152  time_per_window : 0.000226   progress : 0.721
name: models.architecture.block_type=attention
training.mode=rollout
models.out_dim=10
models.architecture.n_encoder_layers=1
models.architecture.n_decoder_layers=1
seed=3    avg_loss: 0.000007293845  time_per_window : 0.000208   progress : 0.732
name: models.architecture.block_type=attention
training.mode=rollout
models.out_dim=10
models.architecture.n_encoder_layers=1
models.architecture.n_decoder_layers=1
seed=0    avg_loss: 0.000007475222  time_per_window : 0.000226   progress : 0.743
name: models.architecture.block_type=attention
training.mode=rollout
models.out_dim=10
models.architecture.n_encoder_layers=1
models.architecture.n_decoder_layers=1
seed=0    avg_loss: 0.000005251023  time_per_window : 0.000232   progress : 0.754
name: models.architecture.block_type=attention
training.mode=rollout
models.out_dim=10
models.architecture.n_encoder_layers=1
models.architecture.n_decoder_layers=1
seed=0    avg_loss: 0.000007129434  time_per_window : 0.000259   progress : 0.765
name: models.architecture.block_type=attention
training.mode=rollout
models.out_dim=10
models.architecture.n_encoder_layers=1
models.architecture.n_decoder_layers=1
seed=0    avg_loss: 0.000006729062  time_per_window : 0.000233   progress : 0.775
name: models.architecture.block_type=attention
training.mode=rollout
models.out_dim=10
models.architecture.n_encoder_layers=1
models.architecture.n_decoder_layers=1
seed=0    avg_loss: 0.000005568416  time_per_window : 0.000221   progress : 0.786
name: models.architecture.block_type=attention
training.mode=rollout
models.out_dim=10
models.architecture.n_encoder_layers=1
models.architecture.n_decoder_layers=1
seed=0    avg_loss: 0.000007151971  time_per_window : 0.000250   progress : 0.797
name: models.architecture.block_type=attention
training.mode=rollout
models.out_dim=10
models.architecture.n_encoder_layers=1
models.architecture.n_decoder_layers=1
seed=0    avg_loss: 0.000004704546  time_per_window : 0.000216   progress : 0.808
name: models.architecture.block_type=attention
training.mode=rollout
models.out_dim=10
models.architecture.n_encoder_layers=1
models.architecture.n_decoder_layers=1
seed=0    avg_loss: 0.000005558602  time_per_window : 0.000240   progress : 0.819
name: models.architecture.block_type=attention
training.mode=rollout
models.out_dim=10
models.architecture.n_encoder_layers=1
models.architecture.n_decoder_layers=1
seed=0    avg_loss: 0.000006528291  time_per_window : 0.000221   progress : 0.830
name: models.architecture.block_type=attention
training.mode=rollout
models.out_dim=10
models.architecture.n_encoder_layers=1
models.architecture.n_decoder_layers=1
seed=0    avg_loss: 0.000003429352  time_per_window : 0.000250   progress : 0.841
name: models.architecture.block_type=attention
training.mode=rollout
models.out_dim=10
models.architecture.n_encoder_layers=1
models.architecture.n_decoder_layers=1
seed=0    avg_loss: 0.000005357444  time_per_window : 0.000227   progress : 0.852
name: models.architecture.block_type=attention
training.mode=rollout
models.out_dim=10
models.architecture.n_encoder_layers=1
models.architecture.n_decoder_layers=1
seed=0    avg_loss: 0.000008535072  time_per_window : 0.000231   progress : 0.863
name: models.architecture.block_type=attention
training.mode=rollout
models.out_dim=10
models.architecture.n_encoder_layers=1
models.architecture.n_decoder_layers=1
seed=0    avg_loss: 0.000006021621  time_per_window : 0.000223   progress : 0.874
name: models.architecture.block_type=attention
training.mode=rollout
models.out_dim=10
models.architecture.n_encoder_layers=1
models.architecture.n_decoder_layers=1
seed=0    avg_loss: 0.000005767281  time_per_window : 0.000204   progress : 0.885
name: models.architecture.block_type=attention
training.mode=rollout
models.out_dim=10
models.architecture.n_encoder_layers=1
models.architecture.n_decoder_layers=1
seed=0    avg_loss: 0.000003720840  time_per_window : 0.000237   progress : 0.896
name: models.architecture.block_type=attention
training.mode=rollout
models.out_dim=10
models.architecture.n_encoder_layers=1
models.architecture.n_decoder_layers=1
seed=0    avg_loss: 0.000004497107  time_per_window : 0.000227   progress : 0.907
name: models.architecture.block_type=attention
training.mode=rollout
models.out_dim=10
models.architecture.n_encoder_layers=1
models.architecture.n_decoder_layers=1
seed=0    avg_loss: 0.000007281832  time_per_window : 0.000219   progress : 0.917
name: models.architecture.block_type=attention
training.mode=rollout
models.out_dim=10
models.architecture.n_encoder_layers=1
models.architecture.n_decoder_layers=1
seed=0    avg_loss: 0.000005140113  time_per_window : 0.000211   progress : 0.928
name: models.architecture.block_type=attention
training.mode=rollout
models.out_dim=10
models.architecture.n_encoder_layers=1
models.architecture.n_decoder_layers=1
seed=0    avg_loss: 0.000005857667  time_per_window : 0.000278   progress : 0.939
name: models.architecture.block_type=attention
training.mode=rollout
models.out_dim=10
models.architecture.n_encoder_layers=1
models.architecture.n_decoder_layers=1
seed=0    avg_loss: 0.000004473442  time_per_window : 0.000253   progress : 0.950
name: models.architecture.block_type=attention
training.mode=rollout
models.out_dim=10
models.architecture.n_encoder_layers=1
models.architecture.n_decoder_layers=1
seed=0    avg_loss: 0.000005260943  time_per_window : 0.000212   progress : 0.961
name: models.architecture.block_type=attention
training.mode=rollout
models.out_dim=10
models.architecture.n_encoder_layers=1
models.architecture.n_decoder_layers=1
seed=0    avg_loss: 0.000004772893  time_per_window : 0.000227   progress : 0.972
name: models.architecture.block_type=attention
training.mode=rollout
models.out_dim=10
models.architecture.n_encoder_layers=1
models.architecture.n_decoder_layers=1
seed=0    avg_loss: 0.000005119931  time_per_window : 0.000217   progress : 0.983
name: models.architecture.block_type=attention
training.mode=rollout
models.out_dim=10
models.architecture.n_encoder_layers=1
models.architecture.n_decoder_layers=1
seed=0    avg_loss: 0.000004935855  time_per_window : 0.000215   progress : 0.994
name: models.architecture.block_type=attention
training.mode=rollout
models.out_dim=10
models.architecture.n_encoder_layers=1
models.architecture.n_decoder_layers=1
seed=0    avg_loss: 0.000177063019  time_per_window : 0.000226   progress : 0.011
name: models.architecture.block_type=attention
training.mode=rollout
models.out_dim=10
models.architecture.n_encoder_layers=1
models.architecture.n_decoder_layers=1
seed=0    avg_loss: 0.000001854783  time_per_window : 0.000221   progress : 0.022
name: models.architecture.block_type=attention
training.mode=rollout
models.out_dim=10
models.architecture.n_encoder_layers=1
models.architecture.n_decoder_layers=1
seed=0    avg_loss: 0.000001877833  time_per_window : 0.000256   progress : 0.033
name: models.architecture.block_type=attention
training.mode=rollout
models.out_dim=10
models.architecture.n_encoder_layers=1
models.architecture.n_decoder_layers=1
seed=0    avg_loss: 0.000001983579  time_per_window : 0.000231   progress : 0.044
name: models.architecture.block_type=attention
training.mode=rollout
models.out_dim=10
models.architecture.n_encoder_layers=1
models.architecture.n_decoder_layers=1
seed=0    avg_loss: 0.000001995976  time_per_window : 0.000203   progress : 0.055
name: models.architecture.block_type=attention
training.mode=rollout
models.out_dim=10
models.architecture.n_encoder_layers=1
models.architecture.n_decoder_layers=1
seed=0    avg_loss: 0.000002176424  time_per_window : 0.000232   progress : 0.066
name: models.architecture.block_type=attention
training.mode=rollout
models.out_dim=10
models.architecture.n_encoder_layers=1
models.architecture.n_decoder_layers=1
seed=0    avg_loss: 0.000002148003  time_per_window : 0.000250   progress : 0.076
name: models.architecture.block_type=attention
training.mode=rollout
models.out_dim=10
models.architecture.n_encoder_layers=1
models.architecture.n_decoder_layers=1
seed=0    avg_loss: 0.000002786920  time_per_window : 0.000223   progress : 0.087
name: models.architecture.block_type=attention
training.mode=rollout
models.out_dim=10
models.architecture.n_encoder_layers=1
models.architecture.n_decoder_layers=1
seed=0    avg_loss: 0.000002609033  time_per_window : 0.000238   progress : 0.098
name: models.architecture.block_type=attention
training.mode=rollout
models.out_dim=10
models.architecture.n_encoder_layers=1
models.architecture.n_decoder_layers=1
seed=0    avg_loss: 0.000003324947  time_per_window : 0.000239   progress : 0.109
name: models.architecture.block_type=attention
training.mode=rollout
models.out_dim=10
models.architecture.n_encoder_layers=1
models.architecture.n_decoder_layers=1
seed=1    avg_loss: 0.000006675659  time_per_window : 0.000245   progress : 0.743
name: models.architecture.block_type=attention
training.mode=rollout
models.out_dim=10
models.architecture.n_encoder_layers=1
models.architecture.n_decoder_layers=1
seed=1    avg_loss: 0.000005870859  time_per_window : 0.000241   progress : 0.754
name: models.architecture.block_type=attention
training.mode=rollout
models.out_dim=10
models.architecture.n_encoder_layers=1
models.architecture.n_decoder_layers=1
seed=1    avg_loss: 0.000007702169  time_per_window : 0.000230   progress : 0.765
name: models.architecture.block_type=attention
training.mode=rollout
models.out_dim=10
models.architecture.n_encoder_layers=1
models.architecture.n_decoder_layers=1
seed=1    avg_loss: 0.000006339876  time_per_window : 0.000226   progress : 0.775
name: models.architecture.block_type=attention
training.mode=rollout
models.out_dim=10
models.architecture.n_encoder_layers=1
models.architecture.n_decoder_layers=1
seed=1    avg_loss: 0.000007748485  time_per_window : 0.000224   progress : 0.786
name: models.architecture.block_type=attention
training.mode=rollout
models.out_dim=10
models.architecture.n_encoder_layers=1
models.architecture.n_decoder_layers=1
seed=1    avg_loss: 0.000005634452  time_per_window : 0.000233   progress : 0.797
name: models.architecture.block_type=attention
training.mode=rollout
models.out_dim=10
models.architecture.n_encoder_layers=1
models.architecture.n_decoder_layers=1
seed=1    avg_loss: 0.000003980452  time_per_window : 0.000259   progress : 0.808
name: models.architecture.block_type=attention
training.mode=rollout
models.out_dim=10
models.architecture.n_encoder_layers=1
models.architecture.n_decoder_layers=1
seed=1    avg_loss: 0.000006166612  time_per_window : 0.000209   progress : 0.819
name: models.architecture.block_type=attention
training.mode=rollout
models.out_dim=10
models.architecture.n_encoder_layers=1
models.architecture.n_decoder_layers=1
seed=1    avg_loss: 0.000005684858  time_per_window : 0.000284   progress : 0.830
name: models.architecture.block_type=attention
training.mode=rollout
models.out_dim=10
models.architecture.n_encoder_layers=1
models.architecture.n_decoder_layers=1
seed=1    avg_loss: 0.000003996480  time_per_window : 0.000231   progress : 0.841
name: models.architecture.block_type=attention
training.mode=rollout
models.out_dim=10
models.architecture.n_encoder_layers=1
models.architecture.n_decoder_layers=1
seed=1    avg_loss: 0.000008909639  time_per_window : 0.000226   progress : 0.852
name: models.architecture.block_type=attention
training.mode=rollout
models.out_dim=10
models.architecture.n_encoder_layers=1
models.architecture.n_decoder_layers=1
seed=1    avg_loss: 0.000005924059  time_per_window : 0.000247   progress : 0.863
name: models.architecture.block_type=attention
training.mode=rollout
models.out_dim=10
models.architecture.n_encoder_layers=1
models.architecture.n_decoder_layers=1
seed=1    avg_loss: 0.000005712973  time_per_window : 0.000222   progress : 0.874
name: models.architecture.block_type=attention
training.mode=rollout
models.out_dim=10
models.architecture.n_encoder_layers=1
models.architecture.n_decoder_layers=1
seed=1    avg_loss: 0.000003817970  time_per_window : 0.000217   progress : 0.885
name: models.architecture.block_type=attention
training.mode=rollout
models.out_dim=10
models.architecture.n_encoder_layers=1
models.architecture.n_decoder_layers=1
seed=1    avg_loss: 0.000004991704  time_per_window : 0.000214   progress : 0.896
name: models.architecture.block_type=attention
training.mode=rollout
models.out_dim=10
models.architecture.n_encoder_layers=1
models.architecture.n_decoder_layers=1
seed=1    avg_loss: 0.000004876586  time_per_window : 0.000232   progress : 0.907
name: models.architecture.block_type=attention
training.mode=rollout
models.out_dim=10
models.architecture.n_encoder_layers=1
models.architecture.n_decoder_layers=1
seed=1    avg_loss: 0.000005916021  time_per_window : 0.000240   progress : 0.917
name: models.architecture.block_type=attention
training.mode=rollout
models.out_dim=10
models.architecture.n_encoder_layers=1
models.architecture.n_decoder_layers=1
seed=1    avg_loss: 0.000005977444  time_per_window : 0.000235   progress : 0.928
name: models.architecture.block_type=attention
training.mode=rollout
models.out_dim=10
models.architecture.n_encoder_layers=1
models.architecture.n_decoder_layers=1
seed=1    avg_loss: 0.000005043879  time_per_window : 0.000218   progress : 0.939
name: models.architecture.block_type=attention
training.mode=rollout
models.out_dim=10
models.architecture.n_encoder_layers=1
models.architecture.n_decoder_layers=1
seed=1    avg_loss: 0.000004611459  time_per_window : 0.000251   progress : 0.950
name: models.architecture.block_type=attention
training.mode=rollout
models.out_dim=10
models.architecture.n_encoder_layers=1
models.architecture.n_decoder_layers=1
seed=1    avg_loss: 0.000006154077  time_per_window : 0.000217   progress : 0.961
name: models.architecture.block_type=attention
training.mode=rollout
models.out_dim=10
models.architecture.n_encoder_layers=1
models.architecture.n_decoder_layers=1
seed=1    avg_loss: 0.000003819463  time_per_window : 0.000268   progress : 0.972
name: models.architecture.block_type=attention
training.mode=rollout
models.out_dim=10
models.architecture.n_encoder_layers=1
models.architecture.n_decoder_layers=1
seed=1    avg_loss: 0.000005334718  time_per_window : 0.000226   progress : 0.983
name: models.architecture.block_type=attention
training.mode=rollout
models.out_dim=10
models.architecture.n_encoder_layers=1
models.architecture.n_decoder_layers=1
seed=1    avg_loss: 0.000004855663  time_per_window : 0.000231   progress : 0.994
name: models.architecture.block_type=attention
training.mode=rollout
models.out_dim=10
models.architecture.n_encoder_layers=1
models.architecture.n_decoder_layers=1
seed=1    avg_loss: 0.000184050790  time_per_window : 0.000210   progress : 0.011
name: models.architecture.block_type=attention
training.mode=rollout
models.out_dim=10
models.architecture.n_encoder_layers=1
models.architecture.n_decoder_layers=1
seed=1    avg_loss: 0.000001799215  time_per_window : 0.000227   progress : 0.022
name: models.architecture.block_type=attention
training.mode=rollout
models.out_dim=10
models.architecture.n_encoder_layers=1
models.architecture.n_decoder_layers=1
seed=1    avg_loss: 0.000001900238  time_per_window : 0.000253   progress : 0.033
name: models.architecture.block_type=attention
training.mode=rollout
models.out_dim=10
models.architecture.n_encoder_layers=1
models.architecture.n_decoder_layers=1
seed=1    avg_loss: 0.000002022391  time_per_window : 0.000238   progress : 0.044
name: models.architecture.block_type=attention
training.mode=rollout
models.out_dim=10
models.architecture.n_encoder_layers=1
models.architecture.n_decoder_layers=1
seed=1    avg_loss: 0.000001867089  time_per_window : 0.000220   progress : 0.055
name: models.architecture.block_type=attention
training.mode=rollout
models.out_dim=10
models.architecture.n_encoder_layers=1
models.architecture.n_decoder_layers=1
seed=1    avg_loss: 0.000002847405  time_per_window : 0.000244   progress : 0.066
name: models.architecture.block_type=attention
training.mode=rollout
models.out_dim=10
models.architecture.n_encoder_layers=1
models.architecture.n_decoder_layers=1
seed=1    avg_loss: 0.000003061192  time_per_window : 0.000210   progress : 0.076
name: models.architecture.block_type=attention
training.mode=rollout
models.out_dim=10
models.architecture.n_encoder_layers=1
models.architecture.n_decoder_layers=1
seed=1    avg_loss: 0.000002890370  time_per_window : 0.000230   progress : 0.087
name: models.architecture.block_type=attention
training.mode=rollout
models.out_dim=10
models.architecture.n_encoder_layers=1
models.architecture.n_decoder_layers=1
seed=1    avg_loss: 0.000002577352  time_per_window : 0.000219   progress : 0.098
name: models.architecture.block_type=attention
training.mode=rollout
models.out_dim=10
models.architecture.n_encoder_layers=1
models.architecture.n_decoder_layers=1
seed=1    avg_loss: 0.000002969567  time_per_window : 0.000235   progress : 0.109
name: models.architecture.block_type=attention
training.mode=rollout
models.out_dim=10
models.architecture.n_encoder_layers=1
models.architecture.n_decoder_layers=1
seed=2    avg_loss: 0.000005998214  time_per_window : 0.000231   progress : 0.743
name: models.architecture.block_type=attention
training.mode=rollout
models.out_dim=10
models.architecture.n_encoder_layers=1
models.architecture.n_decoder_layers=1
seed=2    avg_loss: 0.000003773936  time_per_window : 0.000234   progress : 0.754
name: models.architecture.block_type=attention
training.mode=rollout
models.out_dim=10
models.architecture.n_encoder_layers=1
models.architecture.n_decoder_layers=1
seed=2    avg_loss: 0.000004846780  time_per_window : 0.000260   progress : 0.765
name: models.architecture.block_type=attention
training.mode=rollout
models.out_dim=10
models.architecture.n_encoder_layers=1
models.architecture.n_decoder_layers=1
seed=2    avg_loss: 0.000003717342  time_per_window : 0.000246   progress : 0.775
name: models.architecture.block_type=attention
training.mode=rollout
models.out_dim=10
models.architecture.n_encoder_layers=1
models.architecture.n_decoder_layers=1
seed=2    avg_loss: 0.000005866490  time_per_window : 0.000227   progress : 0.786
name: models.architecture.block_type=attention
training.mode=rollout
models.out_dim=10
models.architecture.n_encoder_layers=1
models.architecture.n_decoder_layers=1
seed=2    avg_loss: 0.000004127738  time_per_window : 0.000229   progress : 0.797
name: models.architecture.block_type=attention
training.mode=rollout
models.out_dim=10
models.architecture.n_encoder_layers=1
models.architecture.n_decoder_layers=1
seed=2    avg_loss: 0.000003720483  time_per_window : 0.000251   progress : 0.808
name: models.architecture.block_type=attention
training.mode=rollout
models.out_dim=10
models.architecture.n_encoder_layers=1
models.architecture.n_decoder_layers=1
seed=2    avg_loss: 0.000007187753  time_per_window : 0.000252   progress : 0.819
name: models.architecture.block_type=attention
training.mode=rollout
models.out_dim=10
models.architecture.n_encoder_layers=1
models.architecture.n_decoder_layers=1
seed=2    avg_loss: 0.000003218233  time_per_window : 0.000240   progress : 0.830
name: models.architecture.block_type=attention
training.mode=rollout
models.out_dim=10
models.architecture.n_encoder_layers=1
models.architecture.n_decoder_layers=1
seed=2    avg_loss: 0.000003467811  time_per_window : 0.000218   progress : 0.841
name: models.architecture.block_type=attention
training.mode=rollout
models.out_dim=10
models.architecture.n_encoder_layers=1
models.architecture.n_decoder_layers=1
seed=2    avg_loss: 0.000005244726  time_per_window : 0.000216   progress : 0.852
name: models.architecture.block_type=attention
training.mode=rollout
models.out_dim=10
models.architecture.n_encoder_layers=1
models.architecture.n_decoder_layers=1
seed=2    avg_loss: 0.000003969864  time_per_window : 0.000209   progress : 0.863
name: models.architecture.block_type=attention
training.mode=rollout
models.out_dim=10
models.architecture.n_encoder_layers=1
models.architecture.n_decoder_layers=1
seed=2    avg_loss: 0.000004565047  time_per_window : 0.000236   progress : 0.874
name: models.architecture.block_type=attention
training.mode=rollout
models.out_dim=10
models.architecture.n_encoder_layers=1
models.architecture.n_decoder_layers=1
seed=2    avg_loss: 0.000004459210  time_per_window : 0.000218   progress : 0.885
name: models.architecture.block_type=attention
training.mode=rollout
models.out_dim=10
models.architecture.n_encoder_layers=1
models.architecture.n_decoder_layers=1
seed=2    avg_loss: 0.000002624745  time_per_window : 0.000242   progress : 0.896
name: models.architecture.block_type=attention
training.mode=rollout
models.out_dim=10
models.architecture.n_encoder_layers=1
models.architecture.n_decoder_layers=1
seed=2    avg_loss: 0.000004571656  time_per_window : 0.000221   progress : 0.907
name: models.architecture.block_type=attention
training.mode=rollout
models.out_dim=10
models.architecture.n_encoder_layers=1
models.architecture.n_decoder_layers=1
seed=2    avg_loss: 0.000005410781  time_per_window : 0.000210   progress : 0.917
name: models.architecture.block_type=attention
training.mode=rollout
models.out_dim=10
models.architecture.n_encoder_layers=1
models.architecture.n_decoder_layers=1
seed=2    avg_loss: 0.000002747605  time_per_window : 0.000261   progress : 0.928
name: models.architecture.block_type=attention
training.mode=rollout
models.out_dim=10
models.architecture.n_encoder_layers=1
models.architecture.n_decoder_layers=1
seed=2    avg_loss: 0.000004568457  time_per_window : 0.000225   progress : 0.939
name: models.architecture.block_type=attention
training.mode=rollout
models.out_dim=10
models.architecture.n_encoder_layers=1
models.architecture.n_decoder_layers=1
seed=2    avg_loss: 0.000003627872  time_per_window : 0.000223   progress : 0.950
name: models.architecture.block_type=attention
training.mode=rollout
models.out_dim=10
models.architecture.n_encoder_layers=1
models.architecture.n_decoder_layers=1
seed=2    avg_loss: 0.000004196410  time_per_window : 0.000229   progress : 0.961
name: models.architecture.block_type=attention
training.mode=rollout
models.out_dim=10
models.architecture.n_encoder_layers=1
models.architecture.n_decoder_layers=1
seed=2    avg_loss: 0.000003483125  time_per_window : 0.000245   progress : 0.972
name: models.architecture.block_type=attention
training.mode=rollout
models.out_dim=10
models.architecture.n_encoder_layers=1
models.architecture.n_decoder_layers=1
seed=2    avg_loss: 0.000003643182  time_per_window : 0.000217   progress : 0.983
name: models.architecture.block_type=attention
training.mode=rollout
models.out_dim=10
models.architecture.n_encoder_layers=1
models.architecture.n_decoder_layers=1
seed=2    avg_loss: 0.000005211611  time_per_window : 0.000225   progress : 0.994
name: models.architecture.block_type=attention
training.mode=rollout
models.out_dim=10
models.architecture.n_encoder_layers=1
models.architecture.n_decoder_layers=1
seed=2    avg_loss: 0.000117101219  time_per_window : 0.000222   progress : 0.011
name: models.architecture.block_type=attention
training.mode=rollout
models.out_dim=10
models.architecture.n_encoder_layers=1
models.architecture.n_decoder_layers=1
seed=2    avg_loss: 0.000002273204  time_per_window : 0.000235   progress : 0.022
name: models.architecture.block_type=attention
training.mode=rollout
models.out_dim=10
models.architecture.n_encoder_layers=1
models.architecture.n_decoder_layers=1
seed=2    avg_loss: 0.000001944871  time_per_window : 0.000212   progress : 0.033
name: models.architecture.block_type=attention
training.mode=rollout
models.out_dim=10
models.architecture.n_encoder_layers=1
models.architecture.n_decoder_layers=1
seed=2    avg_loss: 0.000001758140  time_per_window : 0.000251   progress : 0.044
name: models.architecture.block_type=attention
training.mode=rollout
models.out_dim=10
models.architecture.n_encoder_layers=1
models.architecture.n_decoder_layers=1
seed=2    avg_loss: 0.000002073730  time_per_window : 0.000223   progress : 0.055
name: models.architecture.block_type=attention
training.mode=rollout
models.out_dim=10
models.architecture.n_encoder_layers=1
models.architecture.n_decoder_layers=1
seed=2    avg_loss: 0.000002128776  time_per_window : 0.000234   progress : 0.066
name: models.architecture.block_type=attention
training.mode=rollout
models.out_dim=10
models.architecture.n_encoder_layers=1
models.architecture.n_decoder_layers=1
seed=2    avg_loss: 0.000003101508  time_per_window : 0.000228   progress : 0.076
name: models.architecture.block_type=attention
training.mode=rollout
models.out_dim=10
models.architecture.n_encoder_layers=1
models.architecture.n_decoder_layers=1
seed=2    avg_loss: 0.000002414064  time_per_window : 0.000234   progress : 0.087
name: models.architecture.block_type=attention
training.mode=rollout
models.out_dim=10
models.architecture.n_encoder_layers=1
models.architecture.n_decoder_layers=1
seed=2    avg_loss: 0.000002286337  time_per_window : 0.000214   progress : 0.098
name: models.architecture.block_type=attention
training.mode=rollout
models.out_dim=10
models.architecture.n_encoder_layers=1
models.architecture.n_decoder_layers=1
seed=2    avg_loss: 0.000002999500  time_per_window : 0.000233   progress : 0.109
name: models.architecture.block_type=attention
training.mode=rollout
models.out_dim=10
models.architecture.n_encoder_layers=1
models.architecture.n_decoder_layers=1
seed=4    avg_loss: 0.000006511633  time_per_window : 0.000227   progress : 0.743
name: models.architecture.block_type=attention
training.mode=rollout
models.out_dim=10
models.architecture.n_encoder_layers=1
models.architecture.n_decoder_layers=1
seed=4    avg_loss: 0.000007012927  time_per_window : 0.000238   progress : 0.754
name: models.architecture.block_type=attention
training.mode=rollout
models.out_dim=10
models.architecture.n_encoder_layers=1
models.architecture.n_decoder_layers=1
seed=4    avg_loss: 0.000007537433  time_per_window : 0.000227   progress : 0.765
name: models.architecture.block_type=attention
training.mode=rollout
models.out_dim=10
models.architecture.n_encoder_layers=1
models.architecture.n_decoder_layers=1
seed=4    avg_loss: 0.000005974522  time_per_window : 0.000226   progress : 0.775
name: models.architecture.block_type=attention
training.mode=rollout
models.out_dim=10
models.architecture.n_encoder_layers=1
models.architecture.n_decoder_layers=1
seed=4    avg_loss: 0.000006259364  time_per_window : 0.000231   progress : 0.786
name: models.architecture.block_type=attention
training.mode=rollout
models.out_dim=10
models.architecture.n_encoder_layers=1
models.architecture.n_decoder_layers=1
seed=4    avg_loss: 0.000006796457  time_per_window : 0.000219   progress : 0.797
name: models.architecture.block_type=attention
training.mode=rollout
models.out_dim=10
models.architecture.n_encoder_layers=1
models.architecture.n_decoder_layers=1
seed=4    avg_loss: 0.000006076198  time_per_window : 0.000225   progress : 0.808
name: models.architecture.block_type=attention
training.mode=rollout
models.out_dim=10
models.architecture.n_encoder_layers=1
models.architecture.n_decoder_layers=1
seed=4    avg_loss: 0.000005202068  time_per_window : 0.000230   progress : 0.819
name: models.architecture.block_type=attention
training.mode=rollout
models.out_dim=10
models.architecture.n_encoder_layers=1
models.architecture.n_decoder_layers=1
seed=4    avg_loss: 0.000008677333  time_per_window : 0.000261   progress : 0.830
name: models.architecture.block_type=attention
training.mode=rollout
models.out_dim=10
models.architecture.n_encoder_layers=1
models.architecture.n_decoder_layers=1
seed=4    avg_loss: 0.000004563358  time_per_window : 0.000210   progress : 0.841
name: models.architecture.block_type=attention
training.mode=rollout
models.out_dim=10
models.architecture.n_encoder_layers=1
models.architecture.n_decoder_layers=1
seed=4    avg_loss: 0.000005658829  time_per_window : 0.000219   progress : 0.852
name: models.architecture.block_type=attention
training.mode=rollout
models.out_dim=10
models.architecture.n_encoder_layers=1
models.architecture.n_decoder_layers=1
seed=4    avg_loss: 0.000005468048  time_per_window : 0.000213   progress : 0.863
name: models.architecture.block_type=attention
training.mode=rollout
models.out_dim=10
models.architecture.n_encoder_layers=1
models.architecture.n_decoder_layers=1
seed=4    avg_loss: 0.000004697318  time_per_window : 0.000223   progress : 0.874
name: models.architecture.block_type=attention
training.mode=rollout
models.out_dim=10
models.architecture.n_encoder_layers=1
models.architecture.n_decoder_layers=1
seed=4    avg_loss: 0.000007978812  time_per_window : 0.000257   progress : 0.885
name: models.architecture.block_type=attention
training.mode=rollout
models.out_dim=10
models.architecture.n_encoder_layers=1
models.architecture.n_decoder_layers=1
seed=4    avg_loss: 0.000005061715  time_per_window : 0.000229   progress : 0.896
name: models.architecture.block_type=attention
training.mode=rollout
models.out_dim=10
models.architecture.n_encoder_layers=1
models.architecture.n_decoder_layers=1
seed=4    avg_loss: 0.000005294785  time_per_window : 0.000223   progress : 0.907
name: models.architecture.block_type=attention
training.mode=rollout
models.out_dim=10
models.architecture.n_encoder_layers=1
models.architecture.n_decoder_layers=1
seed=4    avg_loss: 0.000006996467  time_per_window : 0.000224   progress : 0.917
name: models.architecture.block_type=attention
training.mode=rollout
models.out_dim=10
models.architecture.n_encoder_layers=1
models.architecture.n_decoder_layers=1
seed=4    avg_loss: 0.000004828996  time_per_window : 0.000205   progress : 0.928
name: models.architecture.block_type=attention
training.mode=rollout
models.out_dim=10
models.architecture.n_encoder_layers=1
models.architecture.n_decoder_layers=1
seed=4    avg_loss: 0.000004935369  time_per_window : 0.000230   progress : 0.939
name: models.architecture.block_type=attention
training.mode=rollout
models.out_dim=10
models.architecture.n_encoder_layers=1
models.architecture.n_decoder_layers=1
seed=4    avg_loss: 0.000008443656  time_per_window : 0.000221   progress : 0.950
name: models.architecture.block_type=attention
training.mode=rollout
models.out_dim=10
models.architecture.n_encoder_layers=1
models.architecture.n_decoder_layers=1
seed=4    avg_loss: 0.000003473765  time_per_window : 0.000228   progress : 0.961
name: models.architecture.block_type=attention
training.mode=rollout
models.out_dim=10
models.architecture.n_encoder_layers=1
models.architecture.n_decoder_layers=1
seed=4    avg_loss: 0.000004791512  time_per_window : 0.000241   progress : 0.972
name: models.architecture.block_type=attention
training.mode=rollout
models.out_dim=10
models.architecture.n_encoder_layers=1
models.architecture.n_decoder_layers=1
seed=4    avg_loss: 0.000005600333  time_per_window : 0.000239   progress : 0.983
name: models.architecture.block_type=attention
training.mode=rollout
models.out_dim=10
models.architecture.n_encoder_layers=1
models.architecture.n_decoder_layers=1
seed=4    avg_loss: 0.000005106751  time_per_window : 0.000249   progress : 0.994
name: models.architecture.block_type=attention
training.mode=rollout
models.out_dim=10
models.architecture.n_encoder_layers=1
models.architecture.n_decoder_layers=1
seed=4    avg_loss: 0.000149393862  time_per_window : 0.000214   progress : 0.011
name: models.architecture.block_type=attention
training.mode=rollout
models.out_dim=10
models.architecture.n_encoder_layers=1
models.architecture.n_decoder_layers=1
seed=4    avg_loss: 0.000002440836  time_per_window : 0.000229   progress : 0.022
name: models.architecture.block_type=attention
training.mode=rollout
models.out_dim=10
models.architecture.n_encoder_layers=1
models.architecture.n_decoder_layers=1
seed=4    avg_loss: 0.000002633726  time_per_window : 0.000217   progress : 0.033
name: models.architecture.block_type=attention
training.mode=rollout
models.out_dim=10
models.architecture.n_encoder_layers=1
models.architecture.n_decoder_layers=1
seed=4    avg_loss: 0.000002379742  time_per_window : 0.000230   progress : 0.044
name: models.architecture.block_type=attention
training.mode=rollout
models.out_dim=10
models.architecture.n_encoder_layers=1
models.architecture.n_decoder_layers=1
seed=4    avg_loss: 0.000002300684  time_per_window : 0.000217   progress : 0.055
name: models.architecture.block_type=attention
training.mode=rollout
models.out_dim=10
models.architecture.n_encoder_layers=1
models.architecture.n_decoder_layers=1
seed=4    avg_loss: 0.000002751696  time_per_window : 0.000260   progress : 0.066
name: models.architecture.block_type=attention
training.mode=rollout
models.out_dim=10
models.architecture.n_encoder_layers=1
models.architecture.n_decoder_layers=1
seed=4    avg_loss: 0.000002704264  time_per_window : 0.000250   progress : 0.076
name: models.architecture.block_type=attention
training.mode=rollout
models.out_dim=10
models.architecture.n_encoder_layers=1
models.architecture.n_decoder_layers=1
seed=4    avg_loss: 0.000003669149  time_per_window : 0.000237   progress : 0.087
name: models.architecture.block_type=attention
training.mode=rollout
models.out_dim=10
models.architecture.n_encoder_layers=1
models.architecture.n_decoder_layers=1
seed=4    avg_loss: 0.000004451046  time_per_window : 0.000227   progress : 0.098
name: models.architecture.block_type=attention
training.mode=rollout
models.out_dim=10
models.architecture.n_encoder_layers=1
models.architecture.n_decoder_layers=1
seed=4    avg_loss: 0.000004444923  time_per_window : 0.000219   progress : 0.109
name: models.architecture.block_type=attention
training.mode=rollout
models.out_dim=10
models.architecture.n_encoder_layers=1
models.architecture.n_decoder_layers=1
seed=3    avg_loss: 0.000004709070  time_per_window : 0.000223   progress : 0.743
name: models.architecture.block_type=attention
training.mode=rollout
models.out_dim=10
models.architecture.n_encoder_layers=1
models.architecture.n_decoder_layers=1
seed=3    avg_loss: 0.000005685076  time_per_window : 0.000241   progress : 0.754
name: models.architecture.block_type=attention
training.mode=rollout
models.out_dim=10
models.architecture.n_encoder_layers=1
models.architecture.n_decoder_layers=1
seed=3    avg_loss: 0.000008155896  time_per_window : 0.000213   progress : 0.765
name: models.architecture.block_type=attention
training.mode=rollout
models.out_dim=10
models.architecture.n_encoder_layers=1
models.architecture.n_decoder_layers=1
seed=3    avg_loss: 0.000005143742  time_per_window : 0.000204   progress : 0.775
name: models.architecture.block_type=attention
training.mode=rollout
models.out_dim=10
models.architecture.n_encoder_layers=1
models.architecture.n_decoder_layers=1
seed=3    avg_loss: 0.000007165560  time_per_window : 0.000265   progress : 0.786
name: models.architecture.block_type=attention
training.mode=rollout
models.out_dim=10
models.architecture.n_encoder_layers=1
models.architecture.n_decoder_layers=1
seed=3    avg_loss: 0.000004680582  time_per_window : 0.000206   progress : 0.797
name: models.architecture.block_type=attention
training.mode=rollout
models.out_dim=10
models.architecture.n_encoder_layers=1
models.architecture.n_decoder_layers=1
seed=3    avg_loss: 0.000004920319  time_per_window : 0.000228   progress : 0.808
name: models.architecture.block_type=attention
training.mode=rollout
models.out_dim=10
models.architecture.n_encoder_layers=1
models.architecture.n_decoder_layers=1
seed=3    avg_loss: 0.000005942767  time_per_window : 0.000220   progress : 0.819
name: models.architecture.block_type=attention
training.mode=rollout
models.out_dim=10
models.architecture.n_encoder_layers=1
models.architecture.n_decoder_layers=1
seed=3    avg_loss: 0.000006631190  time_per_window : 0.000224   progress : 0.830
name: models.architecture.block_type=attention
training.mode=rollout
models.out_dim=10
models.architecture.n_encoder_layers=1
models.architecture.n_decoder_layers=1
seed=3    avg_loss: 0.000006086321  time_per_window : 0.000234   progress : 0.841
name: models.architecture.block_type=attention
training.mode=rollout
models.out_dim=10
models.architecture.n_encoder_layers=1
models.architecture.n_decoder_layers=1
seed=3    avg_loss: 0.000004951266  time_per_window : 0.000224   progress : 0.852
name: models.architecture.block_type=attention
training.mode=rollout
models.out_dim=10
models.architecture.n_encoder_layers=1
models.architecture.n_decoder_layers=1
seed=3    avg_loss: 0.000005572833  time_per_window : 0.000220   progress : 0.863
name: models.architecture.block_type=attention
training.mode=rollout
models.out_dim=10
models.architecture.n_encoder_layers=1
models.architecture.n_decoder_layers=1
seed=3    avg_loss: 0.000005181741  time_per_window : 0.000234   progress : 0.874
name: models.architecture.block_type=attention
training.mode=rollout
models.out_dim=10
models.architecture.n_encoder_layers=1
models.architecture.n_decoder_layers=1
seed=3    avg_loss: 0.000007371676  time_per_window : 0.000271   progress : 0.885
name: models.architecture.block_type=attention
training.mode=rollout
models.out_dim=10
models.architecture.n_encoder_layers=1
models.architecture.n_decoder_layers=1
seed=3    avg_loss: 0.000003186971  time_per_window : 0.000222   progress : 0.896
name: models.architecture.block_type=attention
training.mode=rollout
models.out_dim=10
models.architecture.n_encoder_layers=1
models.architecture.n_decoder_layers=1
seed=3    avg_loss: 0.000006461161  time_per_window : 0.000256   progress : 0.907
name: models.architecture.block_type=attention
training.mode=rollout
models.out_dim=10
models.architecture.n_encoder_layers=1
models.architecture.n_decoder_layers=1
seed=3    avg_loss: 0.000005114698  time_per_window : 0.000251   progress : 0.917
name: models.architecture.block_type=attention
training.mode=rollout
models.out_dim=10
models.architecture.n_encoder_layers=1
models.architecture.n_decoder_layers=1
seed=3    avg_loss: 0.000004689834  time_per_window : 0.000256   progress : 0.928
name: models.architecture.block_type=attention
training.mode=rollout
models.out_dim=10
models.architecture.n_encoder_layers=1
models.architecture.n_decoder_layers=1
seed=3    avg_loss: 0.000005699349  time_per_window : 0.000247   progress : 0.939
name: models.architecture.block_type=attention
training.mode=rollout
models.out_dim=10
models.architecture.n_encoder_layers=1
models.architecture.n_decoder_layers=1
seed=3    avg_loss: 0.000004361504  time_per_window : 0.000205   progress : 0.950
name: models.architecture.block_type=attention
training.mode=rollout
models.out_dim=10
models.architecture.n_encoder_layers=1
models.architecture.n_decoder_layers=1
seed=3    avg_loss: 0.000006119663  time_per_window : 0.000230   progress : 0.961
name: models.architecture.block_type=attention
training.mode=rollout
models.out_dim=10
models.architecture.n_encoder_layers=1
models.architecture.n_decoder_layers=1
seed=3    avg_loss: 0.000004562727  time_per_window : 0.000246   progress : 0.972
name: models.architecture.block_type=attention
training.mode=rollout
models.out_dim=10
models.architecture.n_encoder_layers=1
models.architecture.n_decoder_layers=1
seed=3    avg_loss: 0.000005015996  time_per_window : 0.000226   progress : 0.983
name: models.architecture.block_type=attention
training.mode=rollout
models.out_dim=10
models.architecture.n_encoder_layers=1
models.architecture.n_decoder_layers=1
seed=3    avg_loss: 0.000004762864  time_per_window : 0.000248   progress : 0.994
name: models.architecture.block_type=attention
training.mode=rollout
models.out_dim=10
models.architecture.n_encoder_layers=1
models.architecture.n_decoder_layers=1
seed=3    avg_loss: 0.000166258964  time_per_window : 0.000256   progress : 0.011
name: models.architecture.block_type=attention
training.mode=rollout
models.out_dim=10
models.architecture.n_encoder_layers=1
models.architecture.n_decoder_layers=1
seed=3    avg_loss: 0.000001969246  time_per_window : 0.000267   progress : 0.022
name: models.architecture.block_type=attention
training.mode=rollout
models.out_dim=10
models.architecture.n_encoder_layers=1
models.architecture.n_decoder_layers=1
seed=3    avg_loss: 0.000002240690  time_per_window : 0.000214   progress : 0.033
name: models.architecture.block_type=attention
training.mode=rollout
models.out_dim=10
models.architecture.n_encoder_layers=1
models.architecture.n_decoder_layers=1
seed=3    avg_loss: 0.000002561227  time_per_window : 0.000247   progress : 0.044
name: models.architecture.block_type=attention
training.mode=rollout
models.out_dim=10
models.architecture.n_encoder_layers=1
models.architecture.n_decoder_layers=1
seed=3    avg_loss: 0.000001933964  time_per_window : 0.000219   progress : 0.055
name: models.architecture.block_type=attention
training.mode=rollout
models.out_dim=10
models.architecture.n_encoder_layers=1
models.architecture.n_decoder_layers=1
seed=3    avg_loss: 0.000003396031  time_per_window : 0.000212   progress : 0.066
name: models.architecture.block_type=attention
training.mode=rollout
models.out_dim=10
models.architecture.n_encoder_layers=1
models.architecture.n_decoder_layers=1
seed=3    avg_loss: 0.000003097756  time_per_window : 0.000208   progress : 0.076
name: models.architecture.block_type=attention
training.mode=rollout
models.out_dim=10
models.architecture.n_encoder_layers=1
models.architecture.n_decoder_layers=1
seed=3    avg_loss: 0.000002167887  time_per_window : 0.000228   progress : 0.087
name: models.architecture.block_type=attention
training.mode=rollout
models.out_dim=10
models.architecture.n_encoder_layers=1
models.architecture.n_decoder_layers=1
seed=3    avg_loss: 0.000003743116  time_per_window : 0.000258   progress : 0.098
name: models.architecture.block_type=attention
training.mode=rollout
models.out_dim=10
models.architecture.n_encoder_layers=1
models.architecture.n_decoder_layers=1
seed=3    avg_loss: 0.000003352168  time_per_window : 0.000241   progress : 0.109
name: models.architecture.block_type=attention
training.mode=rollout
models.out_dim=10
models.architecture.n_encoder_layers=1
models.architecture.n_decoder_layers=1
seed=0    avg_loss: 0.000003799454  time_per_window : 0.000218   progress : 0.120
name: models.architecture.block_type=attention
training.mode=rollout
models.out_dim=10
models.architecture.n_encoder_layers=1
models.architecture.n_decoder_layers=1
seed=0    avg_loss: 0.000003474518  time_per_window : 0.000216   progress : 0.131
name: models.architecture.block_type=attention
training.mode=rollout
models.out_dim=10
models.architecture.n_encoder_layers=1
models.architecture.n_decoder_layers=1
seed=0    avg_loss: 0.000003721106  time_per_window : 0.000235   progress : 0.142
name: models.architecture.block_type=attention
training.mode=rollout
models.out_dim=10
models.architecture.n_encoder_layers=1
models.architecture.n_decoder_layers=1
seed=0    avg_loss: 0.000005005583  time_per_window : 0.000206   progress : 0.153
name: models.architecture.block_type=attention
training.mode=rollout
models.out_dim=10
models.architecture.n_encoder_layers=1
models.architecture.n_decoder_layers=1
seed=0    avg_loss: 0.000003729013  time_per_window : 0.000229   progress : 0.164
name: models.architecture.block_type=attention
training.mode=rollout
models.out_dim=10
models.architecture.n_encoder_layers=1
models.architecture.n_decoder_layers=1
seed=0    avg_loss: 0.000004776571  time_per_window : 0.000254   progress : 0.175
name: models.architecture.block_type=attention
training.mode=rollout
models.out_dim=10
models.architecture.n_encoder_layers=1
models.architecture.n_decoder_layers=1
seed=0    avg_loss: 0.000003976029  time_per_window : 0.000214   progress : 0.186
name: models.architecture.block_type=attention
training.mode=rollout
models.out_dim=10
models.architecture.n_encoder_layers=1
models.architecture.n_decoder_layers=1
seed=0    avg_loss: 0.000005162848  time_per_window : 0.000218   progress : 0.197
name: models.architecture.block_type=attention
training.mode=rollout
models.out_dim=10
models.architecture.n_encoder_layers=1
models.architecture.n_decoder_layers=1
seed=0    avg_loss: 0.000004736077  time_per_window : 0.000242   progress : 0.208
name: models.architecture.block_type=attention
training.mode=rollout
models.out_dim=10
models.architecture.n_encoder_layers=1
models.architecture.n_decoder_layers=1
seed=0    avg_loss: 0.000004755030  time_per_window : 0.000226   progress : 0.218
name: models.architecture.block_type=attention
training.mode=rollout
models.out_dim=10
models.architecture.n_encoder_layers=1
models.architecture.n_decoder_layers=1
seed=0    avg_loss: 0.000005418216  time_per_window : 0.000232   progress : 0.229
name: models.architecture.block_type=attention
training.mode=rollout
models.out_dim=10
models.architecture.n_encoder_layers=1
models.architecture.n_decoder_layers=1
seed=0    avg_loss: 0.000003435147  time_per_window : 0.000231   progress : 0.240
name: models.architecture.block_type=attention
training.mode=rollout
models.out_dim=10
models.architecture.n_encoder_layers=1
models.architecture.n_decoder_layers=1
seed=0    avg_loss: 0.000005172745  time_per_window : 0.000229   progress : 0.251
name: models.architecture.block_type=attention
training.mode=rollout
models.out_dim=10
models.architecture.n_encoder_layers=1
models.architecture.n_decoder_layers=1
seed=0    avg_loss: 0.000004827523  time_per_window : 0.000230   progress : 0.262
name: models.architecture.block_type=attention
training.mode=rollout
models.out_dim=10
models.architecture.n_encoder_layers=1
models.architecture.n_decoder_layers=1
seed=0    avg_loss: 0.000004302228  time_per_window : 0.000236   progress : 0.273
name: models.architecture.block_type=attention
training.mode=rollout
models.out_dim=10
models.architecture.n_encoder_layers=1
models.architecture.n_decoder_layers=1
seed=0    avg_loss: 0.000005333897  time_per_window : 0.000245   progress : 0.284
name: models.architecture.block_type=attention
training.mode=rollout
models.out_dim=10
models.architecture.n_encoder_layers=1
models.architecture.n_decoder_layers=1
seed=0    avg_loss: 0.000004889683  time_per_window : 0.000222   progress : 0.295
name: models.architecture.block_type=attention
training.mode=rollout
models.out_dim=10
models.architecture.n_encoder_layers=1
models.architecture.n_decoder_layers=1
seed=0    avg_loss: 0.000004579595  time_per_window : 0.000235   progress : 0.306
name: models.architecture.block_type=attention
training.mode=rollout
models.out_dim=10
models.architecture.n_encoder_layers=1
models.architecture.n_decoder_layers=1
seed=0    avg_loss: 0.000004398350  time_per_window : 0.000223   progress : 0.317
name: models.architecture.block_type=attention
training.mode=rollout
models.out_dim=10
models.architecture.n_encoder_layers=1
models.architecture.n_decoder_layers=1
seed=0    avg_loss: 0.000004267084  time_per_window : 0.000246   progress : 0.328
name: models.architecture.block_type=attention
training.mode=rollout
models.out_dim=10
models.architecture.n_encoder_layers=1
models.architecture.n_decoder_layers=1
seed=0    avg_loss: 0.000005186771  time_per_window : 0.000225   progress : 0.339
name: models.architecture.block_type=attention
training.mode=rollout
models.out_dim=10
models.architecture.n_encoder_layers=1
models.architecture.n_decoder_layers=1
seed=0    avg_loss: 0.000003989265  time_per_window : 0.000225   progress : 0.350
name: models.architecture.block_type=attention
training.mode=rollout
models.out_dim=10
models.architecture.n_encoder_layers=1
models.architecture.n_decoder_layers=1
seed=0    avg_loss: 0.000004191887  time_per_window : 0.000247   progress : 0.360
name: models.architecture.block_type=attention
training.mode=rollout
models.out_dim=10
models.architecture.n_encoder_layers=1
models.architecture.n_decoder_layers=1
seed=0    avg_loss: 0.000004850547  time_per_window : 0.000224   progress : 0.371
name: models.architecture.block_type=attention
training.mode=rollout
models.out_dim=10
models.architecture.n_encoder_layers=1
models.architecture.n_decoder_layers=1
seed=0    avg_loss: 0.000003952487  time_per_window : 0.000239   progress : 0.382
name: models.architecture.block_type=attention
training.mode=rollout
models.out_dim=10
models.architecture.n_encoder_layers=1
models.architecture.n_decoder_layers=1
seed=0    avg_loss: 0.000004219808  time_per_window : 0.000219   progress : 0.393
name: models.architecture.block_type=attention
training.mode=rollout
models.out_dim=10
models.architecture.n_encoder_layers=1
models.architecture.n_decoder_layers=1
seed=0    avg_loss: 0.000005115709  time_per_window : 0.000263   progress : 0.404
name: models.architecture.block_type=attention
training.mode=rollout
models.out_dim=10
models.architecture.n_encoder_layers=1
models.architecture.n_decoder_layers=1
seed=0    avg_loss: 0.000003531972  time_per_window : 0.000212   progress : 0.415
name: models.architecture.block_type=attention
training.mode=rollout
models.out_dim=10
models.architecture.n_encoder_layers=1
models.architecture.n_decoder_layers=1
seed=0    avg_loss: 0.000003984576  time_per_window : 0.000240   progress : 0.426
name: models.architecture.block_type=attention
training.mode=rollout
models.out_dim=10
models.architecture.n_encoder_layers=1
models.architecture.n_decoder_layers=1
seed=0    avg_loss: 0.000004521149  time_per_window : 0.000226   progress : 0.437
name: models.architecture.block_type=attention
training.mode=rollout
models.out_dim=10
models.architecture.n_encoder_layers=1
models.architecture.n_decoder_layers=1
seed=0    avg_loss: 0.000004560334  time_per_window : 0.000253   progress : 0.448
name: models.architecture.block_type=attention
training.mode=rollout
models.out_dim=10
models.architecture.n_encoder_layers=1
models.architecture.n_decoder_layers=1
seed=0    avg_loss: 0.000003665049  time_per_window : 0.000220   progress : 0.459
name: models.architecture.block_type=attention
training.mode=rollout
models.out_dim=10
models.architecture.n_encoder_layers=1
models.architecture.n_decoder_layers=1
seed=0    avg_loss: 0.000004805539  time_per_window : 0.000236   progress : 0.470
name: models.architecture.block_type=attention
training.mode=rollout
models.out_dim=10
models.architecture.n_encoder_layers=1
models.architecture.n_decoder_layers=1
seed=0    avg_loss: 0.000003700765  time_per_window : 0.000238   progress : 0.481
name: models.architecture.block_type=attention
training.mode=rollout
models.out_dim=10
models.architecture.n_encoder_layers=1
models.architecture.n_decoder_layers=1
seed=1    avg_loss: 0.000003191607  time_per_window : 0.000221   progress : 0.120
name: models.architecture.block_type=attention
training.mode=rollout
models.out_dim=10
models.architecture.n_encoder_layers=1
models.architecture.n_decoder_layers=1
seed=1    avg_loss: 0.000003133759  time_per_window : 0.000243   progress : 0.131
name: models.architecture.block_type=attention
training.mode=rollout
models.out_dim=10
models.architecture.n_encoder_layers=1
models.architecture.n_decoder_layers=1
seed=1    avg_loss: 0.000005763782  time_per_window : 0.000213   progress : 0.142
name: models.architecture.block_type=attention
training.mode=rollout
models.out_dim=10
models.architecture.n_encoder_layers=1
models.architecture.n_decoder_layers=1
seed=1    avg_loss: 0.000004003121  time_per_window : 0.000227   progress : 0.153
name: models.architecture.block_type=attention
training.mode=rollout
models.out_dim=10
models.architecture.n_encoder_layers=1
models.architecture.n_decoder_layers=1
seed=1    avg_loss: 0.000003562885  time_per_window : 0.000218   progress : 0.164
name: models.architecture.block_type=attention
training.mode=rollout
models.out_dim=10
models.architecture.n_encoder_layers=1
models.architecture.n_decoder_layers=1
seed=1    avg_loss: 0.000005248446  time_per_window : 0.000231   progress : 0.175
name: models.architecture.block_type=attention
training.mode=rollout
models.out_dim=10
models.architecture.n_encoder_layers=1
models.architecture.n_decoder_layers=1
seed=1    avg_loss: 0.000005292858  time_per_window : 0.000229   progress : 0.186
name: models.architecture.block_type=attention
training.mode=rollout
models.out_dim=10
models.architecture.n_encoder_layers=1
models.architecture.n_decoder_layers=1
seed=1    avg_loss: 0.000003874780  time_per_window : 0.000221   progress : 0.197
name: models.architecture.block_type=attention
training.mode=rollout
models.out_dim=10
models.architecture.n_encoder_layers=1
models.architecture.n_decoder_layers=1
seed=1    avg_loss: 0.000004731811  time_per_window : 0.000238   progress : 0.208
name: models.architecture.block_type=attention
training.mode=rollout
models.out_dim=10
models.architecture.n_encoder_layers=1
models.architecture.n_decoder_layers=1
seed=1    avg_loss: 0.000004711232  time_per_window : 0.000253   progress : 0.218
name: models.architecture.block_type=attention
training.mode=rollout
models.out_dim=10
models.architecture.n_encoder_layers=1
models.architecture.n_decoder_layers=1
seed=1    avg_loss: 0.000005479504  time_per_window : 0.000212   progress : 0.229
name: models.architecture.block_type=attention
training.mode=rollout
models.out_dim=10
models.architecture.n_encoder_layers=1
models.architecture.n_decoder_layers=1
seed=1    avg_loss: 0.000004373952  time_per_window : 0.000253   progress : 0.240
name: models.architecture.block_type=attention
training.mode=rollout
models.out_dim=10
models.architecture.n_encoder_layers=1
models.architecture.n_decoder_layers=1
seed=1    avg_loss: 0.000005522877  time_per_window : 0.000222   progress : 0.251
name: models.architecture.block_type=attention
training.mode=rollout
models.out_dim=10
models.architecture.n_encoder_layers=1
models.architecture.n_decoder_layers=1
seed=1    avg_loss: 0.000005645321  time_per_window : 0.000230   progress : 0.262
name: models.architecture.block_type=attention
training.mode=rollout
models.out_dim=10
models.architecture.n_encoder_layers=1
models.architecture.n_decoder_layers=1
seed=1    avg_loss: 0.000004569028  time_per_window : 0.000245   progress : 0.273
name: models.architecture.block_type=attention
training.mode=rollout
models.out_dim=10
models.architecture.n_encoder_layers=1
models.architecture.n_decoder_layers=1
seed=1    avg_loss: 0.000004514524  time_per_window : 0.000225   progress : 0.284
name: models.architecture.block_type=attention
training.mode=rollout
models.out_dim=10
models.architecture.n_encoder_layers=1
models.architecture.n_decoder_layers=1
seed=1    avg_loss: 0.000004985758  time_per_window : 0.000242   progress : 0.295
name: models.architecture.block_type=attention
training.mode=rollout
models.out_dim=10
models.architecture.n_encoder_layers=1
models.architecture.n_decoder_layers=1
seed=1    avg_loss: 0.000005115806  time_per_window : 0.000254   progress : 0.306
name: models.architecture.block_type=attention
training.mode=rollout
models.out_dim=10
models.architecture.n_encoder_layers=1
models.architecture.n_decoder_layers=1
seed=1    avg_loss: 0.000005295741  time_per_window : 0.000227   progress : 0.317
name: models.architecture.block_type=attention
training.mode=rollout
models.out_dim=10
models.architecture.n_encoder_layers=1
models.architecture.n_decoder_layers=1
seed=1    avg_loss: 0.000005076416  time_per_window : 0.000230   progress : 0.328
name: models.architecture.block_type=attention
training.mode=rollout
models.out_dim=10
models.architecture.n_encoder_layers=1
models.architecture.n_decoder_layers=1
seed=1    avg_loss: 0.000003548116  time_per_window : 0.000228   progress : 0.339
name: models.architecture.block_type=attention
training.mode=rollout
models.out_dim=10
models.architecture.n_encoder_layers=1
models.architecture.n_decoder_layers=1
seed=1    avg_loss: 0.000005486380  time_per_window : 0.000243   progress : 0.350
name: models.architecture.block_type=attention
training.mode=rollout
models.out_dim=10
models.architecture.n_encoder_layers=1
models.architecture.n_decoder_layers=1
seed=1    avg_loss: 0.000003231752  time_per_window : 0.000222   progress : 0.360
name: models.architecture.block_type=attention
training.mode=rollout
models.out_dim=10
models.architecture.n_encoder_layers=1
models.architecture.n_decoder_layers=1
seed=1    avg_loss: 0.000005694599  time_per_window : 0.000231   progress : 0.371
name: models.architecture.block_type=attention
training.mode=rollout
models.out_dim=10
models.architecture.n_encoder_layers=1
models.architecture.n_decoder_layers=1
seed=1    avg_loss: 0.000004963795  time_per_window : 0.000229   progress : 0.382
name: models.architecture.block_type=attention
training.mode=rollout
models.out_dim=10
models.architecture.n_encoder_layers=1
models.architecture.n_decoder_layers=1
seed=1    avg_loss: 0.000004781150  time_per_window : 0.000232   progress : 0.393
name: models.architecture.block_type=attention
training.mode=rollout
models.out_dim=10
models.architecture.n_encoder_layers=1
models.architecture.n_decoder_layers=1
seed=1    avg_loss: 0.000004198117  time_per_window : 0.000232   progress : 0.404
name: models.architecture.block_type=attention
training.mode=rollout
models.out_dim=10
models.architecture.n_encoder_layers=1
models.architecture.n_decoder_layers=1
seed=1    avg_loss: 0.000004163291  time_per_window : 0.000229   progress : 0.415
name: models.architecture.block_type=attention
training.mode=rollout
models.out_dim=10
models.architecture.n_encoder_layers=1
models.architecture.n_decoder_layers=1
seed=1    avg_loss: 0.000004715312  time_per_window : 0.000242   progress : 0.426
name: models.architecture.block_type=attention
training.mode=rollout
models.out_dim=10
models.architecture.n_encoder_layers=1
models.architecture.n_decoder_layers=1
seed=1    avg_loss: 0.000004423785  time_per_window : 0.000240   progress : 0.437
name: models.architecture.block_type=attention
training.mode=rollout
models.out_dim=10
models.architecture.n_encoder_layers=1
models.architecture.n_decoder_layers=1
seed=1    avg_loss: 0.000003567021  time_per_window : 0.000240   progress : 0.448
name: models.architecture.block_type=attention
training.mode=rollout
models.out_dim=10
models.architecture.n_encoder_layers=1
models.architecture.n_decoder_layers=1
seed=1    avg_loss: 0.000005673314  time_per_window : 0.000234   progress : 0.459
name: models.architecture.block_type=attention
training.mode=rollout
models.out_dim=10
models.architecture.n_encoder_layers=1
models.architecture.n_decoder_layers=1
seed=1    avg_loss: 0.000003638796  time_per_window : 0.000251   progress : 0.470
name: models.architecture.block_type=attention
training.mode=rollout
models.out_dim=10
models.architecture.n_encoder_layers=1
models.architecture.n_decoder_layers=1
seed=1    avg_loss: 0.000005023297  time_per_window : 0.000211   progress : 0.481
name: models.architecture.block_type=attention
training.mode=rollout
models.out_dim=10
models.architecture.n_encoder_layers=1
models.architecture.n_decoder_layers=1
seed=4    avg_loss: 0.000005648003  time_per_window : 0.000218   progress : 0.120
name: models.architecture.block_type=attention
training.mode=rollout
models.out_dim=10
models.architecture.n_encoder_layers=1
models.architecture.n_decoder_layers=1
seed=4    avg_loss: 0.000004540960  time_per_window : 0.000218   progress : 0.131
name: models.architecture.block_type=attention
training.mode=rollout
models.out_dim=10
models.architecture.n_encoder_layers=1
models.architecture.n_decoder_layers=1
seed=4    avg_loss: 0.000004969786  time_per_window : 0.000212   progress : 0.142
name: models.architecture.block_type=attention
training.mode=rollout
models.out_dim=10
models.architecture.n_encoder_layers=1
models.architecture.n_decoder_layers=1
seed=4    avg_loss: 0.000005203775  time_per_window : 0.000241   progress : 0.153
name: models.architecture.block_type=attention
training.mode=rollout
models.out_dim=10
models.architecture.n_encoder_layers=1
models.architecture.n_decoder_layers=1
seed=4    avg_loss: 0.000005847919  time_per_window : 0.000240   progress : 0.164
name: models.architecture.block_type=attention
training.mode=rollout
models.out_dim=10
models.architecture.n_encoder_layers=1
models.architecture.n_decoder_layers=1
seed=4    avg_loss: 0.000006440418  time_per_window : 0.000219   progress : 0.175
name: models.architecture.block_type=attention
training.mode=rollout
models.out_dim=10
models.architecture.n_encoder_layers=1
models.architecture.n_decoder_layers=1
seed=4    avg_loss: 0.000004405680  time_per_window : 0.000250   progress : 0.186
name: models.architecture.block_type=attention
training.mode=rollout
models.out_dim=10
models.architecture.n_encoder_layers=1
models.architecture.n_decoder_layers=1
seed=4    avg_loss: 0.000005372383  time_per_window : 0.000259   progress : 0.197
name: models.architecture.block_type=attention
training.mode=rollout
models.out_dim=10
models.architecture.n_encoder_layers=1
models.architecture.n_decoder_layers=1
seed=4    avg_loss: 0.000004371502  time_per_window : 0.000232   progress : 0.208
name: models.architecture.block_type=attention
training.mode=rollout
models.out_dim=10
models.architecture.n_encoder_layers=1
models.architecture.n_decoder_layers=1
seed=4    avg_loss: 0.000006553477  time_per_window : 0.000262   progress : 0.218
name: models.architecture.block_type=attention
training.mode=rollout
models.out_dim=10
models.architecture.n_encoder_layers=1
models.architecture.n_decoder_layers=1
seed=4    avg_loss: 0.000005006949  time_per_window : 0.000235   progress : 0.229
name: models.architecture.block_type=attention
training.mode=rollout
models.out_dim=10
models.architecture.n_encoder_layers=1
models.architecture.n_decoder_layers=1
seed=4    avg_loss: 0.000004710083  time_per_window : 0.000235   progress : 0.240
name: models.architecture.block_type=attention
training.mode=rollout
models.out_dim=10
models.architecture.n_encoder_layers=1
models.architecture.n_decoder_layers=1
seed=4    avg_loss: 0.000006923685  time_per_window : 0.000239   progress : 0.251
name: models.architecture.block_type=attention
training.mode=rollout
models.out_dim=10
models.architecture.n_encoder_layers=1
models.architecture.n_decoder_layers=1
seed=4    avg_loss: 0.000004232343  time_per_window : 0.000235   progress : 0.262
name: models.architecture.block_type=attention
training.mode=rollout
models.out_dim=10
models.architecture.n_encoder_layers=1
models.architecture.n_decoder_layers=1
seed=4    avg_loss: 0.000005055895  time_per_window : 0.000214   progress : 0.273
name: models.architecture.block_type=attention
training.mode=rollout
models.out_dim=10
models.architecture.n_encoder_layers=1
models.architecture.n_decoder_layers=1
seed=4    avg_loss: 0.000005933806  time_per_window : 0.000228   progress : 0.284
name: models.architecture.block_type=attention
training.mode=rollout
models.out_dim=10
models.architecture.n_encoder_layers=1
models.architecture.n_decoder_layers=1
seed=4    avg_loss: 0.000004169421  time_per_window : 0.000217   progress : 0.295
name: models.architecture.block_type=attention
training.mode=rollout
models.out_dim=10
models.architecture.n_encoder_layers=1
models.architecture.n_decoder_layers=1
seed=4    avg_loss: 0.000004951286  time_per_window : 0.000226   progress : 0.306
name: models.architecture.block_type=attention
training.mode=rollout
models.out_dim=10
models.architecture.n_encoder_layers=1
models.architecture.n_decoder_layers=1
seed=4    avg_loss: 0.000005987710  time_per_window : 0.000264   progress : 0.317
name: models.architecture.block_type=attention
training.mode=rollout
models.out_dim=10
models.architecture.n_encoder_layers=1
models.architecture.n_decoder_layers=1
seed=4    avg_loss: 0.000005138408  time_per_window : 0.000225   progress : 0.328
name: models.architecture.block_type=attention
training.mode=rollout
models.out_dim=10
models.architecture.n_encoder_layers=1
models.architecture.n_decoder_layers=1
seed=4    avg_loss: 0.000005984987  time_per_window : 0.000219   progress : 0.339
name: models.architecture.block_type=attention
training.mode=rollout
models.out_dim=10
models.architecture.n_encoder_layers=1
models.architecture.n_decoder_layers=1
seed=4    avg_loss: 0.000004999122  time_per_window : 0.000231   progress : 0.350
name: models.architecture.block_type=attention
training.mode=rollout
models.out_dim=10
models.architecture.n_encoder_layers=1
models.architecture.n_decoder_layers=1
seed=4    avg_loss: 0.000003599838  time_per_window : 0.000229   progress : 0.360
name: models.architecture.block_type=attention
training.mode=rollout
models.out_dim=10
models.architecture.n_encoder_layers=1
models.architecture.n_decoder_layers=1
seed=4    avg_loss: 0.000005086190  time_per_window : 0.000230   progress : 0.371
name: models.architecture.block_type=attention
training.mode=rollout
models.out_dim=10
models.architecture.n_encoder_layers=1
models.architecture.n_decoder_layers=1
seed=4    avg_loss: 0.000005150086  time_per_window : 0.000227   progress : 0.382
name: models.architecture.block_type=attention
training.mode=rollout
models.out_dim=10
models.architecture.n_encoder_layers=1
models.architecture.n_decoder_layers=1
seed=4    avg_loss: 0.000004637966  time_per_window : 0.000230   progress : 0.393
name: models.architecture.block_type=attention
training.mode=rollout
models.out_dim=10
models.architecture.n_encoder_layers=1
models.architecture.n_decoder_layers=1
seed=4    avg_loss: 0.000006479208  time_per_window : 0.000241   progress : 0.404
name: models.architecture.block_type=attention
training.mode=rollout
models.out_dim=10
models.architecture.n_encoder_layers=1
models.architecture.n_decoder_layers=1
seed=4    avg_loss: 0.000003441857  time_per_window : 0.000229   progress : 0.415
name: models.architecture.block_type=attention
training.mode=rollout
models.out_dim=10
models.architecture.n_encoder_layers=1
models.architecture.n_decoder_layers=1
seed=4    avg_loss: 0.000004081628  time_per_window : 0.000259   progress : 0.426
name: models.architecture.block_type=attention
training.mode=rollout
models.out_dim=10
models.architecture.n_encoder_layers=1
models.architecture.n_decoder_layers=1
seed=4    avg_loss: 0.000005753366  time_per_window : 0.000239   progress : 0.437
name: models.architecture.block_type=attention
training.mode=rollout
models.out_dim=10
models.architecture.n_encoder_layers=1
models.architecture.n_decoder_layers=1
seed=4    avg_loss: 0.000004662385  time_per_window : 0.000228   progress : 0.448
name: models.architecture.block_type=attention
training.mode=rollout
models.out_dim=10
models.architecture.n_encoder_layers=1
models.architecture.n_decoder_layers=1
seed=4    avg_loss: 0.000004686548  time_per_window : 0.000261   progress : 0.459
name: models.architecture.block_type=attention
training.mode=rollout
models.out_dim=10
models.architecture.n_encoder_layers=1
models.architecture.n_decoder_layers=1
seed=4    avg_loss: 0.000004528411  time_per_window : 0.000231   progress : 0.470
name: models.architecture.block_type=attention
training.mode=rollout
models.out_dim=10
models.architecture.n_encoder_layers=1
models.architecture.n_decoder_layers=1
seed=4    avg_loss: 0.000005243624  time_per_window : 0.000226   progress : 0.481
name: models.architecture.block_type=attention
training.mode=rollout
models.out_dim=10
models.architecture.n_encoder_layers=1
models.architecture.n_decoder_layers=1
seed=3    avg_loss: 0.000003317911  time_per_window : 0.000214   progress : 0.120
name: models.architecture.block_type=attention
training.mode=rollout
models.out_dim=10
models.architecture.n_encoder_layers=1
models.architecture.n_decoder_layers=1
seed=3    avg_loss: 0.000003525555  time_per_window : 0.000261   progress : 0.131
name: models.architecture.block_type=attention
training.mode=rollout
models.out_dim=10
models.architecture.n_encoder_layers=1
models.architecture.n_decoder_layers=1
seed=3    avg_loss: 0.000004166703  time_per_window : 0.000239   progress : 0.142
name: models.architecture.block_type=attention
training.mode=rollout
models.out_dim=10
models.architecture.n_encoder_layers=1
models.architecture.n_decoder_layers=1
seed=3    avg_loss: 0.000004222296  time_per_window : 0.000216   progress : 0.153
name: models.architecture.block_type=attention
training.mode=rollout
models.out_dim=10
models.architecture.n_encoder_layers=1
models.architecture.n_decoder_layers=1
seed=3    avg_loss: 0.000004703159  time_per_window : 0.000221   progress : 0.164
name: models.architecture.block_type=attention
training.mode=rollout
models.out_dim=10
models.architecture.n_encoder_layers=1
models.architecture.n_decoder_layers=1
seed=3    avg_loss: 0.000004884917  time_per_window : 0.000269   progress : 0.175
name: models.architecture.block_type=attention
training.mode=rollout
models.out_dim=10
models.architecture.n_encoder_layers=1
models.architecture.n_decoder_layers=1
seed=3    avg_loss: 0.000004319798  time_per_window : 0.000245   progress : 0.186
name: models.architecture.block_type=attention
training.mode=rollout
models.out_dim=10
models.architecture.n_encoder_layers=1
models.architecture.n_decoder_layers=1
seed=3    avg_loss: 0.000005119180  time_per_window : 0.000234   progress : 0.197
name: models.architecture.block_type=attention
training.mode=rollout
models.out_dim=10
models.architecture.n_encoder_layers=1
models.architecture.n_decoder_layers=1
seed=3    avg_loss: 0.000003338850  time_per_window : 0.000257   progress : 0.208
name: models.architecture.block_type=attention
training.mode=rollout
models.out_dim=10
models.architecture.n_encoder_layers=1
models.architecture.n_decoder_layers=1
seed=3    avg_loss: 0.000005748258  time_per_window : 0.000224   progress : 0.218
name: models.architecture.block_type=attention
training.mode=rollout
models.out_dim=10
models.architecture.n_encoder_layers=1
models.architecture.n_decoder_layers=1
seed=3    avg_loss: 0.000005201570  time_per_window : 0.000262   progress : 0.229
name: models.architecture.block_type=attention
training.mode=rollout
models.out_dim=10
models.architecture.n_encoder_layers=1
models.architecture.n_decoder_layers=1
seed=3    avg_loss: 0.000004352872  time_per_window : 0.000258   progress : 0.240
name: models.architecture.block_type=attention
training.mode=rollout
models.out_dim=10
models.architecture.n_encoder_layers=1
models.architecture.n_decoder_layers=1
seed=3    avg_loss: 0.000005697648  time_per_window : 0.000222   progress : 0.251
name: models.architecture.block_type=attention
training.mode=rollout
models.out_dim=10
models.architecture.n_encoder_layers=1
models.architecture.n_decoder_layers=1
seed=3    avg_loss: 0.000004780461  time_per_window : 0.000237   progress : 0.262
name: models.architecture.block_type=attention
training.mode=rollout
models.out_dim=10
models.architecture.n_encoder_layers=1
models.architecture.n_decoder_layers=1
seed=3    avg_loss: 0.000006096372  time_per_window : 0.000208   progress : 0.273
name: models.architecture.block_type=attention
training.mode=rollout
models.out_dim=10
models.architecture.n_encoder_layers=1
models.architecture.n_decoder_layers=1
seed=3    avg_loss: 0.000004757217  time_per_window : 0.000232   progress : 0.284
name: models.architecture.block_type=attention
training.mode=rollout
models.out_dim=10
models.architecture.n_encoder_layers=1
models.architecture.n_decoder_layers=1
seed=3    avg_loss: 0.000005587072  time_per_window : 0.000250   progress : 0.295
name: models.architecture.block_type=attention
training.mode=rollout
models.out_dim=10
models.architecture.n_encoder_layers=1
models.architecture.n_decoder_layers=1
seed=3    avg_loss: 0.000004987530  time_per_window : 0.000219   progress : 0.306
name: models.architecture.block_type=attention
training.mode=rollout
models.out_dim=10
models.architecture.n_encoder_layers=1
models.architecture.n_decoder_layers=1
seed=3    avg_loss: 0.000004404783  time_per_window : 0.000223   progress : 0.317
name: models.architecture.block_type=attention
training.mode=rollout
models.out_dim=10
models.architecture.n_encoder_layers=1
models.architecture.n_decoder_layers=1
seed=3    avg_loss: 0.000005895071  time_per_window : 0.000217   progress : 0.328
name: models.architecture.block_type=attention
training.mode=rollout
models.out_dim=10
models.architecture.n_encoder_layers=1
models.architecture.n_decoder_layers=1
seed=3    avg_loss: 0.000004291248  time_per_window : 0.000254   progress : 0.339
name: models.architecture.block_type=attention
training.mode=rollout
models.out_dim=10
models.architecture.n_encoder_layers=1
models.architecture.n_decoder_layers=1
seed=3    avg_loss: 0.000005289520  time_per_window : 0.000241   progress : 0.350
name: models.architecture.block_type=attention
training.mode=rollout
models.out_dim=10
models.architecture.n_encoder_layers=1
models.architecture.n_decoder_layers=1
seed=3    avg_loss: 0.000004243189  time_per_window : 0.000239   progress : 0.360
name: models.architecture.block_type=attention
training.mode=rollout
models.out_dim=10
models.architecture.n_encoder_layers=1
models.architecture.n_decoder_layers=1
seed=3    avg_loss: 0.000005743888  time_per_window : 0.000229   progress : 0.371
name: models.architecture.block_type=attention
training.mode=rollout
models.out_dim=10
models.architecture.n_encoder_layers=1
models.architecture.n_decoder_layers=1
seed=3    avg_loss: 0.000004644901  time_per_window : 0.000227   progress : 0.382
name: models.architecture.block_type=attention
training.mode=rollout
models.out_dim=10
models.architecture.n_encoder_layers=1
models.architecture.n_decoder_layers=1
seed=3    avg_loss: 0.000004807264  time_per_window : 0.000236   progress : 0.393
name: models.architecture.block_type=attention
training.mode=rollout
models.out_dim=10
models.architecture.n_encoder_layers=1
models.architecture.n_decoder_layers=1
seed=3    avg_loss: 0.000004765779  time_per_window : 0.000231   progress : 0.404
name: models.architecture.block_type=attention
training.mode=rollout
models.out_dim=10
models.architecture.n_encoder_layers=1
models.architecture.n_decoder_layers=1
seed=3    avg_loss: 0.000004261989  time_per_window : 0.000228   progress : 0.415
name: models.architecture.block_type=attention
training.mode=rollout
models.out_dim=10
models.architecture.n_encoder_layers=1
models.architecture.n_decoder_layers=1
seed=3    avg_loss: 0.000004625248  time_per_window : 0.000235   progress : 0.426
name: models.architecture.block_type=attention
training.mode=rollout
models.out_dim=10
models.architecture.n_encoder_layers=1
models.architecture.n_decoder_layers=1
seed=3    avg_loss: 0.000003857684  time_per_window : 0.000244   progress : 0.437
name: models.architecture.block_type=attention
training.mode=rollout
models.out_dim=10
models.architecture.n_encoder_layers=1
models.architecture.n_decoder_layers=1
seed=3    avg_loss: 0.000004486365  time_per_window : 0.000229   progress : 0.448
name: models.architecture.block_type=attention
training.mode=rollout
models.out_dim=10
models.architecture.n_encoder_layers=1
models.architecture.n_decoder_layers=1
seed=3    avg_loss: 0.000005001441  time_per_window : 0.000234   progress : 0.459
name: models.architecture.block_type=attention
training.mode=rollout
models.out_dim=10
models.architecture.n_encoder_layers=1
models.architecture.n_decoder_layers=1
seed=3    avg_loss: 0.000004357968  time_per_window : 0.000224   progress : 0.470
name: models.architecture.block_type=attention
training.mode=rollout
models.out_dim=10
models.architecture.n_encoder_layers=1
models.architecture.n_decoder_layers=1
seed=3    avg_loss: 0.000004558226  time_per_window : 0.000244   progress : 0.481
name: models.architecture.block_type=attention
training.mode=rollout
models.out_dim=10
models.architecture.n_encoder_layers=1
models.architecture.n_decoder_layers=1
seed=2    avg_loss: 0.000002857249  time_per_window : 0.000210   progress : 0.120
name: models.architecture.block_type=attention
training.mode=rollout
models.out_dim=10
models.architecture.n_encoder_layers=1
models.architecture.n_decoder_layers=1
seed=2    avg_loss: 0.000003183876  time_per_window : 0.000229   progress : 0.131
name: models.architecture.block_type=attention
training.mode=rollout
models.out_dim=10
models.architecture.n_encoder_layers=1
models.architecture.n_decoder_layers=1
seed=2    avg_loss: 0.000003545972  time_per_window : 0.000219   progress : 0.142
name: models.architecture.block_type=attention
training.mode=rollout
models.out_dim=10
models.architecture.n_encoder_layers=1
models.architecture.n_decoder_layers=1
seed=2    avg_loss: 0.000003163809  time_per_window : 0.000264   progress : 0.153
name: models.architecture.block_type=attention
training.mode=rollout
models.out_dim=10
models.architecture.n_encoder_layers=1
models.architecture.n_decoder_layers=1
seed=2    avg_loss: 0.000003063009  time_per_window : 0.000239   progress : 0.164
name: models.architecture.block_type=attention
training.mode=rollout
models.out_dim=10
models.architecture.n_encoder_layers=1
models.architecture.n_decoder_layers=1
seed=2    avg_loss: 0.000004567222  time_per_window : 0.000199   progress : 0.175
name: models.architecture.block_type=attention
training.mode=rollout
models.out_dim=10
models.architecture.n_encoder_layers=1
models.architecture.n_decoder_layers=1
seed=2    avg_loss: 0.000003839292  time_per_window : 0.000231   progress : 0.186
name: models.architecture.block_type=attention
training.mode=rollout
models.out_dim=10
models.architecture.n_encoder_layers=1
models.architecture.n_decoder_layers=1
seed=2    avg_loss: 0.000003155784  time_per_window : 0.000213   progress : 0.197
name: models.architecture.block_type=attention
training.mode=rollout
models.out_dim=10
models.architecture.n_encoder_layers=1
models.architecture.n_decoder_layers=1
seed=2    avg_loss: 0.000003138390  time_per_window : 0.000252   progress : 0.208
name: models.architecture.block_type=attention
training.mode=rollout
models.out_dim=10
models.architecture.n_encoder_layers=1
models.architecture.n_decoder_layers=1
seed=2    avg_loss: 0.000003925644  time_per_window : 0.000241   progress : 0.218
name: models.architecture.block_type=attention
training.mode=rollout
models.out_dim=10
models.architecture.n_encoder_layers=1
models.architecture.n_decoder_layers=1
seed=2    avg_loss: 0.000003593948  time_per_window : 0.000232   progress : 0.229
name: models.architecture.block_type=attention
training.mode=rollout
models.out_dim=10
models.architecture.n_encoder_layers=1
models.architecture.n_decoder_layers=1
seed=2    avg_loss: 0.000003510745  time_per_window : 0.000220   progress : 0.240
name: models.architecture.block_type=attention
training.mode=rollout
models.out_dim=10
models.architecture.n_encoder_layers=1
models.architecture.n_decoder_layers=1
seed=2    avg_loss: 0.000004098177  time_per_window : 0.000257   progress : 0.251
name: models.architecture.block_type=attention
training.mode=rollout
models.out_dim=10
models.architecture.n_encoder_layers=1
models.architecture.n_decoder_layers=1
seed=2    avg_loss: 0.000003583287  time_per_window : 0.000230   progress : 0.262
name: models.architecture.block_type=attention
training.mode=rollout
models.out_dim=10
models.architecture.n_encoder_layers=1
models.architecture.n_decoder_layers=1
seed=2    avg_loss: 0.000003427093  time_per_window : 0.000256   progress : 0.273
name: models.architecture.block_type=attention
training.mode=rollout
models.out_dim=10
models.architecture.n_encoder_layers=1
models.architecture.n_decoder_layers=1
seed=2    avg_loss: 0.000004286375  time_per_window : 0.000242   progress : 0.284
name: models.architecture.block_type=attention
training.mode=rollout
models.out_dim=10
models.architecture.n_encoder_layers=1
models.architecture.n_decoder_layers=1
seed=2    avg_loss: 0.000003386814  time_per_window : 0.000215   progress : 0.295
name: models.architecture.block_type=attention
training.mode=rollout
models.out_dim=10
models.architecture.n_encoder_layers=1
models.architecture.n_decoder_layers=1
seed=2    avg_loss: 0.000003268447  time_per_window : 0.000272   progress : 0.306
name: models.architecture.block_type=attention
training.mode=rollout
models.out_dim=10
models.architecture.n_encoder_layers=1
models.architecture.n_decoder_layers=1
seed=2    avg_loss: 0.000004295375  time_per_window : 0.000223   progress : 0.317
name: models.architecture.block_type=attention
training.mode=rollout
models.out_dim=10
models.architecture.n_encoder_layers=1
models.architecture.n_decoder_layers=1
seed=2    avg_loss: 0.000002992598  time_per_window : 0.000221   progress : 0.328
name: models.architecture.block_type=attention
training.mode=rollout
models.out_dim=10
models.architecture.n_encoder_layers=1
models.architecture.n_decoder_layers=1
seed=2    avg_loss: 0.000003793653  time_per_window : 0.000204   progress : 0.339
name: models.architecture.block_type=attention
training.mode=rollout
models.out_dim=10
models.architecture.n_encoder_layers=1
models.architecture.n_decoder_layers=1
seed=2    avg_loss: 0.000002675804  time_per_window : 0.000209   progress : 0.350
name: models.architecture.block_type=attention
training.mode=rollout
models.out_dim=10
models.architecture.n_encoder_layers=1
models.architecture.n_decoder_layers=1
seed=2    avg_loss: 0.000003504613  time_per_window : 0.000238   progress : 0.360
name: models.architecture.block_type=attention
training.mode=rollout
models.out_dim=10
models.architecture.n_encoder_layers=1
models.architecture.n_decoder_layers=1
seed=2    avg_loss: 0.000003482188  time_per_window : 0.000284   progress : 0.371
name: models.architecture.block_type=attention
training.mode=rollout
models.out_dim=10
models.architecture.n_encoder_layers=1
models.architecture.n_decoder_layers=1
seed=2    avg_loss: 0.000003460280  time_per_window : 0.000244   progress : 0.382
name: models.architecture.block_type=attention
training.mode=rollout
models.out_dim=10
models.architecture.n_encoder_layers=1
models.architecture.n_decoder_layers=1
seed=2    avg_loss: 0.000002833214  time_per_window : 0.000246   progress : 0.393
name: models.architecture.block_type=attention
training.mode=rollout
models.out_dim=10
models.architecture.n_encoder_layers=1
models.architecture.n_decoder_layers=1
seed=2    avg_loss: 0.000004100526  time_per_window : 0.000222   progress : 0.404
name: models.architecture.block_type=attention
training.mode=rollout
models.out_dim=10
models.architecture.n_encoder_layers=1
models.architecture.n_decoder_layers=1
seed=2    avg_loss: 0.000003108282  time_per_window : 0.000224   progress : 0.415
name: models.architecture.block_type=attention
training.mode=rollout
models.out_dim=10
models.architecture.n_encoder_layers=1
models.architecture.n_decoder_layers=1
seed=2    avg_loss: 0.000002951568  time_per_window : 0.000237   progress : 0.426
name: models.architecture.block_type=attention
training.mode=rollout
models.out_dim=10
models.architecture.n_encoder_layers=1
models.architecture.n_decoder_layers=1
seed=2    avg_loss: 0.000003631458  time_per_window : 0.000224   progress : 0.437
name: models.architecture.block_type=attention
training.mode=rollout
models.out_dim=10
models.architecture.n_encoder_layers=1
models.architecture.n_decoder_layers=1
seed=2    avg_loss: 0.000003434520  time_per_window : 0.000231   progress : 0.448
name: models.architecture.block_type=attention
training.mode=rollout
models.out_dim=10
models.architecture.n_encoder_layers=1
models.architecture.n_decoder_layers=1
seed=2    avg_loss: 0.000003506184  time_per_window : 0.000262   progress : 0.459
name: models.architecture.block_type=attention
training.mode=rollout
models.out_dim=10
models.architecture.n_encoder_layers=1
models.architecture.n_decoder_layers=1
seed=2    avg_loss: 0.000002609097  time_per_window : 0.000221   progress : 0.470
name: models.architecture.block_type=attention
training.mode=rollout
models.out_dim=10
models.architecture.n_encoder_layers=1
models.architecture.n_decoder_layers=1
seed=2    avg_loss: 0.000003094847  time_per_window : 0.000244   progress : 0.481
name: models.architecture.block_type=attention
training.mode=rollout
models.out_dim=10
models.architecture.n_encoder_layers=1
models.architecture.n_decoder_layers=1
seed=0    avg_loss: 0.000003510344  time_per_window : 0.000211   progress : 0.492
name: models.architecture.block_type=attention
training.mode=rollout
models.out_dim=10
models.architecture.n_encoder_layers=1
models.architecture.n_decoder_layers=1
seed=0    avg_loss: 0.000003813175  time_per_window : 0.000281   progress : 0.502
name: models.architecture.block_type=attention
training.mode=rollout
models.out_dim=10
models.architecture.n_encoder_layers=1
models.architecture.n_decoder_layers=1
seed=0    avg_loss: 0.000004011948  time_per_window : 0.000218   progress : 0.513
name: models.architecture.block_type=attention
training.mode=rollout
models.out_dim=10
models.architecture.n_encoder_layers=1
models.architecture.n_decoder_layers=1
seed=0    avg_loss: 0.000003912878  time_per_window : 0.000218   progress : 0.524
name: models.architecture.block_type=attention
training.mode=rollout
models.out_dim=10
models.architecture.n_encoder_layers=1
models.architecture.n_decoder_layers=1
seed=0    avg_loss: 0.000003140044  time_per_window : 0.000223   progress : 0.535
name: models.architecture.block_type=attention
training.mode=rollout
models.out_dim=10
models.architecture.n_encoder_layers=1
models.architecture.n_decoder_layers=1
seed=0    avg_loss: 0.000004181186  time_per_window : 0.000227   progress : 0.546
name: models.architecture.block_type=attention
training.mode=rollout
models.out_dim=10
models.architecture.n_encoder_layers=1
models.architecture.n_decoder_layers=1
seed=0    avg_loss: 0.000003559169  time_per_window : 0.000234   progress : 0.557
name: models.architecture.block_type=attention
training.mode=rollout
models.out_dim=10
models.architecture.n_encoder_layers=1
models.architecture.n_decoder_layers=1
seed=0    avg_loss: 0.000003394366  time_per_window : 0.000237   progress : 0.568
name: models.architecture.block_type=attention
training.mode=rollout
models.out_dim=10
models.architecture.n_encoder_layers=1
models.architecture.n_decoder_layers=1
seed=0    avg_loss: 0.000004208568  time_per_window : 0.000235   progress : 0.579
name: models.architecture.block_type=attention
training.mode=rollout
models.out_dim=10
models.architecture.n_encoder_layers=1
models.architecture.n_decoder_layers=1
seed=0    avg_loss: 0.000004423902  time_per_window : 0.000222   progress : 0.590
name: models.architecture.block_type=attention
training.mode=rollout
models.out_dim=10
models.architecture.n_encoder_layers=1
models.architecture.n_decoder_layers=1
seed=0    avg_loss: 0.000002570551  time_per_window : 0.000243   progress : 0.601
name: models.architecture.block_type=attention
training.mode=rollout
models.out_dim=10
models.architecture.n_encoder_layers=1
models.architecture.n_decoder_layers=1
seed=0    avg_loss: 0.000004210563  time_per_window : 0.000222   progress : 0.612
name: models.architecture.block_type=attention
training.mode=rollout
models.out_dim=10
models.architecture.n_encoder_layers=1
models.architecture.n_decoder_layers=1
seed=0    avg_loss: 0.000003224197  time_per_window : 0.000223   progress : 0.623
name: models.architecture.block_type=attention
training.mode=rollout
models.out_dim=10
models.architecture.n_encoder_layers=1
models.architecture.n_decoder_layers=1
seed=0    avg_loss: 0.000002907629  time_per_window : 0.000231   progress : 0.634
name: models.architecture.block_type=attention
training.mode=rollout
models.out_dim=10
models.architecture.n_encoder_layers=1
models.architecture.n_decoder_layers=1
seed=0    avg_loss: 0.000003628677  time_per_window : 0.000239   progress : 0.644
name: models.architecture.block_type=attention
training.mode=rollout
models.out_dim=10
models.architecture.n_encoder_layers=1
models.architecture.n_decoder_layers=1
seed=0    avg_loss: 0.000003033685  time_per_window : 0.000229   progress : 0.655
name: models.architecture.block_type=attention
training.mode=rollout
models.out_dim=10
models.architecture.n_encoder_layers=1
models.architecture.n_decoder_layers=1
seed=0    avg_loss: 0.000002990056  time_per_window : 0.000282   progress : 0.666
name: models.architecture.block_type=attention
training.mode=rollout
models.out_dim=10
models.architecture.n_encoder_layers=1
models.architecture.n_decoder_layers=1
seed=0    avg_loss: 0.000004662816  time_per_window : 0.000240   progress : 0.677
name: models.architecture.block_type=attention
training.mode=rollout
models.out_dim=10
models.architecture.n_encoder_layers=1
models.architecture.n_decoder_layers=1
seed=0    avg_loss: 0.000003261609  time_per_window : 0.000257   progress : 0.688
name: models.architecture.block_type=attention
training.mode=rollout
models.out_dim=10
models.architecture.n_encoder_layers=1
models.architecture.n_decoder_layers=1
seed=0    avg_loss: 0.000003371503  time_per_window : 0.000238   progress : 0.699
name: models.architecture.block_type=attention
training.mode=rollout
models.out_dim=10
models.architecture.n_encoder_layers=1
models.architecture.n_decoder_layers=1
seed=0    avg_loss: 0.000003031237  time_per_window : 0.000256   progress : 0.710
name: models.architecture.block_type=attention
training.mode=rollout
models.out_dim=10
models.architecture.n_encoder_layers=1
models.architecture.n_decoder_layers=1
seed=0    avg_loss: 0.000003428993  time_per_window : 0.000236   progress : 0.721
name: models.architecture.block_type=attention
training.mode=rollout
models.out_dim=10
models.architecture.n_encoder_layers=1
models.architecture.n_decoder_layers=1
seed=0    avg_loss: 0.000011382525  time_per_window : 0.000232   progress : 0.732
name: models.architecture.block_type=attention
training.mode=rollout
models.out_dim=10
models.architecture.n_encoder_layers=1
models.architecture.n_decoder_layers=1
seed=0    avg_loss: 0.000001382178  time_per_window : 0.000217   progress : 0.743
name: models.architecture.block_type=attention
training.mode=rollout
models.out_dim=10
models.architecture.n_encoder_layers=1
models.architecture.n_decoder_layers=1
seed=0    avg_loss: 0.000001513933  time_per_window : 0.000225   progress : 0.754
name: models.architecture.block_type=attention
training.mode=rollout
models.out_dim=10
models.architecture.n_encoder_layers=1
models.architecture.n_decoder_layers=1
seed=0    avg_loss: 0.000002536668  time_per_window : 0.000229   progress : 0.765
name: models.architecture.block_type=attention
training.mode=rollout
models.out_dim=10
models.architecture.n_encoder_layers=1
models.architecture.n_decoder_layers=1
seed=0    avg_loss: 0.000002168365  time_per_window : 0.000230   progress : 0.775
name: models.architecture.block_type=attention
training.mode=rollout
models.out_dim=10
models.architecture.n_encoder_layers=1
models.architecture.n_decoder_layers=1
seed=0    avg_loss: 0.000002771608  time_per_window : 0.000214   progress : 0.786
name: models.architecture.block_type=attention
training.mode=rollout
models.out_dim=10
models.architecture.n_encoder_layers=1
models.architecture.n_decoder_layers=1
seed=0    avg_loss: 0.000002610402  time_per_window : 0.000214   progress : 0.797
name: models.architecture.block_type=attention
training.mode=rollout
models.out_dim=10
models.architecture.n_encoder_layers=1
models.architecture.n_decoder_layers=1
seed=0    avg_loss: 0.000002869743  time_per_window : 0.000223   progress : 0.808
name: models.architecture.block_type=attention
training.mode=rollout
models.out_dim=10
models.architecture.n_encoder_layers=1
models.architecture.n_decoder_layers=1
seed=0    avg_loss: 0.000003352093  time_per_window : 0.000217   progress : 0.819
name: models.architecture.block_type=attention
training.mode=rollout
models.out_dim=10
models.architecture.n_encoder_layers=1
models.architecture.n_decoder_layers=1
seed=0    avg_loss: 0.000002776038  time_per_window : 0.000216   progress : 0.830
name: models.architecture.block_type=attention
training.mode=rollout
models.out_dim=10
models.architecture.n_encoder_layers=1
models.architecture.n_decoder_layers=1
seed=0    avg_loss: 0.000002322333  time_per_window : 0.000236   progress : 0.841
name: models.architecture.block_type=attention
training.mode=rollout
models.out_dim=10
models.architecture.n_encoder_layers=1
models.architecture.n_decoder_layers=1
seed=0    avg_loss: 0.000002864678  time_per_window : 0.000286   progress : 0.852
name: models.architecture.block_type=attention
training.mode=rollout
models.out_dim=10
models.architecture.n_encoder_layers=1
models.architecture.n_decoder_layers=1
seed=1    avg_loss: 0.000004719041  time_per_window : 0.000226   progress : 0.492
name: models.architecture.block_type=attention
training.mode=rollout
models.out_dim=10
models.architecture.n_encoder_layers=1
models.architecture.n_decoder_layers=1
seed=1    avg_loss: 0.000004088775  time_per_window : 0.000217   progress : 0.502
name: models.architecture.block_type=attention
training.mode=rollout
models.out_dim=10
models.architecture.n_encoder_layers=1
models.architecture.n_decoder_layers=1
seed=1    avg_loss: 0.000004332980  time_per_window : 0.000283   progress : 0.513
name: models.architecture.block_type=attention
training.mode=rollout
models.out_dim=10
models.architecture.n_encoder_layers=1
models.architecture.n_decoder_layers=1
seed=1    avg_loss: 0.000004084619  time_per_window : 0.000207   progress : 0.524
name: models.architecture.block_type=attention
training.mode=rollout
models.out_dim=10
models.architecture.n_encoder_layers=1
models.architecture.n_decoder_layers=1
seed=1    avg_loss: 0.000004006263  time_per_window : 0.000247   progress : 0.535
name: models.architecture.block_type=attention
training.mode=rollout
models.out_dim=10
models.architecture.n_encoder_layers=1
models.architecture.n_decoder_layers=1
seed=1    avg_loss: 0.000004400019  time_per_window : 0.000287   progress : 0.546
name: models.architecture.block_type=attention
training.mode=rollout
models.out_dim=10
models.architecture.n_encoder_layers=1
models.architecture.n_decoder_layers=1
seed=1    avg_loss: 0.000004051051  time_per_window : 0.000231   progress : 0.557
name: models.architecture.block_type=attention
training.mode=rollout
models.out_dim=10
models.architecture.n_encoder_layers=1
models.architecture.n_decoder_layers=1
seed=1    avg_loss: 0.000003661038  time_per_window : 0.000256   progress : 0.568
name: models.architecture.block_type=attention
training.mode=rollout
models.out_dim=10
models.architecture.n_encoder_layers=1
models.architecture.n_decoder_layers=1
seed=1    avg_loss: 0.000003692005  time_per_window : 0.000227   progress : 0.579
name: models.architecture.block_type=attention
training.mode=rollout
models.out_dim=10
models.architecture.n_encoder_layers=1
models.architecture.n_decoder_layers=1
seed=1    avg_loss: 0.000004712337  time_per_window : 0.000206   progress : 0.590
name: models.architecture.block_type=attention
training.mode=rollout
models.out_dim=10
models.architecture.n_encoder_layers=1
models.architecture.n_decoder_layers=1
seed=1    avg_loss: 0.000003932557  time_per_window : 0.000230   progress : 0.601
name: models.architecture.block_type=attention
training.mode=rollout
models.out_dim=10
models.architecture.n_encoder_layers=1
models.architecture.n_decoder_layers=1
seed=1    avg_loss: 0.000003900994  time_per_window : 0.000209   progress : 0.612
name: models.architecture.block_type=attention
training.mode=rollout
models.out_dim=10
models.architecture.n_encoder_layers=1
models.architecture.n_decoder_layers=1
seed=1    avg_loss: 0.000003907304  time_per_window : 0.000235   progress : 0.623
name: models.architecture.block_type=attention
training.mode=rollout
models.out_dim=10
models.architecture.n_encoder_layers=1
models.architecture.n_decoder_layers=1
seed=1    avg_loss: 0.000003530658  time_per_window : 0.000207   progress : 0.634
name: models.architecture.block_type=attention
training.mode=rollout
models.out_dim=10
models.architecture.n_encoder_layers=1
models.architecture.n_decoder_layers=1
seed=1    avg_loss: 0.000010612181  time_per_window : 0.000220   progress : 0.644
name: models.architecture.block_type=attention
training.mode=rollout
models.out_dim=10
models.architecture.n_encoder_layers=1
models.architecture.n_decoder_layers=1
seed=1    avg_loss: 0.000002610436  time_per_window : 0.000226   progress : 0.655
name: models.architecture.block_type=attention
training.mode=rollout
models.out_dim=10
models.architecture.n_encoder_layers=1
models.architecture.n_decoder_layers=1
seed=1    avg_loss: 0.000002209053  time_per_window : 0.000281   progress : 0.666
name: models.architecture.block_type=attention
training.mode=rollout
models.out_dim=10
models.architecture.n_encoder_layers=1
models.architecture.n_decoder_layers=1
seed=1    avg_loss: 0.000002315686  time_per_window : 0.000232   progress : 0.677
name: models.architecture.block_type=attention
training.mode=rollout
models.out_dim=10
models.architecture.n_encoder_layers=1
models.architecture.n_decoder_layers=1
seed=1    avg_loss: 0.000003717288  time_per_window : 0.000231   progress : 0.688
name: models.architecture.block_type=attention
training.mode=rollout
models.out_dim=10
models.architecture.n_encoder_layers=1
models.architecture.n_decoder_layers=1
seed=1    avg_loss: 0.000003172713  time_per_window : 0.000222   progress : 0.699
name: models.architecture.block_type=attention
training.mode=rollout
models.out_dim=10
models.architecture.n_encoder_layers=1
models.architecture.n_decoder_layers=1
seed=1    avg_loss: 0.000003259215  time_per_window : 0.000233   progress : 0.710
name: models.architecture.block_type=attention
training.mode=rollout
models.out_dim=10
models.architecture.n_encoder_layers=1
models.architecture.n_decoder_layers=1
seed=1    avg_loss: 0.000004110952  time_per_window : 0.000224   progress : 0.721
name: models.architecture.block_type=attention
training.mode=rollout
models.out_dim=10
models.architecture.n_encoder_layers=1
models.architecture.n_decoder_layers=1
seed=1    avg_loss: 0.000003413234  time_per_window : 0.000246   progress : 0.732
name: models.architecture.block_type=attention
training.mode=rollout
models.out_dim=10
models.architecture.n_encoder_layers=1
models.architecture.n_decoder_layers=1
seed=1    avg_loss: 0.000003752958  time_per_window : 0.000236   progress : 0.743
name: models.architecture.block_type=attention
training.mode=rollout
models.out_dim=10
models.architecture.n_encoder_layers=1
models.architecture.n_decoder_layers=1
seed=1    avg_loss: 0.000003172292  time_per_window : 0.000218   progress : 0.754
name: models.architecture.block_type=attention
training.mode=rollout
models.out_dim=10
models.architecture.n_encoder_layers=1
models.architecture.n_decoder_layers=1
seed=1    avg_loss: 0.000003177719  time_per_window : 0.000221   progress : 0.765
name: models.architecture.block_type=attention
training.mode=rollout
models.out_dim=10
models.architecture.n_encoder_layers=1
models.architecture.n_decoder_layers=1
seed=1    avg_loss: 0.000003761341  time_per_window : 0.000231   progress : 0.775
name: models.architecture.block_type=attention
training.mode=rollout
models.out_dim=10
models.architecture.n_encoder_layers=1
models.architecture.n_decoder_layers=1
seed=1    avg_loss: 0.000004245921  time_per_window : 0.000223   progress : 0.786
name: models.architecture.block_type=attention
training.mode=rollout
models.out_dim=10
models.architecture.n_encoder_layers=1
models.architecture.n_decoder_layers=1
seed=1    avg_loss: 0.000003458367  time_per_window : 0.000236   progress : 0.797
name: models.architecture.block_type=attention
training.mode=rollout
models.out_dim=10
models.architecture.n_encoder_layers=1
models.architecture.n_decoder_layers=1
seed=1    avg_loss: 0.000002994880  time_per_window : 0.000232   progress : 0.808
name: models.architecture.block_type=attention
training.mode=rollout
models.out_dim=10
models.architecture.n_encoder_layers=1
models.architecture.n_decoder_layers=1
seed=1    avg_loss: 0.000003845339  time_per_window : 0.000242   progress : 0.819
name: models.architecture.block_type=attention
training.mode=rollout
models.out_dim=10
models.architecture.n_encoder_layers=1
models.architecture.n_decoder_layers=1
seed=1    avg_loss: 0.000002859745  time_per_window : 0.000227   progress : 0.830
name: models.architecture.block_type=attention
training.mode=rollout
models.out_dim=10
models.architecture.n_encoder_layers=1
models.architecture.n_decoder_layers=1
seed=1    avg_loss: 0.000003612675  time_per_window : 0.000231   progress : 0.841
name: models.architecture.block_type=attention
training.mode=rollout
models.out_dim=10
models.architecture.n_encoder_layers=1
models.architecture.n_decoder_layers=1
seed=1    avg_loss: 0.000025900283  time_per_window : 0.000256   progress : 0.852
name: models.architecture.block_type=attention
training.mode=rollout
models.out_dim=10
models.architecture.n_encoder_layers=1
models.architecture.n_decoder_layers=1
seed=3    avg_loss: 0.000003487996  time_per_window : 0.000232   progress : 0.492
name: models.architecture.block_type=attention
training.mode=rollout
models.out_dim=10
models.architecture.n_encoder_layers=1
models.architecture.n_decoder_layers=1
seed=3    avg_loss: 0.000005904750  time_per_window : 0.000233   progress : 0.502
name: models.architecture.block_type=attention
training.mode=rollout
models.out_dim=10
models.architecture.n_encoder_layers=1
models.architecture.n_decoder_layers=1
seed=3    avg_loss: 0.000004274481  time_per_window : 0.000222   progress : 0.513
name: models.architecture.block_type=attention
training.mode=rollout
models.out_dim=10
models.architecture.n_encoder_layers=1
models.architecture.n_decoder_layers=1
seed=3    avg_loss: 0.000004876089  time_per_window : 0.000245   progress : 0.524
name: models.architecture.block_type=attention
training.mode=rollout
models.out_dim=10
models.architecture.n_encoder_layers=1
models.architecture.n_decoder_layers=1
seed=3    avg_loss: 0.000004638444  time_per_window : 0.000269   progress : 0.535
name: models.architecture.block_type=attention
training.mode=rollout
models.out_dim=10
models.architecture.n_encoder_layers=1
models.architecture.n_decoder_layers=1
seed=3    avg_loss: 0.000003556888  time_per_window : 0.000278   progress : 0.546
name: models.architecture.block_type=attention
training.mode=rollout
models.out_dim=10
models.architecture.n_encoder_layers=1
models.architecture.n_decoder_layers=1
seed=3    avg_loss: 0.000003501058  time_per_window : 0.000273   progress : 0.557
name: models.architecture.block_type=attention
training.mode=rollout
models.out_dim=10
models.architecture.n_encoder_layers=1
models.architecture.n_decoder_layers=1
seed=3    avg_loss: 0.000005671194  time_per_window : 0.000202   progress : 0.568
name: models.architecture.block_type=attention
training.mode=rollout
models.out_dim=10
models.architecture.n_encoder_layers=1
models.architecture.n_decoder_layers=1
seed=3    avg_loss: 0.000004867569  time_per_window : 0.000243   progress : 0.579
name: models.architecture.block_type=attention
training.mode=rollout
models.out_dim=10
models.architecture.n_encoder_layers=1
models.architecture.n_decoder_layers=1
seed=3    avg_loss: 0.000003077708  time_per_window : 0.000242   progress : 0.590
name: models.architecture.block_type=attention
training.mode=rollout
models.out_dim=10
models.architecture.n_encoder_layers=1
models.architecture.n_decoder_layers=1
seed=3    avg_loss: 0.000003890852  time_per_window : 0.000213   progress : 0.601
name: models.architecture.block_type=attention
training.mode=rollout
models.out_dim=10
models.architecture.n_encoder_layers=1
models.architecture.n_decoder_layers=1
seed=3    avg_loss: 0.000005106595  time_per_window : 0.000242   progress : 0.612
name: models.architecture.block_type=attention
training.mode=rollout
models.out_dim=10
models.architecture.n_encoder_layers=1
models.architecture.n_decoder_layers=1
seed=3    avg_loss: 0.000003373962  time_per_window : 0.000238   progress : 0.623
name: models.architecture.block_type=attention
training.mode=rollout
models.out_dim=10
models.architecture.n_encoder_layers=1
models.architecture.n_decoder_layers=1
seed=3    avg_loss: 0.000003979360  time_per_window : 0.000229   progress : 0.634
name: models.architecture.block_type=attention
training.mode=rollout
models.out_dim=10
models.architecture.n_encoder_layers=1
models.architecture.n_decoder_layers=1
seed=3    avg_loss: 0.000013167421  time_per_window : 0.000221   progress : 0.644
name: models.architecture.block_type=attention
training.mode=rollout
models.out_dim=10
models.architecture.n_encoder_layers=1
models.architecture.n_decoder_layers=1
seed=3    avg_loss: 0.000002340232  time_per_window : 0.000243   progress : 0.655
name: models.architecture.block_type=attention
training.mode=rollout
models.out_dim=10
models.architecture.n_encoder_layers=1
models.architecture.n_decoder_layers=1
seed=3    avg_loss: 0.000002392183  time_per_window : 0.000263   progress : 0.666
name: models.architecture.block_type=attention
training.mode=rollout
models.out_dim=10
models.architecture.n_encoder_layers=1
models.architecture.n_decoder_layers=1
seed=3    avg_loss: 0.000002567908  time_per_window : 0.000253   progress : 0.677
name: models.architecture.block_type=attention
training.mode=rollout
models.out_dim=10
models.architecture.n_encoder_layers=1
models.architecture.n_decoder_layers=1
seed=3    avg_loss: 0.000002478418  time_per_window : 0.000280   progress : 0.688
name: models.architecture.block_type=attention
training.mode=rollout
models.out_dim=10
models.architecture.n_encoder_layers=1
models.architecture.n_decoder_layers=1
seed=3    avg_loss: 0.000003801909  time_per_window : 0.000229   progress : 0.699
name: models.architecture.block_type=attention
training.mode=rollout
models.out_dim=10
models.architecture.n_encoder_layers=1
models.architecture.n_decoder_layers=1
seed=3    avg_loss: 0.000003198077  time_per_window : 0.000243   progress : 0.710
name: models.architecture.block_type=attention
training.mode=rollout
models.out_dim=10
models.architecture.n_encoder_layers=1
models.architecture.n_decoder_layers=1
seed=3    avg_loss: 0.000004103022  time_per_window : 0.000227   progress : 0.721
name: models.architecture.block_type=attention
training.mode=rollout
models.out_dim=10
models.architecture.n_encoder_layers=1
models.architecture.n_decoder_layers=1
seed=3    avg_loss: 0.000004116451  time_per_window : 0.000257   progress : 0.732
name: models.architecture.block_type=attention
training.mode=rollout
models.out_dim=10
models.architecture.n_encoder_layers=1
models.architecture.n_decoder_layers=1
seed=3    avg_loss: 0.000003171489  time_per_window : 0.000244   progress : 0.743
name: models.architecture.block_type=attention
training.mode=rollout
models.out_dim=10
models.architecture.n_encoder_layers=1
models.architecture.n_decoder_layers=1
seed=3    avg_loss: 0.000003269545  time_per_window : 0.000238   progress : 0.754
name: models.architecture.block_type=attention
training.mode=rollout
models.out_dim=10
models.architecture.n_encoder_layers=1
models.architecture.n_decoder_layers=1
seed=3    avg_loss: 0.000036991471  time_per_window : 0.000220   progress : 0.765
name: models.architecture.block_type=attention
training.mode=rollout
models.out_dim=10
models.architecture.n_encoder_layers=1
models.architecture.n_decoder_layers=1
seed=3    avg_loss: 0.000001679561  time_per_window : 0.000241   progress : 0.775
name: models.architecture.block_type=attention
training.mode=rollout
models.out_dim=10
models.architecture.n_encoder_layers=1
models.architecture.n_decoder_layers=1
seed=3    avg_loss: 0.000001932016  time_per_window : 0.000248   progress : 0.786
name: models.architecture.block_type=attention
training.mode=rollout
models.out_dim=10
models.architecture.n_encoder_layers=1
models.architecture.n_decoder_layers=1
seed=3    avg_loss: 0.000001663849  time_per_window : 0.000226   progress : 0.797
name: models.architecture.block_type=attention
training.mode=rollout
models.out_dim=10
models.architecture.n_encoder_layers=1
models.architecture.n_decoder_layers=1
seed=3    avg_loss: 0.000001673104  time_per_window : 0.000239   progress : 0.808
name: models.architecture.block_type=attention
training.mode=rollout
models.out_dim=10
models.architecture.n_encoder_layers=1
models.architecture.n_decoder_layers=1
seed=3    avg_loss: 0.000001680496  time_per_window : 0.000231   progress : 0.819
name: models.architecture.block_type=attention
training.mode=rollout
models.out_dim=10
models.architecture.n_encoder_layers=1
models.architecture.n_decoder_layers=1
seed=3    avg_loss: 0.000001806563  time_per_window : 0.000212   progress : 0.830
name: models.architecture.block_type=attention
training.mode=rollout
models.out_dim=10
models.architecture.n_encoder_layers=1
models.architecture.n_decoder_layers=1
seed=3    avg_loss: 0.000002458529  time_per_window : 0.000229   progress : 0.841
name: models.architecture.block_type=attention
training.mode=rollout
models.out_dim=10
models.architecture.n_encoder_layers=1
models.architecture.n_decoder_layers=1
seed=3    avg_loss: 0.000002354805  time_per_window : 0.000240   progress : 0.852
name: models.architecture.block_type=attention
training.mode=rollout
models.out_dim=10
models.architecture.n_encoder_layers=1
models.architecture.n_decoder_layers=1
seed=4    avg_loss: 0.000004000922  time_per_window : 0.000247   progress : 0.492
name: models.architecture.block_type=attention
training.mode=rollout
models.out_dim=10
models.architecture.n_encoder_layers=1
models.architecture.n_decoder_layers=1
seed=4    avg_loss: 0.000005108355  time_per_window : 0.000228   progress : 0.502
name: models.architecture.block_type=attention
training.mode=rollout
models.out_dim=10
models.architecture.n_encoder_layers=1
models.architecture.n_decoder_layers=1
seed=4    avg_loss: 0.000004424248  time_per_window : 0.000212   progress : 0.513
name: models.architecture.block_type=attention
training.mode=rollout
models.out_dim=10
models.architecture.n_encoder_layers=1
models.architecture.n_decoder_layers=1
seed=4    avg_loss: 0.000004807264  time_per_window : 0.000243   progress : 0.524
name: models.architecture.block_type=attention
training.mode=rollout
models.out_dim=10
models.architecture.n_encoder_layers=1
models.architecture.n_decoder_layers=1
seed=4    avg_loss: 0.000003100648  time_per_window : 0.000212   progress : 0.535
name: models.architecture.block_type=attention
training.mode=rollout
models.out_dim=10
models.architecture.n_encoder_layers=1
models.architecture.n_decoder_layers=1
seed=4    avg_loss: 0.000004428823  time_per_window : 0.000244   progress : 0.546
name: models.architecture.block_type=attention
training.mode=rollout
models.out_dim=10
models.architecture.n_encoder_layers=1
models.architecture.n_decoder_layers=1
seed=4    avg_loss: 0.000004591433  time_per_window : 0.000292   progress : 0.557
name: models.architecture.block_type=attention
training.mode=rollout
models.out_dim=10
models.architecture.n_encoder_layers=1
models.architecture.n_decoder_layers=1
seed=4    avg_loss: 0.000003639317  time_per_window : 0.000217   progress : 0.568
name: models.architecture.block_type=attention
training.mode=rollout
models.out_dim=10
models.architecture.n_encoder_layers=1
models.architecture.n_decoder_layers=1
seed=4    avg_loss: 0.000005574519  time_per_window : 0.000238   progress : 0.579
name: models.architecture.block_type=attention
training.mode=rollout
models.out_dim=10
models.architecture.n_encoder_layers=1
models.architecture.n_decoder_layers=1
seed=4    avg_loss: 0.000003277860  time_per_window : 0.000229   progress : 0.590
name: models.architecture.block_type=attention
training.mode=rollout
models.out_dim=10
models.architecture.n_encoder_layers=1
models.architecture.n_decoder_layers=1
seed=4    avg_loss: 0.000003706267  time_per_window : 0.000265   progress : 0.601
name: models.architecture.block_type=attention
training.mode=rollout
models.out_dim=10
models.architecture.n_encoder_layers=1
models.architecture.n_decoder_layers=1
seed=4    avg_loss: 0.000004162804  time_per_window : 0.000230   progress : 0.612
name: models.architecture.block_type=attention
training.mode=rollout
models.out_dim=10
models.architecture.n_encoder_layers=1
models.architecture.n_decoder_layers=1
seed=4    avg_loss: 0.000004996463  time_per_window : 0.000223   progress : 0.623
name: models.architecture.block_type=attention
training.mode=rollout
models.out_dim=10
models.architecture.n_encoder_layers=1
models.architecture.n_decoder_layers=1
seed=4    avg_loss: 0.000003573827  time_per_window : 0.000224   progress : 0.634
name: models.architecture.block_type=attention
training.mode=rollout
models.out_dim=10
models.architecture.n_encoder_layers=1
models.architecture.n_decoder_layers=1
seed=4    avg_loss: 0.000003759124  time_per_window : 0.000229   progress : 0.644
name: models.architecture.block_type=attention
training.mode=rollout
models.out_dim=10
models.architecture.n_encoder_layers=1
models.architecture.n_decoder_layers=1
seed=4    avg_loss: 0.000004063025  time_per_window : 0.000230   progress : 0.655
name: models.architecture.block_type=attention
training.mode=rollout
models.out_dim=10
models.architecture.n_encoder_layers=1
models.architecture.n_decoder_layers=1
seed=4    avg_loss: 0.000022118011  time_per_window : 0.000238   progress : 0.666
name: models.architecture.block_type=attention
training.mode=rollout
models.out_dim=10
models.architecture.n_encoder_layers=1
models.architecture.n_decoder_layers=1
seed=4    avg_loss: 0.000022634515  time_per_window : 0.000205   progress : 0.677
name: models.architecture.block_type=attention
training.mode=rollout
models.out_dim=10
models.architecture.n_encoder_layers=1
models.architecture.n_decoder_layers=1
seed=4    avg_loss: 0.000001438457  time_per_window : 0.000199   progress : 0.688
name: models.architecture.block_type=attention
training.mode=rollout
models.out_dim=10
models.architecture.n_encoder_layers=1
models.architecture.n_decoder_layers=1
seed=4    avg_loss: 0.000001828899  time_per_window : 0.000251   progress : 0.699
name: models.architecture.block_type=attention
training.mode=rollout
models.out_dim=10
models.architecture.n_encoder_layers=1
models.architecture.n_decoder_layers=1
seed=4    avg_loss: 0.000001632489  time_per_window : 0.000237   progress : 0.710
name: models.architecture.block_type=attention
training.mode=rollout
models.out_dim=10
models.architecture.n_encoder_layers=1
models.architecture.n_decoder_layers=1
seed=4    avg_loss: 0.000001748560  time_per_window : 0.000248   progress : 0.721
name: models.architecture.block_type=attention
training.mode=rollout
models.out_dim=10
models.architecture.n_encoder_layers=1
models.architecture.n_decoder_layers=1
seed=4    avg_loss: 0.000002335177  time_per_window : 0.000273   progress : 0.732
name: models.architecture.block_type=attention
training.mode=rollout
models.out_dim=10
models.architecture.n_encoder_layers=1
models.architecture.n_decoder_layers=1
seed=4    avg_loss: 0.000001862713  time_per_window : 0.000232   progress : 0.743
name: models.architecture.block_type=attention
training.mode=rollout
models.out_dim=10
models.architecture.n_encoder_layers=1
models.architecture.n_decoder_layers=1
seed=4    avg_loss: 0.000002377607  time_per_window : 0.000225   progress : 0.754
name: models.architecture.block_type=attention
training.mode=rollout
models.out_dim=10
models.architecture.n_encoder_layers=1
models.architecture.n_decoder_layers=1
seed=4    avg_loss: 0.000002847483  time_per_window : 0.000215   progress : 0.765
name: models.architecture.block_type=attention
training.mode=rollout
models.out_dim=10
models.architecture.n_encoder_layers=1
models.architecture.n_decoder_layers=1
seed=4    avg_loss: 0.000002788520  time_per_window : 0.000214   progress : 0.775
name: models.architecture.block_type=attention
training.mode=rollout
models.out_dim=10
models.architecture.n_encoder_layers=1
models.architecture.n_decoder_layers=1
seed=4    avg_loss: 0.000003618449  time_per_window : 0.000246   progress : 0.786
name: models.architecture.block_type=attention
training.mode=rollout
models.out_dim=10
models.architecture.n_encoder_layers=1
models.architecture.n_decoder_layers=1
seed=4    avg_loss: 0.000003029169  time_per_window : 0.000253   progress : 0.797
name: models.architecture.block_type=attention
training.mode=rollout
models.out_dim=10
models.architecture.n_encoder_layers=1
models.architecture.n_decoder_layers=1
seed=4    avg_loss: 0.000002951431  time_per_window : 0.000272   progress : 0.808
name: models.architecture.block_type=attention
training.mode=rollout
models.out_dim=10
models.architecture.n_encoder_layers=1
models.architecture.n_decoder_layers=1
seed=4    avg_loss: 0.000003133692  time_per_window : 0.000234   progress : 0.819
name: models.architecture.block_type=attention
training.mode=rollout
models.out_dim=10
models.architecture.n_encoder_layers=1
models.architecture.n_decoder_layers=1
seed=4    avg_loss: 0.000003670750  time_per_window : 0.000242   progress : 0.830
name: models.architecture.block_type=attention
training.mode=rollout
models.out_dim=10
models.architecture.n_encoder_layers=1
models.architecture.n_decoder_layers=1
seed=4    avg_loss: 0.000004101830  time_per_window : 0.000210   progress : 0.841
name: models.architecture.block_type=attention
training.mode=rollout
models.out_dim=10
models.architecture.n_encoder_layers=1
models.architecture.n_decoder_layers=1
seed=4    avg_loss: 0.000002757680  time_per_window : 0.000234   progress : 0.852
name: models.architecture.block_type=attention
training.mode=rollout
models.out_dim=10
models.architecture.n_encoder_layers=1
models.architecture.n_decoder_layers=1
seed=2    avg_loss: 0.000002715526  time_per_window : 0.000217   progress : 0.492
name: models.architecture.block_type=attention
training.mode=rollout
models.out_dim=10
models.architecture.n_encoder_layers=1
models.architecture.n_decoder_layers=1
seed=2    avg_loss: 0.000003069656  time_per_window : 0.000215   progress : 0.502
name: models.architecture.block_type=attention
training.mode=rollout
models.out_dim=10
models.architecture.n_encoder_layers=1
models.architecture.n_decoder_layers=1
seed=2    avg_loss: 0.000003709107  time_per_window : 0.000237   progress : 0.513
name: models.architecture.block_type=attention
training.mode=rollout
models.out_dim=10
models.architecture.n_encoder_layers=1
models.architecture.n_decoder_layers=1
seed=2    avg_loss: 0.000002854170  time_per_window : 0.000232   progress : 0.524
name: models.architecture.block_type=attention
training.mode=rollout
models.out_dim=10
models.architecture.n_encoder_layers=1
models.architecture.n_decoder_layers=1
seed=2    avg_loss: 0.000003236452  time_per_window : 0.000257   progress : 0.535
name: models.architecture.block_type=attention
training.mode=rollout
models.out_dim=10
models.architecture.n_encoder_layers=1
models.architecture.n_decoder_layers=1
seed=2    avg_loss: 0.000003202381  time_per_window : 0.000229   progress : 0.546
name: models.architecture.block_type=attention
training.mode=rollout
models.out_dim=10
models.architecture.n_encoder_layers=1
models.architecture.n_decoder_layers=1
seed=2    avg_loss: 0.000002692159  time_per_window : 0.000257   progress : 0.557
name: models.architecture.block_type=attention
training.mode=rollout
models.out_dim=10
models.architecture.n_encoder_layers=1
models.architecture.n_decoder_layers=1
seed=2    avg_loss: 0.000002728737  time_per_window : 0.000233   progress : 0.568
name: models.architecture.block_type=attention
training.mode=rollout
models.out_dim=10
models.architecture.n_encoder_layers=1
models.architecture.n_decoder_layers=1
seed=2    avg_loss: 0.000003580721  time_per_window : 0.000252   progress : 0.579
name: models.architecture.block_type=attention
training.mode=rollout
models.out_dim=10
models.architecture.n_encoder_layers=1
models.architecture.n_decoder_layers=1
seed=2    avg_loss: 0.000002174682  time_per_window : 0.000252   progress : 0.590
name: models.architecture.block_type=attention
training.mode=rollout
models.out_dim=10
models.architecture.n_encoder_layers=1
models.architecture.n_decoder_layers=1
seed=2    avg_loss: 0.000002938542  time_per_window : 0.000235   progress : 0.601
name: models.architecture.block_type=attention
training.mode=rollout
models.out_dim=10
models.architecture.n_encoder_layers=1
models.architecture.n_decoder_layers=1
seed=2    avg_loss: 0.000002844571  time_per_window : 0.000214   progress : 0.612
name: models.architecture.block_type=attention
training.mode=rollout
models.out_dim=10
models.architecture.n_encoder_layers=1
models.architecture.n_decoder_layers=1
seed=2    avg_loss: 0.000003008646  time_per_window : 0.000228   progress : 0.623
name: models.architecture.block_type=attention
training.mode=rollout
models.out_dim=10
models.architecture.n_encoder_layers=1
models.architecture.n_decoder_layers=1
seed=2    avg_loss: 0.000002240941  time_per_window : 0.000239   progress : 0.634
name: models.architecture.block_type=attention
training.mode=rollout
models.out_dim=10
models.architecture.n_encoder_layers=1
models.architecture.n_decoder_layers=1
seed=2    avg_loss: 0.000003028716  time_per_window : 0.000227   progress : 0.644
name: models.architecture.block_type=attention
training.mode=rollout
models.out_dim=10
models.architecture.n_encoder_layers=1
models.architecture.n_decoder_layers=1
seed=2    avg_loss: 0.000002579449  time_per_window : 0.000239   progress : 0.655
name: models.architecture.block_type=attention
training.mode=rollout
models.out_dim=10
models.architecture.n_encoder_layers=1
models.architecture.n_decoder_layers=1
seed=2    avg_loss: 0.000002215013  time_per_window : 0.000240   progress : 0.666
name: models.architecture.block_type=attention
training.mode=rollout
models.out_dim=10
models.architecture.n_encoder_layers=1
models.architecture.n_decoder_layers=1
seed=2    avg_loss: 0.000002466902  time_per_window : 0.000245   progress : 0.677
name: models.architecture.block_type=attention
training.mode=rollout
models.out_dim=10
models.architecture.n_encoder_layers=1
models.architecture.n_decoder_layers=1
seed=2    avg_loss: 0.000003968645  time_per_window : 0.000260   progress : 0.688
name: models.architecture.block_type=attention
training.mode=rollout
models.out_dim=10
models.architecture.n_encoder_layers=1
models.architecture.n_decoder_layers=1
seed=2    avg_loss: 0.000001955301  time_per_window : 0.000247   progress : 0.699
name: models.architecture.block_type=attention
training.mode=rollout
models.out_dim=10
models.architecture.n_encoder_layers=1
models.architecture.n_decoder_layers=1
seed=2    avg_loss: 0.000007489835  time_per_window : 0.000265   progress : 0.710
name: models.architecture.block_type=attention
training.mode=rollout
models.out_dim=10
models.architecture.n_encoder_layers=1
models.architecture.n_decoder_layers=1
seed=2    avg_loss: 0.000003088480  time_per_window : 0.000246   progress : 0.721
name: models.architecture.block_type=attention
training.mode=rollout
models.out_dim=10
models.architecture.n_encoder_layers=1
models.architecture.n_decoder_layers=1
seed=2    avg_loss: 0.000001691491  time_per_window : 0.000221   progress : 0.732
name: models.architecture.block_type=attention
training.mode=rollout
models.out_dim=10
models.architecture.n_encoder_layers=1
models.architecture.n_decoder_layers=1
seed=2    avg_loss: 0.000001706574  time_per_window : 0.000238   progress : 0.743
name: models.architecture.block_type=attention
training.mode=rollout
models.out_dim=10
models.architecture.n_encoder_layers=1
models.architecture.n_decoder_layers=1
seed=2    avg_loss: 0.000001506177  time_per_window : 0.000222   progress : 0.754
name: models.architecture.block_type=attention
training.mode=rollout
models.out_dim=10
models.architecture.n_encoder_layers=1
models.architecture.n_decoder_layers=1
seed=2    avg_loss: 0.000002008961  time_per_window : 0.000237   progress : 0.765
name: models.architecture.block_type=attention
training.mode=rollout
models.out_dim=10
models.architecture.n_encoder_layers=1
models.architecture.n_decoder_layers=1
seed=2    avg_loss: 0.000002346910  time_per_window : 0.000268   progress : 0.775
name: models.architecture.block_type=attention
training.mode=rollout
models.out_dim=10
models.architecture.n_encoder_layers=1
models.architecture.n_decoder_layers=1
seed=2    avg_loss: 0.000001828009  time_per_window : 0.000256   progress : 0.786
name: models.architecture.block_type=attention
training.mode=rollout
models.out_dim=10
models.architecture.n_encoder_layers=1
models.architecture.n_decoder_layers=1
seed=2    avg_loss: 0.000002556703  time_per_window : 0.000253   progress : 0.797
name: models.architecture.block_type=attention
training.mode=rollout
models.out_dim=10
models.architecture.n_encoder_layers=1
models.architecture.n_decoder_layers=1
seed=2    avg_loss: 0.000001983850  time_per_window : 0.000244   progress : 0.808
name: models.architecture.block_type=attention
training.mode=rollout
models.out_dim=10
models.architecture.n_encoder_layers=1
models.architecture.n_decoder_layers=1
seed=2    avg_loss: 0.000002208145  time_per_window : 0.000227   progress : 0.819
name: models.architecture.block_type=attention
training.mode=rollout
models.out_dim=10
models.architecture.n_encoder_layers=1
models.architecture.n_decoder_layers=1
seed=2    avg_loss: 0.000002360542  time_per_window : 0.000220   progress : 0.830
name: models.architecture.block_type=attention
training.mode=rollout
models.out_dim=10
models.architecture.n_encoder_layers=1
models.architecture.n_decoder_layers=1
seed=2    avg_loss: 0.000002227100  time_per_window : 0.000216   progress : 0.841
name: models.architecture.block_type=attention
training.mode=rollout
models.out_dim=10
models.architecture.n_encoder_layers=1
models.architecture.n_decoder_layers=1
seed=2    avg_loss: 0.000002556104  time_per_window : 0.000227   progress : 0.852
name: models.architecture.block_type=attention
training.mode=rollout
models.out_dim=10
models.architecture.n_encoder_layers=1
models.architecture.n_decoder_layers=1
seed=0    avg_loss: 0.000002902536  time_per_window : 0.000205   progress : 0.863
name: models.architecture.block_type=attention
training.mode=rollout
models.out_dim=10
models.architecture.n_encoder_layers=1
models.architecture.n_decoder_layers=1
seed=0    avg_loss: 0.000003511545  time_per_window : 0.000215   progress : 0.874
name: models.architecture.block_type=attention
training.mode=rollout
models.out_dim=10
models.architecture.n_encoder_layers=1
models.architecture.n_decoder_layers=1
seed=0    avg_loss: 0.000002787977  time_per_window : 0.000234   progress : 0.885
name: models.architecture.block_type=attention
training.mode=rollout
models.out_dim=10
models.architecture.n_encoder_layers=1
models.architecture.n_decoder_layers=1
seed=0    avg_loss: 0.000002904616  time_per_window : 0.000239   progress : 0.896
name: models.architecture.block_type=attention
training.mode=rollout
models.out_dim=10
models.architecture.n_encoder_layers=1
models.architecture.n_decoder_layers=1
seed=0    avg_loss: 0.000002614067  time_per_window : 0.000208   progress : 0.907
name: models.architecture.block_type=attention
training.mode=rollout
models.out_dim=10
models.architecture.n_encoder_layers=1
models.architecture.n_decoder_layers=1
seed=0    avg_loss: 0.000003255279  time_per_window : 0.000228   progress : 0.917
name: models.architecture.block_type=attention
training.mode=rollout
models.out_dim=10
models.architecture.n_encoder_layers=1
models.architecture.n_decoder_layers=1
seed=0    avg_loss: 0.000003011283  time_per_window : 0.000263   progress : 0.928
name: models.architecture.block_type=attention
training.mode=rollout
models.out_dim=10
models.architecture.n_encoder_layers=1
models.architecture.n_decoder_layers=1
seed=0    avg_loss: 0.000002667976  time_per_window : 0.000217   progress : 0.939
name: models.architecture.block_type=attention
training.mode=rollout
models.out_dim=10
models.architecture.n_encoder_layers=1
models.architecture.n_decoder_layers=1
seed=0    avg_loss: 0.000002417566  time_per_window : 0.000221   progress : 0.950
name: models.architecture.block_type=attention
training.mode=rollout
models.out_dim=10
models.architecture.n_encoder_layers=1
models.architecture.n_decoder_layers=1
seed=0    avg_loss: 0.000002713763  time_per_window : 0.000221   progress : 0.961
name: models.architecture.block_type=attention
training.mode=rollout
models.out_dim=10
models.architecture.n_encoder_layers=1
models.architecture.n_decoder_layers=1
seed=0    avg_loss: 0.000002570346  time_per_window : 0.000248   progress : 0.972
name: models.architecture.block_type=attention
training.mode=rollout
models.out_dim=10
models.architecture.n_encoder_layers=1
models.architecture.n_decoder_layers=1
seed=0    avg_loss: 0.000002470826  time_per_window : 0.000225   progress : 0.983
name: models.architecture.block_type=attention
training.mode=rollout
models.out_dim=10
models.architecture.n_encoder_layers=1
models.architecture.n_decoder_layers=1
seed=0    avg_loss: 0.000004362844  time_per_window : 0.000233   progress : 0.994
DONE!!!

name: models.architecture.block_type=attention
training.mode=rollout
models.out_dim=10
models.architecture.n_encoder_layers=1
models.architecture.n_decoder_layers=1
seed=1    avg_loss: 0.000002446340  time_per_window : 0.000260   progress : 0.863
name: models.architecture.block_type=attention
training.mode=rollout
models.out_dim=10
models.architecture.n_encoder_layers=1
models.architecture.n_decoder_layers=1
seed=1    avg_loss: 0.000001618752  time_per_window : 0.000230   progress : 0.874
name: models.architecture.block_type=attention
training.mode=rollout
models.out_dim=10
models.architecture.n_encoder_layers=1
models.architecture.n_decoder_layers=1
seed=1    avg_loss: 0.000001580569  time_per_window : 0.000240   progress : 0.885
name: models.architecture.block_type=attention
training.mode=rollout
models.out_dim=10
models.architecture.n_encoder_layers=1
models.architecture.n_decoder_layers=1
seed=1    avg_loss: 0.000001454428  time_per_window : 0.000273   progress : 0.896
name: models.architecture.block_type=attention
training.mode=rollout
models.out_dim=10
models.architecture.n_encoder_layers=1
models.architecture.n_decoder_layers=1
seed=1    avg_loss: 0.000001365430  time_per_window : 0.000224   progress : 0.907
name: models.architecture.block_type=attention
training.mode=rollout
models.out_dim=10
models.architecture.n_encoder_layers=1
models.architecture.n_decoder_layers=1
seed=1    avg_loss: 0.000002192200  time_per_window : 0.000225   progress : 0.917
name: models.architecture.block_type=attention
training.mode=rollout
models.out_dim=10
models.architecture.n_encoder_layers=1
models.architecture.n_decoder_layers=1
seed=1    avg_loss: 0.000002002922  time_per_window : 0.000223   progress : 0.928
name: models.architecture.block_type=attention
training.mode=rollout
models.out_dim=10
models.architecture.n_encoder_layers=1
models.architecture.n_decoder_layers=1
seed=1    avg_loss: 0.000002295356  time_per_window : 0.000264   progress : 0.939
name: models.architecture.block_type=attention
training.mode=rollout
models.out_dim=10
models.architecture.n_encoder_layers=1
models.architecture.n_decoder_layers=1
seed=1    avg_loss: 0.000002276490  time_per_window : 0.000228   progress : 0.950
name: models.architecture.block_type=attention
training.mode=rollout
models.out_dim=10
models.architecture.n_encoder_layers=1
models.architecture.n_decoder_layers=1
seed=1    avg_loss: 0.000002407888  time_per_window : 0.000216   progress : 0.961
name: models.architecture.block_type=attention
training.mode=rollout
models.out_dim=10
models.architecture.n_encoder_layers=1
models.architecture.n_decoder_layers=1
seed=1    avg_loss: 0.000002350750  time_per_window : 0.000219   progress : 0.972
name: models.architecture.block_type=attention
training.mode=rollout
models.out_dim=10
models.architecture.n_encoder_layers=1
models.architecture.n_decoder_layers=1
seed=1    avg_loss: 0.000002748094  time_per_window : 0.000231   progress : 0.983
name: models.architecture.block_type=attention
training.mode=rollout
models.out_dim=10
models.architecture.n_encoder_layers=1
models.architecture.n_decoder_layers=1
seed=1    avg_loss: 0.000002631868  time_per_window : 0.000240   progress : 0.994
DONE!!!

name: models.architecture.block_type=attention
training.mode=rollout
models.out_dim=10
models.architecture.n_encoder_layers=1
models.architecture.n_decoder_layers=1
seed=3    avg_loss: 0.000002772601  time_per_window : 0.000223   progress : 0.863
name: models.architecture.block_type=attention
training.mode=rollout
models.out_dim=10
models.architecture.n_encoder_layers=1
models.architecture.n_decoder_layers=1
seed=3    avg_loss: 0.000002706938  time_per_window : 0.000264   progress : 0.874
name: models.architecture.block_type=attention
training.mode=rollout
models.out_dim=10
models.architecture.n_encoder_layers=1
models.architecture.n_decoder_layers=1
seed=3    avg_loss: 0.000002517584  time_per_window : 0.000216   progress : 0.885
name: models.architecture.block_type=attention
training.mode=rollout
models.out_dim=10
models.architecture.n_encoder_layers=1
models.architecture.n_decoder_layers=1
seed=3    avg_loss: 0.000003045634  time_per_window : 0.000222   progress : 0.896
name: models.architecture.block_type=attention
training.mode=rollout
models.out_dim=10
models.architecture.n_encoder_layers=1
models.architecture.n_decoder_layers=1
seed=3    avg_loss: 0.000003656338  time_per_window : 0.000218   progress : 0.907
name: models.architecture.block_type=attention
training.mode=rollout
models.out_dim=10
models.architecture.n_encoder_layers=1
models.architecture.n_decoder_layers=1
seed=3    avg_loss: 0.000003490965  time_per_window : 0.000254   progress : 0.917
name: models.architecture.block_type=attention
training.mode=rollout
models.out_dim=10
models.architecture.n_encoder_layers=1
models.architecture.n_decoder_layers=1
seed=3    avg_loss: 0.000002971450  time_per_window : 0.000220   progress : 0.928
name: models.architecture.block_type=attention
training.mode=rollout
models.out_dim=10
models.architecture.n_encoder_layers=1
models.architecture.n_decoder_layers=1
seed=3    avg_loss: 0.000003330319  time_per_window : 0.000236   progress : 0.939
name: models.architecture.block_type=attention
training.mode=rollout
models.out_dim=10
models.architecture.n_encoder_layers=1
models.architecture.n_decoder_layers=1
seed=3    avg_loss: 0.000002854473  time_per_window : 0.000272   progress : 0.950
name: models.architecture.block_type=attention
training.mode=rollout
models.out_dim=10
models.architecture.n_encoder_layers=1
models.architecture.n_decoder_layers=1
seed=3    avg_loss: 0.000002999070  time_per_window : 0.000219   progress : 0.961
name: models.architecture.block_type=attention
training.mode=rollout
models.out_dim=10
models.architecture.n_encoder_layers=1
models.architecture.n_decoder_layers=1
seed=3    avg_loss: 0.000003466556  time_per_window : 0.000203   progress : 0.972
name: models.architecture.block_type=attention
training.mode=rollout
models.out_dim=10
models.architecture.n_encoder_layers=1
models.architecture.n_decoder_layers=1
seed=3    avg_loss: 0.000002905184  time_per_window : 0.000225   progress : 0.983
name: models.architecture.block_type=attention
training.mode=rollout
models.out_dim=10
models.architecture.n_encoder_layers=1
models.architecture.n_decoder_layers=1
seed=3    avg_loss: 0.000003454212  time_per_window : 0.000191   progress : 0.994
DONE!!!

name: models.architecture.block_type=attention
training.mode=rollout
models.out_dim=10
models.architecture.n_encoder_layers=1
models.architecture.n_decoder_layers=1
seed=4    avg_loss: 0.000003784262  time_per_window : 0.000232   progress : 0.863
name: models.architecture.block_type=attention
training.mode=rollout
models.out_dim=10
models.architecture.n_encoder_layers=1
models.architecture.n_decoder_layers=1
seed=4    avg_loss: 0.000003161630  time_per_window : 0.000242   progress : 0.874
name: models.architecture.block_type=attention
training.mode=rollout
models.out_dim=10
models.architecture.n_encoder_layers=1
models.architecture.n_decoder_layers=1
seed=4    avg_loss: 0.000002866932  time_per_window : 0.000234   progress : 0.885
name: models.architecture.block_type=attention
training.mode=rollout
models.out_dim=10
models.architecture.n_encoder_layers=1
models.architecture.n_decoder_layers=1
seed=4    avg_loss: 0.000003049970  time_per_window : 0.000239   progress : 0.896
name: models.architecture.block_type=attention
training.mode=rollout
models.out_dim=10
models.architecture.n_encoder_layers=1
models.architecture.n_decoder_layers=1
seed=4    avg_loss: 0.000003756905  time_per_window : 0.000232   progress : 0.907
name: models.architecture.block_type=attention
training.mode=rollout
models.out_dim=10
models.architecture.n_encoder_layers=1
models.architecture.n_decoder_layers=1
seed=4    avg_loss: 0.000003021683  time_per_window : 0.000213   progress : 0.917
name: models.architecture.block_type=attention
training.mode=rollout
models.out_dim=10
models.architecture.n_encoder_layers=1
models.architecture.n_decoder_layers=1
seed=4    avg_loss: 0.000003142947  time_per_window : 0.000218   progress : 0.928
name: models.architecture.block_type=attention
training.mode=rollout
models.out_dim=10
models.architecture.n_encoder_layers=1
models.architecture.n_decoder_layers=1
seed=4    avg_loss: 0.000002476221  time_per_window : 0.000214   progress : 0.939
name: models.architecture.block_type=attention
training.mode=rollout
models.out_dim=10
models.architecture.n_encoder_layers=1
models.architecture.n_decoder_layers=1
seed=4    avg_loss: 0.000003180050  time_per_window : 0.000241   progress : 0.950
name: models.architecture.block_type=attention
training.mode=rollout
models.out_dim=10
models.architecture.n_encoder_layers=1
models.architecture.n_decoder_layers=1
seed=4    avg_loss: 0.000003374396  time_per_window : 0.000254   progress : 0.961
name: models.architecture.block_type=attention
training.mode=rollout
models.out_dim=10
models.architecture.n_encoder_layers=1
models.architecture.n_decoder_layers=1
seed=4    avg_loss: 0.000002703017  time_per_window : 0.000215   progress : 0.972
name: models.architecture.block_type=attention
training.mode=rollout
models.out_dim=10
models.architecture.n_encoder_layers=1
models.architecture.n_decoder_layers=1
seed=4    avg_loss: 0.000003503935  time_per_window : 0.000233   progress : 0.983
name: models.architecture.block_type=attention
training.mode=rollout
models.out_dim=10
models.architecture.n_encoder_layers=1
models.architecture.n_decoder_layers=1
seed=4    avg_loss: 0.000003422399  time_per_window : 0.000187   progress : 0.994
DONE!!!

name: models.architecture.block_type=attention
training.mode=rollout
models.out_dim=10
models.architecture.n_encoder_layers=1
models.architecture.n_decoder_layers=1
seed=2    avg_loss: 0.000002188175  time_per_window : 0.000229   progress : 0.863
name: models.architecture.block_type=attention
training.mode=rollout
models.out_dim=10
models.architecture.n_encoder_layers=1
models.architecture.n_decoder_layers=1
seed=2    avg_loss: 0.000002366326  time_per_window : 0.000237   progress : 0.874
name: models.architecture.block_type=attention
training.mode=rollout
models.out_dim=10
models.architecture.n_encoder_layers=1
models.architecture.n_decoder_layers=1
seed=2    avg_loss: 0.000001847066  time_per_window : 0.000216   progress : 0.885
name: models.architecture.block_type=attention
training.mode=rollout
models.out_dim=10
models.architecture.n_encoder_layers=1
models.architecture.n_decoder_layers=1
seed=2    avg_loss: 0.000002016839  time_per_window : 0.000263   progress : 0.896
name: models.architecture.block_type=attention
training.mode=rollout
models.out_dim=10
models.architecture.n_encoder_layers=1
models.architecture.n_decoder_layers=1
seed=2    avg_loss: 0.000002369774  time_per_window : 0.000267   progress : 0.907
name: models.architecture.block_type=attention
training.mode=rollout
models.out_dim=10
models.architecture.n_encoder_layers=1
models.architecture.n_decoder_layers=1
seed=2    avg_loss: 0.000002254151  time_per_window : 0.000248   progress : 0.917
name: models.architecture.block_type=attention
training.mode=rollout
models.out_dim=10
models.architecture.n_encoder_layers=1
models.architecture.n_decoder_layers=1
seed=2    avg_loss: 0.000002151132  time_per_window : 0.000248   progress : 0.928
name: models.architecture.block_type=attention
training.mode=rollout
models.out_dim=10
models.architecture.n_encoder_layers=1
models.architecture.n_decoder_layers=1
seed=2    avg_loss: 0.000002010496  time_per_window : 0.000217   progress : 0.939
name: models.architecture.block_type=attention
training.mode=rollout
models.out_dim=10
models.architecture.n_encoder_layers=1
models.architecture.n_decoder_layers=1
seed=2    avg_loss: 0.000001772174  time_per_window : 0.000281   progress : 0.950
name: models.architecture.block_type=attention
training.mode=rollout
models.out_dim=10
models.architecture.n_encoder_layers=1
models.architecture.n_decoder_layers=1
seed=2    avg_loss: 0.000007678535  time_per_window : 0.000285   progress : 0.961
name: models.architecture.block_type=attention
training.mode=rollout
models.out_dim=10
models.architecture.n_encoder_layers=1
models.architecture.n_decoder_layers=1
seed=2    avg_loss: 0.000001377204  time_per_window : 0.000244   progress : 0.972
name: models.architecture.block_type=attention
training.mode=rollout
models.out_dim=10
models.architecture.n_encoder_layers=1
models.architecture.n_decoder_layers=1
seed=2    avg_loss: 0.000001414336  time_per_window : 0.000221   progress : 0.983
name: models.architecture.block_type=attention
training.mode=rollout
models.out_dim=10
models.architecture.n_encoder_layers=1
models.architecture.n_decoder_layers=1
seed=2    avg_loss: 0.000001240037  time_per_window : 0.000165   progress : 0.994
DONE!!!
