/home/jdihardjo/miniconda3/envs/mavenv/lib/python3.11/site-packages/hydra/_internal/defaults_list.py:251: UserWarning: In 'config': Defaults list is missing `_self_`. See https://hydra.cc/docs/1.2/upgrades/1.0_to_1.1/default_composition_order for more information
  warnings.warn(msg, UserWarning)
Using cuda device
[2026-07-27 12:35:10,918][HYDRA] Joblib.Parallel(n_jobs=6,backend=loky,prefer=processes,require=None,verbose=0,timeout=None,pre_dispatch=2*n_jobs,batch_size=auto,temp_folder=None,max_nbytes=None,mmap_mode=r) is launching 5 jobs
[2026-07-27 12:35:10,918][HYDRA] Launching jobs, sweep output dir : ablation_runs/2026-07-27_00-16-14/cls_1e1d_out10
[2026-07-27 12:35:10,918][HYDRA] 	#0 : models.architecture.block_type=cls training.mode=rollout models.out_dim=10 models.architecture.n_encoder_layers=1 models.architecture.n_decoder_layers=1 seed=0
[2026-07-27 12:35:10,918][HYDRA] 	#1 : models.architecture.block_type=cls training.mode=rollout models.out_dim=10 models.architecture.n_encoder_layers=1 models.architecture.n_decoder_layers=1 seed=1
[2026-07-27 12:35:10,918][HYDRA] 	#2 : models.architecture.block_type=cls training.mode=rollout models.out_dim=10 models.architecture.n_encoder_layers=1 models.architecture.n_decoder_layers=1 seed=2
[2026-07-27 12:35:10,918][HYDRA] 	#3 : models.architecture.block_type=cls training.mode=rollout models.out_dim=10 models.architecture.n_encoder_layers=1 models.architecture.n_decoder_layers=1 seed=3
[2026-07-27 12:35:10,918][HYDRA] 	#4 : models.architecture.block_type=cls training.mode=rollout models.out_dim=10 models.architecture.n_encoder_layers=1 models.architecture.n_decoder_layers=1 seed=4
/home/jdihardjo/miniconda3/envs/mavenv/lib/python3.11/site-packages/hydra/_internal/defaults_list.py:251: UserWarning: In 'config': Defaults list is missing `_self_`. See https://hydra.cc/docs/1.2/upgrades/1.0_to_1.1/default_composition_order for more information
  warnings.warn(msg, UserWarning)
/home/jdihardjo/miniconda3/envs/mavenv/lib/python3.11/site-packages/hydra/_internal/defaults_list.py:251: UserWarning: In 'config': Defaults list is missing `_self_`. See https://hydra.cc/docs/1.2/upgrades/1.0_to_1.1/default_composition_order for more information
  warnings.warn(msg, UserWarning)
/home/jdihardjo/miniconda3/envs/mavenv/lib/python3.11/site-packages/hydra/_internal/defaults_list.py:251: UserWarning: In 'config': Defaults list is missing `_self_`. See https://hydra.cc/docs/1.2/upgrades/1.0_to_1.1/default_composition_order for more information
  warnings.warn(msg, UserWarning)
/home/jdihardjo/miniconda3/envs/mavenv/lib/python3.11/site-packages/hydra/_internal/defaults_list.py:251: UserWarning: In 'config': Defaults list is missing `_self_`. See https://hydra.cc/docs/1.2/upgrades/1.0_to_1.1/default_composition_order for more information
  warnings.warn(msg, UserWarning)
/home/jdihardjo/miniconda3/envs/mavenv/lib/python3.11/site-packages/hydra/_internal/defaults_list.py:251: UserWarning: In 'config': Defaults list is missing `_self_`. See https://hydra.cc/docs/1.2/upgrades/1.0_to_1.1/default_composition_order for more information
  warnings.warn(msg, UserWarning)
models:
  n_dim: 23
  out_dim: 10
  architecture:
    d_model: 128
    n_encoder_layers: 1
    n_decoder_layers: 1
    block_type: cls
    time_adapter: last_token
    in_norm: none
    out_norm: none
    layer_scale: 0.0001
    drop_path: 0.05
    mamba_type: mamba
    mamba_kwargs:
      d_state: 16
      d_conv: 2
      expand: 2
      norm: rms
    skip: false
    cls_kwargs:
      n_heads: 2
      n_mlp: 2
      positional_encoding: false
      max_len: 5000
input_len: 32
output_len: 1
batch_size: 128
epochs: 5
seed: 4
dataset:
  path: /home/jdihardjo/simdata/train.zarr/
  training_size: 1500000
evaluation:
  path: /home/jdihardjo/simdata/evaluation.zarr/
  evaluation_size: 50
training:
  mode: rollout
  lr: 0.0002
  weight_decay: 0.1
  rollout_steps: 16
checkpoint:
  save_path: hydra-test.pth
  load: false
  path: hydra-test.pth
compile: true

models:
  n_dim: 23
  out_dim: 10
  architecture:
    d_model: 128
    n_encoder_layers: 1
    n_decoder_layers: 1
    block_type: cls
    time_adapter: last_token
    in_norm: none
    out_norm: none
    layer_scale: 0.0001
    drop_path: 0.05
    mamba_type: mamba
    mamba_kwargs:
      d_state: 16
      d_conv: 2
      expand: 2
      norm: rms
    skip: false
    cls_kwargs:
      n_heads: 2
      n_mlp: 2
      positional_encoding: false
      max_len: 5000
input_len: 32
output_len: 1
batch_size: 128
epochs: 5
seed: 0
dataset:
  path: /home/jdihardjo/simdata/train.zarr/
  training_size: 1500000
evaluation:
  path: /home/jdihardjo/simdata/evaluation.zarr/
  evaluation_size: 50
training:
  mode: rollout
  lr: 0.0002
  weight_decay: 0.1
  rollout_steps: 16
checkpoint:
  save_path: hydra-test.pth
  load: false
  path: hydra-test.pth
compile: true

models:
  n_dim: 23
  out_dim: 10
  architecture:
    d_model: 128
    n_encoder_layers: 1
    n_decoder_layers: 1
    block_type: cls
    time_adapter: last_token
    in_norm: none
    out_norm: none
    layer_scale: 0.0001
    drop_path: 0.05
    mamba_type: mamba
    mamba_kwargs:
      d_state: 16
      d_conv: 2
      expand: 2
      norm: rms
    skip: false
    cls_kwargs:
      n_heads: 2
      n_mlp: 2
      positional_encoding: false
      max_len: 5000
input_len: 32
output_len: 1
batch_size: 128
epochs: 5
seed: 2
dataset:
  path: /home/jdihardjo/simdata/train.zarr/
  training_size: 1500000
evaluation:
  path: /home/jdihardjo/simdata/evaluation.zarr/
  evaluation_size: 50
training:
  mode: rollout
  lr: 0.0002
  weight_decay: 0.1
  rollout_steps: 16
checkpoint:
  save_path: hydra-test.pth
  load: false
  path: hydra-test.pth
compile: true

models:
  n_dim: 23
  out_dim: 10
  architecture:
    d_model: 128
    n_encoder_layers: 1
    n_decoder_layers: 1
    block_type: cls
    time_adapter: last_token
    in_norm: none
    out_norm: none
    layer_scale: 0.0001
    drop_path: 0.05
    mamba_type: mamba
    mamba_kwargs:
      d_state: 16
      d_conv: 2
      expand: 2
      norm: rms
    skip: false
    cls_kwargs:
      n_heads: 2
      n_mlp: 2
      positional_encoding: false
      max_len: 5000
input_len: 32
output_len: 1
batch_size: 128
epochs: 5
seed: 1
dataset:
  path: /home/jdihardjo/simdata/train.zarr/
  training_size: 1500000
evaluation:
  path: /home/jdihardjo/simdata/evaluation.zarr/
  evaluation_size: 50
training:
  mode: rollout
  lr: 0.0002
  weight_decay: 0.1
  rollout_steps: 16
checkpoint:
  save_path: hydra-test.pth
  load: false
  path: hydra-test.pth
compile: true

models:
  n_dim: 23
  out_dim: 10
  architecture:
    d_model: 128
    n_encoder_layers: 1
    n_decoder_layers: 1
    block_type: cls
    time_adapter: last_token
    in_norm: none
    out_norm: none
    layer_scale: 0.0001
    drop_path: 0.05
    mamba_type: mamba
    mamba_kwargs:
      d_state: 16
      d_conv: 2
      expand: 2
      norm: rms
    skip: false
    cls_kwargs:
      n_heads: 2
      n_mlp: 2
      positional_encoding: false
      max_len: 5000
input_len: 32
output_len: 1
batch_size: 128
epochs: 5
seed: 3
dataset:
  path: /home/jdihardjo/simdata/train.zarr/
  training_size: 1500000
evaluation:
  path: /home/jdihardjo/simdata/evaluation.zarr/
  evaluation_size: 50
training:
  mode: rollout
  lr: 0.0002
  weight_decay: 0.1
  rollout_steps: 16
checkpoint:
  save_path: hydra-test.pth
  load: false
  path: hydra-test.pth
compile: true

/home/jdihardjo/miniconda3/envs/mavenv/lib/python3.11/site-packages/torch/_inductor/cudagraph_trees.py:2622: UserWarning: Unable to hit fast path of CUDAGraphs because outputs from a previous step still require backward. Ensure backward() is invoked or detach outputs. You may also call torch.compiler.cudagraph_mark_step_begin() before each model invocation.
  warnings.warn(
/home/jdihardjo/miniconda3/envs/mavenv/lib/python3.11/site-packages/torch/_inductor/cudagraph_trees.py:2622: UserWarning: Unable to hit fast path of CUDAGraphs because outputs from a previous step still require backward. Ensure backward() is invoked or detach outputs. You may also call torch.compiler.cudagraph_mark_step_begin() before each model invocation.
  warnings.warn(
/home/jdihardjo/miniconda3/envs/mavenv/lib/python3.11/site-packages/torch/_inductor/cudagraph_trees.py:2622: UserWarning: Unable to hit fast path of CUDAGraphs because outputs from a previous step still require backward. Ensure backward() is invoked or detach outputs. You may also call torch.compiler.cudagraph_mark_step_begin() before each model invocation.
  warnings.warn(
/home/jdihardjo/miniconda3/envs/mavenv/lib/python3.11/site-packages/torch/_inductor/cudagraph_trees.py:2622: UserWarning: Unable to hit fast path of CUDAGraphs because outputs from a previous step still require backward. Ensure backward() is invoked or detach outputs. You may also call torch.compiler.cudagraph_mark_step_begin() before each model invocation.
  warnings.warn(
/home/jdihardjo/miniconda3/envs/mavenv/lib/python3.11/site-packages/torch/_inductor/cudagraph_trees.py:2622: UserWarning: Unable to hit fast path of CUDAGraphs because outputs from a previous step still require backward. Ensure backward() is invoked or detach outputs. You may also call torch.compiler.cudagraph_mark_step_begin() before each model invocation.
  warnings.warn(
name: models.architecture.block_type=cls
training.mode=rollout
models.out_dim=10
models.architecture.n_encoder_layers=1
models.architecture.n_decoder_layers=1
seed=4    avg_loss: 0.007208232302  time_per_window : 0.000283   progress : 0.011
name: models.architecture.block_type=cls
training.mode=rollout
models.out_dim=10
models.architecture.n_encoder_layers=1
models.architecture.n_decoder_layers=1
seed=4    avg_loss: 0.000004143648  time_per_window : 0.000242   progress : 0.022
name: models.architecture.block_type=cls
training.mode=rollout
models.out_dim=10
models.architecture.n_encoder_layers=1
models.architecture.n_decoder_layers=1
seed=4    avg_loss: 0.000002782780  time_per_window : 0.000265   progress : 0.033
name: models.architecture.block_type=cls
training.mode=rollout
models.out_dim=10
models.architecture.n_encoder_layers=1
models.architecture.n_decoder_layers=1
seed=4    avg_loss: 0.000001891296  time_per_window : 0.000314   progress : 0.044
name: models.architecture.block_type=cls
training.mode=rollout
models.out_dim=10
models.architecture.n_encoder_layers=1
models.architecture.n_decoder_layers=1
seed=4    avg_loss: 0.000001304453  time_per_window : 0.000297   progress : 0.055
name: models.architecture.block_type=cls
training.mode=rollout
models.out_dim=10
models.architecture.n_encoder_layers=1
models.architecture.n_decoder_layers=1
seed=4    avg_loss: 0.000000911298  time_per_window : 0.000238   progress : 0.066
name: models.architecture.block_type=cls
training.mode=rollout
models.out_dim=10
models.architecture.n_encoder_layers=1
models.architecture.n_decoder_layers=1
seed=4    avg_loss: 0.000000709490  time_per_window : 0.000243   progress : 0.076
name: models.architecture.block_type=cls
training.mode=rollout
models.out_dim=10
models.architecture.n_encoder_layers=1
models.architecture.n_decoder_layers=1
seed=4    avg_loss: 0.000000600176  time_per_window : 0.000270   progress : 0.087
name: models.architecture.block_type=cls
training.mode=rollout
models.out_dim=10
models.architecture.n_encoder_layers=1
models.architecture.n_decoder_layers=1
seed=4    avg_loss: 0.000000526630  time_per_window : 0.000285   progress : 0.098
name: models.architecture.block_type=cls
training.mode=rollout
models.out_dim=10
models.architecture.n_encoder_layers=1
models.architecture.n_decoder_layers=1
seed=4    avg_loss: 0.000000469938  time_per_window : 0.000234   progress : 0.109
name: models.architecture.block_type=cls
training.mode=rollout
models.out_dim=10
models.architecture.n_encoder_layers=1
models.architecture.n_decoder_layers=1
seed=4    avg_loss: 0.000000466767  time_per_window : 0.000254   progress : 0.120
name: models.architecture.block_type=cls
training.mode=rollout
models.out_dim=10
models.architecture.n_encoder_layers=1
models.architecture.n_decoder_layers=1
seed=4    avg_loss: 0.000000441614  time_per_window : 0.000241   progress : 0.131
name: models.architecture.block_type=cls
training.mode=rollout
models.out_dim=10
models.architecture.n_encoder_layers=1
models.architecture.n_decoder_layers=1
seed=4    avg_loss: 0.000000398482  time_per_window : 0.000267   progress : 0.142
name: models.architecture.block_type=cls
training.mode=rollout
models.out_dim=10
models.architecture.n_encoder_layers=1
models.architecture.n_decoder_layers=1
seed=4    avg_loss: 0.000000426173  time_per_window : 0.000225   progress : 0.153
name: models.architecture.block_type=cls
training.mode=rollout
models.out_dim=10
models.architecture.n_encoder_layers=1
models.architecture.n_decoder_layers=1
seed=4    avg_loss: 0.000000413045  time_per_window : 0.000263   progress : 0.164
name: models.architecture.block_type=cls
training.mode=rollout
models.out_dim=10
models.architecture.n_encoder_layers=1
models.architecture.n_decoder_layers=1
seed=4    avg_loss: 0.000000507545  time_per_window : 0.000222   progress : 0.175
name: models.architecture.block_type=cls
training.mode=rollout
models.out_dim=10
models.architecture.n_encoder_layers=1
models.architecture.n_decoder_layers=1
seed=4    avg_loss: 0.000000762181  time_per_window : 0.000259   progress : 0.186
name: models.architecture.block_type=cls
training.mode=rollout
models.out_dim=10
models.architecture.n_encoder_layers=1
models.architecture.n_decoder_layers=1
seed=4    avg_loss: 0.000002835650  time_per_window : 0.000284   progress : 0.197
name: models.architecture.block_type=cls
training.mode=rollout
models.out_dim=10
models.architecture.n_encoder_layers=1
models.architecture.n_decoder_layers=1
seed=4    avg_loss: 0.000001733667  time_per_window : 0.000227   progress : 0.208
name: models.architecture.block_type=cls
training.mode=rollout
models.out_dim=10
models.architecture.n_encoder_layers=1
models.architecture.n_decoder_layers=1
seed=4    avg_loss: 0.000006009778  time_per_window : 0.000262   progress : 0.218
name: models.architecture.block_type=cls
training.mode=rollout
models.out_dim=10
models.architecture.n_encoder_layers=1
models.architecture.n_decoder_layers=1
seed=4    avg_loss: 0.000003096716  time_per_window : 0.000283   progress : 0.229
name: models.architecture.block_type=cls
training.mode=rollout
models.out_dim=10
models.architecture.n_encoder_layers=1
models.architecture.n_decoder_layers=1
seed=4    avg_loss: 0.000003404391  time_per_window : 0.000238   progress : 0.240
name: models.architecture.block_type=cls
training.mode=rollout
models.out_dim=10
models.architecture.n_encoder_layers=1
models.architecture.n_decoder_layers=1
seed=4    avg_loss: 0.000009946262  time_per_window : 0.000303   progress : 0.251
name: models.architecture.block_type=cls
training.mode=rollout
models.out_dim=10
models.architecture.n_encoder_layers=1
models.architecture.n_decoder_layers=1
seed=4    avg_loss: 0.000001705219  time_per_window : 0.000256   progress : 0.262
name: models.architecture.block_type=cls
training.mode=rollout
models.out_dim=10
models.architecture.n_encoder_layers=1
models.architecture.n_decoder_layers=1
seed=4    avg_loss: 0.000007568722  time_per_window : 0.000255   progress : 0.273
name: models.architecture.block_type=cls
training.mode=rollout
models.out_dim=10
models.architecture.n_encoder_layers=1
models.architecture.n_decoder_layers=1
seed=4    avg_loss: 0.000004559403  time_per_window : 0.000267   progress : 0.284
name: models.architecture.block_type=cls
training.mode=rollout
models.out_dim=10
models.architecture.n_encoder_layers=1
models.architecture.n_decoder_layers=1
seed=4    avg_loss: 0.000006153112  time_per_window : 0.000255   progress : 0.295
name: models.architecture.block_type=cls
training.mode=rollout
models.out_dim=10
models.architecture.n_encoder_layers=1
models.architecture.n_decoder_layers=1
seed=4    avg_loss: 0.000007036821  time_per_window : 0.000254   progress : 0.306
name: models.architecture.block_type=cls
training.mode=rollout
models.out_dim=10
models.architecture.n_encoder_layers=1
models.architecture.n_decoder_layers=1
seed=4    avg_loss: 0.000009304229  time_per_window : 0.000236   progress : 0.317
name: models.architecture.block_type=cls
training.mode=rollout
models.out_dim=10
models.architecture.n_encoder_layers=1
models.architecture.n_decoder_layers=1
seed=4    avg_loss: 0.000005753614  time_per_window : 0.000242   progress : 0.328
name: models.architecture.block_type=cls
training.mode=rollout
models.out_dim=10
models.architecture.n_encoder_layers=1
models.architecture.n_decoder_layers=1
seed=4    avg_loss: 0.000007857981  time_per_window : 0.000327   progress : 0.339
name: models.architecture.block_type=cls
training.mode=rollout
models.out_dim=10
models.architecture.n_encoder_layers=1
models.architecture.n_decoder_layers=1
seed=4    avg_loss: 0.000007481765  time_per_window : 0.000231   progress : 0.350
name: models.architecture.block_type=cls
training.mode=rollout
models.out_dim=10
models.architecture.n_encoder_layers=1
models.architecture.n_decoder_layers=1
seed=4    avg_loss: 0.000008668738  time_per_window : 0.000242   progress : 0.360
name: models.architecture.block_type=cls
training.mode=rollout
models.out_dim=10
models.architecture.n_encoder_layers=1
models.architecture.n_decoder_layers=1
seed=4    avg_loss: 0.000006976111  time_per_window : 0.000251   progress : 0.371name: models.architecture.block_type=cls
training.mode=rollout
models.out_dim=10
models.architecture.n_encoder_layers=1
models.architecture.n_decoder_layers=1
seed=1    avg_loss: 0.009534876794  time_per_window : 0.000220   progress : 0.011
name: models.architecture.block_type=cls
training.mode=rollout
models.out_dim=10
models.architecture.n_encoder_layers=1
models.architecture.n_decoder_layers=1
seed=1    avg_loss: 0.000002853339  time_per_window : 0.000231   progress : 0.022
name: models.architecture.block_type=cls
training.mode=rollout
models.out_dim=10
models.architecture.n_encoder_layers=1
models.architecture.n_decoder_layers=1
seed=1    avg_loss: 0.000002023545  time_per_window : 0.000253   progress : 0.033
name: models.architecture.block_type=cls
training.mode=rollout
models.out_dim=10
models.architecture.n_encoder_layers=1
models.architecture.n_decoder_layers=1
seed=1    avg_loss: 0.000001440127  time_per_window : 0.000252   progress : 0.044
name: models.architecture.block_type=cls
training.mode=rollout
models.out_dim=10
models.architecture.n_encoder_layers=1
models.architecture.n_decoder_layers=1
seed=1    avg_loss: 0.000001129462  time_per_window : 0.000306   progress : 0.055
name: models.architecture.block_type=cls
training.mode=rollout
models.out_dim=10
models.architecture.n_encoder_layers=1
models.architecture.n_decoder_layers=1
seed=1    avg_loss: 0.000000882422  time_per_window : 0.000264   progress : 0.066
name: models.architecture.block_type=cls
training.mode=rollout
models.out_dim=10
models.architecture.n_encoder_layers=1
models.architecture.n_decoder_layers=1
seed=1    avg_loss: 0.000000709181  time_per_window : 0.000230   progress : 0.076
name: models.architecture.block_type=cls
training.mode=rollout
models.out_dim=10
models.architecture.n_encoder_layers=1
models.architecture.n_decoder_layers=1
seed=1    avg_loss: 0.000000603528  time_per_window : 0.000274   progress : 0.087
name: models.architecture.block_type=cls
training.mode=rollout
models.out_dim=10
models.architecture.n_encoder_layers=1
models.architecture.n_decoder_layers=1
seed=1    avg_loss: 0.000000526876  time_per_window : 0.000252   progress : 0.098
name: models.architecture.block_type=cls
training.mode=rollout
models.out_dim=10
models.architecture.n_encoder_layers=1
models.architecture.n_decoder_layers=1
seed=1    avg_loss: 0.000000529708  time_per_window : 0.000238   progress : 0.109
name: models.architecture.block_type=cls
training.mode=rollout
models.out_dim=10
models.architecture.n_encoder_layers=1
models.architecture.n_decoder_layers=1
seed=1    avg_loss: 0.000000408228  time_per_window : 0.000245   progress : 0.120
name: models.architecture.block_type=cls
training.mode=rollout
models.out_dim=10
models.architecture.n_encoder_layers=1
models.architecture.n_decoder_layers=1
seed=1    avg_loss: 0.000000444366  time_per_window : 0.000238   progress : 0.131
name: models.architecture.block_type=cls
training.mode=rollout
models.out_dim=10
models.architecture.n_encoder_layers=1
models.architecture.n_decoder_layers=1
seed=1    avg_loss: 0.000000448291  time_per_window : 0.000268   progress : 0.142
name: models.architecture.block_type=cls
training.mode=rollout
models.out_dim=10
models.architecture.n_encoder_layers=1
models.architecture.n_decoder_layers=1
seed=1    avg_loss: 0.000000414544  time_per_window : 0.000260   progress : 0.153
name: models.architecture.block_type=cls
training.mode=rollout
models.out_dim=10
models.architecture.n_encoder_layers=1
models.architecture.n_decoder_layers=1
seed=1    avg_loss: 0.000000455042  time_per_window : 0.000291   progress : 0.164
name: models.architecture.block_type=cls
training.mode=rollout
models.out_dim=10
models.architecture.n_encoder_layers=1
models.architecture.n_decoder_layers=1
seed=1    avg_loss: 0.000000416275  time_per_window : 0.000263   progress : 0.175
name: models.architecture.block_type=cls
training.mode=rollout
models.out_dim=10
models.architecture.n_encoder_layers=1
models.architecture.n_decoder_layers=1
seed=1    avg_loss: 0.000000491209  time_per_window : 0.000264   progress : 0.186
name: models.architecture.block_type=cls
training.mode=rollout
models.out_dim=10
models.architecture.n_encoder_layers=1
models.architecture.n_decoder_layers=1
seed=1    avg_loss: 0.000000787030  time_per_window : 0.000317   progress : 0.197
name: models.architecture.block_type=cls
training.mode=rollout
models.out_dim=10
models.architecture.n_encoder_layers=1
models.architecture.n_decoder_layers=1
seed=1    avg_loss: 0.000003749245  time_per_window : 0.000262   progress : 0.208
name: models.architecture.block_type=cls
training.mode=rollout
models.out_dim=10
models.architecture.n_encoder_layers=1
models.architecture.n_decoder_layers=1
seed=1    avg_loss: 0.000005092325  time_per_window : 0.000247   progress : 0.218
name: models.architecture.block_type=cls
training.mode=rollout
models.out_dim=10
models.architecture.n_encoder_layers=1
models.architecture.n_decoder_layers=1
seed=1    avg_loss: 0.000004241027  time_per_window : 0.000307   progress : 0.229
name: models.architecture.block_type=cls
training.mode=rollout
models.out_dim=10
models.architecture.n_encoder_layers=1
models.architecture.n_decoder_layers=1
seed=1    avg_loss: 0.000004983252  time_per_window : 0.000289   progress : 0.240
name: models.architecture.block_type=cls
training.mode=rollout
models.out_dim=10
models.architecture.n_encoder_layers=1
models.architecture.n_decoder_layers=1
seed=1    avg_loss: 0.000004529409  time_per_window : 0.000236   progress : 0.251
name: models.architecture.block_type=cls
training.mode=rollout
models.out_dim=10
models.architecture.n_encoder_layers=1
models.architecture.n_decoder_layers=1
seed=1    avg_loss: 0.000008999157  time_per_window : 0.000330   progress : 0.262
name: models.architecture.block_type=cls
training.mode=rollout
models.out_dim=10
models.architecture.n_encoder_layers=1
models.architecture.n_decoder_layers=1
seed=1    avg_loss: 0.000005722170  time_per_window : 0.000298   progress : 0.273
name: models.architecture.block_type=cls
training.mode=rollout
models.out_dim=10
models.architecture.n_encoder_layers=1
models.architecture.n_decoder_layers=1
seed=1    avg_loss: 0.000009244761  time_per_window : 0.000248   progress : 0.284
name: models.architecture.block_type=cls
training.mode=rollout
models.out_dim=10
models.architecture.n_encoder_layers=1
models.architecture.n_decoder_layers=1
seed=1    avg_loss: 0.000006643461  time_per_window : 0.000247   progress : 0.295
name: models.architecture.block_type=cls
training.mode=rollout
models.out_dim=10
models.architecture.n_encoder_layers=1
models.architecture.n_decoder_layers=1
seed=1    avg_loss: 0.000008236577  time_per_window : 0.000276   progress : 0.306
name: models.architecture.block_type=cls
training.mode=rollout
models.out_dim=10
models.architecture.n_encoder_layers=1
models.architecture.n_decoder_layers=1
seed=1    avg_loss: 0.000009189058  time_per_window : 0.000248   progress : 0.317
name: models.architecture.block_type=cls
training.mode=rollout
models.out_dim=10
models.architecture.n_encoder_layers=1
models.architecture.n_decoder_layers=1
seed=1    avg_loss: 0.000006212860  time_per_window : 0.000239   progress : 0.328
name: models.architecture.block_type=cls
training.mode=rollout
models.out_dim=10
models.architecture.n_encoder_layers=1
models.architecture.n_decoder_layers=1
seed=1    avg_loss: 0.000008635850  time_per_window : 0.000247   progress : 0.339
name: models.architecture.block_type=cls
training.mode=rollout
models.out_dim=10
models.architecture.n_encoder_layers=1
models.architecture.n_decoder_layers=1
seed=1    avg_loss: 0.000008471427  time_per_window : 0.000231   progress : 0.350
name: models.architecture.block_type=cls
training.mode=rollout
models.out_dim=10
models.architecture.n_encoder_layers=1
models.architecture.n_decoder_layers=1
seed=1    avg_loss: 0.000007199016  time_per_window : 0.000226   progress : 0.360
name: models.architecture.block_type=cls
training.mode=rollout
models.out_dim=10
models.architecture.n_encoder_layers=1
models.architecture.n_decoder_layers=1
seed=1    avg_loss: 0.000010365713  time_per_window : 0.000258   progress : 0.371name: models.architecture.block_type=cls
training.mode=rollout
models.out_dim=10
models.architecture.n_encoder_layers=1
models.architecture.n_decoder_layers=1
seed=2    avg_loss: 0.009934260510  time_per_window : 0.000222   progress : 0.011
name: models.architecture.block_type=cls
training.mode=rollout
models.out_dim=10
models.architecture.n_encoder_layers=1
models.architecture.n_decoder_layers=1
seed=2    avg_loss: 0.000002175696  time_per_window : 0.000270   progress : 0.022
name: models.architecture.block_type=cls
training.mode=rollout
models.out_dim=10
models.architecture.n_encoder_layers=1
models.architecture.n_decoder_layers=1
seed=2    avg_loss: 0.000001619137  time_per_window : 0.000268   progress : 0.033
name: models.architecture.block_type=cls
training.mode=rollout
models.out_dim=10
models.architecture.n_encoder_layers=1
models.architecture.n_decoder_layers=1
seed=2    avg_loss: 0.000001311518  time_per_window : 0.000280   progress : 0.044
name: models.architecture.block_type=cls
training.mode=rollout
models.out_dim=10
models.architecture.n_encoder_layers=1
models.architecture.n_decoder_layers=1
seed=2    avg_loss: 0.000001041828  time_per_window : 0.000241   progress : 0.055
name: models.architecture.block_type=cls
training.mode=rollout
models.out_dim=10
models.architecture.n_encoder_layers=1
models.architecture.n_decoder_layers=1
seed=2    avg_loss: 0.000000865807  time_per_window : 0.000248   progress : 0.066
name: models.architecture.block_type=cls
training.mode=rollout
models.out_dim=10
models.architecture.n_encoder_layers=1
models.architecture.n_decoder_layers=1
seed=2    avg_loss: 0.000000748512  time_per_window : 0.000247   progress : 0.076
name: models.architecture.block_type=cls
training.mode=rollout
models.out_dim=10
models.architecture.n_encoder_layers=1
models.architecture.n_decoder_layers=1
seed=2    avg_loss: 0.000000646996  time_per_window : 0.000260   progress : 0.087
name: models.architecture.block_type=cls
training.mode=rollout
models.out_dim=10
models.architecture.n_encoder_layers=1
models.architecture.n_decoder_layers=1
seed=2    avg_loss: 0.000000552942  time_per_window : 0.000268   progress : 0.098
name: models.architecture.block_type=cls
training.mode=rollout
models.out_dim=10
models.architecture.n_encoder_layers=1
models.architecture.n_decoder_layers=1
seed=2    avg_loss: 0.000000533136  time_per_window : 0.000264   progress : 0.109
name: models.architecture.block_type=cls
training.mode=rollout
models.out_dim=10
models.architecture.n_encoder_layers=1
models.architecture.n_decoder_layers=1
seed=2    avg_loss: 0.000000465609  time_per_window : 0.000250   progress : 0.120
name: models.architecture.block_type=cls
training.mode=rollout
models.out_dim=10
models.architecture.n_encoder_layers=1
models.architecture.n_decoder_layers=1
seed=2    avg_loss: 0.000000454787  time_per_window : 0.000268   progress : 0.131
name: models.architecture.block_type=cls
training.mode=rollout
models.out_dim=10
models.architecture.n_encoder_layers=1
models.architecture.n_decoder_layers=1
seed=2    avg_loss: 0.000000417544  time_per_window : 0.000263   progress : 0.142
name: models.architecture.block_type=cls
training.mode=rollout
models.out_dim=10
models.architecture.n_encoder_layers=1
models.architecture.n_decoder_layers=1
seed=2    avg_loss: 0.000000374302  time_per_window : 0.000241   progress : 0.153
name: models.architecture.block_type=cls
training.mode=rollout
models.out_dim=10
models.architecture.n_encoder_layers=1
models.architecture.n_decoder_layers=1
seed=2    avg_loss: 0.000000378096  time_per_window : 0.000269   progress : 0.164
name: models.architecture.block_type=cls
training.mode=rollout
models.out_dim=10
models.architecture.n_encoder_layers=1
models.architecture.n_decoder_layers=1
seed=2    avg_loss: 0.000000372717  time_per_window : 0.000249   progress : 0.175
name: models.architecture.block_type=cls
training.mode=rollout
models.out_dim=10
models.architecture.n_encoder_layers=1
models.architecture.n_decoder_layers=1
seed=2    avg_loss: 0.000000374914  time_per_window : 0.000253   progress : 0.186
name: models.architecture.block_type=cls
training.mode=rollout
models.out_dim=10
models.architecture.n_encoder_layers=1
models.architecture.n_decoder_layers=1
seed=2    avg_loss: 0.000000421240  time_per_window : 0.000334   progress : 0.197
name: models.architecture.block_type=cls
training.mode=rollout
models.out_dim=10
models.architecture.n_encoder_layers=1
models.architecture.n_decoder_layers=1
seed=2    avg_loss: 0.000000505978  time_per_window : 0.000292   progress : 0.208
name: models.architecture.block_type=cls
training.mode=rollout
models.out_dim=10
models.architecture.n_encoder_layers=1
models.architecture.n_decoder_layers=1
seed=2    avg_loss: 0.000000391942  time_per_window : 0.000263   progress : 0.218
name: models.architecture.block_type=cls
training.mode=rollout
models.out_dim=10
models.architecture.n_encoder_layers=1
models.architecture.n_decoder_layers=1
seed=2    avg_loss: 0.000000464037  time_per_window : 0.000262   progress : 0.229
name: models.architecture.block_type=cls
training.mode=rollout
models.out_dim=10
models.architecture.n_encoder_layers=1
models.architecture.n_decoder_layers=1
seed=2    avg_loss: 0.000000574479  time_per_window : 0.000280   progress : 0.240
name: models.architecture.block_type=cls
training.mode=rollout
models.out_dim=10
models.architecture.n_encoder_layers=1
models.architecture.n_decoder_layers=1
seed=2    avg_loss: 0.000001458657  time_per_window : 0.000266   progress : 0.251
name: models.architecture.block_type=cls
training.mode=rollout
models.out_dim=10
models.architecture.n_encoder_layers=1
models.architecture.n_decoder_layers=1
seed=2    avg_loss: 0.000002305882  time_per_window : 0.000285   progress : 0.262
name: models.architecture.block_type=cls
training.mode=rollout
models.out_dim=10
models.architecture.n_encoder_layers=1
models.architecture.n_decoder_layers=1
seed=2    avg_loss: 0.000002916154  time_per_window : 0.000261   progress : 0.273
name: models.architecture.block_type=cls
training.mode=rollout
models.out_dim=10
models.architecture.n_encoder_layers=1
models.architecture.n_decoder_layers=1
seed=2    avg_loss: 0.000003582422  time_per_window : 0.000239   progress : 0.284
name: models.architecture.block_type=cls
training.mode=rollout
models.out_dim=10
models.architecture.n_encoder_layers=1
models.architecture.n_decoder_layers=1
seed=2    avg_loss: 0.000004349288  time_per_window : 0.000286   progress : 0.295
name: models.architecture.block_type=cls
training.mode=rollout
models.out_dim=10
models.architecture.n_encoder_layers=1
models.architecture.n_decoder_layers=1
seed=2    avg_loss: 0.000004442228  time_per_window : 0.000283   progress : 0.306
name: models.architecture.block_type=cls
training.mode=rollout
models.out_dim=10
models.architecture.n_encoder_layers=1
models.architecture.n_decoder_layers=1
seed=2    avg_loss: 0.000004420865  time_per_window : 0.000255   progress : 0.317
name: models.architecture.block_type=cls
training.mode=rollout
models.out_dim=10
models.architecture.n_encoder_layers=1
models.architecture.n_decoder_layers=1
seed=2    avg_loss: 0.000006259375  time_per_window : 0.000244   progress : 0.328
name: models.architecture.block_type=cls
training.mode=rollout
models.out_dim=10
models.architecture.n_encoder_layers=1
models.architecture.n_decoder_layers=1
seed=2    avg_loss: 0.000004182849  time_per_window : 0.000270   progress : 0.339
name: models.architecture.block_type=cls
training.mode=rollout
models.out_dim=10
models.architecture.n_encoder_layers=1
models.architecture.n_decoder_layers=1
seed=2    avg_loss: 0.000007469582  time_per_window : 0.000256   progress : 0.350
name: models.architecture.block_type=cls
training.mode=rollout
models.out_dim=10
models.architecture.n_encoder_layers=1
models.architecture.n_decoder_layers=1
seed=2    avg_loss: 0.000006456946  time_per_window : 0.000236   progress : 0.360
name: models.architecture.block_type=cls
training.mode=rollout
models.out_dim=10
models.architecture.n_encoder_layers=1
models.architecture.n_decoder_layers=1
seed=2    avg_loss: 0.000005210765  time_per_window : 0.000249   progress : 0.371name: models.architecture.block_type=cls
training.mode=rollout
models.out_dim=10
models.architecture.n_encoder_layers=1
models.architecture.n_decoder_layers=1
seed=3    avg_loss: 0.007059316151  time_per_window : 0.000249   progress : 0.011
name: models.architecture.block_type=cls
training.mode=rollout
models.out_dim=10
models.architecture.n_encoder_layers=1
models.architecture.n_decoder_layers=1
seed=3    avg_loss: 0.000002013412  time_per_window : 0.000219   progress : 0.022
name: models.architecture.block_type=cls
training.mode=rollout
models.out_dim=10
models.architecture.n_encoder_layers=1
models.architecture.n_decoder_layers=1
seed=3    avg_loss: 0.000001448085  time_per_window : 0.000245   progress : 0.033
name: models.architecture.block_type=cls
training.mode=rollout
models.out_dim=10
models.architecture.n_encoder_layers=1
models.architecture.n_decoder_layers=1
seed=3    avg_loss: 0.000001120526  time_per_window : 0.000270   progress : 0.044
name: models.architecture.block_type=cls
training.mode=rollout
models.out_dim=10
models.architecture.n_encoder_layers=1
models.architecture.n_decoder_layers=1
seed=3    avg_loss: 0.000000834225  time_per_window : 0.000246   progress : 0.055
name: models.architecture.block_type=cls
training.mode=rollout
models.out_dim=10
models.architecture.n_encoder_layers=1
models.architecture.n_decoder_layers=1
seed=3    avg_loss: 0.000000722158  time_per_window : 0.000239   progress : 0.066
name: models.architecture.block_type=cls
training.mode=rollout
models.out_dim=10
models.architecture.n_encoder_layers=1
models.architecture.n_decoder_layers=1
seed=3    avg_loss: 0.000000594553  time_per_window : 0.000251   progress : 0.076
name: models.architecture.block_type=cls
training.mode=rollout
models.out_dim=10
models.architecture.n_encoder_layers=1
models.architecture.n_decoder_layers=1
seed=3    avg_loss: 0.000000501799  time_per_window : 0.000247   progress : 0.087
name: models.architecture.block_type=cls
training.mode=rollout
models.out_dim=10
models.architecture.n_encoder_layers=1
models.architecture.n_decoder_layers=1
seed=3    avg_loss: 0.000000474109  time_per_window : 0.000246   progress : 0.098
name: models.architecture.block_type=cls
training.mode=rollout
models.out_dim=10
models.architecture.n_encoder_layers=1
models.architecture.n_decoder_layers=1
seed=3    avg_loss: 0.000000475058  time_per_window : 0.000245   progress : 0.109
name: models.architecture.block_type=cls
training.mode=rollout
models.out_dim=10
models.architecture.n_encoder_layers=1
models.architecture.n_decoder_layers=1
seed=3    avg_loss: 0.000000424732  time_per_window : 0.000258   progress : 0.120
name: models.architecture.block_type=cls
training.mode=rollout
models.out_dim=10
models.architecture.n_encoder_layers=1
models.architecture.n_decoder_layers=1
seed=3    avg_loss: 0.000000387577  time_per_window : 0.000225   progress : 0.131
name: models.architecture.block_type=cls
training.mode=rollout
models.out_dim=10
models.architecture.n_encoder_layers=1
models.architecture.n_decoder_layers=1
seed=3    avg_loss: 0.000000423968  time_per_window : 0.000305   progress : 0.142
name: models.architecture.block_type=cls
training.mode=rollout
models.out_dim=10
models.architecture.n_encoder_layers=1
models.architecture.n_decoder_layers=1
seed=3    avg_loss: 0.000000472773  time_per_window : 0.000250   progress : 0.153
name: models.architecture.block_type=cls
training.mode=rollout
models.out_dim=10
models.architecture.n_encoder_layers=1
models.architecture.n_decoder_layers=1
seed=3    avg_loss: 0.000000528319  time_per_window : 0.000281   progress : 0.164
name: models.architecture.block_type=cls
training.mode=rollout
models.out_dim=10
models.architecture.n_encoder_layers=1
models.architecture.n_decoder_layers=1
seed=3    avg_loss: 0.000000474804  time_per_window : 0.000291   progress : 0.175
name: models.architecture.block_type=cls
training.mode=rollout
models.out_dim=10
models.architecture.n_encoder_layers=1
models.architecture.n_decoder_layers=1
seed=3    avg_loss: 0.000000701308  time_per_window : 0.000235   progress : 0.186
name: models.architecture.block_type=cls
training.mode=rollout
models.out_dim=10
models.architecture.n_encoder_layers=1
models.architecture.n_decoder_layers=1
seed=3    avg_loss: 0.000000954375  time_per_window : 0.000234   progress : 0.197
name: models.architecture.block_type=cls
training.mode=rollout
models.out_dim=10
models.architecture.n_encoder_layers=1
models.architecture.n_decoder_layers=1
seed=3    avg_loss: 0.000001967444  time_per_window : 0.000284   progress : 0.208
name: models.architecture.block_type=cls
training.mode=rollout
models.out_dim=10
models.architecture.n_encoder_layers=1
models.architecture.n_decoder_layers=1
seed=3    avg_loss: 0.000003434725  time_per_window : 0.000261   progress : 0.218
name: models.architecture.block_type=cls
training.mode=rollout
models.out_dim=10
models.architecture.n_encoder_layers=1
models.architecture.n_decoder_layers=1
seed=3    avg_loss: 0.000005490954  time_per_window : 0.000253   progress : 0.229
name: models.architecture.block_type=cls
training.mode=rollout
models.out_dim=10
models.architecture.n_encoder_layers=1
models.architecture.n_decoder_layers=1
seed=3    avg_loss: 0.000004594296  time_per_window : 0.000286   progress : 0.240
name: models.architecture.block_type=cls
training.mode=rollout
models.out_dim=10
models.architecture.n_encoder_layers=1
models.architecture.n_decoder_layers=1
seed=3    avg_loss: 0.000005034236  time_per_window : 0.000273   progress : 0.251
name: models.architecture.block_type=cls
training.mode=rollout
models.out_dim=10
models.architecture.n_encoder_layers=1
models.architecture.n_decoder_layers=1
seed=3    avg_loss: 0.000006675752  time_per_window : 0.000265   progress : 0.262
name: models.architecture.block_type=cls
training.mode=rollout
models.out_dim=10
models.architecture.n_encoder_layers=1
models.architecture.n_decoder_layers=1
seed=3    avg_loss: 0.000005730317  time_per_window : 0.000256   progress : 0.273
name: models.architecture.block_type=cls
training.mode=rollout
models.out_dim=10
models.architecture.n_encoder_layers=1
models.architecture.n_decoder_layers=1
seed=3    avg_loss: 0.000005538220  time_per_window : 0.000248   progress : 0.284
name: models.architecture.block_type=cls
training.mode=rollout
models.out_dim=10
models.architecture.n_encoder_layers=1
models.architecture.n_decoder_layers=1
seed=3    avg_loss: 0.000007122506  time_per_window : 0.000259   progress : 0.295
name: models.architecture.block_type=cls
training.mode=rollout
models.out_dim=10
models.architecture.n_encoder_layers=1
models.architecture.n_decoder_layers=1
seed=3    avg_loss: 0.000007230131  time_per_window : 0.000257   progress : 0.306
name: models.architecture.block_type=cls
training.mode=rollout
models.out_dim=10
models.architecture.n_encoder_layers=1
models.architecture.n_decoder_layers=1
seed=3    avg_loss: 0.000006428222  time_per_window : 0.000237   progress : 0.317
name: models.architecture.block_type=cls
training.mode=rollout
models.out_dim=10
models.architecture.n_encoder_layers=1
models.architecture.n_decoder_layers=1
seed=3    avg_loss: 0.000006589584  time_per_window : 0.000236   progress : 0.328
name: models.architecture.block_type=cls
training.mode=rollout
models.out_dim=10
models.architecture.n_encoder_layers=1
models.architecture.n_decoder_layers=1
seed=3    avg_loss: 0.000008048305  time_per_window : 0.000244   progress : 0.339
name: models.architecture.block_type=cls
training.mode=rollout
models.out_dim=10
models.architecture.n_encoder_layers=1
models.architecture.n_decoder_layers=1
seed=3    avg_loss: 0.000006723230  time_per_window : 0.000241   progress : 0.350
name: models.architecture.block_type=cls
training.mode=rollout
models.out_dim=10
models.architecture.n_encoder_layers=1
models.architecture.n_decoder_layers=1
seed=3    avg_loss: 0.000005707157  time_per_window : 0.000276   progress : 0.360
name: models.architecture.block_type=cls
training.mode=rollout
models.out_dim=10
models.architecture.n_encoder_layers=1
models.architecture.n_decoder_layers=1
seed=3    avg_loss: 0.000007954221  time_per_window : 0.000229   progress : 0.371name: models.architecture.block_type=cls
training.mode=rollout
models.out_dim=10
models.architecture.n_encoder_layers=1
models.architecture.n_decoder_layers=1
seed=0    avg_loss: 0.006044856738  time_per_window : 0.000231   progress : 0.011
name: models.architecture.block_type=cls
training.mode=rollout
models.out_dim=10
models.architecture.n_encoder_layers=1
models.architecture.n_decoder_layers=1
seed=0    avg_loss: 0.000002384345  time_per_window : 0.000248   progress : 0.022
name: models.architecture.block_type=cls
training.mode=rollout
models.out_dim=10
models.architecture.n_encoder_layers=1
models.architecture.n_decoder_layers=1
seed=0    avg_loss: 0.000001677967  time_per_window : 0.000237   progress : 0.033
name: models.architecture.block_type=cls
training.mode=rollout
models.out_dim=10
models.architecture.n_encoder_layers=1
models.architecture.n_decoder_layers=1
seed=0    avg_loss: 0.000001252711  time_per_window : 0.000285   progress : 0.044
name: models.architecture.block_type=cls
training.mode=rollout
models.out_dim=10
models.architecture.n_encoder_layers=1
models.architecture.n_decoder_layers=1
seed=0    avg_loss: 0.000000926069  time_per_window : 0.000257   progress : 0.055
name: models.architecture.block_type=cls
training.mode=rollout
models.out_dim=10
models.architecture.n_encoder_layers=1
models.architecture.n_decoder_layers=1
seed=0    avg_loss: 0.000000739796  time_per_window : 0.000242   progress : 0.066
name: models.architecture.block_type=cls
training.mode=rollout
models.out_dim=10
models.architecture.n_encoder_layers=1
models.architecture.n_decoder_layers=1
seed=0    avg_loss: 0.000000662991  time_per_window : 0.000267   progress : 0.076
name: models.architecture.block_type=cls
training.mode=rollout
models.out_dim=10
models.architecture.n_encoder_layers=1
models.architecture.n_decoder_layers=1
seed=0    avg_loss: 0.000000609955  time_per_window : 0.000269   progress : 0.087
name: models.architecture.block_type=cls
training.mode=rollout
models.out_dim=10
models.architecture.n_encoder_layers=1
models.architecture.n_decoder_layers=1
seed=0    avg_loss: 0.000000565523  time_per_window : 0.000245   progress : 0.098
name: models.architecture.block_type=cls
training.mode=rollout
models.out_dim=10
models.architecture.n_encoder_layers=1
models.architecture.n_decoder_layers=1
seed=0    avg_loss: 0.000000537860  time_per_window : 0.000221   progress : 0.109
name: models.architecture.block_type=cls
training.mode=rollout
models.out_dim=10
models.architecture.n_encoder_layers=1
models.architecture.n_decoder_layers=1
seed=0    avg_loss: 0.000000651317  time_per_window : 0.000243   progress : 0.120
name: models.architecture.block_type=cls
training.mode=rollout
models.out_dim=10
models.architecture.n_encoder_layers=1
models.architecture.n_decoder_layers=1
seed=0    avg_loss: 0.000000487032  time_per_window : 0.000237   progress : 0.131
name: models.architecture.block_type=cls
training.mode=rollout
models.out_dim=10
models.architecture.n_encoder_layers=1
models.architecture.n_decoder_layers=1
seed=0    avg_loss: 0.000000628304  time_per_window : 0.000291   progress : 0.142
name: models.architecture.block_type=cls
training.mode=rollout
models.out_dim=10
models.architecture.n_encoder_layers=1
models.architecture.n_decoder_layers=1
seed=0    avg_loss: 0.000000638401  time_per_window : 0.000259   progress : 0.153
name: models.architecture.block_type=cls
training.mode=rollout
models.out_dim=10
models.architecture.n_encoder_layers=1
models.architecture.n_decoder_layers=1
seed=0    avg_loss: 0.000000546746  time_per_window : 0.000275   progress : 0.164
name: models.architecture.block_type=cls
training.mode=rollout
models.out_dim=10
models.architecture.n_encoder_layers=1
models.architecture.n_decoder_layers=1
seed=0    avg_loss: 0.000000728634  time_per_window : 0.000269   progress : 0.175
name: models.architecture.block_type=cls
training.mode=rollout
models.out_dim=10
models.architecture.n_encoder_layers=1
models.architecture.n_decoder_layers=1
seed=0    avg_loss: 0.000000652741  time_per_window : 0.000250   progress : 0.186
name: models.architecture.block_type=cls
training.mode=rollout
models.out_dim=10
models.architecture.n_encoder_layers=1
models.architecture.n_decoder_layers=1
seed=0    avg_loss: 0.000000837819  time_per_window : 0.000247   progress : 0.197
name: models.architecture.block_type=cls
training.mode=rollout
models.out_dim=10
models.architecture.n_encoder_layers=1
models.architecture.n_decoder_layers=1
seed=0    avg_loss: 0.000001347954  time_per_window : 0.000289   progress : 0.208
name: models.architecture.block_type=cls
training.mode=rollout
models.out_dim=10
models.architecture.n_encoder_layers=1
models.architecture.n_decoder_layers=1
seed=0    avg_loss: 0.000002788298  time_per_window : 0.000247   progress : 0.218
name: models.architecture.block_type=cls
training.mode=rollout
models.out_dim=10
models.architecture.n_encoder_layers=1
models.architecture.n_decoder_layers=1
seed=0    avg_loss: 0.000004046506  time_per_window : 0.000256   progress : 0.229
name: models.architecture.block_type=cls
training.mode=rollout
models.out_dim=10
models.architecture.n_encoder_layers=1
models.architecture.n_decoder_layers=1
seed=0    avg_loss: 0.000003987398  time_per_window : 0.000313   progress : 0.240
name: models.architecture.block_type=cls
training.mode=rollout
models.out_dim=10
models.architecture.n_encoder_layers=1
models.architecture.n_decoder_layers=1
seed=0    avg_loss: 0.000006150067  time_per_window : 0.000285   progress : 0.251
name: models.architecture.block_type=cls
training.mode=rollout
models.out_dim=10
models.architecture.n_encoder_layers=1
models.architecture.n_decoder_layers=1
seed=0    avg_loss: 0.000007788040  time_per_window : 0.000307   progress : 0.262
name: models.architecture.block_type=cls
training.mode=rollout
models.out_dim=10
models.architecture.n_encoder_layers=1
models.architecture.n_decoder_layers=1
seed=0    avg_loss: 0.000005539335  time_per_window : 0.000288   progress : 0.273
name: models.architecture.block_type=cls
training.mode=rollout
models.out_dim=10
models.architecture.n_encoder_layers=1
models.architecture.n_decoder_layers=1
seed=0    avg_loss: 0.000007295056  time_per_window : 0.000252   progress : 0.284
name: models.architecture.block_type=cls
training.mode=rollout
models.out_dim=10
models.architecture.n_encoder_layers=1
models.architecture.n_decoder_layers=1
seed=0    avg_loss: 0.000009948149  time_per_window : 0.000247   progress : 0.295
name: models.architecture.block_type=cls
training.mode=rollout
models.out_dim=10
models.architecture.n_encoder_layers=1
models.architecture.n_decoder_layers=1
seed=0    avg_loss: 0.000005594795  time_per_window : 0.000266   progress : 0.306
name: models.architecture.block_type=cls
training.mode=rollout
models.out_dim=10
models.architecture.n_encoder_layers=1
models.architecture.n_decoder_layers=1
seed=0    avg_loss: 0.000008743129  time_per_window : 0.000246   progress : 0.317
name: models.architecture.block_type=cls
training.mode=rollout
models.out_dim=10
models.architecture.n_encoder_layers=1
models.architecture.n_decoder_layers=1
seed=0    avg_loss: 0.000008592092  time_per_window : 0.000238   progress : 0.328
name: models.architecture.block_type=cls
training.mode=rollout
models.out_dim=10
models.architecture.n_encoder_layers=1
models.architecture.n_decoder_layers=1
seed=0    avg_loss: 0.000010109924  time_per_window : 0.000254   progress : 0.339
name: models.architecture.block_type=cls
training.mode=rollout
models.out_dim=10
models.architecture.n_encoder_layers=1
models.architecture.n_decoder_layers=1
seed=0    avg_loss: 0.000007746135  time_per_window : 0.000268   progress : 0.350
name: models.architecture.block_type=cls
training.mode=rollout
models.out_dim=10
models.architecture.n_encoder_layers=1
models.architecture.n_decoder_layers=1
seed=0    avg_loss: 0.000007976136  time_per_window : 0.000230   progress : 0.360
name: models.architecture.block_type=cls
training.mode=rollout
models.out_dim=10
models.architecture.n_encoder_layers=1
models.architecture.n_decoder_layers=1
seed=0    avg_loss: 0.000007660308  time_per_window : 0.000233   progress : 0.371
name: models.architecture.block_type=cls
training.mode=rollout
models.out_dim=10
models.architecture.n_encoder_layers=1
models.architecture.n_decoder_layers=1
seed=4    avg_loss: 0.000007528807  time_per_window : 0.000250   progress : 0.382
name: models.architecture.block_type=cls
training.mode=rollout
models.out_dim=10
models.architecture.n_encoder_layers=1
models.architecture.n_decoder_layers=1
seed=4    avg_loss: 0.000006585291  time_per_window : 0.000235   progress : 0.393
name: models.architecture.block_type=cls
training.mode=rollout
models.out_dim=10
models.architecture.n_encoder_layers=1
models.architecture.n_decoder_layers=1
seed=4    avg_loss: 0.000008911846  time_per_window : 0.000265   progress : 0.404
name: models.architecture.block_type=cls
training.mode=rollout
models.out_dim=10
models.architecture.n_encoder_layers=1
models.architecture.n_decoder_layers=1
seed=4    avg_loss: 0.000008110042  time_per_window : 0.000288   progress : 0.415
name: models.architecture.block_type=cls
training.mode=rollout
models.out_dim=10
models.architecture.n_encoder_layers=1
models.architecture.n_decoder_layers=1
seed=4    avg_loss: 0.000008410415  time_per_window : 0.000277   progress : 0.426
name: models.architecture.block_type=cls
training.mode=rollout
models.out_dim=10
models.architecture.n_encoder_layers=1
models.architecture.n_decoder_layers=1
seed=4    avg_loss: 0.000006713623  time_per_window : 0.000249   progress : 0.437
name: models.architecture.block_type=cls
training.mode=rollout
models.out_dim=10
models.architecture.n_encoder_layers=1
models.architecture.n_decoder_layers=1
seed=4    avg_loss: 0.000009481717  time_per_window : 0.000286   progress : 0.448
name: models.architecture.block_type=cls
training.mode=rollout
models.out_dim=10
models.architecture.n_encoder_layers=1
models.architecture.n_decoder_layers=1
seed=4    avg_loss: 0.000007481075  time_per_window : 0.000231   progress : 0.459
name: models.architecture.block_type=cls
training.mode=rollout
models.out_dim=10
models.architecture.n_encoder_layers=1
models.architecture.n_decoder_layers=1
seed=4    avg_loss: 0.000006282288  time_per_window : 0.000262   progress : 0.470
name: models.architecture.block_type=cls
training.mode=rollout
models.out_dim=10
models.architecture.n_encoder_layers=1
models.architecture.n_decoder_layers=1
seed=4    avg_loss: 0.000007085800  time_per_window : 0.000260   progress : 0.481
name: models.architecture.block_type=cls
training.mode=rollout
models.out_dim=10
models.architecture.n_encoder_layers=1
models.architecture.n_decoder_layers=1
seed=4    avg_loss: 0.000006754387  time_per_window : 0.000242   progress : 0.492
name: models.architecture.block_type=cls
training.mode=rollout
models.out_dim=10
models.architecture.n_encoder_layers=1
models.architecture.n_decoder_layers=1
seed=4    avg_loss: 0.000007009067  time_per_window : 0.000259   progress : 0.502
name: models.architecture.block_type=cls
training.mode=rollout
models.out_dim=10
models.architecture.n_encoder_layers=1
models.architecture.n_decoder_layers=1
seed=4    avg_loss: 0.000007422227  time_per_window : 0.000249   progress : 0.513
name: models.architecture.block_type=cls
training.mode=rollout
models.out_dim=10
models.architecture.n_encoder_layers=1
models.architecture.n_decoder_layers=1
seed=4    avg_loss: 0.000008129730  time_per_window : 0.000255   progress : 0.524
name: models.architecture.block_type=cls
training.mode=rollout
models.out_dim=10
models.architecture.n_encoder_layers=1
models.architecture.n_decoder_layers=1
seed=4    avg_loss: 0.000006526871  time_per_window : 0.000261   progress : 0.535
name: models.architecture.block_type=cls
training.mode=rollout
models.out_dim=10
models.architecture.n_encoder_layers=1
models.architecture.n_decoder_layers=1
seed=4    avg_loss: 0.000006066799  time_per_window : 0.000236   progress : 0.546
name: models.architecture.block_type=cls
training.mode=rollout
models.out_dim=10
models.architecture.n_encoder_layers=1
models.architecture.n_decoder_layers=1
seed=4    avg_loss: 0.000006313228  time_per_window : 0.000263   progress : 0.557
name: models.architecture.block_type=cls
training.mode=rollout
models.out_dim=10
models.architecture.n_encoder_layers=1
models.architecture.n_decoder_layers=1
seed=4    avg_loss: 0.000006432893  time_per_window : 0.000306   progress : 0.568
name: models.architecture.block_type=cls
training.mode=rollout
models.out_dim=10
models.architecture.n_encoder_layers=1
models.architecture.n_decoder_layers=1
seed=4    avg_loss: 0.000006580167  time_per_window : 0.000245   progress : 0.579
name: models.architecture.block_type=cls
training.mode=rollout
models.out_dim=10
models.architecture.n_encoder_layers=1
models.architecture.n_decoder_layers=1
seed=4    avg_loss: 0.000007689800  time_per_window : 0.000243   progress : 0.590
name: models.architecture.block_type=cls
training.mode=rollout
models.out_dim=10
models.architecture.n_encoder_layers=1
models.architecture.n_decoder_layers=1
seed=4    avg_loss: 0.000005385693  time_per_window : 0.000257   progress : 0.601
name: models.architecture.block_type=cls
training.mode=rollout
models.out_dim=10
models.architecture.n_encoder_layers=1
models.architecture.n_decoder_layers=1
seed=4    avg_loss: 0.000005610346  time_per_window : 0.000227   progress : 0.612
name: models.architecture.block_type=cls
training.mode=rollout
models.out_dim=10
models.architecture.n_encoder_layers=1
models.architecture.n_decoder_layers=1
seed=4    avg_loss: 0.000006559575  time_per_window : 0.000236   progress : 0.623
name: models.architecture.block_type=cls
training.mode=rollout
models.out_dim=10
models.architecture.n_encoder_layers=1
models.architecture.n_decoder_layers=1
seed=4    avg_loss: 0.000005995846  time_per_window : 0.000292   progress : 0.634
name: models.architecture.block_type=cls
training.mode=rollout
models.out_dim=10
models.architecture.n_encoder_layers=1
models.architecture.n_decoder_layers=1
seed=4    avg_loss: 0.000006116948  time_per_window : 0.000256   progress : 0.644
name: models.architecture.block_type=cls
training.mode=rollout
models.out_dim=10
models.architecture.n_encoder_layers=1
models.architecture.n_decoder_layers=1
seed=4    avg_loss: 0.000005663403  time_per_window : 0.000268   progress : 0.655
name: models.architecture.block_type=cls
training.mode=rollout
models.out_dim=10
models.architecture.n_encoder_layers=1
models.architecture.n_decoder_layers=1
seed=4    avg_loss: 0.000006201062  time_per_window : 0.000243   progress : 0.666
name: models.architecture.block_type=cls
training.mode=rollout
models.out_dim=10
models.architecture.n_encoder_layers=1
models.architecture.n_decoder_layers=1
seed=4    avg_loss: 0.000005800136  time_per_window : 0.000234   progress : 0.677
name: models.architecture.block_type=cls
training.mode=rollout
models.out_dim=10
models.architecture.n_encoder_layers=1
models.architecture.n_decoder_layers=1
seed=4    avg_loss: 0.000004950788  time_per_window : 0.000252   progress : 0.688
name: models.architecture.block_type=cls
training.mode=rollout
models.out_dim=10
models.architecture.n_encoder_layers=1
models.architecture.n_decoder_layers=1
seed=4    avg_loss: 0.000005415377  time_per_window : 0.000255   progress : 0.699
name: models.architecture.block_type=cls
training.mode=rollout
models.out_dim=10
models.architecture.n_encoder_layers=1
models.architecture.n_decoder_layers=1
seed=4    avg_loss: 0.000004547669  time_per_window : 0.000262   progress : 0.710
name: models.architecture.block_type=cls
training.mode=rollout
models.out_dim=10
models.architecture.n_encoder_layers=1
models.architecture.n_decoder_layers=1
seed=4    avg_loss: 0.000005349663  time_per_window : 0.000281   progress : 0.721
name: models.architecture.block_type=cls
training.mode=rollout
models.out_dim=10
models.architecture.n_encoder_layers=1
models.architecture.n_decoder_layers=1
seed=4    avg_loss: 0.000005295887  time_per_window : 0.000248   progress : 0.732
name: models.architecture.block_type=cls
training.mode=rollout
models.out_dim=10
models.architecture.n_encoder_layers=1
models.architecture.n_decoder_layers=1
seed=4    avg_loss: 0.000004458688  time_per_window : 0.000263   progress : 0.743
name: models.architecture.block_type=cls
training.mode=rollout
models.out_dim=10
models.architecture.n_encoder_layers=1
models.architecture.n_decoder_layers=1
seed=2    avg_loss: 0.000010941118  time_per_window : 0.000238   progress : 0.382
name: models.architecture.block_type=cls
training.mode=rollout
models.out_dim=10
models.architecture.n_encoder_layers=1
models.architecture.n_decoder_layers=1
seed=2    avg_loss: 0.000003954603  time_per_window : 0.000242   progress : 0.393
name: models.architecture.block_type=cls
training.mode=rollout
models.out_dim=10
models.architecture.n_encoder_layers=1
models.architecture.n_decoder_layers=1
seed=2    avg_loss: 0.000005179877  time_per_window : 0.000265   progress : 0.404
name: models.architecture.block_type=cls
training.mode=rollout
models.out_dim=10
models.architecture.n_encoder_layers=1
models.architecture.n_decoder_layers=1
seed=2    avg_loss: 0.000008116550  time_per_window : 0.000258   progress : 0.415
name: models.architecture.block_type=cls
training.mode=rollout
models.out_dim=10
models.architecture.n_encoder_layers=1
models.architecture.n_decoder_layers=1
seed=2    avg_loss: 0.000006703905  time_per_window : 0.000306   progress : 0.426
name: models.architecture.block_type=cls
training.mode=rollout
models.out_dim=10
models.architecture.n_encoder_layers=1
models.architecture.n_decoder_layers=1
seed=2    avg_loss: 0.000006362681  time_per_window : 0.000280   progress : 0.437
name: models.architecture.block_type=cls
training.mode=rollout
models.out_dim=10
models.architecture.n_encoder_layers=1
models.architecture.n_decoder_layers=1
seed=2    avg_loss: 0.000007139435  time_per_window : 0.000250   progress : 0.448
name: models.architecture.block_type=cls
training.mode=rollout
models.out_dim=10
models.architecture.n_encoder_layers=1
models.architecture.n_decoder_layers=1
seed=2    avg_loss: 0.000006248944  time_per_window : 0.000226   progress : 0.459
name: models.architecture.block_type=cls
training.mode=rollout
models.out_dim=10
models.architecture.n_encoder_layers=1
models.architecture.n_decoder_layers=1
seed=2    avg_loss: 0.000006980533  time_per_window : 0.000289   progress : 0.470
name: models.architecture.block_type=cls
training.mode=rollout
models.out_dim=10
models.architecture.n_encoder_layers=1
models.architecture.n_decoder_layers=1
seed=2    avg_loss: 0.000006690710  time_per_window : 0.000249   progress : 0.481
name: models.architecture.block_type=cls
training.mode=rollout
models.out_dim=10
models.architecture.n_encoder_layers=1
models.architecture.n_decoder_layers=1
seed=2    avg_loss: 0.000006025897  time_per_window : 0.000245   progress : 0.492
name: models.architecture.block_type=cls
training.mode=rollout
models.out_dim=10
models.architecture.n_encoder_layers=1
models.architecture.n_decoder_layers=1
seed=2    avg_loss: 0.000006488845  time_per_window : 0.000255   progress : 0.502
name: models.architecture.block_type=cls
training.mode=rollout
models.out_dim=10
models.architecture.n_encoder_layers=1
models.architecture.n_decoder_layers=1
seed=2    avg_loss: 0.000006329692  time_per_window : 0.000240   progress : 0.513
name: models.architecture.block_type=cls
training.mode=rollout
models.out_dim=10
models.architecture.n_encoder_layers=1
models.architecture.n_decoder_layers=1
seed=2    avg_loss: 0.000007338380  time_per_window : 0.000259   progress : 0.524
name: models.architecture.block_type=cls
training.mode=rollout
models.out_dim=10
models.architecture.n_encoder_layers=1
models.architecture.n_decoder_layers=1
seed=2    avg_loss: 0.000006080695  time_per_window : 0.000254   progress : 0.535
name: models.architecture.block_type=cls
training.mode=rollout
models.out_dim=10
models.architecture.n_encoder_layers=1
models.architecture.n_decoder_layers=1
seed=2    avg_loss: 0.000005023419  time_per_window : 0.000247   progress : 0.546
name: models.architecture.block_type=cls
training.mode=rollout
models.out_dim=10
models.architecture.n_encoder_layers=1
models.architecture.n_decoder_layers=1
seed=2    avg_loss: 0.000006670875  time_per_window : 0.000233   progress : 0.557
name: models.architecture.block_type=cls
training.mode=rollout
models.out_dim=10
models.architecture.n_encoder_layers=1
models.architecture.n_decoder_layers=1
seed=2    avg_loss: 0.000005441149  time_per_window : 0.000276   progress : 0.568
name: models.architecture.block_type=cls
training.mode=rollout
models.out_dim=10
models.architecture.n_encoder_layers=1
models.architecture.n_decoder_layers=1
seed=2    avg_loss: 0.000005800844  time_per_window : 0.000234   progress : 0.579
name: models.architecture.block_type=cls
training.mode=rollout
models.out_dim=10
models.architecture.n_encoder_layers=1
models.architecture.n_decoder_layers=1
seed=2    avg_loss: 0.000005627428  time_per_window : 0.000243   progress : 0.590
name: models.architecture.block_type=cls
training.mode=rollout
models.out_dim=10
models.architecture.n_encoder_layers=1
models.architecture.n_decoder_layers=1
seed=2    avg_loss: 0.000007484417  time_per_window : 0.000242   progress : 0.601
name: models.architecture.block_type=cls
training.mode=rollout
models.out_dim=10
models.architecture.n_encoder_layers=1
models.architecture.n_decoder_layers=1
seed=2    avg_loss: 0.000005007093  time_per_window : 0.000233   progress : 0.612
name: models.architecture.block_type=cls
training.mode=rollout
models.out_dim=10
models.architecture.n_encoder_layers=1
models.architecture.n_decoder_layers=1
seed=2    avg_loss: 0.000005474018  time_per_window : 0.000248   progress : 0.623
name: models.architecture.block_type=cls
training.mode=rollout
models.out_dim=10
models.architecture.n_encoder_layers=1
models.architecture.n_decoder_layers=1
seed=2    avg_loss: 0.000005549644  time_per_window : 0.000250   progress : 0.634
name: models.architecture.block_type=cls
training.mode=rollout
models.out_dim=10
models.architecture.n_encoder_layers=1
models.architecture.n_decoder_layers=1
seed=2    avg_loss: 0.000005281437  time_per_window : 0.000254   progress : 0.644
name: models.architecture.block_type=cls
training.mode=rollout
models.out_dim=10
models.architecture.n_encoder_layers=1
models.architecture.n_decoder_layers=1
seed=2    avg_loss: 0.000004775728  time_per_window : 0.000243   progress : 0.655
name: models.architecture.block_type=cls
training.mode=rollout
models.out_dim=10
models.architecture.n_encoder_layers=1
models.architecture.n_decoder_layers=1
seed=2    avg_loss: 0.000004725169  time_per_window : 0.000250   progress : 0.666
name: models.architecture.block_type=cls
training.mode=rollout
models.out_dim=10
models.architecture.n_encoder_layers=1
models.architecture.n_decoder_layers=1
seed=2    avg_loss: 0.000005456483  time_per_window : 0.000270   progress : 0.677
name: models.architecture.block_type=cls
training.mode=rollout
models.out_dim=10
models.architecture.n_encoder_layers=1
models.architecture.n_decoder_layers=1
seed=2    avg_loss: 0.000004649373  time_per_window : 0.000248   progress : 0.688
name: models.architecture.block_type=cls
training.mode=rollout
models.out_dim=10
models.architecture.n_encoder_layers=1
models.architecture.n_decoder_layers=1
seed=2    avg_loss: 0.000004820765  time_per_window : 0.000253   progress : 0.699
name: models.architecture.block_type=cls
training.mode=rollout
models.out_dim=10
models.architecture.n_encoder_layers=1
models.architecture.n_decoder_layers=1
seed=2    avg_loss: 0.000004234566  time_per_window : 0.000256   progress : 0.710
name: models.architecture.block_type=cls
training.mode=rollout
models.out_dim=10
models.architecture.n_encoder_layers=1
models.architecture.n_decoder_layers=1
seed=2    avg_loss: 0.000006283841  time_per_window : 0.000257   progress : 0.721
name: models.architecture.block_type=cls
training.mode=rollout
models.out_dim=10
models.architecture.n_encoder_layers=1
models.architecture.n_decoder_layers=1
seed=2    avg_loss: 0.000004051590  time_per_window : 0.000285   progress : 0.732
name: models.architecture.block_type=cls
training.mode=rollout
models.out_dim=10
models.architecture.n_encoder_layers=1
models.architecture.n_decoder_layers=1
seed=2    avg_loss: 0.000004082065  time_per_window : 0.000240   progress : 0.743
name: models.architecture.block_type=cls
training.mode=rollout
models.out_dim=10
models.architecture.n_encoder_layers=1
models.architecture.n_decoder_layers=1
seed=1    avg_loss: 0.000008351893  time_per_window : 0.000247   progress : 0.382
name: models.architecture.block_type=cls
training.mode=rollout
models.out_dim=10
models.architecture.n_encoder_layers=1
models.architecture.n_decoder_layers=1
seed=1    avg_loss: 0.000006997369  time_per_window : 0.000251   progress : 0.393
name: models.architecture.block_type=cls
training.mode=rollout
models.out_dim=10
models.architecture.n_encoder_layers=1
models.architecture.n_decoder_layers=1
seed=1    avg_loss: 0.000006899171  time_per_window : 0.000247   progress : 0.404
name: models.architecture.block_type=cls
training.mode=rollout
models.out_dim=10
models.architecture.n_encoder_layers=1
models.architecture.n_decoder_layers=1
seed=1    avg_loss: 0.000010292955  time_per_window : 0.000248   progress : 0.415
name: models.architecture.block_type=cls
training.mode=rollout
models.out_dim=10
models.architecture.n_encoder_layers=1
models.architecture.n_decoder_layers=1
seed=1    avg_loss: 0.000007964870  time_per_window : 0.000242   progress : 0.426
name: models.architecture.block_type=cls
training.mode=rollout
models.out_dim=10
models.architecture.n_encoder_layers=1
models.architecture.n_decoder_layers=1
seed=1    avg_loss: 0.000008079085  time_per_window : 0.000265   progress : 0.437
name: models.architecture.block_type=cls
training.mode=rollout
models.out_dim=10
models.architecture.n_encoder_layers=1
models.architecture.n_decoder_layers=1
seed=1    avg_loss: 0.000008204946  time_per_window : 0.000232   progress : 0.448
name: models.architecture.block_type=cls
training.mode=rollout
models.out_dim=10
models.architecture.n_encoder_layers=1
models.architecture.n_decoder_layers=1
seed=1    avg_loss: 0.000006535890  time_per_window : 0.000239   progress : 0.459
name: models.architecture.block_type=cls
training.mode=rollout
models.out_dim=10
models.architecture.n_encoder_layers=1
models.architecture.n_decoder_layers=1
seed=1    avg_loss: 0.000010442621  time_per_window : 0.000289   progress : 0.470
name: models.architecture.block_type=cls
training.mode=rollout
models.out_dim=10
models.architecture.n_encoder_layers=1
models.architecture.n_decoder_layers=1
seed=1    avg_loss: 0.000005372746  time_per_window : 0.000289   progress : 0.481
name: models.architecture.block_type=cls
training.mode=rollout
models.out_dim=10
models.architecture.n_encoder_layers=1
models.architecture.n_decoder_layers=1
seed=1    avg_loss: 0.000008135812  time_per_window : 0.000233   progress : 0.492
name: models.architecture.block_type=cls
training.mode=rollout
models.out_dim=10
models.architecture.n_encoder_layers=1
models.architecture.n_decoder_layers=1
seed=1    avg_loss: 0.000007772419  time_per_window : 0.000242   progress : 0.502
name: models.architecture.block_type=cls
training.mode=rollout
models.out_dim=10
models.architecture.n_encoder_layers=1
models.architecture.n_decoder_layers=1
seed=1    avg_loss: 0.000007218220  time_per_window : 0.000236   progress : 0.513
name: models.architecture.block_type=cls
training.mode=rollout
models.out_dim=10
models.architecture.n_encoder_layers=1
models.architecture.n_decoder_layers=1
seed=1    avg_loss: 0.000007621993  time_per_window : 0.000227   progress : 0.524
name: models.architecture.block_type=cls
training.mode=rollout
models.out_dim=10
models.architecture.n_encoder_layers=1
models.architecture.n_decoder_layers=1
seed=1    avg_loss: 0.000007476642  time_per_window : 0.000301   progress : 0.535
name: models.architecture.block_type=cls
training.mode=rollout
models.out_dim=10
models.architecture.n_encoder_layers=1
models.architecture.n_decoder_layers=1
seed=1    avg_loss: 0.000006360164  time_per_window : 0.000252   progress : 0.546
name: models.architecture.block_type=cls
training.mode=rollout
models.out_dim=10
models.architecture.n_encoder_layers=1
models.architecture.n_decoder_layers=1
seed=1    avg_loss: 0.000005681652  time_per_window : 0.000255   progress : 0.557
name: models.architecture.block_type=cls
training.mode=rollout
models.out_dim=10
models.architecture.n_encoder_layers=1
models.architecture.n_decoder_layers=1
seed=1    avg_loss: 0.000008785303  time_per_window : 0.000250   progress : 0.568
name: models.architecture.block_type=cls
training.mode=rollout
models.out_dim=10
models.architecture.n_encoder_layers=1
models.architecture.n_decoder_layers=1
seed=1    avg_loss: 0.000004815934  time_per_window : 0.000248   progress : 0.579
name: models.architecture.block_type=cls
training.mode=rollout
models.out_dim=10
models.architecture.n_encoder_layers=1
models.architecture.n_decoder_layers=1
seed=1    avg_loss: 0.000007769496  time_per_window : 0.000258   progress : 0.590
name: models.architecture.block_type=cls
training.mode=rollout
models.out_dim=10
models.architecture.n_encoder_layers=1
models.architecture.n_decoder_layers=1
seed=1    avg_loss: 0.000006075390  time_per_window : 0.000250   progress : 0.601
name: models.architecture.block_type=cls
training.mode=rollout
models.out_dim=10
models.architecture.n_encoder_layers=1
models.architecture.n_decoder_layers=1
seed=1    avg_loss: 0.000006397344  time_per_window : 0.000267   progress : 0.612
name: models.architecture.block_type=cls
training.mode=rollout
models.out_dim=10
models.architecture.n_encoder_layers=1
models.architecture.n_decoder_layers=1
seed=1    avg_loss: 0.000006781938  time_per_window : 0.000238   progress : 0.623
name: models.architecture.block_type=cls
training.mode=rollout
models.out_dim=10
models.architecture.n_encoder_layers=1
models.architecture.n_decoder_layers=1
seed=1    avg_loss: 0.000005124947  time_per_window : 0.000272   progress : 0.634
name: models.architecture.block_type=cls
training.mode=rollout
models.out_dim=10
models.architecture.n_encoder_layers=1
models.architecture.n_decoder_layers=1
seed=1    avg_loss: 0.000007631888  time_per_window : 0.000240   progress : 0.644
name: models.architecture.block_type=cls
training.mode=rollout
models.out_dim=10
models.architecture.n_encoder_layers=1
models.architecture.n_decoder_layers=1
seed=1    avg_loss: 0.000005369300  time_per_window : 0.000281   progress : 0.655
name: models.architecture.block_type=cls
training.mode=rollout
models.out_dim=10
models.architecture.n_encoder_layers=1
models.architecture.n_decoder_layers=1
seed=1    avg_loss: 0.000005075934  time_per_window : 0.000252   progress : 0.666
name: models.architecture.block_type=cls
training.mode=rollout
models.out_dim=10
models.architecture.n_encoder_layers=1
models.architecture.n_decoder_layers=1
seed=1    avg_loss: 0.000006080083  time_per_window : 0.000298   progress : 0.677
name: models.architecture.block_type=cls
training.mode=rollout
models.out_dim=10
models.architecture.n_encoder_layers=1
models.architecture.n_decoder_layers=1
seed=1    avg_loss: 0.000005780309  time_per_window : 0.000245   progress : 0.688
name: models.architecture.block_type=cls
training.mode=rollout
models.out_dim=10
models.architecture.n_encoder_layers=1
models.architecture.n_decoder_layers=1
seed=1    avg_loss: 0.000004529312  time_per_window : 0.000241   progress : 0.699
name: models.architecture.block_type=cls
training.mode=rollout
models.out_dim=10
models.architecture.n_encoder_layers=1
models.architecture.n_decoder_layers=1
seed=1    avg_loss: 0.000005635763  time_per_window : 0.000254   progress : 0.710
name: models.architecture.block_type=cls
training.mode=rollout
models.out_dim=10
models.architecture.n_encoder_layers=1
models.architecture.n_decoder_layers=1
seed=1    avg_loss: 0.000006427814  time_per_window : 0.000244   progress : 0.721
name: models.architecture.block_type=cls
training.mode=rollout
models.out_dim=10
models.architecture.n_encoder_layers=1
models.architecture.n_decoder_layers=1
seed=1    avg_loss: 0.000005055696  time_per_window : 0.000266   progress : 0.732
name: models.architecture.block_type=cls
training.mode=rollout
models.out_dim=10
models.architecture.n_encoder_layers=1
models.architecture.n_decoder_layers=1
seed=1    avg_loss: 0.000004389500  time_per_window : 0.000300   progress : 0.743
name: models.architecture.block_type=cls
training.mode=rollout
models.out_dim=10
models.architecture.n_encoder_layers=1
models.architecture.n_decoder_layers=1
seed=3    avg_loss: 0.000006111586  time_per_window : 0.000267   progress : 0.382
name: models.architecture.block_type=cls
training.mode=rollout
models.out_dim=10
models.architecture.n_encoder_layers=1
models.architecture.n_decoder_layers=1
seed=3    avg_loss: 0.000007435909  time_per_window : 0.000289   progress : 0.393
name: models.architecture.block_type=cls
training.mode=rollout
models.out_dim=10
models.architecture.n_encoder_layers=1
models.architecture.n_decoder_layers=1
seed=3    avg_loss: 0.000007690272  time_per_window : 0.000246   progress : 0.404
name: models.architecture.block_type=cls
training.mode=rollout
models.out_dim=10
models.architecture.n_encoder_layers=1
models.architecture.n_decoder_layers=1
seed=3    avg_loss: 0.000006041270  time_per_window : 0.000285   progress : 0.415
name: models.architecture.block_type=cls
training.mode=rollout
models.out_dim=10
models.architecture.n_encoder_layers=1
models.architecture.n_decoder_layers=1
seed=3    avg_loss: 0.000006856452  time_per_window : 0.000303   progress : 0.426
name: models.architecture.block_type=cls
training.mode=rollout
models.out_dim=10
models.architecture.n_encoder_layers=1
models.architecture.n_decoder_layers=1
seed=3    avg_loss: 0.000006477114  time_per_window : 0.000237   progress : 0.437
name: models.architecture.block_type=cls
training.mode=rollout
models.out_dim=10
models.architecture.n_encoder_layers=1
models.architecture.n_decoder_layers=1
seed=3    avg_loss: 0.000007204407  time_per_window : 0.000269   progress : 0.448
name: models.architecture.block_type=cls
training.mode=rollout
models.out_dim=10
models.architecture.n_encoder_layers=1
models.architecture.n_decoder_layers=1
seed=3    avg_loss: 0.000006608345  time_per_window : 0.000259   progress : 0.459
name: models.architecture.block_type=cls
training.mode=rollout
models.out_dim=10
models.architecture.n_encoder_layers=1
models.architecture.n_decoder_layers=1
seed=3    avg_loss: 0.000006371923  time_per_window : 0.000229   progress : 0.470
name: models.architecture.block_type=cls
training.mode=rollout
models.out_dim=10
models.architecture.n_encoder_layers=1
models.architecture.n_decoder_layers=1
seed=3    avg_loss: 0.000007068048  time_per_window : 0.000281   progress : 0.481
name: models.architecture.block_type=cls
training.mode=rollout
models.out_dim=10
models.architecture.n_encoder_layers=1
models.architecture.n_decoder_layers=1
seed=3    avg_loss: 0.000005633814  time_per_window : 0.000249   progress : 0.492
name: models.architecture.block_type=cls
training.mode=rollout
models.out_dim=10
models.architecture.n_encoder_layers=1
models.architecture.n_decoder_layers=1
seed=3    avg_loss: 0.000007024305  time_per_window : 0.000271   progress : 0.502
name: models.architecture.block_type=cls
training.mode=rollout
models.out_dim=10
models.architecture.n_encoder_layers=1
models.architecture.n_decoder_layers=1
seed=3    avg_loss: 0.000005582603  time_per_window : 0.000245   progress : 0.513
name: models.architecture.block_type=cls
training.mode=rollout
models.out_dim=10
models.architecture.n_encoder_layers=1
models.architecture.n_decoder_layers=1
seed=3    avg_loss: 0.000005733983  time_per_window : 0.000230   progress : 0.524
name: models.architecture.block_type=cls
training.mode=rollout
models.out_dim=10
models.architecture.n_encoder_layers=1
models.architecture.n_decoder_layers=1
seed=3    avg_loss: 0.000006353544  time_per_window : 0.000283   progress : 0.535
name: models.architecture.block_type=cls
training.mode=rollout
models.out_dim=10
models.architecture.n_encoder_layers=1
models.architecture.n_decoder_layers=1
seed=3    avg_loss: 0.000005464658  time_per_window : 0.000257   progress : 0.546
name: models.architecture.block_type=cls
training.mode=rollout
models.out_dim=10
models.architecture.n_encoder_layers=1
models.architecture.n_decoder_layers=1
seed=3    avg_loss: 0.000006565338  time_per_window : 0.000241   progress : 0.557
name: models.architecture.block_type=cls
training.mode=rollout
models.out_dim=10
models.architecture.n_encoder_layers=1
models.architecture.n_decoder_layers=1
seed=3    avg_loss: 0.000006374621  time_per_window : 0.000233   progress : 0.568
name: models.architecture.block_type=cls
training.mode=rollout
models.out_dim=10
models.architecture.n_encoder_layers=1
models.architecture.n_decoder_layers=1
seed=3    avg_loss: 0.000004529402  time_per_window : 0.000250   progress : 0.579
name: models.architecture.block_type=cls
training.mode=rollout
models.out_dim=10
models.architecture.n_encoder_layers=1
models.architecture.n_decoder_layers=1
seed=3    avg_loss: 0.000005758128  time_per_window : 0.000254   progress : 0.590
name: models.architecture.block_type=cls
training.mode=rollout
models.out_dim=10
models.architecture.n_encoder_layers=1
models.architecture.n_decoder_layers=1
seed=3    avg_loss: 0.000006117877  time_per_window : 0.000282   progress : 0.601
name: models.architecture.block_type=cls
training.mode=rollout
models.out_dim=10
models.architecture.n_encoder_layers=1
models.architecture.n_decoder_layers=1
seed=3    avg_loss: 0.000004959167  time_per_window : 0.000254   progress : 0.612
name: models.architecture.block_type=cls
training.mode=rollout
models.out_dim=10
models.architecture.n_encoder_layers=1
models.architecture.n_decoder_layers=1
seed=3    avg_loss: 0.000004864271  time_per_window : 0.000233   progress : 0.623
name: models.architecture.block_type=cls
training.mode=rollout
models.out_dim=10
models.architecture.n_encoder_layers=1
models.architecture.n_decoder_layers=1
seed=3    avg_loss: 0.000005017179  time_per_window : 0.000264   progress : 0.634
name: models.architecture.block_type=cls
training.mode=rollout
models.out_dim=10
models.architecture.n_encoder_layers=1
models.architecture.n_decoder_layers=1
seed=3    avg_loss: 0.000005883377  time_per_window : 0.000240   progress : 0.644
name: models.architecture.block_type=cls
training.mode=rollout
models.out_dim=10
models.architecture.n_encoder_layers=1
models.architecture.n_decoder_layers=1
seed=3    avg_loss: 0.000004495679  time_per_window : 0.000262   progress : 0.655
name: models.architecture.block_type=cls
training.mode=rollout
models.out_dim=10
models.architecture.n_encoder_layers=1
models.architecture.n_decoder_layers=1
seed=3    avg_loss: 0.000004547859  time_per_window : 0.000240   progress : 0.666
name: models.architecture.block_type=cls
training.mode=rollout
models.out_dim=10
models.architecture.n_encoder_layers=1
models.architecture.n_decoder_layers=1
seed=3    avg_loss: 0.000004863135  time_per_window : 0.000269   progress : 0.677
name: models.architecture.block_type=cls
training.mode=rollout
models.out_dim=10
models.architecture.n_encoder_layers=1
models.architecture.n_decoder_layers=1
seed=3    avg_loss: 0.000004522484  time_per_window : 0.000255   progress : 0.688
name: models.architecture.block_type=cls
training.mode=rollout
models.out_dim=10
models.architecture.n_encoder_layers=1
models.architecture.n_decoder_layers=1
seed=3    avg_loss: 0.000005157252  time_per_window : 0.000232   progress : 0.699
name: models.architecture.block_type=cls
training.mode=rollout
models.out_dim=10
models.architecture.n_encoder_layers=1
models.architecture.n_decoder_layers=1
seed=3    avg_loss: 0.000004667152  time_per_window : 0.000262   progress : 0.710
name: models.architecture.block_type=cls
training.mode=rollout
models.out_dim=10
models.architecture.n_encoder_layers=1
models.architecture.n_decoder_layers=1
seed=3    avg_loss: 0.000003861139  time_per_window : 0.000233   progress : 0.721
name: models.architecture.block_type=cls
training.mode=rollout
models.out_dim=10
models.architecture.n_encoder_layers=1
models.architecture.n_decoder_layers=1
seed=3    avg_loss: 0.000005067530  time_per_window : 0.000213   progress : 0.732
name: models.architecture.block_type=cls
training.mode=rollout
models.out_dim=10
models.architecture.n_encoder_layers=1
models.architecture.n_decoder_layers=1
seed=3    avg_loss: 0.000003812669  time_per_window : 0.000260   progress : 0.743
name: models.architecture.block_type=cls
training.mode=rollout
models.out_dim=10
models.architecture.n_encoder_layers=1
models.architecture.n_decoder_layers=1
seed=0    avg_loss: 0.000007228609  time_per_window : 0.000248   progress : 0.382
name: models.architecture.block_type=cls
training.mode=rollout
models.out_dim=10
models.architecture.n_encoder_layers=1
models.architecture.n_decoder_layers=1
seed=0    avg_loss: 0.000009656747  time_per_window : 0.000279   progress : 0.393
name: models.architecture.block_type=cls
training.mode=rollout
models.out_dim=10
models.architecture.n_encoder_layers=1
models.architecture.n_decoder_layers=1
seed=0    avg_loss: 0.000007148061  time_per_window : 0.000235   progress : 0.404
name: models.architecture.block_type=cls
training.mode=rollout
models.out_dim=10
models.architecture.n_encoder_layers=1
models.architecture.n_decoder_layers=1
seed=0    avg_loss: 0.000009293935  time_per_window : 0.000242   progress : 0.415
name: models.architecture.block_type=cls
training.mode=rollout
models.out_dim=10
models.architecture.n_encoder_layers=1
models.architecture.n_decoder_layers=1
seed=0    avg_loss: 0.000006856718  time_per_window : 0.000255   progress : 0.426
name: models.architecture.block_type=cls
training.mode=rollout
models.out_dim=10
models.architecture.n_encoder_layers=1
models.architecture.n_decoder_layers=1
seed=0    avg_loss: 0.000009218186  time_per_window : 0.000232   progress : 0.437
name: models.architecture.block_type=cls
training.mode=rollout
models.out_dim=10
models.architecture.n_encoder_layers=1
models.architecture.n_decoder_layers=1
seed=0    avg_loss: 0.000006500864  time_per_window : 0.000268   progress : 0.448
name: models.architecture.block_type=cls
training.mode=rollout
models.out_dim=10
models.architecture.n_encoder_layers=1
models.architecture.n_decoder_layers=1
seed=0    avg_loss: 0.000007069102  time_per_window : 0.000213   progress : 0.459
name: models.architecture.block_type=cls
training.mode=rollout
models.out_dim=10
models.architecture.n_encoder_layers=1
models.architecture.n_decoder_layers=1
seed=0    avg_loss: 0.000008635433  time_per_window : 0.000244   progress : 0.470
name: models.architecture.block_type=cls
training.mode=rollout
models.out_dim=10
models.architecture.n_encoder_layers=1
models.architecture.n_decoder_layers=1
seed=0    avg_loss: 0.000007553700  time_per_window : 0.000259   progress : 0.481
name: models.architecture.block_type=cls
training.mode=rollout
models.out_dim=10
models.architecture.n_encoder_layers=1
models.architecture.n_decoder_layers=1
seed=0    avg_loss: 0.000008289646  time_per_window : 0.000247   progress : 0.492
name: models.architecture.block_type=cls
training.mode=rollout
models.out_dim=10
models.architecture.n_encoder_layers=1
models.architecture.n_decoder_layers=1
seed=0    avg_loss: 0.000007302925  time_per_window : 0.000259   progress : 0.502
name: models.architecture.block_type=cls
training.mode=rollout
models.out_dim=10
models.architecture.n_encoder_layers=1
models.architecture.n_decoder_layers=1
seed=0    avg_loss: 0.000006620688  time_per_window : 0.000251   progress : 0.513
name: models.architecture.block_type=cls
training.mode=rollout
models.out_dim=10
models.architecture.n_encoder_layers=1
models.architecture.n_decoder_layers=1
seed=0    avg_loss: 0.000008657008  time_per_window : 0.000272   progress : 0.524
name: models.architecture.block_type=cls
training.mode=rollout
models.out_dim=10
models.architecture.n_encoder_layers=1
models.architecture.n_decoder_layers=1
seed=0    avg_loss: 0.000005180571  time_per_window : 0.000232   progress : 0.535
name: models.architecture.block_type=cls
training.mode=rollout
models.out_dim=10
models.architecture.n_encoder_layers=1
models.architecture.n_decoder_layers=1
seed=0    avg_loss: 0.000007580963  time_per_window : 0.000258   progress : 0.546
name: models.architecture.block_type=cls
training.mode=rollout
models.out_dim=10
models.architecture.n_encoder_layers=1
models.architecture.n_decoder_layers=1
seed=0    avg_loss: 0.000006076912  time_per_window : 0.000270   progress : 0.557
name: models.architecture.block_type=cls
training.mode=rollout
models.out_dim=10
models.architecture.n_encoder_layers=1
models.architecture.n_decoder_layers=1
seed=0    avg_loss: 0.000006985484  time_per_window : 0.000263   progress : 0.568
name: models.architecture.block_type=cls
training.mode=rollout
models.out_dim=10
models.architecture.n_encoder_layers=1
models.architecture.n_decoder_layers=1
seed=0    avg_loss: 0.000006422410  time_per_window : 0.000261   progress : 0.579
name: models.architecture.block_type=cls
training.mode=rollout
models.out_dim=10
models.architecture.n_encoder_layers=1
models.architecture.n_decoder_layers=1
seed=0    avg_loss: 0.000005773135  time_per_window : 0.000267   progress : 0.590
name: models.architecture.block_type=cls
training.mode=rollout
models.out_dim=10
models.architecture.n_encoder_layers=1
models.architecture.n_decoder_layers=1
seed=0    avg_loss: 0.000006444539  time_per_window : 0.000225   progress : 0.601
name: models.architecture.block_type=cls
training.mode=rollout
models.out_dim=10
models.architecture.n_encoder_layers=1
models.architecture.n_decoder_layers=1
seed=0    avg_loss: 0.000006553591  time_per_window : 0.000255   progress : 0.612
name: models.architecture.block_type=cls
training.mode=rollout
models.out_dim=10
models.architecture.n_encoder_layers=1
models.architecture.n_decoder_layers=1
seed=0    avg_loss: 0.000007197905  time_per_window : 0.000230   progress : 0.623
name: models.architecture.block_type=cls
training.mode=rollout
models.out_dim=10
models.architecture.n_encoder_layers=1
models.architecture.n_decoder_layers=1
seed=0    avg_loss: 0.000004948478  time_per_window : 0.000245   progress : 0.634
name: models.architecture.block_type=cls
training.mode=rollout
models.out_dim=10
models.architecture.n_encoder_layers=1
models.architecture.n_decoder_layers=1
seed=0    avg_loss: 0.000006120621  time_per_window : 0.000238   progress : 0.644
name: models.architecture.block_type=cls
training.mode=rollout
models.out_dim=10
models.architecture.n_encoder_layers=1
models.architecture.n_decoder_layers=1
seed=0    avg_loss: 0.000006201933  time_per_window : 0.000268   progress : 0.655
name: models.architecture.block_type=cls
training.mode=rollout
models.out_dim=10
models.architecture.n_encoder_layers=1
models.architecture.n_decoder_layers=1
seed=0    avg_loss: 0.000004950803  time_per_window : 0.000251   progress : 0.666
name: models.architecture.block_type=cls
training.mode=rollout
models.out_dim=10
models.architecture.n_encoder_layers=1
models.architecture.n_decoder_layers=1
seed=0    avg_loss: 0.000005072523  time_per_window : 0.000244   progress : 0.677
name: models.architecture.block_type=cls
training.mode=rollout
models.out_dim=10
models.architecture.n_encoder_layers=1
models.architecture.n_decoder_layers=1
seed=0    avg_loss: 0.000006484488  time_per_window : 0.000286   progress : 0.688
name: models.architecture.block_type=cls
training.mode=rollout
models.out_dim=10
models.architecture.n_encoder_layers=1
models.architecture.n_decoder_layers=1
seed=0    avg_loss: 0.000004854833  time_per_window : 0.000267   progress : 0.699
name: models.architecture.block_type=cls
training.mode=rollout
models.out_dim=10
models.architecture.n_encoder_layers=1
models.architecture.n_decoder_layers=1
seed=0    avg_loss: 0.000005780340  time_per_window : 0.000249   progress : 0.710
name: models.architecture.block_type=cls
training.mode=rollout
models.out_dim=10
models.architecture.n_encoder_layers=1
models.architecture.n_decoder_layers=1
seed=0    avg_loss: 0.000005345287  time_per_window : 0.000243   progress : 0.721
name: models.architecture.block_type=cls
training.mode=rollout
models.out_dim=10
models.architecture.n_encoder_layers=1
models.architecture.n_decoder_layers=1
seed=0    avg_loss: 0.000004179869  time_per_window : 0.000233   progress : 0.732
name: models.architecture.block_type=cls
training.mode=rollout
models.out_dim=10
models.architecture.n_encoder_layers=1
models.architecture.n_decoder_layers=1
seed=0    avg_loss: 0.000005369729  time_per_window : 0.000258   progress : 0.743/home/jdihardjo/miniconda3/envs/mavenv/lib/python3.11/site-packages/torch/_inductor/cudagraph_trees.py:2622: UserWarning: Unable to hit fast path of CUDAGraphs because outputs from a previous step still require backward. Ensure backward() is invoked or detach outputs. You may also call torch.compiler.cudagraph_mark_step_begin() before each model invocation.
  warnings.warn(
/home/jdihardjo/miniconda3/envs/mavenv/lib/python3.11/site-packages/torch/_inductor/cudagraph_trees.py:2622: UserWarning: Unable to hit fast path of CUDAGraphs because outputs from a previous step still require backward. Ensure backward() is invoked or detach outputs. You may also call torch.compiler.cudagraph_mark_step_begin() before each model invocation.
  warnings.warn(
/home/jdihardjo/miniconda3/envs/mavenv/lib/python3.11/site-packages/torch/_inductor/cudagraph_trees.py:2622: UserWarning: Unable to hit fast path of CUDAGraphs because outputs from a previous step still require backward. Ensure backward() is invoked or detach outputs. You may also call torch.compiler.cudagraph_mark_step_begin() before each model invocation.
  warnings.warn(
/home/jdihardjo/miniconda3/envs/mavenv/lib/python3.11/site-packages/torch/_inductor/cudagraph_trees.py:2622: UserWarning: Unable to hit fast path of CUDAGraphs because outputs from a previous step still require backward. Ensure backward() is invoked or detach outputs. You may also call torch.compiler.cudagraph_mark_step_begin() before each model invocation.
  warnings.warn(
/home/jdihardjo/miniconda3/envs/mavenv/lib/python3.11/site-packages/torch/_inductor/cudagraph_trees.py:2622: UserWarning: Unable to hit fast path of CUDAGraphs because outputs from a previous step still require backward. Ensure backward() is invoked or detach outputs. You may also call torch.compiler.cudagraph_mark_step_begin() before each model invocation.
  warnings.warn(
/home/jdihardjo/miniconda3/envs/mavenv/lib/python3.11/site-packages/torch/_inductor/cudagraph_trees.py:2622: UserWarning: Unable to hit fast path of CUDAGraphs because outputs from a previous step still require backward. Ensure backward() is invoked or detach outputs. You may also call torch.compiler.cudagraph_mark_step_begin() before each model invocation.
  warnings.warn(
/home/jdihardjo/miniconda3/envs/mavenv/lib/python3.11/site-packages/torch/_inductor/cudagraph_trees.py:2622: UserWarning: Unable to hit fast path of CUDAGraphs because outputs from a previous step still require backward. Ensure backward() is invoked or detach outputs. You may also call torch.compiler.cudagraph_mark_step_begin() before each model invocation.
  warnings.warn(
/home/jdihardjo/miniconda3/envs/mavenv/lib/python3.11/site-packages/torch/_inductor/cudagraph_trees.py:2622: UserWarning: Unable to hit fast path of CUDAGraphs because outputs from a previous step still require backward. Ensure backward() is invoked or detach outputs. You may also call torch.compiler.cudagraph_mark_step_begin() before each model invocation.
  warnings.warn(
/home/jdihardjo/miniconda3/envs/mavenv/lib/python3.11/site-packages/torch/_inductor/cudagraph_trees.py:2622: UserWarning: Unable to hit fast path of CUDAGraphs because outputs from a previous step still require backward. Ensure backward() is invoked or detach outputs. You may also call torch.compiler.cudagraph_mark_step_begin() before each model invocation.
  warnings.warn(
/home/jdihardjo/miniconda3/envs/mavenv/lib/python3.11/site-packages/torch/_inductor/cudagraph_trees.py:2622: UserWarning: Unable to hit fast path of CUDAGraphs because outputs from a previous step still require backward. Ensure backward() is invoked or detach outputs. You may also call torch.compiler.cudagraph_mark_step_begin() before each model invocation.
  warnings.warn(

name: models.architecture.block_type=cls
training.mode=rollout
models.out_dim=10
models.architecture.n_encoder_layers=1
models.architecture.n_decoder_layers=1
seed=4    avg_loss: 0.000004755213  time_per_window : 0.000267   progress : 0.754
name: models.architecture.block_type=cls
training.mode=rollout
models.out_dim=10
models.architecture.n_encoder_layers=1
models.architecture.n_decoder_layers=1
seed=4    avg_loss: 0.000005774565  time_per_window : 0.000294   progress : 0.765
name: models.architecture.block_type=cls
training.mode=rollout
models.out_dim=10
models.architecture.n_encoder_layers=1
models.architecture.n_decoder_layers=1
seed=4    avg_loss: 0.000004246553  time_per_window : 0.000249   progress : 0.775
name: models.architecture.block_type=cls
training.mode=rollout
models.out_dim=10
models.architecture.n_encoder_layers=1
models.architecture.n_decoder_layers=1
seed=4    avg_loss: 0.000004657483  time_per_window : 0.000281   progress : 0.786
name: models.architecture.block_type=cls
training.mode=rollout
models.out_dim=10
models.architecture.n_encoder_layers=1
models.architecture.n_decoder_layers=1
seed=4    avg_loss: 0.000004721614  time_per_window : 0.000298   progress : 0.797
name: models.architecture.block_type=cls
training.mode=rollout
models.out_dim=10
models.architecture.n_encoder_layers=1
models.architecture.n_decoder_layers=1
seed=4    avg_loss: 0.000004947436  time_per_window : 0.000242   progress : 0.808
name: models.architecture.block_type=cls
training.mode=rollout
models.out_dim=10
models.architecture.n_encoder_layers=1
models.architecture.n_decoder_layers=1
seed=4    avg_loss: 0.000003697982  time_per_window : 0.000268   progress : 0.819
name: models.architecture.block_type=cls
training.mode=rollout
models.out_dim=10
models.architecture.n_encoder_layers=1
models.architecture.n_decoder_layers=1
seed=4    avg_loss: 0.000004208131  time_per_window : 0.000266   progress : 0.830
name: models.architecture.block_type=cls
training.mode=rollout
models.out_dim=10
models.architecture.n_encoder_layers=1
models.architecture.n_decoder_layers=1
seed=4    avg_loss: 0.000004162700  time_per_window : 0.000237   progress : 0.841
name: models.architecture.block_type=cls
training.mode=rollout
models.out_dim=10
models.architecture.n_encoder_layers=1
models.architecture.n_decoder_layers=1
seed=4    avg_loss: 0.000004884989  time_per_window : 0.000236   progress : 0.852
name: models.architecture.block_type=cls
training.mode=rollout
models.out_dim=10
models.architecture.n_encoder_layers=1
models.architecture.n_decoder_layers=1
seed=4    avg_loss: 0.000003902919  time_per_window : 0.000282   progress : 0.863
name: models.architecture.block_type=cls
training.mode=rollout
models.out_dim=10
models.architecture.n_encoder_layers=1
models.architecture.n_decoder_layers=1
seed=4    avg_loss: 0.000004418148  time_per_window : 0.000244   progress : 0.874
name: models.architecture.block_type=cls
training.mode=rollout
models.out_dim=10
models.architecture.n_encoder_layers=1
models.architecture.n_decoder_layers=1
seed=4    avg_loss: 0.000003479879  time_per_window : 0.000266   progress : 0.885
name: models.architecture.block_type=cls
training.mode=rollout
models.out_dim=10
models.architecture.n_encoder_layers=1
models.architecture.n_decoder_layers=1
seed=4    avg_loss: 0.000003968179  time_per_window : 0.000244   progress : 0.896
name: models.architecture.block_type=cls
training.mode=rollout
models.out_dim=10
models.architecture.n_encoder_layers=1
models.architecture.n_decoder_layers=1
seed=4    avg_loss: 0.000003599892  time_per_window : 0.000237   progress : 0.907
name: models.architecture.block_type=cls
training.mode=rollout
models.out_dim=10
models.architecture.n_encoder_layers=1
models.architecture.n_decoder_layers=1
seed=4    avg_loss: 0.000003928501  time_per_window : 0.000250   progress : 0.917
name: models.architecture.block_type=cls
training.mode=rollout
models.out_dim=10
models.architecture.n_encoder_layers=1
models.architecture.n_decoder_layers=1
seed=4    avg_loss: 0.000003573871  time_per_window : 0.000268   progress : 0.928
name: models.architecture.block_type=cls
training.mode=rollout
models.out_dim=10
models.architecture.n_encoder_layers=1
models.architecture.n_decoder_layers=1
seed=4    avg_loss: 0.000003030493  time_per_window : 0.000309   progress : 0.939
name: models.architecture.block_type=cls
training.mode=rollout
models.out_dim=10
models.architecture.n_encoder_layers=1
models.architecture.n_decoder_layers=1
seed=4    avg_loss: 0.000003965581  time_per_window : 0.000257   progress : 0.950
name: models.architecture.block_type=cls
training.mode=rollout
models.out_dim=10
models.architecture.n_encoder_layers=1
models.architecture.n_decoder_layers=1
seed=4    avg_loss: 0.000003756954  time_per_window : 0.000265   progress : 0.961
name: models.architecture.block_type=cls
training.mode=rollout
models.out_dim=10
models.architecture.n_encoder_layers=1
models.architecture.n_decoder_layers=1
seed=4    avg_loss: 0.000003077964  time_per_window : 0.000264   progress : 0.972
name: models.architecture.block_type=cls
training.mode=rollout
models.out_dim=10
models.architecture.n_encoder_layers=1
models.architecture.n_decoder_layers=1
seed=4    avg_loss: 0.000003634440  time_per_window : 0.000253   progress : 0.983
name: models.architecture.block_type=cls
training.mode=rollout
models.out_dim=10
models.architecture.n_encoder_layers=1
models.architecture.n_decoder_layers=1
seed=4    avg_loss: 0.000003037394  time_per_window : 0.000265   progress : 0.994
name: models.architecture.block_type=cls
training.mode=rollout
models.out_dim=10
models.architecture.n_encoder_layers=1
models.architecture.n_decoder_layers=1
seed=4    avg_loss: 0.000032691925  time_per_window : 0.000262   progress : 0.011
name: models.architecture.block_type=cls
training.mode=rollout
models.out_dim=10
models.architecture.n_encoder_layers=1
models.architecture.n_decoder_layers=1
seed=4    avg_loss: 0.000000321212  time_per_window : 0.000281   progress : 0.022
name: models.architecture.block_type=cls
training.mode=rollout
models.out_dim=10
models.architecture.n_encoder_layers=1
models.architecture.n_decoder_layers=1
seed=4    avg_loss: 0.000000564236  time_per_window : 0.000277   progress : 0.033
name: models.architecture.block_type=cls
training.mode=rollout
models.out_dim=10
models.architecture.n_encoder_layers=1
models.architecture.n_decoder_layers=1
seed=4    avg_loss: 0.000001424180  time_per_window : 0.000244   progress : 0.044
name: models.architecture.block_type=cls
training.mode=rollout
models.out_dim=10
models.architecture.n_encoder_layers=1
models.architecture.n_decoder_layers=1
seed=4    avg_loss: 0.000001516346  time_per_window : 0.000264   progress : 0.055
name: models.architecture.block_type=cls
training.mode=rollout
models.out_dim=10
models.architecture.n_encoder_layers=1
models.architecture.n_decoder_layers=1
seed=4    avg_loss: 0.000002297961  time_per_window : 0.000256   progress : 0.066
name: models.architecture.block_type=cls
training.mode=rollout
models.out_dim=10
models.architecture.n_encoder_layers=1
models.architecture.n_decoder_layers=1
seed=4    avg_loss: 0.000001976598  time_per_window : 0.000275   progress : 0.076
name: models.architecture.block_type=cls
training.mode=rollout
models.out_dim=10
models.architecture.n_encoder_layers=1
models.architecture.n_decoder_layers=1
seed=4    avg_loss: 0.000003124866  time_per_window : 0.000253   progress : 0.087
name: models.architecture.block_type=cls
training.mode=rollout
models.out_dim=10
models.architecture.n_encoder_layers=1
models.architecture.n_decoder_layers=1
seed=4    avg_loss: 0.000002762087  time_per_window : 0.000234   progress : 0.098
name: models.architecture.block_type=cls
training.mode=rollout
models.out_dim=10
models.architecture.n_encoder_layers=1
models.architecture.n_decoder_layers=1
seed=4    avg_loss: 0.000002438373  time_per_window : 0.000306   progress : 0.109
name: models.architecture.block_type=cls
training.mode=rollout
models.out_dim=10
models.architecture.n_encoder_layers=1
models.architecture.n_decoder_layers=1
seed=4    avg_loss: 0.000002474006  time_per_window : 0.000271   progress : 0.120
name: models.architecture.block_type=cls
training.mode=rollout
models.out_dim=10
models.architecture.n_encoder_layers=1
models.architecture.n_decoder_layers=1
seed=2    avg_loss: 0.000004341502  time_per_window : 0.000251   progress : 0.754
name: models.architecture.block_type=cls
training.mode=rollout
models.out_dim=10
models.architecture.n_encoder_layers=1
models.architecture.n_decoder_layers=1
seed=2    avg_loss: 0.000005315076  time_per_window : 0.000248   progress : 0.765
name: models.architecture.block_type=cls
training.mode=rollout
models.out_dim=10
models.architecture.n_encoder_layers=1
models.architecture.n_decoder_layers=1
seed=2    avg_loss: 0.000003437825  time_per_window : 0.000238   progress : 0.775
name: models.architecture.block_type=cls
training.mode=rollout
models.out_dim=10
models.architecture.n_encoder_layers=1
models.architecture.n_decoder_layers=1
seed=2    avg_loss: 0.000004417674  time_per_window : 0.000235   progress : 0.786
name: models.architecture.block_type=cls
training.mode=rollout
models.out_dim=10
models.architecture.n_encoder_layers=1
models.architecture.n_decoder_layers=1
seed=2    avg_loss: 0.000003724065  time_per_window : 0.000252   progress : 0.797
name: models.architecture.block_type=cls
training.mode=rollout
models.out_dim=10
models.architecture.n_encoder_layers=1
models.architecture.n_decoder_layers=1
seed=2    avg_loss: 0.000004246199  time_per_window : 0.000254   progress : 0.808
name: models.architecture.block_type=cls
training.mode=rollout
models.out_dim=10
models.architecture.n_encoder_layers=1
models.architecture.n_decoder_layers=1
seed=2    avg_loss: 0.000003922151  time_per_window : 0.000252   progress : 0.819
name: models.architecture.block_type=cls
training.mode=rollout
models.out_dim=10
models.architecture.n_encoder_layers=1
models.architecture.n_decoder_layers=1
seed=2    avg_loss: 0.000003635008  time_per_window : 0.000255   progress : 0.830
name: models.architecture.block_type=cls
training.mode=rollout
models.out_dim=10
models.architecture.n_encoder_layers=1
models.architecture.n_decoder_layers=1
seed=2    avg_loss: 0.000004202271  time_per_window : 0.000262   progress : 0.841
name: models.architecture.block_type=cls
training.mode=rollout
models.out_dim=10
models.architecture.n_encoder_layers=1
models.architecture.n_decoder_layers=1
seed=2    avg_loss: 0.000004295092  time_per_window : 0.000243   progress : 0.852
name: models.architecture.block_type=cls
training.mode=rollout
models.out_dim=10
models.architecture.n_encoder_layers=1
models.architecture.n_decoder_layers=1
seed=2    avg_loss: 0.000003548685  time_per_window : 0.000243   progress : 0.863
name: models.architecture.block_type=cls
training.mode=rollout
models.out_dim=10
models.architecture.n_encoder_layers=1
models.architecture.n_decoder_layers=1
seed=2    avg_loss: 0.000003575407  time_per_window : 0.000269   progress : 0.874
name: models.architecture.block_type=cls
training.mode=rollout
models.out_dim=10
models.architecture.n_encoder_layers=1
models.architecture.n_decoder_layers=1
seed=2    avg_loss: 0.000003180115  time_per_window : 0.000281   progress : 0.885
name: models.architecture.block_type=cls
training.mode=rollout
models.out_dim=10
models.architecture.n_encoder_layers=1
models.architecture.n_decoder_layers=1
seed=2    avg_loss: 0.000003944758  time_per_window : 0.000256   progress : 0.896
name: models.architecture.block_type=cls
training.mode=rollout
models.out_dim=10
models.architecture.n_encoder_layers=1
models.architecture.n_decoder_layers=1
seed=2    avg_loss: 0.000003487577  time_per_window : 0.000233   progress : 0.907
name: models.architecture.block_type=cls
training.mode=rollout
models.out_dim=10
models.architecture.n_encoder_layers=1
models.architecture.n_decoder_layers=1
seed=2    avg_loss: 0.000003356565  time_per_window : 0.000270   progress : 0.917
name: models.architecture.block_type=cls
training.mode=rollout
models.out_dim=10
models.architecture.n_encoder_layers=1
models.architecture.n_decoder_layers=1
seed=2    avg_loss: 0.000003473199  time_per_window : 0.000271   progress : 0.928
name: models.architecture.block_type=cls
training.mode=rollout
models.out_dim=10
models.architecture.n_encoder_layers=1
models.architecture.n_decoder_layers=1
seed=2    avg_loss: 0.000002788101  time_per_window : 0.000244   progress : 0.939
name: models.architecture.block_type=cls
training.mode=rollout
models.out_dim=10
models.architecture.n_encoder_layers=1
models.architecture.n_decoder_layers=1
seed=2    avg_loss: 0.000003133122  time_per_window : 0.000237   progress : 0.950
name: models.architecture.block_type=cls
training.mode=rollout
models.out_dim=10
models.architecture.n_encoder_layers=1
models.architecture.n_decoder_layers=1
seed=2    avg_loss: 0.000003344528  time_per_window : 0.000273   progress : 0.961
name: models.architecture.block_type=cls
training.mode=rollout
models.out_dim=10
models.architecture.n_encoder_layers=1
models.architecture.n_decoder_layers=1
seed=2    avg_loss: 0.000002557317  time_per_window : 0.000260   progress : 0.972
name: models.architecture.block_type=cls
training.mode=rollout
models.out_dim=10
models.architecture.n_encoder_layers=1
models.architecture.n_decoder_layers=1
seed=2    avg_loss: 0.000002666904  time_per_window : 0.000219   progress : 0.983
name: models.architecture.block_type=cls
training.mode=rollout
models.out_dim=10
models.architecture.n_encoder_layers=1
models.architecture.n_decoder_layers=1
seed=2    avg_loss: 0.000003600938  time_per_window : 0.000257   progress : 0.994
name: models.architecture.block_type=cls
training.mode=rollout
models.out_dim=10
models.architecture.n_encoder_layers=1
models.architecture.n_decoder_layers=1
seed=2    avg_loss: 0.000026891805  time_per_window : 0.000273   progress : 0.011
name: models.architecture.block_type=cls
training.mode=rollout
models.out_dim=10
models.architecture.n_encoder_layers=1
models.architecture.n_decoder_layers=1
seed=2    avg_loss: 0.000000301749  time_per_window : 0.000273   progress : 0.022
name: models.architecture.block_type=cls
training.mode=rollout
models.out_dim=10
models.architecture.n_encoder_layers=1
models.architecture.n_decoder_layers=1
seed=2    avg_loss: 0.000000452452  time_per_window : 0.000236   progress : 0.033
name: models.architecture.block_type=cls
training.mode=rollout
models.out_dim=10
models.architecture.n_encoder_layers=1
models.architecture.n_decoder_layers=1
seed=2    avg_loss: 0.000001220864  time_per_window : 0.000260   progress : 0.044
name: models.architecture.block_type=cls
training.mode=rollout
models.out_dim=10
models.architecture.n_encoder_layers=1
models.architecture.n_decoder_layers=1
seed=2    avg_loss: 0.000002084050  time_per_window : 0.000268   progress : 0.055
name: models.architecture.block_type=cls
training.mode=rollout
models.out_dim=10
models.architecture.n_encoder_layers=1
models.architecture.n_decoder_layers=1
seed=2    avg_loss: 0.000001350569  time_per_window : 0.000281   progress : 0.066
name: models.architecture.block_type=cls
training.mode=rollout
models.out_dim=10
models.architecture.n_encoder_layers=1
models.architecture.n_decoder_layers=1
seed=2    avg_loss: 0.000002611118  time_per_window : 0.000240   progress : 0.076
name: models.architecture.block_type=cls
training.mode=rollout
models.out_dim=10
models.architecture.n_encoder_layers=1
models.architecture.n_decoder_layers=1
seed=2    avg_loss: 0.000002254805  time_per_window : 0.000292   progress : 0.087
name: models.architecture.block_type=cls
training.mode=rollout
models.out_dim=10
models.architecture.n_encoder_layers=1
models.architecture.n_decoder_layers=1
seed=2    avg_loss: 0.000002219415  time_per_window : 0.000342   progress : 0.098
name: models.architecture.block_type=cls
training.mode=rollout
models.out_dim=10
models.architecture.n_encoder_layers=1
models.architecture.n_decoder_layers=1
seed=2    avg_loss: 0.000002576410  time_per_window : 0.000245   progress : 0.109
name: models.architecture.block_type=cls
training.mode=rollout
models.out_dim=10
models.architecture.n_encoder_layers=1
models.architecture.n_decoder_layers=1
seed=2    avg_loss: 0.000001863750  time_per_window : 0.000306   progress : 0.120
name: models.architecture.block_type=cls
training.mode=rollout
models.out_dim=10
models.architecture.n_encoder_layers=1
models.architecture.n_decoder_layers=1
seed=3    avg_loss: 0.000003754646  time_per_window : 0.000315   progress : 0.754
name: models.architecture.block_type=cls
training.mode=rollout
models.out_dim=10
models.architecture.n_encoder_layers=1
models.architecture.n_decoder_layers=1
seed=3    avg_loss: 0.000003778910  time_per_window : 0.000226   progress : 0.765
name: models.architecture.block_type=cls
training.mode=rollout
models.out_dim=10
models.architecture.n_encoder_layers=1
models.architecture.n_decoder_layers=1
seed=3    avg_loss: 0.000004592773  time_per_window : 0.000246   progress : 0.775
name: models.architecture.block_type=cls
training.mode=rollout
models.out_dim=10
models.architecture.n_encoder_layers=1
models.architecture.n_decoder_layers=1
seed=3    avg_loss: 0.000004009838  time_per_window : 0.000266   progress : 0.786
name: models.architecture.block_type=cls
training.mode=rollout
models.out_dim=10
models.architecture.n_encoder_layers=1
models.architecture.n_decoder_layers=1
seed=3    avg_loss: 0.000003932420  time_per_window : 0.000232   progress : 0.797
name: models.architecture.block_type=cls
training.mode=rollout
models.out_dim=10
models.architecture.n_encoder_layers=1
models.architecture.n_decoder_layers=1
seed=3    avg_loss: 0.000003614140  time_per_window : 0.000255   progress : 0.808
name: models.architecture.block_type=cls
training.mode=rollout
models.out_dim=10
models.architecture.n_encoder_layers=1
models.architecture.n_decoder_layers=1
seed=3    avg_loss: 0.000003756768  time_per_window : 0.000250   progress : 0.819
name: models.architecture.block_type=cls
training.mode=rollout
models.out_dim=10
models.architecture.n_encoder_layers=1
models.architecture.n_decoder_layers=1
seed=3    avg_loss: 0.000004036150  time_per_window : 0.000236   progress : 0.830
name: models.architecture.block_type=cls
training.mode=rollout
models.out_dim=10
models.architecture.n_encoder_layers=1
models.architecture.n_decoder_layers=1
seed=3    avg_loss: 0.000003427906  time_per_window : 0.000260   progress : 0.841
name: models.architecture.block_type=cls
training.mode=rollout
models.out_dim=10
models.architecture.n_encoder_layers=1
models.architecture.n_decoder_layers=1
seed=3    avg_loss: 0.000003346286  time_per_window : 0.000262   progress : 0.852
name: models.architecture.block_type=cls
training.mode=rollout
models.out_dim=10
models.architecture.n_encoder_layers=1
models.architecture.n_decoder_layers=1
seed=3    avg_loss: 0.000003468280  time_per_window : 0.000258   progress : 0.863
name: models.architecture.block_type=cls
training.mode=rollout
models.out_dim=10
models.architecture.n_encoder_layers=1
models.architecture.n_decoder_layers=1
seed=3    avg_loss: 0.000003298188  time_per_window : 0.000252   progress : 0.874
name: models.architecture.block_type=cls
training.mode=rollout
models.out_dim=10
models.architecture.n_encoder_layers=1
models.architecture.n_decoder_layers=1
seed=3    avg_loss: 0.000003711652  time_per_window : 0.000242   progress : 0.885
name: models.architecture.block_type=cls
training.mode=rollout
models.out_dim=10
models.architecture.n_encoder_layers=1
models.architecture.n_decoder_layers=1
seed=3    avg_loss: 0.000002873413  time_per_window : 0.000260   progress : 0.896
name: models.architecture.block_type=cls
training.mode=rollout
models.out_dim=10
models.architecture.n_encoder_layers=1
models.architecture.n_decoder_layers=1
seed=3    avg_loss: 0.000003492159  time_per_window : 0.000232   progress : 0.907
name: models.architecture.block_type=cls
training.mode=rollout
models.out_dim=10
models.architecture.n_encoder_layers=1
models.architecture.n_decoder_layers=1
seed=3    avg_loss: 0.000002792283  time_per_window : 0.000234   progress : 0.917
name: models.architecture.block_type=cls
training.mode=rollout
models.out_dim=10
models.architecture.n_encoder_layers=1
models.architecture.n_decoder_layers=1
seed=3    avg_loss: 0.000003053356  time_per_window : 0.000252   progress : 0.928
name: models.architecture.block_type=cls
training.mode=rollout
models.out_dim=10
models.architecture.n_encoder_layers=1
models.architecture.n_decoder_layers=1
seed=3    avg_loss: 0.000003181839  time_per_window : 0.000238   progress : 0.939
name: models.architecture.block_type=cls
training.mode=rollout
models.out_dim=10
models.architecture.n_encoder_layers=1
models.architecture.n_decoder_layers=1
seed=3    avg_loss: 0.000002900431  time_per_window : 0.000244   progress : 0.950
name: models.architecture.block_type=cls
training.mode=rollout
models.out_dim=10
models.architecture.n_encoder_layers=1
models.architecture.n_decoder_layers=1
seed=3    avg_loss: 0.000002829797  time_per_window : 0.000257   progress : 0.961
name: models.architecture.block_type=cls
training.mode=rollout
models.out_dim=10
models.architecture.n_encoder_layers=1
models.architecture.n_decoder_layers=1
seed=3    avg_loss: 0.000002782722  time_per_window : 0.000240   progress : 0.972
name: models.architecture.block_type=cls
training.mode=rollout
models.out_dim=10
models.architecture.n_encoder_layers=1
models.architecture.n_decoder_layers=1
seed=3    avg_loss: 0.000003024494  time_per_window : 0.000255   progress : 0.983
name: models.architecture.block_type=cls
training.mode=rollout
models.out_dim=10
models.architecture.n_encoder_layers=1
models.architecture.n_decoder_layers=1
seed=3    avg_loss: 0.000002729863  time_per_window : 0.000227   progress : 0.994
name: models.architecture.block_type=cls
training.mode=rollout
models.out_dim=10
models.architecture.n_encoder_layers=1
models.architecture.n_decoder_layers=1
seed=3    avg_loss: 0.000018941346  time_per_window : 0.000328   progress : 0.011
name: models.architecture.block_type=cls
training.mode=rollout
models.out_dim=10
models.architecture.n_encoder_layers=1
models.architecture.n_decoder_layers=1
seed=3    avg_loss: 0.000000563800  time_per_window : 0.000265   progress : 0.022
name: models.architecture.block_type=cls
training.mode=rollout
models.out_dim=10
models.architecture.n_encoder_layers=1
models.architecture.n_decoder_layers=1
seed=3    avg_loss: 0.000000975160  time_per_window : 0.000273   progress : 0.033
name: models.architecture.block_type=cls
training.mode=rollout
models.out_dim=10
models.architecture.n_encoder_layers=1
models.architecture.n_decoder_layers=1
seed=3    avg_loss: 0.000001830139  time_per_window : 0.000257   progress : 0.044
name: models.architecture.block_type=cls
training.mode=rollout
models.out_dim=10
models.architecture.n_encoder_layers=1
models.architecture.n_decoder_layers=1
seed=3    avg_loss: 0.000002138872  time_per_window : 0.000260   progress : 0.055
name: models.architecture.block_type=cls
training.mode=rollout
models.out_dim=10
models.architecture.n_encoder_layers=1
models.architecture.n_decoder_layers=1
seed=3    avg_loss: 0.000002079601  time_per_window : 0.000261   progress : 0.066
name: models.architecture.block_type=cls
training.mode=rollout
models.out_dim=10
models.architecture.n_encoder_layers=1
models.architecture.n_decoder_layers=1
seed=3    avg_loss: 0.000002664802  time_per_window : 0.000261   progress : 0.076
name: models.architecture.block_type=cls
training.mode=rollout
models.out_dim=10
models.architecture.n_encoder_layers=1
models.architecture.n_decoder_layers=1
seed=3    avg_loss: 0.000001799014  time_per_window : 0.000263   progress : 0.087
name: models.architecture.block_type=cls
training.mode=rollout
models.out_dim=10
models.architecture.n_encoder_layers=1
models.architecture.n_decoder_layers=1
seed=3    avg_loss: 0.000002597340  time_per_window : 0.000237   progress : 0.098
name: models.architecture.block_type=cls
training.mode=rollout
models.out_dim=10
models.architecture.n_encoder_layers=1
models.architecture.n_decoder_layers=1
seed=3    avg_loss: 0.000002185647  time_per_window : 0.000326   progress : 0.109
name: models.architecture.block_type=cls
training.mode=rollout
models.out_dim=10
models.architecture.n_encoder_layers=1
models.architecture.n_decoder_layers=1
seed=3    avg_loss: 0.000002239904  time_per_window : 0.000257   progress : 0.120
name: models.architecture.block_type=cls
training.mode=rollout
models.out_dim=10
models.architecture.n_encoder_layers=1
models.architecture.n_decoder_layers=1
seed=0    avg_loss: 0.000004093250  time_per_window : 0.000245   progress : 0.754
name: models.architecture.block_type=cls
training.mode=rollout
models.out_dim=10
models.architecture.n_encoder_layers=1
models.architecture.n_decoder_layers=1
seed=0    avg_loss: 0.000005215396  time_per_window : 0.000242   progress : 0.765
name: models.architecture.block_type=cls
training.mode=rollout
models.out_dim=10
models.architecture.n_encoder_layers=1
models.architecture.n_decoder_layers=1
seed=0    avg_loss: 0.000004595322  time_per_window : 0.000299   progress : 0.775
name: models.architecture.block_type=cls
training.mode=rollout
models.out_dim=10
models.architecture.n_encoder_layers=1
models.architecture.n_decoder_layers=1
seed=0    avg_loss: 0.000004970338  time_per_window : 0.000241   progress : 0.786
name: models.architecture.block_type=cls
training.mode=rollout
models.out_dim=10
models.architecture.n_encoder_layers=1
models.architecture.n_decoder_layers=1
seed=0    avg_loss: 0.000004573117  time_per_window : 0.000257   progress : 0.797
name: models.architecture.block_type=cls
training.mode=rollout
models.out_dim=10
models.architecture.n_encoder_layers=1
models.architecture.n_decoder_layers=1
seed=0    avg_loss: 0.000004020686  time_per_window : 0.000263   progress : 0.808
name: models.architecture.block_type=cls
training.mode=rollout
models.out_dim=10
models.architecture.n_encoder_layers=1
models.architecture.n_decoder_layers=1
seed=0    avg_loss: 0.000003849838  time_per_window : 0.000265   progress : 0.819
name: models.architecture.block_type=cls
training.mode=rollout
models.out_dim=10
models.architecture.n_encoder_layers=1
models.architecture.n_decoder_layers=1
seed=0    avg_loss: 0.000005508758  time_per_window : 0.000287   progress : 0.830
name: models.architecture.block_type=cls
training.mode=rollout
models.out_dim=10
models.architecture.n_encoder_layers=1
models.architecture.n_decoder_layers=1
seed=0    avg_loss: 0.000004102008  time_per_window : 0.000255   progress : 0.841
name: models.architecture.block_type=cls
training.mode=rollout
models.out_dim=10
models.architecture.n_encoder_layers=1
models.architecture.n_decoder_layers=1
seed=0    avg_loss: 0.000003958976  time_per_window : 0.000254   progress : 0.852
name: models.architecture.block_type=cls
training.mode=rollout
models.out_dim=10
models.architecture.n_encoder_layers=1
models.architecture.n_decoder_layers=1
seed=0    avg_loss: 0.000003830221  time_per_window : 0.000267   progress : 0.863
name: models.architecture.block_type=cls
training.mode=rollout
models.out_dim=10
models.architecture.n_encoder_layers=1
models.architecture.n_decoder_layers=1
seed=0    avg_loss: 0.000003895112  time_per_window : 0.000268   progress : 0.874
name: models.architecture.block_type=cls
training.mode=rollout
models.out_dim=10
models.architecture.n_encoder_layers=1
models.architecture.n_decoder_layers=1
seed=0    avg_loss: 0.000003951656  time_per_window : 0.000238   progress : 0.885
name: models.architecture.block_type=cls
training.mode=rollout
models.out_dim=10
models.architecture.n_encoder_layers=1
models.architecture.n_decoder_layers=1
seed=0    avg_loss: 0.000003358168  time_per_window : 0.000277   progress : 0.896
name: models.architecture.block_type=cls
training.mode=rollout
models.out_dim=10
models.architecture.n_encoder_layers=1
models.architecture.n_decoder_layers=1
seed=0    avg_loss: 0.000004766703  time_per_window : 0.000246   progress : 0.907
name: models.architecture.block_type=cls
training.mode=rollout
models.out_dim=10
models.architecture.n_encoder_layers=1
models.architecture.n_decoder_layers=1
seed=0    avg_loss: 0.000002977073  time_per_window : 0.000237   progress : 0.917
name: models.architecture.block_type=cls
training.mode=rollout
models.out_dim=10
models.architecture.n_encoder_layers=1
models.architecture.n_decoder_layers=1
seed=0    avg_loss: 0.000003773913  time_per_window : 0.000245   progress : 0.928
name: models.architecture.block_type=cls
training.mode=rollout
models.out_dim=10
models.architecture.n_encoder_layers=1
models.architecture.n_decoder_layers=1
seed=0    avg_loss: 0.000003723026  time_per_window : 0.000282   progress : 0.939
name: models.architecture.block_type=cls
training.mode=rollout
models.out_dim=10
models.architecture.n_encoder_layers=1
models.architecture.n_decoder_layers=1
seed=0    avg_loss: 0.000003716611  time_per_window : 0.000228   progress : 0.950
name: models.architecture.block_type=cls
training.mode=rollout
models.out_dim=10
models.architecture.n_encoder_layers=1
models.architecture.n_decoder_layers=1
seed=0    avg_loss: 0.000003097100  time_per_window : 0.000284   progress : 0.961
name: models.architecture.block_type=cls
training.mode=rollout
models.out_dim=10
models.architecture.n_encoder_layers=1
models.architecture.n_decoder_layers=1
seed=0    avg_loss: 0.000003592576  time_per_window : 0.000241   progress : 0.972
name: models.architecture.block_type=cls
training.mode=rollout
models.out_dim=10
models.architecture.n_encoder_layers=1
models.architecture.n_decoder_layers=1
seed=0    avg_loss: 0.000003005950  time_per_window : 0.000253   progress : 0.983
name: models.architecture.block_type=cls
training.mode=rollout
models.out_dim=10
models.architecture.n_encoder_layers=1
models.architecture.n_decoder_layers=1
seed=0    avg_loss: 0.000003408794  time_per_window : 0.000240   progress : 0.994
name: models.architecture.block_type=cls
training.mode=rollout
models.out_dim=10
models.architecture.n_encoder_layers=1
models.architecture.n_decoder_layers=1
seed=0    avg_loss: 0.000024746521  time_per_window : 0.000253   progress : 0.011
name: models.architecture.block_type=cls
training.mode=rollout
models.out_dim=10
models.architecture.n_encoder_layers=1
models.architecture.n_decoder_layers=1
seed=0    avg_loss: 0.000000448982  time_per_window : 0.000270   progress : 0.022
name: models.architecture.block_type=cls
training.mode=rollout
models.out_dim=10
models.architecture.n_encoder_layers=1
models.architecture.n_decoder_layers=1
seed=0    avg_loss: 0.000000795468  time_per_window : 0.000273   progress : 0.033
name: models.architecture.block_type=cls
training.mode=rollout
models.out_dim=10
models.architecture.n_encoder_layers=1
models.architecture.n_decoder_layers=1
seed=0    avg_loss: 0.000002006836  time_per_window : 0.000256   progress : 0.044
name: models.architecture.block_type=cls
training.mode=rollout
models.out_dim=10
models.architecture.n_encoder_layers=1
models.architecture.n_decoder_layers=1
seed=0    avg_loss: 0.000002588811  time_per_window : 0.000288   progress : 0.055
name: models.architecture.block_type=cls
training.mode=rollout
models.out_dim=10
models.architecture.n_encoder_layers=1
models.architecture.n_decoder_layers=1
seed=0    avg_loss: 0.000002374083  time_per_window : 0.000244   progress : 0.066
name: models.architecture.block_type=cls
training.mode=rollout
models.out_dim=10
models.architecture.n_encoder_layers=1
models.architecture.n_decoder_layers=1
seed=0    avg_loss: 0.000002417632  time_per_window : 0.000275   progress : 0.076
name: models.architecture.block_type=cls
training.mode=rollout
models.out_dim=10
models.architecture.n_encoder_layers=1
models.architecture.n_decoder_layers=1
seed=0    avg_loss: 0.000002865967  time_per_window : 0.000260   progress : 0.087
name: models.architecture.block_type=cls
training.mode=rollout
models.out_dim=10
models.architecture.n_encoder_layers=1
models.architecture.n_decoder_layers=1
seed=0    avg_loss: 0.000002606740  time_per_window : 0.000311   progress : 0.098
name: models.architecture.block_type=cls
training.mode=rollout
models.out_dim=10
models.architecture.n_encoder_layers=1
models.architecture.n_decoder_layers=1
seed=0    avg_loss: 0.000002542095  time_per_window : 0.000323   progress : 0.109
name: models.architecture.block_type=cls
training.mode=rollout
models.out_dim=10
models.architecture.n_encoder_layers=1
models.architecture.n_decoder_layers=1
seed=0    avg_loss: 0.000003015733  time_per_window : 0.000288   progress : 0.120
name: models.architecture.block_type=cls
training.mode=rollout
models.out_dim=10
models.architecture.n_encoder_layers=1
models.architecture.n_decoder_layers=1
seed=1    avg_loss: 0.000005474999  time_per_window : 0.000264   progress : 0.754
name: models.architecture.block_type=cls
training.mode=rollout
models.out_dim=10
models.architecture.n_encoder_layers=1
models.architecture.n_decoder_layers=1
seed=1    avg_loss: 0.000005291686  time_per_window : 0.000305   progress : 0.765
name: models.architecture.block_type=cls
training.mode=rollout
models.out_dim=10
models.architecture.n_encoder_layers=1
models.architecture.n_decoder_layers=1
seed=1    avg_loss: 0.000003008843  time_per_window : 0.000240   progress : 0.775
name: models.architecture.block_type=cls
training.mode=rollout
models.out_dim=10
models.architecture.n_encoder_layers=1
models.architecture.n_decoder_layers=1
seed=1    avg_loss: 0.000005641619  time_per_window : 0.000252   progress : 0.786
name: models.architecture.block_type=cls
training.mode=rollout
models.out_dim=10
models.architecture.n_encoder_layers=1
models.architecture.n_decoder_layers=1
seed=1    avg_loss: 0.000005070781  time_per_window : 0.000232   progress : 0.797
name: models.architecture.block_type=cls
training.mode=rollout
models.out_dim=10
models.architecture.n_encoder_layers=1
models.architecture.n_decoder_layers=1
seed=1    avg_loss: 0.000004776465  time_per_window : 0.000263   progress : 0.808
name: models.architecture.block_type=cls
training.mode=rollout
models.out_dim=10
models.architecture.n_encoder_layers=1
models.architecture.n_decoder_layers=1
seed=1    avg_loss: 0.000003082014  time_per_window : 0.000238   progress : 0.819
name: models.architecture.block_type=cls
training.mode=rollout
models.out_dim=10
models.architecture.n_encoder_layers=1
models.architecture.n_decoder_layers=1
seed=1    avg_loss: 0.000005371452  time_per_window : 0.000234   progress : 0.830
name: models.architecture.block_type=cls
training.mode=rollout
models.out_dim=10
models.architecture.n_encoder_layers=1
models.architecture.n_decoder_layers=1
seed=1    avg_loss: 0.000003894927  time_per_window : 0.000278   progress : 0.841
name: models.architecture.block_type=cls
training.mode=rollout
models.out_dim=10
models.architecture.n_encoder_layers=1
models.architecture.n_decoder_layers=1
seed=1    avg_loss: 0.000004017655  time_per_window : 0.000237   progress : 0.852
name: models.architecture.block_type=cls
training.mode=rollout
models.out_dim=10
models.architecture.n_encoder_layers=1
models.architecture.n_decoder_layers=1
seed=1    avg_loss: 0.000003651175  time_per_window : 0.000290   progress : 0.863
name: models.architecture.block_type=cls
training.mode=rollout
models.out_dim=10
models.architecture.n_encoder_layers=1
models.architecture.n_decoder_layers=1
seed=1    avg_loss: 0.000004876842  time_per_window : 0.000265   progress : 0.874
name: models.architecture.block_type=cls
training.mode=rollout
models.out_dim=10
models.architecture.n_encoder_layers=1
models.architecture.n_decoder_layers=1
seed=1    avg_loss: 0.000003473867  time_per_window : 0.000282   progress : 0.885
name: models.architecture.block_type=cls
training.mode=rollout
models.out_dim=10
models.architecture.n_encoder_layers=1
models.architecture.n_decoder_layers=1
seed=1    avg_loss: 0.000004710770  time_per_window : 0.000247   progress : 0.896
name: models.architecture.block_type=cls
training.mode=rollout
models.out_dim=10
models.architecture.n_encoder_layers=1
models.architecture.n_decoder_layers=1
seed=1    avg_loss: 0.000003455618  time_per_window : 0.000288   progress : 0.907
name: models.architecture.block_type=cls
training.mode=rollout
models.out_dim=10
models.architecture.n_encoder_layers=1
models.architecture.n_decoder_layers=1
seed=1    avg_loss: 0.000003093366  time_per_window : 0.000241   progress : 0.917
name: models.architecture.block_type=cls
training.mode=rollout
models.out_dim=10
models.architecture.n_encoder_layers=1
models.architecture.n_decoder_layers=1
seed=1    avg_loss: 0.000004344894  time_per_window : 0.000270   progress : 0.928
name: models.architecture.block_type=cls
training.mode=rollout
models.out_dim=10
models.architecture.n_encoder_layers=1
models.architecture.n_decoder_layers=1
seed=1    avg_loss: 0.000002951493  time_per_window : 0.000257   progress : 0.939
name: models.architecture.block_type=cls
training.mode=rollout
models.out_dim=10
models.architecture.n_encoder_layers=1
models.architecture.n_decoder_layers=1
seed=1    avg_loss: 0.000004211277  time_per_window : 0.000243   progress : 0.950
name: models.architecture.block_type=cls
training.mode=rollout
models.out_dim=10
models.architecture.n_encoder_layers=1
models.architecture.n_decoder_layers=1
seed=1    avg_loss: 0.000003263217  time_per_window : 0.000236   progress : 0.961
name: models.architecture.block_type=cls
training.mode=rollout
models.out_dim=10
models.architecture.n_encoder_layers=1
models.architecture.n_decoder_layers=1
seed=1    avg_loss: 0.000003096199  time_per_window : 0.000232   progress : 0.972
name: models.architecture.block_type=cls
training.mode=rollout
models.out_dim=10
models.architecture.n_encoder_layers=1
models.architecture.n_decoder_layers=1
seed=1    avg_loss: 0.000003748330  time_per_window : 0.000236   progress : 0.983
name: models.architecture.block_type=cls
training.mode=rollout
models.out_dim=10
models.architecture.n_encoder_layers=1
models.architecture.n_decoder_layers=1
seed=1    avg_loss: 0.000003364576  time_per_window : 0.000238   progress : 0.994
name: models.architecture.block_type=cls
training.mode=rollout
models.out_dim=10
models.architecture.n_encoder_layers=1
models.architecture.n_decoder_layers=1
seed=1    avg_loss: 0.000030003168  time_per_window : 0.000264   progress : 0.011
name: models.architecture.block_type=cls
training.mode=rollout
models.out_dim=10
models.architecture.n_encoder_layers=1
models.architecture.n_decoder_layers=1
seed=1    avg_loss: 0.000000245455  time_per_window : 0.000295   progress : 0.022
name: models.architecture.block_type=cls
training.mode=rollout
models.out_dim=10
models.architecture.n_encoder_layers=1
models.architecture.n_decoder_layers=1
seed=1    avg_loss: 0.000000358887  time_per_window : 0.000272   progress : 0.033
name: models.architecture.block_type=cls
training.mode=rollout
models.out_dim=10
models.architecture.n_encoder_layers=1
models.architecture.n_decoder_layers=1
seed=1    avg_loss: 0.000000967102  time_per_window : 0.000263   progress : 0.044
name: models.architecture.block_type=cls
training.mode=rollout
models.out_dim=10
models.architecture.n_encoder_layers=1
models.architecture.n_decoder_layers=1
seed=1    avg_loss: 0.000002110992  time_per_window : 0.000308   progress : 0.055
name: models.architecture.block_type=cls
training.mode=rollout
models.out_dim=10
models.architecture.n_encoder_layers=1
models.architecture.n_decoder_layers=1
seed=1    avg_loss: 0.000002137024  time_per_window : 0.000265   progress : 0.066
name: models.architecture.block_type=cls
training.mode=rollout
models.out_dim=10
models.architecture.n_encoder_layers=1
models.architecture.n_decoder_layers=1
seed=1    avg_loss: 0.000002477174  time_per_window : 0.000283   progress : 0.076
name: models.architecture.block_type=cls
training.mode=rollout
models.out_dim=10
models.architecture.n_encoder_layers=1
models.architecture.n_decoder_layers=1
seed=1    avg_loss: 0.000002177790  time_per_window : 0.000262   progress : 0.087
name: models.architecture.block_type=cls
training.mode=rollout
models.out_dim=10
models.architecture.n_encoder_layers=1
models.architecture.n_decoder_layers=1
seed=1    avg_loss: 0.000003117901  time_per_window : 0.000349   progress : 0.098
name: models.architecture.block_type=cls
training.mode=rollout
models.out_dim=10
models.architecture.n_encoder_layers=1
models.architecture.n_decoder_layers=1
seed=1    avg_loss: 0.000002593440  time_per_window : 0.000299   progress : 0.109
name: models.architecture.block_type=cls
training.mode=rollout
models.out_dim=10
models.architecture.n_encoder_layers=1
models.architecture.n_decoder_layers=1
seed=1    avg_loss: 0.000002526197  time_per_window : 0.000272   progress : 0.120
name: models.architecture.block_type=cls
training.mode=rollout
models.out_dim=10
models.architecture.n_encoder_layers=1
models.architecture.n_decoder_layers=1
seed=4    avg_loss: 0.000002928100  time_per_window : 0.000260   progress : 0.131
name: models.architecture.block_type=cls
training.mode=rollout
models.out_dim=10
models.architecture.n_encoder_layers=1
models.architecture.n_decoder_layers=1
seed=4    avg_loss: 0.000002564163  time_per_window : 0.000355   progress : 0.142
name: models.architecture.block_type=cls
training.mode=rollout
models.out_dim=10
models.architecture.n_encoder_layers=1
models.architecture.n_decoder_layers=1
seed=4    avg_loss: 0.000002375445  time_per_window : 0.000284   progress : 0.153
name: models.architecture.block_type=cls
training.mode=rollout
models.out_dim=10
models.architecture.n_encoder_layers=1
models.architecture.n_decoder_layers=1
seed=4    avg_loss: 0.000002763154  time_per_window : 0.000279   progress : 0.164
name: models.architecture.block_type=cls
training.mode=rollout
models.out_dim=10
models.architecture.n_encoder_layers=1
models.architecture.n_decoder_layers=1
seed=4    avg_loss: 0.000002609184  time_per_window : 0.000298   progress : 0.175
name: models.architecture.block_type=cls
training.mode=rollout
models.out_dim=10
models.architecture.n_encoder_layers=1
models.architecture.n_decoder_layers=1
seed=4    avg_loss: 0.000002412204  time_per_window : 0.000269   progress : 0.186
name: models.architecture.block_type=cls
training.mode=rollout
models.out_dim=10
models.architecture.n_encoder_layers=1
models.architecture.n_decoder_layers=1
seed=4    avg_loss: 0.000002388465  time_per_window : 0.000332   progress : 0.197
name: models.architecture.block_type=cls
training.mode=rollout
models.out_dim=10
models.architecture.n_encoder_layers=1
models.architecture.n_decoder_layers=1
seed=4    avg_loss: 0.000002554637  time_per_window : 0.000337   progress : 0.208
name: models.architecture.block_type=cls
training.mode=rollout
models.out_dim=10
models.architecture.n_encoder_layers=1
models.architecture.n_decoder_layers=1
seed=4    avg_loss: 0.000002157904  time_per_window : 0.000288   progress : 0.218
name: models.architecture.block_type=cls
training.mode=rollout
models.out_dim=10
models.architecture.n_encoder_layers=1
models.architecture.n_decoder_layers=1
seed=4    avg_loss: 0.000002524262  time_per_window : 0.000368   progress : 0.229
name: models.architecture.block_type=cls
training.mode=rollout
models.out_dim=10
models.architecture.n_encoder_layers=1
models.architecture.n_decoder_layers=1
seed=4    avg_loss: 0.000002275019  time_per_window : 0.000302   progress : 0.240
name: models.architecture.block_type=cls
training.mode=rollout
models.out_dim=10
models.architecture.n_encoder_layers=1
models.architecture.n_decoder_layers=1
seed=4    avg_loss: 0.000002242157  time_per_window : 0.000258   progress : 0.251
name: models.architecture.block_type=cls
training.mode=rollout
models.out_dim=10
models.architecture.n_encoder_layers=1
models.architecture.n_decoder_layers=1
seed=4    avg_loss: 0.000002383849  time_per_window : 0.000289   progress : 0.262
name: models.architecture.block_type=cls
training.mode=rollout
models.out_dim=10
models.architecture.n_encoder_layers=1
models.architecture.n_decoder_layers=1
seed=4    avg_loss: 0.000002127651  time_per_window : 0.000320   progress : 0.273
name: models.architecture.block_type=cls
training.mode=rollout
models.out_dim=10
models.architecture.n_encoder_layers=1
models.architecture.n_decoder_layers=1
seed=4    avg_loss: 0.000002341158  time_per_window : 0.000266   progress : 0.284
name: models.architecture.block_type=cls
training.mode=rollout
models.out_dim=10
models.architecture.n_encoder_layers=1
models.architecture.n_decoder_layers=1
seed=4    avg_loss: 0.000002037622  time_per_window : 0.000298   progress : 0.295
name: models.architecture.block_type=cls
training.mode=rollout
models.out_dim=10
models.architecture.n_encoder_layers=1
models.architecture.n_decoder_layers=1
seed=4    avg_loss: 0.000002160727  time_per_window : 0.000262   progress : 0.306
name: models.architecture.block_type=cls
training.mode=rollout
models.out_dim=10
models.architecture.n_encoder_layers=1
models.architecture.n_decoder_layers=1
seed=4    avg_loss: 0.000002120021  time_per_window : 0.000305   progress : 0.317
name: models.architecture.block_type=cls
training.mode=rollout
models.out_dim=10
models.architecture.n_encoder_layers=1
models.architecture.n_decoder_layers=1
seed=4    avg_loss: 0.000001997640  time_per_window : 0.000320   progress : 0.328
name: models.architecture.block_type=cls
training.mode=rollout
models.out_dim=10
models.architecture.n_encoder_layers=1
models.architecture.n_decoder_layers=1
seed=4    avg_loss: 0.000002082242  time_per_window : 0.000302   progress : 0.339
name: models.architecture.block_type=cls
training.mode=rollout
models.out_dim=10
models.architecture.n_encoder_layers=1
models.architecture.n_decoder_layers=1
seed=4    avg_loss: 0.000002332683  time_per_window : 0.000261   progress : 0.350
name: models.architecture.block_type=cls
training.mode=rollout
models.out_dim=10
models.architecture.n_encoder_layers=1
models.architecture.n_decoder_layers=1
seed=4    avg_loss: 0.000001693321  time_per_window : 0.000273   progress : 0.360
name: models.architecture.block_type=cls
training.mode=rollout
models.out_dim=10
models.architecture.n_encoder_layers=1
models.architecture.n_decoder_layers=1
seed=4    avg_loss: 0.000001995216  time_per_window : 0.000291   progress : 0.371
name: models.architecture.block_type=cls
training.mode=rollout
models.out_dim=10
models.architecture.n_encoder_layers=1
models.architecture.n_decoder_layers=1
seed=4    avg_loss: 0.000001964486  time_per_window : 0.000250   progress : 0.382
name: models.architecture.block_type=cls
training.mode=rollout
models.out_dim=10
models.architecture.n_encoder_layers=1
models.architecture.n_decoder_layers=1
seed=4    avg_loss: 0.000001958163  time_per_window : 0.000280   progress : 0.393
name: models.architecture.block_type=cls
training.mode=rollout
models.out_dim=10
models.architecture.n_encoder_layers=1
models.architecture.n_decoder_layers=1
seed=4    avg_loss: 0.000001809880  time_per_window : 0.000345   progress : 0.404
name: models.architecture.block_type=cls
training.mode=rollout
models.out_dim=10
models.architecture.n_encoder_layers=1
models.architecture.n_decoder_layers=1
seed=4    avg_loss: 0.000001687141  time_per_window : 0.000246   progress : 0.415
name: models.architecture.block_type=cls
training.mode=rollout
models.out_dim=10
models.architecture.n_encoder_layers=1
models.architecture.n_decoder_layers=1
seed=4    avg_loss: 0.000001905945  time_per_window : 0.000266   progress : 0.426
name: models.architecture.block_type=cls
training.mode=rollout
models.out_dim=10
models.architecture.n_encoder_layers=1
models.architecture.n_decoder_layers=1
seed=4    avg_loss: 0.000001937221  time_per_window : 0.000256   progress : 0.437
name: models.architecture.block_type=cls
training.mode=rollout
models.out_dim=10
models.architecture.n_encoder_layers=1
models.architecture.n_decoder_layers=1
seed=4    avg_loss: 0.000001744916  time_per_window : 0.000267   progress : 0.448
name: models.architecture.block_type=cls
training.mode=rollout
models.out_dim=10
models.architecture.n_encoder_layers=1
models.architecture.n_decoder_layers=1
seed=4    avg_loss: 0.000001627782  time_per_window : 0.000252   progress : 0.459
name: models.architecture.block_type=cls
training.mode=rollout
models.out_dim=10
models.architecture.n_encoder_layers=1
models.architecture.n_decoder_layers=1
seed=4    avg_loss: 0.000001547371  time_per_window : 0.000238   progress : 0.470
name: models.architecture.block_type=cls
training.mode=rollout
models.out_dim=10
models.architecture.n_encoder_layers=1
models.architecture.n_decoder_layers=1
seed=4    avg_loss: 0.000001853944  time_per_window : 0.000299   progress : 0.481
name: models.architecture.block_type=cls
training.mode=rollout
models.out_dim=10
models.architecture.n_encoder_layers=1
models.architecture.n_decoder_layers=1
seed=4    avg_loss: 0.000001911785  time_per_window : 0.000232   progress : 0.492
name: models.architecture.block_type=cls
training.mode=rollout
models.out_dim=10
models.architecture.n_encoder_layers=1
models.architecture.n_decoder_layers=1
seed=2    avg_loss: 0.000002676663  time_per_window : 0.000282   progress : 0.131
name: models.architecture.block_type=cls
training.mode=rollout
models.out_dim=10
models.architecture.n_encoder_layers=1
models.architecture.n_decoder_layers=1
seed=2    avg_loss: 0.000002349762  time_per_window : 0.000245   progress : 0.142
name: models.architecture.block_type=cls
training.mode=rollout
models.out_dim=10
models.architecture.n_encoder_layers=1
models.architecture.n_decoder_layers=1
seed=2    avg_loss: 0.000002280679  time_per_window : 0.000300   progress : 0.153
name: models.architecture.block_type=cls
training.mode=rollout
models.out_dim=10
models.architecture.n_encoder_layers=1
models.architecture.n_decoder_layers=1
seed=2    avg_loss: 0.000002245929  time_per_window : 0.000286   progress : 0.164
name: models.architecture.block_type=cls
training.mode=rollout
models.out_dim=10
models.architecture.n_encoder_layers=1
models.architecture.n_decoder_layers=1
seed=2    avg_loss: 0.000002062284  time_per_window : 0.000248   progress : 0.175
name: models.architecture.block_type=cls
training.mode=rollout
models.out_dim=10
models.architecture.n_encoder_layers=1
models.architecture.n_decoder_layers=1
seed=2    avg_loss: 0.000002472469  time_per_window : 0.000285   progress : 0.186
name: models.architecture.block_type=cls
training.mode=rollout
models.out_dim=10
models.architecture.n_encoder_layers=1
models.architecture.n_decoder_layers=1
seed=2    avg_loss: 0.000002439298  time_per_window : 0.000272   progress : 0.197
name: models.architecture.block_type=cls
training.mode=rollout
models.out_dim=10
models.architecture.n_encoder_layers=1
models.architecture.n_decoder_layers=1
seed=2    avg_loss: 0.000002181982  time_per_window : 0.000287   progress : 0.208
name: models.architecture.block_type=cls
training.mode=rollout
models.out_dim=10
models.architecture.n_encoder_layers=1
models.architecture.n_decoder_layers=1
seed=2    avg_loss: 0.000001905526  time_per_window : 0.000281   progress : 0.218
name: models.architecture.block_type=cls
training.mode=rollout
models.out_dim=10
models.architecture.n_encoder_layers=1
models.architecture.n_decoder_layers=1
seed=2    avg_loss: 0.000002318546  time_per_window : 0.000271   progress : 0.229
name: models.architecture.block_type=cls
training.mode=rollout
models.out_dim=10
models.architecture.n_encoder_layers=1
models.architecture.n_decoder_layers=1
seed=2    avg_loss: 0.000001799750  time_per_window : 0.000264   progress : 0.240
name: models.architecture.block_type=cls
training.mode=rollout
models.out_dim=10
models.architecture.n_encoder_layers=1
models.architecture.n_decoder_layers=1
seed=2    avg_loss: 0.000002174678  time_per_window : 0.000294   progress : 0.251
name: models.architecture.block_type=cls
training.mode=rollout
models.out_dim=10
models.architecture.n_encoder_layers=1
models.architecture.n_decoder_layers=1
seed=2    avg_loss: 0.000002288588  time_per_window : 0.000342   progress : 0.262
name: models.architecture.block_type=cls
training.mode=rollout
models.out_dim=10
models.architecture.n_encoder_layers=1
models.architecture.n_decoder_layers=1
seed=2    avg_loss: 0.000002037392  time_per_window : 0.000296   progress : 0.273
name: models.architecture.block_type=cls
training.mode=rollout
models.out_dim=10
models.architecture.n_encoder_layers=1
models.architecture.n_decoder_layers=1
seed=2    avg_loss: 0.000001843518  time_per_window : 0.000315   progress : 0.284
name: models.architecture.block_type=cls
training.mode=rollout
models.out_dim=10
models.architecture.n_encoder_layers=1
models.architecture.n_decoder_layers=1
seed=2    avg_loss: 0.000001652734  time_per_window : 0.000299   progress : 0.295
name: models.architecture.block_type=cls
training.mode=rollout
models.out_dim=10
models.architecture.n_encoder_layers=1
models.architecture.n_decoder_layers=1
seed=2    avg_loss: 0.000002274835  time_per_window : 0.000310   progress : 0.306
name: models.architecture.block_type=cls
training.mode=rollout
models.out_dim=10
models.architecture.n_encoder_layers=1
models.architecture.n_decoder_layers=1
seed=2    avg_loss: 0.000001784728  time_per_window : 0.000267   progress : 0.317
name: models.architecture.block_type=cls
training.mode=rollout
models.out_dim=10
models.architecture.n_encoder_layers=1
models.architecture.n_decoder_layers=1
seed=2    avg_loss: 0.000001812590  time_per_window : 0.000279   progress : 0.328
name: models.architecture.block_type=cls
training.mode=rollout
models.out_dim=10
models.architecture.n_encoder_layers=1
models.architecture.n_decoder_layers=1
seed=2    avg_loss: 0.000002023552  time_per_window : 0.000248   progress : 0.339
name: models.architecture.block_type=cls
training.mode=rollout
models.out_dim=10
models.architecture.n_encoder_layers=1
models.architecture.n_decoder_layers=1
seed=2    avg_loss: 0.000001515879  time_per_window : 0.000310   progress : 0.350
name: models.architecture.block_type=cls
training.mode=rollout
models.out_dim=10
models.architecture.n_encoder_layers=1
models.architecture.n_decoder_layers=1
seed=2    avg_loss: 0.000001555407  time_per_window : 0.000287   progress : 0.360
name: models.architecture.block_type=cls
training.mode=rollout
models.out_dim=10
models.architecture.n_encoder_layers=1
models.architecture.n_decoder_layers=1
seed=2    avg_loss: 0.000001999862  time_per_window : 0.000286   progress : 0.371
name: models.architecture.block_type=cls
training.mode=rollout
models.out_dim=10
models.architecture.n_encoder_layers=1
models.architecture.n_decoder_layers=1
seed=2    avg_loss: 0.000001699820  time_per_window : 0.000280   progress : 0.382
name: models.architecture.block_type=cls
training.mode=rollout
models.out_dim=10
models.architecture.n_encoder_layers=1
models.architecture.n_decoder_layers=1
seed=2    avg_loss: 0.000001768235  time_per_window : 0.000284   progress : 0.393
name: models.architecture.block_type=cls
training.mode=rollout
models.out_dim=10
models.architecture.n_encoder_layers=1
models.architecture.n_decoder_layers=1
seed=2    avg_loss: 0.000001570483  time_per_window : 0.000239   progress : 0.404
name: models.architecture.block_type=cls
training.mode=rollout
models.out_dim=10
models.architecture.n_encoder_layers=1
models.architecture.n_decoder_layers=1
seed=2    avg_loss: 0.000001593507  time_per_window : 0.000275   progress : 0.415
name: models.architecture.block_type=cls
training.mode=rollout
models.out_dim=10
models.architecture.n_encoder_layers=1
models.architecture.n_decoder_layers=1
seed=2    avg_loss: 0.000001702919  time_per_window : 0.000293   progress : 0.426
name: models.architecture.block_type=cls
training.mode=rollout
models.out_dim=10
models.architecture.n_encoder_layers=1
models.architecture.n_decoder_layers=1
seed=2    avg_loss: 0.000001535650  time_per_window : 0.000281   progress : 0.437
name: models.architecture.block_type=cls
training.mode=rollout
models.out_dim=10
models.architecture.n_encoder_layers=1
models.architecture.n_decoder_layers=1
seed=2    avg_loss: 0.000001700197  time_per_window : 0.000282   progress : 0.448
name: models.architecture.block_type=cls
training.mode=rollout
models.out_dim=10
models.architecture.n_encoder_layers=1
models.architecture.n_decoder_layers=1
seed=2    avg_loss: 0.000001332672  time_per_window : 0.000295   progress : 0.459
name: models.architecture.block_type=cls
training.mode=rollout
models.out_dim=10
models.architecture.n_encoder_layers=1
models.architecture.n_decoder_layers=1
seed=2    avg_loss: 0.000001590113  time_per_window : 0.000261   progress : 0.470
name: models.architecture.block_type=cls
training.mode=rollout
models.out_dim=10
models.architecture.n_encoder_layers=1
models.architecture.n_decoder_layers=1
seed=2    avg_loss: 0.000001408700  time_per_window : 0.000284   progress : 0.481
name: models.architecture.block_type=cls
training.mode=rollout
models.out_dim=10
models.architecture.n_encoder_layers=1
models.architecture.n_decoder_layers=1
seed=2    avg_loss: 0.000001351055  time_per_window : 0.000301   progress : 0.492
name: models.architecture.block_type=cls
training.mode=rollout
models.out_dim=10
models.architecture.n_encoder_layers=1
models.architecture.n_decoder_layers=1
seed=3    avg_loss: 0.000002242758  time_per_window : 0.000252   progress : 0.131
name: models.architecture.block_type=cls
training.mode=rollout
models.out_dim=10
models.architecture.n_encoder_layers=1
models.architecture.n_decoder_layers=1
seed=3    avg_loss: 0.000002005105  time_per_window : 0.000355   progress : 0.142
name: models.architecture.block_type=cls
training.mode=rollout
models.out_dim=10
models.architecture.n_encoder_layers=1
models.architecture.n_decoder_layers=1
seed=3    avg_loss: 0.000002202410  time_per_window : 0.000263   progress : 0.153
name: models.architecture.block_type=cls
training.mode=rollout
models.out_dim=10
models.architecture.n_encoder_layers=1
models.architecture.n_decoder_layers=1
seed=3    avg_loss: 0.000002380959  time_per_window : 0.000269   progress : 0.164
name: models.architecture.block_type=cls
training.mode=rollout
models.out_dim=10
models.architecture.n_encoder_layers=1
models.architecture.n_decoder_layers=1
seed=3    avg_loss: 0.000002214197  time_per_window : 0.000261   progress : 0.175
name: models.architecture.block_type=cls
training.mode=rollout
models.out_dim=10
models.architecture.n_encoder_layers=1
models.architecture.n_decoder_layers=1
seed=3    avg_loss: 0.000001914721  time_per_window : 0.000266   progress : 0.186
name: models.architecture.block_type=cls
training.mode=rollout
models.out_dim=10
models.architecture.n_encoder_layers=1
models.architecture.n_decoder_layers=1
seed=3    avg_loss: 0.000002226400  time_per_window : 0.000295   progress : 0.197
name: models.architecture.block_type=cls
training.mode=rollout
models.out_dim=10
models.architecture.n_encoder_layers=1
models.architecture.n_decoder_layers=1
seed=3    avg_loss: 0.000001937446  time_per_window : 0.000256   progress : 0.208
name: models.architecture.block_type=cls
training.mode=rollout
models.out_dim=10
models.architecture.n_encoder_layers=1
models.architecture.n_decoder_layers=1
seed=3    avg_loss: 0.000002079426  time_per_window : 0.000261   progress : 0.218
name: models.architecture.block_type=cls
training.mode=rollout
models.out_dim=10
models.architecture.n_encoder_layers=1
models.architecture.n_decoder_layers=1
seed=3    avg_loss: 0.000001968029  time_per_window : 0.000265   progress : 0.229
name: models.architecture.block_type=cls
training.mode=rollout
models.out_dim=10
models.architecture.n_encoder_layers=1
models.architecture.n_decoder_layers=1
seed=3    avg_loss: 0.000001950847  time_per_window : 0.000237   progress : 0.240
name: models.architecture.block_type=cls
training.mode=rollout
models.out_dim=10
models.architecture.n_encoder_layers=1
models.architecture.n_decoder_layers=1
seed=3    avg_loss: 0.000001628981  time_per_window : 0.000267   progress : 0.251
name: models.architecture.block_type=cls
training.mode=rollout
models.out_dim=10
models.architecture.n_encoder_layers=1
models.architecture.n_decoder_layers=1
seed=3    avg_loss: 0.000001906685  time_per_window : 0.000257   progress : 0.262
name: models.architecture.block_type=cls
training.mode=rollout
models.out_dim=10
models.architecture.n_encoder_layers=1
models.architecture.n_decoder_layers=1
seed=3    avg_loss: 0.000002172204  time_per_window : 0.000282   progress : 0.273
name: models.architecture.block_type=cls
training.mode=rollout
models.out_dim=10
models.architecture.n_encoder_layers=1
models.architecture.n_decoder_layers=1
seed=3    avg_loss: 0.000001592215  time_per_window : 0.000302   progress : 0.284
name: models.architecture.block_type=cls
training.mode=rollout
models.out_dim=10
models.architecture.n_encoder_layers=1
models.architecture.n_decoder_layers=1
seed=3    avg_loss: 0.000001684016  time_per_window : 0.000274   progress : 0.295
name: models.architecture.block_type=cls
training.mode=rollout
models.out_dim=10
models.architecture.n_encoder_layers=1
models.architecture.n_decoder_layers=1
seed=3    avg_loss: 0.000001664270  time_per_window : 0.000299   progress : 0.306
name: models.architecture.block_type=cls
training.mode=rollout
models.out_dim=10
models.architecture.n_encoder_layers=1
models.architecture.n_decoder_layers=1
seed=3    avg_loss: 0.000001748910  time_per_window : 0.000247   progress : 0.317
name: models.architecture.block_type=cls
training.mode=rollout
models.out_dim=10
models.architecture.n_encoder_layers=1
models.architecture.n_decoder_layers=1
seed=3    avg_loss: 0.000001841437  time_per_window : 0.000304   progress : 0.328
name: models.architecture.block_type=cls
training.mode=rollout
models.out_dim=10
models.architecture.n_encoder_layers=1
models.architecture.n_decoder_layers=1
seed=3    avg_loss: 0.000001576788  time_per_window : 0.000290   progress : 0.339
name: models.architecture.block_type=cls
training.mode=rollout
models.out_dim=10
models.architecture.n_encoder_layers=1
models.architecture.n_decoder_layers=1
seed=3    avg_loss: 0.000001591349  time_per_window : 0.000261   progress : 0.350
name: models.architecture.block_type=cls
training.mode=rollout
models.out_dim=10
models.architecture.n_encoder_layers=1
models.architecture.n_decoder_layers=1
seed=3    avg_loss: 0.000001609638  time_per_window : 0.000263   progress : 0.360
name: models.architecture.block_type=cls
training.mode=rollout
models.out_dim=10
models.architecture.n_encoder_layers=1
models.architecture.n_decoder_layers=1
seed=3    avg_loss: 0.000001528909  time_per_window : 0.000283   progress : 0.371
name: models.architecture.block_type=cls
training.mode=rollout
models.out_dim=10
models.architecture.n_encoder_layers=1
models.architecture.n_decoder_layers=1
seed=3    avg_loss: 0.000001799224  time_per_window : 0.000254   progress : 0.382
name: models.architecture.block_type=cls
training.mode=rollout
models.out_dim=10
models.architecture.n_encoder_layers=1
models.architecture.n_decoder_layers=1
seed=3    avg_loss: 0.000001469580  time_per_window : 0.000268   progress : 0.393
name: models.architecture.block_type=cls
training.mode=rollout
models.out_dim=10
models.architecture.n_encoder_layers=1
models.architecture.n_decoder_layers=1
seed=3    avg_loss: 0.000001454902  time_per_window : 0.000356   progress : 0.404
name: models.architecture.block_type=cls
training.mode=rollout
models.out_dim=10
models.architecture.n_encoder_layers=1
models.architecture.n_decoder_layers=1
seed=3    avg_loss: 0.000001621257  time_per_window : 0.000264   progress : 0.415
name: models.architecture.block_type=cls
training.mode=rollout
models.out_dim=10
models.architecture.n_encoder_layers=1
models.architecture.n_decoder_layers=1
seed=3    avg_loss: 0.000001295150  time_per_window : 0.000282   progress : 0.426
name: models.architecture.block_type=cls
training.mode=rollout
models.out_dim=10
models.architecture.n_encoder_layers=1
models.architecture.n_decoder_layers=1
seed=3    avg_loss: 0.000001448698  time_per_window : 0.000291   progress : 0.437
name: models.architecture.block_type=cls
training.mode=rollout
models.out_dim=10
models.architecture.n_encoder_layers=1
models.architecture.n_decoder_layers=1
seed=3    avg_loss: 0.000001428026  time_per_window : 0.000312   progress : 0.448
name: models.architecture.block_type=cls
training.mode=rollout
models.out_dim=10
models.architecture.n_encoder_layers=1
models.architecture.n_decoder_layers=1
seed=3    avg_loss: 0.000001494277  time_per_window : 0.000289   progress : 0.459
name: models.architecture.block_type=cls
training.mode=rollout
models.out_dim=10
models.architecture.n_encoder_layers=1
models.architecture.n_decoder_layers=1
seed=3    avg_loss: 0.000001231825  time_per_window : 0.000281   progress : 0.470
name: models.architecture.block_type=cls
training.mode=rollout
models.out_dim=10
models.architecture.n_encoder_layers=1
models.architecture.n_decoder_layers=1
seed=3    avg_loss: 0.000001379239  time_per_window : 0.000279   progress : 0.481
name: models.architecture.block_type=cls
training.mode=rollout
models.out_dim=10
models.architecture.n_encoder_layers=1
models.architecture.n_decoder_layers=1
seed=3    avg_loss: 0.000001411894  time_per_window : 0.000284   progress : 0.492
name: models.architecture.block_type=cls
training.mode=rollout
models.out_dim=10
models.architecture.n_encoder_layers=1
models.architecture.n_decoder_layers=1
seed=1    avg_loss: 0.000002812992  time_per_window : 0.000343   progress : 0.131
name: models.architecture.block_type=cls
training.mode=rollout
models.out_dim=10
models.architecture.n_encoder_layers=1
models.architecture.n_decoder_layers=1
seed=1    avg_loss: 0.000002296585  time_per_window : 0.000290   progress : 0.142
name: models.architecture.block_type=cls
training.mode=rollout
models.out_dim=10
models.architecture.n_encoder_layers=1
models.architecture.n_decoder_layers=1
seed=1    avg_loss: 0.000003203958  time_per_window : 0.000245   progress : 0.153
name: models.architecture.block_type=cls
training.mode=rollout
models.out_dim=10
models.architecture.n_encoder_layers=1
models.architecture.n_decoder_layers=1
seed=1    avg_loss: 0.000002596439  time_per_window : 0.000251   progress : 0.164
name: models.architecture.block_type=cls
training.mode=rollout
models.out_dim=10
models.architecture.n_encoder_layers=1
models.architecture.n_decoder_layers=1
seed=1    avg_loss: 0.000002779410  time_per_window : 0.000326   progress : 0.175
name: models.architecture.block_type=cls
training.mode=rollout
models.out_dim=10
models.architecture.n_encoder_layers=1
models.architecture.n_decoder_layers=1
seed=1    avg_loss: 0.000002208255  time_per_window : 0.000288   progress : 0.186
name: models.architecture.block_type=cls
training.mode=rollout
models.out_dim=10
models.architecture.n_encoder_layers=1
models.architecture.n_decoder_layers=1
seed=1    avg_loss: 0.000002288240  time_per_window : 0.000253   progress : 0.197
name: models.architecture.block_type=cls
training.mode=rollout
models.out_dim=10
models.architecture.n_encoder_layers=1
models.architecture.n_decoder_layers=1
seed=1    avg_loss: 0.000002698850  time_per_window : 0.000299   progress : 0.208
name: models.architecture.block_type=cls
training.mode=rollout
models.out_dim=10
models.architecture.n_encoder_layers=1
models.architecture.n_decoder_layers=1
seed=1    avg_loss: 0.000002274567  time_per_window : 0.000251   progress : 0.218
name: models.architecture.block_type=cls
training.mode=rollout
models.out_dim=10
models.architecture.n_encoder_layers=1
models.architecture.n_decoder_layers=1
seed=1    avg_loss: 0.000003006434  time_per_window : 0.000252   progress : 0.229
name: models.architecture.block_type=cls
training.mode=rollout
models.out_dim=10
models.architecture.n_encoder_layers=1
models.architecture.n_decoder_layers=1
seed=1    avg_loss: 0.000001902307  time_per_window : 0.000317   progress : 0.240
name: models.architecture.block_type=cls
training.mode=rollout
models.out_dim=10
models.architecture.n_encoder_layers=1
models.architecture.n_decoder_layers=1
seed=1    avg_loss: 0.000002547624  time_per_window : 0.000261   progress : 0.251
name: models.architecture.block_type=cls
training.mode=rollout
models.out_dim=10
models.architecture.n_encoder_layers=1
models.architecture.n_decoder_layers=1
seed=1    avg_loss: 0.000002431735  time_per_window : 0.000274   progress : 0.262
name: models.architecture.block_type=cls
training.mode=rollout
models.out_dim=10
models.architecture.n_encoder_layers=1
models.architecture.n_decoder_layers=1
seed=1    avg_loss: 0.000002168237  time_per_window : 0.000301   progress : 0.273
name: models.architecture.block_type=cls
training.mode=rollout
models.out_dim=10
models.architecture.n_encoder_layers=1
models.architecture.n_decoder_layers=1
seed=1    avg_loss: 0.000002056719  time_per_window : 0.000291   progress : 0.284
name: models.architecture.block_type=cls
training.mode=rollout
models.out_dim=10
models.architecture.n_encoder_layers=1
models.architecture.n_decoder_layers=1
seed=1    avg_loss: 0.000002277362  time_per_window : 0.000329   progress : 0.295
name: models.architecture.block_type=cls
training.mode=rollout
models.out_dim=10
models.architecture.n_encoder_layers=1
models.architecture.n_decoder_layers=1
seed=1    avg_loss: 0.000002453591  time_per_window : 0.000298   progress : 0.306
name: models.architecture.block_type=cls
training.mode=rollout
models.out_dim=10
models.architecture.n_encoder_layers=1
models.architecture.n_decoder_layers=1
seed=1    avg_loss: 0.000001737240  time_per_window : 0.000244   progress : 0.317
name: models.architecture.block_type=cls
training.mode=rollout
models.out_dim=10
models.architecture.n_encoder_layers=1
models.architecture.n_decoder_layers=1
seed=1    avg_loss: 0.000001981821  time_per_window : 0.000259   progress : 0.328
name: models.architecture.block_type=cls
training.mode=rollout
models.out_dim=10
models.architecture.n_encoder_layers=1
models.architecture.n_decoder_layers=1
seed=1    avg_loss: 0.000002685979  time_per_window : 0.000292   progress : 0.339
name: models.architecture.block_type=cls
training.mode=rollout
models.out_dim=10
models.architecture.n_encoder_layers=1
models.architecture.n_decoder_layers=1
seed=1    avg_loss: 0.000001319201  time_per_window : 0.000265   progress : 0.350
name: models.architecture.block_type=cls
training.mode=rollout
models.out_dim=10
models.architecture.n_encoder_layers=1
models.architecture.n_decoder_layers=1
seed=1    avg_loss: 0.000002444547  time_per_window : 0.000291   progress : 0.360
name: models.architecture.block_type=cls
training.mode=rollout
models.out_dim=10
models.architecture.n_encoder_layers=1
models.architecture.n_decoder_layers=1
seed=1    avg_loss: 0.000001612104  time_per_window : 0.000278   progress : 0.371
name: models.architecture.block_type=cls
training.mode=rollout
models.out_dim=10
models.architecture.n_encoder_layers=1
models.architecture.n_decoder_layers=1
seed=1    avg_loss: 0.000001572666  time_per_window : 0.000256   progress : 0.382
name: models.architecture.block_type=cls
training.mode=rollout
models.out_dim=10
models.architecture.n_encoder_layers=1
models.architecture.n_decoder_layers=1
seed=1    avg_loss: 0.000002121751  time_per_window : 0.000255   progress : 0.393
name: models.architecture.block_type=cls
training.mode=rollout
models.out_dim=10
models.architecture.n_encoder_layers=1
models.architecture.n_decoder_layers=1
seed=1    avg_loss: 0.000001796215  time_per_window : 0.000309   progress : 0.404
name: models.architecture.block_type=cls
training.mode=rollout
models.out_dim=10
models.architecture.n_encoder_layers=1
models.architecture.n_decoder_layers=1
seed=1    avg_loss: 0.000002149088  time_per_window : 0.000272   progress : 0.415
name: models.architecture.block_type=cls
training.mode=rollout
models.out_dim=10
models.architecture.n_encoder_layers=1
models.architecture.n_decoder_layers=1
seed=1    avg_loss: 0.000001813146  time_per_window : 0.000249   progress : 0.426
name: models.architecture.block_type=cls
training.mode=rollout
models.out_dim=10
models.architecture.n_encoder_layers=1
models.architecture.n_decoder_layers=1
seed=1    avg_loss: 0.000001519142  time_per_window : 0.000252   progress : 0.437
name: models.architecture.block_type=cls
training.mode=rollout
models.out_dim=10
models.architecture.n_encoder_layers=1
models.architecture.n_decoder_layers=1
seed=1    avg_loss: 0.000001899175  time_per_window : 0.000262   progress : 0.448
name: models.architecture.block_type=cls
training.mode=rollout
models.out_dim=10
models.architecture.n_encoder_layers=1
models.architecture.n_decoder_layers=1
seed=1    avg_loss: 0.000001605491  time_per_window : 0.000271   progress : 0.459
name: models.architecture.block_type=cls
training.mode=rollout
models.out_dim=10
models.architecture.n_encoder_layers=1
models.architecture.n_decoder_layers=1
seed=1    avg_loss: 0.000001684062  time_per_window : 0.000303   progress : 0.470
name: models.architecture.block_type=cls
training.mode=rollout
models.out_dim=10
models.architecture.n_encoder_layers=1
models.architecture.n_decoder_layers=1
seed=1    avg_loss: 0.000001868197  time_per_window : 0.000327   progress : 0.481
name: models.architecture.block_type=cls
training.mode=rollout
models.out_dim=10
models.architecture.n_encoder_layers=1
models.architecture.n_decoder_layers=1
seed=1    avg_loss: 0.000001414678  time_per_window : 0.000246   progress : 0.492
name: models.architecture.block_type=cls
training.mode=rollout
models.out_dim=10
models.architecture.n_encoder_layers=1
models.architecture.n_decoder_layers=1
seed=0    avg_loss: 0.000002724551  time_per_window : 0.000286   progress : 0.131
name: models.architecture.block_type=cls
training.mode=rollout
models.out_dim=10
models.architecture.n_encoder_layers=1
models.architecture.n_decoder_layers=1
seed=0    avg_loss: 0.000002523218  time_per_window : 0.000289   progress : 0.142
name: models.architecture.block_type=cls
training.mode=rollout
models.out_dim=10
models.architecture.n_encoder_layers=1
models.architecture.n_decoder_layers=1
seed=0    avg_loss: 0.000002414565  time_per_window : 0.000247   progress : 0.153
name: models.architecture.block_type=cls
training.mode=rollout
models.out_dim=10
models.architecture.n_encoder_layers=1
models.architecture.n_decoder_layers=1
seed=0    avg_loss: 0.000002881712  time_per_window : 0.000321   progress : 0.164
name: models.architecture.block_type=cls
training.mode=rollout
models.out_dim=10
models.architecture.n_encoder_layers=1
models.architecture.n_decoder_layers=1
seed=0    avg_loss: 0.000002330704  time_per_window : 0.000297   progress : 0.175
name: models.architecture.block_type=cls
training.mode=rollout
models.out_dim=10
models.architecture.n_encoder_layers=1
models.architecture.n_decoder_layers=1
seed=0    avg_loss: 0.000002539808  time_per_window : 0.000264   progress : 0.186
name: models.architecture.block_type=cls
training.mode=rollout
models.out_dim=10
models.architecture.n_encoder_layers=1
models.architecture.n_decoder_layers=1
seed=0    avg_loss: 0.000002790396  time_per_window : 0.000271   progress : 0.197
name: models.architecture.block_type=cls
training.mode=rollout
models.out_dim=10
models.architecture.n_encoder_layers=1
models.architecture.n_decoder_layers=1
seed=0    avg_loss: 0.000002176069  time_per_window : 0.000267   progress : 0.208
name: models.architecture.block_type=cls
training.mode=rollout
models.out_dim=10
models.architecture.n_encoder_layers=1
models.architecture.n_decoder_layers=1
seed=0    avg_loss: 0.000002766464  time_per_window : 0.000296   progress : 0.218
name: models.architecture.block_type=cls
training.mode=rollout
models.out_dim=10
models.architecture.n_encoder_layers=1
models.architecture.n_decoder_layers=1
seed=0    avg_loss: 0.000002316452  time_per_window : 0.000291   progress : 0.229
name: models.architecture.block_type=cls
training.mode=rollout
models.out_dim=10
models.architecture.n_encoder_layers=1
models.architecture.n_decoder_layers=1
seed=0    avg_loss: 0.000002429987  time_per_window : 0.000341   progress : 0.240
name: models.architecture.block_type=cls
training.mode=rollout
models.out_dim=10
models.architecture.n_encoder_layers=1
models.architecture.n_decoder_layers=1
seed=0    avg_loss: 0.000002605108  time_per_window : 0.000273   progress : 0.251
name: models.architecture.block_type=cls
training.mode=rollout
models.out_dim=10
models.architecture.n_encoder_layers=1
models.architecture.n_decoder_layers=1
seed=0    avg_loss: 0.000002358440  time_per_window : 0.000305   progress : 0.262
name: models.architecture.block_type=cls
training.mode=rollout
models.out_dim=10
models.architecture.n_encoder_layers=1
models.architecture.n_decoder_layers=1
seed=0    avg_loss: 0.000002014652  time_per_window : 0.000266   progress : 0.273
name: models.architecture.block_type=cls
training.mode=rollout
models.out_dim=10
models.architecture.n_encoder_layers=1
models.architecture.n_decoder_layers=1
seed=0    avg_loss: 0.000002258372  time_per_window : 0.000291   progress : 0.284
name: models.architecture.block_type=cls
training.mode=rollout
models.out_dim=10
models.architecture.n_encoder_layers=1
models.architecture.n_decoder_layers=1
seed=0    avg_loss: 0.000002228363  time_per_window : 0.000307   progress : 0.295
name: models.architecture.block_type=cls
training.mode=rollout
models.out_dim=10
models.architecture.n_encoder_layers=1
models.architecture.n_decoder_layers=1
seed=0    avg_loss: 0.000002056885  time_per_window : 0.000275   progress : 0.306
name: models.architecture.block_type=cls
training.mode=rollout
models.out_dim=10
models.architecture.n_encoder_layers=1
models.architecture.n_decoder_layers=1
seed=0    avg_loss: 0.000001857850  time_per_window : 0.000301   progress : 0.317
name: models.architecture.block_type=cls
training.mode=rollout
models.out_dim=10
models.architecture.n_encoder_layers=1
models.architecture.n_decoder_layers=1
seed=0    avg_loss: 0.000002416322  time_per_window : 0.000288   progress : 0.328
name: models.architecture.block_type=cls
training.mode=rollout
models.out_dim=10
models.architecture.n_encoder_layers=1
models.architecture.n_decoder_layers=1
seed=0    avg_loss: 0.000002184527  time_per_window : 0.000283   progress : 0.339
name: models.architecture.block_type=cls
training.mode=rollout
models.out_dim=10
models.architecture.n_encoder_layers=1
models.architecture.n_decoder_layers=1
seed=0    avg_loss: 0.000002179600  time_per_window : 0.000306   progress : 0.350
name: models.architecture.block_type=cls
training.mode=rollout
models.out_dim=10
models.architecture.n_encoder_layers=1
models.architecture.n_decoder_layers=1
seed=0    avg_loss: 0.000002039058  time_per_window : 0.000245   progress : 0.360
name: models.architecture.block_type=cls
training.mode=rollout
models.out_dim=10
models.architecture.n_encoder_layers=1
models.architecture.n_decoder_layers=1
seed=0    avg_loss: 0.000001758428  time_per_window : 0.000265   progress : 0.371
name: models.architecture.block_type=cls
training.mode=rollout
models.out_dim=10
models.architecture.n_encoder_layers=1
models.architecture.n_decoder_layers=1
seed=0    avg_loss: 0.000002191673  time_per_window : 0.000268   progress : 0.382
name: models.architecture.block_type=cls
training.mode=rollout
models.out_dim=10
models.architecture.n_encoder_layers=1
models.architecture.n_decoder_layers=1
seed=0    avg_loss: 0.000001556310  time_per_window : 0.000260   progress : 0.393
name: models.architecture.block_type=cls
training.mode=rollout
models.out_dim=10
models.architecture.n_encoder_layers=1
models.architecture.n_decoder_layers=1
seed=0    avg_loss: 0.000002029915  time_per_window : 0.000248   progress : 0.404
name: models.architecture.block_type=cls
training.mode=rollout
models.out_dim=10
models.architecture.n_encoder_layers=1
models.architecture.n_decoder_layers=1
seed=0    avg_loss: 0.000002074296  time_per_window : 0.000251   progress : 0.415
name: models.architecture.block_type=cls
training.mode=rollout
models.out_dim=10
models.architecture.n_encoder_layers=1
models.architecture.n_decoder_layers=1
seed=0    avg_loss: 0.000001562630  time_per_window : 0.000268   progress : 0.426
name: models.architecture.block_type=cls
training.mode=rollout
models.out_dim=10
models.architecture.n_encoder_layers=1
models.architecture.n_decoder_layers=1
seed=0    avg_loss: 0.000001867040  time_per_window : 0.000273   progress : 0.437
name: models.architecture.block_type=cls
training.mode=rollout
models.out_dim=10
models.architecture.n_encoder_layers=1
models.architecture.n_decoder_layers=1
seed=0    avg_loss: 0.000001779269  time_per_window : 0.000280   progress : 0.448
name: models.architecture.block_type=cls
training.mode=rollout
models.out_dim=10
models.architecture.n_encoder_layers=1
models.architecture.n_decoder_layers=1
seed=0    avg_loss: 0.000001891201  time_per_window : 0.000275   progress : 0.459
name: models.architecture.block_type=cls
training.mode=rollout
models.out_dim=10
models.architecture.n_encoder_layers=1
models.architecture.n_decoder_layers=1
seed=0    avg_loss: 0.000001576445  time_per_window : 0.000283   progress : 0.470
name: models.architecture.block_type=cls
training.mode=rollout
models.out_dim=10
models.architecture.n_encoder_layers=1
models.architecture.n_decoder_layers=1
seed=0    avg_loss: 0.000001618907  time_per_window : 0.000276   progress : 0.481
name: models.architecture.block_type=cls
training.mode=rollout
models.out_dim=10
models.architecture.n_encoder_layers=1
models.architecture.n_decoder_layers=1
seed=0    avg_loss: 0.000001646345  time_per_window : 0.000251   progress : 0.492
name: models.architecture.block_type=cls
training.mode=rollout
models.out_dim=10
models.architecture.n_encoder_layers=1
models.architecture.n_decoder_layers=1
seed=4    avg_loss: 0.000001216134  time_per_window : 0.000260   progress : 0.502
name: models.architecture.block_type=cls
training.mode=rollout
models.out_dim=10
models.architecture.n_encoder_layers=1
models.architecture.n_decoder_layers=1
seed=4    avg_loss: 0.000001813526  time_per_window : 0.000327   progress : 0.513
name: models.architecture.block_type=cls
training.mode=rollout
models.out_dim=10
models.architecture.n_encoder_layers=1
models.architecture.n_decoder_layers=1
seed=4    avg_loss: 0.000001710104  time_per_window : 0.000303   progress : 0.524
name: models.architecture.block_type=cls
training.mode=rollout
models.out_dim=10
models.architecture.n_encoder_layers=1
models.architecture.n_decoder_layers=1
seed=4    avg_loss: 0.000001540598  time_per_window : 0.000287   progress : 0.535
name: models.architecture.block_type=cls
training.mode=rollout
models.out_dim=10
models.architecture.n_encoder_layers=1
models.architecture.n_decoder_layers=1
seed=4    avg_loss: 0.000001362491  time_per_window : 0.000333   progress : 0.546
name: models.architecture.block_type=cls
training.mode=rollout
models.out_dim=10
models.architecture.n_encoder_layers=1
models.architecture.n_decoder_layers=1
seed=4    avg_loss: 0.000001344470  time_per_window : 0.000288   progress : 0.557
name: models.architecture.block_type=cls
training.mode=rollout
models.out_dim=10
models.architecture.n_encoder_layers=1
models.architecture.n_decoder_layers=1
seed=4    avg_loss: 0.000001558018  time_per_window : 0.000312   progress : 0.568
name: models.architecture.block_type=cls
training.mode=rollout
models.out_dim=10
models.architecture.n_encoder_layers=1
models.architecture.n_decoder_layers=1
seed=4    avg_loss: 0.000001681003  time_per_window : 0.000266   progress : 0.579
name: models.architecture.block_type=cls
training.mode=rollout
models.out_dim=10
models.architecture.n_encoder_layers=1
models.architecture.n_decoder_layers=1
seed=4    avg_loss: 0.000001364804  time_per_window : 0.000265   progress : 0.590
name: models.architecture.block_type=cls
training.mode=rollout
models.out_dim=10
models.architecture.n_encoder_layers=1
models.architecture.n_decoder_layers=1
seed=4    avg_loss: 0.000001460762  time_per_window : 0.000252   progress : 0.601
name: models.architecture.block_type=cls
training.mode=rollout
models.out_dim=10
models.architecture.n_encoder_layers=1
models.architecture.n_decoder_layers=1
seed=4    avg_loss: 0.000001344642  time_per_window : 0.000262   progress : 0.612
name: models.architecture.block_type=cls
training.mode=rollout
models.out_dim=10
models.architecture.n_encoder_layers=1
models.architecture.n_decoder_layers=1
seed=4    avg_loss: 0.000001471157  time_per_window : 0.000272   progress : 0.623
name: models.architecture.block_type=cls
training.mode=rollout
models.out_dim=10
models.architecture.n_encoder_layers=1
models.architecture.n_decoder_layers=1
seed=4    avg_loss: 0.000001370834  time_per_window : 0.000241   progress : 0.634
name: models.architecture.block_type=cls
training.mode=rollout
models.out_dim=10
models.architecture.n_encoder_layers=1
models.architecture.n_decoder_layers=1
seed=4    avg_loss: 0.000001665336  time_per_window : 0.000241   progress : 0.644
name: models.architecture.block_type=cls
training.mode=rollout
models.out_dim=10
models.architecture.n_encoder_layers=1
models.architecture.n_decoder_layers=1
seed=4    avg_loss: 0.000001261850  time_per_window : 0.000239   progress : 0.655
name: models.architecture.block_type=cls
training.mode=rollout
models.out_dim=10
models.architecture.n_encoder_layers=1
models.architecture.n_decoder_layers=1
seed=4    avg_loss: 0.000000976450  time_per_window : 0.000282   progress : 0.666
name: models.architecture.block_type=cls
training.mode=rollout
models.out_dim=10
models.architecture.n_encoder_layers=1
models.architecture.n_decoder_layers=1
seed=4    avg_loss: 0.000001392194  time_per_window : 0.000313   progress : 0.677
name: models.architecture.block_type=cls
training.mode=rollout
models.out_dim=10
models.architecture.n_encoder_layers=1
models.architecture.n_decoder_layers=1
seed=4    avg_loss: 0.000001236187  time_per_window : 0.000271   progress : 0.688
name: models.architecture.block_type=cls
training.mode=rollout
models.out_dim=10
models.architecture.n_encoder_layers=1
models.architecture.n_decoder_layers=1
seed=4    avg_loss: 0.000001359978  time_per_window : 0.000294   progress : 0.699
name: models.architecture.block_type=cls
training.mode=rollout
models.out_dim=10
models.architecture.n_encoder_layers=1
models.architecture.n_decoder_layers=1
seed=4    avg_loss: 0.000001141735  time_per_window : 0.000267   progress : 0.710
name: models.architecture.block_type=cls
training.mode=rollout
models.out_dim=10
models.architecture.n_encoder_layers=1
models.architecture.n_decoder_layers=1
seed=4    avg_loss: 0.000001185402  time_per_window : 0.000282   progress : 0.721
name: models.architecture.block_type=cls
training.mode=rollout
models.out_dim=10
models.architecture.n_encoder_layers=1
models.architecture.n_decoder_layers=1
seed=4    avg_loss: 0.000001411441  time_per_window : 0.000306   progress : 0.732
name: models.architecture.block_type=cls
training.mode=rollout
models.out_dim=10
models.architecture.n_encoder_layers=1
models.architecture.n_decoder_layers=1
seed=4    avg_loss: 0.000001219486  time_per_window : 0.000244   progress : 0.743
name: models.architecture.block_type=cls
training.mode=rollout
models.out_dim=10
models.architecture.n_encoder_layers=1
models.architecture.n_decoder_layers=1
seed=4    avg_loss: 0.000001038785  time_per_window : 0.000235   progress : 0.754
name: models.architecture.block_type=cls
training.mode=rollout
models.out_dim=10
models.architecture.n_encoder_layers=1
models.architecture.n_decoder_layers=1
seed=4    avg_loss: 0.000001132487  time_per_window : 0.000281   progress : 0.765
name: models.architecture.block_type=cls
training.mode=rollout
models.out_dim=10
models.architecture.n_encoder_layers=1
models.architecture.n_decoder_layers=1
seed=4    avg_loss: 0.000001222379  time_per_window : 0.000257   progress : 0.775
name: models.architecture.block_type=cls
training.mode=rollout
models.out_dim=10
models.architecture.n_encoder_layers=1
models.architecture.n_decoder_layers=1
seed=4    avg_loss: 0.000001543745  time_per_window : 0.000232   progress : 0.786
name: models.architecture.block_type=cls
training.mode=rollout
models.out_dim=10
models.architecture.n_encoder_layers=1
models.architecture.n_decoder_layers=1
seed=4    avg_loss: 0.000000879086  time_per_window : 0.000270   progress : 0.797
name: models.architecture.block_type=cls
training.mode=rollout
models.out_dim=10
models.architecture.n_encoder_layers=1
models.architecture.n_decoder_layers=1
seed=4    avg_loss: 0.000000968170  time_per_window : 0.000260   progress : 0.808
name: models.architecture.block_type=cls
training.mode=rollout
models.out_dim=10
models.architecture.n_encoder_layers=1
models.architecture.n_decoder_layers=1
seed=4    avg_loss: 0.000001039657  time_per_window : 0.000331   progress : 0.819
name: models.architecture.block_type=cls
training.mode=rollout
models.out_dim=10
models.architecture.n_encoder_layers=1
models.architecture.n_decoder_layers=1
seed=4    avg_loss: 0.000000977975  time_per_window : 0.000336   progress : 0.830
name: models.architecture.block_type=cls
training.mode=rollout
models.out_dim=10
models.architecture.n_encoder_layers=1
models.architecture.n_decoder_layers=1
seed=4    avg_loss: 0.000001171489  time_per_window : 0.000266   progress : 0.841
name: models.architecture.block_type=cls
training.mode=rollout
models.out_dim=10
models.architecture.n_encoder_layers=1
models.architecture.n_decoder_layers=1
seed=4    avg_loss: 0.000001264165  time_per_window : 0.000260   progress : 0.852
name: models.architecture.block_type=cls
training.mode=rollout
models.out_dim=10
models.architecture.n_encoder_layers=1
models.architecture.n_decoder_layers=1
seed=4    avg_loss: 0.000000905348  time_per_window : 0.000283   progress : 0.863
name: models.architecture.block_type=cls
training.mode=rollout
models.out_dim=10
models.architecture.n_encoder_layers=1
models.architecture.n_decoder_layers=1
seed=2    avg_loss: 0.000001463087  time_per_window : 0.000324   progress : 0.502
name: models.architecture.block_type=cls
training.mode=rollout
models.out_dim=10
models.architecture.n_encoder_layers=1
models.architecture.n_decoder_layers=1
seed=2    avg_loss: 0.000001396272  time_per_window : 0.000265   progress : 0.513
name: models.architecture.block_type=cls
training.mode=rollout
models.out_dim=10
models.architecture.n_encoder_layers=1
models.architecture.n_decoder_layers=1
seed=2    avg_loss: 0.000001569978  time_per_window : 0.000252   progress : 0.524
name: models.architecture.block_type=cls
training.mode=rollout
models.out_dim=10
models.architecture.n_encoder_layers=1
models.architecture.n_decoder_layers=1
seed=2    avg_loss: 0.000001326458  time_per_window : 0.000262   progress : 0.535
name: models.architecture.block_type=cls
training.mode=rollout
models.out_dim=10
models.architecture.n_encoder_layers=1
models.architecture.n_decoder_layers=1
seed=2    avg_loss: 0.000001609426  time_per_window : 0.000266   progress : 0.546
name: models.architecture.block_type=cls
training.mode=rollout
models.out_dim=10
models.architecture.n_encoder_layers=1
models.architecture.n_decoder_layers=1
seed=2    avg_loss: 0.000001189120  time_per_window : 0.000325   progress : 0.557
name: models.architecture.block_type=cls
training.mode=rollout
models.out_dim=10
models.architecture.n_encoder_layers=1
models.architecture.n_decoder_layers=1
seed=2    avg_loss: 0.000001241894  time_per_window : 0.000319   progress : 0.568
name: models.architecture.block_type=cls
training.mode=rollout
models.out_dim=10
models.architecture.n_encoder_layers=1
models.architecture.n_decoder_layers=1
seed=2    avg_loss: 0.000001363010  time_per_window : 0.000316   progress : 0.579
name: models.architecture.block_type=cls
training.mode=rollout
models.out_dim=10
models.architecture.n_encoder_layers=1
models.architecture.n_decoder_layers=1
seed=2    avg_loss: 0.000001079518  time_per_window : 0.000269   progress : 0.590
name: models.architecture.block_type=cls
training.mode=rollout
models.out_dim=10
models.architecture.n_encoder_layers=1
models.architecture.n_decoder_layers=1
seed=2    avg_loss: 0.000001374842  time_per_window : 0.000265   progress : 0.601
name: models.architecture.block_type=cls
training.mode=rollout
models.out_dim=10
models.architecture.n_encoder_layers=1
models.architecture.n_decoder_layers=1
seed=2    avg_loss: 0.000001320920  time_per_window : 0.000266   progress : 0.612
name: models.architecture.block_type=cls
training.mode=rollout
models.out_dim=10
models.architecture.n_encoder_layers=1
models.architecture.n_decoder_layers=1
seed=2    avg_loss: 0.000001152947  time_per_window : 0.000288   progress : 0.623
name: models.architecture.block_type=cls
training.mode=rollout
models.out_dim=10
models.architecture.n_encoder_layers=1
models.architecture.n_decoder_layers=1
seed=2    avg_loss: 0.000001214066  time_per_window : 0.000257   progress : 0.634
name: models.architecture.block_type=cls
training.mode=rollout
models.out_dim=10
models.architecture.n_encoder_layers=1
models.architecture.n_decoder_layers=1
seed=2    avg_loss: 0.000001184082  time_per_window : 0.000295   progress : 0.644
name: models.architecture.block_type=cls
training.mode=rollout
models.out_dim=10
models.architecture.n_encoder_layers=1
models.architecture.n_decoder_layers=1
seed=2    avg_loss: 0.000001243445  time_per_window : 0.000316   progress : 0.655
name: models.architecture.block_type=cls
training.mode=rollout
models.out_dim=10
models.architecture.n_encoder_layers=1
models.architecture.n_decoder_layers=1
seed=2    avg_loss: 0.000000950125  time_per_window : 0.000297   progress : 0.666
name: models.architecture.block_type=cls
training.mode=rollout
models.out_dim=10
models.architecture.n_encoder_layers=1
models.architecture.n_decoder_layers=1
seed=2    avg_loss: 0.000001294104  time_per_window : 0.000273   progress : 0.677
name: models.architecture.block_type=cls
training.mode=rollout
models.out_dim=10
models.architecture.n_encoder_layers=1
models.architecture.n_decoder_layers=1
seed=2    avg_loss: 0.000000947392  time_per_window : 0.000248   progress : 0.688
name: models.architecture.block_type=cls
training.mode=rollout
models.out_dim=10
models.architecture.n_encoder_layers=1
models.architecture.n_decoder_layers=1
seed=2    avg_loss: 0.000001107129  time_per_window : 0.000260   progress : 0.699
name: models.architecture.block_type=cls
training.mode=rollout
models.out_dim=10
models.architecture.n_encoder_layers=1
models.architecture.n_decoder_layers=1
seed=2    avg_loss: 0.000001216121  time_per_window : 0.000299   progress : 0.710
name: models.architecture.block_type=cls
training.mode=rollout
models.out_dim=10
models.architecture.n_encoder_layers=1
models.architecture.n_decoder_layers=1
seed=2    avg_loss: 0.000001011940  time_per_window : 0.000287   progress : 0.721
name: models.architecture.block_type=cls
training.mode=rollout
models.out_dim=10
models.architecture.n_encoder_layers=1
models.architecture.n_decoder_layers=1
seed=2    avg_loss: 0.000001222877  time_per_window : 0.000283   progress : 0.732
name: models.architecture.block_type=cls
training.mode=rollout
models.out_dim=10
models.architecture.n_encoder_layers=1
models.architecture.n_decoder_layers=1
seed=2    avg_loss: 0.000000869264  time_per_window : 0.000320   progress : 0.743
name: models.architecture.block_type=cls
training.mode=rollout
models.out_dim=10
models.architecture.n_encoder_layers=1
models.architecture.n_decoder_layers=1
seed=2    avg_loss: 0.000001102127  time_per_window : 0.000317   progress : 0.754
name: models.architecture.block_type=cls
training.mode=rollout
models.out_dim=10
models.architecture.n_encoder_layers=1
models.architecture.n_decoder_layers=1
seed=2    avg_loss: 0.000001132763  time_per_window : 0.000271   progress : 0.765
name: models.architecture.block_type=cls
training.mode=rollout
models.out_dim=10
models.architecture.n_encoder_layers=1
models.architecture.n_decoder_layers=1
seed=2    avg_loss: 0.000000806934  time_per_window : 0.000274   progress : 0.775
name: models.architecture.block_type=cls
training.mode=rollout
models.out_dim=10
models.architecture.n_encoder_layers=1
models.architecture.n_decoder_layers=1
seed=2    avg_loss: 0.000000937513  time_per_window : 0.000248   progress : 0.786
name: models.architecture.block_type=cls
training.mode=rollout
models.out_dim=10
models.architecture.n_encoder_layers=1
models.architecture.n_decoder_layers=1
seed=2    avg_loss: 0.000001050839  time_per_window : 0.000305   progress : 0.797
name: models.architecture.block_type=cls
training.mode=rollout
models.out_dim=10
models.architecture.n_encoder_layers=1
models.architecture.n_decoder_layers=1
seed=2    avg_loss: 0.000001006044  time_per_window : 0.000311   progress : 0.808
name: models.architecture.block_type=cls
training.mode=rollout
models.out_dim=10
models.architecture.n_encoder_layers=1
models.architecture.n_decoder_layers=1
seed=2    avg_loss: 0.000000978003  time_per_window : 0.000301   progress : 0.819
name: models.architecture.block_type=cls
training.mode=rollout
models.out_dim=10
models.architecture.n_encoder_layers=1
models.architecture.n_decoder_layers=1
seed=2    avg_loss: 0.000000761679  time_per_window : 0.000283   progress : 0.830
name: models.architecture.block_type=cls
training.mode=rollout
models.out_dim=10
models.architecture.n_encoder_layers=1
models.architecture.n_decoder_layers=1
seed=2    avg_loss: 0.000001023529  time_per_window : 0.000293   progress : 0.841
name: models.architecture.block_type=cls
training.mode=rollout
models.out_dim=10
models.architecture.n_encoder_layers=1
models.architecture.n_decoder_layers=1
seed=2    avg_loss: 0.000000995329  time_per_window : 0.000306   progress : 0.852
name: models.architecture.block_type=cls
training.mode=rollout
models.out_dim=10
models.architecture.n_encoder_layers=1
models.architecture.n_decoder_layers=1
seed=2    avg_loss: 0.000000833146  time_per_window : 0.000302   progress : 0.863
name: models.architecture.block_type=cls
training.mode=rollout
models.out_dim=10
models.architecture.n_encoder_layers=1
models.architecture.n_decoder_layers=1
seed=3    avg_loss: 0.000001306308  time_per_window : 0.000321   progress : 0.502
name: models.architecture.block_type=cls
training.mode=rollout
models.out_dim=10
models.architecture.n_encoder_layers=1
models.architecture.n_decoder_layers=1
seed=3    avg_loss: 0.000001339070  time_per_window : 0.000284   progress : 0.513
name: models.architecture.block_type=cls
training.mode=rollout
models.out_dim=10
models.architecture.n_encoder_layers=1
models.architecture.n_decoder_layers=1
seed=3    avg_loss: 0.000001314761  time_per_window : 0.000290   progress : 0.524
name: models.architecture.block_type=cls
training.mode=rollout
models.out_dim=10
models.architecture.n_encoder_layers=1
models.architecture.n_decoder_layers=1
seed=3    avg_loss: 0.000001420162  time_per_window : 0.000236   progress : 0.535
name: models.architecture.block_type=cls
training.mode=rollout
models.out_dim=10
models.architecture.n_encoder_layers=1
models.architecture.n_decoder_layers=1
seed=3    avg_loss: 0.000001136471  time_per_window : 0.000300   progress : 0.546
name: models.architecture.block_type=cls
training.mode=rollout
models.out_dim=10
models.architecture.n_encoder_layers=1
models.architecture.n_decoder_layers=1
seed=3    avg_loss: 0.000001111874  time_per_window : 0.000255   progress : 0.557
name: models.architecture.block_type=cls
training.mode=rollout
models.out_dim=10
models.architecture.n_encoder_layers=1
models.architecture.n_decoder_layers=1
seed=3    avg_loss: 0.000001395234  time_per_window : 0.000249   progress : 0.568
name: models.architecture.block_type=cls
training.mode=rollout
models.out_dim=10
models.architecture.n_encoder_layers=1
models.architecture.n_decoder_layers=1
seed=3    avg_loss: 0.000001001701  time_per_window : 0.000266   progress : 0.579
name: models.architecture.block_type=cls
training.mode=rollout
models.out_dim=10
models.architecture.n_encoder_layers=1
models.architecture.n_decoder_layers=1
seed=3    avg_loss: 0.000001135367  time_per_window : 0.000279   progress : 0.590
name: models.architecture.block_type=cls
training.mode=rollout
models.out_dim=10
models.architecture.n_encoder_layers=1
models.architecture.n_decoder_layers=1
seed=3    avg_loss: 0.000001149614  time_per_window : 0.000297   progress : 0.601
name: models.architecture.block_type=cls
training.mode=rollout
models.out_dim=10
models.architecture.n_encoder_layers=1
models.architecture.n_decoder_layers=1
seed=3    avg_loss: 0.000001110021  time_per_window : 0.000259   progress : 0.612
name: models.architecture.block_type=cls
training.mode=rollout
models.out_dim=10
models.architecture.n_encoder_layers=1
models.architecture.n_decoder_layers=1
seed=3    avg_loss: 0.000001109674  time_per_window : 0.000253   progress : 0.623
name: models.architecture.block_type=cls
training.mode=rollout
models.out_dim=10
models.architecture.n_encoder_layers=1
models.architecture.n_decoder_layers=1
seed=3    avg_loss: 0.000001220503  time_per_window : 0.000262   progress : 0.634
name: models.architecture.block_type=cls
training.mode=rollout
models.out_dim=10
models.architecture.n_encoder_layers=1
models.architecture.n_decoder_layers=1
seed=3    avg_loss: 0.000001133586  time_per_window : 0.000308   progress : 0.644
name: models.architecture.block_type=cls
training.mode=rollout
models.out_dim=10
models.architecture.n_encoder_layers=1
models.architecture.n_decoder_layers=1
seed=3    avg_loss: 0.000001069570  time_per_window : 0.000313   progress : 0.655
name: models.architecture.block_type=cls
training.mode=rollout
models.out_dim=10
models.architecture.n_encoder_layers=1
models.architecture.n_decoder_layers=1
seed=3    avg_loss: 0.000000875001  time_per_window : 0.000261   progress : 0.666
name: models.architecture.block_type=cls
training.mode=rollout
models.out_dim=10
models.architecture.n_encoder_layers=1
models.architecture.n_decoder_layers=1
seed=3    avg_loss: 0.000001198611  time_per_window : 0.000283   progress : 0.677
name: models.architecture.block_type=cls
training.mode=rollout
models.out_dim=10
models.architecture.n_encoder_layers=1
models.architecture.n_decoder_layers=1
seed=3    avg_loss: 0.000000983270  time_per_window : 0.000254   progress : 0.688
name: models.architecture.block_type=cls
training.mode=rollout
models.out_dim=10
models.architecture.n_encoder_layers=1
models.architecture.n_decoder_layers=1
seed=3    avg_loss: 0.000001094442  time_per_window : 0.000253   progress : 0.699
name: models.architecture.block_type=cls
training.mode=rollout
models.out_dim=10
models.architecture.n_encoder_layers=1
models.architecture.n_decoder_layers=1
seed=3    avg_loss: 0.000000878075  time_per_window : 0.000261   progress : 0.710
name: models.architecture.block_type=cls
training.mode=rollout
models.out_dim=10
models.architecture.n_encoder_layers=1
models.architecture.n_decoder_layers=1
seed=3    avg_loss: 0.000001051412  time_per_window : 0.000272   progress : 0.721
name: models.architecture.block_type=cls
training.mode=rollout
models.out_dim=10
models.architecture.n_encoder_layers=1
models.architecture.n_decoder_layers=1
seed=3    avg_loss: 0.000000914963  time_per_window : 0.000240   progress : 0.732
name: models.architecture.block_type=cls
training.mode=rollout
models.out_dim=10
models.architecture.n_encoder_layers=1
models.architecture.n_decoder_layers=1
seed=3    avg_loss: 0.000000985095  time_per_window : 0.000307   progress : 0.743
name: models.architecture.block_type=cls
training.mode=rollout
models.out_dim=10
models.architecture.n_encoder_layers=1
models.architecture.n_decoder_layers=1
seed=3    avg_loss: 0.000001117393  time_per_window : 0.000293   progress : 0.754
name: models.architecture.block_type=cls
training.mode=rollout
models.out_dim=10
models.architecture.n_encoder_layers=1
models.architecture.n_decoder_layers=1
seed=3    avg_loss: 0.000000743154  time_per_window : 0.000275   progress : 0.765
name: models.architecture.block_type=cls
training.mode=rollout
models.out_dim=10
models.architecture.n_encoder_layers=1
models.architecture.n_decoder_layers=1
seed=3    avg_loss: 0.000000961667  time_per_window : 0.000271   progress : 0.775
name: models.architecture.block_type=cls
training.mode=rollout
models.out_dim=10
models.architecture.n_encoder_layers=1
models.architecture.n_decoder_layers=1
seed=3    avg_loss: 0.000000906749  time_per_window : 0.000268   progress : 0.786
name: models.architecture.block_type=cls
training.mode=rollout
models.out_dim=10
models.architecture.n_encoder_layers=1
models.architecture.n_decoder_layers=1
seed=3    avg_loss: 0.000000962886  time_per_window : 0.000270   progress : 0.797
name: models.architecture.block_type=cls
training.mode=rollout
models.out_dim=10
models.architecture.n_encoder_layers=1
models.architecture.n_decoder_layers=1
seed=3    avg_loss: 0.000000775716  time_per_window : 0.000286   progress : 0.808
name: models.architecture.block_type=cls
training.mode=rollout
models.out_dim=10
models.architecture.n_encoder_layers=1
models.architecture.n_decoder_layers=1
seed=3    avg_loss: 0.000000817427  time_per_window : 0.000311   progress : 0.819
name: models.architecture.block_type=cls
training.mode=rollout
models.out_dim=10
models.architecture.n_encoder_layers=1
models.architecture.n_decoder_layers=1
seed=3    avg_loss: 0.000000854116  time_per_window : 0.000300   progress : 0.830
name: models.architecture.block_type=cls
training.mode=rollout
models.out_dim=10
models.architecture.n_encoder_layers=1
models.architecture.n_decoder_layers=1
seed=3    avg_loss: 0.000000917876  time_per_window : 0.000277   progress : 0.841
name: models.architecture.block_type=cls
training.mode=rollout
models.out_dim=10
models.architecture.n_encoder_layers=1
models.architecture.n_decoder_layers=1
seed=3    avg_loss: 0.000000913635  time_per_window : 0.000310   progress : 0.852
name: models.architecture.block_type=cls
training.mode=rollout
models.out_dim=10
models.architecture.n_encoder_layers=1
models.architecture.n_decoder_layers=1
seed=3    avg_loss: 0.000000841998  time_per_window : 0.000279   progress : 0.863
name: models.architecture.block_type=cls
training.mode=rollout
models.out_dim=10
models.architecture.n_encoder_layers=1
models.architecture.n_decoder_layers=1
seed=1    avg_loss: 0.000001830622  time_per_window : 0.000311   progress : 0.502
name: models.architecture.block_type=cls
training.mode=rollout
models.out_dim=10
models.architecture.n_encoder_layers=1
models.architecture.n_decoder_layers=1
seed=1    avg_loss: 0.000001543136  time_per_window : 0.000354   progress : 0.513
name: models.architecture.block_type=cls
training.mode=rollout
models.out_dim=10
models.architecture.n_encoder_layers=1
models.architecture.n_decoder_layers=1
seed=1    avg_loss: 0.000001463003  time_per_window : 0.000260   progress : 0.524
name: models.architecture.block_type=cls
training.mode=rollout
models.out_dim=10
models.architecture.n_encoder_layers=1
models.architecture.n_decoder_layers=1
seed=1    avg_loss: 0.000001470869  time_per_window : 0.000267   progress : 0.535
name: models.architecture.block_type=cls
training.mode=rollout
models.out_dim=10
models.architecture.n_encoder_layers=1
models.architecture.n_decoder_layers=1
seed=1    avg_loss: 0.000001680594  time_per_window : 0.000252   progress : 0.546
name: models.architecture.block_type=cls
training.mode=rollout
models.out_dim=10
models.architecture.n_encoder_layers=1
models.architecture.n_decoder_layers=1
seed=1    avg_loss: 0.000001570304  time_per_window : 0.000293   progress : 0.557
name: models.architecture.block_type=cls
training.mode=rollout
models.out_dim=10
models.architecture.n_encoder_layers=1
models.architecture.n_decoder_layers=1
seed=1    avg_loss: 0.000001266222  time_per_window : 0.000303   progress : 0.568
name: models.architecture.block_type=cls
training.mode=rollout
models.out_dim=10
models.architecture.n_encoder_layers=1
models.architecture.n_decoder_layers=1
seed=1    avg_loss: 0.000001648461  time_per_window : 0.000269   progress : 0.579
name: models.architecture.block_type=cls
training.mode=rollout
models.out_dim=10
models.architecture.n_encoder_layers=1
models.architecture.n_decoder_layers=1
seed=1    avg_loss: 0.000001508400  time_per_window : 0.000256   progress : 0.590
name: models.architecture.block_type=cls
training.mode=rollout
models.out_dim=10
models.architecture.n_encoder_layers=1
models.architecture.n_decoder_layers=1
seed=1    avg_loss: 0.000001433098  time_per_window : 0.000319   progress : 0.601
name: models.architecture.block_type=cls
training.mode=rollout
models.out_dim=10
models.architecture.n_encoder_layers=1
models.architecture.n_decoder_layers=1
seed=1    avg_loss: 0.000001263607  time_per_window : 0.000263   progress : 0.612
name: models.architecture.block_type=cls
training.mode=rollout
models.out_dim=10
models.architecture.n_encoder_layers=1
models.architecture.n_decoder_layers=1
seed=1    avg_loss: 0.000001585039  time_per_window : 0.000275   progress : 0.623
name: models.architecture.block_type=cls
training.mode=rollout
models.out_dim=10
models.architecture.n_encoder_layers=1
models.architecture.n_decoder_layers=1
seed=1    avg_loss: 0.000001337883  time_per_window : 0.000261   progress : 0.634
name: models.architecture.block_type=cls
training.mode=rollout
models.out_dim=10
models.architecture.n_encoder_layers=1
models.architecture.n_decoder_layers=1
seed=1    avg_loss: 0.000001244418  time_per_window : 0.000282   progress : 0.644
name: models.architecture.block_type=cls
training.mode=rollout
models.out_dim=10
models.architecture.n_encoder_layers=1
models.architecture.n_decoder_layers=1
seed=1    avg_loss: 0.000001272971  time_per_window : 0.000345   progress : 0.655
name: models.architecture.block_type=cls
training.mode=rollout
models.out_dim=10
models.architecture.n_encoder_layers=1
models.architecture.n_decoder_layers=1
seed=1    avg_loss: 0.000001207568  time_per_window : 0.000252   progress : 0.666
name: models.architecture.block_type=cls
training.mode=rollout
models.out_dim=10
models.architecture.n_encoder_layers=1
models.architecture.n_decoder_layers=1
seed=1    avg_loss: 0.000001336478  time_per_window : 0.000278   progress : 0.677
name: models.architecture.block_type=cls
training.mode=rollout
models.out_dim=10
models.architecture.n_encoder_layers=1
models.architecture.n_decoder_layers=1
seed=1    avg_loss: 0.000001658184  time_per_window : 0.000294   progress : 0.688
name: models.architecture.block_type=cls
training.mode=rollout
models.out_dim=10
models.architecture.n_encoder_layers=1
models.architecture.n_decoder_layers=1
seed=1    avg_loss: 0.000000967446  time_per_window : 0.000299   progress : 0.699
name: models.architecture.block_type=cls
training.mode=rollout
models.out_dim=10
models.architecture.n_encoder_layers=1
models.architecture.n_decoder_layers=1
seed=1    avg_loss: 0.000001135872  time_per_window : 0.000295   progress : 0.710
name: models.architecture.block_type=cls
training.mode=rollout
models.out_dim=10
models.architecture.n_encoder_layers=1
models.architecture.n_decoder_layers=1
seed=1    avg_loss: 0.000001327024  time_per_window : 0.000291   progress : 0.721
name: models.architecture.block_type=cls
training.mode=rollout
models.out_dim=10
models.architecture.n_encoder_layers=1
models.architecture.n_decoder_layers=1
seed=1    avg_loss: 0.000001188372  time_per_window : 0.000285   progress : 0.732
name: models.architecture.block_type=cls
training.mode=rollout
models.out_dim=10
models.architecture.n_encoder_layers=1
models.architecture.n_decoder_layers=1
seed=1    avg_loss: 0.000001185375  time_per_window : 0.000321   progress : 0.743
name: models.architecture.block_type=cls
training.mode=rollout
models.out_dim=10
models.architecture.n_encoder_layers=1
models.architecture.n_decoder_layers=1
seed=1    avg_loss: 0.000000951499  time_per_window : 0.000292   progress : 0.754
name: models.architecture.block_type=cls
training.mode=rollout
models.out_dim=10
models.architecture.n_encoder_layers=1
models.architecture.n_decoder_layers=1
seed=1    avg_loss: 0.000001221328  time_per_window : 0.000278   progress : 0.765
name: models.architecture.block_type=cls
training.mode=rollout
models.out_dim=10
models.architecture.n_encoder_layers=1
models.architecture.n_decoder_layers=1
seed=1    avg_loss: 0.000001040772  time_per_window : 0.000295   progress : 0.775
name: models.architecture.block_type=cls
training.mode=rollout
models.out_dim=10
models.architecture.n_encoder_layers=1
models.architecture.n_decoder_layers=1
seed=1    avg_loss: 0.000001259066  time_per_window : 0.000265   progress : 0.786
name: models.architecture.block_type=cls
training.mode=rollout
models.out_dim=10
models.architecture.n_encoder_layers=1
models.architecture.n_decoder_layers=1
seed=1    avg_loss: 0.000001310583  time_per_window : 0.000267   progress : 0.797
name: models.architecture.block_type=cls
training.mode=rollout
models.out_dim=10
models.architecture.n_encoder_layers=1
models.architecture.n_decoder_layers=1
seed=1    avg_loss: 0.000000885312  time_per_window : 0.000314   progress : 0.808
name: models.architecture.block_type=cls
training.mode=rollout
models.out_dim=10
models.architecture.n_encoder_layers=1
models.architecture.n_decoder_layers=1
seed=1    avg_loss: 0.000000871885  time_per_window : 0.000306   progress : 0.819
name: models.architecture.block_type=cls
training.mode=rollout
models.out_dim=10
models.architecture.n_encoder_layers=1
models.architecture.n_decoder_layers=1
seed=1    avg_loss: 0.000001231179  time_per_window : 0.000291   progress : 0.830
name: models.architecture.block_type=cls
training.mode=rollout
models.out_dim=10
models.architecture.n_encoder_layers=1
models.architecture.n_decoder_layers=1
seed=1    avg_loss: 0.000001020218  time_per_window : 0.000322   progress : 0.841
name: models.architecture.block_type=cls
training.mode=rollout
models.out_dim=10
models.architecture.n_encoder_layers=1
models.architecture.n_decoder_layers=1
seed=1    avg_loss: 0.000000979729  time_per_window : 0.000288   progress : 0.852
name: models.architecture.block_type=cls
training.mode=rollout
models.out_dim=10
models.architecture.n_encoder_layers=1
models.architecture.n_decoder_layers=1
seed=1    avg_loss: 0.000001162226  time_per_window : 0.000298   progress : 0.863
name: models.architecture.block_type=cls
training.mode=rollout
models.out_dim=10
models.architecture.n_encoder_layers=1
models.architecture.n_decoder_layers=1
seed=0    avg_loss: 0.000001632769  time_per_window : 0.000292   progress : 0.502
name: models.architecture.block_type=cls
training.mode=rollout
models.out_dim=10
models.architecture.n_encoder_layers=1
models.architecture.n_decoder_layers=1
seed=0    avg_loss: 0.000001874441  time_per_window : 0.000278   progress : 0.513
name: models.architecture.block_type=cls
training.mode=rollout
models.out_dim=10
models.architecture.n_encoder_layers=1
models.architecture.n_decoder_layers=1
seed=0    avg_loss: 0.000001421666  time_per_window : 0.000249   progress : 0.524
name: models.architecture.block_type=cls
training.mode=rollout
models.out_dim=10
models.architecture.n_encoder_layers=1
models.architecture.n_decoder_layers=1
seed=0    avg_loss: 0.000001647660  time_per_window : 0.000294   progress : 0.535
name: models.architecture.block_type=cls
training.mode=rollout
models.out_dim=10
models.architecture.n_encoder_layers=1
models.architecture.n_decoder_layers=1
seed=0    avg_loss: 0.000001353030  time_per_window : 0.000276   progress : 0.546
name: models.architecture.block_type=cls
training.mode=rollout
models.out_dim=10
models.architecture.n_encoder_layers=1
models.architecture.n_decoder_layers=1
seed=0    avg_loss: 0.000001720890  time_per_window : 0.000284   progress : 0.557
name: models.architecture.block_type=cls
training.mode=rollout
models.out_dim=10
models.architecture.n_encoder_layers=1
models.architecture.n_decoder_layers=1
seed=0    avg_loss: 0.000001302073  time_per_window : 0.000264   progress : 0.568
name: models.architecture.block_type=cls
training.mode=rollout
models.out_dim=10
models.architecture.n_encoder_layers=1
models.architecture.n_decoder_layers=1
seed=0    avg_loss: 0.000001655987  time_per_window : 0.000287   progress : 0.579
name: models.architecture.block_type=cls
training.mode=rollout
models.out_dim=10
models.architecture.n_encoder_layers=1
models.architecture.n_decoder_layers=1
seed=0    avg_loss: 0.000001310153  time_per_window : 0.000236   progress : 0.590
name: models.architecture.block_type=cls
training.mode=rollout
models.out_dim=10
models.architecture.n_encoder_layers=1
models.architecture.n_decoder_layers=1
seed=0    avg_loss: 0.000001619683  time_per_window : 0.000308   progress : 0.601
name: models.architecture.block_type=cls
training.mode=rollout
models.out_dim=10
models.architecture.n_encoder_layers=1
models.architecture.n_decoder_layers=1
seed=0    avg_loss: 0.000001388738  time_per_window : 0.000254   progress : 0.612
name: models.architecture.block_type=cls
training.mode=rollout
models.out_dim=10
models.architecture.n_encoder_layers=1
models.architecture.n_decoder_layers=1
seed=0    avg_loss: 0.000001350374  time_per_window : 0.000291   progress : 0.623
name: models.architecture.block_type=cls
training.mode=rollout
models.out_dim=10
models.architecture.n_encoder_layers=1
models.architecture.n_decoder_layers=1
seed=0    avg_loss: 0.000001450456  time_per_window : 0.000254   progress : 0.634
name: models.architecture.block_type=cls
training.mode=rollout
models.out_dim=10
models.architecture.n_encoder_layers=1
models.architecture.n_decoder_layers=1
seed=0    avg_loss: 0.000001462042  time_per_window : 0.000279   progress : 0.644
name: models.architecture.block_type=cls
training.mode=rollout
models.out_dim=10
models.architecture.n_encoder_layers=1
models.architecture.n_decoder_layers=1
seed=0    avg_loss: 0.000001221936  time_per_window : 0.000331   progress : 0.655
name: models.architecture.block_type=cls
training.mode=rollout
models.out_dim=10
models.architecture.n_encoder_layers=1
models.architecture.n_decoder_layers=1
seed=0    avg_loss: 0.000001293348  time_per_window : 0.000246   progress : 0.666
name: models.architecture.block_type=cls
training.mode=rollout
models.out_dim=10
models.architecture.n_encoder_layers=1
models.architecture.n_decoder_layers=1
seed=0    avg_loss: 0.000001341790  time_per_window : 0.000252   progress : 0.677
name: models.architecture.block_type=cls
training.mode=rollout
models.out_dim=10
models.architecture.n_encoder_layers=1
models.architecture.n_decoder_layers=1
seed=0    avg_loss: 0.000001403714  time_per_window : 0.000245   progress : 0.688
name: models.architecture.block_type=cls
training.mode=rollout
models.out_dim=10
models.architecture.n_encoder_layers=1
models.architecture.n_decoder_layers=1
seed=0    avg_loss: 0.000001299223  time_per_window : 0.000272   progress : 0.699
name: models.architecture.block_type=cls
training.mode=rollout
models.out_dim=10
models.architecture.n_encoder_layers=1
models.architecture.n_decoder_layers=1
seed=0    avg_loss: 0.000001234234  time_per_window : 0.000290   progress : 0.710
name: models.architecture.block_type=cls
training.mode=rollout
models.out_dim=10
models.architecture.n_encoder_layers=1
models.architecture.n_decoder_layers=1
seed=0    avg_loss: 0.000001323550  time_per_window : 0.000248   progress : 0.721
name: models.architecture.block_type=cls
training.mode=rollout
models.out_dim=10
models.architecture.n_encoder_layers=1
models.architecture.n_decoder_layers=1
seed=0    avg_loss: 0.000001075877  time_per_window : 0.000284   progress : 0.732
name: models.architecture.block_type=cls
training.mode=rollout
models.out_dim=10
models.architecture.n_encoder_layers=1
models.architecture.n_decoder_layers=1
seed=0    avg_loss: 0.000001295878  time_per_window : 0.000259   progress : 0.743
name: models.architecture.block_type=cls
training.mode=rollout
models.out_dim=10
models.architecture.n_encoder_layers=1
models.architecture.n_decoder_layers=1
seed=0    avg_loss: 0.000001162153  time_per_window : 0.000255   progress : 0.754
name: models.architecture.block_type=cls
training.mode=rollout
models.out_dim=10
models.architecture.n_encoder_layers=1
models.architecture.n_decoder_layers=1
seed=0    avg_loss: 0.000001023652  time_per_window : 0.000261   progress : 0.765
name: models.architecture.block_type=cls
training.mode=rollout
models.out_dim=10
models.architecture.n_encoder_layers=1
models.architecture.n_decoder_layers=1
seed=0    avg_loss: 0.000001297183  time_per_window : 0.000272   progress : 0.775
name: models.architecture.block_type=cls
training.mode=rollout
models.out_dim=10
models.architecture.n_encoder_layers=1
models.architecture.n_decoder_layers=1
seed=0    avg_loss: 0.000001097149  time_per_window : 0.000269   progress : 0.786
name: models.architecture.block_type=cls
training.mode=rollout
models.out_dim=10
models.architecture.n_encoder_layers=1
models.architecture.n_decoder_layers=1
seed=0    avg_loss: 0.000001200341  time_per_window : 0.000314   progress : 0.797
name: models.architecture.block_type=cls
training.mode=rollout
models.out_dim=10
models.architecture.n_encoder_layers=1
models.architecture.n_decoder_layers=1
seed=0    avg_loss: 0.000000996647  time_per_window : 0.000270   progress : 0.808
name: models.architecture.block_type=cls
training.mode=rollout
models.out_dim=10
models.architecture.n_encoder_layers=1
models.architecture.n_decoder_layers=1
seed=0    avg_loss: 0.000001187367  time_per_window : 0.000324   progress : 0.819
name: models.architecture.block_type=cls
training.mode=rollout
models.out_dim=10
models.architecture.n_encoder_layers=1
models.architecture.n_decoder_layers=1
seed=0    avg_loss: 0.000001034538  time_per_window : 0.000318   progress : 0.830
name: models.architecture.block_type=cls
training.mode=rollout
models.out_dim=10
models.architecture.n_encoder_layers=1
models.architecture.n_decoder_layers=1
seed=0    avg_loss: 0.000001115192  time_per_window : 0.000258   progress : 0.841
name: models.architecture.block_type=cls
training.mode=rollout
models.out_dim=10
models.architecture.n_encoder_layers=1
models.architecture.n_decoder_layers=1
seed=0    avg_loss: 0.000000979304  time_per_window : 0.000301   progress : 0.852
name: models.architecture.block_type=cls
training.mode=rollout
models.out_dim=10
models.architecture.n_encoder_layers=1
models.architecture.n_decoder_layers=1
seed=0    avg_loss: 0.000001264740  time_per_window : 0.000267   progress : 0.863
name: models.architecture.block_type=cls
training.mode=rollout
models.out_dim=10
models.architecture.n_encoder_layers=1
models.architecture.n_decoder_layers=1
seed=4    avg_loss: 0.000001058482  time_per_window : 0.000253   progress : 0.874
name: models.architecture.block_type=cls
training.mode=rollout
models.out_dim=10
models.architecture.n_encoder_layers=1
models.architecture.n_decoder_layers=1
seed=4    avg_loss: 0.000000928574  time_per_window : 0.000261   progress : 0.885
name: models.architecture.block_type=cls
training.mode=rollout
models.out_dim=10
models.architecture.n_encoder_layers=1
models.architecture.n_decoder_layers=1
seed=4    avg_loss: 0.000000871092  time_per_window : 0.000252   progress : 0.896
name: models.architecture.block_type=cls
training.mode=rollout
models.out_dim=10
models.architecture.n_encoder_layers=1
models.architecture.n_decoder_layers=1
seed=4    avg_loss: 0.000001031424  time_per_window : 0.000307   progress : 0.907
name: models.architecture.block_type=cls
training.mode=rollout
models.out_dim=10
models.architecture.n_encoder_layers=1
models.architecture.n_decoder_layers=1
seed=4    avg_loss: 0.000000996232  time_per_window : 0.000253   progress : 0.917
name: models.architecture.block_type=cls
training.mode=rollout
models.out_dim=10
models.architecture.n_encoder_layers=1
models.architecture.n_decoder_layers=1
seed=4    avg_loss: 0.000000946314  time_per_window : 0.000250   progress : 0.928
name: models.architecture.block_type=cls
training.mode=rollout
models.out_dim=10
models.architecture.n_encoder_layers=1
models.architecture.n_decoder_layers=1
seed=4    avg_loss: 0.000000938733  time_per_window : 0.000259   progress : 0.939
name: models.architecture.block_type=cls
training.mode=rollout
models.out_dim=10
models.architecture.n_encoder_layers=1
models.architecture.n_decoder_layers=1
seed=4    avg_loss: 0.000001299397  time_per_window : 0.000264   progress : 0.950
name: models.architecture.block_type=cls
training.mode=rollout
models.out_dim=10
models.architecture.n_encoder_layers=1
models.architecture.n_decoder_layers=1
seed=4    avg_loss: 0.000000640483  time_per_window : 0.000271   progress : 0.961
name: models.architecture.block_type=cls
training.mode=rollout
models.out_dim=10
models.architecture.n_encoder_layers=1
models.architecture.n_decoder_layers=1
seed=4    avg_loss: 0.000000747230  time_per_window : 0.000280   progress : 0.972
name: models.architecture.block_type=cls
training.mode=rollout
models.out_dim=10
models.architecture.n_encoder_layers=1
models.architecture.n_decoder_layers=1
seed=4    avg_loss: 0.000000968710  time_per_window : 0.000291   progress : 0.983
name: models.architecture.block_type=cls
training.mode=rollout
models.out_dim=10
models.architecture.n_encoder_layers=1
models.architecture.n_decoder_layers=1
seed=4    avg_loss: 0.000000829797  time_per_window : 0.000306   progress : 0.994
name: models.architecture.block_type=cls
training.mode=rollout
models.out_dim=10
models.architecture.n_encoder_layers=1
models.architecture.n_decoder_layers=1
seed=4    avg_loss: 0.000495947199  time_per_window : 0.000269   progress : 0.011
name: models.architecture.block_type=cls
training.mode=rollout
models.out_dim=10
models.architecture.n_encoder_layers=1
models.architecture.n_decoder_layers=1
seed=4    avg_loss: 0.000000481417  time_per_window : 0.000306   progress : 0.022
name: models.architecture.block_type=cls
training.mode=rollout
models.out_dim=10
models.architecture.n_encoder_layers=1
models.architecture.n_decoder_layers=1
seed=4    avg_loss: 0.000000508058  time_per_window : 0.000305   progress : 0.033
name: models.architecture.block_type=cls
training.mode=rollout
models.out_dim=10
models.architecture.n_encoder_layers=1
models.architecture.n_decoder_layers=1
seed=4    avg_loss: 0.000000493293  time_per_window : 0.000259   progress : 0.044
name: models.architecture.block_type=cls
training.mode=rollout
models.out_dim=10
models.architecture.n_encoder_layers=1
models.architecture.n_decoder_layers=1
seed=4    avg_loss: 0.000000477048  time_per_window : 0.000285   progress : 0.055
name: models.architecture.block_type=cls
training.mode=rollout
models.out_dim=10
models.architecture.n_encoder_layers=1
models.architecture.n_decoder_layers=1
seed=4    avg_loss: 0.000000442693  time_per_window : 0.000308   progress : 0.066
name: models.architecture.block_type=cls
training.mode=rollout
models.out_dim=10
models.architecture.n_encoder_layers=1
models.architecture.n_decoder_layers=1
seed=4    avg_loss: 0.000000455346  time_per_window : 0.000263   progress : 0.076
name: models.architecture.block_type=cls
training.mode=rollout
models.out_dim=10
models.architecture.n_encoder_layers=1
models.architecture.n_decoder_layers=1
seed=4    avg_loss: 0.000000438736  time_per_window : 0.000295   progress : 0.087
name: models.architecture.block_type=cls
training.mode=rollout
models.out_dim=10
models.architecture.n_encoder_layers=1
models.architecture.n_decoder_layers=1
seed=4    avg_loss: 0.000000437963  time_per_window : 0.000280   progress : 0.098
name: models.architecture.block_type=cls
training.mode=rollout
models.out_dim=10
models.architecture.n_encoder_layers=1
models.architecture.n_decoder_layers=1
seed=4    avg_loss: 0.000000467274  time_per_window : 0.000280   progress : 0.109
name: models.architecture.block_type=cls
training.mode=rollout
models.out_dim=10
models.architecture.n_encoder_layers=1
models.architecture.n_decoder_layers=1
seed=4    avg_loss: 0.000000446487  time_per_window : 0.000265   progress : 0.120
name: models.architecture.block_type=cls
training.mode=rollout
models.out_dim=10
models.architecture.n_encoder_layers=1
models.architecture.n_decoder_layers=1
seed=4    avg_loss: 0.000000491022  time_per_window : 0.000254   progress : 0.131
name: models.architecture.block_type=cls
training.mode=rollout
models.out_dim=10
models.architecture.n_encoder_layers=1
models.architecture.n_decoder_layers=1
seed=4    avg_loss: 0.000000527071  time_per_window : 0.000252   progress : 0.142
name: models.architecture.block_type=cls
training.mode=rollout
models.out_dim=10
models.architecture.n_encoder_layers=1
models.architecture.n_decoder_layers=1
seed=4    avg_loss: 0.000000740388  time_per_window : 0.000264   progress : 0.153
name: models.architecture.block_type=cls
training.mode=rollout
models.out_dim=10
models.architecture.n_encoder_layers=1
models.architecture.n_decoder_layers=1
seed=4    avg_loss: 0.000001693320  time_per_window : 0.000312   progress : 0.164
name: models.architecture.block_type=cls
training.mode=rollout
models.out_dim=10
models.architecture.n_encoder_layers=1
models.architecture.n_decoder_layers=1
seed=4    avg_loss: 0.000000576506  time_per_window : 0.000276   progress : 0.175
name: models.architecture.block_type=cls
training.mode=rollout
models.out_dim=10
models.architecture.n_encoder_layers=1
models.architecture.n_decoder_layers=1
seed=4    avg_loss: 0.000001286980  time_per_window : 0.000257   progress : 0.186
name: models.architecture.block_type=cls
training.mode=rollout
models.out_dim=10
models.architecture.n_encoder_layers=1
models.architecture.n_decoder_layers=1
seed=4    avg_loss: 0.000001424792  time_per_window : 0.000263   progress : 0.197
name: models.architecture.block_type=cls
training.mode=rollout
models.out_dim=10
models.architecture.n_encoder_layers=1
models.architecture.n_decoder_layers=1
seed=4    avg_loss: 0.000000982771  time_per_window : 0.000369   progress : 0.208
name: models.architecture.block_type=cls
training.mode=rollout
models.out_dim=10
models.architecture.n_encoder_layers=1
models.architecture.n_decoder_layers=1
seed=4    avg_loss: 0.000000861226  time_per_window : 0.000267   progress : 0.218
name: models.architecture.block_type=cls
training.mode=rollout
models.out_dim=10
models.architecture.n_encoder_layers=1
models.architecture.n_decoder_layers=1
seed=4    avg_loss: 0.000003700095  time_per_window : 0.000259   progress : 0.229
name: models.architecture.block_type=cls
training.mode=rollout
models.out_dim=10
models.architecture.n_encoder_layers=1
models.architecture.n_decoder_layers=1
seed=4    avg_loss: 0.000000801181  time_per_window : 0.000265   progress : 0.240
name: models.architecture.block_type=cls
training.mode=rollout
models.out_dim=10
models.architecture.n_encoder_layers=1
models.architecture.n_decoder_layers=1
seed=2    avg_loss: 0.000000823128  time_per_window : 0.000259   progress : 0.874
name: models.architecture.block_type=cls
training.mode=rollout
models.out_dim=10
models.architecture.n_encoder_layers=1
models.architecture.n_decoder_layers=1
seed=2    avg_loss: 0.000000966212  time_per_window : 0.000248   progress : 0.885
name: models.architecture.block_type=cls
training.mode=rollout
models.out_dim=10
models.architecture.n_encoder_layers=1
models.architecture.n_decoder_layers=1
seed=2    avg_loss: 0.000000692600  time_per_window : 0.000254   progress : 0.896
name: models.architecture.block_type=cls
training.mode=rollout
models.out_dim=10
models.architecture.n_encoder_layers=1
models.architecture.n_decoder_layers=1
seed=2    avg_loss: 0.000000961906  time_per_window : 0.000259   progress : 0.907
name: models.architecture.block_type=cls
training.mode=rollout
models.out_dim=10
models.architecture.n_encoder_layers=1
models.architecture.n_decoder_layers=1
seed=2    avg_loss: 0.000000860074  time_per_window : 0.000276   progress : 0.917
name: models.architecture.block_type=cls
training.mode=rollout
models.out_dim=10
models.architecture.n_encoder_layers=1
models.architecture.n_decoder_layers=1
seed=2    avg_loss: 0.000000830554  time_per_window : 0.000280   progress : 0.928
name: models.architecture.block_type=cls
training.mode=rollout
models.out_dim=10
models.architecture.n_encoder_layers=1
models.architecture.n_decoder_layers=1
seed=2    avg_loss: 0.000001213003  time_per_window : 0.000271   progress : 0.939
name: models.architecture.block_type=cls
training.mode=rollout
models.out_dim=10
models.architecture.n_encoder_layers=1
models.architecture.n_decoder_layers=1
seed=2    avg_loss: 0.000000527834  time_per_window : 0.000282   progress : 0.950
name: models.architecture.block_type=cls
training.mode=rollout
models.out_dim=10
models.architecture.n_encoder_layers=1
models.architecture.n_decoder_layers=1
seed=2    avg_loss: 0.000000644184  time_per_window : 0.000265   progress : 0.961
name: models.architecture.block_type=cls
training.mode=rollout
models.out_dim=10
models.architecture.n_encoder_layers=1
models.architecture.n_decoder_layers=1
seed=2    avg_loss: 0.000000800854  time_per_window : 0.000254   progress : 0.972
name: models.architecture.block_type=cls
training.mode=rollout
models.out_dim=10
models.architecture.n_encoder_layers=1
models.architecture.n_decoder_layers=1
seed=2    avg_loss: 0.000000767591  time_per_window : 0.000298   progress : 0.983
name: models.architecture.block_type=cls
training.mode=rollout
models.out_dim=10
models.architecture.n_encoder_layers=1
models.architecture.n_decoder_layers=1
seed=2    avg_loss: 0.000000715128  time_per_window : 0.000286   progress : 0.994
name: models.architecture.block_type=cls
training.mode=rollout
models.out_dim=10
models.architecture.n_encoder_layers=1
models.architecture.n_decoder_layers=1
seed=2    avg_loss: 0.000565601978  time_per_window : 0.000265   progress : 0.011
name: models.architecture.block_type=cls
training.mode=rollout
models.out_dim=10
models.architecture.n_encoder_layers=1
models.architecture.n_decoder_layers=1
seed=2    avg_loss: 0.000000389270  time_per_window : 0.000313   progress : 0.022
name: models.architecture.block_type=cls
training.mode=rollout
models.out_dim=10
models.architecture.n_encoder_layers=1
models.architecture.n_decoder_layers=1
seed=2    avg_loss: 0.000000392369  time_per_window : 0.000298   progress : 0.033
name: models.architecture.block_type=cls
training.mode=rollout
models.out_dim=10
models.architecture.n_encoder_layers=1
models.architecture.n_decoder_layers=1
seed=2    avg_loss: 0.000000355870  time_per_window : 0.000261   progress : 0.044
name: models.architecture.block_type=cls
training.mode=rollout
models.out_dim=10
models.architecture.n_encoder_layers=1
models.architecture.n_decoder_layers=1
seed=2    avg_loss: 0.000000336385  time_per_window : 0.000319   progress : 0.055
name: models.architecture.block_type=cls
training.mode=rollout
models.out_dim=10
models.architecture.n_encoder_layers=1
models.architecture.n_decoder_layers=1
seed=2    avg_loss: 0.000000312477  time_per_window : 0.000282   progress : 0.066
name: models.architecture.block_type=cls
training.mode=rollout
models.out_dim=10
models.architecture.n_encoder_layers=1
models.architecture.n_decoder_layers=1
seed=2    avg_loss: 0.000000309805  time_per_window : 0.000255   progress : 0.076
name: models.architecture.block_type=cls
training.mode=rollout
models.out_dim=10
models.architecture.n_encoder_layers=1
models.architecture.n_decoder_layers=1
seed=2    avg_loss: 0.000000289822  time_per_window : 0.000307   progress : 0.087
name: models.architecture.block_type=cls
training.mode=rollout
models.out_dim=10
models.architecture.n_encoder_layers=1
models.architecture.n_decoder_layers=1
seed=2    avg_loss: 0.000000322126  time_per_window : 0.000286   progress : 0.098
name: models.architecture.block_type=cls
training.mode=rollout
models.out_dim=10
models.architecture.n_encoder_layers=1
models.architecture.n_decoder_layers=1
seed=2    avg_loss: 0.000000302383  time_per_window : 0.000289   progress : 0.109
name: models.architecture.block_type=cls
training.mode=rollout
models.out_dim=10
models.architecture.n_encoder_layers=1
models.architecture.n_decoder_layers=1
seed=2    avg_loss: 0.000000292312  time_per_window : 0.000268   progress : 0.120
name: models.architecture.block_type=cls
training.mode=rollout
models.out_dim=10
models.architecture.n_encoder_layers=1
models.architecture.n_decoder_layers=1
seed=2    avg_loss: 0.000000305978  time_per_window : 0.000267   progress : 0.131
name: models.architecture.block_type=cls
training.mode=rollout
models.out_dim=10
models.architecture.n_encoder_layers=1
models.architecture.n_decoder_layers=1
seed=2    avg_loss: 0.000000304565  time_per_window : 0.000242   progress : 0.142
name: models.architecture.block_type=cls
training.mode=rollout
models.out_dim=10
models.architecture.n_encoder_layers=1
models.architecture.n_decoder_layers=1
seed=2    avg_loss: 0.000000309637  time_per_window : 0.000293   progress : 0.153
name: models.architecture.block_type=cls
training.mode=rollout
models.out_dim=10
models.architecture.n_encoder_layers=1
models.architecture.n_decoder_layers=1
seed=2    avg_loss: 0.000000269118  time_per_window : 0.000293   progress : 0.164
name: models.architecture.block_type=cls
training.mode=rollout
models.out_dim=10
models.architecture.n_encoder_layers=1
models.architecture.n_decoder_layers=1
seed=2    avg_loss: 0.000000309277  time_per_window : 0.000281   progress : 0.175
name: models.architecture.block_type=cls
training.mode=rollout
models.out_dim=10
models.architecture.n_encoder_layers=1
models.architecture.n_decoder_layers=1
seed=2    avg_loss: 0.000000349419  time_per_window : 0.000287   progress : 0.186
name: models.architecture.block_type=cls
training.mode=rollout
models.out_dim=10
models.architecture.n_encoder_layers=1
models.architecture.n_decoder_layers=1
seed=2    avg_loss: 0.000000344983  time_per_window : 0.000308   progress : 0.197
name: models.architecture.block_type=cls
training.mode=rollout
models.out_dim=10
models.architecture.n_encoder_layers=1
models.architecture.n_decoder_layers=1
seed=2    avg_loss: 0.000000401821  time_per_window : 0.000283   progress : 0.208
name: models.architecture.block_type=cls
training.mode=rollout
models.out_dim=10
models.architecture.n_encoder_layers=1
models.architecture.n_decoder_layers=1
seed=2    avg_loss: 0.000000585895  time_per_window : 0.000345   progress : 0.218
name: models.architecture.block_type=cls
training.mode=rollout
models.out_dim=10
models.architecture.n_encoder_layers=1
models.architecture.n_decoder_layers=1
seed=2    avg_loss: 0.000000657080  time_per_window : 0.000308   progress : 0.229
name: models.architecture.block_type=cls
training.mode=rollout
models.out_dim=10
models.architecture.n_encoder_layers=1
models.architecture.n_decoder_layers=1
seed=2    avg_loss: 0.000001376482  time_per_window : 0.000262   progress : 0.240
name: models.architecture.block_type=cls
training.mode=rollout
models.out_dim=10
models.architecture.n_encoder_layers=1
models.architecture.n_decoder_layers=1
seed=3    avg_loss: 0.000000713588  time_per_window : 0.000262   progress : 0.874
name: models.architecture.block_type=cls
training.mode=rollout
models.out_dim=10
models.architecture.n_encoder_layers=1
models.architecture.n_decoder_layers=1
seed=3    avg_loss: 0.000000789627  time_per_window : 0.000246   progress : 0.885
name: models.architecture.block_type=cls
training.mode=rollout
models.out_dim=10
models.architecture.n_encoder_layers=1
models.architecture.n_decoder_layers=1
seed=3    avg_loss: 0.000000834037  time_per_window : 0.000324   progress : 0.896
name: models.architecture.block_type=cls
training.mode=rollout
models.out_dim=10
models.architecture.n_encoder_layers=1
models.architecture.n_decoder_layers=1
seed=3    avg_loss: 0.000000756948  time_per_window : 0.000289   progress : 0.907
name: models.architecture.block_type=cls
training.mode=rollout
models.out_dim=10
models.architecture.n_encoder_layers=1
models.architecture.n_decoder_layers=1
seed=3    avg_loss: 0.000003503410  time_per_window : 0.000258   progress : 0.917
name: models.architecture.block_type=cls
training.mode=rollout
models.out_dim=10
models.architecture.n_encoder_layers=1
models.architecture.n_decoder_layers=1
seed=3    avg_loss: 0.000000313709  time_per_window : 0.000283   progress : 0.928
name: models.architecture.block_type=cls
training.mode=rollout
models.out_dim=10
models.architecture.n_encoder_layers=1
models.architecture.n_decoder_layers=1
seed=3    avg_loss: 0.000000252651  time_per_window : 0.000279   progress : 0.939
name: models.architecture.block_type=cls
training.mode=rollout
models.out_dim=10
models.architecture.n_encoder_layers=1
models.architecture.n_decoder_layers=1
seed=3    avg_loss: 0.000000300542  time_per_window : 0.000303   progress : 0.950
name: models.architecture.block_type=cls
training.mode=rollout
models.out_dim=10
models.architecture.n_encoder_layers=1
models.architecture.n_decoder_layers=1
seed=3    avg_loss: 0.000000507646  time_per_window : 0.000254   progress : 0.961
name: models.architecture.block_type=cls
training.mode=rollout
models.out_dim=10
models.architecture.n_encoder_layers=1
models.architecture.n_decoder_layers=1
seed=3    avg_loss: 0.000000533783  time_per_window : 0.000250   progress : 0.972
name: models.architecture.block_type=cls
training.mode=rollout
models.out_dim=10
models.architecture.n_encoder_layers=1
models.architecture.n_decoder_layers=1
seed=3    avg_loss: 0.000000647819  time_per_window : 0.000236   progress : 0.983
name: models.architecture.block_type=cls
training.mode=rollout
models.out_dim=10
models.architecture.n_encoder_layers=1
models.architecture.n_decoder_layers=1
seed=3    avg_loss: 0.000000679445  time_per_window : 0.000304   progress : 0.994
name: models.architecture.block_type=cls
training.mode=rollout
models.out_dim=10
models.architecture.n_encoder_layers=1
models.architecture.n_decoder_layers=1
seed=3    avg_loss: 0.000370218797  time_per_window : 0.000252   progress : 0.011
name: models.architecture.block_type=cls
training.mode=rollout
models.out_dim=10
models.architecture.n_encoder_layers=1
models.architecture.n_decoder_layers=1
seed=3    avg_loss: 0.000000339093  time_per_window : 0.000255   progress : 0.022
name: models.architecture.block_type=cls
training.mode=rollout
models.out_dim=10
models.architecture.n_encoder_layers=1
models.architecture.n_decoder_layers=1
seed=3    avg_loss: 0.000000340058  time_per_window : 0.000279   progress : 0.033
name: models.architecture.block_type=cls
training.mode=rollout
models.out_dim=10
models.architecture.n_encoder_layers=1
models.architecture.n_decoder_layers=1
seed=3    avg_loss: 0.000000314263  time_per_window : 0.000289   progress : 0.044
name: models.architecture.block_type=cls
training.mode=rollout
models.out_dim=10
models.architecture.n_encoder_layers=1
models.architecture.n_decoder_layers=1
seed=3    avg_loss: 0.000000313288  time_per_window : 0.000264   progress : 0.055
name: models.architecture.block_type=cls
training.mode=rollout
models.out_dim=10
models.architecture.n_encoder_layers=1
models.architecture.n_decoder_layers=1
seed=3    avg_loss: 0.000000292370  time_per_window : 0.000237   progress : 0.066
name: models.architecture.block_type=cls
training.mode=rollout
models.out_dim=10
models.architecture.n_encoder_layers=1
models.architecture.n_decoder_layers=1
seed=3    avg_loss: 0.000000312325  time_per_window : 0.000261   progress : 0.076
name: models.architecture.block_type=cls
training.mode=rollout
models.out_dim=10
models.architecture.n_encoder_layers=1
models.architecture.n_decoder_layers=1
seed=3    avg_loss: 0.000000276259  time_per_window : 0.000275   progress : 0.087
name: models.architecture.block_type=cls
training.mode=rollout
models.out_dim=10
models.architecture.n_encoder_layers=1
models.architecture.n_decoder_layers=1
seed=3    avg_loss: 0.000000372833  time_per_window : 0.000251   progress : 0.098
name: models.architecture.block_type=cls
training.mode=rollout
models.out_dim=10
models.architecture.n_encoder_layers=1
models.architecture.n_decoder_layers=1
seed=3    avg_loss: 0.000000374190  time_per_window : 0.000264   progress : 0.109
name: models.architecture.block_type=cls
training.mode=rollout
models.out_dim=10
models.architecture.n_encoder_layers=1
models.architecture.n_decoder_layers=1
seed=3    avg_loss: 0.000000553852  time_per_window : 0.000302   progress : 0.120
name: models.architecture.block_type=cls
training.mode=rollout
models.out_dim=10
models.architecture.n_encoder_layers=1
models.architecture.n_decoder_layers=1
seed=3    avg_loss: 0.000000458032  time_per_window : 0.000278   progress : 0.131
name: models.architecture.block_type=cls
training.mode=rollout
models.out_dim=10
models.architecture.n_encoder_layers=1
models.architecture.n_decoder_layers=1
seed=3    avg_loss: 0.000000812440  time_per_window : 0.000259   progress : 0.142
name: models.architecture.block_type=cls
training.mode=rollout
models.out_dim=10
models.architecture.n_encoder_layers=1
models.architecture.n_decoder_layers=1
seed=3    avg_loss: 0.000000743594  time_per_window : 0.000281   progress : 0.153
name: models.architecture.block_type=cls
training.mode=rollout
models.out_dim=10
models.architecture.n_encoder_layers=1
models.architecture.n_decoder_layers=1
seed=3    avg_loss: 0.000000679929  time_per_window : 0.000258   progress : 0.164
name: models.architecture.block_type=cls
training.mode=rollout
models.out_dim=10
models.architecture.n_encoder_layers=1
models.architecture.n_decoder_layers=1
seed=3    avg_loss: 0.000001045302  time_per_window : 0.000338   progress : 0.175
name: models.architecture.block_type=cls
training.mode=rollout
models.out_dim=10
models.architecture.n_encoder_layers=1
models.architecture.n_decoder_layers=1
seed=3    avg_loss: 0.000000737587  time_per_window : 0.000254   progress : 0.186
name: models.architecture.block_type=cls
training.mode=rollout
models.out_dim=10
models.architecture.n_encoder_layers=1
models.architecture.n_decoder_layers=1
seed=3    avg_loss: 0.000001321040  time_per_window : 0.000252   progress : 0.197
name: models.architecture.block_type=cls
training.mode=rollout
models.out_dim=10
models.architecture.n_encoder_layers=1
models.architecture.n_decoder_layers=1
seed=3    avg_loss: 0.000001579153  time_per_window : 0.000281   progress : 0.208
name: models.architecture.block_type=cls
training.mode=rollout
models.out_dim=10
models.architecture.n_encoder_layers=1
models.architecture.n_decoder_layers=1
seed=3    avg_loss: 0.000000935687  time_per_window : 0.000266   progress : 0.218
name: models.architecture.block_type=cls
training.mode=rollout
models.out_dim=10
models.architecture.n_encoder_layers=1
models.architecture.n_decoder_layers=1
seed=3    avg_loss: 0.000001698467  time_per_window : 0.000268   progress : 0.229
name: models.architecture.block_type=cls
training.mode=rollout
models.out_dim=10
models.architecture.n_encoder_layers=1
models.architecture.n_decoder_layers=1
seed=3    avg_loss: 0.000001176343  time_per_window : 0.000264   progress : 0.240
name: models.architecture.block_type=cls
training.mode=rollout
models.out_dim=10
models.architecture.n_encoder_layers=1
models.architecture.n_decoder_layers=1
seed=1    avg_loss: 0.000000891355  time_per_window : 0.000251   progress : 0.874
name: models.architecture.block_type=cls
training.mode=rollout
models.out_dim=10
models.architecture.n_encoder_layers=1
models.architecture.n_decoder_layers=1
seed=1    avg_loss: 0.000000892975  time_per_window : 0.000346   progress : 0.885
name: models.architecture.block_type=cls
training.mode=rollout
models.out_dim=10
models.architecture.n_encoder_layers=1
models.architecture.n_decoder_layers=1
seed=1    avg_loss: 0.000001216115  time_per_window : 0.000252   progress : 0.896
name: models.architecture.block_type=cls
training.mode=rollout
models.out_dim=10
models.architecture.n_encoder_layers=1
models.architecture.n_decoder_layers=1
seed=1    avg_loss: 0.000001029346  time_per_window : 0.000308   progress : 0.907
name: models.architecture.block_type=cls
training.mode=rollout
models.out_dim=10
models.architecture.n_encoder_layers=1
models.architecture.n_decoder_layers=1
seed=1    avg_loss: 0.000000773342  time_per_window : 0.000259   progress : 0.917
name: models.architecture.block_type=cls
training.mode=rollout
models.out_dim=10
models.architecture.n_encoder_layers=1
models.architecture.n_decoder_layers=1
seed=1    avg_loss: 0.000000785985  time_per_window : 0.000285   progress : 0.928
name: models.architecture.block_type=cls
training.mode=rollout
models.out_dim=10
models.architecture.n_encoder_layers=1
models.architecture.n_decoder_layers=1
seed=1    avg_loss: 0.000001184998  time_per_window : 0.000281   progress : 0.939
name: models.architecture.block_type=cls
training.mode=rollout
models.out_dim=10
models.architecture.n_encoder_layers=1
models.architecture.n_decoder_layers=1
seed=1    avg_loss: 0.000000720453  time_per_window : 0.000311   progress : 0.950
name: models.architecture.block_type=cls
training.mode=rollout
models.out_dim=10
models.architecture.n_encoder_layers=1
models.architecture.n_decoder_layers=1
seed=1    avg_loss: 0.000000933899  time_per_window : 0.000260   progress : 0.961
name: models.architecture.block_type=cls
training.mode=rollout
models.out_dim=10
models.architecture.n_encoder_layers=1
models.architecture.n_decoder_layers=1
seed=1    avg_loss: 0.000000832200  time_per_window : 0.000249   progress : 0.972
name: models.architecture.block_type=cls
training.mode=rollout
models.out_dim=10
models.architecture.n_encoder_layers=1
models.architecture.n_decoder_layers=1
seed=1    avg_loss: 0.000001054276  time_per_window : 0.000295   progress : 0.983
name: models.architecture.block_type=cls
training.mode=rollout
models.out_dim=10
models.architecture.n_encoder_layers=1
models.architecture.n_decoder_layers=1
seed=1    avg_loss: 0.000000691049  time_per_window : 0.000251   progress : 0.994
name: models.architecture.block_type=cls
training.mode=rollout
models.out_dim=10
models.architecture.n_encoder_layers=1
models.architecture.n_decoder_layers=1
seed=1    avg_loss: 0.000533035665  time_per_window : 0.000297   progress : 0.011
name: models.architecture.block_type=cls
training.mode=rollout
models.out_dim=10
models.architecture.n_encoder_layers=1
models.architecture.n_decoder_layers=1
seed=1    avg_loss: 0.000000419527  time_per_window : 0.000280   progress : 0.022
name: models.architecture.block_type=cls
training.mode=rollout
models.out_dim=10
models.architecture.n_encoder_layers=1
models.architecture.n_decoder_layers=1
seed=1    avg_loss: 0.000000402888  time_per_window : 0.000250   progress : 0.033
name: models.architecture.block_type=cls
training.mode=rollout
models.out_dim=10
models.architecture.n_encoder_layers=1
models.architecture.n_decoder_layers=1
seed=1    avg_loss: 0.000000393765  time_per_window : 0.000295   progress : 0.044
name: models.architecture.block_type=cls
training.mode=rollout
models.out_dim=10
models.architecture.n_encoder_layers=1
models.architecture.n_decoder_layers=1
seed=1    avg_loss: 0.000000362850  time_per_window : 0.000258   progress : 0.055
name: models.architecture.block_type=cls
training.mode=rollout
models.out_dim=10
models.architecture.n_encoder_layers=1
models.architecture.n_decoder_layers=1
seed=1    avg_loss: 0.000000346689  time_per_window : 0.000252   progress : 0.066
name: models.architecture.block_type=cls
training.mode=rollout
models.out_dim=10
models.architecture.n_encoder_layers=1
models.architecture.n_decoder_layers=1
seed=1    avg_loss: 0.000000337933  time_per_window : 0.000273   progress : 0.076
name: models.architecture.block_type=cls
training.mode=rollout
models.out_dim=10
models.architecture.n_encoder_layers=1
models.architecture.n_decoder_layers=1
seed=1    avg_loss: 0.000000347715  time_per_window : 0.000307   progress : 0.087
name: models.architecture.block_type=cls
training.mode=rollout
models.out_dim=10
models.architecture.n_encoder_layers=1
models.architecture.n_decoder_layers=1
seed=1    avg_loss: 0.000000327796  time_per_window : 0.000287   progress : 0.098
name: models.architecture.block_type=cls
training.mode=rollout
models.out_dim=10
models.architecture.n_encoder_layers=1
models.architecture.n_decoder_layers=1
seed=1    avg_loss: 0.000000326551  time_per_window : 0.000309   progress : 0.109
name: models.architecture.block_type=cls
training.mode=rollout
models.out_dim=10
models.architecture.n_encoder_layers=1
models.architecture.n_decoder_layers=1
seed=1    avg_loss: 0.000000326235  time_per_window : 0.000284   progress : 0.120
name: models.architecture.block_type=cls
training.mode=rollout
models.out_dim=10
models.architecture.n_encoder_layers=1
models.architecture.n_decoder_layers=1
seed=1    avg_loss: 0.000000344892  time_per_window : 0.000264   progress : 0.131
name: models.architecture.block_type=cls
training.mode=rollout
models.out_dim=10
models.architecture.n_encoder_layers=1
models.architecture.n_decoder_layers=1
seed=1    avg_loss: 0.000000344035  time_per_window : 0.000329   progress : 0.142
name: models.architecture.block_type=cls
training.mode=rollout
models.out_dim=10
models.architecture.n_encoder_layers=1
models.architecture.n_decoder_layers=1
seed=1    avg_loss: 0.000000372705  time_per_window : 0.000283   progress : 0.153
name: models.architecture.block_type=cls
training.mode=rollout
models.out_dim=10
models.architecture.n_encoder_layers=1
models.architecture.n_decoder_layers=1
seed=1    avg_loss: 0.000000468224  time_per_window : 0.000300   progress : 0.164
name: models.architecture.block_type=cls
training.mode=rollout
models.out_dim=10
models.architecture.n_encoder_layers=1
models.architecture.n_decoder_layers=1
seed=1    avg_loss: 0.000000764148  time_per_window : 0.000260   progress : 0.175
name: models.architecture.block_type=cls
training.mode=rollout
models.out_dim=10
models.architecture.n_encoder_layers=1
models.architecture.n_decoder_layers=1
seed=1    avg_loss: 0.000000853623  time_per_window : 0.000274   progress : 0.186
name: models.architecture.block_type=cls
training.mode=rollout
models.out_dim=10
models.architecture.n_encoder_layers=1
models.architecture.n_decoder_layers=1
seed=1    avg_loss: 0.000000577530  time_per_window : 0.000274   progress : 0.197
name: models.architecture.block_type=cls
training.mode=rollout
models.out_dim=10
models.architecture.n_encoder_layers=1
models.architecture.n_decoder_layers=1
seed=1    avg_loss: 0.000001890617  time_per_window : 0.000261   progress : 0.208
name: models.architecture.block_type=cls
training.mode=rollout
models.out_dim=10
models.architecture.n_encoder_layers=1
models.architecture.n_decoder_layers=1
seed=1    avg_loss: 0.000000738353  time_per_window : 0.000265   progress : 0.218
name: models.architecture.block_type=cls
training.mode=rollout
models.out_dim=10
models.architecture.n_encoder_layers=1
models.architecture.n_decoder_layers=1
seed=1    avg_loss: 0.000002577072  time_per_window : 0.000304   progress : 0.229
name: models.architecture.block_type=cls
training.mode=rollout
models.out_dim=10
models.architecture.n_encoder_layers=1
models.architecture.n_decoder_layers=1
seed=1    avg_loss: 0.000000635069  time_per_window : 0.000246   progress : 0.240
name: models.architecture.block_type=cls
training.mode=rollout
models.out_dim=10
models.architecture.n_encoder_layers=1
models.architecture.n_decoder_layers=1
seed=0    avg_loss: 0.000000980210  time_per_window : 0.000307   progress : 0.874
name: models.architecture.block_type=cls
training.mode=rollout
models.out_dim=10
models.architecture.n_encoder_layers=1
models.architecture.n_decoder_layers=1
seed=0    avg_loss: 0.000001101475  time_per_window : 0.000249   progress : 0.885
name: models.architecture.block_type=cls
training.mode=rollout
models.out_dim=10
models.architecture.n_encoder_layers=1
models.architecture.n_decoder_layers=1
seed=0    avg_loss: 0.000000873628  time_per_window : 0.000245   progress : 0.896
name: models.architecture.block_type=cls
training.mode=rollout
models.out_dim=10
models.architecture.n_encoder_layers=1
models.architecture.n_decoder_layers=1
seed=0    avg_loss: 0.000001125196  time_per_window : 0.000253   progress : 0.907
name: models.architecture.block_type=cls
training.mode=rollout
models.out_dim=10
models.architecture.n_encoder_layers=1
models.architecture.n_decoder_layers=1
seed=0    avg_loss: 0.000000925247  time_per_window : 0.000262   progress : 0.917
name: models.architecture.block_type=cls
training.mode=rollout
models.out_dim=10
models.architecture.n_encoder_layers=1
models.architecture.n_decoder_layers=1
seed=0    avg_loss: 0.000000994823  time_per_window : 0.000300   progress : 0.928
name: models.architecture.block_type=cls
training.mode=rollout
models.out_dim=10
models.architecture.n_encoder_layers=1
models.architecture.n_decoder_layers=1
seed=0    avg_loss: 0.000000834825  time_per_window : 0.000256   progress : 0.939
name: models.architecture.block_type=cls
training.mode=rollout
models.out_dim=10
models.architecture.n_encoder_layers=1
models.architecture.n_decoder_layers=1
seed=0    avg_loss: 0.000001106722  time_per_window : 0.000244   progress : 0.950
name: models.architecture.block_type=cls
training.mode=rollout
models.out_dim=10
models.architecture.n_encoder_layers=1
models.architecture.n_decoder_layers=1
seed=0    avg_loss: 0.000000822697  time_per_window : 0.000266   progress : 0.961
name: models.architecture.block_type=cls
training.mode=rollout
models.out_dim=10
models.architecture.n_encoder_layers=1
models.architecture.n_decoder_layers=1
seed=0    avg_loss: 0.000000961229  time_per_window : 0.000255   progress : 0.972
name: models.architecture.block_type=cls
training.mode=rollout
models.out_dim=10
models.architecture.n_encoder_layers=1
models.architecture.n_decoder_layers=1
seed=0    avg_loss: 0.000000868532  time_per_window : 0.000291   progress : 0.983
name: models.architecture.block_type=cls
training.mode=rollout
models.out_dim=10
models.architecture.n_encoder_layers=1
models.architecture.n_decoder_layers=1
seed=0    avg_loss: 0.000000812438  time_per_window : 0.000250   progress : 0.994
name: models.architecture.block_type=cls
training.mode=rollout
models.out_dim=10
models.architecture.n_encoder_layers=1
models.architecture.n_decoder_layers=1
seed=0    avg_loss: 0.000684819533  time_per_window : 0.000293   progress : 0.011
name: models.architecture.block_type=cls
training.mode=rollout
models.out_dim=10
models.architecture.n_encoder_layers=1
models.architecture.n_decoder_layers=1
seed=0    avg_loss: 0.000000447956  time_per_window : 0.000272   progress : 0.022
name: models.architecture.block_type=cls
training.mode=rollout
models.out_dim=10
models.architecture.n_encoder_layers=1
models.architecture.n_decoder_layers=1
seed=0    avg_loss: 0.000000435567  time_per_window : 0.000277   progress : 0.033
name: models.architecture.block_type=cls
training.mode=rollout
models.out_dim=10
models.architecture.n_encoder_layers=1
models.architecture.n_decoder_layers=1
seed=0    avg_loss: 0.000000424518  time_per_window : 0.000248   progress : 0.044
name: models.architecture.block_type=cls
training.mode=rollout
models.out_dim=10
models.architecture.n_encoder_layers=1
models.architecture.n_decoder_layers=1
seed=0    avg_loss: 0.000000416221  time_per_window : 0.000334   progress : 0.055
name: models.architecture.block_type=cls
training.mode=rollout
models.out_dim=10
models.architecture.n_encoder_layers=1
models.architecture.n_decoder_layers=1
seed=0    avg_loss: 0.000000386626  time_per_window : 0.000297   progress : 0.066
name: models.architecture.block_type=cls
training.mode=rollout
models.out_dim=10
models.architecture.n_encoder_layers=1
models.architecture.n_decoder_layers=1
seed=0    avg_loss: 0.000000381398  time_per_window : 0.000282   progress : 0.076
name: models.architecture.block_type=cls
training.mode=rollout
models.out_dim=10
models.architecture.n_encoder_layers=1
models.architecture.n_decoder_layers=1
seed=0    avg_loss: 0.000000375177  time_per_window : 0.000299   progress : 0.087
name: models.architecture.block_type=cls
training.mode=rollout
models.out_dim=10
models.architecture.n_encoder_layers=1
models.architecture.n_decoder_layers=1
seed=0    avg_loss: 0.000000346968  time_per_window : 0.000308   progress : 0.098
name: models.architecture.block_type=cls
training.mode=rollout
models.out_dim=10
models.architecture.n_encoder_layers=1
models.architecture.n_decoder_layers=1
seed=0    avg_loss: 0.000000354948  time_per_window : 0.000303   progress : 0.109
name: models.architecture.block_type=cls
training.mode=rollout
models.out_dim=10
models.architecture.n_encoder_layers=1
models.architecture.n_decoder_layers=1
seed=0    avg_loss: 0.000000387728  time_per_window : 0.000275   progress : 0.120
name: models.architecture.block_type=cls
training.mode=rollout
models.out_dim=10
models.architecture.n_encoder_layers=1
models.architecture.n_decoder_layers=1
seed=0    avg_loss: 0.000000345697  time_per_window : 0.000282   progress : 0.131
name: models.architecture.block_type=cls
training.mode=rollout
models.out_dim=10
models.architecture.n_encoder_layers=1
models.architecture.n_decoder_layers=1
seed=0    avg_loss: 0.000000351711  time_per_window : 0.000261   progress : 0.142
name: models.architecture.block_type=cls
training.mode=rollout
models.out_dim=10
models.architecture.n_encoder_layers=1
models.architecture.n_decoder_layers=1
seed=0    avg_loss: 0.000000332142  time_per_window : 0.000314   progress : 0.153
name: models.architecture.block_type=cls
training.mode=rollout
models.out_dim=10
models.architecture.n_encoder_layers=1
models.architecture.n_decoder_layers=1
seed=0    avg_loss: 0.000000320102  time_per_window : 0.000260   progress : 0.164
name: models.architecture.block_type=cls
training.mode=rollout
models.out_dim=10
models.architecture.n_encoder_layers=1
models.architecture.n_decoder_layers=1
seed=0    avg_loss: 0.000000470313  time_per_window : 0.000289   progress : 0.175
name: models.architecture.block_type=cls
training.mode=rollout
models.out_dim=10
models.architecture.n_encoder_layers=1
models.architecture.n_decoder_layers=1
seed=0    avg_loss: 0.000000432347  time_per_window : 0.000280   progress : 0.186
name: models.architecture.block_type=cls
training.mode=rollout
models.out_dim=10
models.architecture.n_encoder_layers=1
models.architecture.n_decoder_layers=1
seed=0    avg_loss: 0.000000588019  time_per_window : 0.000292   progress : 0.197
name: models.architecture.block_type=cls
training.mode=rollout
models.out_dim=10
models.architecture.n_encoder_layers=1
models.architecture.n_decoder_layers=1
seed=0    avg_loss: 0.000000706771  time_per_window : 0.000304   progress : 0.208
name: models.architecture.block_type=cls
training.mode=rollout
models.out_dim=10
models.architecture.n_encoder_layers=1
models.architecture.n_decoder_layers=1
seed=0    avg_loss: 0.000000794823  time_per_window : 0.000277   progress : 0.218
name: models.architecture.block_type=cls
training.mode=rollout
models.out_dim=10
models.architecture.n_encoder_layers=1
models.architecture.n_decoder_layers=1
seed=0    avg_loss: 0.000001440657  time_per_window : 0.000279   progress : 0.229
name: models.architecture.block_type=cls
training.mode=rollout
models.out_dim=10
models.architecture.n_encoder_layers=1
models.architecture.n_decoder_layers=1
seed=0    avg_loss: 0.000002512014  time_per_window : 0.000251   progress : 0.240
name: models.architecture.block_type=cls
training.mode=rollout
models.out_dim=10
models.architecture.n_encoder_layers=1
models.architecture.n_decoder_layers=1
seed=4    avg_loss: 0.000001110480  time_per_window : 0.000257   progress : 0.251
name: models.architecture.block_type=cls
training.mode=rollout
models.out_dim=10
models.architecture.n_encoder_layers=1
models.architecture.n_decoder_layers=1
seed=4    avg_loss: 0.000001103244  time_per_window : 0.000259   progress : 0.262
name: models.architecture.block_type=cls
training.mode=rollout
models.out_dim=10
models.architecture.n_encoder_layers=1
models.architecture.n_decoder_layers=1
seed=4    avg_loss: 0.000001257698  time_per_window : 0.000254   progress : 0.273
name: models.architecture.block_type=cls
training.mode=rollout
models.out_dim=10
models.architecture.n_encoder_layers=1
models.architecture.n_decoder_layers=1
seed=4    avg_loss: 0.000001856195  time_per_window : 0.000258   progress : 0.284
name: models.architecture.block_type=cls
training.mode=rollout
models.out_dim=10
models.architecture.n_encoder_layers=1
models.architecture.n_decoder_layers=1
seed=4    avg_loss: 0.000001737949  time_per_window : 0.000277   progress : 0.295
name: models.architecture.block_type=cls
training.mode=rollout
models.out_dim=10
models.architecture.n_encoder_layers=1
models.architecture.n_decoder_layers=1
seed=4    avg_loss: 0.000003335477  time_per_window : 0.000251   progress : 0.306
name: models.architecture.block_type=cls
training.mode=rollout
models.out_dim=10
models.architecture.n_encoder_layers=1
models.architecture.n_decoder_layers=1
seed=4    avg_loss: 0.000001016155  time_per_window : 0.000247   progress : 0.317
name: models.architecture.block_type=cls
training.mode=rollout
models.out_dim=10
models.architecture.n_encoder_layers=1
models.architecture.n_decoder_layers=1
seed=4    avg_loss: 0.000001291722  time_per_window : 0.000328   progress : 0.328
name: models.architecture.block_type=cls
training.mode=rollout
models.out_dim=10
models.architecture.n_encoder_layers=1
models.architecture.n_decoder_layers=1
seed=4    avg_loss: 0.000001162574  time_per_window : 0.000292   progress : 0.339
name: models.architecture.block_type=cls
training.mode=rollout
models.out_dim=10
models.architecture.n_encoder_layers=1
models.architecture.n_decoder_layers=1
seed=4    avg_loss: 0.000002552470  time_per_window : 0.000277   progress : 0.350
name: models.architecture.block_type=cls
training.mode=rollout
models.out_dim=10
models.architecture.n_encoder_layers=1
models.architecture.n_decoder_layers=1
seed=4    avg_loss: 0.000001095386  time_per_window : 0.000281   progress : 0.360
name: models.architecture.block_type=cls
training.mode=rollout
models.out_dim=10
models.architecture.n_encoder_layers=1
models.architecture.n_decoder_layers=1
seed=4    avg_loss: 0.000003505169  time_per_window : 0.000274   progress : 0.371
name: models.architecture.block_type=cls
training.mode=rollout
models.out_dim=10
models.architecture.n_encoder_layers=1
models.architecture.n_decoder_layers=1
seed=4    avg_loss: 0.000001289512  time_per_window : 0.000288   progress : 0.382
name: models.architecture.block_type=cls
training.mode=rollout
models.out_dim=10
models.architecture.n_encoder_layers=1
models.architecture.n_decoder_layers=1
seed=4    avg_loss: 0.000001874731  time_per_window : 0.000315   progress : 0.393
name: models.architecture.block_type=cls
training.mode=rollout
models.out_dim=10
models.architecture.n_encoder_layers=1
models.architecture.n_decoder_layers=1
seed=4    avg_loss: 0.000002289092  time_per_window : 0.000309   progress : 0.404
name: models.architecture.block_type=cls
training.mode=rollout
models.out_dim=10
models.architecture.n_encoder_layers=1
models.architecture.n_decoder_layers=1
seed=4    avg_loss: 0.000002316801  time_per_window : 0.000312   progress : 0.415
name: models.architecture.block_type=cls
training.mode=rollout
models.out_dim=10
models.architecture.n_encoder_layers=1
models.architecture.n_decoder_layers=1
seed=4    avg_loss: 0.000001129579  time_per_window : 0.000294   progress : 0.426
name: models.architecture.block_type=cls
training.mode=rollout
models.out_dim=10
models.architecture.n_encoder_layers=1
models.architecture.n_decoder_layers=1
seed=4    avg_loss: 0.000001108172  time_per_window : 0.000324   progress : 0.437
name: models.architecture.block_type=cls
training.mode=rollout
models.out_dim=10
models.architecture.n_encoder_layers=1
models.architecture.n_decoder_layers=1
seed=4    avg_loss: 0.000003696837  time_per_window : 0.000270   progress : 0.448
name: models.architecture.block_type=cls
training.mode=rollout
models.out_dim=10
models.architecture.n_encoder_layers=1
models.architecture.n_decoder_layers=1
seed=4    avg_loss: 0.000000782508  time_per_window : 0.000277   progress : 0.459
name: models.architecture.block_type=cls
training.mode=rollout
models.out_dim=10
models.architecture.n_encoder_layers=1
models.architecture.n_decoder_layers=1
seed=4    avg_loss: 0.000001586603  time_per_window : 0.000316   progress : 0.470
name: models.architecture.block_type=cls
training.mode=rollout
models.out_dim=10
models.architecture.n_encoder_layers=1
models.architecture.n_decoder_layers=1
seed=4    avg_loss: 0.000001730547  time_per_window : 0.000289   progress : 0.481
name: models.architecture.block_type=cls
training.mode=rollout
models.out_dim=10
models.architecture.n_encoder_layers=1
models.architecture.n_decoder_layers=1
seed=4    avg_loss: 0.000002963551  time_per_window : 0.000249   progress : 0.492
name: models.architecture.block_type=cls
training.mode=rollout
models.out_dim=10
models.architecture.n_encoder_layers=1
models.architecture.n_decoder_layers=1
seed=4    avg_loss: 0.000001164666  time_per_window : 0.000249   progress : 0.502
name: models.architecture.block_type=cls
training.mode=rollout
models.out_dim=10
models.architecture.n_encoder_layers=1
models.architecture.n_decoder_layers=1
seed=4    avg_loss: 0.000001845334  time_per_window : 0.000294   progress : 0.513
name: models.architecture.block_type=cls
training.mode=rollout
models.out_dim=10
models.architecture.n_encoder_layers=1
models.architecture.n_decoder_layers=1
seed=4    avg_loss: 0.000000805100  time_per_window : 0.000370   progress : 0.524
name: models.architecture.block_type=cls
training.mode=rollout
models.out_dim=10
models.architecture.n_encoder_layers=1
models.architecture.n_decoder_layers=1
seed=4    avg_loss: 0.000003541729  time_per_window : 0.000271   progress : 0.535
name: models.architecture.block_type=cls
training.mode=rollout
models.out_dim=10
models.architecture.n_encoder_layers=1
models.architecture.n_decoder_layers=1
seed=4    avg_loss: 0.000000798654  time_per_window : 0.000249   progress : 0.546
name: models.architecture.block_type=cls
training.mode=rollout
models.out_dim=10
models.architecture.n_encoder_layers=1
models.architecture.n_decoder_layers=1
seed=4    avg_loss: 0.000003739719  time_per_window : 0.000263   progress : 0.557
name: models.architecture.block_type=cls
training.mode=rollout
models.out_dim=10
models.architecture.n_encoder_layers=1
models.architecture.n_decoder_layers=1
seed=4    avg_loss: 0.000000731203  time_per_window : 0.000264   progress : 0.568
name: models.architecture.block_type=cls
training.mode=rollout
models.out_dim=10
models.architecture.n_encoder_layers=1
models.architecture.n_decoder_layers=1
seed=4    avg_loss: 0.000000954985  time_per_window : 0.000291   progress : 0.579
name: models.architecture.block_type=cls
training.mode=rollout
models.out_dim=10
models.architecture.n_encoder_layers=1
models.architecture.n_decoder_layers=1
seed=4    avg_loss: 0.000000817106  time_per_window : 0.000349   progress : 0.590
name: models.architecture.block_type=cls
training.mode=rollout
models.out_dim=10
models.architecture.n_encoder_layers=1
models.architecture.n_decoder_layers=1
seed=4    avg_loss: 0.000003007768  time_per_window : 0.000308   progress : 0.601
name: models.architecture.block_type=cls
training.mode=rollout
models.out_dim=10
models.architecture.n_encoder_layers=1
models.architecture.n_decoder_layers=1
seed=4    avg_loss: 0.000002538533  time_per_window : 0.000269   progress : 0.612
name: models.architecture.block_type=cls
training.mode=rollout
models.out_dim=10
models.architecture.n_encoder_layers=1
models.architecture.n_decoder_layers=1
seed=2    avg_loss: 0.000000869659  time_per_window : 0.000242   progress : 0.251
name: models.architecture.block_type=cls
training.mode=rollout
models.out_dim=10
models.architecture.n_encoder_layers=1
models.architecture.n_decoder_layers=1
seed=2    avg_loss: 0.000001028305  time_per_window : 0.000250   progress : 0.262
name: models.architecture.block_type=cls
training.mode=rollout
models.out_dim=10
models.architecture.n_encoder_layers=1
models.architecture.n_decoder_layers=1
seed=2    avg_loss: 0.000002369740  time_per_window : 0.000291   progress : 0.273
name: models.architecture.block_type=cls
training.mode=rollout
models.out_dim=10
models.architecture.n_encoder_layers=1
models.architecture.n_decoder_layers=1
seed=2    avg_loss: 0.000002117058  time_per_window : 0.000249   progress : 0.284
name: models.architecture.block_type=cls
training.mode=rollout
models.out_dim=10
models.architecture.n_encoder_layers=1
models.architecture.n_decoder_layers=1
seed=2    avg_loss: 0.000000768732  time_per_window : 0.000294   progress : 0.295
name: models.architecture.block_type=cls
training.mode=rollout
models.out_dim=10
models.architecture.n_encoder_layers=1
models.architecture.n_decoder_layers=1
seed=2    avg_loss: 0.000000840208  time_per_window : 0.000258   progress : 0.306
name: models.architecture.block_type=cls
training.mode=rollout
models.out_dim=10
models.architecture.n_encoder_layers=1
models.architecture.n_decoder_layers=1
seed=2    avg_loss: 0.000002603519  time_per_window : 0.000301   progress : 0.317
name: models.architecture.block_type=cls
training.mode=rollout
models.out_dim=10
models.architecture.n_encoder_layers=1
models.architecture.n_decoder_layers=1
seed=2    avg_loss: 0.000001903538  time_per_window : 0.000257   progress : 0.328
name: models.architecture.block_type=cls
training.mode=rollout
models.out_dim=10
models.architecture.n_encoder_layers=1
models.architecture.n_decoder_layers=1
seed=2    avg_loss: 0.000000628413  time_per_window : 0.000309   progress : 0.339
name: models.architecture.block_type=cls
training.mode=rollout
models.out_dim=10
models.architecture.n_encoder_layers=1
models.architecture.n_decoder_layers=1
seed=2    avg_loss: 0.000002152066  time_per_window : 0.000303   progress : 0.350
name: models.architecture.block_type=cls
training.mode=rollout
models.out_dim=10
models.architecture.n_encoder_layers=1
models.architecture.n_decoder_layers=1
seed=2    avg_loss: 0.000000806309  time_per_window : 0.000296   progress : 0.360
name: models.architecture.block_type=cls
training.mode=rollout
models.out_dim=10
models.architecture.n_encoder_layers=1
models.architecture.n_decoder_layers=1
seed=2    avg_loss: 0.000001416668  time_per_window : 0.000300   progress : 0.371
name: models.architecture.block_type=cls
training.mode=rollout
models.out_dim=10
models.architecture.n_encoder_layers=1
models.architecture.n_decoder_layers=1
seed=2    avg_loss: 0.000001849891  time_per_window : 0.000311   progress : 0.382
name: models.architecture.block_type=cls
training.mode=rollout
models.out_dim=10
models.architecture.n_encoder_layers=1
models.architecture.n_decoder_layers=1
seed=2    avg_loss: 0.000006575701  time_per_window : 0.000266   progress : 0.393
name: models.architecture.block_type=cls
training.mode=rollout
models.out_dim=10
models.architecture.n_encoder_layers=1
models.architecture.n_decoder_layers=1
seed=2    avg_loss: 0.000000507435  time_per_window : 0.000305   progress : 0.404
name: models.architecture.block_type=cls
training.mode=rollout
models.out_dim=10
models.architecture.n_encoder_layers=1
models.architecture.n_decoder_layers=1
seed=2    avg_loss: 0.000000968508  time_per_window : 0.000275   progress : 0.415
name: models.architecture.block_type=cls
training.mode=rollout
models.out_dim=10
models.architecture.n_encoder_layers=1
models.architecture.n_decoder_layers=1
seed=2    avg_loss: 0.000004470679  time_per_window : 0.000249   progress : 0.426
name: models.architecture.block_type=cls
training.mode=rollout
models.out_dim=10
models.architecture.n_encoder_layers=1
models.architecture.n_decoder_layers=1
seed=2    avg_loss: 0.000000716962  time_per_window : 0.000294   progress : 0.437
name: models.architecture.block_type=cls
training.mode=rollout
models.out_dim=10
models.architecture.n_encoder_layers=1
models.architecture.n_decoder_layers=1
seed=2    avg_loss: 0.000000650848  time_per_window : 0.000263   progress : 0.448
name: models.architecture.block_type=cls
training.mode=rollout
models.out_dim=10
models.architecture.n_encoder_layers=1
models.architecture.n_decoder_layers=1
seed=2    avg_loss: 0.000000580177  time_per_window : 0.000261   progress : 0.459
name: models.architecture.block_type=cls
training.mode=rollout
models.out_dim=10
models.architecture.n_encoder_layers=1
models.architecture.n_decoder_layers=1
seed=2    avg_loss: 0.000001533583  time_per_window : 0.000276   progress : 0.470
name: models.architecture.block_type=cls
training.mode=rollout
models.out_dim=10
models.architecture.n_encoder_layers=1
models.architecture.n_decoder_layers=1
seed=2    avg_loss: 0.000000854132  time_per_window : 0.000253   progress : 0.481
name: models.architecture.block_type=cls
training.mode=rollout
models.out_dim=10
models.architecture.n_encoder_layers=1
models.architecture.n_decoder_layers=1
seed=2    avg_loss: 0.000001406504  time_per_window : 0.000292   progress : 0.492
name: models.architecture.block_type=cls
training.mode=rollout
models.out_dim=10
models.architecture.n_encoder_layers=1
models.architecture.n_decoder_layers=1
seed=2    avg_loss: 0.000001640756  time_per_window : 0.000277   progress : 0.502
name: models.architecture.block_type=cls
training.mode=rollout
models.out_dim=10
models.architecture.n_encoder_layers=1
models.architecture.n_decoder_layers=1
seed=2    avg_loss: 0.000002989779  time_per_window : 0.000261   progress : 0.513
name: models.architecture.block_type=cls
training.mode=rollout
models.out_dim=10
models.architecture.n_encoder_layers=1
models.architecture.n_decoder_layers=1
seed=2    avg_loss: 0.000000972357  time_per_window : 0.000269   progress : 0.524
name: models.architecture.block_type=cls
training.mode=rollout
models.out_dim=10
models.architecture.n_encoder_layers=1
models.architecture.n_decoder_layers=1
seed=2    avg_loss: 0.000001232999  time_per_window : 0.000291   progress : 0.535
name: models.architecture.block_type=cls
training.mode=rollout
models.out_dim=10
models.architecture.n_encoder_layers=1
models.architecture.n_decoder_layers=1
seed=2    avg_loss: 0.000001450332  time_per_window : 0.000258   progress : 0.546
name: models.architecture.block_type=cls
training.mode=rollout
models.out_dim=10
models.architecture.n_encoder_layers=1
models.architecture.n_decoder_layers=1
seed=2    avg_loss: 0.000001551320  time_per_window : 0.000315   progress : 0.557
name: models.architecture.block_type=cls
training.mode=rollout
models.out_dim=10
models.architecture.n_encoder_layers=1
models.architecture.n_decoder_layers=1
seed=2    avg_loss: 0.000001080239  time_per_window : 0.000255   progress : 0.568
name: models.architecture.block_type=cls
training.mode=rollout
models.out_dim=10
models.architecture.n_encoder_layers=1
models.architecture.n_decoder_layers=1
seed=2    avg_loss: 0.000001602576  time_per_window : 0.000255   progress : 0.579
name: models.architecture.block_type=cls
training.mode=rollout
models.out_dim=10
models.architecture.n_encoder_layers=1
models.architecture.n_decoder_layers=1
seed=2    avg_loss: 0.000001006367  time_per_window : 0.000309   progress : 0.590
name: models.architecture.block_type=cls
training.mode=rollout
models.out_dim=10
models.architecture.n_encoder_layers=1
models.architecture.n_decoder_layers=1
seed=2    avg_loss: 0.000002479945  time_per_window : 0.000306   progress : 0.601
name: models.architecture.block_type=cls
training.mode=rollout
models.out_dim=10
models.architecture.n_encoder_layers=1
models.architecture.n_decoder_layers=1
seed=2    avg_loss: 0.000001173286  time_per_window : 0.000366   progress : 0.612
name: models.architecture.block_type=cls
training.mode=rollout
models.out_dim=10
models.architecture.n_encoder_layers=1
models.architecture.n_decoder_layers=1
seed=3    avg_loss: 0.000000892139  time_per_window : 0.000251   progress : 0.251
name: models.architecture.block_type=cls
training.mode=rollout
models.out_dim=10
models.architecture.n_encoder_layers=1
models.architecture.n_decoder_layers=1
seed=3    avg_loss: 0.000000862851  time_per_window : 0.000263   progress : 0.262
name: models.architecture.block_type=cls
training.mode=rollout
models.out_dim=10
models.architecture.n_encoder_layers=1
models.architecture.n_decoder_layers=1
seed=3    avg_loss: 0.000002063300  time_per_window : 0.000311   progress : 0.273
name: models.architecture.block_type=cls
training.mode=rollout
models.out_dim=10
models.architecture.n_encoder_layers=1
models.architecture.n_decoder_layers=1
seed=3    avg_loss: 0.000001493325  time_per_window : 0.000258   progress : 0.284
name: models.architecture.block_type=cls
training.mode=rollout
models.out_dim=10
models.architecture.n_encoder_layers=1
models.architecture.n_decoder_layers=1
seed=3    avg_loss: 0.000002119040  time_per_window : 0.000269   progress : 0.295
name: models.architecture.block_type=cls
training.mode=rollout
models.out_dim=10
models.architecture.n_encoder_layers=1
models.architecture.n_decoder_layers=1
seed=3    avg_loss: 0.000001516619  time_per_window : 0.000244   progress : 0.306
name: models.architecture.block_type=cls
training.mode=rollout
models.out_dim=10
models.architecture.n_encoder_layers=1
models.architecture.n_decoder_layers=1
seed=3    avg_loss: 0.000000860754  time_per_window : 0.000279   progress : 0.317
name: models.architecture.block_type=cls
training.mode=rollout
models.out_dim=10
models.architecture.n_encoder_layers=1
models.architecture.n_decoder_layers=1
seed=3    avg_loss: 0.000000999202  time_per_window : 0.000279   progress : 0.328
name: models.architecture.block_type=cls
training.mode=rollout
models.out_dim=10
models.architecture.n_encoder_layers=1
models.architecture.n_decoder_layers=1
seed=3    avg_loss: 0.000001759672  time_per_window : 0.000258   progress : 0.339
name: models.architecture.block_type=cls
training.mode=rollout
models.out_dim=10
models.architecture.n_encoder_layers=1
models.architecture.n_decoder_layers=1
seed=3    avg_loss: 0.000003658921  time_per_window : 0.000342   progress : 0.350
name: models.architecture.block_type=cls
training.mode=rollout
models.out_dim=10
models.architecture.n_encoder_layers=1
models.architecture.n_decoder_layers=1
seed=3    avg_loss: 0.000000910331  time_per_window : 0.000311   progress : 0.360
name: models.architecture.block_type=cls
training.mode=rollout
models.out_dim=10
models.architecture.n_encoder_layers=1
models.architecture.n_decoder_layers=1
seed=3    avg_loss: 0.000001994001  time_per_window : 0.000306   progress : 0.371
name: models.architecture.block_type=cls
training.mode=rollout
models.out_dim=10
models.architecture.n_encoder_layers=1
models.architecture.n_decoder_layers=1
seed=3    avg_loss: 0.000000738511  time_per_window : 0.000333   progress : 0.382
name: models.architecture.block_type=cls
training.mode=rollout
models.out_dim=10
models.architecture.n_encoder_layers=1
models.architecture.n_decoder_layers=1
seed=3    avg_loss: 0.000001980878  time_per_window : 0.000265   progress : 0.393
name: models.architecture.block_type=cls
training.mode=rollout
models.out_dim=10
models.architecture.n_encoder_layers=1
models.architecture.n_decoder_layers=1
seed=3    avg_loss: 0.000001255261  time_per_window : 0.000266   progress : 0.404
name: models.architecture.block_type=cls
training.mode=rollout
models.out_dim=10
models.architecture.n_encoder_layers=1
models.architecture.n_decoder_layers=1
seed=3    avg_loss: 0.000002205363  time_per_window : 0.000300   progress : 0.415
name: models.architecture.block_type=cls
training.mode=rollout
models.out_dim=10
models.architecture.n_encoder_layers=1
models.architecture.n_decoder_layers=1
seed=3    avg_loss: 0.000000703708  time_per_window : 0.000317   progress : 0.426
name: models.architecture.block_type=cls
training.mode=rollout
models.out_dim=10
models.architecture.n_encoder_layers=1
models.architecture.n_decoder_layers=1
seed=3    avg_loss: 0.000001731988  time_per_window : 0.000260   progress : 0.437
name: models.architecture.block_type=cls
training.mode=rollout
models.out_dim=10
models.architecture.n_encoder_layers=1
models.architecture.n_decoder_layers=1
seed=3    avg_loss: 0.000001459239  time_per_window : 0.000270   progress : 0.448
name: models.architecture.block_type=cls
training.mode=rollout
models.out_dim=10
models.architecture.n_encoder_layers=1
models.architecture.n_decoder_layers=1
seed=3    avg_loss: 0.000001073669  time_per_window : 0.000268   progress : 0.459
name: models.architecture.block_type=cls
training.mode=rollout
models.out_dim=10
models.architecture.n_encoder_layers=1
models.architecture.n_decoder_layers=1
seed=3    avg_loss: 0.000001503241  time_per_window : 0.000258   progress : 0.470
name: models.architecture.block_type=cls
training.mode=rollout
models.out_dim=10
models.architecture.n_encoder_layers=1
models.architecture.n_decoder_layers=1
seed=3    avg_loss: 0.000002088705  time_per_window : 0.000276   progress : 0.481
name: models.architecture.block_type=cls
training.mode=rollout
models.out_dim=10
models.architecture.n_encoder_layers=1
models.architecture.n_decoder_layers=1
seed=3    avg_loss: 0.000000961740  time_per_window : 0.000291   progress : 0.492
name: models.architecture.block_type=cls
training.mode=rollout
models.out_dim=10
models.architecture.n_encoder_layers=1
models.architecture.n_decoder_layers=1
seed=3    avg_loss: 0.000001880822  time_per_window : 0.000259   progress : 0.502
name: models.architecture.block_type=cls
training.mode=rollout
models.out_dim=10
models.architecture.n_encoder_layers=1
models.architecture.n_decoder_layers=1
seed=3    avg_loss: 0.000000767829  time_per_window : 0.000274   progress : 0.513
name: models.architecture.block_type=cls
training.mode=rollout
models.out_dim=10
models.architecture.n_encoder_layers=1
models.architecture.n_decoder_layers=1
seed=3    avg_loss: 0.000002496716  time_per_window : 0.000268   progress : 0.524
name: models.architecture.block_type=cls
training.mode=rollout
models.out_dim=10
models.architecture.n_encoder_layers=1
models.architecture.n_decoder_layers=1
seed=3    avg_loss: 0.000001174319  time_per_window : 0.000261   progress : 0.535
name: models.architecture.block_type=cls
training.mode=rollout
models.out_dim=10
models.architecture.n_encoder_layers=1
models.architecture.n_decoder_layers=1
seed=3    avg_loss: 0.000000873727  time_per_window : 0.000252   progress : 0.546
name: models.architecture.block_type=cls
training.mode=rollout
models.out_dim=10
models.architecture.n_encoder_layers=1
models.architecture.n_decoder_layers=1
seed=3    avg_loss: 0.000001690662  time_per_window : 0.000243   progress : 0.557
name: models.architecture.block_type=cls
training.mode=rollout
models.out_dim=10
models.architecture.n_encoder_layers=1
models.architecture.n_decoder_layers=1
seed=3    avg_loss: 0.000001703281  time_per_window : 0.000298   progress : 0.568
name: models.architecture.block_type=cls
training.mode=rollout
models.out_dim=10
models.architecture.n_encoder_layers=1
models.architecture.n_decoder_layers=1
seed=3    avg_loss: 0.000002177903  time_per_window : 0.000267   progress : 0.579
name: models.architecture.block_type=cls
training.mode=rollout
models.out_dim=10
models.architecture.n_encoder_layers=1
models.architecture.n_decoder_layers=1
seed=3    avg_loss: 0.000000831654  time_per_window : 0.000247   progress : 0.590
name: models.architecture.block_type=cls
training.mode=rollout
models.out_dim=10
models.architecture.n_encoder_layers=1
models.architecture.n_decoder_layers=1
seed=3    avg_loss: 0.000000697982  time_per_window : 0.000279   progress : 0.601
name: models.architecture.block_type=cls
training.mode=rollout
models.out_dim=10
models.architecture.n_encoder_layers=1
models.architecture.n_decoder_layers=1
seed=3    avg_loss: 0.000001325635  time_per_window : 0.000318   progress : 0.612
name: models.architecture.block_type=cls
training.mode=rollout
models.out_dim=10
models.architecture.n_encoder_layers=1
models.architecture.n_decoder_layers=1
seed=1    avg_loss: 0.000001460420  time_per_window : 0.000251   progress : 0.251
name: models.architecture.block_type=cls
training.mode=rollout
models.out_dim=10
models.architecture.n_encoder_layers=1
models.architecture.n_decoder_layers=1
seed=1    avg_loss: 0.000001452362  time_per_window : 0.000296   progress : 0.262
name: models.architecture.block_type=cls
training.mode=rollout
models.out_dim=10
models.architecture.n_encoder_layers=1
models.architecture.n_decoder_layers=1
seed=1    avg_loss: 0.000003276219  time_per_window : 0.000252   progress : 0.273
name: models.architecture.block_type=cls
training.mode=rollout
models.out_dim=10
models.architecture.n_encoder_layers=1
models.architecture.n_decoder_layers=1
seed=1    avg_loss: 0.000000528358  time_per_window : 0.000249   progress : 0.284
name: models.architecture.block_type=cls
training.mode=rollout
models.out_dim=10
models.architecture.n_encoder_layers=1
models.architecture.n_decoder_layers=1
seed=1    avg_loss: 0.000001287218  time_per_window : 0.000253   progress : 0.295
name: models.architecture.block_type=cls
training.mode=rollout
models.out_dim=10
models.architecture.n_encoder_layers=1
models.architecture.n_decoder_layers=1
seed=1    avg_loss: 0.000004030209  time_per_window : 0.000254   progress : 0.306
name: models.architecture.block_type=cls
training.mode=rollout
models.out_dim=10
models.architecture.n_encoder_layers=1
models.architecture.n_decoder_layers=1
seed=1    avg_loss: 0.000000822363  time_per_window : 0.000271   progress : 0.317
name: models.architecture.block_type=cls
training.mode=rollout
models.out_dim=10
models.architecture.n_encoder_layers=1
models.architecture.n_decoder_layers=1
seed=1    avg_loss: 0.000003640864  time_per_window : 0.000268   progress : 0.328
name: models.architecture.block_type=cls
training.mode=rollout
models.out_dim=10
models.architecture.n_encoder_layers=1
models.architecture.n_decoder_layers=1
seed=1    avg_loss: 0.000001264750  time_per_window : 0.000277   progress : 0.339
name: models.architecture.block_type=cls
training.mode=rollout
models.out_dim=10
models.architecture.n_encoder_layers=1
models.architecture.n_decoder_layers=1
seed=1    avg_loss: 0.000000924025  time_per_window : 0.000272   progress : 0.350
name: models.architecture.block_type=cls
training.mode=rollout
models.out_dim=10
models.architecture.n_encoder_layers=1
models.architecture.n_decoder_layers=1
seed=1    avg_loss: 0.000004043228  time_per_window : 0.000241   progress : 0.360
name: models.architecture.block_type=cls
training.mode=rollout
models.out_dim=10
models.architecture.n_encoder_layers=1
models.architecture.n_decoder_layers=1
seed=1    avg_loss: 0.000003357661  time_per_window : 0.000271   progress : 0.371
name: models.architecture.block_type=cls
training.mode=rollout
models.out_dim=10
models.architecture.n_encoder_layers=1
models.architecture.n_decoder_layers=1
seed=1    avg_loss: 0.000001077714  time_per_window : 0.000261   progress : 0.382
name: models.architecture.block_type=cls
training.mode=rollout
models.out_dim=10
models.architecture.n_encoder_layers=1
models.architecture.n_decoder_layers=1
seed=1    avg_loss: 0.000000904761  time_per_window : 0.000249   progress : 0.393
name: models.architecture.block_type=cls
training.mode=rollout
models.out_dim=10
models.architecture.n_encoder_layers=1
models.architecture.n_decoder_layers=1
seed=1    avg_loss: 0.000001666746  time_per_window : 0.000286   progress : 0.404
name: models.architecture.block_type=cls
training.mode=rollout
models.out_dim=10
models.architecture.n_encoder_layers=1
models.architecture.n_decoder_layers=1
seed=1    avg_loss: 0.000001942267  time_per_window : 0.000245   progress : 0.415
name: models.architecture.block_type=cls
training.mode=rollout
models.out_dim=10
models.architecture.n_encoder_layers=1
models.architecture.n_decoder_layers=1
seed=1    avg_loss: 0.000001735710  time_per_window : 0.000249   progress : 0.426
name: models.architecture.block_type=cls
training.mode=rollout
models.out_dim=10
models.architecture.n_encoder_layers=1
models.architecture.n_decoder_layers=1
seed=1    avg_loss: 0.000001994006  time_per_window : 0.000301   progress : 0.437
name: models.architecture.block_type=cls
training.mode=rollout
models.out_dim=10
models.architecture.n_encoder_layers=1
models.architecture.n_decoder_layers=1
seed=1    avg_loss: 0.000002100997  time_per_window : 0.000241   progress : 0.448
name: models.architecture.block_type=cls
training.mode=rollout
models.out_dim=10
models.architecture.n_encoder_layers=1
models.architecture.n_decoder_layers=1
seed=1    avg_loss: 0.000001290361  time_per_window : 0.000250   progress : 0.459
name: models.architecture.block_type=cls
training.mode=rollout
models.out_dim=10
models.architecture.n_encoder_layers=1
models.architecture.n_decoder_layers=1
seed=1    avg_loss: 0.000001997563  time_per_window : 0.000322   progress : 0.470
name: models.architecture.block_type=cls
training.mode=rollout
models.out_dim=10
models.architecture.n_encoder_layers=1
models.architecture.n_decoder_layers=1
seed=1    avg_loss: 0.000001564208  time_per_window : 0.000265   progress : 0.481
name: models.architecture.block_type=cls
training.mode=rollout
models.out_dim=10
models.architecture.n_encoder_layers=1
models.architecture.n_decoder_layers=1
seed=1    avg_loss: 0.000003775394  time_per_window : 0.000307   progress : 0.492
name: models.architecture.block_type=cls
training.mode=rollout
models.out_dim=10
models.architecture.n_encoder_layers=1
models.architecture.n_decoder_layers=1
seed=1    avg_loss: 0.000000926389  time_per_window : 0.000266   progress : 0.502
name: models.architecture.block_type=cls
training.mode=rollout
models.out_dim=10
models.architecture.n_encoder_layers=1
models.architecture.n_decoder_layers=1
seed=1    avg_loss: 0.000001712231  time_per_window : 0.000251   progress : 0.513
name: models.architecture.block_type=cls
training.mode=rollout
models.out_dim=10
models.architecture.n_encoder_layers=1
models.architecture.n_decoder_layers=1
seed=1    avg_loss: 0.000000795913  time_per_window : 0.000266   progress : 0.524
name: models.architecture.block_type=cls
training.mode=rollout
models.out_dim=10
models.architecture.n_encoder_layers=1
models.architecture.n_decoder_layers=1
seed=1    avg_loss: 0.000002351977  time_per_window : 0.000290   progress : 0.535
name: models.architecture.block_type=cls
training.mode=rollout
models.out_dim=10
models.architecture.n_encoder_layers=1
models.architecture.n_decoder_layers=1
seed=1    avg_loss: 0.000001644511  time_per_window : 0.000250   progress : 0.546
name: models.architecture.block_type=cls
training.mode=rollout
models.out_dim=10
models.architecture.n_encoder_layers=1
models.architecture.n_decoder_layers=1
seed=1    avg_loss: 0.000002297054  time_per_window : 0.000248   progress : 0.557
name: models.architecture.block_type=cls
training.mode=rollout
models.out_dim=10
models.architecture.n_encoder_layers=1
models.architecture.n_decoder_layers=1
seed=1    avg_loss: 0.000003526314  time_per_window : 0.000278   progress : 0.568
name: models.architecture.block_type=cls
training.mode=rollout
models.out_dim=10
models.architecture.n_encoder_layers=1
models.architecture.n_decoder_layers=1
seed=1    avg_loss: 0.000000909715  time_per_window : 0.000250   progress : 0.579
name: models.architecture.block_type=cls
training.mode=rollout
models.out_dim=10
models.architecture.n_encoder_layers=1
models.architecture.n_decoder_layers=1
seed=1    avg_loss: 0.000002439795  time_per_window : 0.000276   progress : 0.590
name: models.architecture.block_type=cls
training.mode=rollout
models.out_dim=10
models.architecture.n_encoder_layers=1
models.architecture.n_decoder_layers=1
seed=1    avg_loss: 0.000000678833  time_per_window : 0.000307   progress : 0.601
name: models.architecture.block_type=cls
training.mode=rollout
models.out_dim=10
models.architecture.n_encoder_layers=1
models.architecture.n_decoder_layers=1
seed=1    avg_loss: 0.000001243052  time_per_window : 0.000256   progress : 0.612
name: models.architecture.block_type=cls
training.mode=rollout
models.out_dim=10
models.architecture.n_encoder_layers=1
models.architecture.n_decoder_layers=1
seed=0    avg_loss: 0.000001777402  time_per_window : 0.000308   progress : 0.251
name: models.architecture.block_type=cls
training.mode=rollout
models.out_dim=10
models.architecture.n_encoder_layers=1
models.architecture.n_decoder_layers=1
seed=0    avg_loss: 0.000000950926  time_per_window : 0.000292   progress : 0.262
name: models.architecture.block_type=cls
training.mode=rollout
models.out_dim=10
models.architecture.n_encoder_layers=1
models.architecture.n_decoder_layers=1
seed=0    avg_loss: 0.000001245675  time_per_window : 0.000287   progress : 0.273
name: models.architecture.block_type=cls
training.mode=rollout
models.out_dim=10
models.architecture.n_encoder_layers=1
models.architecture.n_decoder_layers=1
seed=0    avg_loss: 0.000001316262  time_per_window : 0.000269   progress : 0.284
name: models.architecture.block_type=cls
training.mode=rollout
models.out_dim=10
models.architecture.n_encoder_layers=1
models.architecture.n_decoder_layers=1
seed=0    avg_loss: 0.000001807710  time_per_window : 0.000297   progress : 0.295
name: models.architecture.block_type=cls
training.mode=rollout
models.out_dim=10
models.architecture.n_encoder_layers=1
models.architecture.n_decoder_layers=1
seed=0    avg_loss: 0.000001025400  time_per_window : 0.000237   progress : 0.306
name: models.architecture.block_type=cls
training.mode=rollout
models.out_dim=10
models.architecture.n_encoder_layers=1
models.architecture.n_decoder_layers=1
seed=0    avg_loss: 0.000003072827  time_per_window : 0.000279   progress : 0.317
name: models.architecture.block_type=cls
training.mode=rollout
models.out_dim=10
models.architecture.n_encoder_layers=1
models.architecture.n_decoder_layers=1
seed=0    avg_loss: 0.000001779800  time_per_window : 0.000262   progress : 0.328
name: models.architecture.block_type=cls
training.mode=rollout
models.out_dim=10
models.architecture.n_encoder_layers=1
models.architecture.n_decoder_layers=1
seed=0    avg_loss: 0.000002269497  time_per_window : 0.000285   progress : 0.339
name: models.architecture.block_type=cls
training.mode=rollout
models.out_dim=10
models.architecture.n_encoder_layers=1
models.architecture.n_decoder_layers=1
seed=0    avg_loss: 0.000000943261  time_per_window : 0.000272   progress : 0.350
name: models.architecture.block_type=cls
training.mode=rollout
models.out_dim=10
models.architecture.n_encoder_layers=1
models.architecture.n_decoder_layers=1
seed=0    avg_loss: 0.000001803025  time_per_window : 0.000236   progress : 0.360
name: models.architecture.block_type=cls
training.mode=rollout
models.out_dim=10
models.architecture.n_encoder_layers=1
models.architecture.n_decoder_layers=1
seed=0    avg_loss: 0.000005670865  time_per_window : 0.000294   progress : 0.371
name: models.architecture.block_type=cls
training.mode=rollout
models.out_dim=10
models.architecture.n_encoder_layers=1
models.architecture.n_decoder_layers=1
seed=0    avg_loss: 0.000001088758  time_per_window : 0.000249   progress : 0.382
name: models.architecture.block_type=cls
training.mode=rollout
models.out_dim=10
models.architecture.n_encoder_layers=1
models.architecture.n_decoder_layers=1
seed=0    avg_loss: 0.000001086449  time_per_window : 0.000261   progress : 0.393
name: models.architecture.block_type=cls
training.mode=rollout
models.out_dim=10
models.architecture.n_encoder_layers=1
models.architecture.n_decoder_layers=1
seed=0    avg_loss: 0.000001831164  time_per_window : 0.000271   progress : 0.404
name: models.architecture.block_type=cls
training.mode=rollout
models.out_dim=10
models.architecture.n_encoder_layers=1
models.architecture.n_decoder_layers=1
seed=0    avg_loss: 0.000002405860  time_per_window : 0.000276   progress : 0.415
name: models.architecture.block_type=cls
training.mode=rollout
models.out_dim=10
models.architecture.n_encoder_layers=1
models.architecture.n_decoder_layers=1
seed=0    avg_loss: 0.000001389519  time_per_window : 0.000253   progress : 0.426
name: models.architecture.block_type=cls
training.mode=rollout
models.out_dim=10
models.architecture.n_encoder_layers=1
models.architecture.n_decoder_layers=1
seed=0    avg_loss: 0.000001927532  time_per_window : 0.000314   progress : 0.437
name: models.architecture.block_type=cls
training.mode=rollout
models.out_dim=10
models.architecture.n_encoder_layers=1
models.architecture.n_decoder_layers=1
seed=0    avg_loss: 0.000001812924  time_per_window : 0.000282   progress : 0.448
name: models.architecture.block_type=cls
training.mode=rollout
models.out_dim=10
models.architecture.n_encoder_layers=1
models.architecture.n_decoder_layers=1
seed=0    avg_loss: 0.000002504209  time_per_window : 0.000265   progress : 0.459
name: models.architecture.block_type=cls
training.mode=rollout
models.out_dim=10
models.architecture.n_encoder_layers=1
models.architecture.n_decoder_layers=1
seed=0    avg_loss: 0.000001823037  time_per_window : 0.000267   progress : 0.470
name: models.architecture.block_type=cls
training.mode=rollout
models.out_dim=10
models.architecture.n_encoder_layers=1
models.architecture.n_decoder_layers=1
seed=0    avg_loss: 0.000001725209  time_per_window : 0.000286   progress : 0.481
name: models.architecture.block_type=cls
training.mode=rollout
models.out_dim=10
models.architecture.n_encoder_layers=1
models.architecture.n_decoder_layers=1
seed=0    avg_loss: 0.000002457251  time_per_window : 0.000269   progress : 0.492
name: models.architecture.block_type=cls
training.mode=rollout
models.out_dim=10
models.architecture.n_encoder_layers=1
models.architecture.n_decoder_layers=1
seed=0    avg_loss: 0.000002129535  time_per_window : 0.000285   progress : 0.502
name: models.architecture.block_type=cls
training.mode=rollout
models.out_dim=10
models.architecture.n_encoder_layers=1
models.architecture.n_decoder_layers=1
seed=0    avg_loss: 0.000002249928  time_per_window : 0.000267   progress : 0.513
name: models.architecture.block_type=cls
training.mode=rollout
models.out_dim=10
models.architecture.n_encoder_layers=1
models.architecture.n_decoder_layers=1
seed=0    avg_loss: 0.000001391117  time_per_window : 0.000244   progress : 0.524
name: models.architecture.block_type=cls
training.mode=rollout
models.out_dim=10
models.architecture.n_encoder_layers=1
models.architecture.n_decoder_layers=1
seed=0    avg_loss: 0.000003280026  time_per_window : 0.000257   progress : 0.535
name: models.architecture.block_type=cls
training.mode=rollout
models.out_dim=10
models.architecture.n_encoder_layers=1
models.architecture.n_decoder_layers=1
seed=0    avg_loss: 0.000001569526  time_per_window : 0.000371   progress : 0.546
name: models.architecture.block_type=cls
training.mode=rollout
models.out_dim=10
models.architecture.n_encoder_layers=1
models.architecture.n_decoder_layers=1
seed=0    avg_loss: 0.000001370416  time_per_window : 0.000278   progress : 0.557
name: models.architecture.block_type=cls
training.mode=rollout
models.out_dim=10
models.architecture.n_encoder_layers=1
models.architecture.n_decoder_layers=1
seed=0    avg_loss: 0.000001214848  time_per_window : 0.000328   progress : 0.568
name: models.architecture.block_type=cls
training.mode=rollout
models.out_dim=10
models.architecture.n_encoder_layers=1
models.architecture.n_decoder_layers=1
seed=0    avg_loss: 0.000002374679  time_per_window : 0.000286   progress : 0.579
name: models.architecture.block_type=cls
training.mode=rollout
models.out_dim=10
models.architecture.n_encoder_layers=1
models.architecture.n_decoder_layers=1
seed=0    avg_loss: 0.000003314006  time_per_window : 0.000282   progress : 0.590
name: models.architecture.block_type=cls
training.mode=rollout
models.out_dim=10
models.architecture.n_encoder_layers=1
models.architecture.n_decoder_layers=1
seed=0    avg_loss: 0.000001353919  time_per_window : 0.000282   progress : 0.601
name: models.architecture.block_type=cls
training.mode=rollout
models.out_dim=10
models.architecture.n_encoder_layers=1
models.architecture.n_decoder_layers=1
seed=0    avg_loss: 0.000001640509  time_per_window : 0.000289   progress : 0.612
name: models.architecture.block_type=cls
training.mode=rollout
models.out_dim=10
models.architecture.n_encoder_layers=1
models.architecture.n_decoder_layers=1
seed=4    avg_loss: 0.000001188648  time_per_window : 0.000239   progress : 0.623
name: models.architecture.block_type=cls
training.mode=rollout
models.out_dim=10
models.architecture.n_encoder_layers=1
models.architecture.n_decoder_layers=1
seed=4    avg_loss: 0.000000953121  time_per_window : 0.000267   progress : 0.634
name: models.architecture.block_type=cls
training.mode=rollout
models.out_dim=10
models.architecture.n_encoder_layers=1
models.architecture.n_decoder_layers=1
seed=4    avg_loss: 0.000000856594  time_per_window : 0.000260   progress : 0.644
name: models.architecture.block_type=cls
training.mode=rollout
models.out_dim=10
models.architecture.n_encoder_layers=1
models.architecture.n_decoder_layers=1
seed=4    avg_loss: 0.000001436392  time_per_window : 0.000279   progress : 0.655
name: models.architecture.block_type=cls
training.mode=rollout
models.out_dim=10
models.architecture.n_encoder_layers=1
models.architecture.n_decoder_layers=1
seed=4    avg_loss: 0.000001717112  time_per_window : 0.000274   progress : 0.666
name: models.architecture.block_type=cls
training.mode=rollout
models.out_dim=10
models.architecture.n_encoder_layers=1
models.architecture.n_decoder_layers=1
seed=4    avg_loss: 0.000001207955  time_per_window : 0.000282   progress : 0.677
name: models.architecture.block_type=cls
training.mode=rollout
models.out_dim=10
models.architecture.n_encoder_layers=1
models.architecture.n_decoder_layers=1
seed=4    avg_loss: 0.000001507275  time_per_window : 0.000257   progress : 0.688
name: models.architecture.block_type=cls
training.mode=rollout
models.out_dim=10
models.architecture.n_encoder_layers=1
models.architecture.n_decoder_layers=1
seed=4    avg_loss: 0.000001754954  time_per_window : 0.000251   progress : 0.699
name: models.architecture.block_type=cls
training.mode=rollout
models.out_dim=10
models.architecture.n_encoder_layers=1
models.architecture.n_decoder_layers=1
seed=4    avg_loss: 0.000002357601  time_per_window : 0.000307   progress : 0.710
name: models.architecture.block_type=cls
training.mode=rollout
models.out_dim=10
models.architecture.n_encoder_layers=1
models.architecture.n_decoder_layers=1
seed=4    avg_loss: 0.000000951163  time_per_window : 0.000275   progress : 0.721
name: models.architecture.block_type=cls
training.mode=rollout
models.out_dim=10
models.architecture.n_encoder_layers=1
models.architecture.n_decoder_layers=1
seed=4    avg_loss: 0.000000911790  time_per_window : 0.000266   progress : 0.732
name: models.architecture.block_type=cls
training.mode=rollout
models.out_dim=10
models.architecture.n_encoder_layers=1
models.architecture.n_decoder_layers=1
seed=4    avg_loss: 0.000001981859  time_per_window : 0.000247   progress : 0.743
name: models.architecture.block_type=cls
training.mode=rollout
models.out_dim=10
models.architecture.n_encoder_layers=1
models.architecture.n_decoder_layers=1
seed=4    avg_loss: 0.000001179631  time_per_window : 0.000243   progress : 0.754
name: models.architecture.block_type=cls
training.mode=rollout
models.out_dim=10
models.architecture.n_encoder_layers=1
models.architecture.n_decoder_layers=1
seed=4    avg_loss: 0.000001216119  time_per_window : 0.000253   progress : 0.765
name: models.architecture.block_type=cls
training.mode=rollout
models.out_dim=10
models.architecture.n_encoder_layers=1
models.architecture.n_decoder_layers=1
seed=4    avg_loss: 0.000001251608  time_per_window : 0.000297   progress : 0.775
name: models.architecture.block_type=cls
training.mode=rollout
models.out_dim=10
models.architecture.n_encoder_layers=1
models.architecture.n_decoder_layers=1
seed=4    avg_loss: 0.000001274362  time_per_window : 0.000281   progress : 0.786
name: models.architecture.block_type=cls
training.mode=rollout
models.out_dim=10
models.architecture.n_encoder_layers=1
models.architecture.n_decoder_layers=1
seed=4    avg_loss: 0.000001119247  time_per_window : 0.000272   progress : 0.797
name: models.architecture.block_type=cls
training.mode=rollout
models.out_dim=10
models.architecture.n_encoder_layers=1
models.architecture.n_decoder_layers=1
seed=4    avg_loss: 0.000001113914  time_per_window : 0.000287   progress : 0.808
name: models.architecture.block_type=cls
training.mode=rollout
models.out_dim=10
models.architecture.n_encoder_layers=1
models.architecture.n_decoder_layers=1
seed=4    avg_loss: 0.000001269816  time_per_window : 0.000233   progress : 0.819
name: models.architecture.block_type=cls
training.mode=rollout
models.out_dim=10
models.architecture.n_encoder_layers=1
models.architecture.n_decoder_layers=1
seed=4    avg_loss: 0.000001509734  time_per_window : 0.000244   progress : 0.830
name: models.architecture.block_type=cls
training.mode=rollout
models.out_dim=10
models.architecture.n_encoder_layers=1
models.architecture.n_decoder_layers=1
seed=4    avg_loss: 0.000001927099  time_per_window : 0.000282   progress : 0.841
name: models.architecture.block_type=cls
training.mode=rollout
models.out_dim=10
models.architecture.n_encoder_layers=1
models.architecture.n_decoder_layers=1
seed=4    avg_loss: 0.000000808677  time_per_window : 0.000293   progress : 0.852
name: models.architecture.block_type=cls
training.mode=rollout
models.out_dim=10
models.architecture.n_encoder_layers=1
models.architecture.n_decoder_layers=1
seed=4    avg_loss: 0.000000899711  time_per_window : 0.000329   progress : 0.863
name: models.architecture.block_type=cls
training.mode=rollout
models.out_dim=10
models.architecture.n_encoder_layers=1
models.architecture.n_decoder_layers=1
seed=4    avg_loss: 0.000001612663  time_per_window : 0.000259   progress : 0.874
name: models.architecture.block_type=cls
training.mode=rollout
models.out_dim=10
models.architecture.n_encoder_layers=1
models.architecture.n_decoder_layers=1
seed=4    avg_loss: 0.000000789472  time_per_window : 0.000247   progress : 0.885
name: models.architecture.block_type=cls
training.mode=rollout
models.out_dim=10
models.architecture.n_encoder_layers=1
models.architecture.n_decoder_layers=1
seed=4    avg_loss: 0.000001458996  time_per_window : 0.000291   progress : 0.896
name: models.architecture.block_type=cls
training.mode=rollout
models.out_dim=10
models.architecture.n_encoder_layers=1
models.architecture.n_decoder_layers=1
seed=4    avg_loss: 0.000002020525  time_per_window : 0.000252   progress : 0.907
name: models.architecture.block_type=cls
training.mode=rollout
models.out_dim=10
models.architecture.n_encoder_layers=1
models.architecture.n_decoder_layers=1
seed=4    avg_loss: 0.000000781891  time_per_window : 0.000248   progress : 0.917
name: models.architecture.block_type=cls
training.mode=rollout
models.out_dim=10
models.architecture.n_encoder_layers=1
models.architecture.n_decoder_layers=1
seed=4    avg_loss: 0.000000724775  time_per_window : 0.000236   progress : 0.928
name: models.architecture.block_type=cls
training.mode=rollout
models.out_dim=10
models.architecture.n_encoder_layers=1
models.architecture.n_decoder_layers=1
seed=4    avg_loss: 0.000001116303  time_per_window : 0.000293   progress : 0.939
name: models.architecture.block_type=cls
training.mode=rollout
models.out_dim=10
models.architecture.n_encoder_layers=1
models.architecture.n_decoder_layers=1
seed=4    avg_loss: 0.000001315196  time_per_window : 0.000239   progress : 0.950
name: models.architecture.block_type=cls
training.mode=rollout
models.out_dim=10
models.architecture.n_encoder_layers=1
models.architecture.n_decoder_layers=1
seed=4    avg_loss: 0.000000726763  time_per_window : 0.000297   progress : 0.961
name: models.architecture.block_type=cls
training.mode=rollout
models.out_dim=10
models.architecture.n_encoder_layers=1
models.architecture.n_decoder_layers=1
seed=4    avg_loss: 0.000001401042  time_per_window : 0.000274   progress : 0.972
name: models.architecture.block_type=cls
training.mode=rollout
models.out_dim=10
models.architecture.n_encoder_layers=1
models.architecture.n_decoder_layers=1
seed=4    avg_loss: 0.000000726969  time_per_window : 0.000276   progress : 0.983
name: models.architecture.block_type=cls
training.mode=rollout
models.out_dim=10
models.architecture.n_encoder_layers=1
models.architecture.n_decoder_layers=1
seed=2    avg_loss: 0.000001294158  time_per_window : 0.000249   progress : 0.623
name: models.architecture.block_type=cls
training.mode=rollout
models.out_dim=10
models.architecture.n_encoder_layers=1
models.architecture.n_decoder_layers=1
seed=2    avg_loss: 0.000000910148  time_per_window : 0.000302   progress : 0.634
name: models.architecture.block_type=cls
training.mode=rollout
models.out_dim=10
models.architecture.n_encoder_layers=1
models.architecture.n_decoder_layers=1
seed=2    avg_loss: 0.000001323990  time_per_window : 0.000312   progress : 0.644
name: models.architecture.block_type=cls
training.mode=rollout
models.out_dim=10
models.architecture.n_encoder_layers=1
models.architecture.n_decoder_layers=1
seed=2    avg_loss: 0.000000996862  time_per_window : 0.000274   progress : 0.655
name: models.architecture.block_type=cls
training.mode=rollout
models.out_dim=10
models.architecture.n_encoder_layers=1
models.architecture.n_decoder_layers=1
seed=2    avg_loss: 0.000001489737  time_per_window : 0.000278   progress : 0.666
name: models.architecture.block_type=cls
training.mode=rollout
models.out_dim=10
models.architecture.n_encoder_layers=1
models.architecture.n_decoder_layers=1
seed=2    avg_loss: 0.000001477046  time_per_window : 0.000271   progress : 0.677
name: models.architecture.block_type=cls
training.mode=rollout
models.out_dim=10
models.architecture.n_encoder_layers=1
models.architecture.n_decoder_layers=1
seed=2    avg_loss: 0.000002479007  time_per_window : 0.000279   progress : 0.688
name: models.architecture.block_type=cls
training.mode=rollout
models.out_dim=10
models.architecture.n_encoder_layers=1
models.architecture.n_decoder_layers=1
seed=2    avg_loss: 0.000000562183  time_per_window : 0.000291   progress : 0.699
name: models.architecture.block_type=cls
training.mode=rollout
models.out_dim=10
models.architecture.n_encoder_layers=1
models.architecture.n_decoder_layers=1
seed=2    avg_loss: 0.000001013497  time_per_window : 0.000260   progress : 0.710
name: models.architecture.block_type=cls
training.mode=rollout
models.out_dim=10
models.architecture.n_encoder_layers=1
models.architecture.n_decoder_layers=1
seed=2    avg_loss: 0.000001402998  time_per_window : 0.000311   progress : 0.721
name: models.architecture.block_type=cls
training.mode=rollout
models.out_dim=10
models.architecture.n_encoder_layers=1
models.architecture.n_decoder_layers=1
seed=2    avg_loss: 0.000000791440  time_per_window : 0.000257   progress : 0.732
name: models.architecture.block_type=cls
training.mode=rollout
models.out_dim=10
models.architecture.n_encoder_layers=1
models.architecture.n_decoder_layers=1
seed=2    avg_loss: 0.000002465741  time_per_window : 0.000318   progress : 0.743
name: models.architecture.block_type=cls
training.mode=rollout
models.out_dim=10
models.architecture.n_encoder_layers=1
models.architecture.n_decoder_layers=1
seed=2    avg_loss: 0.000000709365  time_per_window : 0.000303   progress : 0.754
name: models.architecture.block_type=cls
training.mode=rollout
models.out_dim=10
models.architecture.n_encoder_layers=1
models.architecture.n_decoder_layers=1
seed=2    avg_loss: 0.000000648762  time_per_window : 0.000259   progress : 0.765
name: models.architecture.block_type=cls
training.mode=rollout
models.out_dim=10
models.architecture.n_encoder_layers=1
models.architecture.n_decoder_layers=1
seed=2    avg_loss: 0.000004141141  time_per_window : 0.000327   progress : 0.775
name: models.architecture.block_type=cls
training.mode=rollout
models.out_dim=10
models.architecture.n_encoder_layers=1
models.architecture.n_decoder_layers=1
seed=2    avg_loss: 0.000000541196  time_per_window : 0.000281   progress : 0.786
name: models.architecture.block_type=cls
training.mode=rollout
models.out_dim=10
models.architecture.n_encoder_layers=1
models.architecture.n_decoder_layers=1
seed=2    avg_loss: 0.000000578605  time_per_window : 0.000276   progress : 0.797
name: models.architecture.block_type=cls
training.mode=rollout
models.out_dim=10
models.architecture.n_encoder_layers=1
models.architecture.n_decoder_layers=1
seed=2    avg_loss: 0.000000635700  time_per_window : 0.000265   progress : 0.808
name: models.architecture.block_type=cls
training.mode=rollout
models.out_dim=10
models.architecture.n_encoder_layers=1
models.architecture.n_decoder_layers=1
seed=2    avg_loss: 0.000000966173  time_per_window : 0.000255   progress : 0.819
name: models.architecture.block_type=cls
training.mode=rollout
models.out_dim=10
models.architecture.n_encoder_layers=1
models.architecture.n_decoder_layers=1
seed=2    avg_loss: 0.000000875683  time_per_window : 0.000245   progress : 0.830
name: models.architecture.block_type=cls
training.mode=rollout
models.out_dim=10
models.architecture.n_encoder_layers=1
models.architecture.n_decoder_layers=1
seed=2    avg_loss: 0.000001062599  time_per_window : 0.000254   progress : 0.841
name: models.architecture.block_type=cls
training.mode=rollout
models.out_dim=10
models.architecture.n_encoder_layers=1
models.architecture.n_decoder_layers=1
seed=2    avg_loss: 0.000000709295  time_per_window : 0.000300   progress : 0.852
name: models.architecture.block_type=cls
training.mode=rollout
models.out_dim=10
models.architecture.n_encoder_layers=1
models.architecture.n_decoder_layers=1
seed=2    avg_loss: 0.000001001796  time_per_window : 0.000288   progress : 0.863
name: models.architecture.block_type=cls
training.mode=rollout
models.out_dim=10
models.architecture.n_encoder_layers=1
models.architecture.n_decoder_layers=1
seed=2    avg_loss: 0.000000864879  time_per_window : 0.000314   progress : 0.874
name: models.architecture.block_type=cls
training.mode=rollout
models.out_dim=10
models.architecture.n_encoder_layers=1
models.architecture.n_decoder_layers=1
seed=2    avg_loss: 0.000001532751  time_per_window : 0.000269   progress : 0.885
name: models.architecture.block_type=cls
training.mode=rollout
models.out_dim=10
models.architecture.n_encoder_layers=1
models.architecture.n_decoder_layers=1
seed=2    avg_loss: 0.000000559342  time_per_window : 0.000250   progress : 0.896
name: models.architecture.block_type=cls
training.mode=rollout
models.out_dim=10
models.architecture.n_encoder_layers=1
models.architecture.n_decoder_layers=1
seed=2    avg_loss: 0.000001079347  time_per_window : 0.000305   progress : 0.907
name: models.architecture.block_type=cls
training.mode=rollout
models.out_dim=10
models.architecture.n_encoder_layers=1
models.architecture.n_decoder_layers=1
seed=2    avg_loss: 0.000001579112  time_per_window : 0.000267   progress : 0.917
name: models.architecture.block_type=cls
training.mode=rollout
models.out_dim=10
models.architecture.n_encoder_layers=1
models.architecture.n_decoder_layers=1
seed=2    avg_loss: 0.000000998371  time_per_window : 0.000251   progress : 0.928
name: models.architecture.block_type=cls
training.mode=rollout
models.out_dim=10
models.architecture.n_encoder_layers=1
models.architecture.n_decoder_layers=1
seed=2    avg_loss: 0.000000634352  time_per_window : 0.000240   progress : 0.939
name: models.architecture.block_type=cls
training.mode=rollout
models.out_dim=10
models.architecture.n_encoder_layers=1
models.architecture.n_decoder_layers=1
seed=2    avg_loss: 0.000000640875  time_per_window : 0.000254   progress : 0.950
name: models.architecture.block_type=cls
training.mode=rollout
models.out_dim=10
models.architecture.n_encoder_layers=1
models.architecture.n_decoder_layers=1
seed=2    avg_loss: 0.000000770028  time_per_window : 0.000308   progress : 0.961
name: models.architecture.block_type=cls
training.mode=rollout
models.out_dim=10
models.architecture.n_encoder_layers=1
models.architecture.n_decoder_layers=1
seed=2    avg_loss: 0.000000949557  time_per_window : 0.000255   progress : 0.972
name: models.architecture.block_type=cls
training.mode=rollout
models.out_dim=10
models.architecture.n_encoder_layers=1
models.architecture.n_decoder_layers=1
seed=2    avg_loss: 0.000001306785  time_per_window : 0.000256   progress : 0.983
name: models.architecture.block_type=cls
training.mode=rollout
models.out_dim=10
models.architecture.n_encoder_layers=1
models.architecture.n_decoder_layers=1
seed=3    avg_loss: 0.000000986595  time_per_window : 0.000265   progress : 0.623
name: models.architecture.block_type=cls
training.mode=rollout
models.out_dim=10
models.architecture.n_encoder_layers=1
models.architecture.n_decoder_layers=1
seed=3    avg_loss: 0.000001751746  time_per_window : 0.000346   progress : 0.634
name: models.architecture.block_type=cls
training.mode=rollout
models.out_dim=10
models.architecture.n_encoder_layers=1
models.architecture.n_decoder_layers=1
seed=3    avg_loss: 0.000001391770  time_per_window : 0.000287   progress : 0.644
name: models.architecture.block_type=cls
training.mode=rollout
models.out_dim=10
models.architecture.n_encoder_layers=1
models.architecture.n_decoder_layers=1
seed=3    avg_loss: 0.000001935443  time_per_window : 0.000258   progress : 0.655
name: models.architecture.block_type=cls
training.mode=rollout
models.out_dim=10
models.architecture.n_encoder_layers=1
models.architecture.n_decoder_layers=1
seed=3    avg_loss: 0.000000904005  time_per_window : 0.000242   progress : 0.666
name: models.architecture.block_type=cls
training.mode=rollout
models.out_dim=10
models.architecture.n_encoder_layers=1
models.architecture.n_decoder_layers=1
seed=3    avg_loss: 0.000000808470  time_per_window : 0.000255   progress : 0.677
name: models.architecture.block_type=cls
training.mode=rollout
models.out_dim=10
models.architecture.n_encoder_layers=1
models.architecture.n_decoder_layers=1
seed=3    avg_loss: 0.000001163020  time_per_window : 0.000366   progress : 0.688
name: models.architecture.block_type=cls
training.mode=rollout
models.out_dim=10
models.architecture.n_encoder_layers=1
models.architecture.n_decoder_layers=1
seed=3    avg_loss: 0.000001438420  time_per_window : 0.000299   progress : 0.699
name: models.architecture.block_type=cls
training.mode=rollout
models.out_dim=10
models.architecture.n_encoder_layers=1
models.architecture.n_decoder_layers=1
seed=3    avg_loss: 0.000001005162  time_per_window : 0.000250   progress : 0.710
name: models.architecture.block_type=cls
training.mode=rollout
models.out_dim=10
models.architecture.n_encoder_layers=1
models.architecture.n_decoder_layers=1
seed=3    avg_loss: 0.000001469944  time_per_window : 0.000330   progress : 0.721
name: models.architecture.block_type=cls
training.mode=rollout
models.out_dim=10
models.architecture.n_encoder_layers=1
models.architecture.n_decoder_layers=1
seed=3    avg_loss: 0.000000810809  time_per_window : 0.000255   progress : 0.732
name: models.architecture.block_type=cls
training.mode=rollout
models.out_dim=10
models.architecture.n_encoder_layers=1
models.architecture.n_decoder_layers=1
seed=3    avg_loss: 0.000001109661  time_per_window : 0.000235   progress : 0.743
name: models.architecture.block_type=cls
training.mode=rollout
models.out_dim=10
models.architecture.n_encoder_layers=1
models.architecture.n_decoder_layers=1
seed=3    avg_loss: 0.000001405849  time_per_window : 0.000356   progress : 0.754
name: models.architecture.block_type=cls
training.mode=rollout
models.out_dim=10
models.architecture.n_encoder_layers=1
models.architecture.n_decoder_layers=1
seed=3    avg_loss: 0.000000836460  time_per_window : 0.000253   progress : 0.765
name: models.architecture.block_type=cls
training.mode=rollout
models.out_dim=10
models.architecture.n_encoder_layers=1
models.architecture.n_decoder_layers=1
seed=3    avg_loss: 0.000001237979  time_per_window : 0.000321   progress : 0.775
name: models.architecture.block_type=cls
training.mode=rollout
models.out_dim=10
models.architecture.n_encoder_layers=1
models.architecture.n_decoder_layers=1
seed=3    avg_loss: 0.000001167518  time_per_window : 0.000238   progress : 0.786
name: models.architecture.block_type=cls
training.mode=rollout
models.out_dim=10
models.architecture.n_encoder_layers=1
models.architecture.n_decoder_layers=1
seed=3    avg_loss: 0.000000982805  time_per_window : 0.000299   progress : 0.797
name: models.architecture.block_type=cls
training.mode=rollout
models.out_dim=10
models.architecture.n_encoder_layers=1
models.architecture.n_decoder_layers=1
seed=3    avg_loss: 0.000000875314  time_per_window : 0.000225   progress : 0.808
name: models.architecture.block_type=cls
training.mode=rollout
models.out_dim=10
models.architecture.n_encoder_layers=1
models.architecture.n_decoder_layers=1
seed=3    avg_loss: 0.000001063909  time_per_window : 0.000279   progress : 0.819
name: models.architecture.block_type=cls
training.mode=rollout
models.out_dim=10
models.architecture.n_encoder_layers=1
models.architecture.n_decoder_layers=1
seed=3    avg_loss: 0.000000915039  time_per_window : 0.000259   progress : 0.830
name: models.architecture.block_type=cls
training.mode=rollout
models.out_dim=10
models.architecture.n_encoder_layers=1
models.architecture.n_decoder_layers=1
seed=3    avg_loss: 0.000001234217  time_per_window : 0.000264   progress : 0.841
name: models.architecture.block_type=cls
training.mode=rollout
models.out_dim=10
models.architecture.n_encoder_layers=1
models.architecture.n_decoder_layers=1
seed=3    avg_loss: 0.000001026730  time_per_window : 0.000246   progress : 0.852
name: models.architecture.block_type=cls
training.mode=rollout
models.out_dim=10
models.architecture.n_encoder_layers=1
models.architecture.n_decoder_layers=1
seed=3    avg_loss: 0.000001021303  time_per_window : 0.000270   progress : 0.863
name: models.architecture.block_type=cls
training.mode=rollout
models.out_dim=10
models.architecture.n_encoder_layers=1
models.architecture.n_decoder_layers=1
seed=3    avg_loss: 0.000000987488  time_per_window : 0.000269   progress : 0.874
name: models.architecture.block_type=cls
training.mode=rollout
models.out_dim=10
models.architecture.n_encoder_layers=1
models.architecture.n_decoder_layers=1
seed=3    avg_loss: 0.000001015344  time_per_window : 0.000246   progress : 0.885
name: models.architecture.block_type=cls
training.mode=rollout
models.out_dim=10
models.architecture.n_encoder_layers=1
models.architecture.n_decoder_layers=1
seed=3    avg_loss: 0.000001035058  time_per_window : 0.000273   progress : 0.896
name: models.architecture.block_type=cls
training.mode=rollout
models.out_dim=10
models.architecture.n_encoder_layers=1
models.architecture.n_decoder_layers=1
seed=3    avg_loss: 0.000000978777  time_per_window : 0.000285   progress : 0.907
name: models.architecture.block_type=cls
training.mode=rollout
models.out_dim=10
models.architecture.n_encoder_layers=1
models.architecture.n_decoder_layers=1
seed=3    avg_loss: 0.000001004935  time_per_window : 0.000264   progress : 0.917
name: models.architecture.block_type=cls
training.mode=rollout
models.out_dim=10
models.architecture.n_encoder_layers=1
models.architecture.n_decoder_layers=1
seed=3    avg_loss: 0.000001058827  time_per_window : 0.000299   progress : 0.928
name: models.architecture.block_type=cls
training.mode=rollout
models.out_dim=10
models.architecture.n_encoder_layers=1
models.architecture.n_decoder_layers=1
seed=3    avg_loss: 0.000000708859  time_per_window : 0.000242   progress : 0.939
name: models.architecture.block_type=cls
training.mode=rollout
models.out_dim=10
models.architecture.n_encoder_layers=1
models.architecture.n_decoder_layers=1
seed=3    avg_loss: 0.000000821560  time_per_window : 0.000269   progress : 0.950
name: models.architecture.block_type=cls
training.mode=rollout
models.out_dim=10
models.architecture.n_encoder_layers=1
models.architecture.n_decoder_layers=1
seed=3    avg_loss: 0.000002381724  time_per_window : 0.000283   progress : 0.961
name: models.architecture.block_type=cls
training.mode=rollout
models.out_dim=10
models.architecture.n_encoder_layers=1
models.architecture.n_decoder_layers=1
seed=3    avg_loss: 0.000000780283  time_per_window : 0.000322   progress : 0.972
name: models.architecture.block_type=cls
training.mode=rollout
models.out_dim=10
models.architecture.n_encoder_layers=1
models.architecture.n_decoder_layers=1
seed=3    avg_loss: 0.000000565523  time_per_window : 0.000317   progress : 0.983
name: models.architecture.block_type=cls
training.mode=rollout
models.out_dim=10
models.architecture.n_encoder_layers=1
models.architecture.n_decoder_layers=1
seed=1    avg_loss: 0.000001773255  time_per_window : 0.000278   progress : 0.623
name: models.architecture.block_type=cls
training.mode=rollout
models.out_dim=10
models.architecture.n_encoder_layers=1
models.architecture.n_decoder_layers=1
seed=1    avg_loss: 0.000002533606  time_per_window : 0.000309   progress : 0.634
name: models.architecture.block_type=cls
training.mode=rollout
models.out_dim=10
models.architecture.n_encoder_layers=1
models.architecture.n_decoder_layers=1
seed=1    avg_loss: 0.000001109583  time_per_window : 0.000248   progress : 0.644
name: models.architecture.block_type=cls
training.mode=rollout
models.out_dim=10
models.architecture.n_encoder_layers=1
models.architecture.n_decoder_layers=1
seed=1    avg_loss: 0.000000893629  time_per_window : 0.000305   progress : 0.655
name: models.architecture.block_type=cls
training.mode=rollout
models.out_dim=10
models.architecture.n_encoder_layers=1
models.architecture.n_decoder_layers=1
seed=1    avg_loss: 0.000001253980  time_per_window : 0.000239   progress : 0.666
name: models.architecture.block_type=cls
training.mode=rollout
models.out_dim=10
models.architecture.n_encoder_layers=1
models.architecture.n_decoder_layers=1
seed=1    avg_loss: 0.000003054544  time_per_window : 0.000363   progress : 0.677
name: models.architecture.block_type=cls
training.mode=rollout
models.out_dim=10
models.architecture.n_encoder_layers=1
models.architecture.n_decoder_layers=1
seed=1    avg_loss: 0.000001183228  time_per_window : 0.000265   progress : 0.688
name: models.architecture.block_type=cls
training.mode=rollout
models.out_dim=10
models.architecture.n_encoder_layers=1
models.architecture.n_decoder_layers=1
seed=1    avg_loss: 0.000001338871  time_per_window : 0.000256   progress : 0.699
name: models.architecture.block_type=cls
training.mode=rollout
models.out_dim=10
models.architecture.n_encoder_layers=1
models.architecture.n_decoder_layers=1
seed=1    avg_loss: 0.000001209144  time_per_window : 0.000281   progress : 0.710
name: models.architecture.block_type=cls
training.mode=rollout
models.out_dim=10
models.architecture.n_encoder_layers=1
models.architecture.n_decoder_layers=1
seed=1    avg_loss: 0.000001180476  time_per_window : 0.000299   progress : 0.721
name: models.architecture.block_type=cls
training.mode=rollout
models.out_dim=10
models.architecture.n_encoder_layers=1
models.architecture.n_decoder_layers=1
seed=1    avg_loss: 0.000001678276  time_per_window : 0.000335   progress : 0.732
name: models.architecture.block_type=cls
training.mode=rollout
models.out_dim=10
models.architecture.n_encoder_layers=1
models.architecture.n_decoder_layers=1
seed=1    avg_loss: 0.000001568174  time_per_window : 0.000272   progress : 0.743
name: models.architecture.block_type=cls
training.mode=rollout
models.out_dim=10
models.architecture.n_encoder_layers=1
models.architecture.n_decoder_layers=1
seed=1    avg_loss: 0.000001145568  time_per_window : 0.000250   progress : 0.754
name: models.architecture.block_type=cls
training.mode=rollout
models.out_dim=10
models.architecture.n_encoder_layers=1
models.architecture.n_decoder_layers=1
seed=1    avg_loss: 0.000000969346  time_per_window : 0.000263   progress : 0.765
name: models.architecture.block_type=cls
training.mode=rollout
models.out_dim=10
models.architecture.n_encoder_layers=1
models.architecture.n_decoder_layers=1
seed=1    avg_loss: 0.000001666774  time_per_window : 0.000287   progress : 0.775
name: models.architecture.block_type=cls
training.mode=rollout
models.out_dim=10
models.architecture.n_encoder_layers=1
models.architecture.n_decoder_layers=1
seed=1    avg_loss: 0.000001203078  time_per_window : 0.000313   progress : 0.786
name: models.architecture.block_type=cls
training.mode=rollout
models.out_dim=10
models.architecture.n_encoder_layers=1
models.architecture.n_decoder_layers=1
seed=1    avg_loss: 0.000002983213  time_per_window : 0.000269   progress : 0.797
name: models.architecture.block_type=cls
training.mode=rollout
models.out_dim=10
models.architecture.n_encoder_layers=1
models.architecture.n_decoder_layers=1
seed=1    avg_loss: 0.000000776146  time_per_window : 0.000284   progress : 0.808
name: models.architecture.block_type=cls
training.mode=rollout
models.out_dim=10
models.architecture.n_encoder_layers=1
models.architecture.n_decoder_layers=1
seed=1    avg_loss: 0.000001110602  time_per_window : 0.000371   progress : 0.819
name: models.architecture.block_type=cls
training.mode=rollout
models.out_dim=10
models.architecture.n_encoder_layers=1
models.architecture.n_decoder_layers=1
seed=1    avg_loss: 0.000000757962  time_per_window : 0.000269   progress : 0.830
name: models.architecture.block_type=cls
training.mode=rollout
models.out_dim=10
models.architecture.n_encoder_layers=1
models.architecture.n_decoder_layers=1
seed=1    avg_loss: 0.000002000098  time_per_window : 0.000247   progress : 0.841
name: models.architecture.block_type=cls
training.mode=rollout
models.out_dim=10
models.architecture.n_encoder_layers=1
models.architecture.n_decoder_layers=1
seed=1    avg_loss: 0.000000868632  time_per_window : 0.000258   progress : 0.852
name: models.architecture.block_type=cls
training.mode=rollout
models.out_dim=10
models.architecture.n_encoder_layers=1
models.architecture.n_decoder_layers=1
seed=1    avg_loss: 0.000000942646  time_per_window : 0.000321   progress : 0.863
name: models.architecture.block_type=cls
training.mode=rollout
models.out_dim=10
models.architecture.n_encoder_layers=1
models.architecture.n_decoder_layers=1
seed=1    avg_loss: 0.000001752569  time_per_window : 0.000246   progress : 0.874
name: models.architecture.block_type=cls
training.mode=rollout
models.out_dim=10
models.architecture.n_encoder_layers=1
models.architecture.n_decoder_layers=1
seed=1    avg_loss: 0.000000849116  time_per_window : 0.000263   progress : 0.885
name: models.architecture.block_type=cls
training.mode=rollout
models.out_dim=10
models.architecture.n_encoder_layers=1
models.architecture.n_decoder_layers=1
seed=1    avg_loss: 0.000000966442  time_per_window : 0.000266   progress : 0.896
name: models.architecture.block_type=cls
training.mode=rollout
models.out_dim=10
models.architecture.n_encoder_layers=1
models.architecture.n_decoder_layers=1
seed=1    avg_loss: 0.000001353902  time_per_window : 0.000259   progress : 0.907
name: models.architecture.block_type=cls
training.mode=rollout
models.out_dim=10
models.architecture.n_encoder_layers=1
models.architecture.n_decoder_layers=1
seed=1    avg_loss: 0.000001027149  time_per_window : 0.000282   progress : 0.917
name: models.architecture.block_type=cls
training.mode=rollout
models.out_dim=10
models.architecture.n_encoder_layers=1
models.architecture.n_decoder_layers=1
seed=1    avg_loss: 0.000001176560  time_per_window : 0.000294   progress : 0.928
name: models.architecture.block_type=cls
training.mode=rollout
models.out_dim=10
models.architecture.n_encoder_layers=1
models.architecture.n_decoder_layers=1
seed=1    avg_loss: 0.000000941483  time_per_window : 0.000370   progress : 0.939
name: models.architecture.block_type=cls
training.mode=rollout
models.out_dim=10
models.architecture.n_encoder_layers=1
models.architecture.n_decoder_layers=1
seed=1    avg_loss: 0.000001445419  time_per_window : 0.000262   progress : 0.950
name: models.architecture.block_type=cls
training.mode=rollout
models.out_dim=10
models.architecture.n_encoder_layers=1
models.architecture.n_decoder_layers=1
seed=1    avg_loss: 0.000001430965  time_per_window : 0.000248   progress : 0.961
name: models.architecture.block_type=cls
training.mode=rollout
models.out_dim=10
models.architecture.n_encoder_layers=1
models.architecture.n_decoder_layers=1
seed=1    avg_loss: 0.000001009012  time_per_window : 0.000270   progress : 0.972
name: models.architecture.block_type=cls
training.mode=rollout
models.out_dim=10
models.architecture.n_encoder_layers=1
models.architecture.n_decoder_layers=1
seed=1    avg_loss: 0.000000927689  time_per_window : 0.000240   progress : 0.983
name: models.architecture.block_type=cls
training.mode=rollout
models.out_dim=10
models.architecture.n_encoder_layers=1
models.architecture.n_decoder_layers=1
seed=0    avg_loss: 0.000001595260  time_per_window : 0.000244   progress : 0.623
name: models.architecture.block_type=cls
training.mode=rollout
models.out_dim=10
models.architecture.n_encoder_layers=1
models.architecture.n_decoder_layers=1
seed=0    avg_loss: 0.000001476138  time_per_window : 0.000294   progress : 0.634
name: models.architecture.block_type=cls
training.mode=rollout
models.out_dim=10
models.architecture.n_encoder_layers=1
models.architecture.n_decoder_layers=1
seed=0    avg_loss: 0.000002471018  time_per_window : 0.000305   progress : 0.644
name: models.architecture.block_type=cls
training.mode=rollout
models.out_dim=10
models.architecture.n_encoder_layers=1
models.architecture.n_decoder_layers=1
seed=0    avg_loss: 0.000001044096  time_per_window : 0.000304   progress : 0.655
name: models.architecture.block_type=cls
training.mode=rollout
models.out_dim=10
models.architecture.n_encoder_layers=1
models.architecture.n_decoder_layers=1
seed=0    avg_loss: 0.000001256712  time_per_window : 0.000307   progress : 0.666
name: models.architecture.block_type=cls
training.mode=rollout
models.out_dim=10
models.architecture.n_encoder_layers=1
models.architecture.n_decoder_layers=1
seed=0    avg_loss: 0.000002389479  time_per_window : 0.000294   progress : 0.677
name: models.architecture.block_type=cls
training.mode=rollout
models.out_dim=10
models.architecture.n_encoder_layers=1
models.architecture.n_decoder_layers=1
seed=0    avg_loss: 0.000001158646  time_per_window : 0.000322   progress : 0.688
name: models.architecture.block_type=cls
training.mode=rollout
models.out_dim=10
models.architecture.n_encoder_layers=1
models.architecture.n_decoder_layers=1
seed=0    avg_loss: 0.000001011825  time_per_window : 0.000336   progress : 0.699
name: models.architecture.block_type=cls
training.mode=rollout
models.out_dim=10
models.architecture.n_encoder_layers=1
models.architecture.n_decoder_layers=1
seed=0    avg_loss: 0.000001565032  time_per_window : 0.000264   progress : 0.710
name: models.architecture.block_type=cls
training.mode=rollout
models.out_dim=10
models.architecture.n_encoder_layers=1
models.architecture.n_decoder_layers=1
seed=0    avg_loss: 0.000001418797  time_per_window : 0.000286   progress : 0.721
name: models.architecture.block_type=cls
training.mode=rollout
models.out_dim=10
models.architecture.n_encoder_layers=1
models.architecture.n_decoder_layers=1
seed=0    avg_loss: 0.000001258799  time_per_window : 0.000285   progress : 0.732
name: models.architecture.block_type=cls
training.mode=rollout
models.out_dim=10
models.architecture.n_encoder_layers=1
models.architecture.n_decoder_layers=1
seed=0    avg_loss: 0.000002148162  time_per_window : 0.000271   progress : 0.743
name: models.architecture.block_type=cls
training.mode=rollout
models.out_dim=10
models.architecture.n_encoder_layers=1
models.architecture.n_decoder_layers=1
seed=0    avg_loss: 0.000000980300  time_per_window : 0.000283   progress : 0.754
name: models.architecture.block_type=cls
training.mode=rollout
models.out_dim=10
models.architecture.n_encoder_layers=1
models.architecture.n_decoder_layers=1
seed=0    avg_loss: 0.000002289451  time_per_window : 0.000270   progress : 0.765
name: models.architecture.block_type=cls
training.mode=rollout
models.out_dim=10
models.architecture.n_encoder_layers=1
models.architecture.n_decoder_layers=1
seed=0    avg_loss: 0.000002276870  time_per_window : 0.000275   progress : 0.775
name: models.architecture.block_type=cls
training.mode=rollout
models.out_dim=10
models.architecture.n_encoder_layers=1
models.architecture.n_decoder_layers=1
seed=0    avg_loss: 0.000001393929  time_per_window : 0.000271   progress : 0.786
name: models.architecture.block_type=cls
training.mode=rollout
models.out_dim=10
models.architecture.n_encoder_layers=1
models.architecture.n_decoder_layers=1
seed=0    avg_loss: 0.000001834770  time_per_window : 0.000242   progress : 0.797
name: models.architecture.block_type=cls
training.mode=rollout
models.out_dim=10
models.architecture.n_encoder_layers=1
models.architecture.n_decoder_layers=1
seed=0    avg_loss: 0.000000667263  time_per_window : 0.000285   progress : 0.808
name: models.architecture.block_type=cls
training.mode=rollout
models.out_dim=10
models.architecture.n_encoder_layers=1
models.architecture.n_decoder_layers=1
seed=0    avg_loss: 0.000001018916  time_per_window : 0.000292   progress : 0.819
name: models.architecture.block_type=cls
training.mode=rollout
models.out_dim=10
models.architecture.n_encoder_layers=1
models.architecture.n_decoder_layers=1
seed=0    avg_loss: 0.000000932368  time_per_window : 0.000297   progress : 0.830
name: models.architecture.block_type=cls
training.mode=rollout
models.out_dim=10
models.architecture.n_encoder_layers=1
models.architecture.n_decoder_layers=1
seed=0    avg_loss: 0.000003809421  time_per_window : 0.000259   progress : 0.841
name: models.architecture.block_type=cls
training.mode=rollout
models.out_dim=10
models.architecture.n_encoder_layers=1
models.architecture.n_decoder_layers=1
seed=0    avg_loss: 0.000000964869  time_per_window : 0.000249   progress : 0.852
name: models.architecture.block_type=cls
training.mode=rollout
models.out_dim=10
models.architecture.n_encoder_layers=1
models.architecture.n_decoder_layers=1
seed=0    avg_loss: 0.000001061361  time_per_window : 0.000341   progress : 0.863
name: models.architecture.block_type=cls
training.mode=rollout
models.out_dim=10
models.architecture.n_encoder_layers=1
models.architecture.n_decoder_layers=1
seed=0    avg_loss: 0.000001196098  time_per_window : 0.000298   progress : 0.874
name: models.architecture.block_type=cls
training.mode=rollout
models.out_dim=10
models.architecture.n_encoder_layers=1
models.architecture.n_decoder_layers=1
seed=0    avg_loss: 0.000000903990  time_per_window : 0.000307   progress : 0.885
name: models.architecture.block_type=cls
training.mode=rollout
models.out_dim=10
models.architecture.n_encoder_layers=1
models.architecture.n_decoder_layers=1
seed=0    avg_loss: 0.000001289951  time_per_window : 0.000253   progress : 0.896
name: models.architecture.block_type=cls
training.mode=rollout
models.out_dim=10
models.architecture.n_encoder_layers=1
models.architecture.n_decoder_layers=1
seed=0    avg_loss: 0.000000920184  time_per_window : 0.000265   progress : 0.907
name: models.architecture.block_type=cls
training.mode=rollout
models.out_dim=10
models.architecture.n_encoder_layers=1
models.architecture.n_decoder_layers=1
seed=0    avg_loss: 0.000001742281  time_per_window : 0.000271   progress : 0.917
name: models.architecture.block_type=cls
training.mode=rollout
models.out_dim=10
models.architecture.n_encoder_layers=1
models.architecture.n_decoder_layers=1
seed=0    avg_loss: 0.000001271671  time_per_window : 0.000264   progress : 0.928
name: models.architecture.block_type=cls
training.mode=rollout
models.out_dim=10
models.architecture.n_encoder_layers=1
models.architecture.n_decoder_layers=1
seed=0    avg_loss: 0.000001271805  time_per_window : 0.000255   progress : 0.939
name: models.architecture.block_type=cls
training.mode=rollout
models.out_dim=10
models.architecture.n_encoder_layers=1
models.architecture.n_decoder_layers=1
seed=0    avg_loss: 0.000001161001  time_per_window : 0.000246   progress : 0.950
name: models.architecture.block_type=cls
training.mode=rollout
models.out_dim=10
models.architecture.n_encoder_layers=1
models.architecture.n_decoder_layers=1
seed=0    avg_loss: 0.000001108431  time_per_window : 0.000258   progress : 0.961
name: models.architecture.block_type=cls
training.mode=rollout
models.out_dim=10
models.architecture.n_encoder_layers=1
models.architecture.n_decoder_layers=1
seed=0    avg_loss: 0.000001427961  time_per_window : 0.000260   progress : 0.972
name: models.architecture.block_type=cls
training.mode=rollout
models.out_dim=10
models.architecture.n_encoder_layers=1
models.architecture.n_decoder_layers=1
seed=0    avg_loss: 0.000001042326  time_per_window : 0.000268   progress : 0.983
name: models.architecture.block_type=cls
training.mode=rollout
models.out_dim=10
models.architecture.n_encoder_layers=1
models.architecture.n_decoder_layers=1
seed=4    avg_loss: 0.000000989299  time_per_window : 0.000250   progress : 0.994
name: models.architecture.block_type=cls
training.mode=rollout
models.out_dim=10
models.architecture.n_encoder_layers=1
models.architecture.n_decoder_layers=1
seed=4    avg_loss: 0.002104041167  time_per_window : 0.000248   progress : 0.011
name: models.architecture.block_type=cls
training.mode=rollout
models.out_dim=10
models.architecture.n_encoder_layers=1
models.architecture.n_decoder_layers=1
seed=4    avg_loss: 0.000004675706  time_per_window : 0.000349   progress : 0.022
name: models.architecture.block_type=cls
training.mode=rollout
models.out_dim=10
models.architecture.n_encoder_layers=1
models.architecture.n_decoder_layers=1
seed=4    avg_loss: 0.000004433573  time_per_window : 0.000271   progress : 0.033
name: models.architecture.block_type=cls
training.mode=rollout
models.out_dim=10
models.architecture.n_encoder_layers=1
models.architecture.n_decoder_layers=1
seed=4    avg_loss: 0.000004057785  time_per_window : 0.000284   progress : 0.044
name: models.architecture.block_type=cls
training.mode=rollout
models.out_dim=10
models.architecture.n_encoder_layers=1
models.architecture.n_decoder_layers=1
seed=4    avg_loss: 0.000003694005  time_per_window : 0.000233   progress : 0.055
name: models.architecture.block_type=cls
training.mode=rollout
models.out_dim=10
models.architecture.n_encoder_layers=1
models.architecture.n_decoder_layers=1
seed=4    avg_loss: 0.000003298692  time_per_window : 0.000267   progress : 0.066
name: models.architecture.block_type=cls
training.mode=rollout
models.out_dim=10
models.architecture.n_encoder_layers=1
models.architecture.n_decoder_layers=1
seed=4    avg_loss: 0.000003042925  time_per_window : 0.000302   progress : 0.076
name: models.architecture.block_type=cls
training.mode=rollout
models.out_dim=10
models.architecture.n_encoder_layers=1
models.architecture.n_decoder_layers=1
seed=4    avg_loss: 0.000002923391  time_per_window : 0.000258   progress : 0.087
name: models.architecture.block_type=cls
training.mode=rollout
models.out_dim=10
models.architecture.n_encoder_layers=1
models.architecture.n_decoder_layers=1
seed=4    avg_loss: 0.000002786125  time_per_window : 0.000265   progress : 0.098
name: models.architecture.block_type=cls
training.mode=rollout
models.out_dim=10
models.architecture.n_encoder_layers=1
models.architecture.n_decoder_layers=1
seed=4    avg_loss: 0.000002616116  time_per_window : 0.000309   progress : 0.109
name: models.architecture.block_type=cls
training.mode=rollout
models.out_dim=10
models.architecture.n_encoder_layers=1
models.architecture.n_decoder_layers=1
seed=4    avg_loss: 0.000002504332  time_per_window : 0.000284   progress : 0.120
name: models.architecture.block_type=cls
training.mode=rollout
models.out_dim=10
models.architecture.n_encoder_layers=1
models.architecture.n_decoder_layers=1
seed=4    avg_loss: 0.000002355368  time_per_window : 0.000280   progress : 0.131
name: models.architecture.block_type=cls
training.mode=rollout
models.out_dim=10
models.architecture.n_encoder_layers=1
models.architecture.n_decoder_layers=1
seed=4    avg_loss: 0.000002634249  time_per_window : 0.000259   progress : 0.142
name: models.architecture.block_type=cls
training.mode=rollout
models.out_dim=10
models.architecture.n_encoder_layers=1
models.architecture.n_decoder_layers=1
seed=4    avg_loss: 0.000002945668  time_per_window : 0.000276   progress : 0.153
name: models.architecture.block_type=cls
training.mode=rollout
models.out_dim=10
models.architecture.n_encoder_layers=1
models.architecture.n_decoder_layers=1
seed=4    avg_loss: 0.000002218785  time_per_window : 0.000344   progress : 0.164
name: models.architecture.block_type=cls
training.mode=rollout
models.out_dim=10
models.architecture.n_encoder_layers=1
models.architecture.n_decoder_layers=1
seed=4    avg_loss: 0.000002552210  time_per_window : 0.000283   progress : 0.175
name: models.architecture.block_type=cls
training.mode=rollout
models.out_dim=10
models.architecture.n_encoder_layers=1
models.architecture.n_decoder_layers=1
seed=4    avg_loss: 0.000002646273  time_per_window : 0.000322   progress : 0.186
name: models.architecture.block_type=cls
training.mode=rollout
models.out_dim=10
models.architecture.n_encoder_layers=1
models.architecture.n_decoder_layers=1
seed=4    avg_loss: 0.000002889546  time_per_window : 0.000290   progress : 0.197
name: models.architecture.block_type=cls
training.mode=rollout
models.out_dim=10
models.architecture.n_encoder_layers=1
models.architecture.n_decoder_layers=1
seed=4    avg_loss: 0.000003148832  time_per_window : 0.000268   progress : 0.208
name: models.architecture.block_type=cls
training.mode=rollout
models.out_dim=10
models.architecture.n_encoder_layers=1
models.architecture.n_decoder_layers=1
seed=4    avg_loss: 0.000003339974  time_per_window : 0.000298   progress : 0.218
name: models.architecture.block_type=cls
training.mode=rollout
models.out_dim=10
models.architecture.n_encoder_layers=1
models.architecture.n_decoder_layers=1
seed=4    avg_loss: 0.000004639546  time_per_window : 0.000298   progress : 0.229
name: models.architecture.block_type=cls
training.mode=rollout
models.out_dim=10
models.architecture.n_encoder_layers=1
models.architecture.n_decoder_layers=1
seed=4    avg_loss: 0.000003710236  time_per_window : 0.000274   progress : 0.240
name: models.architecture.block_type=cls
training.mode=rollout
models.out_dim=10
models.architecture.n_encoder_layers=1
models.architecture.n_decoder_layers=1
seed=4    avg_loss: 0.000003964361  time_per_window : 0.000266   progress : 0.251
name: models.architecture.block_type=cls
training.mode=rollout
models.out_dim=10
models.architecture.n_encoder_layers=1
models.architecture.n_decoder_layers=1
seed=4    avg_loss: 0.000005080712  time_per_window : 0.000298   progress : 0.262
name: models.architecture.block_type=cls
training.mode=rollout
models.out_dim=10
models.architecture.n_encoder_layers=1
models.architecture.n_decoder_layers=1
seed=4    avg_loss: 0.000004127287  time_per_window : 0.000242   progress : 0.273
name: models.architecture.block_type=cls
training.mode=rollout
models.out_dim=10
models.architecture.n_encoder_layers=1
models.architecture.n_decoder_layers=1
seed=4    avg_loss: 0.000006129020  time_per_window : 0.000291   progress : 0.284
name: models.architecture.block_type=cls
training.mode=rollout
models.out_dim=10
models.architecture.n_encoder_layers=1
models.architecture.n_decoder_layers=1
seed=4    avg_loss: 0.000005256558  time_per_window : 0.000299   progress : 0.295
name: models.architecture.block_type=cls
training.mode=rollout
models.out_dim=10
models.architecture.n_encoder_layers=1
models.architecture.n_decoder_layers=1
seed=4    avg_loss: 0.000005406444  time_per_window : 0.000269   progress : 0.306
name: models.architecture.block_type=cls
training.mode=rollout
models.out_dim=10
models.architecture.n_encoder_layers=1
models.architecture.n_decoder_layers=1
seed=4    avg_loss: 0.000005641130  time_per_window : 0.000280   progress : 0.317
name: models.architecture.block_type=cls
training.mode=rollout
models.out_dim=10
models.architecture.n_encoder_layers=1
models.architecture.n_decoder_layers=1
seed=4    avg_loss: 0.000004354970  time_per_window : 0.000253   progress : 0.328
name: models.architecture.block_type=cls
training.mode=rollout
models.out_dim=10
models.architecture.n_encoder_layers=1
models.architecture.n_decoder_layers=1
seed=4    avg_loss: 0.000005780380  time_per_window : 0.000292   progress : 0.339
name: models.architecture.block_type=cls
training.mode=rollout
models.out_dim=10
models.architecture.n_encoder_layers=1
models.architecture.n_decoder_layers=1
seed=4    avg_loss: 0.000006558364  time_per_window : 0.000261   progress : 0.350
name: models.architecture.block_type=cls
training.mode=rollout
models.out_dim=10
models.architecture.n_encoder_layers=1
models.architecture.n_decoder_layers=1
seed=4    avg_loss: 0.000005468176  time_per_window : 0.000247   progress : 0.360
name: models.architecture.block_type=cls
training.mode=rollout
models.out_dim=10
models.architecture.n_encoder_layers=1
models.architecture.n_decoder_layers=1
seed=2    avg_loss: 0.000000837411  time_per_window : 0.000231   progress : 0.994
name: models.architecture.block_type=cls
training.mode=rollout
models.out_dim=10
models.architecture.n_encoder_layers=1
models.architecture.n_decoder_layers=1
seed=2    avg_loss: 0.001422044472  time_per_window : 0.000285   progress : 0.011
name: models.architecture.block_type=cls
training.mode=rollout
models.out_dim=10
models.architecture.n_encoder_layers=1
models.architecture.n_decoder_layers=1
seed=2    avg_loss: 0.000003401894  time_per_window : 0.000312   progress : 0.022
name: models.architecture.block_type=cls
training.mode=rollout
models.out_dim=10
models.architecture.n_encoder_layers=1
models.architecture.n_decoder_layers=1
seed=2    avg_loss: 0.000003222465  time_per_window : 0.000257   progress : 0.033
name: models.architecture.block_type=cls
training.mode=rollout
models.out_dim=10
models.architecture.n_encoder_layers=1
models.architecture.n_decoder_layers=1
seed=2    avg_loss: 0.000002995448  time_per_window : 0.000298   progress : 0.044
name: models.architecture.block_type=cls
training.mode=rollout
models.out_dim=10
models.architecture.n_encoder_layers=1
models.architecture.n_decoder_layers=1
seed=2    avg_loss: 0.000002858844  time_per_window : 0.000262   progress : 0.055
name: models.architecture.block_type=cls
training.mode=rollout
models.out_dim=10
models.architecture.n_encoder_layers=1
models.architecture.n_decoder_layers=1
seed=2    avg_loss: 0.000002702041  time_per_window : 0.000260   progress : 0.066
name: models.architecture.block_type=cls
training.mode=rollout
models.out_dim=10
models.architecture.n_encoder_layers=1
models.architecture.n_decoder_layers=1
seed=2    avg_loss: 0.000002724879  time_per_window : 0.000273   progress : 0.076
name: models.architecture.block_type=cls
training.mode=rollout
models.out_dim=10
models.architecture.n_encoder_layers=1
models.architecture.n_decoder_layers=1
seed=2    avg_loss: 0.000002650775  time_per_window : 0.000282   progress : 0.087
name: models.architecture.block_type=cls
training.mode=rollout
models.out_dim=10
models.architecture.n_encoder_layers=1
models.architecture.n_decoder_layers=1
seed=2    avg_loss: 0.000002629821  time_per_window : 0.000322   progress : 0.098
name: models.architecture.block_type=cls
training.mode=rollout
models.out_dim=10
models.architecture.n_encoder_layers=1
models.architecture.n_decoder_layers=1
seed=2    avg_loss: 0.000002747762  time_per_window : 0.000251   progress : 0.109
name: models.architecture.block_type=cls
training.mode=rollout
models.out_dim=10
models.architecture.n_encoder_layers=1
models.architecture.n_decoder_layers=1
seed=2    avg_loss: 0.000002573317  time_per_window : 0.000266   progress : 0.120
name: models.architecture.block_type=cls
training.mode=rollout
models.out_dim=10
models.architecture.n_encoder_layers=1
models.architecture.n_decoder_layers=1
seed=2    avg_loss: 0.000002509797  time_per_window : 0.000291   progress : 0.131
name: models.architecture.block_type=cls
training.mode=rollout
models.out_dim=10
models.architecture.n_encoder_layers=1
models.architecture.n_decoder_layers=1
seed=2    avg_loss: 0.000002324149  time_per_window : 0.000343   progress : 0.142
name: models.architecture.block_type=cls
training.mode=rollout
models.out_dim=10
models.architecture.n_encoder_layers=1
models.architecture.n_decoder_layers=1
seed=2    avg_loss: 0.000002595581  time_per_window : 0.000257   progress : 0.153
name: models.architecture.block_type=cls
training.mode=rollout
models.out_dim=10
models.architecture.n_encoder_layers=1
models.architecture.n_decoder_layers=1
seed=2    avg_loss: 0.000002438312  time_per_window : 0.000249   progress : 0.164
name: models.architecture.block_type=cls
training.mode=rollout
models.out_dim=10
models.architecture.n_encoder_layers=1
models.architecture.n_decoder_layers=1
seed=2    avg_loss: 0.000002450658  time_per_window : 0.000283   progress : 0.175
name: models.architecture.block_type=cls
training.mode=rollout
models.out_dim=10
models.architecture.n_encoder_layers=1
models.architecture.n_decoder_layers=1
seed=2    avg_loss: 0.000002449164  time_per_window : 0.000270   progress : 0.186
name: models.architecture.block_type=cls
training.mode=rollout
models.out_dim=10
models.architecture.n_encoder_layers=1
models.architecture.n_decoder_layers=1
seed=2    avg_loss: 0.000002839570  time_per_window : 0.000248   progress : 0.197
name: models.architecture.block_type=cls
training.mode=rollout
models.out_dim=10
models.architecture.n_encoder_layers=1
models.architecture.n_decoder_layers=1
seed=2    avg_loss: 0.000002621176  time_per_window : 0.000289   progress : 0.208
name: models.architecture.block_type=cls
training.mode=rollout
models.out_dim=10
models.architecture.n_encoder_layers=1
models.architecture.n_decoder_layers=1
seed=2    avg_loss: 0.000003221317  time_per_window : 0.000350   progress : 0.218
name: models.architecture.block_type=cls
training.mode=rollout
models.out_dim=10
models.architecture.n_encoder_layers=1
models.architecture.n_decoder_layers=1
seed=2    avg_loss: 0.000003872945  time_per_window : 0.000276   progress : 0.229
name: models.architecture.block_type=cls
training.mode=rollout
models.out_dim=10
models.architecture.n_encoder_layers=1
models.architecture.n_decoder_layers=1
seed=2    avg_loss: 0.000004581411  time_per_window : 0.000245   progress : 0.240
name: models.architecture.block_type=cls
training.mode=rollout
models.out_dim=10
models.architecture.n_encoder_layers=1
models.architecture.n_decoder_layers=1
seed=2    avg_loss: 0.000004854539  time_per_window : 0.000294   progress : 0.251
name: models.architecture.block_type=cls
training.mode=rollout
models.out_dim=10
models.architecture.n_encoder_layers=1
models.architecture.n_decoder_layers=1
seed=2    avg_loss: 0.000003439206  time_per_window : 0.000359   progress : 0.262
name: models.architecture.block_type=cls
training.mode=rollout
models.out_dim=10
models.architecture.n_encoder_layers=1
models.architecture.n_decoder_layers=1
seed=2    avg_loss: 0.000003488301  time_per_window : 0.000270   progress : 0.273
name: models.architecture.block_type=cls
training.mode=rollout
models.out_dim=10
models.architecture.n_encoder_layers=1
models.architecture.n_decoder_layers=1
seed=2    avg_loss: 0.000006168093  time_per_window : 0.000299   progress : 0.284
name: models.architecture.block_type=cls
training.mode=rollout
models.out_dim=10
models.architecture.n_encoder_layers=1
models.architecture.n_decoder_layers=1
seed=2    avg_loss: 0.000004341031  time_per_window : 0.000298   progress : 0.295
name: models.architecture.block_type=cls
training.mode=rollout
models.out_dim=10
models.architecture.n_encoder_layers=1
models.architecture.n_decoder_layers=1
seed=2    avg_loss: 0.000004135391  time_per_window : 0.000264   progress : 0.306
name: models.architecture.block_type=cls
training.mode=rollout
models.out_dim=10
models.architecture.n_encoder_layers=1
models.architecture.n_decoder_layers=1
seed=2    avg_loss: 0.000003797902  time_per_window : 0.000294   progress : 0.317
name: models.architecture.block_type=cls
training.mode=rollout
models.out_dim=10
models.architecture.n_encoder_layers=1
models.architecture.n_decoder_layers=1
seed=2    avg_loss: 0.000004443613  time_per_window : 0.000317   progress : 0.328
name: models.architecture.block_type=cls
training.mode=rollout
models.out_dim=10
models.architecture.n_encoder_layers=1
models.architecture.n_decoder_layers=1
seed=2    avg_loss: 0.000006746607  time_per_window : 0.000260   progress : 0.339
name: models.architecture.block_type=cls
training.mode=rollout
models.out_dim=10
models.architecture.n_encoder_layers=1
models.architecture.n_decoder_layers=1
seed=2    avg_loss: 0.000004657383  time_per_window : 0.000256   progress : 0.350
name: models.architecture.block_type=cls
training.mode=rollout
models.out_dim=10
models.architecture.n_encoder_layers=1
models.architecture.n_decoder_layers=1
seed=2    avg_loss: 0.000008235771  time_per_window : 0.000266   progress : 0.360
name: models.architecture.block_type=cls
training.mode=rollout
models.out_dim=10
models.architecture.n_encoder_layers=1
models.architecture.n_decoder_layers=1
seed=3    avg_loss: 0.000001086831  time_per_window : 0.000313   progress : 0.994
name: models.architecture.block_type=cls
training.mode=rollout
models.out_dim=10
models.architecture.n_encoder_layers=1
models.architecture.n_decoder_layers=1
seed=3    avg_loss: 0.001440306078  time_per_window : 0.000267   progress : 0.011
name: models.architecture.block_type=cls
training.mode=rollout
models.out_dim=10
models.architecture.n_encoder_layers=1
models.architecture.n_decoder_layers=1
seed=3    avg_loss: 0.000004081096  time_per_window : 0.000270   progress : 0.022
name: models.architecture.block_type=cls
training.mode=rollout
models.out_dim=10
models.architecture.n_encoder_layers=1
models.architecture.n_decoder_layers=1
seed=3    avg_loss: 0.000003670216  time_per_window : 0.000254   progress : 0.033
name: models.architecture.block_type=cls
training.mode=rollout
models.out_dim=10
models.architecture.n_encoder_layers=1
models.architecture.n_decoder_layers=1
seed=3    avg_loss: 0.000003327066  time_per_window : 0.000264   progress : 0.044
name: models.architecture.block_type=cls
training.mode=rollout
models.out_dim=10
models.architecture.n_encoder_layers=1
models.architecture.n_decoder_layers=1
seed=3    avg_loss: 0.000003125472  time_per_window : 0.000246   progress : 0.055
name: models.architecture.block_type=cls
training.mode=rollout
models.out_dim=10
models.architecture.n_encoder_layers=1
models.architecture.n_decoder_layers=1
seed=3    avg_loss: 0.000002916149  time_per_window : 0.000240   progress : 0.066
name: models.architecture.block_type=cls
training.mode=rollout
models.out_dim=10
models.architecture.n_encoder_layers=1
models.architecture.n_decoder_layers=1
seed=3    avg_loss: 0.000002790514  time_per_window : 0.000279   progress : 0.076
name: models.architecture.block_type=cls
training.mode=rollout
models.out_dim=10
models.architecture.n_encoder_layers=1
models.architecture.n_decoder_layers=1
seed=3    avg_loss: 0.000002872506  time_per_window : 0.000270   progress : 0.087
name: models.architecture.block_type=cls
training.mode=rollout
models.out_dim=10
models.architecture.n_encoder_layers=1
models.architecture.n_decoder_layers=1
seed=3    avg_loss: 0.000002839423  time_per_window : 0.000249   progress : 0.098
name: models.architecture.block_type=cls
training.mode=rollout
models.out_dim=10
models.architecture.n_encoder_layers=1
models.architecture.n_decoder_layers=1
seed=3    avg_loss: 0.000003010085  time_per_window : 0.000249   progress : 0.109
name: models.architecture.block_type=cls
training.mode=rollout
models.out_dim=10
models.architecture.n_encoder_layers=1
models.architecture.n_decoder_layers=1
seed=3    avg_loss: 0.000002797446  time_per_window : 0.000282   progress : 0.120
name: models.architecture.block_type=cls
training.mode=rollout
models.out_dim=10
models.architecture.n_encoder_layers=1
models.architecture.n_decoder_layers=1
seed=3    avg_loss: 0.000002666874  time_per_window : 0.000316   progress : 0.131
name: models.architecture.block_type=cls
training.mode=rollout
models.out_dim=10
models.architecture.n_encoder_layers=1
models.architecture.n_decoder_layers=1
seed=3    avg_loss: 0.000002845152  time_per_window : 0.000300   progress : 0.142
name: models.architecture.block_type=cls
training.mode=rollout
models.out_dim=10
models.architecture.n_encoder_layers=1
models.architecture.n_decoder_layers=1
seed=3    avg_loss: 0.000002850726  time_per_window : 0.000329   progress : 0.153
name: models.architecture.block_type=cls
training.mode=rollout
models.out_dim=10
models.architecture.n_encoder_layers=1
models.architecture.n_decoder_layers=1
seed=3    avg_loss: 0.000002608982  time_per_window : 0.000305   progress : 0.164
name: models.architecture.block_type=cls
training.mode=rollout
models.out_dim=10
models.architecture.n_encoder_layers=1
models.architecture.n_decoder_layers=1
seed=3    avg_loss: 0.000002779689  time_per_window : 0.000259   progress : 0.175
name: models.architecture.block_type=cls
training.mode=rollout
models.out_dim=10
models.architecture.n_encoder_layers=1
models.architecture.n_decoder_layers=1
seed=3    avg_loss: 0.000003143430  time_per_window : 0.000301   progress : 0.186
name: models.architecture.block_type=cls
training.mode=rollout
models.out_dim=10
models.architecture.n_encoder_layers=1
models.architecture.n_decoder_layers=1
seed=3    avg_loss: 0.000003589437  time_per_window : 0.000334   progress : 0.197
name: models.architecture.block_type=cls
training.mode=rollout
models.out_dim=10
models.architecture.n_encoder_layers=1
models.architecture.n_decoder_layers=1
seed=3    avg_loss: 0.000004007347  time_per_window : 0.000245   progress : 0.208
name: models.architecture.block_type=cls
training.mode=rollout
models.out_dim=10
models.architecture.n_encoder_layers=1
models.architecture.n_decoder_layers=1
seed=3    avg_loss: 0.000005122538  time_per_window : 0.000291   progress : 0.218
name: models.architecture.block_type=cls
training.mode=rollout
models.out_dim=10
models.architecture.n_encoder_layers=1
models.architecture.n_decoder_layers=1
seed=3    avg_loss: 0.000004880496  time_per_window : 0.000336   progress : 0.229
name: models.architecture.block_type=cls
training.mode=rollout
models.out_dim=10
models.architecture.n_encoder_layers=1
models.architecture.n_decoder_layers=1
seed=3    avg_loss: 0.000004213814  time_per_window : 0.000267   progress : 0.240
name: models.architecture.block_type=cls
training.mode=rollout
models.out_dim=10
models.architecture.n_encoder_layers=1
models.architecture.n_decoder_layers=1
seed=3    avg_loss: 0.000004218520  time_per_window : 0.000286   progress : 0.251
name: models.architecture.block_type=cls
training.mode=rollout
models.out_dim=10
models.architecture.n_encoder_layers=1
models.architecture.n_decoder_layers=1
seed=3    avg_loss: 0.000005837435  time_per_window : 0.000285   progress : 0.262
name: models.architecture.block_type=cls
training.mode=rollout
models.out_dim=10
models.architecture.n_encoder_layers=1
models.architecture.n_decoder_layers=1
seed=3    avg_loss: 0.000003817144  time_per_window : 0.000253   progress : 0.273
name: models.architecture.block_type=cls
training.mode=rollout
models.out_dim=10
models.architecture.n_encoder_layers=1
models.architecture.n_decoder_layers=1
seed=3    avg_loss: 0.000006465368  time_per_window : 0.000260   progress : 0.284
name: models.architecture.block_type=cls
training.mode=rollout
models.out_dim=10
models.architecture.n_encoder_layers=1
models.architecture.n_decoder_layers=1
seed=3    avg_loss: 0.000005070407  time_per_window : 0.000315   progress : 0.295
name: models.architecture.block_type=cls
training.mode=rollout
models.out_dim=10
models.architecture.n_encoder_layers=1
models.architecture.n_decoder_layers=1
seed=3    avg_loss: 0.000005005880  time_per_window : 0.000255   progress : 0.306
name: models.architecture.block_type=cls
training.mode=rollout
models.out_dim=10
models.architecture.n_encoder_layers=1
models.architecture.n_decoder_layers=1
seed=3    avg_loss: 0.000008193467  time_per_window : 0.000235   progress : 0.317
name: models.architecture.block_type=cls
training.mode=rollout
models.out_dim=10
models.architecture.n_encoder_layers=1
models.architecture.n_decoder_layers=1
seed=3    avg_loss: 0.000004302090  time_per_window : 0.000266   progress : 0.328
name: models.architecture.block_type=cls
training.mode=rollout
models.out_dim=10
models.architecture.n_encoder_layers=1
models.architecture.n_decoder_layers=1
seed=3    avg_loss: 0.000005739218  time_per_window : 0.000232   progress : 0.339
name: models.architecture.block_type=cls
training.mode=rollout
models.out_dim=10
models.architecture.n_encoder_layers=1
models.architecture.n_decoder_layers=1
seed=3    avg_loss: 0.000005545177  time_per_window : 0.000281   progress : 0.350
name: models.architecture.block_type=cls
training.mode=rollout
models.out_dim=10
models.architecture.n_encoder_layers=1
models.architecture.n_decoder_layers=1
seed=3    avg_loss: 0.000006723690  time_per_window : 0.000265   progress : 0.360
name: models.architecture.block_type=cls
training.mode=rollout
models.out_dim=10
models.architecture.n_encoder_layers=1
models.architecture.n_decoder_layers=1
seed=0    avg_loss: 0.000004530079  time_per_window : 0.000264   progress : 0.994
name: models.architecture.block_type=cls
training.mode=rollout
models.out_dim=10
models.architecture.n_encoder_layers=1
models.architecture.n_decoder_layers=1
seed=0    avg_loss: 0.001952016028  time_per_window : 0.000325   progress : 0.011
name: models.architecture.block_type=cls
training.mode=rollout
models.out_dim=10
models.architecture.n_encoder_layers=1
models.architecture.n_decoder_layers=1
seed=0    avg_loss: 0.000004010434  time_per_window : 0.000293   progress : 0.022
name: models.architecture.block_type=cls
training.mode=rollout
models.out_dim=10
models.architecture.n_encoder_layers=1
models.architecture.n_decoder_layers=1
seed=0    avg_loss: 0.000003540511  time_per_window : 0.000331   progress : 0.033
name: models.architecture.block_type=cls
training.mode=rollout
models.out_dim=10
models.architecture.n_encoder_layers=1
models.architecture.n_decoder_layers=1
seed=0    avg_loss: 0.000002990040  time_per_window : 0.000302   progress : 0.044
name: models.architecture.block_type=cls
training.mode=rollout
models.out_dim=10
models.architecture.n_encoder_layers=1
models.architecture.n_decoder_layers=1
seed=0    avg_loss: 0.000002627791  time_per_window : 0.000249   progress : 0.055
name: models.architecture.block_type=cls
training.mode=rollout
models.out_dim=10
models.architecture.n_encoder_layers=1
models.architecture.n_decoder_layers=1
seed=0    avg_loss: 0.000002374063  time_per_window : 0.000336   progress : 0.066
name: models.architecture.block_type=cls
training.mode=rollout
models.out_dim=10
models.architecture.n_encoder_layers=1
models.architecture.n_decoder_layers=1
seed=0    avg_loss: 0.000002326273  time_per_window : 0.000262   progress : 0.076
name: models.architecture.block_type=cls
training.mode=rollout
models.out_dim=10
models.architecture.n_encoder_layers=1
models.architecture.n_decoder_layers=1
seed=0    avg_loss: 0.000002103043  time_per_window : 0.000349   progress : 0.087
name: models.architecture.block_type=cls
training.mode=rollout
models.out_dim=10
models.architecture.n_encoder_layers=1
models.architecture.n_decoder_layers=1
seed=0    avg_loss: 0.000002380943  time_per_window : 0.000295   progress : 0.098
name: models.architecture.block_type=cls
training.mode=rollout
models.out_dim=10
models.architecture.n_encoder_layers=1
models.architecture.n_decoder_layers=1
seed=0    avg_loss: 0.000002320012  time_per_window : 0.000268   progress : 0.109
name: models.architecture.block_type=cls
training.mode=rollout
models.out_dim=10
models.architecture.n_encoder_layers=1
models.architecture.n_decoder_layers=1
seed=0    avg_loss: 0.000002270142  time_per_window : 0.000267   progress : 0.120
name: models.architecture.block_type=cls
training.mode=rollout
models.out_dim=10
models.architecture.n_encoder_layers=1
models.architecture.n_decoder_layers=1
seed=0    avg_loss: 0.000002350443  time_per_window : 0.000320   progress : 0.131
name: models.architecture.block_type=cls
training.mode=rollout
models.out_dim=10
models.architecture.n_encoder_layers=1
models.architecture.n_decoder_layers=1
seed=0    avg_loss: 0.000002577131  time_per_window : 0.000265   progress : 0.142
name: models.architecture.block_type=cls
training.mode=rollout
models.out_dim=10
models.architecture.n_encoder_layers=1
models.architecture.n_decoder_layers=1
seed=0    avg_loss: 0.000002430155  time_per_window : 0.000248   progress : 0.153
name: models.architecture.block_type=cls
training.mode=rollout
models.out_dim=10
models.architecture.n_encoder_layers=1
models.architecture.n_decoder_layers=1
seed=0    avg_loss: 0.000002715930  time_per_window : 0.000349   progress : 0.164
name: models.architecture.block_type=cls
training.mode=rollout
models.out_dim=10
models.architecture.n_encoder_layers=1
models.architecture.n_decoder_layers=1
seed=0    avg_loss: 0.000003247445  time_per_window : 0.000307   progress : 0.175
name: models.architecture.block_type=cls
training.mode=rollout
models.out_dim=10
models.architecture.n_encoder_layers=1
models.architecture.n_decoder_layers=1
seed=0    avg_loss: 0.000003197862  time_per_window : 0.000245   progress : 0.186
name: models.architecture.block_type=cls
training.mode=rollout
models.out_dim=10
models.architecture.n_encoder_layers=1
models.architecture.n_decoder_layers=1
seed=0    avg_loss: 0.000003496335  time_per_window : 0.000325   progress : 0.197
name: models.architecture.block_type=cls
training.mode=rollout
models.out_dim=10
models.architecture.n_encoder_layers=1
models.architecture.n_decoder_layers=1
seed=0    avg_loss: 0.000003287320  time_per_window : 0.000283   progress : 0.208
name: models.architecture.block_type=cls
training.mode=rollout
models.out_dim=10
models.architecture.n_encoder_layers=1
models.architecture.n_decoder_layers=1
seed=0    avg_loss: 0.000004850951  time_per_window : 0.000278   progress : 0.218
name: models.architecture.block_type=cls
training.mode=rollout
models.out_dim=10
models.architecture.n_encoder_layers=1
models.architecture.n_decoder_layers=1
seed=0    avg_loss: 0.000006767248  time_per_window : 0.000299   progress : 0.229
name: models.architecture.block_type=cls
training.mode=rollout
models.out_dim=10
models.architecture.n_encoder_layers=1
models.architecture.n_decoder_layers=1
seed=0    avg_loss: 0.000005332156  time_per_window : 0.000344   progress : 0.240
name: models.architecture.block_type=cls
training.mode=rollout
models.out_dim=10
models.architecture.n_encoder_layers=1
models.architecture.n_decoder_layers=1
seed=0    avg_loss: 0.000007450230  time_per_window : 0.000290   progress : 0.251
name: models.architecture.block_type=cls
training.mode=rollout
models.out_dim=10
models.architecture.n_encoder_layers=1
models.architecture.n_decoder_layers=1
seed=0    avg_loss: 0.000006469640  time_per_window : 0.000265   progress : 0.262
name: models.architecture.block_type=cls
training.mode=rollout
models.out_dim=10
models.architecture.n_encoder_layers=1
models.architecture.n_decoder_layers=1
seed=0    avg_loss: 0.000006004967  time_per_window : 0.000298   progress : 0.273
name: models.architecture.block_type=cls
training.mode=rollout
models.out_dim=10
models.architecture.n_encoder_layers=1
models.architecture.n_decoder_layers=1
seed=0    avg_loss: 0.000006139466  time_per_window : 0.000299   progress : 0.284
name: models.architecture.block_type=cls
training.mode=rollout
models.out_dim=10
models.architecture.n_encoder_layers=1
models.architecture.n_decoder_layers=1
seed=0    avg_loss: 0.000006329894  time_per_window : 0.000336   progress : 0.295
name: models.architecture.block_type=cls
training.mode=rollout
models.out_dim=10
models.architecture.n_encoder_layers=1
models.architecture.n_decoder_layers=1
seed=0    avg_loss: 0.000006948287  time_per_window : 0.000340   progress : 0.306
name: models.architecture.block_type=cls
training.mode=rollout
models.out_dim=10
models.architecture.n_encoder_layers=1
models.architecture.n_decoder_layers=1
seed=0    avg_loss: 0.000007643232  time_per_window : 0.000292   progress : 0.317
name: models.architecture.block_type=cls
training.mode=rollout
models.out_dim=10
models.architecture.n_encoder_layers=1
models.architecture.n_decoder_layers=1
seed=0    avg_loss: 0.000007288752  time_per_window : 0.000266   progress : 0.328
name: models.architecture.block_type=cls
training.mode=rollout
models.out_dim=10
models.architecture.n_encoder_layers=1
models.architecture.n_decoder_layers=1
seed=0    avg_loss: 0.000007163929  time_per_window : 0.000300   progress : 0.339
name: models.architecture.block_type=cls
training.mode=rollout
models.out_dim=10
models.architecture.n_encoder_layers=1
models.architecture.n_decoder_layers=1
seed=0    avg_loss: 0.000013109629  time_per_window : 0.000318   progress : 0.350
name: models.architecture.block_type=cls
training.mode=rollout
models.out_dim=10
models.architecture.n_encoder_layers=1
models.architecture.n_decoder_layers=1
seed=0    avg_loss: 0.000005881036  time_per_window : 0.000265   progress : 0.360
name: models.architecture.block_type=cls
training.mode=rollout
models.out_dim=10
models.architecture.n_encoder_layers=1
models.architecture.n_decoder_layers=1
seed=1    avg_loss: 0.000001532396  time_per_window : 0.000304   progress : 0.994
name: models.architecture.block_type=cls
training.mode=rollout
models.out_dim=10
models.architecture.n_encoder_layers=1
models.architecture.n_decoder_layers=1
seed=1    avg_loss: 0.001718487358  time_per_window : 0.000266   progress : 0.011
name: models.architecture.block_type=cls
training.mode=rollout
models.out_dim=10
models.architecture.n_encoder_layers=1
models.architecture.n_decoder_layers=1
seed=1    avg_loss: 0.000005433363  time_per_window : 0.000249   progress : 0.022
name: models.architecture.block_type=cls
training.mode=rollout
models.out_dim=10
models.architecture.n_encoder_layers=1
models.architecture.n_decoder_layers=1
seed=1    avg_loss: 0.000004811678  time_per_window : 0.000300   progress : 0.033
name: models.architecture.block_type=cls
training.mode=rollout
models.out_dim=10
models.architecture.n_encoder_layers=1
models.architecture.n_decoder_layers=1
seed=1    avg_loss: 0.000004103418  time_per_window : 0.000279   progress : 0.044
name: models.architecture.block_type=cls
training.mode=rollout
models.out_dim=10
models.architecture.n_encoder_layers=1
models.architecture.n_decoder_layers=1
seed=1    avg_loss: 0.000003407716  time_per_window : 0.000256   progress : 0.055
name: models.architecture.block_type=cls
training.mode=rollout
models.out_dim=10
models.architecture.n_encoder_layers=1
models.architecture.n_decoder_layers=1
seed=1    avg_loss: 0.000002923147  time_per_window : 0.000262   progress : 0.066
name: models.architecture.block_type=cls
training.mode=rollout
models.out_dim=10
models.architecture.n_encoder_layers=1
models.architecture.n_decoder_layers=1
seed=1    avg_loss: 0.000002781920  time_per_window : 0.000270   progress : 0.076
name: models.architecture.block_type=cls
training.mode=rollout
models.out_dim=10
models.architecture.n_encoder_layers=1
models.architecture.n_decoder_layers=1
seed=1    avg_loss: 0.000002598180  time_per_window : 0.000315   progress : 0.087
name: models.architecture.block_type=cls
training.mode=rollout
models.out_dim=10
models.architecture.n_encoder_layers=1
models.architecture.n_decoder_layers=1
seed=1    avg_loss: 0.000002614503  time_per_window : 0.000295   progress : 0.098
name: models.architecture.block_type=cls
training.mode=rollout
models.out_dim=10
models.architecture.n_encoder_layers=1
models.architecture.n_decoder_layers=1
seed=1    avg_loss: 0.000002438491  time_per_window : 0.000293   progress : 0.109
name: models.architecture.block_type=cls
training.mode=rollout
models.out_dim=10
models.architecture.n_encoder_layers=1
models.architecture.n_decoder_layers=1
seed=1    avg_loss: 0.000002452418  time_per_window : 0.000323   progress : 0.120
name: models.architecture.block_type=cls
training.mode=rollout
models.out_dim=10
models.architecture.n_encoder_layers=1
models.architecture.n_decoder_layers=1
seed=1    avg_loss: 0.000002246901  time_per_window : 0.000299   progress : 0.131
name: models.architecture.block_type=cls
training.mode=rollout
models.out_dim=10
models.architecture.n_encoder_layers=1
models.architecture.n_decoder_layers=1
seed=1    avg_loss: 0.000002693735  time_per_window : 0.000243   progress : 0.142
name: models.architecture.block_type=cls
training.mode=rollout
models.out_dim=10
models.architecture.n_encoder_layers=1
models.architecture.n_decoder_layers=1
seed=1    avg_loss: 0.000002420179  time_per_window : 0.000312   progress : 0.153
name: models.architecture.block_type=cls
training.mode=rollout
models.out_dim=10
models.architecture.n_encoder_layers=1
models.architecture.n_decoder_layers=1
seed=1    avg_loss: 0.000002305700  time_per_window : 0.000341   progress : 0.164
name: models.architecture.block_type=cls
training.mode=rollout
models.out_dim=10
models.architecture.n_encoder_layers=1
models.architecture.n_decoder_layers=1
seed=1    avg_loss: 0.000002503748  time_per_window : 0.000275   progress : 0.175
name: models.architecture.block_type=cls
training.mode=rollout
models.out_dim=10
models.architecture.n_encoder_layers=1
models.architecture.n_decoder_layers=1
seed=1    avg_loss: 0.000003032975  time_per_window : 0.000346   progress : 0.186
name: models.architecture.block_type=cls
training.mode=rollout
models.out_dim=10
models.architecture.n_encoder_layers=1
models.architecture.n_decoder_layers=1
seed=1    avg_loss: 0.000003320186  time_per_window : 0.000270   progress : 0.197
name: models.architecture.block_type=cls
training.mode=rollout
models.out_dim=10
models.architecture.n_encoder_layers=1
models.architecture.n_decoder_layers=1
seed=1    avg_loss: 0.000003648585  time_per_window : 0.000308   progress : 0.208
name: models.architecture.block_type=cls
training.mode=rollout
models.out_dim=10
models.architecture.n_encoder_layers=1
models.architecture.n_decoder_layers=1
seed=1    avg_loss: 0.000004508104  time_per_window : 0.000362   progress : 0.218
name: models.architecture.block_type=cls
training.mode=rollout
models.out_dim=10
models.architecture.n_encoder_layers=1
models.architecture.n_decoder_layers=1
seed=1    avg_loss: 0.000004351195  time_per_window : 0.000268   progress : 0.229
name: models.architecture.block_type=cls
training.mode=rollout
models.out_dim=10
models.architecture.n_encoder_layers=1
models.architecture.n_decoder_layers=1
seed=1    avg_loss: 0.000005310589  time_per_window : 0.000366   progress : 0.240
name: models.architecture.block_type=cls
training.mode=rollout
models.out_dim=10
models.architecture.n_encoder_layers=1
models.architecture.n_decoder_layers=1
seed=1    avg_loss: 0.000005375551  time_per_window : 0.000303   progress : 0.251
name: models.architecture.block_type=cls
training.mode=rollout
models.out_dim=10
models.architecture.n_encoder_layers=1
models.architecture.n_decoder_layers=1
seed=1    avg_loss: 0.000008769486  time_per_window : 0.000278   progress : 0.262
name: models.architecture.block_type=cls
training.mode=rollout
models.out_dim=10
models.architecture.n_encoder_layers=1
models.architecture.n_decoder_layers=1
seed=1    avg_loss: 0.000004413932  time_per_window : 0.000302   progress : 0.273
name: models.architecture.block_type=cls
training.mode=rollout
models.out_dim=10
models.architecture.n_encoder_layers=1
models.architecture.n_decoder_layers=1
seed=1    avg_loss: 0.000007254177  time_per_window : 0.000290   progress : 0.284
name: models.architecture.block_type=cls
training.mode=rollout
models.out_dim=10
models.architecture.n_encoder_layers=1
models.architecture.n_decoder_layers=1
seed=1    avg_loss: 0.000006791997  time_per_window : 0.000308   progress : 0.295
name: models.architecture.block_type=cls
training.mode=rollout
models.out_dim=10
models.architecture.n_encoder_layers=1
models.architecture.n_decoder_layers=1
seed=1    avg_loss: 0.000005233578  time_per_window : 0.000333   progress : 0.306
name: models.architecture.block_type=cls
training.mode=rollout
models.out_dim=10
models.architecture.n_encoder_layers=1
models.architecture.n_decoder_layers=1
seed=1    avg_loss: 0.000008596455  time_per_window : 0.000272   progress : 0.317
name: models.architecture.block_type=cls
training.mode=rollout
models.out_dim=10
models.architecture.n_encoder_layers=1
models.architecture.n_decoder_layers=1
seed=1    avg_loss: 0.000004996319  time_per_window : 0.000252   progress : 0.328
name: models.architecture.block_type=cls
training.mode=rollout
models.out_dim=10
models.architecture.n_encoder_layers=1
models.architecture.n_decoder_layers=1
seed=1    avg_loss: 0.000007839039  time_per_window : 0.000290   progress : 0.339
name: models.architecture.block_type=cls
training.mode=rollout
models.out_dim=10
models.architecture.n_encoder_layers=1
models.architecture.n_decoder_layers=1
seed=1    avg_loss: 0.000006684911  time_per_window : 0.000276   progress : 0.350
name: models.architecture.block_type=cls
training.mode=rollout
models.out_dim=10
models.architecture.n_encoder_layers=1
models.architecture.n_decoder_layers=1
seed=1    avg_loss: 0.000007324745  time_per_window : 0.000272   progress : 0.360
name: models.architecture.block_type=cls
training.mode=rollout
models.out_dim=10
models.architecture.n_encoder_layers=1
models.architecture.n_decoder_layers=1
seed=4    avg_loss: 0.000005025686  time_per_window : 0.000250   progress : 0.371
name: models.architecture.block_type=cls
training.mode=rollout
models.out_dim=10
models.architecture.n_encoder_layers=1
models.architecture.n_decoder_layers=1
seed=4    avg_loss: 0.000006237259  time_per_window : 0.000284   progress : 0.382
name: models.architecture.block_type=cls
training.mode=rollout
models.out_dim=10
models.architecture.n_encoder_layers=1
models.architecture.n_decoder_layers=1
seed=4    avg_loss: 0.000007404965  time_per_window : 0.000297   progress : 0.393
name: models.architecture.block_type=cls
training.mode=rollout
models.out_dim=10
models.architecture.n_encoder_layers=1
models.architecture.n_decoder_layers=1
seed=4    avg_loss: 0.000008422498  time_per_window : 0.000355   progress : 0.404
name: models.architecture.block_type=cls
training.mode=rollout
models.out_dim=10
models.architecture.n_encoder_layers=1
models.architecture.n_decoder_layers=1
seed=4    avg_loss: 0.000005615992  time_per_window : 0.000250   progress : 0.415
name: models.architecture.block_type=cls
training.mode=rollout
models.out_dim=10
models.architecture.n_encoder_layers=1
models.architecture.n_decoder_layers=1
seed=4    avg_loss: 0.000006577229  time_per_window : 0.000250   progress : 0.426
name: models.architecture.block_type=cls
training.mode=rollout
models.out_dim=10
models.architecture.n_encoder_layers=1
models.architecture.n_decoder_layers=1
seed=4    avg_loss: 0.000006079364  time_per_window : 0.000303   progress : 0.437
name: models.architecture.block_type=cls
training.mode=rollout
models.out_dim=10
models.architecture.n_encoder_layers=1
models.architecture.n_decoder_layers=1
seed=4    avg_loss: 0.000007977418  time_per_window : 0.000279   progress : 0.448
name: models.architecture.block_type=cls
training.mode=rollout
models.out_dim=10
models.architecture.n_encoder_layers=1
models.architecture.n_decoder_layers=1
seed=4    avg_loss: 0.000005828389  time_per_window : 0.000277   progress : 0.459
name: models.architecture.block_type=cls
training.mode=rollout
models.out_dim=10
models.architecture.n_encoder_layers=1
models.architecture.n_decoder_layers=1
seed=4    avg_loss: 0.000007749101  time_per_window : 0.000241   progress : 0.470
name: models.architecture.block_type=cls
training.mode=rollout
models.out_dim=10
models.architecture.n_encoder_layers=1
models.architecture.n_decoder_layers=1
seed=4    avg_loss: 0.000005001758  time_per_window : 0.000254   progress : 0.481
name: models.architecture.block_type=cls
training.mode=rollout
models.out_dim=10
models.architecture.n_encoder_layers=1
models.architecture.n_decoder_layers=1
seed=4    avg_loss: 0.000006300567  time_per_window : 0.000321   progress : 0.492
name: models.architecture.block_type=cls
training.mode=rollout
models.out_dim=10
models.architecture.n_encoder_layers=1
models.architecture.n_decoder_layers=1
seed=4    avg_loss: 0.000006016441  time_per_window : 0.000271   progress : 0.502
name: models.architecture.block_type=cls
training.mode=rollout
models.out_dim=10
models.architecture.n_encoder_layers=1
models.architecture.n_decoder_layers=1
seed=4    avg_loss: 0.000009804776  time_per_window : 0.000313   progress : 0.513
name: models.architecture.block_type=cls
training.mode=rollout
models.out_dim=10
models.architecture.n_encoder_layers=1
models.architecture.n_decoder_layers=1
seed=4    avg_loss: 0.000005255103  time_per_window : 0.000301   progress : 0.524
name: models.architecture.block_type=cls
training.mode=rollout
models.out_dim=10
models.architecture.n_encoder_layers=1
models.architecture.n_decoder_layers=1
seed=4    avg_loss: 0.000005601188  time_per_window : 0.000267   progress : 0.535
name: models.architecture.block_type=cls
training.mode=rollout
models.out_dim=10
models.architecture.n_encoder_layers=1
models.architecture.n_decoder_layers=1
seed=4    avg_loss: 0.000005532464  time_per_window : 0.000239   progress : 0.546
name: models.architecture.block_type=cls
training.mode=rollout
models.out_dim=10
models.architecture.n_encoder_layers=1
models.architecture.n_decoder_layers=1
seed=4    avg_loss: 0.000005571654  time_per_window : 0.000249   progress : 0.557
name: models.architecture.block_type=cls
training.mode=rollout
models.out_dim=10
models.architecture.n_encoder_layers=1
models.architecture.n_decoder_layers=1
seed=4    avg_loss: 0.000006335325  time_per_window : 0.000265   progress : 0.568
name: models.architecture.block_type=cls
training.mode=rollout
models.out_dim=10
models.architecture.n_encoder_layers=1
models.architecture.n_decoder_layers=1
seed=4    avg_loss: 0.000005969033  time_per_window : 0.000270   progress : 0.579
name: models.architecture.block_type=cls
training.mode=rollout
models.out_dim=10
models.architecture.n_encoder_layers=1
models.architecture.n_decoder_layers=1
seed=4    avg_loss: 0.000007273551  time_per_window : 0.000243   progress : 0.590
name: models.architecture.block_type=cls
training.mode=rollout
models.out_dim=10
models.architecture.n_encoder_layers=1
models.architecture.n_decoder_layers=1
seed=4    avg_loss: 0.000004245782  time_per_window : 0.000264   progress : 0.601
name: models.architecture.block_type=cls
training.mode=rollout
models.out_dim=10
models.architecture.n_encoder_layers=1
models.architecture.n_decoder_layers=1
seed=4    avg_loss: 0.000005515250  time_per_window : 0.000279   progress : 0.612
name: models.architecture.block_type=cls
training.mode=rollout
models.out_dim=10
models.architecture.n_encoder_layers=1
models.architecture.n_decoder_layers=1
seed=4    avg_loss: 0.000006538539  time_per_window : 0.000292   progress : 0.623
name: models.architecture.block_type=cls
training.mode=rollout
models.out_dim=10
models.architecture.n_encoder_layers=1
models.architecture.n_decoder_layers=1
seed=4    avg_loss: 0.000006459738  time_per_window : 0.000321   progress : 0.634
name: models.architecture.block_type=cls
training.mode=rollout
models.out_dim=10
models.architecture.n_encoder_layers=1
models.architecture.n_decoder_layers=1
seed=4    avg_loss: 0.000005657968  time_per_window : 0.000284   progress : 0.644
name: models.architecture.block_type=cls
training.mode=rollout
models.out_dim=10
models.architecture.n_encoder_layers=1
models.architecture.n_decoder_layers=1
seed=4    avg_loss: 0.000005026411  time_per_window : 0.000253   progress : 0.655
name: models.architecture.block_type=cls
training.mode=rollout
models.out_dim=10
models.architecture.n_encoder_layers=1
models.architecture.n_decoder_layers=1
seed=4    avg_loss: 0.000003982555  time_per_window : 0.000282   progress : 0.666
name: models.architecture.block_type=cls
training.mode=rollout
models.out_dim=10
models.architecture.n_encoder_layers=1
models.architecture.n_decoder_layers=1
seed=4    avg_loss: 0.000006622276  time_per_window : 0.000250   progress : 0.677
name: models.architecture.block_type=cls
training.mode=rollout
models.out_dim=10
models.architecture.n_encoder_layers=1
models.architecture.n_decoder_layers=1
seed=4    avg_loss: 0.000005101921  time_per_window : 0.000339   progress : 0.688
name: models.architecture.block_type=cls
training.mode=rollout
models.out_dim=10
models.architecture.n_encoder_layers=1
models.architecture.n_decoder_layers=1
seed=4    avg_loss: 0.000005947724  time_per_window : 0.000276   progress : 0.699
name: models.architecture.block_type=cls
training.mode=rollout
models.out_dim=10
models.architecture.n_encoder_layers=1
models.architecture.n_decoder_layers=1
seed=4    avg_loss: 0.000005117722  time_per_window : 0.000323   progress : 0.710
name: models.architecture.block_type=cls
training.mode=rollout
models.out_dim=10
models.architecture.n_encoder_layers=1
models.architecture.n_decoder_layers=1
seed=4    avg_loss: 0.000005454835  time_per_window : 0.000286   progress : 0.721
name: models.architecture.block_type=cls
training.mode=rollout
models.out_dim=10
models.architecture.n_encoder_layers=1
models.architecture.n_decoder_layers=1
seed=4    avg_loss: 0.000005124181  time_per_window : 0.000318   progress : 0.732
name: models.architecture.block_type=cls
training.mode=rollout
models.out_dim=10
models.architecture.n_encoder_layers=1
models.architecture.n_decoder_layers=1
seed=2    avg_loss: 0.000003316951  time_per_window : 0.000293   progress : 0.371
name: models.architecture.block_type=cls
training.mode=rollout
models.out_dim=10
models.architecture.n_encoder_layers=1
models.architecture.n_decoder_layers=1
seed=2    avg_loss: 0.000003972309  time_per_window : 0.000251   progress : 0.382
name: models.architecture.block_type=cls
training.mode=rollout
models.out_dim=10
models.architecture.n_encoder_layers=1
models.architecture.n_decoder_layers=1
seed=2    avg_loss: 0.000006096426  time_per_window : 0.000299   progress : 0.393
name: models.architecture.block_type=cls
training.mode=rollout
models.out_dim=10
models.architecture.n_encoder_layers=1
models.architecture.n_decoder_layers=1
seed=2    avg_loss: 0.000005729799  time_per_window : 0.000248   progress : 0.404
name: models.architecture.block_type=cls
training.mode=rollout
models.out_dim=10
models.architecture.n_encoder_layers=1
models.architecture.n_decoder_layers=1
seed=2    avg_loss: 0.000005511414  time_per_window : 0.000277   progress : 0.415
name: models.architecture.block_type=cls
training.mode=rollout
models.out_dim=10
models.architecture.n_encoder_layers=1
models.architecture.n_decoder_layers=1
seed=2    avg_loss: 0.000006058266  time_per_window : 0.000307   progress : 0.426
name: models.architecture.block_type=cls
training.mode=rollout
models.out_dim=10
models.architecture.n_encoder_layers=1
models.architecture.n_decoder_layers=1
seed=2    avg_loss: 0.000004311823  time_per_window : 0.000281   progress : 0.437
name: models.architecture.block_type=cls
training.mode=rollout
models.out_dim=10
models.architecture.n_encoder_layers=1
models.architecture.n_decoder_layers=1
seed=2    avg_loss: 0.000006189947  time_per_window : 0.000248   progress : 0.448
name: models.architecture.block_type=cls
training.mode=rollout
models.out_dim=10
models.architecture.n_encoder_layers=1
models.architecture.n_decoder_layers=1
seed=2    avg_loss: 0.000005188858  time_per_window : 0.000250   progress : 0.459
name: models.architecture.block_type=cls
training.mode=rollout
models.out_dim=10
models.architecture.n_encoder_layers=1
models.architecture.n_decoder_layers=1
seed=2    avg_loss: 0.000005150325  time_per_window : 0.000230   progress : 0.470
name: models.architecture.block_type=cls
training.mode=rollout
models.out_dim=10
models.architecture.n_encoder_layers=1
models.architecture.n_decoder_layers=1
seed=2    avg_loss: 0.000006136635  time_per_window : 0.000280   progress : 0.481
name: models.architecture.block_type=cls
training.mode=rollout
models.out_dim=10
models.architecture.n_encoder_layers=1
models.architecture.n_decoder_layers=1
seed=2    avg_loss: 0.000005642820  time_per_window : 0.000309   progress : 0.492
name: models.architecture.block_type=cls
training.mode=rollout
models.out_dim=10
models.architecture.n_encoder_layers=1
models.architecture.n_decoder_layers=1
seed=2    avg_loss: 0.000006789978  time_per_window : 0.000260   progress : 0.502
name: models.architecture.block_type=cls
training.mode=rollout
models.out_dim=10
models.architecture.n_encoder_layers=1
models.architecture.n_decoder_layers=1
seed=2    avg_loss: 0.000005483661  time_per_window : 0.000275   progress : 0.513
name: models.architecture.block_type=cls
training.mode=rollout
models.out_dim=10
models.architecture.n_encoder_layers=1
models.architecture.n_decoder_layers=1
seed=2    avg_loss: 0.000005527517  time_per_window : 0.000260   progress : 0.524
name: models.architecture.block_type=cls
training.mode=rollout
models.out_dim=10
models.architecture.n_encoder_layers=1
models.architecture.n_decoder_layers=1
seed=2    avg_loss: 0.000005379598  time_per_window : 0.000259   progress : 0.535
name: models.architecture.block_type=cls
training.mode=rollout
models.out_dim=10
models.architecture.n_encoder_layers=1
models.architecture.n_decoder_layers=1
seed=2    avg_loss: 0.000004611276  time_per_window : 0.000267   progress : 0.546
name: models.architecture.block_type=cls
training.mode=rollout
models.out_dim=10
models.architecture.n_encoder_layers=1
models.architecture.n_decoder_layers=1
seed=2    avg_loss: 0.000005564721  time_per_window : 0.000278   progress : 0.557
name: models.architecture.block_type=cls
training.mode=rollout
models.out_dim=10
models.architecture.n_encoder_layers=1
models.architecture.n_decoder_layers=1
seed=2    avg_loss: 0.000005379860  time_per_window : 0.000331   progress : 0.568
name: models.architecture.block_type=cls
training.mode=rollout
models.out_dim=10
models.architecture.n_encoder_layers=1
models.architecture.n_decoder_layers=1
seed=2    avg_loss: 0.000004897794  time_per_window : 0.000276   progress : 0.579
name: models.architecture.block_type=cls
training.mode=rollout
models.out_dim=10
models.architecture.n_encoder_layers=1
models.architecture.n_decoder_layers=1
seed=2    avg_loss: 0.000004197800  time_per_window : 0.000231   progress : 0.590
name: models.architecture.block_type=cls
training.mode=rollout
models.out_dim=10
models.architecture.n_encoder_layers=1
models.architecture.n_decoder_layers=1
seed=2    avg_loss: 0.000006513255  time_per_window : 0.000268   progress : 0.601
name: models.architecture.block_type=cls
training.mode=rollout
models.out_dim=10
models.architecture.n_encoder_layers=1
models.architecture.n_decoder_layers=1
seed=2    avg_loss: 0.000004875932  time_per_window : 0.000286   progress : 0.612
name: models.architecture.block_type=cls
training.mode=rollout
models.out_dim=10
models.architecture.n_encoder_layers=1
models.architecture.n_decoder_layers=1
seed=2    avg_loss: 0.000004971197  time_per_window : 0.000256   progress : 0.623
name: models.architecture.block_type=cls
training.mode=rollout
models.out_dim=10
models.architecture.n_encoder_layers=1
models.architecture.n_decoder_layers=1
seed=2    avg_loss: 0.000004504926  time_per_window : 0.000252   progress : 0.634
name: models.architecture.block_type=cls
training.mode=rollout
models.out_dim=10
models.architecture.n_encoder_layers=1
models.architecture.n_decoder_layers=1
seed=2    avg_loss: 0.000004294652  time_per_window : 0.000262   progress : 0.644
name: models.architecture.block_type=cls
training.mode=rollout
models.out_dim=10
models.architecture.n_encoder_layers=1
models.architecture.n_decoder_layers=1
seed=2    avg_loss: 0.000004234839  time_per_window : 0.000291   progress : 0.655
name: models.architecture.block_type=cls
training.mode=rollout
models.out_dim=10
models.architecture.n_encoder_layers=1
models.architecture.n_decoder_layers=1
seed=2    avg_loss: 0.000005345948  time_per_window : 0.000301   progress : 0.666
name: models.architecture.block_type=cls
training.mode=rollout
models.out_dim=10
models.architecture.n_encoder_layers=1
models.architecture.n_decoder_layers=1
seed=2    avg_loss: 0.000004761629  time_per_window : 0.000257   progress : 0.677
name: models.architecture.block_type=cls
training.mode=rollout
models.out_dim=10
models.architecture.n_encoder_layers=1
models.architecture.n_decoder_layers=1
seed=2    avg_loss: 0.000004046967  time_per_window : 0.000253   progress : 0.688
name: models.architecture.block_type=cls
training.mode=rollout
models.out_dim=10
models.architecture.n_encoder_layers=1
models.architecture.n_decoder_layers=1
seed=2    avg_loss: 0.000004738548  time_per_window : 0.000328   progress : 0.699
name: models.architecture.block_type=cls
training.mode=rollout
models.out_dim=10
models.architecture.n_encoder_layers=1
models.architecture.n_decoder_layers=1
seed=2    avg_loss: 0.000004093949  time_per_window : 0.000250   progress : 0.710
name: models.architecture.block_type=cls
training.mode=rollout
models.out_dim=10
models.architecture.n_encoder_layers=1
models.architecture.n_decoder_layers=1
seed=2    avg_loss: 0.000005020993  time_per_window : 0.000246   progress : 0.721
name: models.architecture.block_type=cls
training.mode=rollout
models.out_dim=10
models.architecture.n_encoder_layers=1
models.architecture.n_decoder_layers=1
seed=2    avg_loss: 0.000004309323  time_per_window : 0.000313   progress : 0.732
name: models.architecture.block_type=cls
training.mode=rollout
models.out_dim=10
models.architecture.n_encoder_layers=1
models.architecture.n_decoder_layers=1
seed=3    avg_loss: 0.000004545200  time_per_window : 0.000272   progress : 0.371
name: models.architecture.block_type=cls
training.mode=rollout
models.out_dim=10
models.architecture.n_encoder_layers=1
models.architecture.n_decoder_layers=1
seed=3    avg_loss: 0.000006559893  time_per_window : 0.000263   progress : 0.382
name: models.architecture.block_type=cls
training.mode=rollout
models.out_dim=10
models.architecture.n_encoder_layers=1
models.architecture.n_decoder_layers=1
seed=3    avg_loss: 0.000005863290  time_per_window : 0.000267   progress : 0.393
name: models.architecture.block_type=cls
training.mode=rollout
models.out_dim=10
models.architecture.n_encoder_layers=1
models.architecture.n_decoder_layers=1
seed=3    avg_loss: 0.000007923311  time_per_window : 0.000307   progress : 0.404
name: models.architecture.block_type=cls
training.mode=rollout
models.out_dim=10
models.architecture.n_encoder_layers=1
models.architecture.n_decoder_layers=1
seed=3    avg_loss: 0.000004700477  time_per_window : 0.000233   progress : 0.415
name: models.architecture.block_type=cls
training.mode=rollout
models.out_dim=10
models.architecture.n_encoder_layers=1
models.architecture.n_decoder_layers=1
seed=3    avg_loss: 0.000007393581  time_per_window : 0.000273   progress : 0.426
name: models.architecture.block_type=cls
training.mode=rollout
models.out_dim=10
models.architecture.n_encoder_layers=1
models.architecture.n_decoder_layers=1
seed=3    avg_loss: 0.000007218455  time_per_window : 0.000264   progress : 0.437
name: models.architecture.block_type=cls
training.mode=rollout
models.out_dim=10
models.architecture.n_encoder_layers=1
models.architecture.n_decoder_layers=1
seed=3    avg_loss: 0.000006320286  time_per_window : 0.000259   progress : 0.448
name: models.architecture.block_type=cls
training.mode=rollout
models.out_dim=10
models.architecture.n_encoder_layers=1
models.architecture.n_decoder_layers=1
seed=3    avg_loss: 0.000005523333  time_per_window : 0.000266   progress : 0.459
name: models.architecture.block_type=cls
training.mode=rollout
models.out_dim=10
models.architecture.n_encoder_layers=1
models.architecture.n_decoder_layers=1
seed=3    avg_loss: 0.000004961409  time_per_window : 0.000259   progress : 0.470
name: models.architecture.block_type=cls
training.mode=rollout
models.out_dim=10
models.architecture.n_encoder_layers=1
models.architecture.n_decoder_layers=1
seed=3    avg_loss: 0.000005696108  time_per_window : 0.000230   progress : 0.481
name: models.architecture.block_type=cls
training.mode=rollout
models.out_dim=10
models.architecture.n_encoder_layers=1
models.architecture.n_decoder_layers=1
seed=3    avg_loss: 0.000006001721  time_per_window : 0.000257   progress : 0.492
name: models.architecture.block_type=cls
training.mode=rollout
models.out_dim=10
models.architecture.n_encoder_layers=1
models.architecture.n_decoder_layers=1
seed=3    avg_loss: 0.000006551489  time_per_window : 0.000285   progress : 0.502
name: models.architecture.block_type=cls
training.mode=rollout
models.out_dim=10
models.architecture.n_encoder_layers=1
models.architecture.n_decoder_layers=1
seed=3    avg_loss: 0.000005678372  time_per_window : 0.000301   progress : 0.513
name: models.architecture.block_type=cls
training.mode=rollout
models.out_dim=10
models.architecture.n_encoder_layers=1
models.architecture.n_decoder_layers=1
seed=3    avg_loss: 0.000006886529  time_per_window : 0.000309   progress : 0.524
name: models.architecture.block_type=cls
training.mode=rollout
models.out_dim=10
models.architecture.n_encoder_layers=1
models.architecture.n_decoder_layers=1
seed=3    avg_loss: 0.000005075035  time_per_window : 0.000266   progress : 0.535
name: models.architecture.block_type=cls
training.mode=rollout
models.out_dim=10
models.architecture.n_encoder_layers=1
models.architecture.n_decoder_layers=1
seed=3    avg_loss: 0.000005375532  time_per_window : 0.000290   progress : 0.546
name: models.architecture.block_type=cls
training.mode=rollout
models.out_dim=10
models.architecture.n_encoder_layers=1
models.architecture.n_decoder_layers=1
seed=3    avg_loss: 0.000004631312  time_per_window : 0.000265   progress : 0.557
name: models.architecture.block_type=cls
training.mode=rollout
models.out_dim=10
models.architecture.n_encoder_layers=1
models.architecture.n_decoder_layers=1
seed=3    avg_loss: 0.000004414369  time_per_window : 0.000281   progress : 0.568
name: models.architecture.block_type=cls
training.mode=rollout
models.out_dim=10
models.architecture.n_encoder_layers=1
models.architecture.n_decoder_layers=1
seed=3    avg_loss: 0.000007214114  time_per_window : 0.000300   progress : 0.579
name: models.architecture.block_type=cls
training.mode=rollout
models.out_dim=10
models.architecture.n_encoder_layers=1
models.architecture.n_decoder_layers=1
seed=3    avg_loss: 0.000004636484  time_per_window : 0.000319   progress : 0.590
name: models.architecture.block_type=cls
training.mode=rollout
models.out_dim=10
models.architecture.n_encoder_layers=1
models.architecture.n_decoder_layers=1
seed=3    avg_loss: 0.000005199191  time_per_window : 0.000272   progress : 0.601
name: models.architecture.block_type=cls
training.mode=rollout
models.out_dim=10
models.architecture.n_encoder_layers=1
models.architecture.n_decoder_layers=1
seed=3    avg_loss: 0.000005899533  time_per_window : 0.000291   progress : 0.612
name: models.architecture.block_type=cls
training.mode=rollout
models.out_dim=10
models.architecture.n_encoder_layers=1
models.architecture.n_decoder_layers=1
seed=3    avg_loss: 0.000004274226  time_per_window : 0.000321   progress : 0.623
name: models.architecture.block_type=cls
training.mode=rollout
models.out_dim=10
models.architecture.n_encoder_layers=1
models.architecture.n_decoder_layers=1
seed=3    avg_loss: 0.000007077494  time_per_window : 0.000274   progress : 0.634
name: models.architecture.block_type=cls
training.mode=rollout
models.out_dim=10
models.architecture.n_encoder_layers=1
models.architecture.n_decoder_layers=1
seed=3    avg_loss: 0.000004235594  time_per_window : 0.000248   progress : 0.644
name: models.architecture.block_type=cls
training.mode=rollout
models.out_dim=10
models.architecture.n_encoder_layers=1
models.architecture.n_decoder_layers=1
seed=3    avg_loss: 0.000004913865  time_per_window : 0.000255   progress : 0.655
name: models.architecture.block_type=cls
training.mode=rollout
models.out_dim=10
models.architecture.n_encoder_layers=1
models.architecture.n_decoder_layers=1
seed=3    avg_loss: 0.000004844911  time_per_window : 0.000277   progress : 0.666
name: models.architecture.block_type=cls
training.mode=rollout
models.out_dim=10
models.architecture.n_encoder_layers=1
models.architecture.n_decoder_layers=1
seed=3    avg_loss: 0.000005980951  time_per_window : 0.000332   progress : 0.677
name: models.architecture.block_type=cls
training.mode=rollout
models.out_dim=10
models.architecture.n_encoder_layers=1
models.architecture.n_decoder_layers=1
seed=3    avg_loss: 0.000004279006  time_per_window : 0.000271   progress : 0.688
name: models.architecture.block_type=cls
training.mode=rollout
models.out_dim=10
models.architecture.n_encoder_layers=1
models.architecture.n_decoder_layers=1
seed=3    avg_loss: 0.000005836849  time_per_window : 0.000277   progress : 0.699
name: models.architecture.block_type=cls
training.mode=rollout
models.out_dim=10
models.architecture.n_encoder_layers=1
models.architecture.n_decoder_layers=1
seed=3    avg_loss: 0.000004056274  time_per_window : 0.000267   progress : 0.710
name: models.architecture.block_type=cls
training.mode=rollout
models.out_dim=10
models.architecture.n_encoder_layers=1
models.architecture.n_decoder_layers=1
seed=3    avg_loss: 0.000003843987  time_per_window : 0.000315   progress : 0.721
name: models.architecture.block_type=cls
training.mode=rollout
models.out_dim=10
models.architecture.n_encoder_layers=1
models.architecture.n_decoder_layers=1
seed=3    avg_loss: 0.000005925197  time_per_window : 0.000291   progress : 0.732
name: models.architecture.block_type=cls
training.mode=rollout
models.out_dim=10
models.architecture.n_encoder_layers=1
models.architecture.n_decoder_layers=1
seed=0    avg_loss: 0.000007388506  time_per_window : 0.000261   progress : 0.371
name: models.architecture.block_type=cls
training.mode=rollout
models.out_dim=10
models.architecture.n_encoder_layers=1
models.architecture.n_decoder_layers=1
seed=0    avg_loss: 0.000006134422  time_per_window : 0.000260   progress : 0.382
name: models.architecture.block_type=cls
training.mode=rollout
models.out_dim=10
models.architecture.n_encoder_layers=1
models.architecture.n_decoder_layers=1
seed=0    avg_loss: 0.000010186348  time_per_window : 0.000259   progress : 0.393
name: models.architecture.block_type=cls
training.mode=rollout
models.out_dim=10
models.architecture.n_encoder_layers=1
models.architecture.n_decoder_layers=1
seed=0    avg_loss: 0.000011219760  time_per_window : 0.000306   progress : 0.404
name: models.architecture.block_type=cls
training.mode=rollout
models.out_dim=10
models.architecture.n_encoder_layers=1
models.architecture.n_decoder_layers=1
seed=0    avg_loss: 0.000009476504  time_per_window : 0.000299   progress : 0.415
name: models.architecture.block_type=cls
training.mode=rollout
models.out_dim=10
models.architecture.n_encoder_layers=1
models.architecture.n_decoder_layers=1
seed=0    avg_loss: 0.000008722652  time_per_window : 0.000288   progress : 0.426
name: models.architecture.block_type=cls
training.mode=rollout
models.out_dim=10
models.architecture.n_encoder_layers=1
models.architecture.n_decoder_layers=1
seed=0    avg_loss: 0.000006341388  time_per_window : 0.000269   progress : 0.437
name: models.architecture.block_type=cls
training.mode=rollout
models.out_dim=10
models.architecture.n_encoder_layers=1
models.architecture.n_decoder_layers=1
seed=0    avg_loss: 0.000010684107  time_per_window : 0.000242   progress : 0.448
name: models.architecture.block_type=cls
training.mode=rollout
models.out_dim=10
models.architecture.n_encoder_layers=1
models.architecture.n_decoder_layers=1
seed=0    avg_loss: 0.000006262790  time_per_window : 0.000300   progress : 0.459
name: models.architecture.block_type=cls
training.mode=rollout
models.out_dim=10
models.architecture.n_encoder_layers=1
models.architecture.n_decoder_layers=1
seed=0    avg_loss: 0.000007894085  time_per_window : 0.000307   progress : 0.470
name: models.architecture.block_type=cls
training.mode=rollout
models.out_dim=10
models.architecture.n_encoder_layers=1
models.architecture.n_decoder_layers=1
seed=0    avg_loss: 0.000008096521  time_per_window : 0.000281   progress : 0.481
name: models.architecture.block_type=cls
training.mode=rollout
models.out_dim=10
models.architecture.n_encoder_layers=1
models.architecture.n_decoder_layers=1
seed=0    avg_loss: 0.000008677792  time_per_window : 0.000288   progress : 0.492
name: models.architecture.block_type=cls
training.mode=rollout
models.out_dim=10
models.architecture.n_encoder_layers=1
models.architecture.n_decoder_layers=1
seed=0    avg_loss: 0.000007477706  time_per_window : 0.000328   progress : 0.502
name: models.architecture.block_type=cls
training.mode=rollout
models.out_dim=10
models.architecture.n_encoder_layers=1
models.architecture.n_decoder_layers=1
seed=0    avg_loss: 0.000011139971  time_per_window : 0.000276   progress : 0.513
name: models.architecture.block_type=cls
training.mode=rollout
models.out_dim=10
models.architecture.n_encoder_layers=1
models.architecture.n_decoder_layers=1
seed=0    avg_loss: 0.000007055018  time_per_window : 0.000266   progress : 0.524
name: models.architecture.block_type=cls
training.mode=rollout
models.out_dim=10
models.architecture.n_encoder_layers=1
models.architecture.n_decoder_layers=1
seed=0    avg_loss: 0.000007405696  time_per_window : 0.000270   progress : 0.535
name: models.architecture.block_type=cls
training.mode=rollout
models.out_dim=10
models.architecture.n_encoder_layers=1
models.architecture.n_decoder_layers=1
seed=0    avg_loss: 0.000007371364  time_per_window : 0.000265   progress : 0.546
name: models.architecture.block_type=cls
training.mode=rollout
models.out_dim=10
models.architecture.n_encoder_layers=1
models.architecture.n_decoder_layers=1
seed=0    avg_loss: 0.000010135613  time_per_window : 0.000367   progress : 0.557
name: models.architecture.block_type=cls
training.mode=rollout
models.out_dim=10
models.architecture.n_encoder_layers=1
models.architecture.n_decoder_layers=1
seed=0    avg_loss: 0.000007026780  time_per_window : 0.000255   progress : 0.568
name: models.architecture.block_type=cls
training.mode=rollout
models.out_dim=10
models.architecture.n_encoder_layers=1
models.architecture.n_decoder_layers=1
seed=0    avg_loss: 0.000008976520  time_per_window : 0.000297   progress : 0.579
name: models.architecture.block_type=cls
training.mode=rollout
models.out_dim=10
models.architecture.n_encoder_layers=1
models.architecture.n_decoder_layers=1
seed=0    avg_loss: 0.000006989143  time_per_window : 0.000315   progress : 0.590
name: models.architecture.block_type=cls
training.mode=rollout
models.out_dim=10
models.architecture.n_encoder_layers=1
models.architecture.n_decoder_layers=1
seed=0    avg_loss: 0.000006663255  time_per_window : 0.000264   progress : 0.601
name: models.architecture.block_type=cls
training.mode=rollout
models.out_dim=10
models.architecture.n_encoder_layers=1
models.architecture.n_decoder_layers=1
seed=0    avg_loss: 0.000007305560  time_per_window : 0.000278   progress : 0.612
name: models.architecture.block_type=cls
training.mode=rollout
models.out_dim=10
models.architecture.n_encoder_layers=1
models.architecture.n_decoder_layers=1
seed=0    avg_loss: 0.000008888641  time_per_window : 0.000330   progress : 0.623
name: models.architecture.block_type=cls
training.mode=rollout
models.out_dim=10
models.architecture.n_encoder_layers=1
models.architecture.n_decoder_layers=1
seed=0    avg_loss: 0.000006362063  time_per_window : 0.000255   progress : 0.634
name: models.architecture.block_type=cls
training.mode=rollout
models.out_dim=10
models.architecture.n_encoder_layers=1
models.architecture.n_decoder_layers=1
seed=0    avg_loss: 0.000007907309  time_per_window : 0.000270   progress : 0.644
name: models.architecture.block_type=cls
training.mode=rollout
models.out_dim=10
models.architecture.n_encoder_layers=1
models.architecture.n_decoder_layers=1
seed=0    avg_loss: 0.000005531611  time_per_window : 0.000316   progress : 0.655
name: models.architecture.block_type=cls
training.mode=rollout
models.out_dim=10
models.architecture.n_encoder_layers=1
models.architecture.n_decoder_layers=1
seed=0    avg_loss: 0.000005954325  time_per_window : 0.000330   progress : 0.666
name: models.architecture.block_type=cls
training.mode=rollout
models.out_dim=10
models.architecture.n_encoder_layers=1
models.architecture.n_decoder_layers=1
seed=0    avg_loss: 0.000009098278  time_per_window : 0.000290   progress : 0.677
name: models.architecture.block_type=cls
training.mode=rollout
models.out_dim=10
models.architecture.n_encoder_layers=1
models.architecture.n_decoder_layers=1
seed=0    avg_loss: 0.000006653586  time_per_window : 0.000351   progress : 0.688
name: models.architecture.block_type=cls
training.mode=rollout
models.out_dim=10
models.architecture.n_encoder_layers=1
models.architecture.n_decoder_layers=1
seed=0    avg_loss: 0.000006829076  time_per_window : 0.000256   progress : 0.699
name: models.architecture.block_type=cls
training.mode=rollout
models.out_dim=10
models.architecture.n_encoder_layers=1
models.architecture.n_decoder_layers=1
seed=0    avg_loss: 0.000005143077  time_per_window : 0.000317   progress : 0.710
name: models.architecture.block_type=cls
training.mode=rollout
models.out_dim=10
models.architecture.n_encoder_layers=1
models.architecture.n_decoder_layers=1
seed=0    avg_loss: 0.000007264666  time_per_window : 0.000274   progress : 0.721
name: models.architecture.block_type=cls
training.mode=rollout
models.out_dim=10
models.architecture.n_encoder_layers=1
models.architecture.n_decoder_layers=1
seed=0    avg_loss: 0.000006885540  time_per_window : 0.000368   progress : 0.732
name: models.architecture.block_type=cls
training.mode=rollout
models.out_dim=10
models.architecture.n_encoder_layers=1
models.architecture.n_decoder_layers=1
seed=1    avg_loss: 0.000008643628  time_per_window : 0.000293   progress : 0.371
name: models.architecture.block_type=cls
training.mode=rollout
models.out_dim=10
models.architecture.n_encoder_layers=1
models.architecture.n_decoder_layers=1
seed=1    avg_loss: 0.000009580910  time_per_window : 0.000263   progress : 0.382
name: models.architecture.block_type=cls
training.mode=rollout
models.out_dim=10
models.architecture.n_encoder_layers=1
models.architecture.n_decoder_layers=1
seed=1    avg_loss: 0.000007018228  time_per_window : 0.000283   progress : 0.393
name: models.architecture.block_type=cls
training.mode=rollout
models.out_dim=10
models.architecture.n_encoder_layers=1
models.architecture.n_decoder_layers=1
seed=1    avg_loss: 0.000008962998  time_per_window : 0.000330   progress : 0.404
name: models.architecture.block_type=cls
training.mode=rollout
models.out_dim=10
models.architecture.n_encoder_layers=1
models.architecture.n_decoder_layers=1
seed=1    avg_loss: 0.000006595273  time_per_window : 0.000303   progress : 0.415
name: models.architecture.block_type=cls
training.mode=rollout
models.out_dim=10
models.architecture.n_encoder_layers=1
models.architecture.n_decoder_layers=1
seed=1    avg_loss: 0.000011624276  time_per_window : 0.000289   progress : 0.426
name: models.architecture.block_type=cls
training.mode=rollout
models.out_dim=10
models.architecture.n_encoder_layers=1
models.architecture.n_decoder_layers=1
seed=1    avg_loss: 0.000005954782  time_per_window : 0.000284   progress : 0.437
name: models.architecture.block_type=cls
training.mode=rollout
models.out_dim=10
models.architecture.n_encoder_layers=1
models.architecture.n_decoder_layers=1
seed=1    avg_loss: 0.000005395711  time_per_window : 0.000321   progress : 0.448
name: models.architecture.block_type=cls
training.mode=rollout
models.out_dim=10
models.architecture.n_encoder_layers=1
models.architecture.n_decoder_layers=1
seed=1    avg_loss: 0.000006860411  time_per_window : 0.000313   progress : 0.459
name: models.architecture.block_type=cls
training.mode=rollout
models.out_dim=10
models.architecture.n_encoder_layers=1
models.architecture.n_decoder_layers=1
seed=1    avg_loss: 0.000008237207  time_per_window : 0.000262   progress : 0.470
name: models.architecture.block_type=cls
training.mode=rollout
models.out_dim=10
models.architecture.n_encoder_layers=1
models.architecture.n_decoder_layers=1
seed=1    avg_loss: 0.000007213390  time_per_window : 0.000251   progress : 0.481
name: models.architecture.block_type=cls
training.mode=rollout
models.out_dim=10
models.architecture.n_encoder_layers=1
models.architecture.n_decoder_layers=1
seed=1    avg_loss: 0.000009084746  time_per_window : 0.000250   progress : 0.492
name: models.architecture.block_type=cls
training.mode=rollout
models.out_dim=10
models.architecture.n_encoder_layers=1
models.architecture.n_decoder_layers=1
seed=1    avg_loss: 0.000006495637  time_per_window : 0.000305   progress : 0.502
name: models.architecture.block_type=cls
training.mode=rollout
models.out_dim=10
models.architecture.n_encoder_layers=1
models.architecture.n_decoder_layers=1
seed=1    avg_loss: 0.000007350086  time_per_window : 0.000257   progress : 0.513
name: models.architecture.block_type=cls
training.mode=rollout
models.out_dim=10
models.architecture.n_encoder_layers=1
models.architecture.n_decoder_layers=1
seed=1    avg_loss: 0.000007976656  time_per_window : 0.000242   progress : 0.524
name: models.architecture.block_type=cls
training.mode=rollout
models.out_dim=10
models.architecture.n_encoder_layers=1
models.architecture.n_decoder_layers=1
seed=1    avg_loss: 0.000006791481  time_per_window : 0.000269   progress : 0.535
name: models.architecture.block_type=cls
training.mode=rollout
models.out_dim=10
models.architecture.n_encoder_layers=1
models.architecture.n_decoder_layers=1
seed=1    avg_loss: 0.000005638843  time_per_window : 0.000245   progress : 0.546
name: models.architecture.block_type=cls
training.mode=rollout
models.out_dim=10
models.architecture.n_encoder_layers=1
models.architecture.n_decoder_layers=1
seed=1    avg_loss: 0.000007542663  time_per_window : 0.000357   progress : 0.557
name: models.architecture.block_type=cls
training.mode=rollout
models.out_dim=10
models.architecture.n_encoder_layers=1
models.architecture.n_decoder_layers=1
seed=1    avg_loss: 0.000006381372  time_per_window : 0.000276   progress : 0.568
name: models.architecture.block_type=cls
training.mode=rollout
models.out_dim=10
models.architecture.n_encoder_layers=1
models.architecture.n_decoder_layers=1
seed=1    avg_loss: 0.000008305864  time_per_window : 0.000267   progress : 0.579
name: models.architecture.block_type=cls
training.mode=rollout
models.out_dim=10
models.architecture.n_encoder_layers=1
models.architecture.n_decoder_layers=1
seed=1    avg_loss: 0.000007870543  time_per_window : 0.000268   progress : 0.590
name: models.architecture.block_type=cls
training.mode=rollout
models.out_dim=10
models.architecture.n_encoder_layers=1
models.architecture.n_decoder_layers=1
seed=1    avg_loss: 0.000005886764  time_per_window : 0.000292   progress : 0.601
name: models.architecture.block_type=cls
training.mode=rollout
models.out_dim=10
models.architecture.n_encoder_layers=1
models.architecture.n_decoder_layers=1
seed=1    avg_loss: 0.000006405541  time_per_window : 0.000326   progress : 0.612
name: models.architecture.block_type=cls
training.mode=rollout
models.out_dim=10
models.architecture.n_encoder_layers=1
models.architecture.n_decoder_layers=1
seed=1    avg_loss: 0.000007039605  time_per_window : 0.000273   progress : 0.623
name: models.architecture.block_type=cls
training.mode=rollout
models.out_dim=10
models.architecture.n_encoder_layers=1
models.architecture.n_decoder_layers=1
seed=1    avg_loss: 0.000008557284  time_per_window : 0.000301   progress : 0.634
name: models.architecture.block_type=cls
training.mode=rollout
models.out_dim=10
models.architecture.n_encoder_layers=1
models.architecture.n_decoder_layers=1
seed=1    avg_loss: 0.000004307423  time_per_window : 0.000256   progress : 0.644
name: models.architecture.block_type=cls
training.mode=rollout
models.out_dim=10
models.architecture.n_encoder_layers=1
models.architecture.n_decoder_layers=1
seed=1    avg_loss: 0.000006656801  time_per_window : 0.000272   progress : 0.655
name: models.architecture.block_type=cls
training.mode=rollout
models.out_dim=10
models.architecture.n_encoder_layers=1
models.architecture.n_decoder_layers=1
seed=1    avg_loss: 0.000006962887  time_per_window : 0.000318   progress : 0.666
name: models.architecture.block_type=cls
training.mode=rollout
models.out_dim=10
models.architecture.n_encoder_layers=1
models.architecture.n_decoder_layers=1
seed=1    avg_loss: 0.000005247522  time_per_window : 0.000350   progress : 0.677
name: models.architecture.block_type=cls
training.mode=rollout
models.out_dim=10
models.architecture.n_encoder_layers=1
models.architecture.n_decoder_layers=1
seed=1    avg_loss: 0.000007383866  time_per_window : 0.000309   progress : 0.688
name: models.architecture.block_type=cls
training.mode=rollout
models.out_dim=10
models.architecture.n_encoder_layers=1
models.architecture.n_decoder_layers=1
seed=1    avg_loss: 0.000005648131  time_per_window : 0.000308   progress : 0.699
name: models.architecture.block_type=cls
training.mode=rollout
models.out_dim=10
models.architecture.n_encoder_layers=1
models.architecture.n_decoder_layers=1
seed=1    avg_loss: 0.000006727363  time_per_window : 0.000281   progress : 0.710
name: models.architecture.block_type=cls
training.mode=rollout
models.out_dim=10
models.architecture.n_encoder_layers=1
models.architecture.n_decoder_layers=1
seed=1    avg_loss: 0.000005253097  time_per_window : 0.000288   progress : 0.721
name: models.architecture.block_type=cls
training.mode=rollout
models.out_dim=10
models.architecture.n_encoder_layers=1
models.architecture.n_decoder_layers=1
seed=1    avg_loss: 0.000006600315  time_per_window : 0.000299   progress : 0.732
name: models.architecture.block_type=cls
training.mode=rollout
models.out_dim=10
models.architecture.n_encoder_layers=1
models.architecture.n_decoder_layers=1
seed=4    avg_loss: 0.000005866944  time_per_window : 0.000291   progress : 0.743
name: models.architecture.block_type=cls
training.mode=rollout
models.out_dim=10
models.architecture.n_encoder_layers=1
models.architecture.n_decoder_layers=1
seed=4    avg_loss: 0.000004526712  time_per_window : 0.000306   progress : 0.754
name: models.architecture.block_type=cls
training.mode=rollout
models.out_dim=10
models.architecture.n_encoder_layers=1
models.architecture.n_decoder_layers=1
seed=4    avg_loss: 0.000004472685  time_per_window : 0.000352   progress : 0.765
name: models.architecture.block_type=cls
training.mode=rollout
models.out_dim=10
models.architecture.n_encoder_layers=1
models.architecture.n_decoder_layers=1
seed=4    avg_loss: 0.000006505642  time_per_window : 0.000261   progress : 0.775
name: models.architecture.block_type=cls
training.mode=rollout
models.out_dim=10
models.architecture.n_encoder_layers=1
models.architecture.n_decoder_layers=1
seed=4    avg_loss: 0.000004566364  time_per_window : 0.000283   progress : 0.786
name: models.architecture.block_type=cls
training.mode=rollout
models.out_dim=10
models.architecture.n_encoder_layers=1
models.architecture.n_decoder_layers=1
seed=4    avg_loss: 0.000004223702  time_per_window : 0.000319   progress : 0.797
name: models.architecture.block_type=cls
training.mode=rollout
models.out_dim=10
models.architecture.n_encoder_layers=1
models.architecture.n_decoder_layers=1
seed=4    avg_loss: 0.000004016106  time_per_window : 0.000246   progress : 0.808
name: models.architecture.block_type=cls
training.mode=rollout
models.out_dim=10
models.architecture.n_encoder_layers=1
models.architecture.n_decoder_layers=1
seed=4    avg_loss: 0.000005486456  time_per_window : 0.000259   progress : 0.819
name: models.architecture.block_type=cls
training.mode=rollout
models.out_dim=10
models.architecture.n_encoder_layers=1
models.architecture.n_decoder_layers=1
seed=4    avg_loss: 0.000005785218  time_per_window : 0.000261   progress : 0.830
name: models.architecture.block_type=cls
training.mode=rollout
models.out_dim=10
models.architecture.n_encoder_layers=1
models.architecture.n_decoder_layers=1
seed=4    avg_loss: 0.000003738173  time_per_window : 0.000254   progress : 0.841
name: models.architecture.block_type=cls
training.mode=rollout
models.out_dim=10
models.architecture.n_encoder_layers=1
models.architecture.n_decoder_layers=1
seed=4    avg_loss: 0.000005277137  time_per_window : 0.000341   progress : 0.852
name: models.architecture.block_type=cls
training.mode=rollout
models.out_dim=10
models.architecture.n_encoder_layers=1
models.architecture.n_decoder_layers=1
seed=4    avg_loss: 0.000004238014  time_per_window : 0.000234   progress : 0.863
name: models.architecture.block_type=cls
training.mode=rollout
models.out_dim=10
models.architecture.n_encoder_layers=1
models.architecture.n_decoder_layers=1
seed=4    avg_loss: 0.000006115447  time_per_window : 0.000293   progress : 0.874
name: models.architecture.block_type=cls
training.mode=rollout
models.out_dim=10
models.architecture.n_encoder_layers=1
models.architecture.n_decoder_layers=1
seed=4    avg_loss: 0.000003581553  time_per_window : 0.000292   progress : 0.885
name: models.architecture.block_type=cls
training.mode=rollout
models.out_dim=10
models.architecture.n_encoder_layers=1
models.architecture.n_decoder_layers=1
seed=4    avg_loss: 0.000004247509  time_per_window : 0.000303   progress : 0.896
name: models.architecture.block_type=cls
training.mode=rollout
models.out_dim=10
models.architecture.n_encoder_layers=1
models.architecture.n_decoder_layers=1
seed=4    avg_loss: 0.000003149174  time_per_window : 0.000290   progress : 0.907
name: models.architecture.block_type=cls
training.mode=rollout
models.out_dim=10
models.architecture.n_encoder_layers=1
models.architecture.n_decoder_layers=1
seed=4    avg_loss: 0.000005955206  time_per_window : 0.000272   progress : 0.917
name: models.architecture.block_type=cls
training.mode=rollout
models.out_dim=10
models.architecture.n_encoder_layers=1
models.architecture.n_decoder_layers=1
seed=4    avg_loss: 0.000004261893  time_per_window : 0.000266   progress : 0.928
name: models.architecture.block_type=cls
training.mode=rollout
models.out_dim=10
models.architecture.n_encoder_layers=1
models.architecture.n_decoder_layers=1
seed=4    avg_loss: 0.000004478653  time_per_window : 0.000274   progress : 0.939
name: models.architecture.block_type=cls
training.mode=rollout
models.out_dim=10
models.architecture.n_encoder_layers=1
models.architecture.n_decoder_layers=1
seed=4    avg_loss: 0.000003888117  time_per_window : 0.000236   progress : 0.950
name: models.architecture.block_type=cls
training.mode=rollout
models.out_dim=10
models.architecture.n_encoder_layers=1
models.architecture.n_decoder_layers=1
seed=4    avg_loss: 0.000003646267  time_per_window : 0.000261   progress : 0.961
name: models.architecture.block_type=cls
training.mode=rollout
models.out_dim=10
models.architecture.n_encoder_layers=1
models.architecture.n_decoder_layers=1
seed=4    avg_loss: 0.000004492070  time_per_window : 0.000284   progress : 0.972
name: models.architecture.block_type=cls
training.mode=rollout
models.out_dim=10
models.architecture.n_encoder_layers=1
models.architecture.n_decoder_layers=1
seed=4    avg_loss: 0.000003965710  time_per_window : 0.000239   progress : 0.983
name: models.architecture.block_type=cls
training.mode=rollout
models.out_dim=10
models.architecture.n_encoder_layers=1
models.architecture.n_decoder_layers=1
seed=4    avg_loss: 0.000004092273  time_per_window : 0.000289   progress : 0.994
name: models.architecture.block_type=cls
training.mode=rollout
models.out_dim=10
models.architecture.n_encoder_layers=1
models.architecture.n_decoder_layers=1
seed=4    avg_loss: 0.000085209977  time_per_window : 0.000263   progress : 0.011
name: models.architecture.block_type=cls
training.mode=rollout
models.out_dim=10
models.architecture.n_encoder_layers=1
models.architecture.n_decoder_layers=1
seed=4    avg_loss: 0.000002357753  time_per_window : 0.000269   progress : 0.022
name: models.architecture.block_type=cls
training.mode=rollout
models.out_dim=10
models.architecture.n_encoder_layers=1
models.architecture.n_decoder_layers=1
seed=4    avg_loss: 0.000002182345  time_per_window : 0.000246   progress : 0.033
name: models.architecture.block_type=cls
training.mode=rollout
models.out_dim=10
models.architecture.n_encoder_layers=1
models.architecture.n_decoder_layers=1
seed=4    avg_loss: 0.000002130468  time_per_window : 0.000275   progress : 0.044
name: models.architecture.block_type=cls
training.mode=rollout
models.out_dim=10
models.architecture.n_encoder_layers=1
models.architecture.n_decoder_layers=1
seed=4    avg_loss: 0.000002197563  time_per_window : 0.000259   progress : 0.055
name: models.architecture.block_type=cls
training.mode=rollout
models.out_dim=10
models.architecture.n_encoder_layers=1
models.architecture.n_decoder_layers=1
seed=4    avg_loss: 0.000002856574  time_per_window : 0.000302   progress : 0.066
name: models.architecture.block_type=cls
training.mode=rollout
models.out_dim=10
models.architecture.n_encoder_layers=1
models.architecture.n_decoder_layers=1
seed=4    avg_loss: 0.000003070393  time_per_window : 0.000325   progress : 0.076
name: models.architecture.block_type=cls
training.mode=rollout
models.out_dim=10
models.architecture.n_encoder_layers=1
models.architecture.n_decoder_layers=1
seed=4    avg_loss: 0.000002711276  time_per_window : 0.000272   progress : 0.087
name: models.architecture.block_type=cls
training.mode=rollout
models.out_dim=10
models.architecture.n_encoder_layers=1
models.architecture.n_decoder_layers=1
seed=4    avg_loss: 0.000003303480  time_per_window : 0.000241   progress : 0.098
name: models.architecture.block_type=cls
training.mode=rollout
models.out_dim=10
models.architecture.n_encoder_layers=1
models.architecture.n_decoder_layers=1
seed=4    avg_loss: 0.000004000531  time_per_window : 0.000276   progress : 0.109
name: models.architecture.block_type=cls
training.mode=rollout
models.out_dim=10
models.architecture.n_encoder_layers=1
models.architecture.n_decoder_layers=1
seed=2    avg_loss: 0.000004886263  time_per_window : 0.000322   progress : 0.743
name: models.architecture.block_type=cls
training.mode=rollout
models.out_dim=10
models.architecture.n_encoder_layers=1
models.architecture.n_decoder_layers=1
seed=2    avg_loss: 0.000003633947  time_per_window : 0.000284   progress : 0.754
name: models.architecture.block_type=cls
training.mode=rollout
models.out_dim=10
models.architecture.n_encoder_layers=1
models.architecture.n_decoder_layers=1
seed=2    avg_loss: 0.000005827956  time_per_window : 0.000245   progress : 0.765
name: models.architecture.block_type=cls
training.mode=rollout
models.out_dim=10
models.architecture.n_encoder_layers=1
models.architecture.n_decoder_layers=1
seed=2    avg_loss: 0.000003354488  time_per_window : 0.000353   progress : 0.775
name: models.architecture.block_type=cls
training.mode=rollout
models.out_dim=10
models.architecture.n_encoder_layers=1
models.architecture.n_decoder_layers=1
seed=2    avg_loss: 0.000004348326  time_per_window : 0.000249   progress : 0.786
name: models.architecture.block_type=cls
training.mode=rollout
models.out_dim=10
models.architecture.n_encoder_layers=1
models.architecture.n_decoder_layers=1
seed=2    avg_loss: 0.000004167430  time_per_window : 0.000273   progress : 0.797
name: models.architecture.block_type=cls
training.mode=rollout
models.out_dim=10
models.architecture.n_encoder_layers=1
models.architecture.n_decoder_layers=1
seed=2    avg_loss: 0.000003193701  time_per_window : 0.000284   progress : 0.808
name: models.architecture.block_type=cls
training.mode=rollout
models.out_dim=10
models.architecture.n_encoder_layers=1
models.architecture.n_decoder_layers=1
seed=2    avg_loss: 0.000003534027  time_per_window : 0.000259   progress : 0.819
name: models.architecture.block_type=cls
training.mode=rollout
models.out_dim=10
models.architecture.n_encoder_layers=1
models.architecture.n_decoder_layers=1
seed=2    avg_loss: 0.000004498757  time_per_window : 0.000303   progress : 0.830
name: models.architecture.block_type=cls
training.mode=rollout
models.out_dim=10
models.architecture.n_encoder_layers=1
models.architecture.n_decoder_layers=1
seed=2    avg_loss: 0.000003137987  time_per_window : 0.000268   progress : 0.841
name: models.architecture.block_type=cls
training.mode=rollout
models.out_dim=10
models.architecture.n_encoder_layers=1
models.architecture.n_decoder_layers=1
seed=2    avg_loss: 0.000004605752  time_per_window : 0.000322   progress : 0.852
name: models.architecture.block_type=cls
training.mode=rollout
models.out_dim=10
models.architecture.n_encoder_layers=1
models.architecture.n_decoder_layers=1
seed=2    avg_loss: 0.000003849717  time_per_window : 0.000266   progress : 0.863
name: models.architecture.block_type=cls
training.mode=rollout
models.out_dim=10
models.architecture.n_encoder_layers=1
models.architecture.n_decoder_layers=1
seed=2    avg_loss: 0.000003716534  time_per_window : 0.000262   progress : 0.874
name: models.architecture.block_type=cls
training.mode=rollout
models.out_dim=10
models.architecture.n_encoder_layers=1
models.architecture.n_decoder_layers=1
seed=2    avg_loss: 0.000004599783  time_per_window : 0.000287   progress : 0.885
name: models.architecture.block_type=cls
training.mode=rollout
models.out_dim=10
models.architecture.n_encoder_layers=1
models.architecture.n_decoder_layers=1
seed=2    avg_loss: 0.000003264580  time_per_window : 0.000315   progress : 0.896
name: models.architecture.block_type=cls
training.mode=rollout
models.out_dim=10
models.architecture.n_encoder_layers=1
models.architecture.n_decoder_layers=1
seed=2    avg_loss: 0.000003778792  time_per_window : 0.000299   progress : 0.907
name: models.architecture.block_type=cls
training.mode=rollout
models.out_dim=10
models.architecture.n_encoder_layers=1
models.architecture.n_decoder_layers=1
seed=2    avg_loss: 0.000004448836  time_per_window : 0.000264   progress : 0.917
name: models.architecture.block_type=cls
training.mode=rollout
models.out_dim=10
models.architecture.n_encoder_layers=1
models.architecture.n_decoder_layers=1
seed=2    avg_loss: 0.000002767414  time_per_window : 0.000316   progress : 0.928
name: models.architecture.block_type=cls
training.mode=rollout
models.out_dim=10
models.architecture.n_encoder_layers=1
models.architecture.n_decoder_layers=1
seed=2    avg_loss: 0.000004373159  time_per_window : 0.000275   progress : 0.939
name: models.architecture.block_type=cls
training.mode=rollout
models.out_dim=10
models.architecture.n_encoder_layers=1
models.architecture.n_decoder_layers=1
seed=2    avg_loss: 0.000003874402  time_per_window : 0.000322   progress : 0.950
name: models.architecture.block_type=cls
training.mode=rollout
models.out_dim=10
models.architecture.n_encoder_layers=1
models.architecture.n_decoder_layers=1
seed=2    avg_loss: 0.000003200878  time_per_window : 0.000250   progress : 0.961
name: models.architecture.block_type=cls
training.mode=rollout
models.out_dim=10
models.architecture.n_encoder_layers=1
models.architecture.n_decoder_layers=1
seed=2    avg_loss: 0.000003457568  time_per_window : 0.000259   progress : 0.972
name: models.architecture.block_type=cls
training.mode=rollout
models.out_dim=10
models.architecture.n_encoder_layers=1
models.architecture.n_decoder_layers=1
seed=2    avg_loss: 0.000003790124  time_per_window : 0.000290   progress : 0.983
name: models.architecture.block_type=cls
training.mode=rollout
models.out_dim=10
models.architecture.n_encoder_layers=1
models.architecture.n_decoder_layers=1
seed=2    avg_loss: 0.000003469332  time_per_window : 0.000307   progress : 0.994
name: models.architecture.block_type=cls
training.mode=rollout
models.out_dim=10
models.architecture.n_encoder_layers=1
models.architecture.n_decoder_layers=1
seed=2    avg_loss: 0.000080901322  time_per_window : 0.000264   progress : 0.011
name: models.architecture.block_type=cls
training.mode=rollout
models.out_dim=10
models.architecture.n_encoder_layers=1
models.architecture.n_decoder_layers=1
seed=2    avg_loss: 0.000002187919  time_per_window : 0.000258   progress : 0.022
name: models.architecture.block_type=cls
training.mode=rollout
models.out_dim=10
models.architecture.n_encoder_layers=1
models.architecture.n_decoder_layers=1
seed=2    avg_loss: 0.000002192218  time_per_window : 0.000252   progress : 0.033
name: models.architecture.block_type=cls
training.mode=rollout
models.out_dim=10
models.architecture.n_encoder_layers=1
models.architecture.n_decoder_layers=1
seed=2    avg_loss: 0.000002323970  time_per_window : 0.000313   progress : 0.044
name: models.architecture.block_type=cls
training.mode=rollout
models.out_dim=10
models.architecture.n_encoder_layers=1
models.architecture.n_decoder_layers=1
seed=2    avg_loss: 0.000002415216  time_per_window : 0.000238   progress : 0.055
name: models.architecture.block_type=cls
training.mode=rollout
models.out_dim=10
models.architecture.n_encoder_layers=1
models.architecture.n_decoder_layers=1
seed=2    avg_loss: 0.000002878314  time_per_window : 0.000303   progress : 0.066
name: models.architecture.block_type=cls
training.mode=rollout
models.out_dim=10
models.architecture.n_encoder_layers=1
models.architecture.n_decoder_layers=1
seed=2    avg_loss: 0.000002828591  time_per_window : 0.000279   progress : 0.076
name: models.architecture.block_type=cls
training.mode=rollout
models.out_dim=10
models.architecture.n_encoder_layers=1
models.architecture.n_decoder_layers=1
seed=2    avg_loss: 0.000002778849  time_per_window : 0.000306   progress : 0.087
name: models.architecture.block_type=cls
training.mode=rollout
models.out_dim=10
models.architecture.n_encoder_layers=1
models.architecture.n_decoder_layers=1
seed=2    avg_loss: 0.000002991961  time_per_window : 0.000301   progress : 0.098
name: models.architecture.block_type=cls
training.mode=rollout
models.out_dim=10
models.architecture.n_encoder_layers=1
models.architecture.n_decoder_layers=1
seed=2    avg_loss: 0.000003129810  time_per_window : 0.000274   progress : 0.109
name: models.architecture.block_type=cls
training.mode=rollout
models.out_dim=10
models.architecture.n_encoder_layers=1
models.architecture.n_decoder_layers=1
seed=3    avg_loss: 0.000004109579  time_per_window : 0.000312   progress : 0.743
name: models.architecture.block_type=cls
training.mode=rollout
models.out_dim=10
models.architecture.n_encoder_layers=1
models.architecture.n_decoder_layers=1
seed=3    avg_loss: 0.000003933394  time_per_window : 0.000257   progress : 0.754
name: models.architecture.block_type=cls
training.mode=rollout
models.out_dim=10
models.architecture.n_encoder_layers=1
models.architecture.n_decoder_layers=1
seed=3    avg_loss: 0.000006231005  time_per_window : 0.000284   progress : 0.765
name: models.architecture.block_type=cls
training.mode=rollout
models.out_dim=10
models.architecture.n_encoder_layers=1
models.architecture.n_decoder_layers=1
seed=3    avg_loss: 0.000005777937  time_per_window : 0.000262   progress : 0.775
name: models.architecture.block_type=cls
training.mode=rollout
models.out_dim=10
models.architecture.n_encoder_layers=1
models.architecture.n_decoder_layers=1
seed=3    avg_loss: 0.000004198619  time_per_window : 0.000243   progress : 0.786
name: models.architecture.block_type=cls
training.mode=rollout
models.out_dim=10
models.architecture.n_encoder_layers=1
models.architecture.n_decoder_layers=1
seed=3    avg_loss: 0.000004357425  time_per_window : 0.000243   progress : 0.797
name: models.architecture.block_type=cls
training.mode=rollout
models.out_dim=10
models.architecture.n_encoder_layers=1
models.architecture.n_decoder_layers=1
seed=3    avg_loss: 0.000004118371  time_per_window : 0.000303   progress : 0.808
name: models.architecture.block_type=cls
training.mode=rollout
models.out_dim=10
models.architecture.n_encoder_layers=1
models.architecture.n_decoder_layers=1
seed=3    avg_loss: 0.000003848627  time_per_window : 0.000262   progress : 0.819
name: models.architecture.block_type=cls
training.mode=rollout
models.out_dim=10
models.architecture.n_encoder_layers=1
models.architecture.n_decoder_layers=1
seed=3    avg_loss: 0.000004573923  time_per_window : 0.000286   progress : 0.830
name: models.architecture.block_type=cls
training.mode=rollout
models.out_dim=10
models.architecture.n_encoder_layers=1
models.architecture.n_decoder_layers=1
seed=3    avg_loss: 0.000004610168  time_per_window : 0.000252   progress : 0.841
name: models.architecture.block_type=cls
training.mode=rollout
models.out_dim=10
models.architecture.n_encoder_layers=1
models.architecture.n_decoder_layers=1
seed=3    avg_loss: 0.000004650497  time_per_window : 0.000293   progress : 0.852
name: models.architecture.block_type=cls
training.mode=rollout
models.out_dim=10
models.architecture.n_encoder_layers=1
models.architecture.n_decoder_layers=1
seed=3    avg_loss: 0.000003568908  time_per_window : 0.000293   progress : 0.863
name: models.architecture.block_type=cls
training.mode=rollout
models.out_dim=10
models.architecture.n_encoder_layers=1
models.architecture.n_decoder_layers=1
seed=3    avg_loss: 0.000004646988  time_per_window : 0.000319   progress : 0.874
name: models.architecture.block_type=cls
training.mode=rollout
models.out_dim=10
models.architecture.n_encoder_layers=1
models.architecture.n_decoder_layers=1
seed=3    avg_loss: 0.000004520619  time_per_window : 0.000268   progress : 0.885
name: models.architecture.block_type=cls
training.mode=rollout
models.out_dim=10
models.architecture.n_encoder_layers=1
models.architecture.n_decoder_layers=1
seed=3    avg_loss: 0.000003436840  time_per_window : 0.000266   progress : 0.896
name: models.architecture.block_type=cls
training.mode=rollout
models.out_dim=10
models.architecture.n_encoder_layers=1
models.architecture.n_decoder_layers=1
seed=3    avg_loss: 0.000003699077  time_per_window : 0.000267   progress : 0.907
name: models.architecture.block_type=cls
training.mode=rollout
models.out_dim=10
models.architecture.n_encoder_layers=1
models.architecture.n_decoder_layers=1
seed=3    avg_loss: 0.000005678086  time_per_window : 0.000260   progress : 0.917
name: models.architecture.block_type=cls
training.mode=rollout
models.out_dim=10
models.architecture.n_encoder_layers=1
models.architecture.n_decoder_layers=1
seed=3    avg_loss: 0.000004177372  time_per_window : 0.000284   progress : 0.928
name: models.architecture.block_type=cls
training.mode=rollout
models.out_dim=10
models.architecture.n_encoder_layers=1
models.architecture.n_decoder_layers=1
seed=3    avg_loss: 0.000004369145  time_per_window : 0.000252   progress : 0.939
name: models.architecture.block_type=cls
training.mode=rollout
models.out_dim=10
models.architecture.n_encoder_layers=1
models.architecture.n_decoder_layers=1
seed=3    avg_loss: 0.000003283552  time_per_window : 0.000268   progress : 0.950
name: models.architecture.block_type=cls
training.mode=rollout
models.out_dim=10
models.architecture.n_encoder_layers=1
models.architecture.n_decoder_layers=1
seed=3    avg_loss: 0.000003628240  time_per_window : 0.000278   progress : 0.961
name: models.architecture.block_type=cls
training.mode=rollout
models.out_dim=10
models.architecture.n_encoder_layers=1
models.architecture.n_decoder_layers=1
seed=3    avg_loss: 0.000004193054  time_per_window : 0.000275   progress : 0.972
name: models.architecture.block_type=cls
training.mode=rollout
models.out_dim=10
models.architecture.n_encoder_layers=1
models.architecture.n_decoder_layers=1
seed=3    avg_loss: 0.000003183605  time_per_window : 0.000290   progress : 0.983
name: models.architecture.block_type=cls
training.mode=rollout
models.out_dim=10
models.architecture.n_encoder_layers=1
models.architecture.n_decoder_layers=1
seed=3    avg_loss: 0.000004452494  time_per_window : 0.000249   progress : 0.994
name: models.architecture.block_type=cls
training.mode=rollout
models.out_dim=10
models.architecture.n_encoder_layers=1
models.architecture.n_decoder_layers=1
seed=3    avg_loss: 0.000100087003  time_per_window : 0.000250   progress : 0.011
name: models.architecture.block_type=cls
training.mode=rollout
models.out_dim=10
models.architecture.n_encoder_layers=1
models.architecture.n_decoder_layers=1
seed=3    avg_loss: 0.000002123826  time_per_window : 0.000266   progress : 0.022
name: models.architecture.block_type=cls
training.mode=rollout
models.out_dim=10
models.architecture.n_encoder_layers=1
models.architecture.n_decoder_layers=1
seed=3    avg_loss: 0.000002125317  time_per_window : 0.000304   progress : 0.033
name: models.architecture.block_type=cls
training.mode=rollout
models.out_dim=10
models.architecture.n_encoder_layers=1
models.architecture.n_decoder_layers=1
seed=3    avg_loss: 0.000002205960  time_per_window : 0.000250   progress : 0.044
name: models.architecture.block_type=cls
training.mode=rollout
models.out_dim=10
models.architecture.n_encoder_layers=1
models.architecture.n_decoder_layers=1
seed=3    avg_loss: 0.000002214680  time_per_window : 0.000263   progress : 0.055
name: models.architecture.block_type=cls
training.mode=rollout
models.out_dim=10
models.architecture.n_encoder_layers=1
models.architecture.n_decoder_layers=1
seed=3    avg_loss: 0.000002591174  time_per_window : 0.000299   progress : 0.066
name: models.architecture.block_type=cls
training.mode=rollout
models.out_dim=10
models.architecture.n_encoder_layers=1
models.architecture.n_decoder_layers=1
seed=3    avg_loss: 0.000002376924  time_per_window : 0.000267   progress : 0.076
name: models.architecture.block_type=cls
training.mode=rollout
models.out_dim=10
models.architecture.n_encoder_layers=1
models.architecture.n_decoder_layers=1
seed=3    avg_loss: 0.000002491457  time_per_window : 0.000254   progress : 0.087
name: models.architecture.block_type=cls
training.mode=rollout
models.out_dim=10
models.architecture.n_encoder_layers=1
models.architecture.n_decoder_layers=1
seed=3    avg_loss: 0.000002828323  time_per_window : 0.000253   progress : 0.098
name: models.architecture.block_type=cls
training.mode=rollout
models.out_dim=10
models.architecture.n_encoder_layers=1
models.architecture.n_decoder_layers=1
seed=3    avg_loss: 0.000003263820  time_per_window : 0.000246   progress : 0.109
name: models.architecture.block_type=cls
training.mode=rollout
models.out_dim=10
models.architecture.n_encoder_layers=1
models.architecture.n_decoder_layers=1
seed=0    avg_loss: 0.000006912042  time_per_window : 0.000350   progress : 0.743
name: models.architecture.block_type=cls
training.mode=rollout
models.out_dim=10
models.architecture.n_encoder_layers=1
models.architecture.n_decoder_layers=1
seed=0    avg_loss: 0.000005093290  time_per_window : 0.000292   progress : 0.754
name: models.architecture.block_type=cls
training.mode=rollout
models.out_dim=10
models.architecture.n_encoder_layers=1
models.architecture.n_decoder_layers=1
seed=0    avg_loss: 0.000006446789  time_per_window : 0.000353   progress : 0.765
name: models.architecture.block_type=cls
training.mode=rollout
models.out_dim=10
models.architecture.n_encoder_layers=1
models.architecture.n_decoder_layers=1
seed=0    avg_loss: 0.000008360674  time_per_window : 0.000271   progress : 0.775
name: models.architecture.block_type=cls
training.mode=rollout
models.out_dim=10
models.architecture.n_encoder_layers=1
models.architecture.n_decoder_layers=1
seed=0    avg_loss: 0.000005710666  time_per_window : 0.000325   progress : 0.786
name: models.architecture.block_type=cls
training.mode=rollout
models.out_dim=10
models.architecture.n_encoder_layers=1
models.architecture.n_decoder_layers=1
seed=0    avg_loss: 0.000008114232  time_per_window : 0.000269   progress : 0.797
name: models.architecture.block_type=cls
training.mode=rollout
models.out_dim=10
models.architecture.n_encoder_layers=1
models.architecture.n_decoder_layers=1
seed=0    avg_loss: 0.000005457478  time_per_window : 0.000296   progress : 0.808
name: models.architecture.block_type=cls
training.mode=rollout
models.out_dim=10
models.architecture.n_encoder_layers=1
models.architecture.n_decoder_layers=1
seed=0    avg_loss: 0.000005559702  time_per_window : 0.000260   progress : 0.819
name: models.architecture.block_type=cls
training.mode=rollout
models.out_dim=10
models.architecture.n_encoder_layers=1
models.architecture.n_decoder_layers=1
seed=0    avg_loss: 0.000005283673  time_per_window : 0.000271   progress : 0.830
name: models.architecture.block_type=cls
training.mode=rollout
models.out_dim=10
models.architecture.n_encoder_layers=1
models.architecture.n_decoder_layers=1
seed=0    avg_loss: 0.000004516074  time_per_window : 0.000240   progress : 0.841
name: models.architecture.block_type=cls
training.mode=rollout
models.out_dim=10
models.architecture.n_encoder_layers=1
models.architecture.n_decoder_layers=1
seed=0    avg_loss: 0.000005265279  time_per_window : 0.000260   progress : 0.852
name: models.architecture.block_type=cls
training.mode=rollout
models.out_dim=10
models.architecture.n_encoder_layers=1
models.architecture.n_decoder_layers=1
seed=0    avg_loss: 0.000006502469  time_per_window : 0.000262   progress : 0.863
name: models.architecture.block_type=cls
training.mode=rollout
models.out_dim=10
models.architecture.n_encoder_layers=1
models.architecture.n_decoder_layers=1
seed=0    avg_loss: 0.000007349653  time_per_window : 0.000251   progress : 0.874
name: models.architecture.block_type=cls
training.mode=rollout
models.out_dim=10
models.architecture.n_encoder_layers=1
models.architecture.n_decoder_layers=1
seed=0    avg_loss: 0.000007112274  time_per_window : 0.000274   progress : 0.885
name: models.architecture.block_type=cls
training.mode=rollout
models.out_dim=10
models.architecture.n_encoder_layers=1
models.architecture.n_decoder_layers=1
seed=0    avg_loss: 0.000005588728  time_per_window : 0.000279   progress : 0.896
name: models.architecture.block_type=cls
training.mode=rollout
models.out_dim=10
models.architecture.n_encoder_layers=1
models.architecture.n_decoder_layers=1
seed=0    avg_loss: 0.000003824899  time_per_window : 0.000253   progress : 0.907
name: models.architecture.block_type=cls
training.mode=rollout
models.out_dim=10
models.architecture.n_encoder_layers=1
models.architecture.n_decoder_layers=1
seed=0    avg_loss: 0.000006980385  time_per_window : 0.000269   progress : 0.917
name: models.architecture.block_type=cls
training.mode=rollout
models.out_dim=10
models.architecture.n_encoder_layers=1
models.architecture.n_decoder_layers=1
seed=0    avg_loss: 0.000005299275  time_per_window : 0.000351   progress : 0.928
name: models.architecture.block_type=cls
training.mode=rollout
models.out_dim=10
models.architecture.n_encoder_layers=1
models.architecture.n_decoder_layers=1
seed=0    avg_loss: 0.000005329879  time_per_window : 0.000249   progress : 0.939
name: models.architecture.block_type=cls
training.mode=rollout
models.out_dim=10
models.architecture.n_encoder_layers=1
models.architecture.n_decoder_layers=1
seed=0    avg_loss: 0.000005408440  time_per_window : 0.000304   progress : 0.950
name: models.architecture.block_type=cls
training.mode=rollout
models.out_dim=10
models.architecture.n_encoder_layers=1
models.architecture.n_decoder_layers=1
seed=0    avg_loss: 0.000006469835  time_per_window : 0.000305   progress : 0.961
name: models.architecture.block_type=cls
training.mode=rollout
models.out_dim=10
models.architecture.n_encoder_layers=1
models.architecture.n_decoder_layers=1
seed=0    avg_loss: 0.000005282792  time_per_window : 0.000266   progress : 0.972
name: models.architecture.block_type=cls
training.mode=rollout
models.out_dim=10
models.architecture.n_encoder_layers=1
models.architecture.n_decoder_layers=1
seed=0    avg_loss: 0.000003923597  time_per_window : 0.000245   progress : 0.983
name: models.architecture.block_type=cls
training.mode=rollout
models.out_dim=10
models.architecture.n_encoder_layers=1
models.architecture.n_decoder_layers=1
seed=0    avg_loss: 0.000005724181  time_per_window : 0.000271   progress : 0.994
name: models.architecture.block_type=cls
training.mode=rollout
models.out_dim=10
models.architecture.n_encoder_layers=1
models.architecture.n_decoder_layers=1
seed=0    avg_loss: 0.000175693553  time_per_window : 0.000260   progress : 0.011
name: models.architecture.block_type=cls
training.mode=rollout
models.out_dim=10
models.architecture.n_encoder_layers=1
models.architecture.n_decoder_layers=1
seed=0    avg_loss: 0.000002254634  time_per_window : 0.000248   progress : 0.022
name: models.architecture.block_type=cls
training.mode=rollout
models.out_dim=10
models.architecture.n_encoder_layers=1
models.architecture.n_decoder_layers=1
seed=0    avg_loss: 0.000002520057  time_per_window : 0.000301   progress : 0.033
name: models.architecture.block_type=cls
training.mode=rollout
models.out_dim=10
models.architecture.n_encoder_layers=1
models.architecture.n_decoder_layers=1
seed=0    avg_loss: 0.000002461606  time_per_window : 0.000287   progress : 0.044
name: models.architecture.block_type=cls
training.mode=rollout
models.out_dim=10
models.architecture.n_encoder_layers=1
models.architecture.n_decoder_layers=1
seed=0    avg_loss: 0.000002386603  time_per_window : 0.000266   progress : 0.055
name: models.architecture.block_type=cls
training.mode=rollout
models.out_dim=10
models.architecture.n_encoder_layers=1
models.architecture.n_decoder_layers=1
seed=0    avg_loss: 0.000003150672  time_per_window : 0.000266   progress : 0.066
name: models.architecture.block_type=cls
training.mode=rollout
models.out_dim=10
models.architecture.n_encoder_layers=1
models.architecture.n_decoder_layers=1
seed=0    avg_loss: 0.000003255341  time_per_window : 0.000287   progress : 0.076
name: models.architecture.block_type=cls
training.mode=rollout
models.out_dim=10
models.architecture.n_encoder_layers=1
models.architecture.n_decoder_layers=1
seed=0    avg_loss: 0.000003055125  time_per_window : 0.000267   progress : 0.087
name: models.architecture.block_type=cls
training.mode=rollout
models.out_dim=10
models.architecture.n_encoder_layers=1
models.architecture.n_decoder_layers=1
seed=0    avg_loss: 0.000003396480  time_per_window : 0.000254   progress : 0.098
name: models.architecture.block_type=cls
training.mode=rollout
models.out_dim=10
models.architecture.n_encoder_layers=1
models.architecture.n_decoder_layers=1
seed=0    avg_loss: 0.000003515459  time_per_window : 0.000272   progress : 0.109
name: models.architecture.block_type=cls
training.mode=rollout
models.out_dim=10
models.architecture.n_encoder_layers=1
models.architecture.n_decoder_layers=1
seed=1    avg_loss: 0.000006375323  time_per_window : 0.000315   progress : 0.743
name: models.architecture.block_type=cls
training.mode=rollout
models.out_dim=10
models.architecture.n_encoder_layers=1
models.architecture.n_decoder_layers=1
seed=1    avg_loss: 0.000004548988  time_per_window : 0.000361   progress : 0.754
name: models.architecture.block_type=cls
training.mode=rollout
models.out_dim=10
models.architecture.n_encoder_layers=1
models.architecture.n_decoder_layers=1
seed=1    avg_loss: 0.000007366568  time_per_window : 0.000286   progress : 0.765
name: models.architecture.block_type=cls
training.mode=rollout
models.out_dim=10
models.architecture.n_encoder_layers=1
models.architecture.n_decoder_layers=1
seed=1    avg_loss: 0.000006291815  time_per_window : 0.000272   progress : 0.775
name: models.architecture.block_type=cls
training.mode=rollout
models.out_dim=10
models.architecture.n_encoder_layers=1
models.architecture.n_decoder_layers=1
seed=1    avg_loss: 0.000006515239  time_per_window : 0.000291   progress : 0.786
name: models.architecture.block_type=cls
training.mode=rollout
models.out_dim=10
models.architecture.n_encoder_layers=1
models.architecture.n_decoder_layers=1
seed=1    avg_loss: 0.000005120298  time_per_window : 0.000281   progress : 0.797
name: models.architecture.block_type=cls
training.mode=rollout
models.out_dim=10
models.architecture.n_encoder_layers=1
models.architecture.n_decoder_layers=1
seed=1    avg_loss: 0.000004620753  time_per_window : 0.000276   progress : 0.808
name: models.architecture.block_type=cls
training.mode=rollout
models.out_dim=10
models.architecture.n_encoder_layers=1
models.architecture.n_decoder_layers=1
seed=1    avg_loss: 0.000004754587  time_per_window : 0.000272   progress : 0.819
name: models.architecture.block_type=cls
training.mode=rollout
models.out_dim=10
models.architecture.n_encoder_layers=1
models.architecture.n_decoder_layers=1
seed=1    avg_loss: 0.000005926764  time_per_window : 0.000265   progress : 0.830
name: models.architecture.block_type=cls
training.mode=rollout
models.out_dim=10
models.architecture.n_encoder_layers=1
models.architecture.n_decoder_layers=1
seed=1    avg_loss: 0.000004458966  time_per_window : 0.000271   progress : 0.841
name: models.architecture.block_type=cls
training.mode=rollout
models.out_dim=10
models.architecture.n_encoder_layers=1
models.architecture.n_decoder_layers=1
seed=1    avg_loss: 0.000005947889  time_per_window : 0.000293   progress : 0.852
name: models.architecture.block_type=cls
training.mode=rollout
models.out_dim=10
models.architecture.n_encoder_layers=1
models.architecture.n_decoder_layers=1
seed=1    avg_loss: 0.000006320528  time_per_window : 0.000269   progress : 0.863
name: models.architecture.block_type=cls
training.mode=rollout
models.out_dim=10
models.architecture.n_encoder_layers=1
models.architecture.n_decoder_layers=1
seed=1    avg_loss: 0.000005186408  time_per_window : 0.000265   progress : 0.874
name: models.architecture.block_type=cls
training.mode=rollout
models.out_dim=10
models.architecture.n_encoder_layers=1
models.architecture.n_decoder_layers=1
seed=1    avg_loss: 0.000006056035  time_per_window : 0.000256   progress : 0.885
name: models.architecture.block_type=cls
training.mode=rollout
models.out_dim=10
models.architecture.n_encoder_layers=1
models.architecture.n_decoder_layers=1
seed=1    avg_loss: 0.000004187410  time_per_window : 0.000268   progress : 0.896
name: models.architecture.block_type=cls
training.mode=rollout
models.out_dim=10
models.architecture.n_encoder_layers=1
models.architecture.n_decoder_layers=1
seed=1    avg_loss: 0.000004495635  time_per_window : 0.000278   progress : 0.907
name: models.architecture.block_type=cls
training.mode=rollout
models.out_dim=10
models.architecture.n_encoder_layers=1
models.architecture.n_decoder_layers=1
seed=1    avg_loss: 0.000006778029  time_per_window : 0.000250   progress : 0.917
name: models.architecture.block_type=cls
training.mode=rollout
models.out_dim=10
models.architecture.n_encoder_layers=1
models.architecture.n_decoder_layers=1
seed=1    avg_loss: 0.000005403885  time_per_window : 0.000246   progress : 0.928
name: models.architecture.block_type=cls
training.mode=rollout
models.out_dim=10
models.architecture.n_encoder_layers=1
models.architecture.n_decoder_layers=1
seed=1    avg_loss: 0.000004806761  time_per_window : 0.000276   progress : 0.939
name: models.architecture.block_type=cls
training.mode=rollout
models.out_dim=10
models.architecture.n_encoder_layers=1
models.architecture.n_decoder_layers=1
seed=1    avg_loss: 0.000004480659  time_per_window : 0.000283   progress : 0.950
name: models.architecture.block_type=cls
training.mode=rollout
models.out_dim=10
models.architecture.n_encoder_layers=1
models.architecture.n_decoder_layers=1
seed=1    avg_loss: 0.000005085747  time_per_window : 0.000227   progress : 0.961
name: models.architecture.block_type=cls
training.mode=rollout
models.out_dim=10
models.architecture.n_encoder_layers=1
models.architecture.n_decoder_layers=1
seed=1    avg_loss: 0.000005390935  time_per_window : 0.000277   progress : 0.972
name: models.architecture.block_type=cls
training.mode=rollout
models.out_dim=10
models.architecture.n_encoder_layers=1
models.architecture.n_decoder_layers=1
seed=1    avg_loss: 0.000005697538  time_per_window : 0.000322   progress : 0.983
name: models.architecture.block_type=cls
training.mode=rollout
models.out_dim=10
models.architecture.n_encoder_layers=1
models.architecture.n_decoder_layers=1
seed=1    avg_loss: 0.000004190052  time_per_window : 0.000223   progress : 0.994
name: models.architecture.block_type=cls
training.mode=rollout
models.out_dim=10
models.architecture.n_encoder_layers=1
models.architecture.n_decoder_layers=1
seed=1    avg_loss: 0.000120480938  time_per_window : 0.000253   progress : 0.011
name: models.architecture.block_type=cls
training.mode=rollout
models.out_dim=10
models.architecture.n_encoder_layers=1
models.architecture.n_decoder_layers=1
seed=1    avg_loss: 0.000002685814  time_per_window : 0.000242   progress : 0.022
name: models.architecture.block_type=cls
training.mode=rollout
models.out_dim=10
models.architecture.n_encoder_layers=1
models.architecture.n_decoder_layers=1
seed=1    avg_loss: 0.000002678986  time_per_window : 0.000286   progress : 0.033
name: models.architecture.block_type=cls
training.mode=rollout
models.out_dim=10
models.architecture.n_encoder_layers=1
models.architecture.n_decoder_layers=1
seed=1    avg_loss: 0.000002694483  time_per_window : 0.000291   progress : 0.044
name: models.architecture.block_type=cls
training.mode=rollout
models.out_dim=10
models.architecture.n_encoder_layers=1
models.architecture.n_decoder_layers=1
seed=1    avg_loss: 0.000002666152  time_per_window : 0.000267   progress : 0.055
name: models.architecture.block_type=cls
training.mode=rollout
models.out_dim=10
models.architecture.n_encoder_layers=1
models.architecture.n_decoder_layers=1
seed=1    avg_loss: 0.000003529747  time_per_window : 0.000268   progress : 0.066
name: models.architecture.block_type=cls
training.mode=rollout
models.out_dim=10
models.architecture.n_encoder_layers=1
models.architecture.n_decoder_layers=1
seed=1    avg_loss: 0.000004572181  time_per_window : 0.000257   progress : 0.076
name: models.architecture.block_type=cls
training.mode=rollout
models.out_dim=10
models.architecture.n_encoder_layers=1
models.architecture.n_decoder_layers=1
seed=1    avg_loss: 0.000003855432  time_per_window : 0.000273   progress : 0.087
name: models.architecture.block_type=cls
training.mode=rollout
models.out_dim=10
models.architecture.n_encoder_layers=1
models.architecture.n_decoder_layers=1
seed=1    avg_loss: 0.000003829889  time_per_window : 0.000264   progress : 0.098
name: models.architecture.block_type=cls
training.mode=rollout
models.out_dim=10
models.architecture.n_encoder_layers=1
models.architecture.n_decoder_layers=1
seed=1    avg_loss: 0.000005090794  time_per_window : 0.000273   progress : 0.109
name: models.architecture.block_type=cls
training.mode=rollout
models.out_dim=10
models.architecture.n_encoder_layers=1
models.architecture.n_decoder_layers=1
seed=4    avg_loss: 0.000003762741  time_per_window : 0.000250   progress : 0.120
name: models.architecture.block_type=cls
training.mode=rollout
models.out_dim=10
models.architecture.n_encoder_layers=1
models.architecture.n_decoder_layers=1
seed=4    avg_loss: 0.000003370725  time_per_window : 0.000255   progress : 0.131
name: models.architecture.block_type=cls
training.mode=rollout
models.out_dim=10
models.architecture.n_encoder_layers=1
models.architecture.n_decoder_layers=1
seed=4    avg_loss: 0.000004076112  time_per_window : 0.000252   progress : 0.142
name: models.architecture.block_type=cls
training.mode=rollout
models.out_dim=10
models.architecture.n_encoder_layers=1
models.architecture.n_decoder_layers=1
seed=4    avg_loss: 0.000004233728  time_per_window : 0.000294   progress : 0.153
name: models.architecture.block_type=cls
training.mode=rollout
models.out_dim=10
models.architecture.n_encoder_layers=1
models.architecture.n_decoder_layers=1
seed=4    avg_loss: 0.000004246802  time_per_window : 0.000254   progress : 0.164
name: models.architecture.block_type=cls
training.mode=rollout
models.out_dim=10
models.architecture.n_encoder_layers=1
models.architecture.n_decoder_layers=1
seed=4    avg_loss: 0.000003668787  time_per_window : 0.000316   progress : 0.175
name: models.architecture.block_type=cls
training.mode=rollout
models.out_dim=10
models.architecture.n_encoder_layers=1
models.architecture.n_decoder_layers=1
seed=4    avg_loss: 0.000003802308  time_per_window : 0.000243   progress : 0.186
name: models.architecture.block_type=cls
training.mode=rollout
models.out_dim=10
models.architecture.n_encoder_layers=1
models.architecture.n_decoder_layers=1
seed=4    avg_loss: 0.000004416692  time_per_window : 0.000242   progress : 0.197
name: models.architecture.block_type=cls
training.mode=rollout
models.out_dim=10
models.architecture.n_encoder_layers=1
models.architecture.n_decoder_layers=1
seed=4    avg_loss: 0.000003925565  time_per_window : 0.000271   progress : 0.208
name: models.architecture.block_type=cls
training.mode=rollout
models.out_dim=10
models.architecture.n_encoder_layers=1
models.architecture.n_decoder_layers=1
seed=4    avg_loss: 0.000004797490  time_per_window : 0.000283   progress : 0.218
name: models.architecture.block_type=cls
training.mode=rollout
models.out_dim=10
models.architecture.n_encoder_layers=1
models.architecture.n_decoder_layers=1
seed=4    avg_loss: 0.000003802162  time_per_window : 0.000253   progress : 0.229
name: models.architecture.block_type=cls
training.mode=rollout
models.out_dim=10
models.architecture.n_encoder_layers=1
models.architecture.n_decoder_layers=1
seed=4    avg_loss: 0.000003927707  time_per_window : 0.000297   progress : 0.240
name: models.architecture.block_type=cls
training.mode=rollout
models.out_dim=10
models.architecture.n_encoder_layers=1
models.architecture.n_decoder_layers=1
seed=4    avg_loss: 0.000004274914  time_per_window : 0.000268   progress : 0.251
name: models.architecture.block_type=cls
training.mode=rollout
models.out_dim=10
models.architecture.n_encoder_layers=1
models.architecture.n_decoder_layers=1
seed=4    avg_loss: 0.000004056249  time_per_window : 0.000233   progress : 0.262
name: models.architecture.block_type=cls
training.mode=rollout
models.out_dim=10
models.architecture.n_encoder_layers=1
models.architecture.n_decoder_layers=1
seed=4    avg_loss: 0.000004198163  time_per_window : 0.000321   progress : 0.273
name: models.architecture.block_type=cls
training.mode=rollout
models.out_dim=10
models.architecture.n_encoder_layers=1
models.architecture.n_decoder_layers=1
seed=4    avg_loss: 0.000003699327  time_per_window : 0.000297   progress : 0.284
name: models.architecture.block_type=cls
training.mode=rollout
models.out_dim=10
models.architecture.n_encoder_layers=1
models.architecture.n_decoder_layers=1
seed=4    avg_loss: 0.000004760555  time_per_window : 0.000293   progress : 0.295
name: models.architecture.block_type=cls
training.mode=rollout
models.out_dim=10
models.architecture.n_encoder_layers=1
models.architecture.n_decoder_layers=1
seed=4    avg_loss: 0.000003960949  time_per_window : 0.000266   progress : 0.306
name: models.architecture.block_type=cls
training.mode=rollout
models.out_dim=10
models.architecture.n_encoder_layers=1
models.architecture.n_decoder_layers=1
seed=4    avg_loss: 0.000003882280  time_per_window : 0.000249   progress : 0.317
name: models.architecture.block_type=cls
training.mode=rollout
models.out_dim=10
models.architecture.n_encoder_layers=1
models.architecture.n_decoder_layers=1
seed=4    avg_loss: 0.000003575962  time_per_window : 0.000270   progress : 0.328
name: models.architecture.block_type=cls
training.mode=rollout
models.out_dim=10
models.architecture.n_encoder_layers=1
models.architecture.n_decoder_layers=1
seed=4    avg_loss: 0.000003961869  time_per_window : 0.000356   progress : 0.339
name: models.architecture.block_type=cls
training.mode=rollout
models.out_dim=10
models.architecture.n_encoder_layers=1
models.architecture.n_decoder_layers=1
seed=4    avg_loss: 0.000003987223  time_per_window : 0.000237   progress : 0.350
name: models.architecture.block_type=cls
training.mode=rollout
models.out_dim=10
models.architecture.n_encoder_layers=1
models.architecture.n_decoder_layers=1
seed=4    avg_loss: 0.000003385211  time_per_window : 0.000245   progress : 0.360
name: models.architecture.block_type=cls
training.mode=rollout
models.out_dim=10
models.architecture.n_encoder_layers=1
models.architecture.n_decoder_layers=1
seed=4    avg_loss: 0.000003632754  time_per_window : 0.000278   progress : 0.371
name: models.architecture.block_type=cls
training.mode=rollout
models.out_dim=10
models.architecture.n_encoder_layers=1
models.architecture.n_decoder_layers=1
seed=4    avg_loss: 0.000004147044  time_per_window : 0.000277   progress : 0.382
name: models.architecture.block_type=cls
training.mode=rollout
models.out_dim=10
models.architecture.n_encoder_layers=1
models.architecture.n_decoder_layers=1
seed=4    avg_loss: 0.000004263505  time_per_window : 0.000267   progress : 0.393
name: models.architecture.block_type=cls
training.mode=rollout
models.out_dim=10
models.architecture.n_encoder_layers=1
models.architecture.n_decoder_layers=1
seed=4    avg_loss: 0.000004517161  time_per_window : 0.000264   progress : 0.404
name: models.architecture.block_type=cls
training.mode=rollout
models.out_dim=10
models.architecture.n_encoder_layers=1
models.architecture.n_decoder_layers=1
seed=4    avg_loss: 0.000003588868  time_per_window : 0.000264   progress : 0.415
name: models.architecture.block_type=cls
training.mode=rollout
models.out_dim=10
models.architecture.n_encoder_layers=1
models.architecture.n_decoder_layers=1
seed=4    avg_loss: 0.000002441993  time_per_window : 0.000245   progress : 0.426
name: models.architecture.block_type=cls
training.mode=rollout
models.out_dim=10
models.architecture.n_encoder_layers=1
models.architecture.n_decoder_layers=1
seed=4    avg_loss: 0.000003373930  time_per_window : 0.000299   progress : 0.437
name: models.architecture.block_type=cls
training.mode=rollout
models.out_dim=10
models.architecture.n_encoder_layers=1
models.architecture.n_decoder_layers=1
seed=4    avg_loss: 0.000004304697  time_per_window : 0.000244   progress : 0.448
name: models.architecture.block_type=cls
training.mode=rollout
models.out_dim=10
models.architecture.n_encoder_layers=1
models.architecture.n_decoder_layers=1
seed=4    avg_loss: 0.000003588561  time_per_window : 0.000252   progress : 0.459
name: models.architecture.block_type=cls
training.mode=rollout
models.out_dim=10
models.architecture.n_encoder_layers=1
models.architecture.n_decoder_layers=1
seed=4    avg_loss: 0.000003633798  time_per_window : 0.000359   progress : 0.470
name: models.architecture.block_type=cls
training.mode=rollout
models.out_dim=10
models.architecture.n_encoder_layers=1
models.architecture.n_decoder_layers=1
seed=4    avg_loss: 0.000003750903  time_per_window : 0.003045   progress : 0.481
name: models.architecture.block_type=cls
training.mode=rollout
models.out_dim=10
models.architecture.n_encoder_layers=1
models.architecture.n_decoder_layers=1
seed=2    avg_loss: 0.000003840521  time_per_window : 0.000263   progress : 0.120
name: models.architecture.block_type=cls
training.mode=rollout
models.out_dim=10
models.architecture.n_encoder_layers=1
models.architecture.n_decoder_layers=1
seed=2    avg_loss: 0.000003083348  time_per_window : 0.000262   progress : 0.131
name: models.architecture.block_type=cls
training.mode=rollout
models.out_dim=10
models.architecture.n_encoder_layers=1
models.architecture.n_decoder_layers=1
seed=2    avg_loss: 0.000003098756  time_per_window : 0.000358   progress : 0.142
name: models.architecture.block_type=cls
training.mode=rollout
models.out_dim=10
models.architecture.n_encoder_layers=1
models.architecture.n_decoder_layers=1
seed=2    avg_loss: 0.000003978700  time_per_window : 0.000277   progress : 0.153
name: models.architecture.block_type=cls
training.mode=rollout
models.out_dim=10
models.architecture.n_encoder_layers=1
models.architecture.n_decoder_layers=1
seed=2    avg_loss: 0.000003042275  time_per_window : 0.000281   progress : 0.164
name: models.architecture.block_type=cls
training.mode=rollout
models.out_dim=10
models.architecture.n_encoder_layers=1
models.architecture.n_decoder_layers=1
seed=2    avg_loss: 0.000003892345  time_per_window : 0.000288   progress : 0.175
name: models.architecture.block_type=cls
training.mode=rollout
models.out_dim=10
models.architecture.n_encoder_layers=1
models.architecture.n_decoder_layers=1
seed=2    avg_loss: 0.000003165540  time_per_window : 0.000282   progress : 0.186
name: models.architecture.block_type=cls
training.mode=rollout
models.out_dim=10
models.architecture.n_encoder_layers=1
models.architecture.n_decoder_layers=1
seed=2    avg_loss: 0.000003252242  time_per_window : 0.000261   progress : 0.197
name: models.architecture.block_type=cls
training.mode=rollout
models.out_dim=10
models.architecture.n_encoder_layers=1
models.architecture.n_decoder_layers=1
seed=2    avg_loss: 0.000003524736  time_per_window : 0.000268   progress : 0.208
name: models.architecture.block_type=cls
training.mode=rollout
models.out_dim=10
models.architecture.n_encoder_layers=1
models.architecture.n_decoder_layers=1
seed=2    avg_loss: 0.000003195969  time_per_window : 0.000289   progress : 0.218
name: models.architecture.block_type=cls
training.mode=rollout
models.out_dim=10
models.architecture.n_encoder_layers=1
models.architecture.n_decoder_layers=1
seed=2    avg_loss: 0.000003478884  time_per_window : 0.000279   progress : 0.229
name: models.architecture.block_type=cls
training.mode=rollout
models.out_dim=10
models.architecture.n_encoder_layers=1
models.architecture.n_decoder_layers=1
seed=2    avg_loss: 0.000003745551  time_per_window : 0.000306   progress : 0.240
name: models.architecture.block_type=cls
training.mode=rollout
models.out_dim=10
models.architecture.n_encoder_layers=1
models.architecture.n_decoder_layers=1
seed=2    avg_loss: 0.000004242094  time_per_window : 0.000279   progress : 0.251
name: models.architecture.block_type=cls
training.mode=rollout
models.out_dim=10
models.architecture.n_encoder_layers=1
models.architecture.n_decoder_layers=1
seed=2    avg_loss: 0.000003230183  time_per_window : 0.000301   progress : 0.262
name: models.architecture.block_type=cls
training.mode=rollout
models.out_dim=10
models.architecture.n_encoder_layers=1
models.architecture.n_decoder_layers=1
seed=2    avg_loss: 0.000003570268  time_per_window : 0.000339   progress : 0.273
name: models.architecture.block_type=cls
training.mode=rollout
models.out_dim=10
models.architecture.n_encoder_layers=1
models.architecture.n_decoder_layers=1
seed=2    avg_loss: 0.000003118836  time_per_window : 0.000315   progress : 0.284
name: models.architecture.block_type=cls
training.mode=rollout
models.out_dim=10
models.architecture.n_encoder_layers=1
models.architecture.n_decoder_layers=1
seed=2    avg_loss: 0.000003292142  time_per_window : 0.000264   progress : 0.295
name: models.architecture.block_type=cls
training.mode=rollout
models.out_dim=10
models.architecture.n_encoder_layers=1
models.architecture.n_decoder_layers=1
seed=2    avg_loss: 0.000002958737  time_per_window : 0.000281   progress : 0.306
name: models.architecture.block_type=cls
training.mode=rollout
models.out_dim=10
models.architecture.n_encoder_layers=1
models.architecture.n_decoder_layers=1
seed=2    avg_loss: 0.000003445094  time_per_window : 0.000257   progress : 0.317
name: models.architecture.block_type=cls
training.mode=rollout
models.out_dim=10
models.architecture.n_encoder_layers=1
models.architecture.n_decoder_layers=1
seed=2    avg_loss: 0.000003247787  time_per_window : 0.000269   progress : 0.328
name: models.architecture.block_type=cls
training.mode=rollout
models.out_dim=10
models.architecture.n_encoder_layers=1
models.architecture.n_decoder_layers=1
seed=2    avg_loss: 0.000004045681  time_per_window : 0.000282   progress : 0.339
name: models.architecture.block_type=cls
training.mode=rollout
models.out_dim=10
models.architecture.n_encoder_layers=1
models.architecture.n_decoder_layers=1
seed=2    avg_loss: 0.000003273700  time_per_window : 0.000362   progress : 0.350
name: models.architecture.block_type=cls
training.mode=rollout
models.out_dim=10
models.architecture.n_encoder_layers=1
models.architecture.n_decoder_layers=1
seed=2    avg_loss: 0.000002959207  time_per_window : 0.000350   progress : 0.360
name: models.architecture.block_type=cls
training.mode=rollout
models.out_dim=10
models.architecture.n_encoder_layers=1
models.architecture.n_decoder_layers=1
seed=2    avg_loss: 0.000003517725  time_per_window : 0.000256   progress : 0.371
name: models.architecture.block_type=cls
training.mode=rollout
models.out_dim=10
models.architecture.n_encoder_layers=1
models.architecture.n_decoder_layers=1
seed=2    avg_loss: 0.000003329502  time_per_window : 0.000236   progress : 0.382
name: models.architecture.block_type=cls
training.mode=rollout
models.out_dim=10
models.architecture.n_encoder_layers=1
models.architecture.n_decoder_layers=1
seed=2    avg_loss: 0.000003061055  time_per_window : 0.000255   progress : 0.393
name: models.architecture.block_type=cls
training.mode=rollout
models.out_dim=10
models.architecture.n_encoder_layers=1
models.architecture.n_decoder_layers=1
seed=2    avg_loss: 0.000004348686  time_per_window : 0.000276   progress : 0.404
name: models.architecture.block_type=cls
training.mode=rollout
models.out_dim=10
models.architecture.n_encoder_layers=1
models.architecture.n_decoder_layers=1
seed=2    avg_loss: 0.000002753603  time_per_window : 0.000263   progress : 0.415
name: models.architecture.block_type=cls
training.mode=rollout
models.out_dim=10
models.architecture.n_encoder_layers=1
models.architecture.n_decoder_layers=1
seed=2    avg_loss: 0.000002839374  time_per_window : 0.000286   progress : 0.426
name: models.architecture.block_type=cls
training.mode=rollout
models.out_dim=10
models.architecture.n_encoder_layers=1
models.architecture.n_decoder_layers=1
seed=2    avg_loss: 0.000003173153  time_per_window : 0.000263   progress : 0.437
name: models.architecture.block_type=cls
training.mode=rollout
models.out_dim=10
models.architecture.n_encoder_layers=1
models.architecture.n_decoder_layers=1
seed=2    avg_loss: 0.000003843786  time_per_window : 0.000251   progress : 0.448
name: models.architecture.block_type=cls
training.mode=rollout
models.out_dim=10
models.architecture.n_encoder_layers=1
models.architecture.n_decoder_layers=1
seed=2    avg_loss: 0.000002675715  time_per_window : 0.000254   progress : 0.459
name: models.architecture.block_type=cls
training.mode=rollout
models.out_dim=10
models.architecture.n_encoder_layers=1
models.architecture.n_decoder_layers=1
seed=2    avg_loss: 0.000003219406  time_per_window : 0.000317   progress : 0.470
name: models.architecture.block_type=cls
training.mode=rollout
models.out_dim=10
models.architecture.n_encoder_layers=1
models.architecture.n_decoder_layers=1
seed=2    avg_loss: 0.000003441889  time_per_window : 0.000335   progress : 0.481
name: models.architecture.block_type=cls
training.mode=rollout
models.out_dim=10
models.architecture.n_encoder_layers=1
models.architecture.n_decoder_layers=1
seed=3    avg_loss: 0.000002895997  time_per_window : 0.000272   progress : 0.120
name: models.architecture.block_type=cls
training.mode=rollout
models.out_dim=10
models.architecture.n_encoder_layers=1
models.architecture.n_decoder_layers=1
seed=3    avg_loss: 0.000003321525  time_per_window : 0.000299   progress : 0.131
name: models.architecture.block_type=cls
training.mode=rollout
models.out_dim=10
models.architecture.n_encoder_layers=1
models.architecture.n_decoder_layers=1
seed=3    avg_loss: 0.000003142058  time_per_window : 0.000236   progress : 0.142
name: models.architecture.block_type=cls
training.mode=rollout
models.out_dim=10
models.architecture.n_encoder_layers=1
models.architecture.n_decoder_layers=1
seed=3    avg_loss: 0.000004299392  time_per_window : 0.000250   progress : 0.153
name: models.architecture.block_type=cls
training.mode=rollout
models.out_dim=10
models.architecture.n_encoder_layers=1
models.architecture.n_decoder_layers=1
seed=3    avg_loss: 0.000003247786  time_per_window : 0.000306   progress : 0.164
name: models.architecture.block_type=cls
training.mode=rollout
models.out_dim=10
models.architecture.n_encoder_layers=1
models.architecture.n_decoder_layers=1
seed=3    avg_loss: 0.000003772824  time_per_window : 0.000249   progress : 0.175
name: models.architecture.block_type=cls
training.mode=rollout
models.out_dim=10
models.architecture.n_encoder_layers=1
models.architecture.n_decoder_layers=1
seed=3    avg_loss: 0.000003806309  time_per_window : 0.000267   progress : 0.186
name: models.architecture.block_type=cls
training.mode=rollout
models.out_dim=10
models.architecture.n_encoder_layers=1
models.architecture.n_decoder_layers=1
seed=3    avg_loss: 0.000003697407  time_per_window : 0.000240   progress : 0.197
name: models.architecture.block_type=cls
training.mode=rollout
models.out_dim=10
models.architecture.n_encoder_layers=1
models.architecture.n_decoder_layers=1
seed=3    avg_loss: 0.000004064394  time_per_window : 0.000262   progress : 0.208
name: models.architecture.block_type=cls
training.mode=rollout
models.out_dim=10
models.architecture.n_encoder_layers=1
models.architecture.n_decoder_layers=1
seed=3    avg_loss: 0.000004708624  time_per_window : 0.000307   progress : 0.218
name: models.architecture.block_type=cls
training.mode=rollout
models.out_dim=10
models.architecture.n_encoder_layers=1
models.architecture.n_decoder_layers=1
seed=3    avg_loss: 0.000004131756  time_per_window : 0.000249   progress : 0.229
name: models.architecture.block_type=cls
training.mode=rollout
models.out_dim=10
models.architecture.n_encoder_layers=1
models.architecture.n_decoder_layers=1
seed=3    avg_loss: 0.000004372313  time_per_window : 0.000277   progress : 0.240
name: models.architecture.block_type=cls
training.mode=rollout
models.out_dim=10
models.architecture.n_encoder_layers=1
models.architecture.n_decoder_layers=1
seed=3    avg_loss: 0.000003957341  time_per_window : 0.000260   progress : 0.251
name: models.architecture.block_type=cls
training.mode=rollout
models.out_dim=10
models.architecture.n_encoder_layers=1
models.architecture.n_decoder_layers=1
seed=3    avg_loss: 0.000004060623  time_per_window : 0.000252   progress : 0.262
name: models.architecture.block_type=cls
training.mode=rollout
models.out_dim=10
models.architecture.n_encoder_layers=1
models.architecture.n_decoder_layers=1
seed=3    avg_loss: 0.000003524805  time_per_window : 0.000328   progress : 0.273
name: models.architecture.block_type=cls
training.mode=rollout
models.out_dim=10
models.architecture.n_encoder_layers=1
models.architecture.n_decoder_layers=1
seed=3    avg_loss: 0.000004079548  time_per_window : 0.000293   progress : 0.284
name: models.architecture.block_type=cls
training.mode=rollout
models.out_dim=10
models.architecture.n_encoder_layers=1
models.architecture.n_decoder_layers=1
seed=3    avg_loss: 0.000004109826  time_per_window : 0.000267   progress : 0.295
name: models.architecture.block_type=cls
training.mode=rollout
models.out_dim=10
models.architecture.n_encoder_layers=1
models.architecture.n_decoder_layers=1
seed=3    avg_loss: 0.000003854481  time_per_window : 0.000257   progress : 0.306
name: models.architecture.block_type=cls
training.mode=rollout
models.out_dim=10
models.architecture.n_encoder_layers=1
models.architecture.n_decoder_layers=1
seed=3    avg_loss: 0.000003337763  time_per_window : 0.000270   progress : 0.317
name: models.architecture.block_type=cls
training.mode=rollout
models.out_dim=10
models.architecture.n_encoder_layers=1
models.architecture.n_decoder_layers=1
seed=3    avg_loss: 0.000003425083  time_per_window : 0.000241   progress : 0.328
name: models.architecture.block_type=cls
training.mode=rollout
models.out_dim=10
models.architecture.n_encoder_layers=1
models.architecture.n_decoder_layers=1
seed=3    avg_loss: 0.000004092281  time_per_window : 0.000320   progress : 0.339
name: models.architecture.block_type=cls
training.mode=rollout
models.out_dim=10
models.architecture.n_encoder_layers=1
models.architecture.n_decoder_layers=1
seed=3    avg_loss: 0.000003492196  time_per_window : 0.000254   progress : 0.350
name: models.architecture.block_type=cls
training.mode=rollout
models.out_dim=10
models.architecture.n_encoder_layers=1
models.architecture.n_decoder_layers=1
seed=3    avg_loss: 0.000003574633  time_per_window : 0.000270   progress : 0.360
name: models.architecture.block_type=cls
training.mode=rollout
models.out_dim=10
models.architecture.n_encoder_layers=1
models.architecture.n_decoder_layers=1
seed=3    avg_loss: 0.000004156771  time_per_window : 0.000259   progress : 0.371
name: models.architecture.block_type=cls
training.mode=rollout
models.out_dim=10
models.architecture.n_encoder_layers=1
models.architecture.n_decoder_layers=1
seed=3    avg_loss: 0.000003725076  time_per_window : 0.000300   progress : 0.382
name: models.architecture.block_type=cls
training.mode=rollout
models.out_dim=10
models.architecture.n_encoder_layers=1
models.architecture.n_decoder_layers=1
seed=3    avg_loss: 0.000003477945  time_per_window : 0.000291   progress : 0.393
name: models.architecture.block_type=cls
training.mode=rollout
models.out_dim=10
models.architecture.n_encoder_layers=1
models.architecture.n_decoder_layers=1
seed=3    avg_loss: 0.000003930958  time_per_window : 0.000246   progress : 0.404
name: models.architecture.block_type=cls
training.mode=rollout
models.out_dim=10
models.architecture.n_encoder_layers=1
models.architecture.n_decoder_layers=1
seed=3    avg_loss: 0.000003487872  time_per_window : 0.000264   progress : 0.415
name: models.architecture.block_type=cls
training.mode=rollout
models.out_dim=10
models.architecture.n_encoder_layers=1
models.architecture.n_decoder_layers=1
seed=3    avg_loss: 0.000002862909  time_per_window : 0.000244   progress : 0.426
name: models.architecture.block_type=cls
training.mode=rollout
models.out_dim=10
models.architecture.n_encoder_layers=1
models.architecture.n_decoder_layers=1
seed=3    avg_loss: 0.000003999881  time_per_window : 0.000277   progress : 0.437
name: models.architecture.block_type=cls
training.mode=rollout
models.out_dim=10
models.architecture.n_encoder_layers=1
models.architecture.n_decoder_layers=1
seed=3    avg_loss: 0.000003838029  time_per_window : 0.000276   progress : 0.448
name: models.architecture.block_type=cls
training.mode=rollout
models.out_dim=10
models.architecture.n_encoder_layers=1
models.architecture.n_decoder_layers=1
seed=3    avg_loss: 0.000003298769  time_per_window : 0.000281   progress : 0.459
name: models.architecture.block_type=cls
training.mode=rollout
models.out_dim=10
models.architecture.n_encoder_layers=1
models.architecture.n_decoder_layers=1
seed=3    avg_loss: 0.000003501043  time_per_window : 0.000247   progress : 0.470
name: models.architecture.block_type=cls
training.mode=rollout
models.out_dim=10
models.architecture.n_encoder_layers=1
models.architecture.n_decoder_layers=1
seed=3    avg_loss: 0.000003835357  time_per_window : 0.000265   progress : 0.481
name: models.architecture.block_type=cls
training.mode=rollout
models.out_dim=10
models.architecture.n_encoder_layers=1
models.architecture.n_decoder_layers=1
seed=1    avg_loss: 0.000004109394  time_per_window : 0.000261   progress : 0.120
name: models.architecture.block_type=cls
training.mode=rollout
models.out_dim=10
models.architecture.n_encoder_layers=1
models.architecture.n_decoder_layers=1
seed=1    avg_loss: 0.000004227496  time_per_window : 0.000286   progress : 0.131
name: models.architecture.block_type=cls
training.mode=rollout
models.out_dim=10
models.architecture.n_encoder_layers=1
models.architecture.n_decoder_layers=1
seed=1    avg_loss: 0.000004577714  time_per_window : 0.000239   progress : 0.142
name: models.architecture.block_type=cls
training.mode=rollout
models.out_dim=10
models.architecture.n_encoder_layers=1
models.architecture.n_decoder_layers=1
seed=1    avg_loss: 0.000005745570  time_per_window : 0.000259   progress : 0.153
name: models.architecture.block_type=cls
training.mode=rollout
models.out_dim=10
models.architecture.n_encoder_layers=1
models.architecture.n_decoder_layers=1
seed=1    avg_loss: 0.000004383166  time_per_window : 0.000338   progress : 0.164
name: models.architecture.block_type=cls
training.mode=rollout
models.out_dim=10
models.architecture.n_encoder_layers=1
models.architecture.n_decoder_layers=1
seed=1    avg_loss: 0.000005253481  time_per_window : 0.000291   progress : 0.175
name: models.architecture.block_type=cls
training.mode=rollout
models.out_dim=10
models.architecture.n_encoder_layers=1
models.architecture.n_decoder_layers=1
seed=1    avg_loss: 0.000004611112  time_per_window : 0.000276   progress : 0.186
name: models.architecture.block_type=cls
training.mode=rollout
models.out_dim=10
models.architecture.n_encoder_layers=1
models.architecture.n_decoder_layers=1
seed=1    avg_loss: 0.000004737471  time_per_window : 0.000287   progress : 0.197
name: models.architecture.block_type=cls
training.mode=rollout
models.out_dim=10
models.architecture.n_encoder_layers=1
models.architecture.n_decoder_layers=1
seed=1    avg_loss: 0.000005279869  time_per_window : 0.000264   progress : 0.208
name: models.architecture.block_type=cls
training.mode=rollout
models.out_dim=10
models.architecture.n_encoder_layers=1
models.architecture.n_decoder_layers=1
seed=1    avg_loss: 0.000006259279  time_per_window : 0.000308   progress : 0.218
name: models.architecture.block_type=cls
training.mode=rollout
models.out_dim=10
models.architecture.n_encoder_layers=1
models.architecture.n_decoder_layers=1
seed=1    avg_loss: 0.000004301867  time_per_window : 0.000354   progress : 0.229
name: models.architecture.block_type=cls
training.mode=rollout
models.out_dim=10
models.architecture.n_encoder_layers=1
models.architecture.n_decoder_layers=1
seed=1    avg_loss: 0.000005368719  time_per_window : 0.000238   progress : 0.240
name: models.architecture.block_type=cls
training.mode=rollout
models.out_dim=10
models.architecture.n_encoder_layers=1
models.architecture.n_decoder_layers=1
seed=1    avg_loss: 0.000004614658  time_per_window : 0.000253   progress : 0.251
name: models.architecture.block_type=cls
training.mode=rollout
models.out_dim=10
models.architecture.n_encoder_layers=1
models.architecture.n_decoder_layers=1
seed=1    avg_loss: 0.000004144116  time_per_window : 0.000296   progress : 0.262
name: models.architecture.block_type=cls
training.mode=rollout
models.out_dim=10
models.architecture.n_encoder_layers=1
models.architecture.n_decoder_layers=1
seed=1    avg_loss: 0.000005470843  time_per_window : 0.000286   progress : 0.273
name: models.architecture.block_type=cls
training.mode=rollout
models.out_dim=10
models.architecture.n_encoder_layers=1
models.architecture.n_decoder_layers=1
seed=1    avg_loss: 0.000004878227  time_per_window : 0.000300   progress : 0.284
name: models.architecture.block_type=cls
training.mode=rollout
models.out_dim=10
models.architecture.n_encoder_layers=1
models.architecture.n_decoder_layers=1
seed=1    avg_loss: 0.000005136614  time_per_window : 0.000318   progress : 0.295
name: models.architecture.block_type=cls
training.mode=rollout
models.out_dim=10
models.architecture.n_encoder_layers=1
models.architecture.n_decoder_layers=1
seed=1    avg_loss: 0.000005376110  time_per_window : 0.000247   progress : 0.306
name: models.architecture.block_type=cls
training.mode=rollout
models.out_dim=10
models.architecture.n_encoder_layers=1
models.architecture.n_decoder_layers=1
seed=1    avg_loss: 0.000005688599  time_per_window : 0.000285   progress : 0.317
name: models.architecture.block_type=cls
training.mode=rollout
models.out_dim=10
models.architecture.n_encoder_layers=1
models.architecture.n_decoder_layers=1
seed=1    avg_loss: 0.000004166887  time_per_window : 0.000293   progress : 0.328
name: models.architecture.block_type=cls
training.mode=rollout
models.out_dim=10
models.architecture.n_encoder_layers=1
models.architecture.n_decoder_layers=1
seed=1    avg_loss: 0.000004781204  time_per_window : 0.000275   progress : 0.339
name: models.architecture.block_type=cls
training.mode=rollout
models.out_dim=10
models.architecture.n_encoder_layers=1
models.architecture.n_decoder_layers=1
seed=1    avg_loss: 0.000004366703  time_per_window : 0.000317   progress : 0.350
name: models.architecture.block_type=cls
training.mode=rollout
models.out_dim=10
models.architecture.n_encoder_layers=1
models.architecture.n_decoder_layers=1
seed=1    avg_loss: 0.000004085629  time_per_window : 0.000286   progress : 0.360
name: models.architecture.block_type=cls
training.mode=rollout
models.out_dim=10
models.architecture.n_encoder_layers=1
models.architecture.n_decoder_layers=1
seed=1    avg_loss: 0.000004791795  time_per_window : 0.000293   progress : 0.371
name: models.architecture.block_type=cls
training.mode=rollout
models.out_dim=10
models.architecture.n_encoder_layers=1
models.architecture.n_decoder_layers=1
seed=1    avg_loss: 0.000004636224  time_per_window : 0.000263   progress : 0.382
name: models.architecture.block_type=cls
training.mode=rollout
models.out_dim=10
models.architecture.n_encoder_layers=1
models.architecture.n_decoder_layers=1
seed=1    avg_loss: 0.000004450532  time_per_window : 0.000289   progress : 0.393
name: models.architecture.block_type=cls
training.mode=rollout
models.out_dim=10
models.architecture.n_encoder_layers=1
models.architecture.n_decoder_layers=1
seed=1    avg_loss: 0.000005599697  time_per_window : 0.000299   progress : 0.404
name: models.architecture.block_type=cls
training.mode=rollout
models.out_dim=10
models.architecture.n_encoder_layers=1
models.architecture.n_decoder_layers=1
seed=1    avg_loss: 0.000003774082  time_per_window : 0.000237   progress : 0.415
name: models.architecture.block_type=cls
training.mode=rollout
models.out_dim=10
models.architecture.n_encoder_layers=1
models.architecture.n_decoder_layers=1
seed=1    avg_loss: 0.000003929364  time_per_window : 0.000259   progress : 0.426
name: models.architecture.block_type=cls
training.mode=rollout
models.out_dim=10
models.architecture.n_encoder_layers=1
models.architecture.n_decoder_layers=1
seed=1    avg_loss: 0.000004461321  time_per_window : 0.000319   progress : 0.437
name: models.architecture.block_type=cls
training.mode=rollout
models.out_dim=10
models.architecture.n_encoder_layers=1
models.architecture.n_decoder_layers=1
seed=1    avg_loss: 0.000004305403  time_per_window : 0.000266   progress : 0.448
name: models.architecture.block_type=cls
training.mode=rollout
models.out_dim=10
models.architecture.n_encoder_layers=1
models.architecture.n_decoder_layers=1
seed=1    avg_loss: 0.000003769529  time_per_window : 0.000285   progress : 0.459
name: models.architecture.block_type=cls
training.mode=rollout
models.out_dim=10
models.architecture.n_encoder_layers=1
models.architecture.n_decoder_layers=1
seed=1    avg_loss: 0.000004315291  time_per_window : 0.000341   progress : 0.470
name: models.architecture.block_type=cls
training.mode=rollout
models.out_dim=10
models.architecture.n_encoder_layers=1
models.architecture.n_decoder_layers=1
seed=1    avg_loss: 0.000005167717  time_per_window : 0.000253   progress : 0.481
name: models.architecture.block_type=cls
training.mode=rollout
models.out_dim=10
models.architecture.n_encoder_layers=1
models.architecture.n_decoder_layers=1
seed=0    avg_loss: 0.000003966140  time_per_window : 0.000273   progress : 0.120
name: models.architecture.block_type=cls
training.mode=rollout
models.out_dim=10
models.architecture.n_encoder_layers=1
models.architecture.n_decoder_layers=1
seed=0    avg_loss: 0.000003827088  time_per_window : 0.000253   progress : 0.131
name: models.architecture.block_type=cls
training.mode=rollout
models.out_dim=10
models.architecture.n_encoder_layers=1
models.architecture.n_decoder_layers=1
seed=0    avg_loss: 0.000004275623  time_per_window : 0.000250   progress : 0.142
name: models.architecture.block_type=cls
training.mode=rollout
models.out_dim=10
models.architecture.n_encoder_layers=1
models.architecture.n_decoder_layers=1
seed=0    avg_loss: 0.000005941371  time_per_window : 0.000288   progress : 0.153
name: models.architecture.block_type=cls
training.mode=rollout
models.out_dim=10
models.architecture.n_encoder_layers=1
models.architecture.n_decoder_layers=1
seed=0    avg_loss: 0.000004700577  time_per_window : 0.000275   progress : 0.164
name: models.architecture.block_type=cls
training.mode=rollout
models.out_dim=10
models.architecture.n_encoder_layers=1
models.architecture.n_decoder_layers=1
seed=0    avg_loss: 0.000004068683  time_per_window : 0.000267   progress : 0.175
name: models.architecture.block_type=cls
training.mode=rollout
models.out_dim=10
models.architecture.n_encoder_layers=1
models.architecture.n_decoder_layers=1
seed=0    avg_loss: 0.000005065365  time_per_window : 0.000259   progress : 0.186
name: models.architecture.block_type=cls
training.mode=rollout
models.out_dim=10
models.architecture.n_encoder_layers=1
models.architecture.n_decoder_layers=1
seed=0    avg_loss: 0.000005068478  time_per_window : 0.000324   progress : 0.197
name: models.architecture.block_type=cls
training.mode=rollout
models.out_dim=10
models.architecture.n_encoder_layers=1
models.architecture.n_decoder_layers=1
seed=0    avg_loss: 0.000005710309  time_per_window : 0.000301   progress : 0.208
name: models.architecture.block_type=cls
training.mode=rollout
models.out_dim=10
models.architecture.n_encoder_layers=1
models.architecture.n_decoder_layers=1
seed=0    avg_loss: 0.000005138415  time_per_window : 0.000270   progress : 0.218
name: models.architecture.block_type=cls
training.mode=rollout
models.out_dim=10
models.architecture.n_encoder_layers=1
models.architecture.n_decoder_layers=1
seed=0    avg_loss: 0.000004876721  time_per_window : 0.000308   progress : 0.229
name: models.architecture.block_type=cls
training.mode=rollout
models.out_dim=10
models.architecture.n_encoder_layers=1
models.architecture.n_decoder_layers=1
seed=0    avg_loss: 0.000006648520  time_per_window : 0.000248   progress : 0.240
name: models.architecture.block_type=cls
training.mode=rollout
models.out_dim=10
models.architecture.n_encoder_layers=1
models.architecture.n_decoder_layers=1
seed=0    avg_loss: 0.000006813469  time_per_window : 0.000286   progress : 0.251
name: models.architecture.block_type=cls
training.mode=rollout
models.out_dim=10
models.architecture.n_encoder_layers=1
models.architecture.n_decoder_layers=1
seed=0    avg_loss: 0.000004649864  time_per_window : 0.000336   progress : 0.262
name: models.architecture.block_type=cls
training.mode=rollout
models.out_dim=10
models.architecture.n_encoder_layers=1
models.architecture.n_decoder_layers=1
seed=0    avg_loss: 0.000003940283  time_per_window : 0.000344   progress : 0.273
name: models.architecture.block_type=cls
training.mode=rollout
models.out_dim=10
models.architecture.n_encoder_layers=1
models.architecture.n_decoder_layers=1
seed=0    avg_loss: 0.000004625011  time_per_window : 0.000297   progress : 0.284
name: models.architecture.block_type=cls
training.mode=rollout
models.out_dim=10
models.architecture.n_encoder_layers=1
models.architecture.n_decoder_layers=1
seed=0    avg_loss: 0.000005503767  time_per_window : 0.000275   progress : 0.295
name: models.architecture.block_type=cls
training.mode=rollout
models.out_dim=10
models.architecture.n_encoder_layers=1
models.architecture.n_decoder_layers=1
seed=0    avg_loss: 0.000005908766  time_per_window : 0.000228   progress : 0.306
name: models.architecture.block_type=cls
training.mode=rollout
models.out_dim=10
models.architecture.n_encoder_layers=1
models.architecture.n_decoder_layers=1
seed=0    avg_loss: 0.000005974437  time_per_window : 0.000272   progress : 0.317
name: models.architecture.block_type=cls
training.mode=rollout
models.out_dim=10
models.architecture.n_encoder_layers=1
models.architecture.n_decoder_layers=1
seed=0    avg_loss: 0.000004394290  time_per_window : 0.000295   progress : 0.328
name: models.architecture.block_type=cls
training.mode=rollout
models.out_dim=10
models.architecture.n_encoder_layers=1
models.architecture.n_decoder_layers=1
seed=0    avg_loss: 0.000005297766  time_per_window : 0.000306   progress : 0.339
name: models.architecture.block_type=cls
training.mode=rollout
models.out_dim=10
models.architecture.n_encoder_layers=1
models.architecture.n_decoder_layers=1
seed=0    avg_loss: 0.000004701124  time_per_window : 0.000279   progress : 0.350
name: models.architecture.block_type=cls
training.mode=rollout
models.out_dim=10
models.architecture.n_encoder_layers=1
models.architecture.n_decoder_layers=1
seed=0    avg_loss: 0.000004405415  time_per_window : 0.000278   progress : 0.360
name: models.architecture.block_type=cls
training.mode=rollout
models.out_dim=10
models.architecture.n_encoder_layers=1
models.architecture.n_decoder_layers=1
seed=0    avg_loss: 0.000005178499  time_per_window : 0.000299   progress : 0.371
name: models.architecture.block_type=cls
training.mode=rollout
models.out_dim=10
models.architecture.n_encoder_layers=1
models.architecture.n_decoder_layers=1
seed=0    avg_loss: 0.000005490213  time_per_window : 0.000255   progress : 0.382
name: models.architecture.block_type=cls
training.mode=rollout
models.out_dim=10
models.architecture.n_encoder_layers=1
models.architecture.n_decoder_layers=1
seed=0    avg_loss: 0.000005788232  time_per_window : 0.000311   progress : 0.393
name: models.architecture.block_type=cls
training.mode=rollout
models.out_dim=10
models.architecture.n_encoder_layers=1
models.architecture.n_decoder_layers=1
seed=0    avg_loss: 0.000005145831  time_per_window : 0.000285   progress : 0.404
name: models.architecture.block_type=cls
training.mode=rollout
models.out_dim=10
models.architecture.n_encoder_layers=1
models.architecture.n_decoder_layers=1
seed=0    avg_loss: 0.000005219686  time_per_window : 0.000284   progress : 0.415
name: models.architecture.block_type=cls
training.mode=rollout
models.out_dim=10
models.architecture.n_encoder_layers=1
models.architecture.n_decoder_layers=1
seed=0    avg_loss: 0.000003957183  time_per_window : 0.000228   progress : 0.426
name: models.architecture.block_type=cls
training.mode=rollout
models.out_dim=10
models.architecture.n_encoder_layers=1
models.architecture.n_decoder_layers=1
seed=0    avg_loss: 0.000004924207  time_per_window : 0.000274   progress : 0.437
name: models.architecture.block_type=cls
training.mode=rollout
models.out_dim=10
models.architecture.n_encoder_layers=1
models.architecture.n_decoder_layers=1
seed=0    avg_loss: 0.000005571414  time_per_window : 0.000266   progress : 0.448
name: models.architecture.block_type=cls
training.mode=rollout
models.out_dim=10
models.architecture.n_encoder_layers=1
models.architecture.n_decoder_layers=1
seed=0    avg_loss: 0.000003982827  time_per_window : 0.000297   progress : 0.459
name: models.architecture.block_type=cls
training.mode=rollout
models.out_dim=10
models.architecture.n_encoder_layers=1
models.architecture.n_decoder_layers=1
seed=0    avg_loss: 0.000004510123  time_per_window : 0.000324   progress : 0.470
name: models.architecture.block_type=cls
training.mode=rollout
models.out_dim=10
models.architecture.n_encoder_layers=1
models.architecture.n_decoder_layers=1
seed=0    avg_loss: 0.000005334987  time_per_window : 0.000260   progress : 0.481
name: models.architecture.block_type=cls
training.mode=rollout
models.out_dim=10
models.architecture.n_encoder_layers=1
models.architecture.n_decoder_layers=1
seed=4    avg_loss: 0.000002721556  time_per_window : 0.000238   progress : 0.492
name: models.architecture.block_type=cls
training.mode=rollout
models.out_dim=10
models.architecture.n_encoder_layers=1
models.architecture.n_decoder_layers=1
seed=4    avg_loss: 0.000004186209  time_per_window : 0.000267   progress : 0.502
name: models.architecture.block_type=cls
training.mode=rollout
models.out_dim=10
models.architecture.n_encoder_layers=1
models.architecture.n_decoder_layers=1
seed=4    avg_loss: 0.000003878770  time_per_window : 0.000263   progress : 0.513
name: models.architecture.block_type=cls
training.mode=rollout
models.out_dim=10
models.architecture.n_encoder_layers=1
models.architecture.n_decoder_layers=1
seed=4    avg_loss: 0.000003291766  time_per_window : 0.000284   progress : 0.524
name: models.architecture.block_type=cls
training.mode=rollout
models.out_dim=10
models.architecture.n_encoder_layers=1
models.architecture.n_decoder_layers=1
seed=4    avg_loss: 0.000003495337  time_per_window : 0.000316   progress : 0.535
name: models.architecture.block_type=cls
training.mode=rollout
models.out_dim=10
models.architecture.n_encoder_layers=1
models.architecture.n_decoder_layers=1
seed=4    avg_loss: 0.000003287257  time_per_window : 0.000254   progress : 0.546
name: models.architecture.block_type=cls
training.mode=rollout
models.out_dim=10
models.architecture.n_encoder_layers=1
models.architecture.n_decoder_layers=1
seed=4    avg_loss: 0.000002711712  time_per_window : 0.000257   progress : 0.557
name: models.architecture.block_type=cls
training.mode=rollout
models.out_dim=10
models.architecture.n_encoder_layers=1
models.architecture.n_decoder_layers=1
seed=4    avg_loss: 0.000003337926  time_per_window : 0.000289   progress : 0.568
name: models.architecture.block_type=cls
training.mode=rollout
models.out_dim=10
models.architecture.n_encoder_layers=1
models.architecture.n_decoder_layers=1
seed=4    avg_loss: 0.000003856407  time_per_window : 0.000303   progress : 0.579
name: models.architecture.block_type=cls
training.mode=rollout
models.out_dim=10
models.architecture.n_encoder_layers=1
models.architecture.n_decoder_layers=1
seed=4    avg_loss: 0.000002986485  time_per_window : 0.000235   progress : 0.590
name: models.architecture.block_type=cls
training.mode=rollout
models.out_dim=10
models.architecture.n_encoder_layers=1
models.architecture.n_decoder_layers=1
seed=4    avg_loss: 0.000002783446  time_per_window : 0.000271   progress : 0.601
name: models.architecture.block_type=cls
training.mode=rollout
models.out_dim=10
models.architecture.n_encoder_layers=1
models.architecture.n_decoder_layers=1
seed=4    avg_loss: 0.000003400200  time_per_window : 0.000325   progress : 0.612
name: models.architecture.block_type=cls
training.mode=rollout
models.out_dim=10
models.architecture.n_encoder_layers=1
models.architecture.n_decoder_layers=1
seed=4    avg_loss: 0.000003342246  time_per_window : 0.000253   progress : 0.623
name: models.architecture.block_type=cls
training.mode=rollout
models.out_dim=10
models.architecture.n_encoder_layers=1
models.architecture.n_decoder_layers=1
seed=4    avg_loss: 0.000002699993  time_per_window : 0.000276   progress : 0.634
name: models.architecture.block_type=cls
training.mode=rollout
models.out_dim=10
models.architecture.n_encoder_layers=1
models.architecture.n_decoder_layers=1
seed=4    avg_loss: 0.000002676488  time_per_window : 0.000253   progress : 0.644
name: models.architecture.block_type=cls
training.mode=rollout
models.out_dim=10
models.architecture.n_encoder_layers=1
models.architecture.n_decoder_layers=1
seed=4    avg_loss: 0.000003581332  time_per_window : 0.000252   progress : 0.655
name: models.architecture.block_type=cls
training.mode=rollout
models.out_dim=10
models.architecture.n_encoder_layers=1
models.architecture.n_decoder_layers=1
seed=4    avg_loss: 0.000003079777  time_per_window : 0.000257   progress : 0.666
name: models.architecture.block_type=cls
training.mode=rollout
models.out_dim=10
models.architecture.n_encoder_layers=1
models.architecture.n_decoder_layers=1
seed=4    avg_loss: 0.000003073953  time_per_window : 0.000296   progress : 0.677
name: models.architecture.block_type=cls
training.mode=rollout
models.out_dim=10
models.architecture.n_encoder_layers=1
models.architecture.n_decoder_layers=1
seed=4    avg_loss: 0.000003213748  time_per_window : 0.000273   progress : 0.688
name: models.architecture.block_type=cls
training.mode=rollout
models.out_dim=10
models.architecture.n_encoder_layers=1
models.architecture.n_decoder_layers=1
seed=4    avg_loss: 0.000003022257  time_per_window : 0.000272   progress : 0.699
name: models.architecture.block_type=cls
training.mode=rollout
models.out_dim=10
models.architecture.n_encoder_layers=1
models.architecture.n_decoder_layers=1
seed=4    avg_loss: 0.000003018641  time_per_window : 0.000266   progress : 0.710
name: models.architecture.block_type=cls
training.mode=rollout
models.out_dim=10
models.architecture.n_encoder_layers=1
models.architecture.n_decoder_layers=1
seed=4    avg_loss: 0.000002443286  time_per_window : 0.000295   progress : 0.721
name: models.architecture.block_type=cls
training.mode=rollout
models.out_dim=10
models.architecture.n_encoder_layers=1
models.architecture.n_decoder_layers=1
seed=4    avg_loss: 0.000002778708  time_per_window : 0.000272   progress : 0.732
name: models.architecture.block_type=cls
training.mode=rollout
models.out_dim=10
models.architecture.n_encoder_layers=1
models.architecture.n_decoder_layers=1
seed=4    avg_loss: 0.000002753443  time_per_window : 0.000265   progress : 0.743
name: models.architecture.block_type=cls
training.mode=rollout
models.out_dim=10
models.architecture.n_encoder_layers=1
models.architecture.n_decoder_layers=1
seed=4    avg_loss: 0.000002804445  time_per_window : 0.000245   progress : 0.754
name: models.architecture.block_type=cls
training.mode=rollout
models.out_dim=10
models.architecture.n_encoder_layers=1
models.architecture.n_decoder_layers=1
seed=4    avg_loss: 0.000003156981  time_per_window : 0.000273   progress : 0.765
name: models.architecture.block_type=cls
training.mode=rollout
models.out_dim=10
models.architecture.n_encoder_layers=1
models.architecture.n_decoder_layers=1
seed=4    avg_loss: 0.000002839318  time_per_window : 0.000291   progress : 0.775
name: models.architecture.block_type=cls
training.mode=rollout
models.out_dim=10
models.architecture.n_encoder_layers=1
models.architecture.n_decoder_layers=1
seed=4    avg_loss: 0.000003260539  time_per_window : 0.000274   progress : 0.786
name: models.architecture.block_type=cls
training.mode=rollout
models.out_dim=10
models.architecture.n_encoder_layers=1
models.architecture.n_decoder_layers=1
seed=4    avg_loss: 0.000002570692  time_per_window : 0.000264   progress : 0.797
name: models.architecture.block_type=cls
training.mode=rollout
models.out_dim=10
models.architecture.n_encoder_layers=1
models.architecture.n_decoder_layers=1
seed=4    avg_loss: 0.000002313300  time_per_window : 0.000248   progress : 0.808
name: models.architecture.block_type=cls
training.mode=rollout
models.out_dim=10
models.architecture.n_encoder_layers=1
models.architecture.n_decoder_layers=1
seed=4    avg_loss: 0.000002947953  time_per_window : 0.000289   progress : 0.819
name: models.architecture.block_type=cls
training.mode=rollout
models.out_dim=10
models.architecture.n_encoder_layers=1
models.architecture.n_decoder_layers=1
seed=4    avg_loss: 0.000002209184  time_per_window : 0.000271   progress : 0.830
name: models.architecture.block_type=cls
training.mode=rollout
models.out_dim=10
models.architecture.n_encoder_layers=1
models.architecture.n_decoder_layers=1
seed=4    avg_loss: 0.000002903020  time_per_window : 0.000262   progress : 0.841
name: models.architecture.block_type=cls
training.mode=rollout
models.out_dim=10
models.architecture.n_encoder_layers=1
models.architecture.n_decoder_layers=1
seed=4    avg_loss: 0.000002557447  time_per_window : 0.000264   progress : 0.852
name: models.architecture.block_type=cls
training.mode=rollout
models.out_dim=10
models.architecture.n_encoder_layers=1
models.architecture.n_decoder_layers=1
seed=2    avg_loss: 0.000002367806  time_per_window : 0.000266   progress : 0.492
name: models.architecture.block_type=cls
training.mode=rollout
models.out_dim=10
models.architecture.n_encoder_layers=1
models.architecture.n_decoder_layers=1
seed=2    avg_loss: 0.000003316298  time_per_window : 0.000296   progress : 0.502
name: models.architecture.block_type=cls
training.mode=rollout
models.out_dim=10
models.architecture.n_encoder_layers=1
models.architecture.n_decoder_layers=1
seed=2    avg_loss: 0.000003007939  time_per_window : 0.000261   progress : 0.513
name: models.architecture.block_type=cls
training.mode=rollout
models.out_dim=10
models.architecture.n_encoder_layers=1
models.architecture.n_decoder_layers=1
seed=2    avg_loss: 0.000002972653  time_per_window : 0.000265   progress : 0.524
name: models.architecture.block_type=cls
training.mode=rollout
models.out_dim=10
models.architecture.n_encoder_layers=1
models.architecture.n_decoder_layers=1
seed=2    avg_loss: 0.000003093796  time_per_window : 0.000268   progress : 0.535
name: models.architecture.block_type=cls
training.mode=rollout
models.out_dim=10
models.architecture.n_encoder_layers=1
models.architecture.n_decoder_layers=1
seed=2    avg_loss: 0.000003212882  time_per_window : 0.000263   progress : 0.546
name: models.architecture.block_type=cls
training.mode=rollout
models.out_dim=10
models.architecture.n_encoder_layers=1
models.architecture.n_decoder_layers=1
seed=2    avg_loss: 0.000003030402  time_per_window : 0.000258   progress : 0.557
name: models.architecture.block_type=cls
training.mode=rollout
models.out_dim=10
models.architecture.n_encoder_layers=1
models.architecture.n_decoder_layers=1
seed=2    avg_loss: 0.000002620915  time_per_window : 0.000268   progress : 0.568
name: models.architecture.block_type=cls
training.mode=rollout
models.out_dim=10
models.architecture.n_encoder_layers=1
models.architecture.n_decoder_layers=1
seed=2    avg_loss: 0.000003037460  time_per_window : 0.000250   progress : 0.579
name: models.architecture.block_type=cls
training.mode=rollout
models.out_dim=10
models.architecture.n_encoder_layers=1
models.architecture.n_decoder_layers=1
seed=2    avg_loss: 0.000002819608  time_per_window : 0.000265   progress : 0.590
name: models.architecture.block_type=cls
training.mode=rollout
models.out_dim=10
models.architecture.n_encoder_layers=1
models.architecture.n_decoder_layers=1
seed=2    avg_loss: 0.000002439968  time_per_window : 0.000281   progress : 0.601
name: models.architecture.block_type=cls
training.mode=rollout
models.out_dim=10
models.architecture.n_encoder_layers=1
models.architecture.n_decoder_layers=1
seed=2    avg_loss: 0.000002620048  time_per_window : 0.000308   progress : 0.612
name: models.architecture.block_type=cls
training.mode=rollout
models.out_dim=10
models.architecture.n_encoder_layers=1
models.architecture.n_decoder_layers=1
seed=2    avg_loss: 0.000003238256  time_per_window : 0.000272   progress : 0.623
name: models.architecture.block_type=cls
training.mode=rollout
models.out_dim=10
models.architecture.n_encoder_layers=1
models.architecture.n_decoder_layers=1
seed=2    avg_loss: 0.000002500276  time_per_window : 0.000257   progress : 0.634
name: models.architecture.block_type=cls
training.mode=rollout
models.out_dim=10
models.architecture.n_encoder_layers=1
models.architecture.n_decoder_layers=1
seed=2    avg_loss: 0.000002436539  time_per_window : 0.000250   progress : 0.644
name: models.architecture.block_type=cls
training.mode=rollout
models.out_dim=10
models.architecture.n_encoder_layers=1
models.architecture.n_decoder_layers=1
seed=2    avg_loss: 0.000002772783  time_per_window : 0.000291   progress : 0.655
name: models.architecture.block_type=cls
training.mode=rollout
models.out_dim=10
models.architecture.n_encoder_layers=1
models.architecture.n_decoder_layers=1
seed=2    avg_loss: 0.000002614266  time_per_window : 0.000276   progress : 0.666
name: models.architecture.block_type=cls
training.mode=rollout
models.out_dim=10
models.architecture.n_encoder_layers=1
models.architecture.n_decoder_layers=1
seed=2    avg_loss: 0.000002795931  time_per_window : 0.000273   progress : 0.677
name: models.architecture.block_type=cls
training.mode=rollout
models.out_dim=10
models.architecture.n_encoder_layers=1
models.architecture.n_decoder_layers=1
seed=2    avg_loss: 0.000002691439  time_per_window : 0.000280   progress : 0.688
name: models.architecture.block_type=cls
training.mode=rollout
models.out_dim=10
models.architecture.n_encoder_layers=1
models.architecture.n_decoder_layers=1
seed=2    avg_loss: 0.000002611059  time_per_window : 0.000257   progress : 0.699
name: models.architecture.block_type=cls
training.mode=rollout
models.out_dim=10
models.architecture.n_encoder_layers=1
models.architecture.n_decoder_layers=1
seed=2    avg_loss: 0.000002194352  time_per_window : 0.000276   progress : 0.710
name: models.architecture.block_type=cls
training.mode=rollout
models.out_dim=10
models.architecture.n_encoder_layers=1
models.architecture.n_decoder_layers=1
seed=2    avg_loss: 0.000002334826  time_per_window : 0.000298   progress : 0.721
name: models.architecture.block_type=cls
training.mode=rollout
models.out_dim=10
models.architecture.n_encoder_layers=1
models.architecture.n_decoder_layers=1
seed=2    avg_loss: 0.000002828499  time_per_window : 0.000276   progress : 0.732
name: models.architecture.block_type=cls
training.mode=rollout
models.out_dim=10
models.architecture.n_encoder_layers=1
models.architecture.n_decoder_layers=1
seed=2    avg_loss: 0.000002466874  time_per_window : 0.000227   progress : 0.743
name: models.architecture.block_type=cls
training.mode=rollout
models.out_dim=10
models.architecture.n_encoder_layers=1
models.architecture.n_decoder_layers=1
seed=2    avg_loss: 0.000002109856  time_per_window : 0.000280   progress : 0.754
name: models.architecture.block_type=cls
training.mode=rollout
models.out_dim=10
models.architecture.n_encoder_layers=1
models.architecture.n_decoder_layers=1
seed=2    avg_loss: 0.000002424403  time_per_window : 0.000272   progress : 0.765
name: models.architecture.block_type=cls
training.mode=rollout
models.out_dim=10
models.architecture.n_encoder_layers=1
models.architecture.n_decoder_layers=1
seed=2    avg_loss: 0.000002770618  time_per_window : 0.000266   progress : 0.775
name: models.architecture.block_type=cls
training.mode=rollout
models.out_dim=10
models.architecture.n_encoder_layers=1
models.architecture.n_decoder_layers=1
seed=2    avg_loss: 0.000002855068  time_per_window : 0.000279   progress : 0.786
name: models.architecture.block_type=cls
training.mode=rollout
models.out_dim=10
models.architecture.n_encoder_layers=1
models.architecture.n_decoder_layers=1
seed=2    avg_loss: 0.000002202903  time_per_window : 0.000251   progress : 0.797
name: models.architecture.block_type=cls
training.mode=rollout
models.out_dim=10
models.architecture.n_encoder_layers=1
models.architecture.n_decoder_layers=1
seed=2    avg_loss: 0.000002251233  time_per_window : 0.000249   progress : 0.808
name: models.architecture.block_type=cls
training.mode=rollout
models.out_dim=10
models.architecture.n_encoder_layers=1
models.architecture.n_decoder_layers=1
seed=2    avg_loss: 0.000001962100  time_per_window : 0.000278   progress : 0.819
name: models.architecture.block_type=cls
training.mode=rollout
models.out_dim=10
models.architecture.n_encoder_layers=1
models.architecture.n_decoder_layers=1
seed=2    avg_loss: 0.000002547525  time_per_window : 0.000270   progress : 0.830
name: models.architecture.block_type=cls
training.mode=rollout
models.out_dim=10
models.architecture.n_encoder_layers=1
models.architecture.n_decoder_layers=1
seed=2    avg_loss: 0.000001892319  time_per_window : 0.000260   progress : 0.841
name: models.architecture.block_type=cls
training.mode=rollout
models.out_dim=10
models.architecture.n_encoder_layers=1
models.architecture.n_decoder_layers=1
seed=2    avg_loss: 0.000002475166  time_per_window : 0.000291   progress : 0.852
name: models.architecture.block_type=cls
training.mode=rollout
models.out_dim=10
models.architecture.n_encoder_layers=1
models.architecture.n_decoder_layers=1
seed=3    avg_loss: 0.000003255172  time_per_window : 0.000238   progress : 0.492
name: models.architecture.block_type=cls
training.mode=rollout
models.out_dim=10
models.architecture.n_encoder_layers=1
models.architecture.n_decoder_layers=1
seed=3    avg_loss: 0.000003991401  time_per_window : 0.000283   progress : 0.502
name: models.architecture.block_type=cls
training.mode=rollout
models.out_dim=10
models.architecture.n_encoder_layers=1
models.architecture.n_decoder_layers=1
seed=3    avg_loss: 0.000003471532  time_per_window : 0.000287   progress : 0.513
name: models.architecture.block_type=cls
training.mode=rollout
models.out_dim=10
models.architecture.n_encoder_layers=1
models.architecture.n_decoder_layers=1
seed=3    avg_loss: 0.000002942744  time_per_window : 0.000282   progress : 0.524
name: models.architecture.block_type=cls
training.mode=rollout
models.out_dim=10
models.architecture.n_encoder_layers=1
models.architecture.n_decoder_layers=1
seed=3    avg_loss: 0.000003657572  time_per_window : 0.000318   progress : 0.535
name: models.architecture.block_type=cls
training.mode=rollout
models.out_dim=10
models.architecture.n_encoder_layers=1
models.architecture.n_decoder_layers=1
seed=3    avg_loss: 0.000003042605  time_per_window : 0.000304   progress : 0.546
name: models.architecture.block_type=cls
training.mode=rollout
models.out_dim=10
models.architecture.n_encoder_layers=1
models.architecture.n_decoder_layers=1
seed=3    avg_loss: 0.000003226622  time_per_window : 0.000275   progress : 0.557
name: models.architecture.block_type=cls
training.mode=rollout
models.out_dim=10
models.architecture.n_encoder_layers=1
models.architecture.n_decoder_layers=1
seed=3    avg_loss: 0.000003260589  time_per_window : 0.000248   progress : 0.568
name: models.architecture.block_type=cls
training.mode=rollout
models.out_dim=10
models.architecture.n_encoder_layers=1
models.architecture.n_decoder_layers=1
seed=3    avg_loss: 0.000003358435  time_per_window : 0.000274   progress : 0.579
name: models.architecture.block_type=cls
training.mode=rollout
models.out_dim=10
models.architecture.n_encoder_layers=1
models.architecture.n_decoder_layers=1
seed=3    avg_loss: 0.000002799801  time_per_window : 0.000260   progress : 0.590
name: models.architecture.block_type=cls
training.mode=rollout
models.out_dim=10
models.architecture.n_encoder_layers=1
models.architecture.n_decoder_layers=1
seed=3    avg_loss: 0.000002674819  time_per_window : 0.000241   progress : 0.601
name: models.architecture.block_type=cls
training.mode=rollout
models.out_dim=10
models.architecture.n_encoder_layers=1
models.architecture.n_decoder_layers=1
seed=3    avg_loss: 0.000003645705  time_per_window : 0.000269   progress : 0.612
name: models.architecture.block_type=cls
training.mode=rollout
models.out_dim=10
models.architecture.n_encoder_layers=1
models.architecture.n_decoder_layers=1
seed=3    avg_loss: 0.000002667416  time_per_window : 0.000257   progress : 0.623
name: models.architecture.block_type=cls
training.mode=rollout
models.out_dim=10
models.architecture.n_encoder_layers=1
models.architecture.n_decoder_layers=1
seed=3    avg_loss: 0.000002780317  time_per_window : 0.000232   progress : 0.634
name: models.architecture.block_type=cls
training.mode=rollout
models.out_dim=10
models.architecture.n_encoder_layers=1
models.architecture.n_decoder_layers=1
seed=3    avg_loss: 0.000002767540  time_per_window : 0.000267   progress : 0.644
name: models.architecture.block_type=cls
training.mode=rollout
models.out_dim=10
models.architecture.n_encoder_layers=1
models.architecture.n_decoder_layers=1
seed=3    avg_loss: 0.000002986316  time_per_window : 0.000298   progress : 0.655
name: models.architecture.block_type=cls
training.mode=rollout
models.out_dim=10
models.architecture.n_encoder_layers=1
models.architecture.n_decoder_layers=1
seed=3    avg_loss: 0.000002568884  time_per_window : 0.000303   progress : 0.666
name: models.architecture.block_type=cls
training.mode=rollout
models.out_dim=10
models.architecture.n_encoder_layers=1
models.architecture.n_decoder_layers=1
seed=3    avg_loss: 0.000003503997  time_per_window : 0.000269   progress : 0.677
name: models.architecture.block_type=cls
training.mode=rollout
models.out_dim=10
models.architecture.n_encoder_layers=1
models.architecture.n_decoder_layers=1
seed=3    avg_loss: 0.000002972140  time_per_window : 0.000358   progress : 0.688
name: models.architecture.block_type=cls
training.mode=rollout
models.out_dim=10
models.architecture.n_encoder_layers=1
models.architecture.n_decoder_layers=1
seed=3    avg_loss: 0.000002513396  time_per_window : 0.000252   progress : 0.699
name: models.architecture.block_type=cls
training.mode=rollout
models.out_dim=10
models.architecture.n_encoder_layers=1
models.architecture.n_decoder_layers=1
seed=3    avg_loss: 0.000003114868  time_per_window : 0.000278   progress : 0.710
name: models.architecture.block_type=cls
training.mode=rollout
models.out_dim=10
models.architecture.n_encoder_layers=1
models.architecture.n_decoder_layers=1
seed=3    avg_loss: 0.000002888508  time_per_window : 0.000285   progress : 0.721
name: models.architecture.block_type=cls
training.mode=rollout
models.out_dim=10
models.architecture.n_encoder_layers=1
models.architecture.n_decoder_layers=1
seed=3    avg_loss: 0.000003355474  time_per_window : 0.000224   progress : 0.732
name: models.architecture.block_type=cls
training.mode=rollout
models.out_dim=10
models.architecture.n_encoder_layers=1
models.architecture.n_decoder_layers=1
seed=3    avg_loss: 0.000002746734  time_per_window : 0.000254   progress : 0.743
name: models.architecture.block_type=cls
training.mode=rollout
models.out_dim=10
models.architecture.n_encoder_layers=1
models.architecture.n_decoder_layers=1
seed=3    avg_loss: 0.000002546855  time_per_window : 0.000275   progress : 0.754
name: models.architecture.block_type=cls
training.mode=rollout
models.out_dim=10
models.architecture.n_encoder_layers=1
models.architecture.n_decoder_layers=1
seed=3    avg_loss: 0.000002519882  time_per_window : 0.000263   progress : 0.765
name: models.architecture.block_type=cls
training.mode=rollout
models.out_dim=10
models.architecture.n_encoder_layers=1
models.architecture.n_decoder_layers=1
seed=3    avg_loss: 0.000002734443  time_per_window : 0.000262   progress : 0.775
name: models.architecture.block_type=cls
training.mode=rollout
models.out_dim=10
models.architecture.n_encoder_layers=1
models.architecture.n_decoder_layers=1
seed=3    avg_loss: 0.000003074486  time_per_window : 0.000315   progress : 0.786
name: models.architecture.block_type=cls
training.mode=rollout
models.out_dim=10
models.architecture.n_encoder_layers=1
models.architecture.n_decoder_layers=1
seed=3    avg_loss: 0.000002370719  time_per_window : 0.000282   progress : 0.797
name: models.architecture.block_type=cls
training.mode=rollout
models.out_dim=10
models.architecture.n_encoder_layers=1
models.architecture.n_decoder_layers=1
seed=3    avg_loss: 0.000002226199  time_per_window : 0.000251   progress : 0.808
name: models.architecture.block_type=cls
training.mode=rollout
models.out_dim=10
models.architecture.n_encoder_layers=1
models.architecture.n_decoder_layers=1
seed=3    avg_loss: 0.000002664544  time_per_window : 0.000280   progress : 0.819
name: models.architecture.block_type=cls
training.mode=rollout
models.out_dim=10
models.architecture.n_encoder_layers=1
models.architecture.n_decoder_layers=1
seed=3    avg_loss: 0.000010417796  time_per_window : 0.000272   progress : 0.830
name: models.architecture.block_type=cls
training.mode=rollout
models.out_dim=10
models.architecture.n_encoder_layers=1
models.architecture.n_decoder_layers=1
seed=3    avg_loss: 0.000001583619  time_per_window : 0.000256   progress : 0.841
name: models.architecture.block_type=cls
training.mode=rollout
models.out_dim=10
models.architecture.n_encoder_layers=1
models.architecture.n_decoder_layers=1
seed=3    avg_loss: 0.000001617876  time_per_window : 0.000262   progress : 0.852
name: models.architecture.block_type=cls
training.mode=rollout
models.out_dim=10
models.architecture.n_encoder_layers=1
models.architecture.n_decoder_layers=1
seed=1    avg_loss: 0.000003582411  time_per_window : 0.000257   progress : 0.492
name: models.architecture.block_type=cls
training.mode=rollout
models.out_dim=10
models.architecture.n_encoder_layers=1
models.architecture.n_decoder_layers=1
seed=1    avg_loss: 0.000004146439  time_per_window : 0.000253   progress : 0.502
name: models.architecture.block_type=cls
training.mode=rollout
models.out_dim=10
models.architecture.n_encoder_layers=1
models.architecture.n_decoder_layers=1
seed=1    avg_loss: 0.000004660793  time_per_window : 0.000240   progress : 0.513
name: models.architecture.block_type=cls
training.mode=rollout
models.out_dim=10
models.architecture.n_encoder_layers=1
models.architecture.n_decoder_layers=1
seed=1    avg_loss: 0.000003575618  time_per_window : 0.000253   progress : 0.524
name: models.architecture.block_type=cls
training.mode=rollout
models.out_dim=10
models.architecture.n_encoder_layers=1
models.architecture.n_decoder_layers=1
seed=1    avg_loss: 0.000004099138  time_per_window : 0.000293   progress : 0.535
name: models.architecture.block_type=cls
training.mode=rollout
models.out_dim=10
models.architecture.n_encoder_layers=1
models.architecture.n_decoder_layers=1
seed=1    avg_loss: 0.000004395910  time_per_window : 0.000253   progress : 0.546
name: models.architecture.block_type=cls
training.mode=rollout
models.out_dim=10
models.architecture.n_encoder_layers=1
models.architecture.n_decoder_layers=1
seed=1    avg_loss: 0.000004300474  time_per_window : 0.000268   progress : 0.557
name: models.architecture.block_type=cls
training.mode=rollout
models.out_dim=10
models.architecture.n_encoder_layers=1
models.architecture.n_decoder_layers=1
seed=1    avg_loss: 0.000003456308  time_per_window : 0.000267   progress : 0.568
name: models.architecture.block_type=cls
training.mode=rollout
models.out_dim=10
models.architecture.n_encoder_layers=1
models.architecture.n_decoder_layers=1
seed=1    avg_loss: 0.000003637179  time_per_window : 0.000272   progress : 0.579
name: models.architecture.block_type=cls
training.mode=rollout
models.out_dim=10
models.architecture.n_encoder_layers=1
models.architecture.n_decoder_layers=1
seed=1    avg_loss: 0.000004000788  time_per_window : 0.000296   progress : 0.590
name: models.architecture.block_type=cls
training.mode=rollout
models.out_dim=10
models.architecture.n_encoder_layers=1
models.architecture.n_decoder_layers=1
seed=1    avg_loss: 0.000003582727  time_per_window : 0.000273   progress : 0.601
name: models.architecture.block_type=cls
training.mode=rollout
models.out_dim=10
models.architecture.n_encoder_layers=1
models.architecture.n_decoder_layers=1
seed=1    avg_loss: 0.000043772528  time_per_window : 0.000296   progress : 0.612
name: models.architecture.block_type=cls
training.mode=rollout
models.out_dim=10
models.architecture.n_encoder_layers=1
models.architecture.n_decoder_layers=1
seed=1    avg_loss: 0.000001913014  time_per_window : 0.000272   progress : 0.623
name: models.architecture.block_type=cls
training.mode=rollout
models.out_dim=10
models.architecture.n_encoder_layers=1
models.architecture.n_decoder_layers=1
seed=1    avg_loss: 0.000001452353  time_per_window : 0.000317   progress : 0.634
name: models.architecture.block_type=cls
training.mode=rollout
models.out_dim=10
models.architecture.n_encoder_layers=1
models.architecture.n_decoder_layers=1
seed=1    avg_loss: 0.000001558205  time_per_window : 0.000270   progress : 0.644
name: models.architecture.block_type=cls
training.mode=rollout
models.out_dim=10
models.architecture.n_encoder_layers=1
models.architecture.n_decoder_layers=1
seed=1    avg_loss: 0.000001986689  time_per_window : 0.000250   progress : 0.655
name: models.architecture.block_type=cls
training.mode=rollout
models.out_dim=10
models.architecture.n_encoder_layers=1
models.architecture.n_decoder_layers=1
seed=1    avg_loss: 0.000001839771  time_per_window : 0.000280   progress : 0.666
name: models.architecture.block_type=cls
training.mode=rollout
models.out_dim=10
models.architecture.n_encoder_layers=1
models.architecture.n_decoder_layers=1
seed=1    avg_loss: 0.000002043889  time_per_window : 0.000320   progress : 0.677
name: models.architecture.block_type=cls
training.mode=rollout
models.out_dim=10
models.architecture.n_encoder_layers=1
models.architecture.n_decoder_layers=1
seed=1    avg_loss: 0.000002286226  time_per_window : 0.000284   progress : 0.688
name: models.architecture.block_type=cls
training.mode=rollout
models.out_dim=10
models.architecture.n_encoder_layers=1
models.architecture.n_decoder_layers=1
seed=1    avg_loss: 0.000002341300  time_per_window : 0.000242   progress : 0.699
name: models.architecture.block_type=cls
training.mode=rollout
models.out_dim=10
models.architecture.n_encoder_layers=1
models.architecture.n_decoder_layers=1
seed=1    avg_loss: 0.000001997167  time_per_window : 0.000285   progress : 0.710
name: models.architecture.block_type=cls
training.mode=rollout
models.out_dim=10
models.architecture.n_encoder_layers=1
models.architecture.n_decoder_layers=1
seed=1    avg_loss: 0.000002849207  time_per_window : 0.000278   progress : 0.721
name: models.architecture.block_type=cls
training.mode=rollout
models.out_dim=10
models.architecture.n_encoder_layers=1
models.architecture.n_decoder_layers=1
seed=1    avg_loss: 0.000003606667  time_per_window : 0.000266   progress : 0.732
name: models.architecture.block_type=cls
training.mode=rollout
models.out_dim=10
models.architecture.n_encoder_layers=1
models.architecture.n_decoder_layers=1
seed=1    avg_loss: 0.000003100461  time_per_window : 0.000264   progress : 0.743
name: models.architecture.block_type=cls
training.mode=rollout
models.out_dim=10
models.architecture.n_encoder_layers=1
models.architecture.n_decoder_layers=1
seed=1    avg_loss: 0.000002850732  time_per_window : 0.000292   progress : 0.754
name: models.architecture.block_type=cls
training.mode=rollout
models.out_dim=10
models.architecture.n_encoder_layers=1
models.architecture.n_decoder_layers=1
seed=1    avg_loss: 0.000003013390  time_per_window : 0.000285   progress : 0.765
name: models.architecture.block_type=cls
training.mode=rollout
models.out_dim=10
models.architecture.n_encoder_layers=1
models.architecture.n_decoder_layers=1
seed=1    avg_loss: 0.000003624434  time_per_window : 0.000257   progress : 0.775
name: models.architecture.block_type=cls
training.mode=rollout
models.out_dim=10
models.architecture.n_encoder_layers=1
models.architecture.n_decoder_layers=1
seed=1    avg_loss: 0.000003646479  time_per_window : 0.000260   progress : 0.786
name: models.architecture.block_type=cls
training.mode=rollout
models.out_dim=10
models.architecture.n_encoder_layers=1
models.architecture.n_decoder_layers=1
seed=1    avg_loss: 0.000002564347  time_per_window : 0.000259   progress : 0.797
name: models.architecture.block_type=cls
training.mode=rollout
models.out_dim=10
models.architecture.n_encoder_layers=1
models.architecture.n_decoder_layers=1
seed=1    avg_loss: 0.000002677316  time_per_window : 0.000236   progress : 0.808
name: models.architecture.block_type=cls
training.mode=rollout
models.out_dim=10
models.architecture.n_encoder_layers=1
models.architecture.n_decoder_layers=1
seed=1    avg_loss: 0.000002964180  time_per_window : 0.000285   progress : 0.819
name: models.architecture.block_type=cls
training.mode=rollout
models.out_dim=10
models.architecture.n_encoder_layers=1
models.architecture.n_decoder_layers=1
seed=1    avg_loss: 0.000003433899  time_per_window : 0.000275   progress : 0.830
name: models.architecture.block_type=cls
training.mode=rollout
models.out_dim=10
models.architecture.n_encoder_layers=1
models.architecture.n_decoder_layers=1
seed=1    avg_loss: 0.000003445011  time_per_window : 0.000283   progress : 0.841
name: models.architecture.block_type=cls
training.mode=rollout
models.out_dim=10
models.architecture.n_encoder_layers=1
models.architecture.n_decoder_layers=1
seed=1    avg_loss: 0.000003134599  time_per_window : 0.000256   progress : 0.852
name: models.architecture.block_type=cls
training.mode=rollout
models.out_dim=10
models.architecture.n_encoder_layers=1
models.architecture.n_decoder_layers=1
seed=0    avg_loss: 0.000004581089  time_per_window : 0.000287   progress : 0.492
name: models.architecture.block_type=cls
training.mode=rollout
models.out_dim=10
models.architecture.n_encoder_layers=1
models.architecture.n_decoder_layers=1
seed=0    avg_loss: 0.000004222738  time_per_window : 0.000281   progress : 0.502
name: models.architecture.block_type=cls
training.mode=rollout
models.out_dim=10
models.architecture.n_encoder_layers=1
models.architecture.n_decoder_layers=1
seed=0    avg_loss: 0.000004711738  time_per_window : 0.000322   progress : 0.513
name: models.architecture.block_type=cls
training.mode=rollout
models.out_dim=10
models.architecture.n_encoder_layers=1
models.architecture.n_decoder_layers=1
seed=0    avg_loss: 0.000004495152  time_per_window : 0.000247   progress : 0.524
name: models.architecture.block_type=cls
training.mode=rollout
models.out_dim=10
models.architecture.n_encoder_layers=1
models.architecture.n_decoder_layers=1
seed=0    avg_loss: 0.000004746796  time_per_window : 0.000314   progress : 0.535
name: models.architecture.block_type=cls
training.mode=rollout
models.out_dim=10
models.architecture.n_encoder_layers=1
models.architecture.n_decoder_layers=1
seed=0    avg_loss: 0.000003886207  time_per_window : 0.000257   progress : 0.546
name: models.architecture.block_type=cls
training.mode=rollout
models.out_dim=10
models.architecture.n_encoder_layers=1
models.architecture.n_decoder_layers=1
seed=0    avg_loss: 0.000004938689  time_per_window : 0.000247   progress : 0.557
name: models.architecture.block_type=cls
training.mode=rollout
models.out_dim=10
models.architecture.n_encoder_layers=1
models.architecture.n_decoder_layers=1
seed=0    avg_loss: 0.000004084917  time_per_window : 0.000259   progress : 0.568
name: models.architecture.block_type=cls
training.mode=rollout
models.out_dim=10
models.architecture.n_encoder_layers=1
models.architecture.n_decoder_layers=1
seed=0    avg_loss: 0.000004651817  time_per_window : 0.000270   progress : 0.579
name: models.architecture.block_type=cls
training.mode=rollout
models.out_dim=10
models.architecture.n_encoder_layers=1
models.architecture.n_decoder_layers=1
seed=0    avg_loss: 0.000003630543  time_per_window : 0.000252   progress : 0.590
name: models.architecture.block_type=cls
training.mode=rollout
models.out_dim=10
models.architecture.n_encoder_layers=1
models.architecture.n_decoder_layers=1
seed=0    avg_loss: 0.000003810839  time_per_window : 0.000290   progress : 0.601
name: models.architecture.block_type=cls
training.mode=rollout
models.out_dim=10
models.architecture.n_encoder_layers=1
models.architecture.n_decoder_layers=1
seed=0    avg_loss: 0.000004140582  time_per_window : 0.000249   progress : 0.612
name: models.architecture.block_type=cls
training.mode=rollout
models.out_dim=10
models.architecture.n_encoder_layers=1
models.architecture.n_decoder_layers=1
seed=0    avg_loss: 0.000003720440  time_per_window : 0.000251   progress : 0.623
name: models.architecture.block_type=cls
training.mode=rollout
models.out_dim=10
models.architecture.n_encoder_layers=1
models.architecture.n_decoder_layers=1
seed=0    avg_loss: 0.000003649762  time_per_window : 0.000325   progress : 0.634
name: models.architecture.block_type=cls
training.mode=rollout
models.out_dim=10
models.architecture.n_encoder_layers=1
models.architecture.n_decoder_layers=1
seed=0    avg_loss: 0.000029931474  time_per_window : 0.000274   progress : 0.644
name: models.architecture.block_type=cls
training.mode=rollout
models.out_dim=10
models.architecture.n_encoder_layers=1
models.architecture.n_decoder_layers=1
seed=0    avg_loss: 0.000003780922  time_per_window : 0.000276   progress : 0.655
name: models.architecture.block_type=cls
training.mode=rollout
models.out_dim=10
models.architecture.n_encoder_layers=1
models.architecture.n_decoder_layers=1
seed=0    avg_loss: 0.000002011993  time_per_window : 0.000298   progress : 0.666
name: models.architecture.block_type=cls
training.mode=rollout
models.out_dim=10
models.architecture.n_encoder_layers=1
models.architecture.n_decoder_layers=1
seed=0    avg_loss: 0.000001987239  time_per_window : 0.000266   progress : 0.677
name: models.architecture.block_type=cls
training.mode=rollout
models.out_dim=10
models.architecture.n_encoder_layers=1
models.architecture.n_decoder_layers=1
seed=0    avg_loss: 0.000002798394  time_per_window : 0.000247   progress : 0.688
name: models.architecture.block_type=cls
training.mode=rollout
models.out_dim=10
models.architecture.n_encoder_layers=1
models.architecture.n_decoder_layers=1
seed=0    avg_loss: 0.000003080922  time_per_window : 0.000278   progress : 0.699
name: models.architecture.block_type=cls
training.mode=rollout
models.out_dim=10
models.architecture.n_encoder_layers=1
models.architecture.n_decoder_layers=1
seed=0    avg_loss: 0.000002552219  time_per_window : 0.000245   progress : 0.710
name: models.architecture.block_type=cls
training.mode=rollout
models.out_dim=10
models.architecture.n_encoder_layers=1
models.architecture.n_decoder_layers=1
seed=0    avg_loss: 0.000002943858  time_per_window : 0.000285   progress : 0.721
name: models.architecture.block_type=cls
training.mode=rollout
models.out_dim=10
models.architecture.n_encoder_layers=1
models.architecture.n_decoder_layers=1
seed=0    avg_loss: 0.000002884903  time_per_window : 0.000277   progress : 0.732
name: models.architecture.block_type=cls
training.mode=rollout
models.out_dim=10
models.architecture.n_encoder_layers=1
models.architecture.n_decoder_layers=1
seed=0    avg_loss: 0.000003586857  time_per_window : 0.000350   progress : 0.743
name: models.architecture.block_type=cls
training.mode=rollout
models.out_dim=10
models.architecture.n_encoder_layers=1
models.architecture.n_decoder_layers=1
seed=0    avg_loss: 0.000003137531  time_per_window : 0.000304   progress : 0.754
name: models.architecture.block_type=cls
training.mode=rollout
models.out_dim=10
models.architecture.n_encoder_layers=1
models.architecture.n_decoder_layers=1
seed=0    avg_loss: 0.000003408797  time_per_window : 0.000271   progress : 0.765
name: models.architecture.block_type=cls
training.mode=rollout
models.out_dim=10
models.architecture.n_encoder_layers=1
models.architecture.n_decoder_layers=1
seed=0    avg_loss: 0.000002851422  time_per_window : 0.000266   progress : 0.775
name: models.architecture.block_type=cls
training.mode=rollout
models.out_dim=10
models.architecture.n_encoder_layers=1
models.architecture.n_decoder_layers=1
seed=0    avg_loss: 0.000003322376  time_per_window : 0.000281   progress : 0.786
name: models.architecture.block_type=cls
training.mode=rollout
models.out_dim=10
models.architecture.n_encoder_layers=1
models.architecture.n_decoder_layers=1
seed=0    avg_loss: 0.000003727139  time_per_window : 0.000254   progress : 0.797
name: models.architecture.block_type=cls
training.mode=rollout
models.out_dim=10
models.architecture.n_encoder_layers=1
models.architecture.n_decoder_layers=1
seed=0    avg_loss: 0.000003199647  time_per_window : 0.000261   progress : 0.808
name: models.architecture.block_type=cls
training.mode=rollout
models.out_dim=10
models.architecture.n_encoder_layers=1
models.architecture.n_decoder_layers=1
seed=0    avg_loss: 0.000003881026  time_per_window : 0.000260   progress : 0.819
name: models.architecture.block_type=cls
training.mode=rollout
models.out_dim=10
models.architecture.n_encoder_layers=1
models.architecture.n_decoder_layers=1
seed=0    avg_loss: 0.000004073931  time_per_window : 0.000262   progress : 0.830
name: models.architecture.block_type=cls
training.mode=rollout
models.out_dim=10
models.architecture.n_encoder_layers=1
models.architecture.n_decoder_layers=1
seed=0    avg_loss: 0.000002791412  time_per_window : 0.000265   progress : 0.841
name: models.architecture.block_type=cls
training.mode=rollout
models.out_dim=10
models.architecture.n_encoder_layers=1
models.architecture.n_decoder_layers=1
seed=0    avg_loss: 0.000003695407  time_per_window : 0.000271   progress : 0.852
name: models.architecture.block_type=cls
training.mode=rollout
models.out_dim=10
models.architecture.n_encoder_layers=1
models.architecture.n_decoder_layers=1
seed=4    avg_loss: 0.000002915532  time_per_window : 0.000292   progress : 0.863
name: models.architecture.block_type=cls
training.mode=rollout
models.out_dim=10
models.architecture.n_encoder_layers=1
models.architecture.n_decoder_layers=1
seed=4    avg_loss: 0.000002296502  time_per_window : 0.000299   progress : 0.874
name: models.architecture.block_type=cls
training.mode=rollout
models.out_dim=10
models.architecture.n_encoder_layers=1
models.architecture.n_decoder_layers=1
seed=4    avg_loss: 0.000002527838  time_per_window : 0.000275   progress : 0.885
name: models.architecture.block_type=cls
training.mode=rollout
models.out_dim=10
models.architecture.n_encoder_layers=1
models.architecture.n_decoder_layers=1
seed=4    avg_loss: 0.000002192872  time_per_window : 0.000282   progress : 0.896
name: models.architecture.block_type=cls
training.mode=rollout
models.out_dim=10
models.architecture.n_encoder_layers=1
models.architecture.n_decoder_layers=1
seed=4    avg_loss: 0.000002585261  time_per_window : 0.000295   progress : 0.907
name: models.architecture.block_type=cls
training.mode=rollout
models.out_dim=10
models.architecture.n_encoder_layers=1
models.architecture.n_decoder_layers=1
seed=4    avg_loss: 0.000002599164  time_per_window : 0.000275   progress : 0.917
name: models.architecture.block_type=cls
training.mode=rollout
models.out_dim=10
models.architecture.n_encoder_layers=1
models.architecture.n_decoder_layers=1
seed=4    avg_loss: 0.000002014198  time_per_window : 0.000254   progress : 0.928
name: models.architecture.block_type=cls
training.mode=rollout
models.out_dim=10
models.architecture.n_encoder_layers=1
models.architecture.n_decoder_layers=1
seed=4    avg_loss: 0.000002515209  time_per_window : 0.000271   progress : 0.939
name: models.architecture.block_type=cls
training.mode=rollout
models.out_dim=10
models.architecture.n_encoder_layers=1
models.architecture.n_decoder_layers=1
seed=4    avg_loss: 0.000002610422  time_per_window : 0.000311   progress : 0.950
name: models.architecture.block_type=cls
training.mode=rollout
models.out_dim=10
models.architecture.n_encoder_layers=1
models.architecture.n_decoder_layers=1
seed=4    avg_loss: 0.000002555214  time_per_window : 0.000354   progress : 0.961
name: models.architecture.block_type=cls
training.mode=rollout
models.out_dim=10
models.architecture.n_encoder_layers=1
models.architecture.n_decoder_layers=1
seed=4    avg_loss: 0.000002625905  time_per_window : 0.000250   progress : 0.972
name: models.architecture.block_type=cls
training.mode=rollout
models.out_dim=10
models.architecture.n_encoder_layers=1
models.architecture.n_decoder_layers=1
seed=4    avg_loss: 0.000002309268  time_per_window : 0.000324   progress : 0.983
name: models.architecture.block_type=cls
training.mode=rollout
models.out_dim=10
models.architecture.n_encoder_layers=1
models.architecture.n_decoder_layers=1
seed=4    avg_loss: 0.000002199577  time_per_window : 0.000343   progress : 0.994
DONE!!!

name: models.architecture.block_type=cls
training.mode=rollout
models.out_dim=10
models.architecture.n_encoder_layers=1
models.architecture.n_decoder_layers=1
seed=2    avg_loss: 0.000002576565  time_per_window : 0.000258   progress : 0.863
name: models.architecture.block_type=cls
training.mode=rollout
models.out_dim=10
models.architecture.n_encoder_layers=1
models.architecture.n_decoder_layers=1
seed=2    avg_loss: 0.000002319773  time_per_window : 0.000297   progress : 0.874
name: models.architecture.block_type=cls
training.mode=rollout
models.out_dim=10
models.architecture.n_encoder_layers=1
models.architecture.n_decoder_layers=1
seed=2    avg_loss: 0.000002268096  time_per_window : 0.000264   progress : 0.885
name: models.architecture.block_type=cls
training.mode=rollout
models.out_dim=10
models.architecture.n_encoder_layers=1
models.architecture.n_decoder_layers=1
seed=2    avg_loss: 0.000001989117  time_per_window : 0.000278   progress : 0.896
name: models.architecture.block_type=cls
training.mode=rollout
models.out_dim=10
models.architecture.n_encoder_layers=1
models.architecture.n_decoder_layers=1
seed=2    avg_loss: 0.000002065913  time_per_window : 0.000249   progress : 0.907
name: models.architecture.block_type=cls
training.mode=rollout
models.out_dim=10
models.architecture.n_encoder_layers=1
models.architecture.n_decoder_layers=1
seed=2    avg_loss: 0.000002163049  time_per_window : 0.000345   progress : 0.917
name: models.architecture.block_type=cls
training.mode=rollout
models.out_dim=10
models.architecture.n_encoder_layers=1
models.architecture.n_decoder_layers=1
seed=2    avg_loss: 0.000001882676  time_per_window : 0.000296   progress : 0.928
name: models.architecture.block_type=cls
training.mode=rollout
models.out_dim=10
models.architecture.n_encoder_layers=1
models.architecture.n_decoder_layers=1
seed=2    avg_loss: 0.000002202078  time_per_window : 0.000296   progress : 0.939
name: models.architecture.block_type=cls
training.mode=rollout
models.out_dim=10
models.architecture.n_encoder_layers=1
models.architecture.n_decoder_layers=1
seed=2    avg_loss: 0.000002247108  time_per_window : 0.000306   progress : 0.950
name: models.architecture.block_type=cls
training.mode=rollout
models.out_dim=10
models.architecture.n_encoder_layers=1
models.architecture.n_decoder_layers=1
seed=2    avg_loss: 0.000001889122  time_per_window : 0.000287   progress : 0.961
name: models.architecture.block_type=cls
training.mode=rollout
models.out_dim=10
models.architecture.n_encoder_layers=1
models.architecture.n_decoder_layers=1
seed=2    avg_loss: 0.000002347076  time_per_window : 0.000285   progress : 0.972
name: models.architecture.block_type=cls
training.mode=rollout
models.out_dim=10
models.architecture.n_encoder_layers=1
models.architecture.n_decoder_layers=1
seed=2    avg_loss: 0.000002002434  time_per_window : 0.000286   progress : 0.983
name: models.architecture.block_type=cls
training.mode=rollout
models.out_dim=10
models.architecture.n_encoder_layers=1
models.architecture.n_decoder_layers=1
seed=2    avg_loss: 0.000001839136  time_per_window : 0.000241   progress : 0.994
DONE!!!

name: models.architecture.block_type=cls
training.mode=rollout
models.out_dim=10
models.architecture.n_encoder_layers=1
models.architecture.n_decoder_layers=1
seed=3    avg_loss: 0.000002281327  time_per_window : 0.000261   progress : 0.863
name: models.architecture.block_type=cls
training.mode=rollout
models.out_dim=10
models.architecture.n_encoder_layers=1
models.architecture.n_decoder_layers=1
seed=3    avg_loss: 0.000002124397  time_per_window : 0.000271   progress : 0.874
name: models.architecture.block_type=cls
training.mode=rollout
models.out_dim=10
models.architecture.n_encoder_layers=1
models.architecture.n_decoder_layers=1
seed=3    avg_loss: 0.000001841537  time_per_window : 0.000297   progress : 0.885
name: models.architecture.block_type=cls
training.mode=rollout
models.out_dim=10
models.architecture.n_encoder_layers=1
models.architecture.n_decoder_layers=1
seed=3    avg_loss: 0.000001776246  time_per_window : 0.000251   progress : 0.896
name: models.architecture.block_type=cls
training.mode=rollout
models.out_dim=10
models.architecture.n_encoder_layers=1
models.architecture.n_decoder_layers=1
seed=3    avg_loss: 0.000001914116  time_per_window : 0.000294   progress : 0.907
name: models.architecture.block_type=cls
training.mode=rollout
models.out_dim=10
models.architecture.n_encoder_layers=1
models.architecture.n_decoder_layers=1
seed=3    avg_loss: 0.000002562354  time_per_window : 0.000294   progress : 0.917
name: models.architecture.block_type=cls
training.mode=rollout
models.out_dim=10
models.architecture.n_encoder_layers=1
models.architecture.n_decoder_layers=1
seed=3    avg_loss: 0.000002055430  time_per_window : 0.000312   progress : 0.928
name: models.architecture.block_type=cls
training.mode=rollout
models.out_dim=10
models.architecture.n_encoder_layers=1
models.architecture.n_decoder_layers=1
seed=3    avg_loss: 0.000002602689  time_per_window : 0.000286   progress : 0.939
name: models.architecture.block_type=cls
training.mode=rollout
models.out_dim=10
models.architecture.n_encoder_layers=1
models.architecture.n_decoder_layers=1
seed=3    avg_loss: 0.000002405412  time_per_window : 0.000253   progress : 0.950
name: models.architecture.block_type=cls
training.mode=rollout
models.out_dim=10
models.architecture.n_encoder_layers=1
models.architecture.n_decoder_layers=1
seed=3    avg_loss: 0.000001937367  time_per_window : 0.000302   progress : 0.961
name: models.architecture.block_type=cls
training.mode=rollout
models.out_dim=10
models.architecture.n_encoder_layers=1
models.architecture.n_decoder_layers=1
seed=3    avg_loss: 0.000002811278  time_per_window : 0.000320   progress : 0.972
name: models.architecture.block_type=cls
training.mode=rollout
models.out_dim=10
models.architecture.n_encoder_layers=1
models.architecture.n_decoder_layers=1
seed=3    avg_loss: 0.000001864226  time_per_window : 0.000300   progress : 0.983
name: models.architecture.block_type=cls
training.mode=rollout
models.out_dim=10
models.architecture.n_encoder_layers=1
models.architecture.n_decoder_layers=1
seed=3    avg_loss: 0.000002335687  time_per_window : 0.000264   progress : 0.994
DONE!!!

name: models.architecture.block_type=cls
training.mode=rollout
models.out_dim=10
models.architecture.n_encoder_layers=1
models.architecture.n_decoder_layers=1
seed=1    avg_loss: 0.000002958212  time_per_window : 0.000250   progress : 0.863
name: models.architecture.block_type=cls
training.mode=rollout
models.out_dim=10
models.architecture.n_encoder_layers=1
models.architecture.n_decoder_layers=1
seed=1    avg_loss: 0.000002903285  time_per_window : 0.000289   progress : 0.874
name: models.architecture.block_type=cls
training.mode=rollout
models.out_dim=10
models.architecture.n_encoder_layers=1
models.architecture.n_decoder_layers=1
seed=1    avg_loss: 0.000003103418  time_per_window : 0.000295   progress : 0.885
name: models.architecture.block_type=cls
training.mode=rollout
models.out_dim=10
models.architecture.n_encoder_layers=1
models.architecture.n_decoder_layers=1
seed=1    avg_loss: 0.000002632805  time_per_window : 0.000248   progress : 0.896
name: models.architecture.block_type=cls
training.mode=rollout
models.out_dim=10
models.architecture.n_encoder_layers=1
models.architecture.n_decoder_layers=1
seed=1    avg_loss: 0.000003098228  time_per_window : 0.000248   progress : 0.907
name: models.architecture.block_type=cls
training.mode=rollout
models.out_dim=10
models.architecture.n_encoder_layers=1
models.architecture.n_decoder_layers=1
seed=1    avg_loss: 0.000003156751  time_per_window : 0.000269   progress : 0.917
name: models.architecture.block_type=cls
training.mode=rollout
models.out_dim=10
models.architecture.n_encoder_layers=1
models.architecture.n_decoder_layers=1
seed=1    avg_loss: 0.000002322581  time_per_window : 0.000238   progress : 0.928
name: models.architecture.block_type=cls
training.mode=rollout
models.out_dim=10
models.architecture.n_encoder_layers=1
models.architecture.n_decoder_layers=1
seed=1    avg_loss: 0.000003362411  time_per_window : 0.000252   progress : 0.939
name: models.architecture.block_type=cls
training.mode=rollout
models.out_dim=10
models.architecture.n_encoder_layers=1
models.architecture.n_decoder_layers=1
seed=1    avg_loss: 0.000002435694  time_per_window : 0.000264   progress : 0.950
name: models.architecture.block_type=cls
training.mode=rollout
models.out_dim=10
models.architecture.n_encoder_layers=1
models.architecture.n_decoder_layers=1
seed=1    avg_loss: 0.000002302736  time_per_window : 0.000271   progress : 0.961
name: models.architecture.block_type=cls
training.mode=rollout
models.out_dim=10
models.architecture.n_encoder_layers=1
models.architecture.n_decoder_layers=1
seed=1    avg_loss: 0.000003278023  time_per_window : 0.000293   progress : 0.972
name: models.architecture.block_type=cls
training.mode=rollout
models.out_dim=10
models.architecture.n_encoder_layers=1
models.architecture.n_decoder_layers=1
seed=1    avg_loss: 0.000002845384  time_per_window : 0.000337   progress : 0.983
name: models.architecture.block_type=cls
training.mode=rollout
models.out_dim=10
models.architecture.n_encoder_layers=1
models.architecture.n_decoder_layers=1
seed=1    avg_loss: 0.000003148887  time_per_window : 0.000213   progress : 0.994
DONE!!!

name: models.architecture.block_type=cls
training.mode=rollout
models.out_dim=10
models.architecture.n_encoder_layers=1
models.architecture.n_decoder_layers=1
seed=0    avg_loss: 0.000003184360  time_per_window : 0.000291   progress : 0.863
name: models.architecture.block_type=cls
training.mode=rollout
models.out_dim=10
models.architecture.n_encoder_layers=1
models.architecture.n_decoder_layers=1
seed=0    avg_loss: 0.000003323885  time_per_window : 0.000269   progress : 0.874
name: models.architecture.block_type=cls
training.mode=rollout
models.out_dim=10
models.architecture.n_encoder_layers=1
models.architecture.n_decoder_layers=1
seed=0    avg_loss: 0.000003501160  time_per_window : 0.000250   progress : 0.885
name: models.architecture.block_type=cls
training.mode=rollout
models.out_dim=10
models.architecture.n_encoder_layers=1
models.architecture.n_decoder_layers=1
seed=0    avg_loss: 0.000003358879  time_per_window : 0.000286   progress : 0.896
name: models.architecture.block_type=cls
training.mode=rollout
models.out_dim=10
models.architecture.n_encoder_layers=1
models.architecture.n_decoder_layers=1
seed=0    avg_loss: 0.000002858727  time_per_window : 0.000269   progress : 0.907
name: models.architecture.block_type=cls
training.mode=rollout
models.out_dim=10
models.architecture.n_encoder_layers=1
models.architecture.n_decoder_layers=1
seed=0    avg_loss: 0.000003780151  time_per_window : 0.000287   progress : 0.917
name: models.architecture.block_type=cls
training.mode=rollout
models.out_dim=10
models.architecture.n_encoder_layers=1
models.architecture.n_decoder_layers=1
seed=0    avg_loss: 0.000002937651  time_per_window : 0.000305   progress : 0.928
name: models.architecture.block_type=cls
training.mode=rollout
models.out_dim=10
models.architecture.n_encoder_layers=1
models.architecture.n_decoder_layers=1
seed=0    avg_loss: 0.000003397829  time_per_window : 0.000256   progress : 0.939
name: models.architecture.block_type=cls
training.mode=rollout
models.out_dim=10
models.architecture.n_encoder_layers=1
models.architecture.n_decoder_layers=1
seed=0    avg_loss: 0.000002715690  time_per_window : 0.000313   progress : 0.950
name: models.architecture.block_type=cls
training.mode=rollout
models.out_dim=10
models.architecture.n_encoder_layers=1
models.architecture.n_decoder_layers=1
seed=0    avg_loss: 0.000003147968  time_per_window : 0.000343   progress : 0.961
name: models.architecture.block_type=cls
training.mode=rollout
models.out_dim=10
models.architecture.n_encoder_layers=1
models.architecture.n_decoder_layers=1
seed=0    avg_loss: 0.000003563920  time_per_window : 0.000303   progress : 0.972
name: models.architecture.block_type=cls
training.mode=rollout
models.out_dim=10
models.architecture.n_encoder_layers=1
models.architecture.n_decoder_layers=1
seed=0    avg_loss: 0.000002929349  time_per_window : 0.000283   progress : 0.983
name: models.architecture.block_type=cls
training.mode=rollout
models.out_dim=10
models.architecture.n_encoder_layers=1
models.architecture.n_decoder_layers=1
seed=0    avg_loss: 0.000003103324  time_per_window : 0.000239   progress : 0.994
DONE!!!
