/home/jdihardjo/miniconda3/envs/mavenv/lib/python3.11/site-packages/hydra/_internal/defaults_list.py:251: UserWarning: In 'config': Defaults list is missing `_self_`. See https://hydra.cc/docs/1.2/upgrades/1.0_to_1.1/default_composition_order for more information
  warnings.warn(msg, UserWarning)
Using cuda device
[2026-07-27 03:44:29,817][HYDRA] Joblib.Parallel(n_jobs=6,backend=loky,prefer=processes,require=None,verbose=0,timeout=None,pre_dispatch=2*n_jobs,batch_size=auto,temp_folder=None,max_nbytes=None,mmap_mode=r) is launching 5 jobs
[2026-07-27 03:44:29,817][HYDRA] Launching jobs, sweep output dir : ablation_runs/2026-07-27_00-16-14/simple_gml_cls_out10
[2026-07-27 03:44:29,817][HYDRA] 	#0 : models.architecture.block_type=simple_cls training.mode=gml_rollout models.out_dim=10 seed=0
[2026-07-27 03:44:29,817][HYDRA] 	#1 : models.architecture.block_type=simple_cls training.mode=gml_rollout models.out_dim=10 seed=1
[2026-07-27 03:44:29,817][HYDRA] 	#2 : models.architecture.block_type=simple_cls training.mode=gml_rollout models.out_dim=10 seed=2
[2026-07-27 03:44:29,817][HYDRA] 	#3 : models.architecture.block_type=simple_cls training.mode=gml_rollout models.out_dim=10 seed=3
[2026-07-27 03:44:29,817][HYDRA] 	#4 : models.architecture.block_type=simple_cls training.mode=gml_rollout models.out_dim=10 seed=4
/home/jdihardjo/miniconda3/envs/mavenv/lib/python3.11/site-packages/hydra/_internal/defaults_list.py:251: UserWarning: In 'config': Defaults list is missing `_self_`. See https://hydra.cc/docs/1.2/upgrades/1.0_to_1.1/default_composition_order for more information
  warnings.warn(msg, UserWarning)
/home/jdihardjo/miniconda3/envs/mavenv/lib/python3.11/site-packages/hydra/_internal/defaults_list.py:251: UserWarning: In 'config': Defaults list is missing `_self_`. See https://hydra.cc/docs/1.2/upgrades/1.0_to_1.1/default_composition_order for more information
  warnings.warn(msg, UserWarning)
/home/jdihardjo/miniconda3/envs/mavenv/lib/python3.11/site-packages/hydra/_internal/defaults_list.py:251: UserWarning: In 'config': Defaults list is missing `_self_`. See https://hydra.cc/docs/1.2/upgrades/1.0_to_1.1/default_composition_order for more information
  warnings.warn(msg, UserWarning)
/home/jdihardjo/miniconda3/envs/mavenv/lib/python3.11/site-packages/hydra/_internal/defaults_list.py:251: UserWarning: In 'config': Defaults list is missing `_self_`. See https://hydra.cc/docs/1.2/upgrades/1.0_to_1.1/default_composition_order for more information
  warnings.warn(msg, UserWarning)
/home/jdihardjo/miniconda3/envs/mavenv/lib/python3.11/site-packages/hydra/_internal/defaults_list.py:251: UserWarning: In 'config': Defaults list is missing `_self_`. See https://hydra.cc/docs/1.2/upgrades/1.0_to_1.1/default_composition_order for more information
  warnings.warn(msg, UserWarning)
models:
  n_dim: 23
  out_dim: 10
  architecture:
    d_model: 128
    n_encoder_layers: 2
    n_decoder_layers: 0
    block_type: simple_cls
    time_adapter: last_token
    in_norm: none
    out_norm: none
    layer_scale: 0.0001
    drop_path: 0.05
    mamba_type: mamba
    mamba_kwargs:
      d_state: 16
      d_conv: 2
      expand: 2
      norm: rms
    skip: false
    cls_kwargs:
      n_heads: 2
      n_mlp: 2
      positional_encoding: false
      max_len: 5000
input_len: 32
output_len: 1
batch_size: 128
epochs: 5
seed: 2
dataset:
  path: /home/jdihardjo/simdata/train.zarr/
  training_size: 1500000
evaluation:
  path: /home/jdihardjo/simdata/evaluation.zarr/
  evaluation_size: 50
training:
  mode: gml_rollout
  lr: 0.0002
  weight_decay: 0.1
  rollout_steps: 16
checkpoint:
  save_path: hydra-test.pth
  load: false
  path: hydra-test.pth
compile: true

models:
  n_dim: 23
  out_dim: 10
  architecture:
    d_model: 128
    n_encoder_layers: 2
    n_decoder_layers: 0
    block_type: simple_cls
    time_adapter: last_token
    in_norm: none
    out_norm: none
    layer_scale: 0.0001
    drop_path: 0.05
    mamba_type: mamba
    mamba_kwargs:
      d_state: 16
      d_conv: 2
      expand: 2
      norm: rms
    skip: false
    cls_kwargs:
      n_heads: 2
      n_mlp: 2
      positional_encoding: false
      max_len: 5000
input_len: 32
output_len: 1
batch_size: 128
epochs: 5
seed: 0
dataset:
  path: /home/jdihardjo/simdata/train.zarr/
  training_size: 1500000
evaluation:
  path: /home/jdihardjo/simdata/evaluation.zarr/
  evaluation_size: 50
training:
  mode: gml_rollout
  lr: 0.0002
  weight_decay: 0.1
  rollout_steps: 16
checkpoint:
  save_path: hydra-test.pth
  load: false
  path: hydra-test.pth
compile: true

models:
  n_dim: 23
  out_dim: 10
  architecture:
    d_model: 128
    n_encoder_layers: 2
    n_decoder_layers: 0
    block_type: simple_cls
    time_adapter: last_token
    in_norm: none
    out_norm: none
    layer_scale: 0.0001
    drop_path: 0.05
    mamba_type: mamba
    mamba_kwargs:
      d_state: 16
      d_conv: 2
      expand: 2
      norm: rms
    skip: false
    cls_kwargs:
      n_heads: 2
      n_mlp: 2
      positional_encoding: false
      max_len: 5000
input_len: 32
output_len: 1
batch_size: 128
epochs: 5
seed: 4
dataset:
  path: /home/jdihardjo/simdata/train.zarr/
  training_size: 1500000
evaluation:
  path: /home/jdihardjo/simdata/evaluation.zarr/
  evaluation_size: 50
training:
  mode: gml_rollout
  lr: 0.0002
  weight_decay: 0.1
  rollout_steps: 16
checkpoint:
  save_path: hydra-test.pth
  load: false
  path: hydra-test.pth
compile: true

models:
  n_dim: 23
  out_dim: 10
  architecture:
    d_model: 128
    n_encoder_layers: 2
    n_decoder_layers: 0
    block_type: simple_cls
    time_adapter: last_token
    in_norm: none
    out_norm: none
    layer_scale: 0.0001
    drop_path: 0.05
    mamba_type: mamba
    mamba_kwargs:
      d_state: 16
      d_conv: 2
      expand: 2
      norm: rms
    skip: false
    cls_kwargs:
      n_heads: 2
      n_mlp: 2
      positional_encoding: false
      max_len: 5000
input_len: 32
output_len: 1
batch_size: 128
epochs: 5
seed: 1
dataset:
  path: /home/jdihardjo/simdata/train.zarr/
  training_size: 1500000
evaluation:
  path: /home/jdihardjo/simdata/evaluation.zarr/
  evaluation_size: 50
training:
  mode: gml_rollout
  lr: 0.0002
  weight_decay: 0.1
  rollout_steps: 16
checkpoint:
  save_path: hydra-test.pth
  load: false
  path: hydra-test.pth
compile: true

models:
  n_dim: 23
  out_dim: 10
  architecture:
    d_model: 128
    n_encoder_layers: 2
    n_decoder_layers: 0
    block_type: simple_cls
    time_adapter: last_token
    in_norm: none
    out_norm: none
    layer_scale: 0.0001
    drop_path: 0.05
    mamba_type: mamba
    mamba_kwargs:
      d_state: 16
      d_conv: 2
      expand: 2
      norm: rms
    skip: false
    cls_kwargs:
      n_heads: 2
      n_mlp: 2
      positional_encoding: false
      max_len: 5000
input_len: 32
output_len: 1
batch_size: 128
epochs: 5
seed: 3
dataset:
  path: /home/jdihardjo/simdata/train.zarr/
  training_size: 1500000
evaluation:
  path: /home/jdihardjo/simdata/evaluation.zarr/
  evaluation_size: 50
training:
  mode: gml_rollout
  lr: 0.0002
  weight_decay: 0.1
  rollout_steps: 16
checkpoint:
  save_path: hydra-test.pth
  load: false
  path: hydra-test.pth
compile: true

/home/jdihardjo/miniconda3/envs/mavenv/lib/python3.11/site-packages/torch/_inductor/cudagraph_trees.py:2622: UserWarning: Unable to hit fast path of CUDAGraphs because outputs from a previous step still require backward. Ensure backward() is invoked or detach outputs. You may also call torch.compiler.cudagraph_mark_step_begin() before each model invocation.
  warnings.warn(
/home/jdihardjo/miniconda3/envs/mavenv/lib/python3.11/site-packages/torch/_inductor/cudagraph_trees.py:2622: UserWarning: Unable to hit fast path of CUDAGraphs because outputs from a previous step still require backward. Ensure backward() is invoked or detach outputs. You may also call torch.compiler.cudagraph_mark_step_begin() before each model invocation.
  warnings.warn(
/home/jdihardjo/miniconda3/envs/mavenv/lib/python3.11/site-packages/torch/_inductor/cudagraph_trees.py:2622: UserWarning: Unable to hit fast path of CUDAGraphs because outputs from a previous step still require backward. Ensure backward() is invoked or detach outputs. You may also call torch.compiler.cudagraph_mark_step_begin() before each model invocation.
  warnings.warn(
/home/jdihardjo/miniconda3/envs/mavenv/lib/python3.11/site-packages/torch/_inductor/cudagraph_trees.py:2622: UserWarning: Unable to hit fast path of CUDAGraphs because outputs from a previous step still require backward. Ensure backward() is invoked or detach outputs. You may also call torch.compiler.cudagraph_mark_step_begin() before each model invocation.
  warnings.warn(
/home/jdihardjo/miniconda3/envs/mavenv/lib/python3.11/site-packages/torch/_inductor/cudagraph_trees.py:2622: UserWarning: Unable to hit fast path of CUDAGraphs because outputs from a previous step still require backward. Ensure backward() is invoked or detach outputs. You may also call torch.compiler.cudagraph_mark_step_begin() before each model invocation.
  warnings.warn(
name: models.architecture.block_type=simple_cls
training.mode=gml_rollout
models.out_dim=10
seed=2    avg_loss: 0.000083296873  time_per_window : 0.000280   progress : 0.011
name: models.architecture.block_type=simple_cls
training.mode=gml_rollout
models.out_dim=10
seed=2    avg_loss: 0.000000478213  time_per_window : 0.000279   progress : 0.022
name: models.architecture.block_type=simple_cls
training.mode=gml_rollout
models.out_dim=10
seed=2    avg_loss: 0.000000255259  time_per_window : 0.000252   progress : 0.033
name: models.architecture.block_type=simple_cls
training.mode=gml_rollout
models.out_dim=10
seed=2    avg_loss: 0.000000198168  time_per_window : 0.000253   progress : 0.044
name: models.architecture.block_type=simple_cls
training.mode=gml_rollout
models.out_dim=10
seed=2    avg_loss: 0.000000165297  time_per_window : 0.000275   progress : 0.055
name: models.architecture.block_type=simple_cls
training.mode=gml_rollout
models.out_dim=10
seed=2    avg_loss: 0.000000144707  time_per_window : 0.000265   progress : 0.066
name: models.architecture.block_type=simple_cls
training.mode=gml_rollout
models.out_dim=10
seed=2    avg_loss: 0.000000123616  time_per_window : 0.000276   progress : 0.076
name: models.architecture.block_type=simple_cls
training.mode=gml_rollout
models.out_dim=10
seed=2    avg_loss: 0.000000111420  time_per_window : 0.000331   progress : 0.087
name: models.architecture.block_type=simple_cls
training.mode=gml_rollout
models.out_dim=10
seed=2    avg_loss: 0.000000104775  time_per_window : 0.000257   progress : 0.098
name: models.architecture.block_type=simple_cls
training.mode=gml_rollout
models.out_dim=10
seed=2    avg_loss: 0.000000096613  time_per_window : 0.000302   progress : 0.109
name: models.architecture.block_type=simple_cls
training.mode=gml_rollout
models.out_dim=10
seed=2    avg_loss: 0.000000090722  time_per_window : 0.000281   progress : 0.120
name: models.architecture.block_type=simple_cls
training.mode=gml_rollout
models.out_dim=10
seed=2    avg_loss: 0.000000082438  time_per_window : 0.000248   progress : 0.131
name: models.architecture.block_type=simple_cls
training.mode=gml_rollout
models.out_dim=10
seed=2    avg_loss: 0.000000082033  time_per_window : 0.000262   progress : 0.142
name: models.architecture.block_type=simple_cls
training.mode=gml_rollout
models.out_dim=10
seed=2    avg_loss: 0.000000082170  time_per_window : 0.000263   progress : 0.153
name: models.architecture.block_type=simple_cls
training.mode=gml_rollout
models.out_dim=10
seed=2    avg_loss: 0.000000075209  time_per_window : 0.000263   progress : 0.164
name: models.architecture.block_type=simple_cls
training.mode=gml_rollout
models.out_dim=10
seed=2    avg_loss: 0.000000084277  time_per_window : 0.000283   progress : 0.175
name: models.architecture.block_type=simple_cls
training.mode=gml_rollout
models.out_dim=10
seed=2    avg_loss: 0.000000100400  time_per_window : 0.000254   progress : 0.186
name: models.architecture.block_type=simple_cls
training.mode=gml_rollout
models.out_dim=10
seed=2    avg_loss: 0.000000096988  time_per_window : 0.000273   progress : 0.197
name: models.architecture.block_type=simple_cls
training.mode=gml_rollout
models.out_dim=10
seed=2    avg_loss: 0.000000111291  time_per_window : 0.000287   progress : 0.208
name: models.architecture.block_type=simple_cls
training.mode=gml_rollout
models.out_dim=10
seed=2    avg_loss: 0.000000136907  time_per_window : 0.000295   progress : 0.218
name: models.architecture.block_type=simple_cls
training.mode=gml_rollout
models.out_dim=10
seed=2    avg_loss: 0.000000098954  time_per_window : 0.000294   progress : 0.229
name: models.architecture.block_type=simple_cls
training.mode=gml_rollout
models.out_dim=10
seed=2    avg_loss: 0.000000098224  time_per_window : 0.000253   progress : 0.240
name: models.architecture.block_type=simple_cls
training.mode=gml_rollout
models.out_dim=10
seed=2    avg_loss: 0.000000116997  time_per_window : 0.000273   progress : 0.251
name: models.architecture.block_type=simple_cls
training.mode=gml_rollout
models.out_dim=10
seed=2    avg_loss: 0.000000125943  time_per_window : 0.000283   progress : 0.262
name: models.architecture.block_type=simple_cls
training.mode=gml_rollout
models.out_dim=10
seed=2    avg_loss: 0.000000087114  time_per_window : 0.000242   progress : 0.273
name: models.architecture.block_type=simple_cls
training.mode=gml_rollout
models.out_dim=10
seed=2    avg_loss: 0.000000100984  time_per_window : 0.000256   progress : 0.284
name: models.architecture.block_type=simple_cls
training.mode=gml_rollout
models.out_dim=10
seed=2    avg_loss: 0.000000150947  time_per_window : 0.000265   progress : 0.295
name: models.architecture.block_type=simple_cls
training.mode=gml_rollout
models.out_dim=10
seed=2    avg_loss: 0.000000085993  time_per_window : 0.000251   progress : 0.306
name: models.architecture.block_type=simple_cls
training.mode=gml_rollout
models.out_dim=10
seed=2    avg_loss: 0.000000137116  time_per_window : 0.000270   progress : 0.317
name: models.architecture.block_type=simple_cls
training.mode=gml_rollout
models.out_dim=10
seed=2    avg_loss: 0.000000100884  time_per_window : 0.000257   progress : 0.328
name: models.architecture.block_type=simple_cls
training.mode=gml_rollout
models.out_dim=10
seed=2    avg_loss: 0.000000121228  time_per_window : 0.000251   progress : 0.339
name: models.architecture.block_type=simple_cls
training.mode=gml_rollout
models.out_dim=10
seed=2    avg_loss: 0.000000110969  time_per_window : 0.000251   progress : 0.350
name: models.architecture.block_type=simple_cls
training.mode=gml_rollout
models.out_dim=10
seed=2    avg_loss: 0.000000091120  time_per_window : 0.000274   progress : 0.360
name: models.architecture.block_type=simple_cls
training.mode=gml_rollout
models.out_dim=10
seed=2    avg_loss: 0.000000112616  time_per_window : 0.000281   progress : 0.371
name: models.architecture.block_type=simple_cls
training.mode=gml_rollout
models.out_dim=10
seed=2    avg_loss: 0.000000107509  time_per_window : 0.000292   progress : 0.382
name: models.architecture.block_type=simple_cls
training.mode=gml_rollout
models.out_dim=10
seed=2    avg_loss: 0.000000116562  time_per_window : 0.000286   progress : 0.393
name: models.architecture.block_type=simple_cls
training.mode=gml_rollout
models.out_dim=10
seed=2    avg_loss: 0.000000102137  time_per_window : 0.000247   progress : 0.404
name: models.architecture.block_type=simple_cls
training.mode=gml_rollout
models.out_dim=10
seed=2    avg_loss: 0.000000083871  time_per_window : 0.000239   progress : 0.415
name: models.architecture.block_type=simple_cls
training.mode=gml_rollout
models.out_dim=10
seed=2    avg_loss: 0.000000101675  time_per_window : 0.000258   progress : 0.426
name: models.architecture.block_type=simple_cls
training.mode=gml_rollout
models.out_dim=10
seed=2    avg_loss: 0.000000107341  time_per_window : 0.000254   progress : 0.437
name: models.architecture.block_type=simple_cls
training.mode=gml_rollout
models.out_dim=10
seed=2    avg_loss: 0.000000109220  time_per_window : 0.000257   progress : 0.448
name: models.architecture.block_type=simple_cls
training.mode=gml_rollout
models.out_dim=10
seed=2    avg_loss: 0.000000103416  time_per_window : 0.000262   progress : 0.459
name: models.architecture.block_type=simple_cls
training.mode=gml_rollout
models.out_dim=10
seed=2    avg_loss: 0.000000101311  time_per_window : 0.000275   progress : 0.470
name: models.architecture.block_type=simple_cls
training.mode=gml_rollout
models.out_dim=10
seed=2    avg_loss: 0.000000096370  time_per_window : 0.000288   progress : 0.481
name: models.architecture.block_type=simple_cls
training.mode=gml_rollout
models.out_dim=10
seed=2    avg_loss: 0.000000093987  time_per_window : 0.000279   progress : 0.492
name: models.architecture.block_type=simple_cls
training.mode=gml_rollout
models.out_dim=10
seed=2    avg_loss: 0.000000085223  time_per_window : 0.000265   progress : 0.502
name: models.architecture.block_type=simple_cls
training.mode=gml_rollout
models.out_dim=10
seed=2    avg_loss: 0.000000105455  time_per_window : 0.000255   progress : 0.513
name: models.architecture.block_type=simple_cls
training.mode=gml_rollout
models.out_dim=10
seed=2    avg_loss: 0.000000091159  time_per_window : 0.000267   progress : 0.524name: models.architecture.block_type=simple_cls
training.mode=gml_rollout
models.out_dim=10
seed=3    avg_loss: 0.000112628542  time_per_window : 0.000273   progress : 0.011
name: models.architecture.block_type=simple_cls
training.mode=gml_rollout
models.out_dim=10
seed=3    avg_loss: 0.000000760123  time_per_window : 0.000282   progress : 0.022
name: models.architecture.block_type=simple_cls
training.mode=gml_rollout
models.out_dim=10
seed=3    avg_loss: 0.000000441720  time_per_window : 0.000264   progress : 0.033
name: models.architecture.block_type=simple_cls
training.mode=gml_rollout
models.out_dim=10
seed=3    avg_loss: 0.000000332137  time_per_window : 0.000254   progress : 0.044
name: models.architecture.block_type=simple_cls
training.mode=gml_rollout
models.out_dim=10
seed=3    avg_loss: 0.000000261523  time_per_window : 0.000260   progress : 0.055
name: models.architecture.block_type=simple_cls
training.mode=gml_rollout
models.out_dim=10
seed=3    avg_loss: 0.000000218124  time_per_window : 0.000252   progress : 0.066
name: models.architecture.block_type=simple_cls
training.mode=gml_rollout
models.out_dim=10
seed=3    avg_loss: 0.000000187218  time_per_window : 0.000245   progress : 0.076
name: models.architecture.block_type=simple_cls
training.mode=gml_rollout
models.out_dim=10
seed=3    avg_loss: 0.000000163805  time_per_window : 0.000247   progress : 0.087
name: models.architecture.block_type=simple_cls
training.mode=gml_rollout
models.out_dim=10
seed=3    avg_loss: 0.000000146917  time_per_window : 0.000315   progress : 0.098
name: models.architecture.block_type=simple_cls
training.mode=gml_rollout
models.out_dim=10
seed=3    avg_loss: 0.000000137280  time_per_window : 0.000262   progress : 0.109
name: models.architecture.block_type=simple_cls
training.mode=gml_rollout
models.out_dim=10
seed=3    avg_loss: 0.000000122269  time_per_window : 0.000254   progress : 0.120
name: models.architecture.block_type=simple_cls
training.mode=gml_rollout
models.out_dim=10
seed=3    avg_loss: 0.000000112050  time_per_window : 0.000265   progress : 0.131
name: models.architecture.block_type=simple_cls
training.mode=gml_rollout
models.out_dim=10
seed=3    avg_loss: 0.000000106644  time_per_window : 0.000272   progress : 0.142
name: models.architecture.block_type=simple_cls
training.mode=gml_rollout
models.out_dim=10
seed=3    avg_loss: 0.000000097283  time_per_window : 0.000234   progress : 0.153
name: models.architecture.block_type=simple_cls
training.mode=gml_rollout
models.out_dim=10
seed=3    avg_loss: 0.000000093162  time_per_window : 0.000263   progress : 0.164
name: models.architecture.block_type=simple_cls
training.mode=gml_rollout
models.out_dim=10
seed=3    avg_loss: 0.000000082119  time_per_window : 0.000258   progress : 0.175
name: models.architecture.block_type=simple_cls
training.mode=gml_rollout
models.out_dim=10
seed=3    avg_loss: 0.000000081495  time_per_window : 0.000269   progress : 0.186
name: models.architecture.block_type=simple_cls
training.mode=gml_rollout
models.out_dim=10
seed=3    avg_loss: 0.000000074675  time_per_window : 0.000264   progress : 0.197
name: models.architecture.block_type=simple_cls
training.mode=gml_rollout
models.out_dim=10
seed=3    avg_loss: 0.000000074713  time_per_window : 0.000248   progress : 0.208
name: models.architecture.block_type=simple_cls
training.mode=gml_rollout
models.out_dim=10
seed=3    avg_loss: 0.000000072802  time_per_window : 0.000248   progress : 0.218
name: models.architecture.block_type=simple_cls
training.mode=gml_rollout
models.out_dim=10
seed=3    avg_loss: 0.000000077187  time_per_window : 0.000271   progress : 0.229
name: models.architecture.block_type=simple_cls
training.mode=gml_rollout
models.out_dim=10
seed=3    avg_loss: 0.000000090438  time_per_window : 0.000257   progress : 0.240
name: models.architecture.block_type=simple_cls
training.mode=gml_rollout
models.out_dim=10
seed=3    avg_loss: 0.000000082813  time_per_window : 0.000244   progress : 0.251
name: models.architecture.block_type=simple_cls
training.mode=gml_rollout
models.out_dim=10
seed=3    avg_loss: 0.000000134183  time_per_window : 0.000249   progress : 0.262
name: models.architecture.block_type=simple_cls
training.mode=gml_rollout
models.out_dim=10
seed=3    avg_loss: 0.000000077363  time_per_window : 0.000255   progress : 0.273
name: models.architecture.block_type=simple_cls
training.mode=gml_rollout
models.out_dim=10
seed=3    avg_loss: 0.000000111990  time_per_window : 0.000246   progress : 0.284
name: models.architecture.block_type=simple_cls
training.mode=gml_rollout
models.out_dim=10
seed=3    avg_loss: 0.000000124649  time_per_window : 0.000250   progress : 0.295
name: models.architecture.block_type=simple_cls
training.mode=gml_rollout
models.out_dim=10
seed=3    avg_loss: 0.000000090501  time_per_window : 0.000240   progress : 0.306
name: models.architecture.block_type=simple_cls
training.mode=gml_rollout
models.out_dim=10
seed=3    avg_loss: 0.000000103301  time_per_window : 0.000310   progress : 0.317
name: models.architecture.block_type=simple_cls
training.mode=gml_rollout
models.out_dim=10
seed=3    avg_loss: 0.000000104600  time_per_window : 0.000247   progress : 0.328
name: models.architecture.block_type=simple_cls
training.mode=gml_rollout
models.out_dim=10
seed=3    avg_loss: 0.000000124616  time_per_window : 0.000244   progress : 0.339
name: models.architecture.block_type=simple_cls
training.mode=gml_rollout
models.out_dim=10
seed=3    avg_loss: 0.000000134800  time_per_window : 0.000237   progress : 0.350
name: models.architecture.block_type=simple_cls
training.mode=gml_rollout
models.out_dim=10
seed=3    avg_loss: 0.000000113187  time_per_window : 0.000258   progress : 0.360
name: models.architecture.block_type=simple_cls
training.mode=gml_rollout
models.out_dim=10
seed=3    avg_loss: 0.000000112180  time_per_window : 0.000236   progress : 0.371
name: models.architecture.block_type=simple_cls
training.mode=gml_rollout
models.out_dim=10
seed=3    avg_loss: 0.000000117462  time_per_window : 0.000270   progress : 0.382
name: models.architecture.block_type=simple_cls
training.mode=gml_rollout
models.out_dim=10
seed=3    avg_loss: 0.000000130582  time_per_window : 0.000257   progress : 0.393
name: models.architecture.block_type=simple_cls
training.mode=gml_rollout
models.out_dim=10
seed=3    avg_loss: 0.000000118096  time_per_window : 0.000280   progress : 0.404
name: models.architecture.block_type=simple_cls
training.mode=gml_rollout
models.out_dim=10
seed=3    avg_loss: 0.000000120024  time_per_window : 0.000271   progress : 0.415
name: models.architecture.block_type=simple_cls
training.mode=gml_rollout
models.out_dim=10
seed=3    avg_loss: 0.000000106251  time_per_window : 0.000285   progress : 0.426
name: models.architecture.block_type=simple_cls
training.mode=gml_rollout
models.out_dim=10
seed=3    avg_loss: 0.000000112237  time_per_window : 0.000245   progress : 0.437
name: models.architecture.block_type=simple_cls
training.mode=gml_rollout
models.out_dim=10
seed=3    avg_loss: 0.000000128856  time_per_window : 0.000244   progress : 0.448
name: models.architecture.block_type=simple_cls
training.mode=gml_rollout
models.out_dim=10
seed=3    avg_loss: 0.000000103049  time_per_window : 0.000242   progress : 0.459
name: models.architecture.block_type=simple_cls
training.mode=gml_rollout
models.out_dim=10
seed=3    avg_loss: 0.000000122624  time_per_window : 0.000284   progress : 0.470
name: models.architecture.block_type=simple_cls
training.mode=gml_rollout
models.out_dim=10
seed=3    avg_loss: 0.000000109482  time_per_window : 0.000263   progress : 0.481
name: models.architecture.block_type=simple_cls
training.mode=gml_rollout
models.out_dim=10
seed=3    avg_loss: 0.000000107112  time_per_window : 0.000306   progress : 0.492
name: models.architecture.block_type=simple_cls
training.mode=gml_rollout
models.out_dim=10
seed=3    avg_loss: 0.000000114024  time_per_window : 0.000242   progress : 0.502
name: models.architecture.block_type=simple_cls
training.mode=gml_rollout
models.out_dim=10
seed=3    avg_loss: 0.000000112654  time_per_window : 0.000254   progress : 0.513
name: models.architecture.block_type=simple_cls
training.mode=gml_rollout
models.out_dim=10
seed=3    avg_loss: 0.000000089116  time_per_window : 0.000269   progress : 0.524name: models.architecture.block_type=simple_cls
training.mode=gml_rollout
models.out_dim=10
seed=0    avg_loss: 0.000282420893  time_per_window : 0.000239   progress : 0.011
name: models.architecture.block_type=simple_cls
training.mode=gml_rollout
models.out_dim=10
seed=0    avg_loss: 0.000000999840  time_per_window : 0.000254   progress : 0.022
name: models.architecture.block_type=simple_cls
training.mode=gml_rollout
models.out_dim=10
seed=0    avg_loss: 0.000000506883  time_per_window : 0.000277   progress : 0.033
name: models.architecture.block_type=simple_cls
training.mode=gml_rollout
models.out_dim=10
seed=0    avg_loss: 0.000000375947  time_per_window : 0.000267   progress : 0.044
name: models.architecture.block_type=simple_cls
training.mode=gml_rollout
models.out_dim=10
seed=0    avg_loss: 0.000000278127  time_per_window : 0.000241   progress : 0.055
name: models.architecture.block_type=simple_cls
training.mode=gml_rollout
models.out_dim=10
seed=0    avg_loss: 0.000000242702  time_per_window : 0.000275   progress : 0.066
name: models.architecture.block_type=simple_cls
training.mode=gml_rollout
models.out_dim=10
seed=0    avg_loss: 0.000000200632  time_per_window : 0.000255   progress : 0.076
name: models.architecture.block_type=simple_cls
training.mode=gml_rollout
models.out_dim=10
seed=0    avg_loss: 0.000000178873  time_per_window : 0.000286   progress : 0.087
name: models.architecture.block_type=simple_cls
training.mode=gml_rollout
models.out_dim=10
seed=0    avg_loss: 0.000000166659  time_per_window : 0.000295   progress : 0.098
name: models.architecture.block_type=simple_cls
training.mode=gml_rollout
models.out_dim=10
seed=0    avg_loss: 0.000000148816  time_per_window : 0.000266   progress : 0.109
name: models.architecture.block_type=simple_cls
training.mode=gml_rollout
models.out_dim=10
seed=0    avg_loss: 0.000000135428  time_per_window : 0.000268   progress : 0.120
name: models.architecture.block_type=simple_cls
training.mode=gml_rollout
models.out_dim=10
seed=0    avg_loss: 0.000000125009  time_per_window : 0.000271   progress : 0.131
name: models.architecture.block_type=simple_cls
training.mode=gml_rollout
models.out_dim=10
seed=0    avg_loss: 0.000000115812  time_per_window : 0.000258   progress : 0.142
name: models.architecture.block_type=simple_cls
training.mode=gml_rollout
models.out_dim=10
seed=0    avg_loss: 0.000000110378  time_per_window : 0.000256   progress : 0.153
name: models.architecture.block_type=simple_cls
training.mode=gml_rollout
models.out_dim=10
seed=0    avg_loss: 0.000000103991  time_per_window : 0.000261   progress : 0.164
name: models.architecture.block_type=simple_cls
training.mode=gml_rollout
models.out_dim=10
seed=0    avg_loss: 0.000000098155  time_per_window : 0.000259   progress : 0.175
name: models.architecture.block_type=simple_cls
training.mode=gml_rollout
models.out_dim=10
seed=0    avg_loss: 0.000000094256  time_per_window : 0.000282   progress : 0.186
name: models.architecture.block_type=simple_cls
training.mode=gml_rollout
models.out_dim=10
seed=0    avg_loss: 0.000000089018  time_per_window : 0.000256   progress : 0.197
name: models.architecture.block_type=simple_cls
training.mode=gml_rollout
models.out_dim=10
seed=0    avg_loss: 0.000000082559  time_per_window : 0.000248   progress : 0.208
name: models.architecture.block_type=simple_cls
training.mode=gml_rollout
models.out_dim=10
seed=0    avg_loss: 0.000000080335  time_per_window : 0.000292   progress : 0.218
name: models.architecture.block_type=simple_cls
training.mode=gml_rollout
models.out_dim=10
seed=0    avg_loss: 0.000000079046  time_per_window : 0.000252   progress : 0.229
name: models.architecture.block_type=simple_cls
training.mode=gml_rollout
models.out_dim=10
seed=0    avg_loss: 0.000000078067  time_per_window : 0.000265   progress : 0.240
name: models.architecture.block_type=simple_cls
training.mode=gml_rollout
models.out_dim=10
seed=0    avg_loss: 0.000000079031  time_per_window : 0.000267   progress : 0.251
name: models.architecture.block_type=simple_cls
training.mode=gml_rollout
models.out_dim=10
seed=0    avg_loss: 0.000000075431  time_per_window : 0.000257   progress : 0.262
name: models.architecture.block_type=simple_cls
training.mode=gml_rollout
models.out_dim=10
seed=0    avg_loss: 0.000000095520  time_per_window : 0.000292   progress : 0.273
name: models.architecture.block_type=simple_cls
training.mode=gml_rollout
models.out_dim=10
seed=0    avg_loss: 0.000000133369  time_per_window : 0.000282   progress : 0.284
name: models.architecture.block_type=simple_cls
training.mode=gml_rollout
models.out_dim=10
seed=0    avg_loss: 0.000000128843  time_per_window : 0.000255   progress : 0.295
name: models.architecture.block_type=simple_cls
training.mode=gml_rollout
models.out_dim=10
seed=0    avg_loss: 0.000000112335  time_per_window : 0.000256   progress : 0.306
name: models.architecture.block_type=simple_cls
training.mode=gml_rollout
models.out_dim=10
seed=0    avg_loss: 0.000000155983  time_per_window : 0.000289   progress : 0.317
name: models.architecture.block_type=simple_cls
training.mode=gml_rollout
models.out_dim=10
seed=0    avg_loss: 0.000000126769  time_per_window : 0.000254   progress : 0.328
name: models.architecture.block_type=simple_cls
training.mode=gml_rollout
models.out_dim=10
seed=0    avg_loss: 0.000000111153  time_per_window : 0.000251   progress : 0.339
name: models.architecture.block_type=simple_cls
training.mode=gml_rollout
models.out_dim=10
seed=0    avg_loss: 0.000000147161  time_per_window : 0.000276   progress : 0.350
name: models.architecture.block_type=simple_cls
training.mode=gml_rollout
models.out_dim=10
seed=0    avg_loss: 0.000000107890  time_per_window : 0.000257   progress : 0.360
name: models.architecture.block_type=simple_cls
training.mode=gml_rollout
models.out_dim=10
seed=0    avg_loss: 0.000000159423  time_per_window : 0.000248   progress : 0.371
name: models.architecture.block_type=simple_cls
training.mode=gml_rollout
models.out_dim=10
seed=0    avg_loss: 0.000000148879  time_per_window : 0.000300   progress : 0.382
name: models.architecture.block_type=simple_cls
training.mode=gml_rollout
models.out_dim=10
seed=0    avg_loss: 0.000000104527  time_per_window : 0.000259   progress : 0.393
name: models.architecture.block_type=simple_cls
training.mode=gml_rollout
models.out_dim=10
seed=0    avg_loss: 0.000000143518  time_per_window : 0.000258   progress : 0.404
name: models.architecture.block_type=simple_cls
training.mode=gml_rollout
models.out_dim=10
seed=0    avg_loss: 0.000000110162  time_per_window : 0.000260   progress : 0.415
name: models.architecture.block_type=simple_cls
training.mode=gml_rollout
models.out_dim=10
seed=0    avg_loss: 0.000000154171  time_per_window : 0.000245   progress : 0.426
name: models.architecture.block_type=simple_cls
training.mode=gml_rollout
models.out_dim=10
seed=0    avg_loss: 0.000000122751  time_per_window : 0.000283   progress : 0.437
name: models.architecture.block_type=simple_cls
training.mode=gml_rollout
models.out_dim=10
seed=0    avg_loss: 0.000000124920  time_per_window : 0.000283   progress : 0.448
name: models.architecture.block_type=simple_cls
training.mode=gml_rollout
models.out_dim=10
seed=0    avg_loss: 0.000000136865  time_per_window : 0.000236   progress : 0.459
name: models.architecture.block_type=simple_cls
training.mode=gml_rollout
models.out_dim=10
seed=0    avg_loss: 0.000000130373  time_per_window : 0.000287   progress : 0.470
name: models.architecture.block_type=simple_cls
training.mode=gml_rollout
models.out_dim=10
seed=0    avg_loss: 0.000000120613  time_per_window : 0.000256   progress : 0.481
name: models.architecture.block_type=simple_cls
training.mode=gml_rollout
models.out_dim=10
seed=0    avg_loss: 0.000000124537  time_per_window : 0.000282   progress : 0.492
name: models.architecture.block_type=simple_cls
training.mode=gml_rollout
models.out_dim=10
seed=0    avg_loss: 0.000000136103  time_per_window : 0.000265   progress : 0.502
name: models.architecture.block_type=simple_cls
training.mode=gml_rollout
models.out_dim=10
seed=0    avg_loss: 0.000000129874  time_per_window : 0.000248   progress : 0.513
name: models.architecture.block_type=simple_cls
training.mode=gml_rollout
models.out_dim=10
seed=0    avg_loss: 0.000000098967  time_per_window : 0.000266   progress : 0.524name: models.architecture.block_type=simple_cls
training.mode=gml_rollout
models.out_dim=10
seed=1    avg_loss: 0.000133356443  time_per_window : 0.000253   progress : 0.011
name: models.architecture.block_type=simple_cls
training.mode=gml_rollout
models.out_dim=10
seed=1    avg_loss: 0.000001046291  time_per_window : 0.000285   progress : 0.022
name: models.architecture.block_type=simple_cls
training.mode=gml_rollout
models.out_dim=10
seed=1    avg_loss: 0.000000479378  time_per_window : 0.000253   progress : 0.033
name: models.architecture.block_type=simple_cls
training.mode=gml_rollout
models.out_dim=10
seed=1    avg_loss: 0.000000327781  time_per_window : 0.000257   progress : 0.044
name: models.architecture.block_type=simple_cls
training.mode=gml_rollout
models.out_dim=10
seed=1    avg_loss: 0.000000259410  time_per_window : 0.000254   progress : 0.055
name: models.architecture.block_type=simple_cls
training.mode=gml_rollout
models.out_dim=10
seed=1    avg_loss: 0.000000216009  time_per_window : 0.000247   progress : 0.066
name: models.architecture.block_type=simple_cls
training.mode=gml_rollout
models.out_dim=10
seed=1    avg_loss: 0.000000182022  time_per_window : 0.000269   progress : 0.076
name: models.architecture.block_type=simple_cls
training.mode=gml_rollout
models.out_dim=10
seed=1    avg_loss: 0.000000161935  time_per_window : 0.000253   progress : 0.087
name: models.architecture.block_type=simple_cls
training.mode=gml_rollout
models.out_dim=10
seed=1    avg_loss: 0.000000144681  time_per_window : 0.000280   progress : 0.098
name: models.architecture.block_type=simple_cls
training.mode=gml_rollout
models.out_dim=10
seed=1    avg_loss: 0.000000131526  time_per_window : 0.000252   progress : 0.109
name: models.architecture.block_type=simple_cls
training.mode=gml_rollout
models.out_dim=10
seed=1    avg_loss: 0.000000119849  time_per_window : 0.000287   progress : 0.120
name: models.architecture.block_type=simple_cls
training.mode=gml_rollout
models.out_dim=10
seed=1    avg_loss: 0.000000109809  time_per_window : 0.000309   progress : 0.131
name: models.architecture.block_type=simple_cls
training.mode=gml_rollout
models.out_dim=10
seed=1    avg_loss: 0.000000103622  time_per_window : 0.000252   progress : 0.142
name: models.architecture.block_type=simple_cls
training.mode=gml_rollout
models.out_dim=10
seed=1    avg_loss: 0.000000098859  time_per_window : 0.000253   progress : 0.153
name: models.architecture.block_type=simple_cls
training.mode=gml_rollout
models.out_dim=10
seed=1    avg_loss: 0.000000094932  time_per_window : 0.000275   progress : 0.164
name: models.architecture.block_type=simple_cls
training.mode=gml_rollout
models.out_dim=10
seed=1    avg_loss: 0.000000084982  time_per_window : 0.000253   progress : 0.175
name: models.architecture.block_type=simple_cls
training.mode=gml_rollout
models.out_dim=10
seed=1    avg_loss: 0.000000080735  time_per_window : 0.000248   progress : 0.186
name: models.architecture.block_type=simple_cls
training.mode=gml_rollout
models.out_dim=10
seed=1    avg_loss: 0.000000095279  time_per_window : 0.000257   progress : 0.197
name: models.architecture.block_type=simple_cls
training.mode=gml_rollout
models.out_dim=10
seed=1    avg_loss: 0.000000095794  time_per_window : 0.000248   progress : 0.208
name: models.architecture.block_type=simple_cls
training.mode=gml_rollout
models.out_dim=10
seed=1    avg_loss: 0.000000129781  time_per_window : 0.000251   progress : 0.218
name: models.architecture.block_type=simple_cls
training.mode=gml_rollout
models.out_dim=10
seed=1    avg_loss: 0.000000104650  time_per_window : 0.000271   progress : 0.229
name: models.architecture.block_type=simple_cls
training.mode=gml_rollout
models.out_dim=10
seed=1    avg_loss: 0.000000122119  time_per_window : 0.000306   progress : 0.240
name: models.architecture.block_type=simple_cls
training.mode=gml_rollout
models.out_dim=10
seed=1    avg_loss: 0.000000130993  time_per_window : 0.000256   progress : 0.251
name: models.architecture.block_type=simple_cls
training.mode=gml_rollout
models.out_dim=10
seed=1    avg_loss: 0.000000111801  time_per_window : 0.000258   progress : 0.262
name: models.architecture.block_type=simple_cls
training.mode=gml_rollout
models.out_dim=10
seed=1    avg_loss: 0.000000140532  time_per_window : 0.000323   progress : 0.273
name: models.architecture.block_type=simple_cls
training.mode=gml_rollout
models.out_dim=10
seed=1    avg_loss: 0.000000112279  time_per_window : 0.000279   progress : 0.284
name: models.architecture.block_type=simple_cls
training.mode=gml_rollout
models.out_dim=10
seed=1    avg_loss: 0.000000166837  time_per_window : 0.000260   progress : 0.295
name: models.architecture.block_type=simple_cls
training.mode=gml_rollout
models.out_dim=10
seed=1    avg_loss: 0.000000089142  time_per_window : 0.000278   progress : 0.306
name: models.architecture.block_type=simple_cls
training.mode=gml_rollout
models.out_dim=10
seed=1    avg_loss: 0.000000149279  time_per_window : 0.000292   progress : 0.317
name: models.architecture.block_type=simple_cls
training.mode=gml_rollout
models.out_dim=10
seed=1    avg_loss: 0.000000139247  time_per_window : 0.000244   progress : 0.328
name: models.architecture.block_type=simple_cls
training.mode=gml_rollout
models.out_dim=10
seed=1    avg_loss: 0.000000116620  time_per_window : 0.000288   progress : 0.339
name: models.architecture.block_type=simple_cls
training.mode=gml_rollout
models.out_dim=10
seed=1    avg_loss: 0.000000128728  time_per_window : 0.000294   progress : 0.350
name: models.architecture.block_type=simple_cls
training.mode=gml_rollout
models.out_dim=10
seed=1    avg_loss: 0.000000114113  time_per_window : 0.000266   progress : 0.360
name: models.architecture.block_type=simple_cls
training.mode=gml_rollout
models.out_dim=10
seed=1    avg_loss: 0.000000124775  time_per_window : 0.000285   progress : 0.371
name: models.architecture.block_type=simple_cls
training.mode=gml_rollout
models.out_dim=10
seed=1    avg_loss: 0.000000115858  time_per_window : 0.000283   progress : 0.382
name: models.architecture.block_type=simple_cls
training.mode=gml_rollout
models.out_dim=10
seed=1    avg_loss: 0.000000157505  time_per_window : 0.000287   progress : 0.393
name: models.architecture.block_type=simple_cls
training.mode=gml_rollout
models.out_dim=10
seed=1    avg_loss: 0.000000107692  time_per_window : 0.000247   progress : 0.404
name: models.architecture.block_type=simple_cls
training.mode=gml_rollout
models.out_dim=10
seed=1    avg_loss: 0.000000131066  time_per_window : 0.000253   progress : 0.415
name: models.architecture.block_type=simple_cls
training.mode=gml_rollout
models.out_dim=10
seed=1    avg_loss: 0.000000107584  time_per_window : 0.000255   progress : 0.426
name: models.architecture.block_type=simple_cls
training.mode=gml_rollout
models.out_dim=10
seed=1    avg_loss: 0.000000118903  time_per_window : 0.000254   progress : 0.437
name: models.architecture.block_type=simple_cls
training.mode=gml_rollout
models.out_dim=10
seed=1    avg_loss: 0.000000127830  time_per_window : 0.000272   progress : 0.448
name: models.architecture.block_type=simple_cls
training.mode=gml_rollout
models.out_dim=10
seed=1    avg_loss: 0.000000102202  time_per_window : 0.000250   progress : 0.459
name: models.architecture.block_type=simple_cls
training.mode=gml_rollout
models.out_dim=10
seed=1    avg_loss: 0.000000122731  time_per_window : 0.000252   progress : 0.470
name: models.architecture.block_type=simple_cls
training.mode=gml_rollout
models.out_dim=10
seed=1    avg_loss: 0.000000099364  time_per_window : 0.000287   progress : 0.481
name: models.architecture.block_type=simple_cls
training.mode=gml_rollout
models.out_dim=10
seed=1    avg_loss: 0.000000140861  time_per_window : 0.000251   progress : 0.492
name: models.architecture.block_type=simple_cls
training.mode=gml_rollout
models.out_dim=10
seed=1    avg_loss: 0.000000094573  time_per_window : 0.000283   progress : 0.502
name: models.architecture.block_type=simple_cls
training.mode=gml_rollout
models.out_dim=10
seed=1    avg_loss: 0.000000114745  time_per_window : 0.000258   progress : 0.513
name: models.architecture.block_type=simple_cls
training.mode=gml_rollout
models.out_dim=10
seed=1    avg_loss: 0.000000104795  time_per_window : 0.000264   progress : 0.524name: models.architecture.block_type=simple_cls
training.mode=gml_rollout
models.out_dim=10
seed=4    avg_loss: 0.000123741382  time_per_window : 0.000281   progress : 0.011
name: models.architecture.block_type=simple_cls
training.mode=gml_rollout
models.out_dim=10
seed=4    avg_loss: 0.000000738454  time_per_window : 0.000276   progress : 0.022
name: models.architecture.block_type=simple_cls
training.mode=gml_rollout
models.out_dim=10
seed=4    avg_loss: 0.000000357145  time_per_window : 0.000247   progress : 0.033
name: models.architecture.block_type=simple_cls
training.mode=gml_rollout
models.out_dim=10
seed=4    avg_loss: 0.000000261438  time_per_window : 0.000277   progress : 0.044
name: models.architecture.block_type=simple_cls
training.mode=gml_rollout
models.out_dim=10
seed=4    avg_loss: 0.000000207249  time_per_window : 0.000265   progress : 0.055
name: models.architecture.block_type=simple_cls
training.mode=gml_rollout
models.out_dim=10
seed=4    avg_loss: 0.000000184951  time_per_window : 0.000252   progress : 0.066
name: models.architecture.block_type=simple_cls
training.mode=gml_rollout
models.out_dim=10
seed=4    avg_loss: 0.000000158352  time_per_window : 0.000289   progress : 0.076
name: models.architecture.block_type=simple_cls
training.mode=gml_rollout
models.out_dim=10
seed=4    avg_loss: 0.000000145740  time_per_window : 0.000263   progress : 0.087
name: models.architecture.block_type=simple_cls
training.mode=gml_rollout
models.out_dim=10
seed=4    avg_loss: 0.000000135933  time_per_window : 0.000253   progress : 0.098
name: models.architecture.block_type=simple_cls
training.mode=gml_rollout
models.out_dim=10
seed=4    avg_loss: 0.000000127544  time_per_window : 0.000263   progress : 0.109
name: models.architecture.block_type=simple_cls
training.mode=gml_rollout
models.out_dim=10
seed=4    avg_loss: 0.000000115594  time_per_window : 0.000256   progress : 0.120
name: models.architecture.block_type=simple_cls
training.mode=gml_rollout
models.out_dim=10
seed=4    avg_loss: 0.000000105994  time_per_window : 0.000256   progress : 0.131
name: models.architecture.block_type=simple_cls
training.mode=gml_rollout
models.out_dim=10
seed=4    avg_loss: 0.000000100494  time_per_window : 0.000257   progress : 0.142
name: models.architecture.block_type=simple_cls
training.mode=gml_rollout
models.out_dim=10
seed=4    avg_loss: 0.000000096072  time_per_window : 0.000277   progress : 0.153
name: models.architecture.block_type=simple_cls
training.mode=gml_rollout
models.out_dim=10
seed=4    avg_loss: 0.000000087623  time_per_window : 0.000296   progress : 0.164
name: models.architecture.block_type=simple_cls
training.mode=gml_rollout
models.out_dim=10
seed=4    avg_loss: 0.000000086489  time_per_window : 0.000265   progress : 0.175
name: models.architecture.block_type=simple_cls
training.mode=gml_rollout
models.out_dim=10
seed=4    avg_loss: 0.000000085796  time_per_window : 0.000249   progress : 0.186
name: models.architecture.block_type=simple_cls
training.mode=gml_rollout
models.out_dim=10
seed=4    avg_loss: 0.000000082526  time_per_window : 0.000258   progress : 0.197
name: models.architecture.block_type=simple_cls
training.mode=gml_rollout
models.out_dim=10
seed=4    avg_loss: 0.000000077546  time_per_window : 0.000245   progress : 0.208
name: models.architecture.block_type=simple_cls
training.mode=gml_rollout
models.out_dim=10
seed=4    avg_loss: 0.000000080055  time_per_window : 0.000263   progress : 0.218
name: models.architecture.block_type=simple_cls
training.mode=gml_rollout
models.out_dim=10
seed=4    avg_loss: 0.000000109897  time_per_window : 0.000299   progress : 0.229
name: models.architecture.block_type=simple_cls
training.mode=gml_rollout
models.out_dim=10
seed=4    avg_loss: 0.000000099398  time_per_window : 0.000274   progress : 0.240
name: models.architecture.block_type=simple_cls
training.mode=gml_rollout
models.out_dim=10
seed=4    avg_loss: 0.000000107596  time_per_window : 0.000265   progress : 0.251
name: models.architecture.block_type=simple_cls
training.mode=gml_rollout
models.out_dim=10
seed=4    avg_loss: 0.000000109392  time_per_window : 0.000257   progress : 0.262
name: models.architecture.block_type=simple_cls
training.mode=gml_rollout
models.out_dim=10
seed=4    avg_loss: 0.000000102528  time_per_window : 0.000287   progress : 0.273
name: models.architecture.block_type=simple_cls
training.mode=gml_rollout
models.out_dim=10
seed=4    avg_loss: 0.000000115870  time_per_window : 0.000248   progress : 0.284
name: models.architecture.block_type=simple_cls
training.mode=gml_rollout
models.out_dim=10
seed=4    avg_loss: 0.000000128989  time_per_window : 0.000260   progress : 0.295
name: models.architecture.block_type=simple_cls
training.mode=gml_rollout
models.out_dim=10
seed=4    avg_loss: 0.000000097555  time_per_window : 0.000261   progress : 0.306
name: models.architecture.block_type=simple_cls
training.mode=gml_rollout
models.out_dim=10
seed=4    avg_loss: 0.000000103402  time_per_window : 0.000254   progress : 0.317
name: models.architecture.block_type=simple_cls
training.mode=gml_rollout
models.out_dim=10
seed=4    avg_loss: 0.000000126364  time_per_window : 0.000271   progress : 0.328
name: models.architecture.block_type=simple_cls
training.mode=gml_rollout
models.out_dim=10
seed=4    avg_loss: 0.000000115691  time_per_window : 0.000268   progress : 0.339
name: models.architecture.block_type=simple_cls
training.mode=gml_rollout
models.out_dim=10
seed=4    avg_loss: 0.000000100821  time_per_window : 0.000288   progress : 0.350
name: models.architecture.block_type=simple_cls
training.mode=gml_rollout
models.out_dim=10
seed=4    avg_loss: 0.000000108291  time_per_window : 0.000258   progress : 0.360
name: models.architecture.block_type=simple_cls
training.mode=gml_rollout
models.out_dim=10
seed=4    avg_loss: 0.000000105089  time_per_window : 0.000329   progress : 0.371
name: models.architecture.block_type=simple_cls
training.mode=gml_rollout
models.out_dim=10
seed=4    avg_loss: 0.000000117730  time_per_window : 0.000271   progress : 0.382
name: models.architecture.block_type=simple_cls
training.mode=gml_rollout
models.out_dim=10
seed=4    avg_loss: 0.000000125739  time_per_window : 0.000264   progress : 0.393
name: models.architecture.block_type=simple_cls
training.mode=gml_rollout
models.out_dim=10
seed=4    avg_loss: 0.000000113224  time_per_window : 0.000252   progress : 0.404
name: models.architecture.block_type=simple_cls
training.mode=gml_rollout
models.out_dim=10
seed=4    avg_loss: 0.000000093619  time_per_window : 0.000273   progress : 0.415
name: models.architecture.block_type=simple_cls
training.mode=gml_rollout
models.out_dim=10
seed=4    avg_loss: 0.000000109854  time_per_window : 0.000262   progress : 0.426
name: models.architecture.block_type=simple_cls
training.mode=gml_rollout
models.out_dim=10
seed=4    avg_loss: 0.000000109928  time_per_window : 0.000272   progress : 0.437
name: models.architecture.block_type=simple_cls
training.mode=gml_rollout
models.out_dim=10
seed=4    avg_loss: 0.000000117376  time_per_window : 0.000255   progress : 0.448
name: models.architecture.block_type=simple_cls
training.mode=gml_rollout
models.out_dim=10
seed=4    avg_loss: 0.000000107098  time_per_window : 0.000261   progress : 0.459
name: models.architecture.block_type=simple_cls
training.mode=gml_rollout
models.out_dim=10
seed=4    avg_loss: 0.000000097848  time_per_window : 0.000269   progress : 0.470
name: models.architecture.block_type=simple_cls
training.mode=gml_rollout
models.out_dim=10
seed=4    avg_loss: 0.000000096012  time_per_window : 0.000249   progress : 0.481
name: models.architecture.block_type=simple_cls
training.mode=gml_rollout
models.out_dim=10
seed=4    avg_loss: 0.000000117126  time_per_window : 0.000293   progress : 0.492
name: models.architecture.block_type=simple_cls
training.mode=gml_rollout
models.out_dim=10
seed=4    avg_loss: 0.000000095989  time_per_window : 0.000262   progress : 0.502
name: models.architecture.block_type=simple_cls
training.mode=gml_rollout
models.out_dim=10
seed=4    avg_loss: 0.000000110366  time_per_window : 0.000256   progress : 0.513
name: models.architecture.block_type=simple_cls
training.mode=gml_rollout
models.out_dim=10
seed=4    avg_loss: 0.000000084725  time_per_window : 0.000304   progress : 0.524/home/jdihardjo/miniconda3/envs/mavenv/lib/python3.11/site-packages/torch/_inductor/cudagraph_trees.py:2622: UserWarning: Unable to hit fast path of CUDAGraphs because outputs from a previous step still require backward. Ensure backward() is invoked or detach outputs. You may also call torch.compiler.cudagraph_mark_step_begin() before each model invocation.
  warnings.warn(
/home/jdihardjo/miniconda3/envs/mavenv/lib/python3.11/site-packages/torch/_inductor/cudagraph_trees.py:2622: UserWarning: Unable to hit fast path of CUDAGraphs because outputs from a previous step still require backward. Ensure backward() is invoked or detach outputs. You may also call torch.compiler.cudagraph_mark_step_begin() before each model invocation.
  warnings.warn(
/home/jdihardjo/miniconda3/envs/mavenv/lib/python3.11/site-packages/torch/_inductor/cudagraph_trees.py:2622: UserWarning: Unable to hit fast path of CUDAGraphs because outputs from a previous step still require backward. Ensure backward() is invoked or detach outputs. You may also call torch.compiler.cudagraph_mark_step_begin() before each model invocation.
  warnings.warn(
/home/jdihardjo/miniconda3/envs/mavenv/lib/python3.11/site-packages/torch/_inductor/cudagraph_trees.py:2622: UserWarning: Unable to hit fast path of CUDAGraphs because outputs from a previous step still require backward. Ensure backward() is invoked or detach outputs. You may also call torch.compiler.cudagraph_mark_step_begin() before each model invocation.
  warnings.warn(
/home/jdihardjo/miniconda3/envs/mavenv/lib/python3.11/site-packages/torch/_inductor/cudagraph_trees.py:2622: UserWarning: Unable to hit fast path of CUDAGraphs because outputs from a previous step still require backward. Ensure backward() is invoked or detach outputs. You may also call torch.compiler.cudagraph_mark_step_begin() before each model invocation.
  warnings.warn(
/home/jdihardjo/miniconda3/envs/mavenv/lib/python3.11/site-packages/torch/_inductor/cudagraph_trees.py:2622: UserWarning: Unable to hit fast path of CUDAGraphs because outputs from a previous step still require backward. Ensure backward() is invoked or detach outputs. You may also call torch.compiler.cudagraph_mark_step_begin() before each model invocation.
  warnings.warn(
/home/jdihardjo/miniconda3/envs/mavenv/lib/python3.11/site-packages/torch/_inductor/cudagraph_trees.py:2622: UserWarning: Unable to hit fast path of CUDAGraphs because outputs from a previous step still require backward. Ensure backward() is invoked or detach outputs. You may also call torch.compiler.cudagraph_mark_step_begin() before each model invocation.
  warnings.warn(
/home/jdihardjo/miniconda3/envs/mavenv/lib/python3.11/site-packages/torch/_inductor/cudagraph_trees.py:2622: UserWarning: Unable to hit fast path of CUDAGraphs because outputs from a previous step still require backward. Ensure backward() is invoked or detach outputs. You may also call torch.compiler.cudagraph_mark_step_begin() before each model invocation.
  warnings.warn(
/home/jdihardjo/miniconda3/envs/mavenv/lib/python3.11/site-packages/torch/_inductor/cudagraph_trees.py:2622: UserWarning: Unable to hit fast path of CUDAGraphs because outputs from a previous step still require backward. Ensure backward() is invoked or detach outputs. You may also call torch.compiler.cudagraph_mark_step_begin() before each model invocation.
  warnings.warn(
/home/jdihardjo/miniconda3/envs/mavenv/lib/python3.11/site-packages/torch/_inductor/cudagraph_trees.py:2622: UserWarning: Unable to hit fast path of CUDAGraphs because outputs from a previous step still require backward. Ensure backward() is invoked or detach outputs. You may also call torch.compiler.cudagraph_mark_step_begin() before each model invocation.
  warnings.warn(

name: models.architecture.block_type=simple_cls
training.mode=gml_rollout
models.out_dim=10
seed=2    avg_loss: 0.000000082048  time_per_window : 0.000273   progress : 0.535
name: models.architecture.block_type=simple_cls
training.mode=gml_rollout
models.out_dim=10
seed=2    avg_loss: 0.000000109526  time_per_window : 0.000252   progress : 0.546
name: models.architecture.block_type=simple_cls
training.mode=gml_rollout
models.out_dim=10
seed=2    avg_loss: 0.000000075125  time_per_window : 0.000265   progress : 0.557
name: models.architecture.block_type=simple_cls
training.mode=gml_rollout
models.out_dim=10
seed=2    avg_loss: 0.000000083358  time_per_window : 0.000260   progress : 0.568
name: models.architecture.block_type=simple_cls
training.mode=gml_rollout
models.out_dim=10
seed=2    avg_loss: 0.000000102167  time_per_window : 0.000264   progress : 0.579
name: models.architecture.block_type=simple_cls
training.mode=gml_rollout
models.out_dim=10
seed=2    avg_loss: 0.000000070649  time_per_window : 0.000270   progress : 0.590
name: models.architecture.block_type=simple_cls
training.mode=gml_rollout
models.out_dim=10
seed=2    avg_loss: 0.000000083152  time_per_window : 0.000284   progress : 0.601
name: models.architecture.block_type=simple_cls
training.mode=gml_rollout
models.out_dim=10
seed=2    avg_loss: 0.000000084185  time_per_window : 0.000256   progress : 0.612
name: models.architecture.block_type=simple_cls
training.mode=gml_rollout
models.out_dim=10
seed=2    avg_loss: 0.000000072135  time_per_window : 0.000247   progress : 0.623
name: models.architecture.block_type=simple_cls
training.mode=gml_rollout
models.out_dim=10
seed=2    avg_loss: 0.000000074442  time_per_window : 0.000250   progress : 0.634
name: models.architecture.block_type=simple_cls
training.mode=gml_rollout
models.out_dim=10
seed=2    avg_loss: 0.000000084034  time_per_window : 0.000296   progress : 0.644
name: models.architecture.block_type=simple_cls
training.mode=gml_rollout
models.out_dim=10
seed=2    avg_loss: 0.000000078711  time_per_window : 0.000268   progress : 0.655
name: models.architecture.block_type=simple_cls
training.mode=gml_rollout
models.out_dim=10
seed=2    avg_loss: 0.000000074275  time_per_window : 0.000250   progress : 0.666
name: models.architecture.block_type=simple_cls
training.mode=gml_rollout
models.out_dim=10
seed=2    avg_loss: 0.000000076720  time_per_window : 0.000265   progress : 0.677
name: models.architecture.block_type=simple_cls
training.mode=gml_rollout
models.out_dim=10
seed=2    avg_loss: 0.000000073401  time_per_window : 0.000268   progress : 0.688
name: models.architecture.block_type=simple_cls
training.mode=gml_rollout
models.out_dim=10
seed=2    avg_loss: 0.000000076333  time_per_window : 0.000262   progress : 0.699
name: models.architecture.block_type=simple_cls
training.mode=gml_rollout
models.out_dim=10
seed=2    avg_loss: 0.000000070437  time_per_window : 0.000284   progress : 0.710
name: models.architecture.block_type=simple_cls
training.mode=gml_rollout
models.out_dim=10
seed=2    avg_loss: 0.000000078803  time_per_window : 0.000279   progress : 0.721
name: models.architecture.block_type=simple_cls
training.mode=gml_rollout
models.out_dim=10
seed=2    avg_loss: 0.000000074541  time_per_window : 0.000260   progress : 0.732
name: models.architecture.block_type=simple_cls
training.mode=gml_rollout
models.out_dim=10
seed=2    avg_loss: 0.000000068373  time_per_window : 0.000254   progress : 0.743
name: models.architecture.block_type=simple_cls
training.mode=gml_rollout
models.out_dim=10
seed=2    avg_loss: 0.000000070783  time_per_window : 0.000295   progress : 0.754
name: models.architecture.block_type=simple_cls
training.mode=gml_rollout
models.out_dim=10
seed=2    avg_loss: 0.000000063775  time_per_window : 0.000275   progress : 0.765
name: models.architecture.block_type=simple_cls
training.mode=gml_rollout
models.out_dim=10
seed=2    avg_loss: 0.000000069573  time_per_window : 0.000268   progress : 0.775
name: models.architecture.block_type=simple_cls
training.mode=gml_rollout
models.out_dim=10
seed=2    avg_loss: 0.000000071773  time_per_window : 0.000276   progress : 0.786
name: models.architecture.block_type=simple_cls
training.mode=gml_rollout
models.out_dim=10
seed=2    avg_loss: 0.000000065879  time_per_window : 0.000292   progress : 0.797
name: models.architecture.block_type=simple_cls
training.mode=gml_rollout
models.out_dim=10
seed=2    avg_loss: 0.000000059486  time_per_window : 0.000301   progress : 0.808
name: models.architecture.block_type=simple_cls
training.mode=gml_rollout
models.out_dim=10
seed=2    avg_loss: 0.000000065378  time_per_window : 0.000285   progress : 0.819
name: models.architecture.block_type=simple_cls
training.mode=gml_rollout
models.out_dim=10
seed=2    avg_loss: 0.000000068202  time_per_window : 0.000272   progress : 0.830
name: models.architecture.block_type=simple_cls
training.mode=gml_rollout
models.out_dim=10
seed=2    avg_loss: 0.000000052577  time_per_window : 0.000238   progress : 0.841
name: models.architecture.block_type=simple_cls
training.mode=gml_rollout
models.out_dim=10
seed=2    avg_loss: 0.000000069523  time_per_window : 0.000250   progress : 0.852
name: models.architecture.block_type=simple_cls
training.mode=gml_rollout
models.out_dim=10
seed=2    avg_loss: 0.000000062133  time_per_window : 0.000265   progress : 0.863
name: models.architecture.block_type=simple_cls
training.mode=gml_rollout
models.out_dim=10
seed=2    avg_loss: 0.000000056428  time_per_window : 0.000279   progress : 0.874
name: models.architecture.block_type=simple_cls
training.mode=gml_rollout
models.out_dim=10
seed=2    avg_loss: 0.000000060921  time_per_window : 0.000233   progress : 0.885
name: models.architecture.block_type=simple_cls
training.mode=gml_rollout
models.out_dim=10
seed=2    avg_loss: 0.000000053118  time_per_window : 0.000232   progress : 0.896
name: models.architecture.block_type=simple_cls
training.mode=gml_rollout
models.out_dim=10
seed=2    avg_loss: 0.000000059213  time_per_window : 0.000224   progress : 0.907
name: models.architecture.block_type=simple_cls
training.mode=gml_rollout
models.out_dim=10
seed=2    avg_loss: 0.000000061600  time_per_window : 0.000239   progress : 0.917
name: models.architecture.block_type=simple_cls
training.mode=gml_rollout
models.out_dim=10
seed=2    avg_loss: 0.000000054462  time_per_window : 0.000246   progress : 0.928
name: models.architecture.block_type=simple_cls
training.mode=gml_rollout
models.out_dim=10
seed=2    avg_loss: 0.000000061446  time_per_window : 0.000234   progress : 0.939
name: models.architecture.block_type=simple_cls
training.mode=gml_rollout
models.out_dim=10
seed=2    avg_loss: 0.000000058656  time_per_window : 0.000249   progress : 0.950
name: models.architecture.block_type=simple_cls
training.mode=gml_rollout
models.out_dim=10
seed=2    avg_loss: 0.000000055074  time_per_window : 0.000271   progress : 0.961
name: models.architecture.block_type=simple_cls
training.mode=gml_rollout
models.out_dim=10
seed=2    avg_loss: 0.000000054530  time_per_window : 0.000218   progress : 0.972
name: models.architecture.block_type=simple_cls
training.mode=gml_rollout
models.out_dim=10
seed=2    avg_loss: 0.000000051791  time_per_window : 0.000170   progress : 0.983
name: models.architecture.block_type=simple_cls
training.mode=gml_rollout
models.out_dim=10
seed=2    avg_loss: 0.000000054458  time_per_window : 0.000460   progress : 0.994
name: models.architecture.block_type=simple_cls
training.mode=gml_rollout
models.out_dim=10
seed=2    avg_loss: 0.000000145285  time_per_window : 0.000309   progress : 0.011
name: models.architecture.block_type=simple_cls
training.mode=gml_rollout
models.out_dim=10
seed=2    avg_loss: 0.000000045538  time_per_window : 0.000296   progress : 0.022
name: models.architecture.block_type=simple_cls
training.mode=gml_rollout
models.out_dim=10
seed=2    avg_loss: 0.000000049656  time_per_window : 0.000311   progress : 0.033
name: models.architecture.block_type=simple_cls
training.mode=gml_rollout
models.out_dim=10
seed=2    avg_loss: 0.000000051330  time_per_window : 0.000259   progress : 0.044
name: models.architecture.block_type=simple_cls
training.mode=gml_rollout
models.out_dim=10
seed=2    avg_loss: 0.000000054530  time_per_window : 0.000251   progress : 0.055
name: models.architecture.block_type=simple_cls
training.mode=gml_rollout
models.out_dim=10
seed=3    avg_loss: 0.000000106415  time_per_window : 0.000268   progress : 0.535
name: models.architecture.block_type=simple_cls
training.mode=gml_rollout
models.out_dim=10
seed=3    avg_loss: 0.000000115722  time_per_window : 0.000252   progress : 0.546
name: models.architecture.block_type=simple_cls
training.mode=gml_rollout
models.out_dim=10
seed=3    avg_loss: 0.000000092533  time_per_window : 0.000248   progress : 0.557
name: models.architecture.block_type=simple_cls
training.mode=gml_rollout
models.out_dim=10
seed=3    avg_loss: 0.000000096547  time_per_window : 0.000245   progress : 0.568
name: models.architecture.block_type=simple_cls
training.mode=gml_rollout
models.out_dim=10
seed=3    avg_loss: 0.000000096232  time_per_window : 0.000281   progress : 0.579
name: models.architecture.block_type=simple_cls
training.mode=gml_rollout
models.out_dim=10
seed=3    avg_loss: 0.000000104181  time_per_window : 0.000256   progress : 0.590
name: models.architecture.block_type=simple_cls
training.mode=gml_rollout
models.out_dim=10
seed=3    avg_loss: 0.000000081487  time_per_window : 0.000257   progress : 0.601
name: models.architecture.block_type=simple_cls
training.mode=gml_rollout
models.out_dim=10
seed=3    avg_loss: 0.000000092817  time_per_window : 0.000268   progress : 0.612
name: models.architecture.block_type=simple_cls
training.mode=gml_rollout
models.out_dim=10
seed=3    avg_loss: 0.000000105828  time_per_window : 0.000239   progress : 0.623
name: models.architecture.block_type=simple_cls
training.mode=gml_rollout
models.out_dim=10
seed=3    avg_loss: 0.000000078023  time_per_window : 0.000281   progress : 0.634
name: models.architecture.block_type=simple_cls
training.mode=gml_rollout
models.out_dim=10
seed=3    avg_loss: 0.000000087166  time_per_window : 0.000285   progress : 0.644
name: models.architecture.block_type=simple_cls
training.mode=gml_rollout
models.out_dim=10
seed=3    avg_loss: 0.000000104567  time_per_window : 0.000289   progress : 0.655
name: models.architecture.block_type=simple_cls
training.mode=gml_rollout
models.out_dim=10
seed=3    avg_loss: 0.000000073778  time_per_window : 0.000255   progress : 0.666
name: models.architecture.block_type=simple_cls
training.mode=gml_rollout
models.out_dim=10
seed=3    avg_loss: 0.000000086916  time_per_window : 0.000260   progress : 0.677
name: models.architecture.block_type=simple_cls
training.mode=gml_rollout
models.out_dim=10
seed=3    avg_loss: 0.000000096295  time_per_window : 0.000238   progress : 0.688
name: models.architecture.block_type=simple_cls
training.mode=gml_rollout
models.out_dim=10
seed=3    avg_loss: 0.000000085016  time_per_window : 0.000235   progress : 0.699
name: models.architecture.block_type=simple_cls
training.mode=gml_rollout
models.out_dim=10
seed=3    avg_loss: 0.000000082391  time_per_window : 0.000237   progress : 0.710
name: models.architecture.block_type=simple_cls
training.mode=gml_rollout
models.out_dim=10
seed=3    avg_loss: 0.000000076534  time_per_window : 0.000309   progress : 0.721
name: models.architecture.block_type=simple_cls
training.mode=gml_rollout
models.out_dim=10
seed=3    avg_loss: 0.000000089550  time_per_window : 0.000305   progress : 0.732
name: models.architecture.block_type=simple_cls
training.mode=gml_rollout
models.out_dim=10
seed=3    avg_loss: 0.000000076355  time_per_window : 0.000254   progress : 0.743
name: models.architecture.block_type=simple_cls
training.mode=gml_rollout
models.out_dim=10
seed=3    avg_loss: 0.000000078376  time_per_window : 0.000244   progress : 0.754
name: models.architecture.block_type=simple_cls
training.mode=gml_rollout
models.out_dim=10
seed=3    avg_loss: 0.000000080245  time_per_window : 0.000294   progress : 0.765
name: models.architecture.block_type=simple_cls
training.mode=gml_rollout
models.out_dim=10
seed=3    avg_loss: 0.000000078058  time_per_window : 0.000255   progress : 0.775
name: models.architecture.block_type=simple_cls
training.mode=gml_rollout
models.out_dim=10
seed=3    avg_loss: 0.000000081737  time_per_window : 0.000265   progress : 0.786
name: models.architecture.block_type=simple_cls
training.mode=gml_rollout
models.out_dim=10
seed=3    avg_loss: 0.000000073790  time_per_window : 0.000260   progress : 0.797
name: models.architecture.block_type=simple_cls
training.mode=gml_rollout
models.out_dim=10
seed=3    avg_loss: 0.000000068317  time_per_window : 0.000255   progress : 0.808
name: models.architecture.block_type=simple_cls
training.mode=gml_rollout
models.out_dim=10
seed=3    avg_loss: 0.000000073343  time_per_window : 0.000258   progress : 0.819
name: models.architecture.block_type=simple_cls
training.mode=gml_rollout
models.out_dim=10
seed=3    avg_loss: 0.000000071541  time_per_window : 0.000270   progress : 0.830
name: models.architecture.block_type=simple_cls
training.mode=gml_rollout
models.out_dim=10
seed=3    avg_loss: 0.000000070246  time_per_window : 0.000270   progress : 0.841
name: models.architecture.block_type=simple_cls
training.mode=gml_rollout
models.out_dim=10
seed=3    avg_loss: 0.000000070281  time_per_window : 0.000236   progress : 0.852
name: models.architecture.block_type=simple_cls
training.mode=gml_rollout
models.out_dim=10
seed=3    avg_loss: 0.000000073706  time_per_window : 0.000252   progress : 0.863
name: models.architecture.block_type=simple_cls
training.mode=gml_rollout
models.out_dim=10
seed=3    avg_loss: 0.000000067354  time_per_window : 0.000257   progress : 0.874
name: models.architecture.block_type=simple_cls
training.mode=gml_rollout
models.out_dim=10
seed=3    avg_loss: 0.000000068489  time_per_window : 0.000220   progress : 0.885
name: models.architecture.block_type=simple_cls
training.mode=gml_rollout
models.out_dim=10
seed=3    avg_loss: 0.000000062260  time_per_window : 0.000241   progress : 0.896
name: models.architecture.block_type=simple_cls
training.mode=gml_rollout
models.out_dim=10
seed=3    avg_loss: 0.000000068545  time_per_window : 0.000220   progress : 0.907
name: models.architecture.block_type=simple_cls
training.mode=gml_rollout
models.out_dim=10
seed=3    avg_loss: 0.000000071082  time_per_window : 0.000217   progress : 0.917
name: models.architecture.block_type=simple_cls
training.mode=gml_rollout
models.out_dim=10
seed=3    avg_loss: 0.000000072688  time_per_window : 0.000231   progress : 0.928
name: models.architecture.block_type=simple_cls
training.mode=gml_rollout
models.out_dim=10
seed=3    avg_loss: 0.000000060145  time_per_window : 0.000244   progress : 0.939
name: models.architecture.block_type=simple_cls
training.mode=gml_rollout
models.out_dim=10
seed=3    avg_loss: 0.000000065780  time_per_window : 0.000248   progress : 0.950
name: models.architecture.block_type=simple_cls
training.mode=gml_rollout
models.out_dim=10
seed=3    avg_loss: 0.000000058471  time_per_window : 0.000211   progress : 0.961
name: models.architecture.block_type=simple_cls
training.mode=gml_rollout
models.out_dim=10
seed=3    avg_loss: 0.000000065256  time_per_window : 0.000214   progress : 0.972
name: models.architecture.block_type=simple_cls
training.mode=gml_rollout
models.out_dim=10
seed=3    avg_loss: 0.000000058185  time_per_window : 0.000186   progress : 0.983
name: models.architecture.block_type=simple_cls
training.mode=gml_rollout
models.out_dim=10
seed=3    avg_loss: 0.000000061808  time_per_window : 0.000188   progress : 0.994
name: models.architecture.block_type=simple_cls
training.mode=gml_rollout
models.out_dim=10
seed=3    avg_loss: 0.000000257816  time_per_window : 0.000353   progress : 0.011
name: models.architecture.block_type=simple_cls
training.mode=gml_rollout
models.out_dim=10
seed=3    avg_loss: 0.000000057205  time_per_window : 0.000248   progress : 0.022
name: models.architecture.block_type=simple_cls
training.mode=gml_rollout
models.out_dim=10
seed=3    avg_loss: 0.000000053039  time_per_window : 0.000221   progress : 0.033
name: models.architecture.block_type=simple_cls
training.mode=gml_rollout
models.out_dim=10
seed=3    avg_loss: 0.000000056901  time_per_window : 0.000236   progress : 0.044
name: models.architecture.block_type=simple_cls
training.mode=gml_rollout
models.out_dim=10
seed=3    avg_loss: 0.000000060748  time_per_window : 0.000242   progress : 0.055
name: models.architecture.block_type=simple_cls
training.mode=gml_rollout
models.out_dim=10
seed=0    avg_loss: 0.000000133071  time_per_window : 0.000285   progress : 0.535
name: models.architecture.block_type=simple_cls
training.mode=gml_rollout
models.out_dim=10
seed=0    avg_loss: 0.000000118454  time_per_window : 0.000280   progress : 0.546
name: models.architecture.block_type=simple_cls
training.mode=gml_rollout
models.out_dim=10
seed=0    avg_loss: 0.000000113857  time_per_window : 0.000254   progress : 0.557
name: models.architecture.block_type=simple_cls
training.mode=gml_rollout
models.out_dim=10
seed=0    avg_loss: 0.000000131450  time_per_window : 0.000285   progress : 0.568
name: models.architecture.block_type=simple_cls
training.mode=gml_rollout
models.out_dim=10
seed=0    avg_loss: 0.000000113556  time_per_window : 0.000290   progress : 0.579
name: models.architecture.block_type=simple_cls
training.mode=gml_rollout
models.out_dim=10
seed=0    avg_loss: 0.000000097776  time_per_window : 0.000264   progress : 0.590
name: models.architecture.block_type=simple_cls
training.mode=gml_rollout
models.out_dim=10
seed=0    avg_loss: 0.000000114411  time_per_window : 0.000278   progress : 0.601
name: models.architecture.block_type=simple_cls
training.mode=gml_rollout
models.out_dim=10
seed=0    avg_loss: 0.000000112606  time_per_window : 0.000264   progress : 0.612
name: models.architecture.block_type=simple_cls
training.mode=gml_rollout
models.out_dim=10
seed=0    avg_loss: 0.000000103119  time_per_window : 0.000270   progress : 0.623
name: models.architecture.block_type=simple_cls
training.mode=gml_rollout
models.out_dim=10
seed=0    avg_loss: 0.000000104278  time_per_window : 0.000254   progress : 0.634
name: models.architecture.block_type=simple_cls
training.mode=gml_rollout
models.out_dim=10
seed=0    avg_loss: 0.000000115393  time_per_window : 0.000318   progress : 0.644
name: models.architecture.block_type=simple_cls
training.mode=gml_rollout
models.out_dim=10
seed=0    avg_loss: 0.000000097395  time_per_window : 0.000287   progress : 0.655
name: models.architecture.block_type=simple_cls
training.mode=gml_rollout
models.out_dim=10
seed=0    avg_loss: 0.000000101539  time_per_window : 0.000254   progress : 0.666
name: models.architecture.block_type=simple_cls
training.mode=gml_rollout
models.out_dim=10
seed=0    avg_loss: 0.000000108945  time_per_window : 0.000262   progress : 0.677
name: models.architecture.block_type=simple_cls
training.mode=gml_rollout
models.out_dim=10
seed=0    avg_loss: 0.000000096337  time_per_window : 0.000301   progress : 0.688
name: models.architecture.block_type=simple_cls
training.mode=gml_rollout
models.out_dim=10
seed=0    avg_loss: 0.000000105606  time_per_window : 0.000286   progress : 0.699
name: models.architecture.block_type=simple_cls
training.mode=gml_rollout
models.out_dim=10
seed=0    avg_loss: 0.000000096850  time_per_window : 0.000250   progress : 0.710
name: models.architecture.block_type=simple_cls
training.mode=gml_rollout
models.out_dim=10
seed=0    avg_loss: 0.000000103746  time_per_window : 0.000258   progress : 0.721
name: models.architecture.block_type=simple_cls
training.mode=gml_rollout
models.out_dim=10
seed=0    avg_loss: 0.000000087189  time_per_window : 0.000256   progress : 0.732
name: models.architecture.block_type=simple_cls
training.mode=gml_rollout
models.out_dim=10
seed=0    avg_loss: 0.000000105162  time_per_window : 0.000297   progress : 0.743
name: models.architecture.block_type=simple_cls
training.mode=gml_rollout
models.out_dim=10
seed=0    avg_loss: 0.000000090157  time_per_window : 0.000261   progress : 0.754
name: models.architecture.block_type=simple_cls
training.mode=gml_rollout
models.out_dim=10
seed=0    avg_loss: 0.000000093724  time_per_window : 0.000283   progress : 0.765
name: models.architecture.block_type=simple_cls
training.mode=gml_rollout
models.out_dim=10
seed=0    avg_loss: 0.000000099847  time_per_window : 0.000256   progress : 0.775
name: models.architecture.block_type=simple_cls
training.mode=gml_rollout
models.out_dim=10
seed=0    avg_loss: 0.000000091357  time_per_window : 0.000290   progress : 0.786
name: models.architecture.block_type=simple_cls
training.mode=gml_rollout
models.out_dim=10
seed=0    avg_loss: 0.000000089766  time_per_window : 0.000275   progress : 0.797
name: models.architecture.block_type=simple_cls
training.mode=gml_rollout
models.out_dim=10
seed=0    avg_loss: 0.000000084290  time_per_window : 0.000320   progress : 0.808
name: models.architecture.block_type=simple_cls
training.mode=gml_rollout
models.out_dim=10
seed=0    avg_loss: 0.000000087307  time_per_window : 0.000256   progress : 0.819
name: models.architecture.block_type=simple_cls
training.mode=gml_rollout
models.out_dim=10
seed=0    avg_loss: 0.000000085574  time_per_window : 0.000265   progress : 0.830
name: models.architecture.block_type=simple_cls
training.mode=gml_rollout
models.out_dim=10
seed=0    avg_loss: 0.000000079227  time_per_window : 0.000266   progress : 0.841
name: models.architecture.block_type=simple_cls
training.mode=gml_rollout
models.out_dim=10
seed=0    avg_loss: 0.000000089732  time_per_window : 0.000272   progress : 0.852
name: models.architecture.block_type=simple_cls
training.mode=gml_rollout
models.out_dim=10
seed=0    avg_loss: 0.000000079424  time_per_window : 0.000234   progress : 0.863
name: models.architecture.block_type=simple_cls
training.mode=gml_rollout
models.out_dim=10
seed=0    avg_loss: 0.000000084577  time_per_window : 0.000247   progress : 0.874
name: models.architecture.block_type=simple_cls
training.mode=gml_rollout
models.out_dim=10
seed=0    avg_loss: 0.000000084011  time_per_window : 0.000249   progress : 0.885
name: models.architecture.block_type=simple_cls
training.mode=gml_rollout
models.out_dim=10
seed=0    avg_loss: 0.000000067634  time_per_window : 0.000237   progress : 0.896
name: models.architecture.block_type=simple_cls
training.mode=gml_rollout
models.out_dim=10
seed=0    avg_loss: 0.000000082266  time_per_window : 0.000270   progress : 0.907
name: models.architecture.block_type=simple_cls
training.mode=gml_rollout
models.out_dim=10
seed=0    avg_loss: 0.000000079264  time_per_window : 0.000270   progress : 0.917
name: models.architecture.block_type=simple_cls
training.mode=gml_rollout
models.out_dim=10
seed=0    avg_loss: 0.000000077765  time_per_window : 0.000252   progress : 0.928
name: models.architecture.block_type=simple_cls
training.mode=gml_rollout
models.out_dim=10
seed=0    avg_loss: 0.000000084604  time_per_window : 0.000243   progress : 0.939
name: models.architecture.block_type=simple_cls
training.mode=gml_rollout
models.out_dim=10
seed=0    avg_loss: 0.000000075153  time_per_window : 0.000249   progress : 0.950
name: models.architecture.block_type=simple_cls
training.mode=gml_rollout
models.out_dim=10
seed=0    avg_loss: 0.000000067028  time_per_window : 0.000251   progress : 0.961
name: models.architecture.block_type=simple_cls
training.mode=gml_rollout
models.out_dim=10
seed=0    avg_loss: 0.000000077356  time_per_window : 0.000230   progress : 0.972
name: models.architecture.block_type=simple_cls
training.mode=gml_rollout
models.out_dim=10
seed=0    avg_loss: 0.000000071701  time_per_window : 0.000183   progress : 0.983
name: models.architecture.block_type=simple_cls
training.mode=gml_rollout
models.out_dim=10
seed=0    avg_loss: 0.000000071465  time_per_window : 0.000218   progress : 0.994
name: models.architecture.block_type=simple_cls
training.mode=gml_rollout
models.out_dim=10
seed=0    avg_loss: 0.000000232897  time_per_window : 0.000270   progress : 0.011
name: models.architecture.block_type=simple_cls
training.mode=gml_rollout
models.out_dim=10
seed=0    avg_loss: 0.000000057113  time_per_window : 0.000280   progress : 0.022
name: models.architecture.block_type=simple_cls
training.mode=gml_rollout
models.out_dim=10
seed=0    avg_loss: 0.000000060332  time_per_window : 0.000293   progress : 0.033
name: models.architecture.block_type=simple_cls
training.mode=gml_rollout
models.out_dim=10
seed=0    avg_loss: 0.000000068405  time_per_window : 0.000289   progress : 0.044
name: models.architecture.block_type=simple_cls
training.mode=gml_rollout
models.out_dim=10
seed=0    avg_loss: 0.000000068982  time_per_window : 0.000320   progress : 0.055
name: models.architecture.block_type=simple_cls
training.mode=gml_rollout
models.out_dim=10
seed=1    avg_loss: 0.000000127039  time_per_window : 0.000256   progress : 0.535
name: models.architecture.block_type=simple_cls
training.mode=gml_rollout
models.out_dim=10
seed=1    avg_loss: 0.000000101390  time_per_window : 0.000248   progress : 0.546
name: models.architecture.block_type=simple_cls
training.mode=gml_rollout
models.out_dim=10
seed=1    avg_loss: 0.000000101784  time_per_window : 0.000261   progress : 0.557
name: models.architecture.block_type=simple_cls
training.mode=gml_rollout
models.out_dim=10
seed=1    avg_loss: 0.000000093899  time_per_window : 0.000260   progress : 0.568
name: models.architecture.block_type=simple_cls
training.mode=gml_rollout
models.out_dim=10
seed=1    avg_loss: 0.000000116745  time_per_window : 0.000264   progress : 0.579
name: models.architecture.block_type=simple_cls
training.mode=gml_rollout
models.out_dim=10
seed=1    avg_loss: 0.000000089194  time_per_window : 0.000254   progress : 0.590
name: models.architecture.block_type=simple_cls
training.mode=gml_rollout
models.out_dim=10
seed=1    avg_loss: 0.000000095005  time_per_window : 0.000292   progress : 0.601
name: models.architecture.block_type=simple_cls
training.mode=gml_rollout
models.out_dim=10
seed=1    avg_loss: 0.000000088965  time_per_window : 0.000267   progress : 0.612
name: models.architecture.block_type=simple_cls
training.mode=gml_rollout
models.out_dim=10
seed=1    avg_loss: 0.000000102875  time_per_window : 0.000249   progress : 0.623
name: models.architecture.block_type=simple_cls
training.mode=gml_rollout
models.out_dim=10
seed=1    avg_loss: 0.000000091275  time_per_window : 0.000289   progress : 0.634
name: models.architecture.block_type=simple_cls
training.mode=gml_rollout
models.out_dim=10
seed=1    avg_loss: 0.000000102866  time_per_window : 0.000276   progress : 0.644
name: models.architecture.block_type=simple_cls
training.mode=gml_rollout
models.out_dim=10
seed=1    avg_loss: 0.000000097345  time_per_window : 0.000258   progress : 0.655
name: models.architecture.block_type=simple_cls
training.mode=gml_rollout
models.out_dim=10
seed=1    avg_loss: 0.000000079982  time_per_window : 0.000265   progress : 0.666
name: models.architecture.block_type=simple_cls
training.mode=gml_rollout
models.out_dim=10
seed=1    avg_loss: 0.000000089666  time_per_window : 0.000261   progress : 0.677
name: models.architecture.block_type=simple_cls
training.mode=gml_rollout
models.out_dim=10
seed=1    avg_loss: 0.000000090993  time_per_window : 0.000253   progress : 0.688
name: models.architecture.block_type=simple_cls
training.mode=gml_rollout
models.out_dim=10
seed=1    avg_loss: 0.000000085612  time_per_window : 0.000248   progress : 0.699
name: models.architecture.block_type=simple_cls
training.mode=gml_rollout
models.out_dim=10
seed=1    avg_loss: 0.000000086723  time_per_window : 0.000252   progress : 0.710
name: models.architecture.block_type=simple_cls
training.mode=gml_rollout
models.out_dim=10
seed=1    avg_loss: 0.000000084287  time_per_window : 0.000259   progress : 0.721
name: models.architecture.block_type=simple_cls
training.mode=gml_rollout
models.out_dim=10
seed=1    avg_loss: 0.000000090342  time_per_window : 0.000283   progress : 0.732
name: models.architecture.block_type=simple_cls
training.mode=gml_rollout
models.out_dim=10
seed=1    avg_loss: 0.000000088561  time_per_window : 0.000308   progress : 0.743
name: models.architecture.block_type=simple_cls
training.mode=gml_rollout
models.out_dim=10
seed=1    avg_loss: 0.000000078435  time_per_window : 0.000259   progress : 0.754
name: models.architecture.block_type=simple_cls
training.mode=gml_rollout
models.out_dim=10
seed=1    avg_loss: 0.000000077485  time_per_window : 0.000255   progress : 0.765
name: models.architecture.block_type=simple_cls
training.mode=gml_rollout
models.out_dim=10
seed=1    avg_loss: 0.000000086569  time_per_window : 0.000266   progress : 0.775
name: models.architecture.block_type=simple_cls
training.mode=gml_rollout
models.out_dim=10
seed=1    avg_loss: 0.000000079538  time_per_window : 0.000253   progress : 0.786
name: models.architecture.block_type=simple_cls
training.mode=gml_rollout
models.out_dim=10
seed=1    avg_loss: 0.000000079803  time_per_window : 0.000263   progress : 0.797
name: models.architecture.block_type=simple_cls
training.mode=gml_rollout
models.out_dim=10
seed=1    avg_loss: 0.000000068584  time_per_window : 0.000302   progress : 0.808
name: models.architecture.block_type=simple_cls
training.mode=gml_rollout
models.out_dim=10
seed=1    avg_loss: 0.000000073321  time_per_window : 0.000279   progress : 0.819
name: models.architecture.block_type=simple_cls
training.mode=gml_rollout
models.out_dim=10
seed=1    avg_loss: 0.000000075749  time_per_window : 0.000252   progress : 0.830
name: models.architecture.block_type=simple_cls
training.mode=gml_rollout
models.out_dim=10
seed=1    avg_loss: 0.000000067710  time_per_window : 0.000283   progress : 0.841
name: models.architecture.block_type=simple_cls
training.mode=gml_rollout
models.out_dim=10
seed=1    avg_loss: 0.000000078675  time_per_window : 0.000265   progress : 0.852
name: models.architecture.block_type=simple_cls
training.mode=gml_rollout
models.out_dim=10
seed=1    avg_loss: 0.000000081165  time_per_window : 0.000249   progress : 0.863
name: models.architecture.block_type=simple_cls
training.mode=gml_rollout
models.out_dim=10
seed=1    avg_loss: 0.000000069498  time_per_window : 0.000225   progress : 0.874
name: models.architecture.block_type=simple_cls
training.mode=gml_rollout
models.out_dim=10
seed=1    avg_loss: 0.000000073047  time_per_window : 0.000238   progress : 0.885
name: models.architecture.block_type=simple_cls
training.mode=gml_rollout
models.out_dim=10
seed=1    avg_loss: 0.000000060817  time_per_window : 0.000251   progress : 0.896
name: models.architecture.block_type=simple_cls
training.mode=gml_rollout
models.out_dim=10
seed=1    avg_loss: 0.000000069664  time_per_window : 0.000240   progress : 0.907
name: models.architecture.block_type=simple_cls
training.mode=gml_rollout
models.out_dim=10
seed=1    avg_loss: 0.000000075225  time_per_window : 0.000233   progress : 0.917
name: models.architecture.block_type=simple_cls
training.mode=gml_rollout
models.out_dim=10
seed=1    avg_loss: 0.000000069154  time_per_window : 0.000235   progress : 0.928
name: models.architecture.block_type=simple_cls
training.mode=gml_rollout
models.out_dim=10
seed=1    avg_loss: 0.000000067109  time_per_window : 0.000234   progress : 0.939
name: models.architecture.block_type=simple_cls
training.mode=gml_rollout
models.out_dim=10
seed=1    avg_loss: 0.000000065656  time_per_window : 0.000266   progress : 0.950
name: models.architecture.block_type=simple_cls
training.mode=gml_rollout
models.out_dim=10
seed=1    avg_loss: 0.000000066255  time_per_window : 0.000215   progress : 0.961
name: models.architecture.block_type=simple_cls
training.mode=gml_rollout
models.out_dim=10
seed=1    avg_loss: 0.000000061834  time_per_window : 0.000204   progress : 0.972
name: models.architecture.block_type=simple_cls
training.mode=gml_rollout
models.out_dim=10
seed=1    avg_loss: 0.000000065161  time_per_window : 0.000191   progress : 0.983
name: models.architecture.block_type=simple_cls
training.mode=gml_rollout
models.out_dim=10
seed=1    avg_loss: 0.000000062768  time_per_window : 0.000211   progress : 0.994
name: models.architecture.block_type=simple_cls
training.mode=gml_rollout
models.out_dim=10
seed=1    avg_loss: 0.000000287323  time_per_window : 0.000356   progress : 0.011
name: models.architecture.block_type=simple_cls
training.mode=gml_rollout
models.out_dim=10
seed=1    avg_loss: 0.000000054774  time_per_window : 0.000259   progress : 0.022
name: models.architecture.block_type=simple_cls
training.mode=gml_rollout
models.out_dim=10
seed=1    avg_loss: 0.000000055152  time_per_window : 0.000240   progress : 0.033
name: models.architecture.block_type=simple_cls
training.mode=gml_rollout
models.out_dim=10
seed=1    avg_loss: 0.000000060824  time_per_window : 0.000245   progress : 0.044
name: models.architecture.block_type=simple_cls
training.mode=gml_rollout
models.out_dim=10
seed=1    avg_loss: 0.000000057877  time_per_window : 0.000230   progress : 0.055
name: models.architecture.block_type=simple_cls
training.mode=gml_rollout
models.out_dim=10
seed=4    avg_loss: 0.000000102806  time_per_window : 0.000289   progress : 0.535
name: models.architecture.block_type=simple_cls
training.mode=gml_rollout
models.out_dim=10
seed=4    avg_loss: 0.000000108342  time_per_window : 0.000313   progress : 0.546
name: models.architecture.block_type=simple_cls
training.mode=gml_rollout
models.out_dim=10
seed=4    avg_loss: 0.000000084756  time_per_window : 0.000264   progress : 0.557
name: models.architecture.block_type=simple_cls
training.mode=gml_rollout
models.out_dim=10
seed=4    avg_loss: 0.000000094895  time_per_window : 0.000242   progress : 0.568
name: models.architecture.block_type=simple_cls
training.mode=gml_rollout
models.out_dim=10
seed=4    avg_loss: 0.000000097979  time_per_window : 0.000257   progress : 0.579
name: models.architecture.block_type=simple_cls
training.mode=gml_rollout
models.out_dim=10
seed=4    avg_loss: 0.000000093976  time_per_window : 0.000255   progress : 0.590
name: models.architecture.block_type=simple_cls
training.mode=gml_rollout
models.out_dim=10
seed=4    avg_loss: 0.000000089657  time_per_window : 0.000249   progress : 0.601
name: models.architecture.block_type=simple_cls
training.mode=gml_rollout
models.out_dim=10
seed=4    avg_loss: 0.000000093855  time_per_window : 0.000253   progress : 0.612
name: models.architecture.block_type=simple_cls
training.mode=gml_rollout
models.out_dim=10
seed=4    avg_loss: 0.000000089747  time_per_window : 0.000255   progress : 0.623
name: models.architecture.block_type=simple_cls
training.mode=gml_rollout
models.out_dim=10
seed=4    avg_loss: 0.000000076998  time_per_window : 0.000261   progress : 0.634
name: models.architecture.block_type=simple_cls
training.mode=gml_rollout
models.out_dim=10
seed=4    avg_loss: 0.000000094199  time_per_window : 0.000261   progress : 0.644
name: models.architecture.block_type=simple_cls
training.mode=gml_rollout
models.out_dim=10
seed=4    avg_loss: 0.000000084566  time_per_window : 0.000278   progress : 0.655
name: models.architecture.block_type=simple_cls
training.mode=gml_rollout
models.out_dim=10
seed=4    avg_loss: 0.000000081620  time_per_window : 0.000264   progress : 0.666
name: models.architecture.block_type=simple_cls
training.mode=gml_rollout
models.out_dim=10
seed=4    avg_loss: 0.000000085585  time_per_window : 0.000264   progress : 0.677
name: models.architecture.block_type=simple_cls
training.mode=gml_rollout
models.out_dim=10
seed=4    avg_loss: 0.000000089971  time_per_window : 0.000273   progress : 0.688
name: models.architecture.block_type=simple_cls
training.mode=gml_rollout
models.out_dim=10
seed=4    avg_loss: 0.000000073628  time_per_window : 0.000268   progress : 0.699
name: models.architecture.block_type=simple_cls
training.mode=gml_rollout
models.out_dim=10
seed=4    avg_loss: 0.000000077966  time_per_window : 0.000277   progress : 0.710
name: models.architecture.block_type=simple_cls
training.mode=gml_rollout
models.out_dim=10
seed=4    avg_loss: 0.000000087172  time_per_window : 0.000260   progress : 0.721
name: models.architecture.block_type=simple_cls
training.mode=gml_rollout
models.out_dim=10
seed=4    avg_loss: 0.000000092282  time_per_window : 0.000270   progress : 0.732
name: models.architecture.block_type=simple_cls
training.mode=gml_rollout
models.out_dim=10
seed=4    avg_loss: 0.000000072972  time_per_window : 0.000250   progress : 0.743
name: models.architecture.block_type=simple_cls
training.mode=gml_rollout
models.out_dim=10
seed=4    avg_loss: 0.000000066131  time_per_window : 0.000295   progress : 0.754
name: models.architecture.block_type=simple_cls
training.mode=gml_rollout
models.out_dim=10
seed=4    avg_loss: 0.000000079306  time_per_window : 0.000251   progress : 0.765
name: models.architecture.block_type=simple_cls
training.mode=gml_rollout
models.out_dim=10
seed=4    avg_loss: 0.000000078169  time_per_window : 0.000268   progress : 0.775
name: models.architecture.block_type=simple_cls
training.mode=gml_rollout
models.out_dim=10
seed=4    avg_loss: 0.000000075486  time_per_window : 0.000262   progress : 0.786
name: models.architecture.block_type=simple_cls
training.mode=gml_rollout
models.out_dim=10
seed=4    avg_loss: 0.000000073297  time_per_window : 0.000250   progress : 0.797
name: models.architecture.block_type=simple_cls
training.mode=gml_rollout
models.out_dim=10
seed=4    avg_loss: 0.000000063393  time_per_window : 0.000262   progress : 0.808
name: models.architecture.block_type=simple_cls
training.mode=gml_rollout
models.out_dim=10
seed=4    avg_loss: 0.000000070116  time_per_window : 0.000260   progress : 0.819
name: models.architecture.block_type=simple_cls
training.mode=gml_rollout
models.out_dim=10
seed=4    avg_loss: 0.000000070781  time_per_window : 0.000278   progress : 0.830
name: models.architecture.block_type=simple_cls
training.mode=gml_rollout
models.out_dim=10
seed=4    avg_loss: 0.000000063474  time_per_window : 0.000270   progress : 0.841
name: models.architecture.block_type=simple_cls
training.mode=gml_rollout
models.out_dim=10
seed=4    avg_loss: 0.000000072258  time_per_window : 0.000258   progress : 0.852
name: models.architecture.block_type=simple_cls
training.mode=gml_rollout
models.out_dim=10
seed=4    avg_loss: 0.000000070574  time_per_window : 0.000241   progress : 0.863
name: models.architecture.block_type=simple_cls
training.mode=gml_rollout
models.out_dim=10
seed=4    avg_loss: 0.000000065617  time_per_window : 0.000233   progress : 0.874
name: models.architecture.block_type=simple_cls
training.mode=gml_rollout
models.out_dim=10
seed=4    avg_loss: 0.000000069221  time_per_window : 0.000243   progress : 0.885
name: models.architecture.block_type=simple_cls
training.mode=gml_rollout
models.out_dim=10
seed=4    avg_loss: 0.000000056045  time_per_window : 0.000230   progress : 0.896
name: models.architecture.block_type=simple_cls
training.mode=gml_rollout
models.out_dim=10
seed=4    avg_loss: 0.000000063083  time_per_window : 0.000266   progress : 0.907
name: models.architecture.block_type=simple_cls
training.mode=gml_rollout
models.out_dim=10
seed=4    avg_loss: 0.000000076851  time_per_window : 0.000229   progress : 0.917
name: models.architecture.block_type=simple_cls
training.mode=gml_rollout
models.out_dim=10
seed=4    avg_loss: 0.000000059299  time_per_window : 0.000250   progress : 0.928
name: models.architecture.block_type=simple_cls
training.mode=gml_rollout
models.out_dim=10
seed=4    avg_loss: 0.000000069019  time_per_window : 0.000229   progress : 0.939
name: models.architecture.block_type=simple_cls
training.mode=gml_rollout
models.out_dim=10
seed=4    avg_loss: 0.000000062281  time_per_window : 0.000244   progress : 0.950
name: models.architecture.block_type=simple_cls
training.mode=gml_rollout
models.out_dim=10
seed=4    avg_loss: 0.000000061252  time_per_window : 0.000227   progress : 0.961
name: models.architecture.block_type=simple_cls
training.mode=gml_rollout
models.out_dim=10
seed=4    avg_loss: 0.000000062360  time_per_window : 0.000232   progress : 0.972
name: models.architecture.block_type=simple_cls
training.mode=gml_rollout
models.out_dim=10
seed=4    avg_loss: 0.000000053870  time_per_window : 0.000147   progress : 0.983
name: models.architecture.block_type=simple_cls
training.mode=gml_rollout
models.out_dim=10
seed=4    avg_loss: 0.000000058315  time_per_window : 0.000219   progress : 0.994
name: models.architecture.block_type=simple_cls
training.mode=gml_rollout
models.out_dim=10
seed=4    avg_loss: 0.000000161975  time_per_window : 0.000194   progress : 0.011
name: models.architecture.block_type=simple_cls
training.mode=gml_rollout
models.out_dim=10
seed=4    avg_loss: 0.000000053927  time_per_window : 0.000296   progress : 0.022
name: models.architecture.block_type=simple_cls
training.mode=gml_rollout
models.out_dim=10
seed=4    avg_loss: 0.000000055714  time_per_window : 0.000316   progress : 0.033
name: models.architecture.block_type=simple_cls
training.mode=gml_rollout
models.out_dim=10
seed=4    avg_loss: 0.000000064519  time_per_window : 0.000285   progress : 0.044
name: models.architecture.block_type=simple_cls
training.mode=gml_rollout
models.out_dim=10
seed=4    avg_loss: 0.000000059053  time_per_window : 0.000298   progress : 0.055
name: models.architecture.block_type=simple_cls
training.mode=gml_rollout
models.out_dim=10
seed=0    avg_loss: 0.000000068945  time_per_window : 0.000244   progress : 0.066
name: models.architecture.block_type=simple_cls
training.mode=gml_rollout
models.out_dim=10
seed=0    avg_loss: 0.000000067361  time_per_window : 0.000244   progress : 0.076
name: models.architecture.block_type=simple_cls
training.mode=gml_rollout
models.out_dim=10
seed=0    avg_loss: 0.000000070116  time_per_window : 0.000251   progress : 0.087
name: models.architecture.block_type=simple_cls
training.mode=gml_rollout
models.out_dim=10
seed=0    avg_loss: 0.000000064262  time_per_window : 0.000230   progress : 0.098
name: models.architecture.block_type=simple_cls
training.mode=gml_rollout
models.out_dim=10
seed=0    avg_loss: 0.000000072164  time_per_window : 0.000263   progress : 0.109
name: models.architecture.block_type=simple_cls
training.mode=gml_rollout
models.out_dim=10
seed=0    avg_loss: 0.000000064328  time_per_window : 0.000217   progress : 0.120
name: models.architecture.block_type=simple_cls
training.mode=gml_rollout
models.out_dim=10
seed=0    avg_loss: 0.000000062407  time_per_window : 0.000224   progress : 0.131
name: models.architecture.block_type=simple_cls
training.mode=gml_rollout
models.out_dim=10
seed=0    avg_loss: 0.000000068105  time_per_window : 0.000229   progress : 0.142
name: models.architecture.block_type=simple_cls
training.mode=gml_rollout
models.out_dim=10
seed=0    avg_loss: 0.000000071177  time_per_window : 0.000226   progress : 0.153
name: models.architecture.block_type=simple_cls
training.mode=gml_rollout
models.out_dim=10
seed=0    avg_loss: 0.000000067967  time_per_window : 0.000256   progress : 0.164
name: models.architecture.block_type=simple_cls
training.mode=gml_rollout
models.out_dim=10
seed=0    avg_loss: 0.000000061287  time_per_window : 0.000253   progress : 0.175
name: models.architecture.block_type=simple_cls
training.mode=gml_rollout
models.out_dim=10
seed=0    avg_loss: 0.000000059639  time_per_window : 0.000297   progress : 0.186
name: models.architecture.block_type=simple_cls
training.mode=gml_rollout
models.out_dim=10
seed=0    avg_loss: 0.000000058568  time_per_window : 0.000295   progress : 0.197
name: models.architecture.block_type=simple_cls
training.mode=gml_rollout
models.out_dim=10
seed=0    avg_loss: 0.000000063536  time_per_window : 0.000339   progress : 0.208
name: models.architecture.block_type=simple_cls
training.mode=gml_rollout
models.out_dim=10
seed=0    avg_loss: 0.000000059758  time_per_window : 0.000279   progress : 0.218
name: models.architecture.block_type=simple_cls
training.mode=gml_rollout
models.out_dim=10
seed=0    avg_loss: 0.000000060471  time_per_window : 0.000313   progress : 0.229
name: models.architecture.block_type=simple_cls
training.mode=gml_rollout
models.out_dim=10
seed=0    avg_loss: 0.000000058727  time_per_window : 0.000245   progress : 0.240
name: models.architecture.block_type=simple_cls
training.mode=gml_rollout
models.out_dim=10
seed=0    avg_loss: 0.000000069053  time_per_window : 0.000207   progress : 0.251
name: models.architecture.block_type=simple_cls
training.mode=gml_rollout
models.out_dim=10
seed=0    avg_loss: 0.000000057114  time_per_window : 0.000249   progress : 0.262
name: models.architecture.block_type=simple_cls
training.mode=gml_rollout
models.out_dim=10
seed=0    avg_loss: 0.000000057810  time_per_window : 0.000204   progress : 0.273
name: models.architecture.block_type=simple_cls
training.mode=gml_rollout
models.out_dim=10
seed=0    avg_loss: 0.000000052886  time_per_window : 0.000288   progress : 0.284
name: models.architecture.block_type=simple_cls
training.mode=gml_rollout
models.out_dim=10
seed=0    avg_loss: 0.000000055803  time_per_window : 0.000242   progress : 0.295
name: models.architecture.block_type=simple_cls
training.mode=gml_rollout
models.out_dim=10
seed=0    avg_loss: 0.000000056098  time_per_window : 0.000286   progress : 0.306
name: models.architecture.block_type=simple_cls
training.mode=gml_rollout
models.out_dim=10
seed=0    avg_loss: 0.000000058087  time_per_window : 0.000277   progress : 0.317
name: models.architecture.block_type=simple_cls
training.mode=gml_rollout
models.out_dim=10
seed=0    avg_loss: 0.000000050797  time_per_window : 0.000237   progress : 0.328
name: models.architecture.block_type=simple_cls
training.mode=gml_rollout
models.out_dim=10
seed=0    avg_loss: 0.000000051734  time_per_window : 0.000236   progress : 0.339
name: models.architecture.block_type=simple_cls
training.mode=gml_rollout
models.out_dim=10
seed=0    avg_loss: 0.000000053117  time_per_window : 0.000243   progress : 0.350
name: models.architecture.block_type=simple_cls
training.mode=gml_rollout
models.out_dim=10
seed=0    avg_loss: 0.000000054856  time_per_window : 0.000209   progress : 0.360
name: models.architecture.block_type=simple_cls
training.mode=gml_rollout
models.out_dim=10
seed=0    avg_loss: 0.000000055843  time_per_window : 0.000264   progress : 0.371
name: models.architecture.block_type=simple_cls
training.mode=gml_rollout
models.out_dim=10
seed=0    avg_loss: 0.000000053888  time_per_window : 0.000347   progress : 0.382
name: models.architecture.block_type=simple_cls
training.mode=gml_rollout
models.out_dim=10
seed=0    avg_loss: 0.000000052925  time_per_window : 0.000230   progress : 0.393
name: models.architecture.block_type=simple_cls
training.mode=gml_rollout
models.out_dim=10
seed=0    avg_loss: 0.000000060300  time_per_window : 0.000328   progress : 0.404
name: models.architecture.block_type=simple_cls
training.mode=gml_rollout
models.out_dim=10
seed=0    avg_loss: 0.000000050999  time_per_window : 0.000198   progress : 0.415
name: models.architecture.block_type=simple_cls
training.mode=gml_rollout
models.out_dim=10
seed=0    avg_loss: 0.000000044899  time_per_window : 0.000325   progress : 0.426
name: models.architecture.block_type=simple_cls
training.mode=gml_rollout
models.out_dim=10
seed=0    avg_loss: 0.000000060285  time_per_window : 0.000211   progress : 0.437
name: models.architecture.block_type=simple_cls
training.mode=gml_rollout
models.out_dim=10
seed=0    avg_loss: 0.000000048935  time_per_window : 0.000254   progress : 0.448
name: models.architecture.block_type=simple_cls
training.mode=gml_rollout
models.out_dim=10
seed=0    avg_loss: 0.000000049007  time_per_window : 0.000259   progress : 0.459
name: models.architecture.block_type=simple_cls
training.mode=gml_rollout
models.out_dim=10
seed=0    avg_loss: 0.000000051737  time_per_window : 0.000221   progress : 0.470
name: models.architecture.block_type=simple_cls
training.mode=gml_rollout
models.out_dim=10
seed=0    avg_loss: 0.000000044882  time_per_window : 0.000300   progress : 0.481
name: models.architecture.block_type=simple_cls
training.mode=gml_rollout
models.out_dim=10
seed=0    avg_loss: 0.000000050739  time_per_window : 0.000263   progress : 0.492
name: models.architecture.block_type=simple_cls
training.mode=gml_rollout
models.out_dim=10
seed=0    avg_loss: 0.000000051598  time_per_window : 0.000279   progress : 0.502
name: models.architecture.block_type=simple_cls
training.mode=gml_rollout
models.out_dim=10
seed=0    avg_loss: 0.000000046144  time_per_window : 0.000271   progress : 0.513
name: models.architecture.block_type=simple_cls
training.mode=gml_rollout
models.out_dim=10
seed=0    avg_loss: 0.000000047911  time_per_window : 0.000253   progress : 0.524
name: models.architecture.block_type=simple_cls
training.mode=gml_rollout
models.out_dim=10
seed=0    avg_loss: 0.000000046879  time_per_window : 0.000293   progress : 0.535
name: models.architecture.block_type=simple_cls
training.mode=gml_rollout
models.out_dim=10
seed=0    avg_loss: 0.000000043811  time_per_window : 0.000228   progress : 0.546
name: models.architecture.block_type=simple_cls
training.mode=gml_rollout
models.out_dim=10
seed=0    avg_loss: 0.000000046528  time_per_window : 0.000214   progress : 0.557
name: models.architecture.block_type=simple_cls
training.mode=gml_rollout
models.out_dim=10
seed=0    avg_loss: 0.000000039171  time_per_window : 0.000272   progress : 0.568
name: models.architecture.block_type=simple_cls
training.mode=gml_rollout
models.out_dim=10
seed=0    avg_loss: 0.000000050233  time_per_window : 0.000258   progress : 0.579
name: models.architecture.block_type=simple_cls
training.mode=gml_rollout
models.out_dim=10
seed=4    avg_loss: 0.000000067750  time_per_window : 0.000215   progress : 0.066
name: models.architecture.block_type=simple_cls
training.mode=gml_rollout
models.out_dim=10
seed=4    avg_loss: 0.000000058754  time_per_window : 0.000206   progress : 0.076
name: models.architecture.block_type=simple_cls
training.mode=gml_rollout
models.out_dim=10
seed=4    avg_loss: 0.000000060590  time_per_window : 0.000261   progress : 0.087
name: models.architecture.block_type=simple_cls
training.mode=gml_rollout
models.out_dim=10
seed=4    avg_loss: 0.000000056459  time_per_window : 0.000253   progress : 0.098
name: models.architecture.block_type=simple_cls
training.mode=gml_rollout
models.out_dim=10
seed=4    avg_loss: 0.000000058149  time_per_window : 0.000200   progress : 0.109
name: models.architecture.block_type=simple_cls
training.mode=gml_rollout
models.out_dim=10
seed=4    avg_loss: 0.000000052475  time_per_window : 0.000275   progress : 0.120
name: models.architecture.block_type=simple_cls
training.mode=gml_rollout
models.out_dim=10
seed=4    avg_loss: 0.000000057026  time_per_window : 0.000350   progress : 0.131
name: models.architecture.block_type=simple_cls
training.mode=gml_rollout
models.out_dim=10
seed=4    avg_loss: 0.000000058073  time_per_window : 0.000228   progress : 0.142
name: models.architecture.block_type=simple_cls
training.mode=gml_rollout
models.out_dim=10
seed=4    avg_loss: 0.000000062570  time_per_window : 0.000370   progress : 0.153
name: models.architecture.block_type=simple_cls
training.mode=gml_rollout
models.out_dim=10
seed=4    avg_loss: 0.000000052965  time_per_window : 0.000286   progress : 0.164
name: models.architecture.block_type=simple_cls
training.mode=gml_rollout
models.out_dim=10
seed=4    avg_loss: 0.000000055230  time_per_window : 0.000264   progress : 0.175
name: models.architecture.block_type=simple_cls
training.mode=gml_rollout
models.out_dim=10
seed=4    avg_loss: 0.000000053479  time_per_window : 0.000227   progress : 0.186
name: models.architecture.block_type=simple_cls
training.mode=gml_rollout
models.out_dim=10
seed=4    avg_loss: 0.000000052602  time_per_window : 0.000225   progress : 0.197
name: models.architecture.block_type=simple_cls
training.mode=gml_rollout
models.out_dim=10
seed=4    avg_loss: 0.000000053095  time_per_window : 0.000226   progress : 0.208
name: models.architecture.block_type=simple_cls
training.mode=gml_rollout
models.out_dim=10
seed=4    avg_loss: 0.000000050243  time_per_window : 0.000222   progress : 0.218
name: models.architecture.block_type=simple_cls
training.mode=gml_rollout
models.out_dim=10
seed=4    avg_loss: 0.000000058200  time_per_window : 0.000260   progress : 0.229
name: models.architecture.block_type=simple_cls
training.mode=gml_rollout
models.out_dim=10
seed=4    avg_loss: 0.000000049868  time_per_window : 0.000290   progress : 0.240
name: models.architecture.block_type=simple_cls
training.mode=gml_rollout
models.out_dim=10
seed=4    avg_loss: 0.000000057207  time_per_window : 0.000242   progress : 0.251
name: models.architecture.block_type=simple_cls
training.mode=gml_rollout
models.out_dim=10
seed=4    avg_loss: 0.000000048380  time_per_window : 0.000231   progress : 0.262
name: models.architecture.block_type=simple_cls
training.mode=gml_rollout
models.out_dim=10
seed=4    avg_loss: 0.000000048126  time_per_window : 0.000292   progress : 0.273
name: models.architecture.block_type=simple_cls
training.mode=gml_rollout
models.out_dim=10
seed=4    avg_loss: 0.000000049456  time_per_window : 0.000326   progress : 0.284
name: models.architecture.block_type=simple_cls
training.mode=gml_rollout
models.out_dim=10
seed=4    avg_loss: 0.000000052016  time_per_window : 0.000291   progress : 0.295
name: models.architecture.block_type=simple_cls
training.mode=gml_rollout
models.out_dim=10
seed=4    avg_loss: 0.000000050421  time_per_window : 0.000247   progress : 0.306
name: models.architecture.block_type=simple_cls
training.mode=gml_rollout
models.out_dim=10
seed=4    avg_loss: 0.000000054905  time_per_window : 0.000230   progress : 0.317
name: models.architecture.block_type=simple_cls
training.mode=gml_rollout
models.out_dim=10
seed=4    avg_loss: 0.000000044332  time_per_window : 0.000245   progress : 0.328
name: models.architecture.block_type=simple_cls
training.mode=gml_rollout
models.out_dim=10
seed=4    avg_loss: 0.000000046504  time_per_window : 0.000310   progress : 0.339
name: models.architecture.block_type=simple_cls
training.mode=gml_rollout
models.out_dim=10
seed=4    avg_loss: 0.000000048876  time_per_window : 0.000296   progress : 0.350
name: models.architecture.block_type=simple_cls
training.mode=gml_rollout
models.out_dim=10
seed=4    avg_loss: 0.000000041996  time_per_window : 0.000310   progress : 0.360
name: models.architecture.block_type=simple_cls
training.mode=gml_rollout
models.out_dim=10
seed=4    avg_loss: 0.000000044780  time_per_window : 0.000257   progress : 0.371
name: models.architecture.block_type=simple_cls
training.mode=gml_rollout
models.out_dim=10
seed=4    avg_loss: 0.000000042543  time_per_window : 0.000227   progress : 0.382
name: models.architecture.block_type=simple_cls
training.mode=gml_rollout
models.out_dim=10
seed=4    avg_loss: 0.000000051331  time_per_window : 0.000211   progress : 0.393
name: models.architecture.block_type=simple_cls
training.mode=gml_rollout
models.out_dim=10
seed=4    avg_loss: 0.000000053446  time_per_window : 0.000285   progress : 0.404
name: models.architecture.block_type=simple_cls
training.mode=gml_rollout
models.out_dim=10
seed=4    avg_loss: 0.000000046820  time_per_window : 0.000281   progress : 0.415
name: models.architecture.block_type=simple_cls
training.mode=gml_rollout
models.out_dim=10
seed=4    avg_loss: 0.000000039790  time_per_window : 0.000345   progress : 0.426
name: models.architecture.block_type=simple_cls
training.mode=gml_rollout
models.out_dim=10
seed=4    avg_loss: 0.000000048492  time_per_window : 0.000238   progress : 0.437
name: models.architecture.block_type=simple_cls
training.mode=gml_rollout
models.out_dim=10
seed=4    avg_loss: 0.000000044616  time_per_window : 0.000292   progress : 0.448
name: models.architecture.block_type=simple_cls
training.mode=gml_rollout
models.out_dim=10
seed=4    avg_loss: 0.000000044645  time_per_window : 0.000222   progress : 0.459
name: models.architecture.block_type=simple_cls
training.mode=gml_rollout
models.out_dim=10
seed=4    avg_loss: 0.000000044403  time_per_window : 0.000239   progress : 0.470
name: models.architecture.block_type=simple_cls
training.mode=gml_rollout
models.out_dim=10
seed=4    avg_loss: 0.000000041738  time_per_window : 0.000223   progress : 0.481
name: models.architecture.block_type=simple_cls
training.mode=gml_rollout
models.out_dim=10
seed=4    avg_loss: 0.000000046695  time_per_window : 0.000259   progress : 0.492
name: models.architecture.block_type=simple_cls
training.mode=gml_rollout
models.out_dim=10
seed=4    avg_loss: 0.000000047442  time_per_window : 0.000277   progress : 0.502
name: models.architecture.block_type=simple_cls
training.mode=gml_rollout
models.out_dim=10
seed=4    avg_loss: 0.000000041672  time_per_window : 0.000228   progress : 0.513
name: models.architecture.block_type=simple_cls
training.mode=gml_rollout
models.out_dim=10
seed=4    avg_loss: 0.000000039029  time_per_window : 0.000284   progress : 0.524
name: models.architecture.block_type=simple_cls
training.mode=gml_rollout
models.out_dim=10
seed=4    avg_loss: 0.000000043618  time_per_window : 0.000214   progress : 0.535
name: models.architecture.block_type=simple_cls
training.mode=gml_rollout
models.out_dim=10
seed=4    avg_loss: 0.000000042983  time_per_window : 0.000355   progress : 0.546
name: models.architecture.block_type=simple_cls
training.mode=gml_rollout
models.out_dim=10
seed=4    avg_loss: 0.000000045376  time_per_window : 0.000217   progress : 0.557
name: models.architecture.block_type=simple_cls
training.mode=gml_rollout
models.out_dim=10
seed=4    avg_loss: 0.000000043829  time_per_window : 0.000229   progress : 0.568
name: models.architecture.block_type=simple_cls
training.mode=gml_rollout
models.out_dim=10
seed=4    avg_loss: 0.000000044164  time_per_window : 0.000321   progress : 0.579
name: models.architecture.block_type=simple_cls
training.mode=gml_rollout
models.out_dim=10
seed=1    avg_loss: 0.000000060022  time_per_window : 0.000246   progress : 0.066
name: models.architecture.block_type=simple_cls
training.mode=gml_rollout
models.out_dim=10
seed=1    avg_loss: 0.000000059373  time_per_window : 0.000210   progress : 0.076
name: models.architecture.block_type=simple_cls
training.mode=gml_rollout
models.out_dim=10
seed=1    avg_loss: 0.000000061034  time_per_window : 0.000214   progress : 0.087
name: models.architecture.block_type=simple_cls
training.mode=gml_rollout
models.out_dim=10
seed=1    avg_loss: 0.000000062477  time_per_window : 0.000291   progress : 0.098
name: models.architecture.block_type=simple_cls
training.mode=gml_rollout
models.out_dim=10
seed=1    avg_loss: 0.000000067808  time_per_window : 0.000231   progress : 0.109
name: models.architecture.block_type=simple_cls
training.mode=gml_rollout
models.out_dim=10
seed=1    avg_loss: 0.000000056997  time_per_window : 0.000231   progress : 0.120
name: models.architecture.block_type=simple_cls
training.mode=gml_rollout
models.out_dim=10
seed=1    avg_loss: 0.000000055931  time_per_window : 0.000304   progress : 0.131
name: models.architecture.block_type=simple_cls
training.mode=gml_rollout
models.out_dim=10
seed=1    avg_loss: 0.000000056727  time_per_window : 0.000227   progress : 0.142
name: models.architecture.block_type=simple_cls
training.mode=gml_rollout
models.out_dim=10
seed=1    avg_loss: 0.000000064467  time_per_window : 0.000295   progress : 0.153
name: models.architecture.block_type=simple_cls
training.mode=gml_rollout
models.out_dim=10
seed=1    avg_loss: 0.000000060275  time_per_window : 0.000242   progress : 0.164
name: models.architecture.block_type=simple_cls
training.mode=gml_rollout
models.out_dim=10
seed=1    avg_loss: 0.000000057921  time_per_window : 0.000242   progress : 0.175
name: models.architecture.block_type=simple_cls
training.mode=gml_rollout
models.out_dim=10
seed=1    avg_loss: 0.000000055078  time_per_window : 0.000342   progress : 0.186
name: models.architecture.block_type=simple_cls
training.mode=gml_rollout
models.out_dim=10
seed=1    avg_loss: 0.000000054161  time_per_window : 0.000314   progress : 0.197
name: models.architecture.block_type=simple_cls
training.mode=gml_rollout
models.out_dim=10
seed=1    avg_loss: 0.000000053125  time_per_window : 0.000205   progress : 0.208
name: models.architecture.block_type=simple_cls
training.mode=gml_rollout
models.out_dim=10
seed=1    avg_loss: 0.000000060616  time_per_window : 0.000218   progress : 0.218
name: models.architecture.block_type=simple_cls
training.mode=gml_rollout
models.out_dim=10
seed=1    avg_loss: 0.000000054537  time_per_window : 0.000253   progress : 0.229
name: models.architecture.block_type=simple_cls
training.mode=gml_rollout
models.out_dim=10
seed=1    avg_loss: 0.000000053276  time_per_window : 0.000279   progress : 0.240
name: models.architecture.block_type=simple_cls
training.mode=gml_rollout
models.out_dim=10
seed=1    avg_loss: 0.000000060690  time_per_window : 0.000262   progress : 0.251
name: models.architecture.block_type=simple_cls
training.mode=gml_rollout
models.out_dim=10
seed=1    avg_loss: 0.000000055901  time_per_window : 0.000202   progress : 0.262
name: models.architecture.block_type=simple_cls
training.mode=gml_rollout
models.out_dim=10
seed=1    avg_loss: 0.000000051278  time_per_window : 0.000268   progress : 0.273
name: models.architecture.block_type=simple_cls
training.mode=gml_rollout
models.out_dim=10
seed=1    avg_loss: 0.000000055925  time_per_window : 0.000284   progress : 0.284
name: models.architecture.block_type=simple_cls
training.mode=gml_rollout
models.out_dim=10
seed=1    avg_loss: 0.000000062802  time_per_window : 0.000282   progress : 0.295
name: models.architecture.block_type=simple_cls
training.mode=gml_rollout
models.out_dim=10
seed=1    avg_loss: 0.000000050704  time_per_window : 0.000338   progress : 0.306
name: models.architecture.block_type=simple_cls
training.mode=gml_rollout
models.out_dim=10
seed=1    avg_loss: 0.000000053222  time_per_window : 0.000244   progress : 0.317
name: models.architecture.block_type=simple_cls
training.mode=gml_rollout
models.out_dim=10
seed=1    avg_loss: 0.000000050267  time_per_window : 0.000327   progress : 0.328
name: models.architecture.block_type=simple_cls
training.mode=gml_rollout
models.out_dim=10
seed=1    avg_loss: 0.000000055158  time_per_window : 0.000246   progress : 0.339
name: models.architecture.block_type=simple_cls
training.mode=gml_rollout
models.out_dim=10
seed=1    avg_loss: 0.000000050577  time_per_window : 0.000242   progress : 0.350
name: models.architecture.block_type=simple_cls
training.mode=gml_rollout
models.out_dim=10
seed=1    avg_loss: 0.000000049272  time_per_window : 0.000347   progress : 0.360
name: models.architecture.block_type=simple_cls
training.mode=gml_rollout
models.out_dim=10
seed=1    avg_loss: 0.000000051022  time_per_window : 0.000296   progress : 0.371
name: models.architecture.block_type=simple_cls
training.mode=gml_rollout
models.out_dim=10
seed=1    avg_loss: 0.000000046060  time_per_window : 0.000325   progress : 0.382
name: models.architecture.block_type=simple_cls
training.mode=gml_rollout
models.out_dim=10
seed=1    avg_loss: 0.000000054690  time_per_window : 0.000369   progress : 0.393
name: models.architecture.block_type=simple_cls
training.mode=gml_rollout
models.out_dim=10
seed=1    avg_loss: 0.000000054057  time_per_window : 0.000214   progress : 0.404
name: models.architecture.block_type=simple_cls
training.mode=gml_rollout
models.out_dim=10
seed=1    avg_loss: 0.000000047241  time_per_window : 0.000298   progress : 0.415
name: models.architecture.block_type=simple_cls
training.mode=gml_rollout
models.out_dim=10
seed=1    avg_loss: 0.000000045034  time_per_window : 0.000252   progress : 0.426
name: models.architecture.block_type=simple_cls
training.mode=gml_rollout
models.out_dim=10
seed=1    avg_loss: 0.000000054044  time_per_window : 0.000221   progress : 0.437
name: models.architecture.block_type=simple_cls
training.mode=gml_rollout
models.out_dim=10
seed=1    avg_loss: 0.000000052229  time_per_window : 0.000243   progress : 0.448
name: models.architecture.block_type=simple_cls
training.mode=gml_rollout
models.out_dim=10
seed=1    avg_loss: 0.000000045425  time_per_window : 0.000305   progress : 0.459
name: models.architecture.block_type=simple_cls
training.mode=gml_rollout
models.out_dim=10
seed=1    avg_loss: 0.000000051202  time_per_window : 0.000216   progress : 0.470
name: models.architecture.block_type=simple_cls
training.mode=gml_rollout
models.out_dim=10
seed=1    avg_loss: 0.000000043247  time_per_window : 0.000250   progress : 0.481
name: models.architecture.block_type=simple_cls
training.mode=gml_rollout
models.out_dim=10
seed=1    avg_loss: 0.000000047862  time_per_window : 0.000284   progress : 0.492
name: models.architecture.block_type=simple_cls
training.mode=gml_rollout
models.out_dim=10
seed=1    avg_loss: 0.000000048667  time_per_window : 0.000224   progress : 0.502
name: models.architecture.block_type=simple_cls
training.mode=gml_rollout
models.out_dim=10
seed=1    avg_loss: 0.000000045413  time_per_window : 0.000221   progress : 0.513
name: models.architecture.block_type=simple_cls
training.mode=gml_rollout
models.out_dim=10
seed=1    avg_loss: 0.000000042863  time_per_window : 0.000265   progress : 0.524
name: models.architecture.block_type=simple_cls
training.mode=gml_rollout
models.out_dim=10
seed=1    avg_loss: 0.000000047458  time_per_window : 0.000228   progress : 0.535
name: models.architecture.block_type=simple_cls
training.mode=gml_rollout
models.out_dim=10
seed=1    avg_loss: 0.000000047541  time_per_window : 0.000255   progress : 0.546
name: models.architecture.block_type=simple_cls
training.mode=gml_rollout
models.out_dim=10
seed=1    avg_loss: 0.000000044622  time_per_window : 0.000281   progress : 0.557
name: models.architecture.block_type=simple_cls
training.mode=gml_rollout
models.out_dim=10
seed=1    avg_loss: 0.000000045435  time_per_window : 0.000232   progress : 0.568
name: models.architecture.block_type=simple_cls
training.mode=gml_rollout
models.out_dim=10
seed=1    avg_loss: 0.000000047197  time_per_window : 0.000245   progress : 0.579
name: models.architecture.block_type=simple_cls
training.mode=gml_rollout
models.out_dim=10
seed=2    avg_loss: 0.000000054169  time_per_window : 0.000253   progress : 0.066
name: models.architecture.block_type=simple_cls
training.mode=gml_rollout
models.out_dim=10
seed=2    avg_loss: 0.000000058319  time_per_window : 0.000277   progress : 0.076
name: models.architecture.block_type=simple_cls
training.mode=gml_rollout
models.out_dim=10
seed=2    avg_loss: 0.000000049683  time_per_window : 0.000310   progress : 0.087
name: models.architecture.block_type=simple_cls
training.mode=gml_rollout
models.out_dim=10
seed=2    avg_loss: 0.000000050285  time_per_window : 0.000251   progress : 0.098
name: models.architecture.block_type=simple_cls
training.mode=gml_rollout
models.out_dim=10
seed=2    avg_loss: 0.000000053712  time_per_window : 0.000279   progress : 0.109
name: models.architecture.block_type=simple_cls
training.mode=gml_rollout
models.out_dim=10
seed=2    avg_loss: 0.000000049141  time_per_window : 0.000228   progress : 0.120
name: models.architecture.block_type=simple_cls
training.mode=gml_rollout
models.out_dim=10
seed=2    avg_loss: 0.000000051100  time_per_window : 0.000306   progress : 0.131
name: models.architecture.block_type=simple_cls
training.mode=gml_rollout
models.out_dim=10
seed=2    avg_loss: 0.000000052567  time_per_window : 0.000228   progress : 0.142
name: models.architecture.block_type=simple_cls
training.mode=gml_rollout
models.out_dim=10
seed=2    avg_loss: 0.000000050850  time_per_window : 0.000298   progress : 0.153
name: models.architecture.block_type=simple_cls
training.mode=gml_rollout
models.out_dim=10
seed=2    avg_loss: 0.000000051536  time_per_window : 0.000214   progress : 0.164
name: models.architecture.block_type=simple_cls
training.mode=gml_rollout
models.out_dim=10
seed=2    avg_loss: 0.000000048150  time_per_window : 0.000309   progress : 0.175
name: models.architecture.block_type=simple_cls
training.mode=gml_rollout
models.out_dim=10
seed=2    avg_loss: 0.000000049926  time_per_window : 0.000268   progress : 0.186
name: models.architecture.block_type=simple_cls
training.mode=gml_rollout
models.out_dim=10
seed=2    avg_loss: 0.000000044455  time_per_window : 0.000311   progress : 0.197
name: models.architecture.block_type=simple_cls
training.mode=gml_rollout
models.out_dim=10
seed=2    avg_loss: 0.000000045276  time_per_window : 0.000257   progress : 0.208
name: models.architecture.block_type=simple_cls
training.mode=gml_rollout
models.out_dim=10
seed=2    avg_loss: 0.000000046447  time_per_window : 0.000330   progress : 0.218
name: models.architecture.block_type=simple_cls
training.mode=gml_rollout
models.out_dim=10
seed=2    avg_loss: 0.000000045460  time_per_window : 0.000244   progress : 0.229
name: models.architecture.block_type=simple_cls
training.mode=gml_rollout
models.out_dim=10
seed=2    avg_loss: 0.000000045043  time_per_window : 0.000284   progress : 0.240
name: models.architecture.block_type=simple_cls
training.mode=gml_rollout
models.out_dim=10
seed=2    avg_loss: 0.000000046907  time_per_window : 0.000272   progress : 0.251
name: models.architecture.block_type=simple_cls
training.mode=gml_rollout
models.out_dim=10
seed=2    avg_loss: 0.000000045720  time_per_window : 0.000244   progress : 0.262
name: models.architecture.block_type=simple_cls
training.mode=gml_rollout
models.out_dim=10
seed=2    avg_loss: 0.000000045733  time_per_window : 0.000196   progress : 0.273
name: models.architecture.block_type=simple_cls
training.mode=gml_rollout
models.out_dim=10
seed=2    avg_loss: 0.000000043571  time_per_window : 0.000257   progress : 0.284
name: models.architecture.block_type=simple_cls
training.mode=gml_rollout
models.out_dim=10
seed=2    avg_loss: 0.000000046297  time_per_window : 0.000242   progress : 0.295
name: models.architecture.block_type=simple_cls
training.mode=gml_rollout
models.out_dim=10
seed=2    avg_loss: 0.000000043651  time_per_window : 0.000218   progress : 0.306
name: models.architecture.block_type=simple_cls
training.mode=gml_rollout
models.out_dim=10
seed=2    avg_loss: 0.000000042631  time_per_window : 0.000291   progress : 0.317
name: models.architecture.block_type=simple_cls
training.mode=gml_rollout
models.out_dim=10
seed=2    avg_loss: 0.000000041205  time_per_window : 0.000281   progress : 0.328
name: models.architecture.block_type=simple_cls
training.mode=gml_rollout
models.out_dim=10
seed=2    avg_loss: 0.000000042344  time_per_window : 0.000228   progress : 0.339
name: models.architecture.block_type=simple_cls
training.mode=gml_rollout
models.out_dim=10
seed=2    avg_loss: 0.000000044048  time_per_window : 0.000204   progress : 0.350
name: models.architecture.block_type=simple_cls
training.mode=gml_rollout
models.out_dim=10
seed=2    avg_loss: 0.000000042150  time_per_window : 0.000286   progress : 0.360
name: models.architecture.block_type=simple_cls
training.mode=gml_rollout
models.out_dim=10
seed=2    avg_loss: 0.000000043625  time_per_window : 0.000256   progress : 0.371
name: models.architecture.block_type=simple_cls
training.mode=gml_rollout
models.out_dim=10
seed=2    avg_loss: 0.000000042108  time_per_window : 0.000293   progress : 0.382
name: models.architecture.block_type=simple_cls
training.mode=gml_rollout
models.out_dim=10
seed=2    avg_loss: 0.000000043566  time_per_window : 0.000334   progress : 0.393
name: models.architecture.block_type=simple_cls
training.mode=gml_rollout
models.out_dim=10
seed=2    avg_loss: 0.000000045011  time_per_window : 0.000251   progress : 0.404
name: models.architecture.block_type=simple_cls
training.mode=gml_rollout
models.out_dim=10
seed=2    avg_loss: 0.000000037134  time_per_window : 0.000258   progress : 0.415
name: models.architecture.block_type=simple_cls
training.mode=gml_rollout
models.out_dim=10
seed=2    avg_loss: 0.000000037556  time_per_window : 0.000221   progress : 0.426
name: models.architecture.block_type=simple_cls
training.mode=gml_rollout
models.out_dim=10
seed=2    avg_loss: 0.000000039738  time_per_window : 0.000293   progress : 0.437
name: models.architecture.block_type=simple_cls
training.mode=gml_rollout
models.out_dim=10
seed=2    avg_loss: 0.000000045250  time_per_window : 0.000210   progress : 0.448
name: models.architecture.block_type=simple_cls
training.mode=gml_rollout
models.out_dim=10
seed=2    avg_loss: 0.000000038205  time_per_window : 0.000226   progress : 0.459
name: models.architecture.block_type=simple_cls
training.mode=gml_rollout
models.out_dim=10
seed=2    avg_loss: 0.000000042483  time_per_window : 0.000281   progress : 0.470
name: models.architecture.block_type=simple_cls
training.mode=gml_rollout
models.out_dim=10
seed=2    avg_loss: 0.000000039866  time_per_window : 0.000300   progress : 0.481
name: models.architecture.block_type=simple_cls
training.mode=gml_rollout
models.out_dim=10
seed=2    avg_loss: 0.000000039388  time_per_window : 0.000361   progress : 0.492
name: models.architecture.block_type=simple_cls
training.mode=gml_rollout
models.out_dim=10
seed=2    avg_loss: 0.000000039652  time_per_window : 0.000343   progress : 0.502
name: models.architecture.block_type=simple_cls
training.mode=gml_rollout
models.out_dim=10
seed=2    avg_loss: 0.000000035520  time_per_window : 0.000278   progress : 0.513
name: models.architecture.block_type=simple_cls
training.mode=gml_rollout
models.out_dim=10
seed=2    avg_loss: 0.000000040112  time_per_window : 0.000248   progress : 0.524
name: models.architecture.block_type=simple_cls
training.mode=gml_rollout
models.out_dim=10
seed=2    avg_loss: 0.000000039681  time_per_window : 0.000292   progress : 0.535
name: models.architecture.block_type=simple_cls
training.mode=gml_rollout
models.out_dim=10
seed=2    avg_loss: 0.000000038914  time_per_window : 0.000348   progress : 0.546
name: models.architecture.block_type=simple_cls
training.mode=gml_rollout
models.out_dim=10
seed=2    avg_loss: 0.000000037646  time_per_window : 0.000241   progress : 0.557
name: models.architecture.block_type=simple_cls
training.mode=gml_rollout
models.out_dim=10
seed=2    avg_loss: 0.000000039172  time_per_window : 0.000348   progress : 0.568
name: models.architecture.block_type=simple_cls
training.mode=gml_rollout
models.out_dim=10
seed=2    avg_loss: 0.000000038158  time_per_window : 0.000251   progress : 0.579
name: models.architecture.block_type=simple_cls
training.mode=gml_rollout
models.out_dim=10
seed=3    avg_loss: 0.000000060869  time_per_window : 0.000208   progress : 0.066
name: models.architecture.block_type=simple_cls
training.mode=gml_rollout
models.out_dim=10
seed=3    avg_loss: 0.000000063157  time_per_window : 0.000233   progress : 0.076
name: models.architecture.block_type=simple_cls
training.mode=gml_rollout
models.out_dim=10
seed=3    avg_loss: 0.000000058181  time_per_window : 0.000213   progress : 0.087
name: models.architecture.block_type=simple_cls
training.mode=gml_rollout
models.out_dim=10
seed=3    avg_loss: 0.000000059683  time_per_window : 0.000266   progress : 0.098
name: models.architecture.block_type=simple_cls
training.mode=gml_rollout
models.out_dim=10
seed=3    avg_loss: 0.000000060834  time_per_window : 0.000242   progress : 0.109
name: models.architecture.block_type=simple_cls
training.mode=gml_rollout
models.out_dim=10
seed=3    avg_loss: 0.000000053377  time_per_window : 0.000188   progress : 0.120
name: models.architecture.block_type=simple_cls
training.mode=gml_rollout
models.out_dim=10
seed=3    avg_loss: 0.000000055034  time_per_window : 0.000274   progress : 0.131
name: models.architecture.block_type=simple_cls
training.mode=gml_rollout
models.out_dim=10
seed=3    avg_loss: 0.000000051604  time_per_window : 0.000310   progress : 0.142
name: models.architecture.block_type=simple_cls
training.mode=gml_rollout
models.out_dim=10
seed=3    avg_loss: 0.000000062420  time_per_window : 0.000207   progress : 0.153
name: models.architecture.block_type=simple_cls
training.mode=gml_rollout
models.out_dim=10
seed=3    avg_loss: 0.000000053540  time_per_window : 0.000354   progress : 0.164
name: models.architecture.block_type=simple_cls
training.mode=gml_rollout
models.out_dim=10
seed=3    avg_loss: 0.000000052513  time_per_window : 0.000266   progress : 0.175
name: models.architecture.block_type=simple_cls
training.mode=gml_rollout
models.out_dim=10
seed=3    avg_loss: 0.000000055904  time_per_window : 0.000230   progress : 0.186
name: models.architecture.block_type=simple_cls
training.mode=gml_rollout
models.out_dim=10
seed=3    avg_loss: 0.000000052501  time_per_window : 0.000348   progress : 0.197
name: models.architecture.block_type=simple_cls
training.mode=gml_rollout
models.out_dim=10
seed=3    avg_loss: 0.000000051066  time_per_window : 0.000326   progress : 0.208
name: models.architecture.block_type=simple_cls
training.mode=gml_rollout
models.out_dim=10
seed=3    avg_loss: 0.000000047248  time_per_window : 0.000279   progress : 0.218
name: models.architecture.block_type=simple_cls
training.mode=gml_rollout
models.out_dim=10
seed=3    avg_loss: 0.000000053657  time_per_window : 0.000266   progress : 0.229
name: models.architecture.block_type=simple_cls
training.mode=gml_rollout
models.out_dim=10
seed=3    avg_loss: 0.000000051423  time_per_window : 0.000241   progress : 0.240
name: models.architecture.block_type=simple_cls
training.mode=gml_rollout
models.out_dim=10
seed=3    avg_loss: 0.000000054575  time_per_window : 0.000260   progress : 0.251
name: models.architecture.block_type=simple_cls
training.mode=gml_rollout
models.out_dim=10
seed=3    avg_loss: 0.000000050966  time_per_window : 0.000298   progress : 0.262
name: models.architecture.block_type=simple_cls
training.mode=gml_rollout
models.out_dim=10
seed=3    avg_loss: 0.000000048804  time_per_window : 0.000291   progress : 0.273
name: models.architecture.block_type=simple_cls
training.mode=gml_rollout
models.out_dim=10
seed=3    avg_loss: 0.000000050936  time_per_window : 0.000236   progress : 0.284
name: models.architecture.block_type=simple_cls
training.mode=gml_rollout
models.out_dim=10
seed=3    avg_loss: 0.000000052564  time_per_window : 0.000268   progress : 0.295
name: models.architecture.block_type=simple_cls
training.mode=gml_rollout
models.out_dim=10
seed=3    avg_loss: 0.000000050944  time_per_window : 0.000363   progress : 0.306
name: models.architecture.block_type=simple_cls
training.mode=gml_rollout
models.out_dim=10
seed=3    avg_loss: 0.000000046999  time_per_window : 0.000284   progress : 0.317
name: models.architecture.block_type=simple_cls
training.mode=gml_rollout
models.out_dim=10
seed=3    avg_loss: 0.000000048894  time_per_window : 0.000304   progress : 0.328
name: models.architecture.block_type=simple_cls
training.mode=gml_rollout
models.out_dim=10
seed=3    avg_loss: 0.000000051932  time_per_window : 0.000251   progress : 0.339
name: models.architecture.block_type=simple_cls
training.mode=gml_rollout
models.out_dim=10
seed=3    avg_loss: 0.000000048874  time_per_window : 0.000232   progress : 0.350
name: models.architecture.block_type=simple_cls
training.mode=gml_rollout
models.out_dim=10
seed=3    avg_loss: 0.000000040193  time_per_window : 0.000331   progress : 0.360
name: models.architecture.block_type=simple_cls
training.mode=gml_rollout
models.out_dim=10
seed=3    avg_loss: 0.000000046554  time_per_window : 0.000242   progress : 0.371
name: models.architecture.block_type=simple_cls
training.mode=gml_rollout
models.out_dim=10
seed=3    avg_loss: 0.000000047038  time_per_window : 0.000225   progress : 0.382
name: models.architecture.block_type=simple_cls
training.mode=gml_rollout
models.out_dim=10
seed=3    avg_loss: 0.000000051434  time_per_window : 0.000211   progress : 0.393
name: models.architecture.block_type=simple_cls
training.mode=gml_rollout
models.out_dim=10
seed=3    avg_loss: 0.000000056214  time_per_window : 0.000337   progress : 0.404
name: models.architecture.block_type=simple_cls
training.mode=gml_rollout
models.out_dim=10
seed=3    avg_loss: 0.000000042509  time_per_window : 0.000206   progress : 0.415
name: models.architecture.block_type=simple_cls
training.mode=gml_rollout
models.out_dim=10
seed=3    avg_loss: 0.000000047264  time_per_window : 0.000285   progress : 0.426
name: models.architecture.block_type=simple_cls
training.mode=gml_rollout
models.out_dim=10
seed=3    avg_loss: 0.000000050666  time_per_window : 0.000279   progress : 0.437
name: models.architecture.block_type=simple_cls
training.mode=gml_rollout
models.out_dim=10
seed=3    avg_loss: 0.000000043883  time_per_window : 0.000216   progress : 0.448
name: models.architecture.block_type=simple_cls
training.mode=gml_rollout
models.out_dim=10
seed=3    avg_loss: 0.000000042217  time_per_window : 0.000291   progress : 0.459
name: models.architecture.block_type=simple_cls
training.mode=gml_rollout
models.out_dim=10
seed=3    avg_loss: 0.000000041067  time_per_window : 0.000265   progress : 0.470
name: models.architecture.block_type=simple_cls
training.mode=gml_rollout
models.out_dim=10
seed=3    avg_loss: 0.000000042087  time_per_window : 0.000320   progress : 0.481
name: models.architecture.block_type=simple_cls
training.mode=gml_rollout
models.out_dim=10
seed=3    avg_loss: 0.000000046318  time_per_window : 0.000347   progress : 0.492
name: models.architecture.block_type=simple_cls
training.mode=gml_rollout
models.out_dim=10
seed=3    avg_loss: 0.000000043684  time_per_window : 0.000280   progress : 0.502
name: models.architecture.block_type=simple_cls
training.mode=gml_rollout
models.out_dim=10
seed=3    avg_loss: 0.000000042596  time_per_window : 0.000221   progress : 0.513
name: models.architecture.block_type=simple_cls
training.mode=gml_rollout
models.out_dim=10
seed=3    avg_loss: 0.000000042806  time_per_window : 0.000231   progress : 0.524
name: models.architecture.block_type=simple_cls
training.mode=gml_rollout
models.out_dim=10
seed=3    avg_loss: 0.000000043670  time_per_window : 0.000235   progress : 0.535
name: models.architecture.block_type=simple_cls
training.mode=gml_rollout
models.out_dim=10
seed=3    avg_loss: 0.000000043778  time_per_window : 0.000218   progress : 0.546
name: models.architecture.block_type=simple_cls
training.mode=gml_rollout
models.out_dim=10
seed=3    avg_loss: 0.000000040149  time_per_window : 0.000251   progress : 0.557
name: models.architecture.block_type=simple_cls
training.mode=gml_rollout
models.out_dim=10
seed=3    avg_loss: 0.000000040586  time_per_window : 0.000257   progress : 0.568
name: models.architecture.block_type=simple_cls
training.mode=gml_rollout
models.out_dim=10
seed=3    avg_loss: 0.000000046080  time_per_window : 0.000246   progress : 0.579
name: models.architecture.block_type=simple_cls
training.mode=gml_rollout
models.out_dim=10
seed=4    avg_loss: 0.000000037092  time_per_window : 0.000227   progress : 0.590
name: models.architecture.block_type=simple_cls
training.mode=gml_rollout
models.out_dim=10
seed=4    avg_loss: 0.000000039263  time_per_window : 0.000228   progress : 0.601
name: models.architecture.block_type=simple_cls
training.mode=gml_rollout
models.out_dim=10
seed=4    avg_loss: 0.000000041011  time_per_window : 0.000283   progress : 0.612
name: models.architecture.block_type=simple_cls
training.mode=gml_rollout
models.out_dim=10
seed=4    avg_loss: 0.000000039671  time_per_window : 0.000272   progress : 0.623
name: models.architecture.block_type=simple_cls
training.mode=gml_rollout
models.out_dim=10
seed=4    avg_loss: 0.000000039729  time_per_window : 0.000276   progress : 0.634
name: models.architecture.block_type=simple_cls
training.mode=gml_rollout
models.out_dim=10
seed=4    avg_loss: 0.000000038169  time_per_window : 0.000219   progress : 0.644
name: models.architecture.block_type=simple_cls
training.mode=gml_rollout
models.out_dim=10
seed=4    avg_loss: 0.000000038737  time_per_window : 0.000209   progress : 0.655
name: models.architecture.block_type=simple_cls
training.mode=gml_rollout
models.out_dim=10
seed=4    avg_loss: 0.000000037452  time_per_window : 0.000219   progress : 0.666
name: models.architecture.block_type=simple_cls
training.mode=gml_rollout
models.out_dim=10
seed=4    avg_loss: 0.000000039527  time_per_window : 0.000228   progress : 0.677
name: models.architecture.block_type=simple_cls
training.mode=gml_rollout
models.out_dim=10
seed=4    avg_loss: 0.000000039422  time_per_window : 0.000252   progress : 0.688
name: models.architecture.block_type=simple_cls
training.mode=gml_rollout
models.out_dim=10
seed=4    avg_loss: 0.000000039909  time_per_window : 0.000225   progress : 0.699
name: models.architecture.block_type=simple_cls
training.mode=gml_rollout
models.out_dim=10
seed=4    avg_loss: 0.000000034919  time_per_window : 0.000296   progress : 0.710
name: models.architecture.block_type=simple_cls
training.mode=gml_rollout
models.out_dim=10
seed=4    avg_loss: 0.000000037451  time_per_window : 0.000294   progress : 0.721
name: models.architecture.block_type=simple_cls
training.mode=gml_rollout
models.out_dim=10
seed=4    avg_loss: 0.000000037601  time_per_window : 0.000329   progress : 0.732
name: models.architecture.block_type=simple_cls
training.mode=gml_rollout
models.out_dim=10
seed=4    avg_loss: 0.000000036724  time_per_window : 0.000244   progress : 0.743
name: models.architecture.block_type=simple_cls
training.mode=gml_rollout
models.out_dim=10
seed=4    avg_loss: 0.000000037293  time_per_window : 0.000274   progress : 0.754
name: models.architecture.block_type=simple_cls
training.mode=gml_rollout
models.out_dim=10
seed=4    avg_loss: 0.000000037302  time_per_window : 0.000242   progress : 0.765
name: models.architecture.block_type=simple_cls
training.mode=gml_rollout
models.out_dim=10
seed=4    avg_loss: 0.000000041320  time_per_window : 0.000276   progress : 0.775
name: models.architecture.block_type=simple_cls
training.mode=gml_rollout
models.out_dim=10
seed=4    avg_loss: 0.000000042405  time_per_window : 0.000284   progress : 0.786
name: models.architecture.block_type=simple_cls
training.mode=gml_rollout
models.out_dim=10
seed=4    avg_loss: 0.000000033114  time_per_window : 0.000301   progress : 0.797
name: models.architecture.block_type=simple_cls
training.mode=gml_rollout
models.out_dim=10
seed=4    avg_loss: 0.000000035917  time_per_window : 0.000241   progress : 0.808
name: models.architecture.block_type=simple_cls
training.mode=gml_rollout
models.out_dim=10
seed=4    avg_loss: 0.000000031401  time_per_window : 0.000255   progress : 0.819
name: models.architecture.block_type=simple_cls
training.mode=gml_rollout
models.out_dim=10
seed=4    avg_loss: 0.000000038164  time_per_window : 0.000247   progress : 0.830
name: models.architecture.block_type=simple_cls
training.mode=gml_rollout
models.out_dim=10
seed=4    avg_loss: 0.000000033872  time_per_window : 0.000240   progress : 0.841
name: models.architecture.block_type=simple_cls
training.mode=gml_rollout
models.out_dim=10
seed=4    avg_loss: 0.000000035637  time_per_window : 0.000267   progress : 0.852
name: models.architecture.block_type=simple_cls
training.mode=gml_rollout
models.out_dim=10
seed=4    avg_loss: 0.000000038831  time_per_window : 0.000337   progress : 0.863
name: models.architecture.block_type=simple_cls
training.mode=gml_rollout
models.out_dim=10
seed=4    avg_loss: 0.000000034780  time_per_window : 0.000285   progress : 0.874
name: models.architecture.block_type=simple_cls
training.mode=gml_rollout
models.out_dim=10
seed=4    avg_loss: 0.000000033311  time_per_window : 0.000276   progress : 0.885
name: models.architecture.block_type=simple_cls
training.mode=gml_rollout
models.out_dim=10
seed=4    avg_loss: 0.000000035179  time_per_window : 0.000309   progress : 0.896
name: models.architecture.block_type=simple_cls
training.mode=gml_rollout
models.out_dim=10
seed=4    avg_loss: 0.000000033376  time_per_window : 0.000334   progress : 0.907
name: models.architecture.block_type=simple_cls
training.mode=gml_rollout
models.out_dim=10
seed=4    avg_loss: 0.000000036752  time_per_window : 0.000246   progress : 0.917
name: models.architecture.block_type=simple_cls
training.mode=gml_rollout
models.out_dim=10
seed=4    avg_loss: 0.000000034367  time_per_window : 0.000228   progress : 0.928
name: models.architecture.block_type=simple_cls
training.mode=gml_rollout
models.out_dim=10
seed=4    avg_loss: 0.000000037282  time_per_window : 0.000341   progress : 0.939
name: models.architecture.block_type=simple_cls
training.mode=gml_rollout
models.out_dim=10
seed=4    avg_loss: 0.000000034270  time_per_window : 0.000296   progress : 0.950
name: models.architecture.block_type=simple_cls
training.mode=gml_rollout
models.out_dim=10
seed=4    avg_loss: 0.000000030880  time_per_window : 0.000219   progress : 0.961
name: models.architecture.block_type=simple_cls
training.mode=gml_rollout
models.out_dim=10
seed=4    avg_loss: 0.000000036232  time_per_window : 0.000239   progress : 0.972
name: models.architecture.block_type=simple_cls
training.mode=gml_rollout
models.out_dim=10
seed=4    avg_loss: 0.000000033562  time_per_window : 0.000212   progress : 0.983
name: models.architecture.block_type=simple_cls
training.mode=gml_rollout
models.out_dim=10
seed=4    avg_loss: 0.000000028921  time_per_window : 0.000283   progress : 0.994
name: models.architecture.block_type=simple_cls
training.mode=gml_rollout
models.out_dim=10
seed=4    avg_loss: 0.000002615736  time_per_window : 0.000228   progress : 0.011
name: models.architecture.block_type=simple_cls
training.mode=gml_rollout
models.out_dim=10
seed=4    avg_loss: 0.000000575314  time_per_window : 0.000348   progress : 0.022
name: models.architecture.block_type=simple_cls
training.mode=gml_rollout
models.out_dim=10
seed=4    avg_loss: 0.000000455944  time_per_window : 0.000256   progress : 0.033
name: models.architecture.block_type=simple_cls
training.mode=gml_rollout
models.out_dim=10
seed=4    avg_loss: 0.000000326569  time_per_window : 0.000250   progress : 0.044
name: models.architecture.block_type=simple_cls
training.mode=gml_rollout
models.out_dim=10
seed=4    avg_loss: 0.000000260747  time_per_window : 0.000291   progress : 0.055
name: models.architecture.block_type=simple_cls
training.mode=gml_rollout
models.out_dim=10
seed=4    avg_loss: 0.000000217596  time_per_window : 0.000272   progress : 0.066
name: models.architecture.block_type=simple_cls
training.mode=gml_rollout
models.out_dim=10
seed=4    avg_loss: 0.000000219407  time_per_window : 0.000217   progress : 0.076
name: models.architecture.block_type=simple_cls
training.mode=gml_rollout
models.out_dim=10
seed=4    avg_loss: 0.000000194367  time_per_window : 0.000350   progress : 0.087
name: models.architecture.block_type=simple_cls
training.mode=gml_rollout
models.out_dim=10
seed=4    avg_loss: 0.000000143487  time_per_window : 0.000236   progress : 0.098
name: models.architecture.block_type=simple_cls
training.mode=gml_rollout
models.out_dim=10
seed=4    avg_loss: 0.000000150377  time_per_window : 0.000264   progress : 0.109
name: models.architecture.block_type=simple_cls
training.mode=gml_rollout
models.out_dim=10
seed=0    avg_loss: 0.000000041157  time_per_window : 0.000215   progress : 0.590
name: models.architecture.block_type=simple_cls
training.mode=gml_rollout
models.out_dim=10
seed=0    avg_loss: 0.000000040840  time_per_window : 0.000284   progress : 0.601
name: models.architecture.block_type=simple_cls
training.mode=gml_rollout
models.out_dim=10
seed=0    avg_loss: 0.000000047476  time_per_window : 0.000249   progress : 0.612
name: models.architecture.block_type=simple_cls
training.mode=gml_rollout
models.out_dim=10
seed=0    avg_loss: 0.000000043079  time_per_window : 0.000256   progress : 0.623
name: models.architecture.block_type=simple_cls
training.mode=gml_rollout
models.out_dim=10
seed=0    avg_loss: 0.000000039660  time_per_window : 0.000216   progress : 0.634
name: models.architecture.block_type=simple_cls
training.mode=gml_rollout
models.out_dim=10
seed=0    avg_loss: 0.000000046484  time_per_window : 0.000235   progress : 0.644
name: models.architecture.block_type=simple_cls
training.mode=gml_rollout
models.out_dim=10
seed=0    avg_loss: 0.000000040152  time_per_window : 0.000290   progress : 0.655
name: models.architecture.block_type=simple_cls
training.mode=gml_rollout
models.out_dim=10
seed=0    avg_loss: 0.000000042467  time_per_window : 0.000202   progress : 0.666
name: models.architecture.block_type=simple_cls
training.mode=gml_rollout
models.out_dim=10
seed=0    avg_loss: 0.000000042097  time_per_window : 0.000278   progress : 0.677
name: models.architecture.block_type=simple_cls
training.mode=gml_rollout
models.out_dim=10
seed=0    avg_loss: 0.000000040296  time_per_window : 0.000318   progress : 0.688
name: models.architecture.block_type=simple_cls
training.mode=gml_rollout
models.out_dim=10
seed=0    avg_loss: 0.000000039046  time_per_window : 0.000240   progress : 0.699
name: models.architecture.block_type=simple_cls
training.mode=gml_rollout
models.out_dim=10
seed=0    avg_loss: 0.000000040093  time_per_window : 0.000340   progress : 0.710
name: models.architecture.block_type=simple_cls
training.mode=gml_rollout
models.out_dim=10
seed=0    avg_loss: 0.000000039682  time_per_window : 0.000213   progress : 0.721
name: models.architecture.block_type=simple_cls
training.mode=gml_rollout
models.out_dim=10
seed=0    avg_loss: 0.000000043265  time_per_window : 0.000316   progress : 0.732
name: models.architecture.block_type=simple_cls
training.mode=gml_rollout
models.out_dim=10
seed=0    avg_loss: 0.000000042369  time_per_window : 0.000325   progress : 0.743
name: models.architecture.block_type=simple_cls
training.mode=gml_rollout
models.out_dim=10
seed=0    avg_loss: 0.000000040429  time_per_window : 0.000298   progress : 0.754
name: models.architecture.block_type=simple_cls
training.mode=gml_rollout
models.out_dim=10
seed=0    avg_loss: 0.000000039821  time_per_window : 0.000281   progress : 0.765
name: models.architecture.block_type=simple_cls
training.mode=gml_rollout
models.out_dim=10
seed=0    avg_loss: 0.000000039549  time_per_window : 0.000254   progress : 0.775
name: models.architecture.block_type=simple_cls
training.mode=gml_rollout
models.out_dim=10
seed=0    avg_loss: 0.000000046363  time_per_window : 0.000273   progress : 0.786
name: models.architecture.block_type=simple_cls
training.mode=gml_rollout
models.out_dim=10
seed=0    avg_loss: 0.000000039720  time_per_window : 0.000233   progress : 0.797
name: models.architecture.block_type=simple_cls
training.mode=gml_rollout
models.out_dim=10
seed=0    avg_loss: 0.000000036129  time_per_window : 0.000263   progress : 0.808
name: models.architecture.block_type=simple_cls
training.mode=gml_rollout
models.out_dim=10
seed=0    avg_loss: 0.000000034679  time_per_window : 0.000336   progress : 0.819
name: models.architecture.block_type=simple_cls
training.mode=gml_rollout
models.out_dim=10
seed=0    avg_loss: 0.000000037304  time_per_window : 0.000239   progress : 0.830
name: models.architecture.block_type=simple_cls
training.mode=gml_rollout
models.out_dim=10
seed=0    avg_loss: 0.000000046344  time_per_window : 0.000312   progress : 0.841
name: models.architecture.block_type=simple_cls
training.mode=gml_rollout
models.out_dim=10
seed=0    avg_loss: 0.000000043875  time_per_window : 0.000290   progress : 0.852
name: models.architecture.block_type=simple_cls
training.mode=gml_rollout
models.out_dim=10
seed=0    avg_loss: 0.000000041058  time_per_window : 0.000347   progress : 0.863
name: models.architecture.block_type=simple_cls
training.mode=gml_rollout
models.out_dim=10
seed=0    avg_loss: 0.000000036457  time_per_window : 0.000245   progress : 0.874
name: models.architecture.block_type=simple_cls
training.mode=gml_rollout
models.out_dim=10
seed=0    avg_loss: 0.000000036393  time_per_window : 0.000253   progress : 0.885
name: models.architecture.block_type=simple_cls
training.mode=gml_rollout
models.out_dim=10
seed=0    avg_loss: 0.000000035052  time_per_window : 0.000289   progress : 0.896
name: models.architecture.block_type=simple_cls
training.mode=gml_rollout
models.out_dim=10
seed=0    avg_loss: 0.000000037740  time_per_window : 0.000309   progress : 0.907
name: models.architecture.block_type=simple_cls
training.mode=gml_rollout
models.out_dim=10
seed=0    avg_loss: 0.000000037127  time_per_window : 0.000295   progress : 0.917
name: models.architecture.block_type=simple_cls
training.mode=gml_rollout
models.out_dim=10
seed=0    avg_loss: 0.000000036099  time_per_window : 0.000364   progress : 0.928
name: models.architecture.block_type=simple_cls
training.mode=gml_rollout
models.out_dim=10
seed=0    avg_loss: 0.000000031025  time_per_window : 0.000347   progress : 0.939
name: models.architecture.block_type=simple_cls
training.mode=gml_rollout
models.out_dim=10
seed=0    avg_loss: 0.000000036549  time_per_window : 0.000352   progress : 0.950
name: models.architecture.block_type=simple_cls
training.mode=gml_rollout
models.out_dim=10
seed=0    avg_loss: 0.000000036939  time_per_window : 0.000334   progress : 0.961
name: models.architecture.block_type=simple_cls
training.mode=gml_rollout
models.out_dim=10
seed=0    avg_loss: 0.000000036817  time_per_window : 0.000249   progress : 0.972
name: models.architecture.block_type=simple_cls
training.mode=gml_rollout
models.out_dim=10
seed=0    avg_loss: 0.000000033763  time_per_window : 0.000229   progress : 0.983
name: models.architecture.block_type=simple_cls
training.mode=gml_rollout
models.out_dim=10
seed=0    avg_loss: 0.000000034251  time_per_window : 0.000307   progress : 0.994
name: models.architecture.block_type=simple_cls
training.mode=gml_rollout
models.out_dim=10
seed=0    avg_loss: 0.000003626627  time_per_window : 0.000224   progress : 0.011
name: models.architecture.block_type=simple_cls
training.mode=gml_rollout
models.out_dim=10
seed=0    avg_loss: 0.000000698543  time_per_window : 0.000210   progress : 0.022
name: models.architecture.block_type=simple_cls
training.mode=gml_rollout
models.out_dim=10
seed=0    avg_loss: 0.000000468259  time_per_window : 0.000242   progress : 0.033
name: models.architecture.block_type=simple_cls
training.mode=gml_rollout
models.out_dim=10
seed=0    avg_loss: 0.000000298757  time_per_window : 0.000267   progress : 0.044
name: models.architecture.block_type=simple_cls
training.mode=gml_rollout
models.out_dim=10
seed=0    avg_loss: 0.000000296815  time_per_window : 0.000304   progress : 0.055
name: models.architecture.block_type=simple_cls
training.mode=gml_rollout
models.out_dim=10
seed=0    avg_loss: 0.000000273312  time_per_window : 0.000217   progress : 0.066
name: models.architecture.block_type=simple_cls
training.mode=gml_rollout
models.out_dim=10
seed=0    avg_loss: 0.000000276331  time_per_window : 0.000289   progress : 0.076
name: models.architecture.block_type=simple_cls
training.mode=gml_rollout
models.out_dim=10
seed=0    avg_loss: 0.000000262143  time_per_window : 0.000249   progress : 0.087
name: models.architecture.block_type=simple_cls
training.mode=gml_rollout
models.out_dim=10
seed=0    avg_loss: 0.000000233764  time_per_window : 0.000262   progress : 0.098
name: models.architecture.block_type=simple_cls
training.mode=gml_rollout
models.out_dim=10
seed=0    avg_loss: 0.000000218648  time_per_window : 0.000266   progress : 0.109
name: models.architecture.block_type=simple_cls
training.mode=gml_rollout
models.out_dim=10
seed=1    avg_loss: 0.000000042875  time_per_window : 0.000289   progress : 0.590
name: models.architecture.block_type=simple_cls
training.mode=gml_rollout
models.out_dim=10
seed=1    avg_loss: 0.000000040786  time_per_window : 0.000251   progress : 0.601
name: models.architecture.block_type=simple_cls
training.mode=gml_rollout
models.out_dim=10
seed=1    avg_loss: 0.000000042069  time_per_window : 0.000272   progress : 0.612
name: models.architecture.block_type=simple_cls
training.mode=gml_rollout
models.out_dim=10
seed=1    avg_loss: 0.000000038960  time_per_window : 0.000264   progress : 0.623
name: models.architecture.block_type=simple_cls
training.mode=gml_rollout
models.out_dim=10
seed=1    avg_loss: 0.000000041720  time_per_window : 0.000260   progress : 0.634
name: models.architecture.block_type=simple_cls
training.mode=gml_rollout
models.out_dim=10
seed=1    avg_loss: 0.000000043986  time_per_window : 0.000219   progress : 0.644
name: models.architecture.block_type=simple_cls
training.mode=gml_rollout
models.out_dim=10
seed=1    avg_loss: 0.000000049142  time_per_window : 0.000262   progress : 0.655
name: models.architecture.block_type=simple_cls
training.mode=gml_rollout
models.out_dim=10
seed=1    avg_loss: 0.000000040653  time_per_window : 0.000210   progress : 0.666
name: models.architecture.block_type=simple_cls
training.mode=gml_rollout
models.out_dim=10
seed=1    avg_loss: 0.000000040886  time_per_window : 0.000232   progress : 0.677
name: models.architecture.block_type=simple_cls
training.mode=gml_rollout
models.out_dim=10
seed=1    avg_loss: 0.000000041496  time_per_window : 0.000288   progress : 0.688
name: models.architecture.block_type=simple_cls
training.mode=gml_rollout
models.out_dim=10
seed=1    avg_loss: 0.000000040674  time_per_window : 0.000237   progress : 0.699
name: models.architecture.block_type=simple_cls
training.mode=gml_rollout
models.out_dim=10
seed=1    avg_loss: 0.000000038591  time_per_window : 0.000256   progress : 0.710
name: models.architecture.block_type=simple_cls
training.mode=gml_rollout
models.out_dim=10
seed=1    avg_loss: 0.000000039939  time_per_window : 0.000250   progress : 0.721
name: models.architecture.block_type=simple_cls
training.mode=gml_rollout
models.out_dim=10
seed=1    avg_loss: 0.000000039151  time_per_window : 0.000322   progress : 0.732
name: models.architecture.block_type=simple_cls
training.mode=gml_rollout
models.out_dim=10
seed=1    avg_loss: 0.000000037769  time_per_window : 0.000250   progress : 0.743
name: models.architecture.block_type=simple_cls
training.mode=gml_rollout
models.out_dim=10
seed=1    avg_loss: 0.000000036103  time_per_window : 0.000304   progress : 0.754
name: models.architecture.block_type=simple_cls
training.mode=gml_rollout
models.out_dim=10
seed=1    avg_loss: 0.000000039325  time_per_window : 0.000279   progress : 0.765
name: models.architecture.block_type=simple_cls
training.mode=gml_rollout
models.out_dim=10
seed=1    avg_loss: 0.000000040664  time_per_window : 0.000252   progress : 0.775
name: models.architecture.block_type=simple_cls
training.mode=gml_rollout
models.out_dim=10
seed=1    avg_loss: 0.000000045265  time_per_window : 0.000328   progress : 0.786
name: models.architecture.block_type=simple_cls
training.mode=gml_rollout
models.out_dim=10
seed=1    avg_loss: 0.000000038596  time_per_window : 0.000358   progress : 0.797
name: models.architecture.block_type=simple_cls
training.mode=gml_rollout
models.out_dim=10
seed=1    avg_loss: 0.000000037058  time_per_window : 0.000220   progress : 0.808
name: models.architecture.block_type=simple_cls
training.mode=gml_rollout
models.out_dim=10
seed=1    avg_loss: 0.000000036731  time_per_window : 0.000258   progress : 0.819
name: models.architecture.block_type=simple_cls
training.mode=gml_rollout
models.out_dim=10
seed=1    avg_loss: 0.000000038721  time_per_window : 0.000316   progress : 0.830
name: models.architecture.block_type=simple_cls
training.mode=gml_rollout
models.out_dim=10
seed=1    avg_loss: 0.000000040555  time_per_window : 0.000223   progress : 0.841
name: models.architecture.block_type=simple_cls
training.mode=gml_rollout
models.out_dim=10
seed=1    avg_loss: 0.000000039259  time_per_window : 0.000313   progress : 0.852
name: models.architecture.block_type=simple_cls
training.mode=gml_rollout
models.out_dim=10
seed=1    avg_loss: 0.000000039959  time_per_window : 0.000326   progress : 0.863
name: models.architecture.block_type=simple_cls
training.mode=gml_rollout
models.out_dim=10
seed=1    avg_loss: 0.000000036054  time_per_window : 0.000291   progress : 0.874
name: models.architecture.block_type=simple_cls
training.mode=gml_rollout
models.out_dim=10
seed=1    avg_loss: 0.000000039330  time_per_window : 0.000308   progress : 0.885
name: models.architecture.block_type=simple_cls
training.mode=gml_rollout
models.out_dim=10
seed=1    avg_loss: 0.000000033991  time_per_window : 0.000216   progress : 0.896
name: models.architecture.block_type=simple_cls
training.mode=gml_rollout
models.out_dim=10
seed=1    avg_loss: 0.000000067917  time_per_window : 0.000343   progress : 0.907
name: models.architecture.block_type=simple_cls
training.mode=gml_rollout
models.out_dim=10
seed=1    avg_loss: 0.000000034786  time_per_window : 0.000221   progress : 0.917
name: models.architecture.block_type=simple_cls
training.mode=gml_rollout
models.out_dim=10
seed=1    avg_loss: 0.000000035004  time_per_window : 0.000329   progress : 0.928
name: models.architecture.block_type=simple_cls
training.mode=gml_rollout
models.out_dim=10
seed=1    avg_loss: 0.000000033067  time_per_window : 0.000318   progress : 0.939
name: models.architecture.block_type=simple_cls
training.mode=gml_rollout
models.out_dim=10
seed=1    avg_loss: 0.000000038529  time_per_window : 0.000357   progress : 0.950
name: models.architecture.block_type=simple_cls
training.mode=gml_rollout
models.out_dim=10
seed=1    avg_loss: 0.000000033407  time_per_window : 0.000223   progress : 0.961
name: models.architecture.block_type=simple_cls
training.mode=gml_rollout
models.out_dim=10
seed=1    avg_loss: 0.000000035526  time_per_window : 0.000217   progress : 0.972
name: models.architecture.block_type=simple_cls
training.mode=gml_rollout
models.out_dim=10
seed=1    avg_loss: 0.000000035026  time_per_window : 0.000294   progress : 0.983
name: models.architecture.block_type=simple_cls
training.mode=gml_rollout
models.out_dim=10
seed=1    avg_loss: 0.000000036471  time_per_window : 0.000297   progress : 0.994
name: models.architecture.block_type=simple_cls
training.mode=gml_rollout
models.out_dim=10
seed=1    avg_loss: 0.000003599051  time_per_window : 0.000344   progress : 0.011
name: models.architecture.block_type=simple_cls
training.mode=gml_rollout
models.out_dim=10
seed=1    avg_loss: 0.000000621560  time_per_window : 0.000227   progress : 0.022
name: models.architecture.block_type=simple_cls
training.mode=gml_rollout
models.out_dim=10
seed=1    avg_loss: 0.000000442312  time_per_window : 0.000221   progress : 0.033
name: models.architecture.block_type=simple_cls
training.mode=gml_rollout
models.out_dim=10
seed=1    avg_loss: 0.000000303991  time_per_window : 0.000231   progress : 0.044
name: models.architecture.block_type=simple_cls
training.mode=gml_rollout
models.out_dim=10
seed=1    avg_loss: 0.000000279782  time_per_window : 0.000231   progress : 0.055
name: models.architecture.block_type=simple_cls
training.mode=gml_rollout
models.out_dim=10
seed=1    avg_loss: 0.000000284764  time_per_window : 0.000216   progress : 0.066
name: models.architecture.block_type=simple_cls
training.mode=gml_rollout
models.out_dim=10
seed=1    avg_loss: 0.000000267890  time_per_window : 0.000266   progress : 0.076
name: models.architecture.block_type=simple_cls
training.mode=gml_rollout
models.out_dim=10
seed=1    avg_loss: 0.000000278604  time_per_window : 0.000255   progress : 0.087
name: models.architecture.block_type=simple_cls
training.mode=gml_rollout
models.out_dim=10
seed=1    avg_loss: 0.000000255928  time_per_window : 0.000320   progress : 0.098
name: models.architecture.block_type=simple_cls
training.mode=gml_rollout
models.out_dim=10
seed=1    avg_loss: 0.000000241609  time_per_window : 0.000238   progress : 0.109
name: models.architecture.block_type=simple_cls
training.mode=gml_rollout
models.out_dim=10
seed=2    avg_loss: 0.000000034016  time_per_window : 0.000231   progress : 0.590
name: models.architecture.block_type=simple_cls
training.mode=gml_rollout
models.out_dim=10
seed=2    avg_loss: 0.000000035287  time_per_window : 0.000304   progress : 0.601
name: models.architecture.block_type=simple_cls
training.mode=gml_rollout
models.out_dim=10
seed=2    avg_loss: 0.000000035734  time_per_window : 0.000241   progress : 0.612
name: models.architecture.block_type=simple_cls
training.mode=gml_rollout
models.out_dim=10
seed=2    avg_loss: 0.000000036017  time_per_window : 0.000320   progress : 0.623
name: models.architecture.block_type=simple_cls
training.mode=gml_rollout
models.out_dim=10
seed=2    avg_loss: 0.000000032244  time_per_window : 0.000276   progress : 0.634
name: models.architecture.block_type=simple_cls
training.mode=gml_rollout
models.out_dim=10
seed=2    avg_loss: 0.000000039373  time_per_window : 0.000226   progress : 0.644
name: models.architecture.block_type=simple_cls
training.mode=gml_rollout
models.out_dim=10
seed=2    avg_loss: 0.000000035577  time_per_window : 0.000258   progress : 0.655
name: models.architecture.block_type=simple_cls
training.mode=gml_rollout
models.out_dim=10
seed=2    avg_loss: 0.000000035042  time_per_window : 0.000360   progress : 0.666
name: models.architecture.block_type=simple_cls
training.mode=gml_rollout
models.out_dim=10
seed=2    avg_loss: 0.000000036028  time_per_window : 0.000354   progress : 0.677
name: models.architecture.block_type=simple_cls
training.mode=gml_rollout
models.out_dim=10
seed=2    avg_loss: 0.000000035840  time_per_window : 0.000233   progress : 0.688
name: models.architecture.block_type=simple_cls
training.mode=gml_rollout
models.out_dim=10
seed=2    avg_loss: 0.000000033500  time_per_window : 0.000213   progress : 0.699
name: models.architecture.block_type=simple_cls
training.mode=gml_rollout
models.out_dim=10
seed=2    avg_loss: 0.000000033053  time_per_window : 0.000221   progress : 0.710
name: models.architecture.block_type=simple_cls
training.mode=gml_rollout
models.out_dim=10
seed=2    avg_loss: 0.000000031510  time_per_window : 0.000264   progress : 0.721
name: models.architecture.block_type=simple_cls
training.mode=gml_rollout
models.out_dim=10
seed=2    avg_loss: 0.000000039515  time_per_window : 0.000207   progress : 0.732
name: models.architecture.block_type=simple_cls
training.mode=gml_rollout
models.out_dim=10
seed=2    avg_loss: 0.000000032891  time_per_window : 0.000226   progress : 0.743
name: models.architecture.block_type=simple_cls
training.mode=gml_rollout
models.out_dim=10
seed=2    avg_loss: 0.000000034974  time_per_window : 0.000335   progress : 0.754
name: models.architecture.block_type=simple_cls
training.mode=gml_rollout
models.out_dim=10
seed=2    avg_loss: 0.000000031261  time_per_window : 0.000241   progress : 0.765
name: models.architecture.block_type=simple_cls
training.mode=gml_rollout
models.out_dim=10
seed=2    avg_loss: 0.000000035252  time_per_window : 0.000344   progress : 0.775
name: models.architecture.block_type=simple_cls
training.mode=gml_rollout
models.out_dim=10
seed=2    avg_loss: 0.000000035975  time_per_window : 0.000233   progress : 0.786
name: models.architecture.block_type=simple_cls
training.mode=gml_rollout
models.out_dim=10
seed=2    avg_loss: 0.000000030356  time_per_window : 0.000287   progress : 0.797
name: models.architecture.block_type=simple_cls
training.mode=gml_rollout
models.out_dim=10
seed=2    avg_loss: 0.000000031879  time_per_window : 0.000217   progress : 0.808
name: models.architecture.block_type=simple_cls
training.mode=gml_rollout
models.out_dim=10
seed=2    avg_loss: 0.000000031501  time_per_window : 0.000230   progress : 0.819
name: models.architecture.block_type=simple_cls
training.mode=gml_rollout
models.out_dim=10
seed=2    avg_loss: 0.000000029862  time_per_window : 0.000255   progress : 0.830
name: models.architecture.block_type=simple_cls
training.mode=gml_rollout
models.out_dim=10
seed=2    avg_loss: 0.000000035188  time_per_window : 0.000238   progress : 0.841
name: models.architecture.block_type=simple_cls
training.mode=gml_rollout
models.out_dim=10
seed=2    avg_loss: 0.000000035707  time_per_window : 0.000304   progress : 0.852
name: models.architecture.block_type=simple_cls
training.mode=gml_rollout
models.out_dim=10
seed=2    avg_loss: 0.000000033520  time_per_window : 0.000285   progress : 0.863
name: models.architecture.block_type=simple_cls
training.mode=gml_rollout
models.out_dim=10
seed=2    avg_loss: 0.000000034117  time_per_window : 0.000214   progress : 0.874
name: models.architecture.block_type=simple_cls
training.mode=gml_rollout
models.out_dim=10
seed=2    avg_loss: 0.000000031929  time_per_window : 0.000268   progress : 0.885
name: models.architecture.block_type=simple_cls
training.mode=gml_rollout
models.out_dim=10
seed=2    avg_loss: 0.000000029624  time_per_window : 0.000244   progress : 0.896
name: models.architecture.block_type=simple_cls
training.mode=gml_rollout
models.out_dim=10
seed=2    avg_loss: 0.000000032689  time_per_window : 0.000265   progress : 0.907
name: models.architecture.block_type=simple_cls
training.mode=gml_rollout
models.out_dim=10
seed=2    avg_loss: 0.000000047484  time_per_window : 0.000288   progress : 0.917
name: models.architecture.block_type=simple_cls
training.mode=gml_rollout
models.out_dim=10
seed=2    avg_loss: 0.000000028414  time_per_window : 0.000372   progress : 0.928
name: models.architecture.block_type=simple_cls
training.mode=gml_rollout
models.out_dim=10
seed=2    avg_loss: 0.000000031501  time_per_window : 0.000300   progress : 0.939
name: models.architecture.block_type=simple_cls
training.mode=gml_rollout
models.out_dim=10
seed=2    avg_loss: 0.000000032569  time_per_window : 0.000270   progress : 0.950
name: models.architecture.block_type=simple_cls
training.mode=gml_rollout
models.out_dim=10
seed=2    avg_loss: 0.000000030356  time_per_window : 0.000310   progress : 0.961
name: models.architecture.block_type=simple_cls
training.mode=gml_rollout
models.out_dim=10
seed=2    avg_loss: 0.000000034110  time_per_window : 0.000215   progress : 0.972
name: models.architecture.block_type=simple_cls
training.mode=gml_rollout
models.out_dim=10
seed=2    avg_loss: 0.000000031994  time_per_window : 0.000345   progress : 0.983
name: models.architecture.block_type=simple_cls
training.mode=gml_rollout
models.out_dim=10
seed=2    avg_loss: 0.000000031102  time_per_window : 0.000235   progress : 0.994
name: models.architecture.block_type=simple_cls
training.mode=gml_rollout
models.out_dim=10
seed=2    avg_loss: 0.000002298687  time_per_window : 0.000240   progress : 0.011
name: models.architecture.block_type=simple_cls
training.mode=gml_rollout
models.out_dim=10
seed=2    avg_loss: 0.000000274891  time_per_window : 0.000279   progress : 0.022
name: models.architecture.block_type=simple_cls
training.mode=gml_rollout
models.out_dim=10
seed=2    avg_loss: 0.000000274889  time_per_window : 0.000217   progress : 0.033
name: models.architecture.block_type=simple_cls
training.mode=gml_rollout
models.out_dim=10
seed=2    avg_loss: 0.000000196228  time_per_window : 0.000235   progress : 0.044
name: models.architecture.block_type=simple_cls
training.mode=gml_rollout
models.out_dim=10
seed=2    avg_loss: 0.000000156515  time_per_window : 0.000229   progress : 0.055
name: models.architecture.block_type=simple_cls
training.mode=gml_rollout
models.out_dim=10
seed=2    avg_loss: 0.000000140442  time_per_window : 0.000215   progress : 0.066
name: models.architecture.block_type=simple_cls
training.mode=gml_rollout
models.out_dim=10
seed=2    avg_loss: 0.000000125614  time_per_window : 0.000281   progress : 0.076
name: models.architecture.block_type=simple_cls
training.mode=gml_rollout
models.out_dim=10
seed=2    avg_loss: 0.000000137771  time_per_window : 0.000276   progress : 0.087
name: models.architecture.block_type=simple_cls
training.mode=gml_rollout
models.out_dim=10
seed=2    avg_loss: 0.000000125557  time_per_window : 0.000266   progress : 0.098
name: models.architecture.block_type=simple_cls
training.mode=gml_rollout
models.out_dim=10
seed=2    avg_loss: 0.000000128807  time_per_window : 0.000259   progress : 0.109
name: models.architecture.block_type=simple_cls
training.mode=gml_rollout
models.out_dim=10
seed=3    avg_loss: 0.000000039570  time_per_window : 0.000253   progress : 0.590
name: models.architecture.block_type=simple_cls
training.mode=gml_rollout
models.out_dim=10
seed=3    avg_loss: 0.000000039211  time_per_window : 0.000236   progress : 0.601
name: models.architecture.block_type=simple_cls
training.mode=gml_rollout
models.out_dim=10
seed=3    avg_loss: 0.000000040549  time_per_window : 0.000231   progress : 0.612
name: models.architecture.block_type=simple_cls
training.mode=gml_rollout
models.out_dim=10
seed=3    avg_loss: 0.000000041039  time_per_window : 0.000210   progress : 0.623
name: models.architecture.block_type=simple_cls
training.mode=gml_rollout
models.out_dim=10
seed=3    avg_loss: 0.000000038009  time_per_window : 0.000315   progress : 0.634
name: models.architecture.block_type=simple_cls
training.mode=gml_rollout
models.out_dim=10
seed=3    avg_loss: 0.000000039187  time_per_window : 0.000243   progress : 0.644
name: models.architecture.block_type=simple_cls
training.mode=gml_rollout
models.out_dim=10
seed=3    avg_loss: 0.000000047852  time_per_window : 0.000229   progress : 0.655
name: models.architecture.block_type=simple_cls
training.mode=gml_rollout
models.out_dim=10
seed=3    avg_loss: 0.000000037406  time_per_window : 0.000332   progress : 0.666
name: models.architecture.block_type=simple_cls
training.mode=gml_rollout
models.out_dim=10
seed=3    avg_loss: 0.000000039557  time_per_window : 0.000247   progress : 0.677
name: models.architecture.block_type=simple_cls
training.mode=gml_rollout
models.out_dim=10
seed=3    avg_loss: 0.000000033821  time_per_window : 0.000320   progress : 0.688
name: models.architecture.block_type=simple_cls
training.mode=gml_rollout
models.out_dim=10
seed=3    avg_loss: 0.000000036608  time_per_window : 0.000251   progress : 0.699
name: models.architecture.block_type=simple_cls
training.mode=gml_rollout
models.out_dim=10
seed=3    avg_loss: 0.000000038203  time_per_window : 0.000287   progress : 0.710
name: models.architecture.block_type=simple_cls
training.mode=gml_rollout
models.out_dim=10
seed=3    avg_loss: 0.000000034513  time_per_window : 0.000233   progress : 0.721
name: models.architecture.block_type=simple_cls
training.mode=gml_rollout
models.out_dim=10
seed=3    avg_loss: 0.000000039026  time_per_window : 0.000335   progress : 0.732
name: models.architecture.block_type=simple_cls
training.mode=gml_rollout
models.out_dim=10
seed=3    avg_loss: 0.000000038988  time_per_window : 0.000246   progress : 0.743
name: models.architecture.block_type=simple_cls
training.mode=gml_rollout
models.out_dim=10
seed=3    avg_loss: 0.000000035973  time_per_window : 0.000258   progress : 0.754
name: models.architecture.block_type=simple_cls
training.mode=gml_rollout
models.out_dim=10
seed=3    avg_loss: 0.000000036200  time_per_window : 0.000251   progress : 0.765
name: models.architecture.block_type=simple_cls
training.mode=gml_rollout
models.out_dim=10
seed=3    avg_loss: 0.000000040071  time_per_window : 0.000228   progress : 0.775
name: models.architecture.block_type=simple_cls
training.mode=gml_rollout
models.out_dim=10
seed=3    avg_loss: 0.000000040809  time_per_window : 0.000303   progress : 0.786
name: models.architecture.block_type=simple_cls
training.mode=gml_rollout
models.out_dim=10
seed=3    avg_loss: 0.000000034169  time_per_window : 0.000228   progress : 0.797
name: models.architecture.block_type=simple_cls
training.mode=gml_rollout
models.out_dim=10
seed=3    avg_loss: 0.000000033229  time_per_window : 0.000342   progress : 0.808
name: models.architecture.block_type=simple_cls
training.mode=gml_rollout
models.out_dim=10
seed=3    avg_loss: 0.000000034351  time_per_window : 0.000290   progress : 0.819
name: models.architecture.block_type=simple_cls
training.mode=gml_rollout
models.out_dim=10
seed=3    avg_loss: 0.000000033699  time_per_window : 0.000213   progress : 0.830
name: models.architecture.block_type=simple_cls
training.mode=gml_rollout
models.out_dim=10
seed=3    avg_loss: 0.000000035545  time_per_window : 0.000265   progress : 0.841
name: models.architecture.block_type=simple_cls
training.mode=gml_rollout
models.out_dim=10
seed=3    avg_loss: 0.000000035566  time_per_window : 0.000305   progress : 0.852
name: models.architecture.block_type=simple_cls
training.mode=gml_rollout
models.out_dim=10
seed=3    avg_loss: 0.000000037512  time_per_window : 0.000278   progress : 0.863
name: models.architecture.block_type=simple_cls
training.mode=gml_rollout
models.out_dim=10
seed=3    avg_loss: 0.000000036030  time_per_window : 0.000279   progress : 0.874
name: models.architecture.block_type=simple_cls
training.mode=gml_rollout
models.out_dim=10
seed=3    avg_loss: 0.000000034850  time_per_window : 0.000271   progress : 0.885
name: models.architecture.block_type=simple_cls
training.mode=gml_rollout
models.out_dim=10
seed=3    avg_loss: 0.000000032100  time_per_window : 0.000281   progress : 0.896
name: models.architecture.block_type=simple_cls
training.mode=gml_rollout
models.out_dim=10
seed=3    avg_loss: 0.000000036044  time_per_window : 0.000222   progress : 0.907
name: models.architecture.block_type=simple_cls
training.mode=gml_rollout
models.out_dim=10
seed=3    avg_loss: 0.000000035176  time_per_window : 0.000289   progress : 0.917
name: models.architecture.block_type=simple_cls
training.mode=gml_rollout
models.out_dim=10
seed=3    avg_loss: 0.000000032328  time_per_window : 0.000342   progress : 0.928
name: models.architecture.block_type=simple_cls
training.mode=gml_rollout
models.out_dim=10
seed=3    avg_loss: 0.000000033274  time_per_window : 0.000276   progress : 0.939
name: models.architecture.block_type=simple_cls
training.mode=gml_rollout
models.out_dim=10
seed=3    avg_loss: 0.000000034431  time_per_window : 0.000256   progress : 0.950
name: models.architecture.block_type=simple_cls
training.mode=gml_rollout
models.out_dim=10
seed=3    avg_loss: 0.000000031601  time_per_window : 0.000228   progress : 0.961
name: models.architecture.block_type=simple_cls
training.mode=gml_rollout
models.out_dim=10
seed=3    avg_loss: 0.000000035230  time_per_window : 0.000283   progress : 0.972
name: models.architecture.block_type=simple_cls
training.mode=gml_rollout
models.out_dim=10
seed=3    avg_loss: 0.000000031026  time_per_window : 0.000334   progress : 0.983
name: models.architecture.block_type=simple_cls
training.mode=gml_rollout
models.out_dim=10
seed=3    avg_loss: 0.000000034250  time_per_window : 0.000347   progress : 0.994
name: models.architecture.block_type=simple_cls
training.mode=gml_rollout
models.out_dim=10
seed=3    avg_loss: 0.000002194108  time_per_window : 0.000234   progress : 0.011
name: models.architecture.block_type=simple_cls
training.mode=gml_rollout
models.out_dim=10
seed=3    avg_loss: 0.000000400206  time_per_window : 0.000256   progress : 0.022
name: models.architecture.block_type=simple_cls
training.mode=gml_rollout
models.out_dim=10
seed=3    avg_loss: 0.000000291959  time_per_window : 0.000291   progress : 0.033
name: models.architecture.block_type=simple_cls
training.mode=gml_rollout
models.out_dim=10
seed=3    avg_loss: 0.000000209252  time_per_window : 0.000334   progress : 0.044
name: models.architecture.block_type=simple_cls
training.mode=gml_rollout
models.out_dim=10
seed=3    avg_loss: 0.000000147627  time_per_window : 0.000340   progress : 0.055
name: models.architecture.block_type=simple_cls
training.mode=gml_rollout
models.out_dim=10
seed=3    avg_loss: 0.000000159154  time_per_window : 0.000272   progress : 0.066
name: models.architecture.block_type=simple_cls
training.mode=gml_rollout
models.out_dim=10
seed=3    avg_loss: 0.000000130985  time_per_window : 0.000308   progress : 0.076
name: models.architecture.block_type=simple_cls
training.mode=gml_rollout
models.out_dim=10
seed=3    avg_loss: 0.000000130105  time_per_window : 0.000308   progress : 0.087
name: models.architecture.block_type=simple_cls
training.mode=gml_rollout
models.out_dim=10
seed=3    avg_loss: 0.000000149803  time_per_window : 0.000265   progress : 0.098
name: models.architecture.block_type=simple_cls
training.mode=gml_rollout
models.out_dim=10
seed=3    avg_loss: 0.000000138631  time_per_window : 0.000253   progress : 0.109
name: models.architecture.block_type=simple_cls
training.mode=gml_rollout
models.out_dim=10
seed=4    avg_loss: 0.000000131491  time_per_window : 0.000307   progress : 0.120
name: models.architecture.block_type=simple_cls
training.mode=gml_rollout
models.out_dim=10
seed=4    avg_loss: 0.000000123658  time_per_window : 0.000246   progress : 0.131
name: models.architecture.block_type=simple_cls
training.mode=gml_rollout
models.out_dim=10
seed=4    avg_loss: 0.000000146723  time_per_window : 0.000239   progress : 0.142
name: models.architecture.block_type=simple_cls
training.mode=gml_rollout
models.out_dim=10
seed=4    avg_loss: 0.000000136177  time_per_window : 0.000225   progress : 0.153
name: models.architecture.block_type=simple_cls
training.mode=gml_rollout
models.out_dim=10
seed=4    avg_loss: 0.000000123243  time_per_window : 0.000293   progress : 0.164
name: models.architecture.block_type=simple_cls
training.mode=gml_rollout
models.out_dim=10
seed=4    avg_loss: 0.000000131997  time_per_window : 0.000267   progress : 0.175
name: models.architecture.block_type=simple_cls
training.mode=gml_rollout
models.out_dim=10
seed=4    avg_loss: 0.000000160094  time_per_window : 0.000284   progress : 0.186
name: models.architecture.block_type=simple_cls
training.mode=gml_rollout
models.out_dim=10
seed=4    avg_loss: 0.000000124576  time_per_window : 0.000199   progress : 0.197
name: models.architecture.block_type=simple_cls
training.mode=gml_rollout
models.out_dim=10
seed=4    avg_loss: 0.000000123786  time_per_window : 0.000249   progress : 0.208
name: models.architecture.block_type=simple_cls
training.mode=gml_rollout
models.out_dim=10
seed=4    avg_loss: 0.000000129413  time_per_window : 0.000251   progress : 0.218
name: models.architecture.block_type=simple_cls
training.mode=gml_rollout
models.out_dim=10
seed=4    avg_loss: 0.000000136272  time_per_window : 0.000302   progress : 0.229
name: models.architecture.block_type=simple_cls
training.mode=gml_rollout
models.out_dim=10
seed=4    avg_loss: 0.000000120510  time_per_window : 0.000285   progress : 0.240
name: models.architecture.block_type=simple_cls
training.mode=gml_rollout
models.out_dim=10
seed=4    avg_loss: 0.000000145801  time_per_window : 0.000251   progress : 0.251
name: models.architecture.block_type=simple_cls
training.mode=gml_rollout
models.out_dim=10
seed=4    avg_loss: 0.000000104884  time_per_window : 0.000237   progress : 0.262
name: models.architecture.block_type=simple_cls
training.mode=gml_rollout
models.out_dim=10
seed=4    avg_loss: 0.000000113635  time_per_window : 0.000289   progress : 0.273
name: models.architecture.block_type=simple_cls
training.mode=gml_rollout
models.out_dim=10
seed=4    avg_loss: 0.000000119968  time_per_window : 0.000233   progress : 0.284
name: models.architecture.block_type=simple_cls
training.mode=gml_rollout
models.out_dim=10
seed=4    avg_loss: 0.000000132359  time_per_window : 0.000222   progress : 0.295
name: models.architecture.block_type=simple_cls
training.mode=gml_rollout
models.out_dim=10
seed=4    avg_loss: 0.000000127329  time_per_window : 0.000215   progress : 0.306
name: models.architecture.block_type=simple_cls
training.mode=gml_rollout
models.out_dim=10
seed=4    avg_loss: 0.000000113336  time_per_window : 0.000229   progress : 0.317
name: models.architecture.block_type=simple_cls
training.mode=gml_rollout
models.out_dim=10
seed=4    avg_loss: 0.000000119742  time_per_window : 0.000277   progress : 0.328
name: models.architecture.block_type=simple_cls
training.mode=gml_rollout
models.out_dim=10
seed=4    avg_loss: 0.000000126214  time_per_window : 0.000294   progress : 0.339
name: models.architecture.block_type=simple_cls
training.mode=gml_rollout
models.out_dim=10
seed=4    avg_loss: 0.000000111186  time_per_window : 0.000257   progress : 0.350
name: models.architecture.block_type=simple_cls
training.mode=gml_rollout
models.out_dim=10
seed=4    avg_loss: 0.000000110505  time_per_window : 0.000203   progress : 0.360
name: models.architecture.block_type=simple_cls
training.mode=gml_rollout
models.out_dim=10
seed=4    avg_loss: 0.000000106207  time_per_window : 0.000318   progress : 0.371
name: models.architecture.block_type=simple_cls
training.mode=gml_rollout
models.out_dim=10
seed=4    avg_loss: 0.000000117618  time_per_window : 0.000269   progress : 0.382
name: models.architecture.block_type=simple_cls
training.mode=gml_rollout
models.out_dim=10
seed=4    avg_loss: 0.000000112804  time_per_window : 0.000255   progress : 0.393
name: models.architecture.block_type=simple_cls
training.mode=gml_rollout
models.out_dim=10
seed=4    avg_loss: 0.000000129162  time_per_window : 0.000233   progress : 0.404
name: models.architecture.block_type=simple_cls
training.mode=gml_rollout
models.out_dim=10
seed=4    avg_loss: 0.000000109966  time_per_window : 0.000323   progress : 0.415
name: models.architecture.block_type=simple_cls
training.mode=gml_rollout
models.out_dim=10
seed=4    avg_loss: 0.000000117398  time_per_window : 0.000271   progress : 0.426
name: models.architecture.block_type=simple_cls
training.mode=gml_rollout
models.out_dim=10
seed=4    avg_loss: 0.000000111130  time_per_window : 0.000273   progress : 0.437
name: models.architecture.block_type=simple_cls
training.mode=gml_rollout
models.out_dim=10
seed=4    avg_loss: 0.000000120671  time_per_window : 0.000274   progress : 0.448
name: models.architecture.block_type=simple_cls
training.mode=gml_rollout
models.out_dim=10
seed=4    avg_loss: 0.000000097113  time_per_window : 0.000258   progress : 0.459
name: models.architecture.block_type=simple_cls
training.mode=gml_rollout
models.out_dim=10
seed=4    avg_loss: 0.000000093358  time_per_window : 0.000275   progress : 0.470
name: models.architecture.block_type=simple_cls
training.mode=gml_rollout
models.out_dim=10
seed=4    avg_loss: 0.000000111385  time_per_window : 0.000319   progress : 0.481
name: models.architecture.block_type=simple_cls
training.mode=gml_rollout
models.out_dim=10
seed=4    avg_loss: 0.000000113839  time_per_window : 0.000262   progress : 0.492
name: models.architecture.block_type=simple_cls
training.mode=gml_rollout
models.out_dim=10
seed=4    avg_loss: 0.000000109889  time_per_window : 0.000363   progress : 0.502
name: models.architecture.block_type=simple_cls
training.mode=gml_rollout
models.out_dim=10
seed=4    avg_loss: 0.000000112399  time_per_window : 0.000242   progress : 0.513
name: models.architecture.block_type=simple_cls
training.mode=gml_rollout
models.out_dim=10
seed=4    avg_loss: 0.000000111694  time_per_window : 0.000217   progress : 0.524
name: models.architecture.block_type=simple_cls
training.mode=gml_rollout
models.out_dim=10
seed=4    avg_loss: 0.000000131647  time_per_window : 0.000230   progress : 0.535
name: models.architecture.block_type=simple_cls
training.mode=gml_rollout
models.out_dim=10
seed=4    avg_loss: 0.000000105245  time_per_window : 0.000223   progress : 0.546
name: models.architecture.block_type=simple_cls
training.mode=gml_rollout
models.out_dim=10
seed=4    avg_loss: 0.000000095627  time_per_window : 0.000269   progress : 0.557
name: models.architecture.block_type=simple_cls
training.mode=gml_rollout
models.out_dim=10
seed=4    avg_loss: 0.000000116447  time_per_window : 0.000287   progress : 0.568
name: models.architecture.block_type=simple_cls
training.mode=gml_rollout
models.out_dim=10
seed=4    avg_loss: 0.000000099901  time_per_window : 0.000259   progress : 0.579
name: models.architecture.block_type=simple_cls
training.mode=gml_rollout
models.out_dim=10
seed=4    avg_loss: 0.000000100684  time_per_window : 0.000273   progress : 0.590
name: models.architecture.block_type=simple_cls
training.mode=gml_rollout
models.out_dim=10
seed=4    avg_loss: 0.000000080155  time_per_window : 0.000231   progress : 0.601
name: models.architecture.block_type=simple_cls
training.mode=gml_rollout
models.out_dim=10
seed=4    avg_loss: 0.000000100778  time_per_window : 0.000280   progress : 0.612
name: models.architecture.block_type=simple_cls
training.mode=gml_rollout
models.out_dim=10
seed=4    avg_loss: 0.000000086266  time_per_window : 0.000284   progress : 0.623
name: models.architecture.block_type=simple_cls
training.mode=gml_rollout
models.out_dim=10
seed=4    avg_loss: 0.000000090904  time_per_window : 0.000226   progress : 0.634
name: models.architecture.block_type=simple_cls
training.mode=gml_rollout
models.out_dim=10
seed=0    avg_loss: 0.000000237423  time_per_window : 0.000247   progress : 0.120
name: models.architecture.block_type=simple_cls
training.mode=gml_rollout
models.out_dim=10
seed=0    avg_loss: 0.000000163989  time_per_window : 0.000222   progress : 0.131
name: models.architecture.block_type=simple_cls
training.mode=gml_rollout
models.out_dim=10
seed=0    avg_loss: 0.000000164941  time_per_window : 0.000349   progress : 0.142
name: models.architecture.block_type=simple_cls
training.mode=gml_rollout
models.out_dim=10
seed=0    avg_loss: 0.000000158094  time_per_window : 0.000292   progress : 0.153
name: models.architecture.block_type=simple_cls
training.mode=gml_rollout
models.out_dim=10
seed=0    avg_loss: 0.000000133819  time_per_window : 0.000187   progress : 0.164
name: models.architecture.block_type=simple_cls
training.mode=gml_rollout
models.out_dim=10
seed=0    avg_loss: 0.000000142298  time_per_window : 0.000285   progress : 0.175
name: models.architecture.block_type=simple_cls
training.mode=gml_rollout
models.out_dim=10
seed=0    avg_loss: 0.000000150149  time_per_window : 0.000254   progress : 0.186
name: models.architecture.block_type=simple_cls
training.mode=gml_rollout
models.out_dim=10
seed=0    avg_loss: 0.000000145374  time_per_window : 0.000239   progress : 0.197
name: models.architecture.block_type=simple_cls
training.mode=gml_rollout
models.out_dim=10
seed=0    avg_loss: 0.000000145362  time_per_window : 0.000298   progress : 0.208
name: models.architecture.block_type=simple_cls
training.mode=gml_rollout
models.out_dim=10
seed=0    avg_loss: 0.000000136757  time_per_window : 0.000257   progress : 0.218
name: models.architecture.block_type=simple_cls
training.mode=gml_rollout
models.out_dim=10
seed=0    avg_loss: 0.000000162251  time_per_window : 0.000294   progress : 0.229
name: models.architecture.block_type=simple_cls
training.mode=gml_rollout
models.out_dim=10
seed=0    avg_loss: 0.000000124252  time_per_window : 0.000309   progress : 0.240
name: models.architecture.block_type=simple_cls
training.mode=gml_rollout
models.out_dim=10
seed=0    avg_loss: 0.000000129785  time_per_window : 0.000257   progress : 0.251
name: models.architecture.block_type=simple_cls
training.mode=gml_rollout
models.out_dim=10
seed=0    avg_loss: 0.000000137400  time_per_window : 0.000307   progress : 0.262
name: models.architecture.block_type=simple_cls
training.mode=gml_rollout
models.out_dim=10
seed=0    avg_loss: 0.000000141141  time_per_window : 0.000319   progress : 0.273
name: models.architecture.block_type=simple_cls
training.mode=gml_rollout
models.out_dim=10
seed=0    avg_loss: 0.000000124836  time_per_window : 0.000216   progress : 0.284
name: models.architecture.block_type=simple_cls
training.mode=gml_rollout
models.out_dim=10
seed=0    avg_loss: 0.000000121954  time_per_window : 0.000223   progress : 0.295
name: models.architecture.block_type=simple_cls
training.mode=gml_rollout
models.out_dim=10
seed=0    avg_loss: 0.000000146136  time_per_window : 0.000367   progress : 0.306
name: models.architecture.block_type=simple_cls
training.mode=gml_rollout
models.out_dim=10
seed=0    avg_loss: 0.000000125183  time_per_window : 0.000333   progress : 0.317
name: models.architecture.block_type=simple_cls
training.mode=gml_rollout
models.out_dim=10
seed=0    avg_loss: 0.000000120959  time_per_window : 0.000303   progress : 0.328
name: models.architecture.block_type=simple_cls
training.mode=gml_rollout
models.out_dim=10
seed=0    avg_loss: 0.000000172610  time_per_window : 0.000365   progress : 0.339
name: models.architecture.block_type=simple_cls
training.mode=gml_rollout
models.out_dim=10
seed=0    avg_loss: 0.000000153115  time_per_window : 0.000212   progress : 0.350
name: models.architecture.block_type=simple_cls
training.mode=gml_rollout
models.out_dim=10
seed=0    avg_loss: 0.000000131768  time_per_window : 0.000306   progress : 0.360
name: models.architecture.block_type=simple_cls
training.mode=gml_rollout
models.out_dim=10
seed=0    avg_loss: 0.000000119504  time_per_window : 0.000240   progress : 0.371
name: models.architecture.block_type=simple_cls
training.mode=gml_rollout
models.out_dim=10
seed=0    avg_loss: 0.000000125407  time_per_window : 0.000311   progress : 0.382
name: models.architecture.block_type=simple_cls
training.mode=gml_rollout
models.out_dim=10
seed=0    avg_loss: 0.000000123089  time_per_window : 0.000257   progress : 0.393
name: models.architecture.block_type=simple_cls
training.mode=gml_rollout
models.out_dim=10
seed=0    avg_loss: 0.000000137876  time_per_window : 0.000246   progress : 0.404
name: models.architecture.block_type=simple_cls
training.mode=gml_rollout
models.out_dim=10
seed=0    avg_loss: 0.000000114683  time_per_window : 0.000234   progress : 0.415
name: models.architecture.block_type=simple_cls
training.mode=gml_rollout
models.out_dim=10
seed=0    avg_loss: 0.000000117404  time_per_window : 0.000229   progress : 0.426
name: models.architecture.block_type=simple_cls
training.mode=gml_rollout
models.out_dim=10
seed=0    avg_loss: 0.000000122882  time_per_window : 0.000350   progress : 0.437
name: models.architecture.block_type=simple_cls
training.mode=gml_rollout
models.out_dim=10
seed=0    avg_loss: 0.000000142264  time_per_window : 0.000207   progress : 0.448
name: models.architecture.block_type=simple_cls
training.mode=gml_rollout
models.out_dim=10
seed=0    avg_loss: 0.000000125775  time_per_window : 0.000225   progress : 0.459
name: models.architecture.block_type=simple_cls
training.mode=gml_rollout
models.out_dim=10
seed=0    avg_loss: 0.000000120562  time_per_window : 0.000215   progress : 0.470
name: models.architecture.block_type=simple_cls
training.mode=gml_rollout
models.out_dim=10
seed=0    avg_loss: 0.000000108682  time_per_window : 0.000215   progress : 0.481
name: models.architecture.block_type=simple_cls
training.mode=gml_rollout
models.out_dim=10
seed=0    avg_loss: 0.000000137321  time_per_window : 0.000216   progress : 0.492
name: models.architecture.block_type=simple_cls
training.mode=gml_rollout
models.out_dim=10
seed=0    avg_loss: 0.000000113913  time_per_window : 0.000346   progress : 0.502
name: models.architecture.block_type=simple_cls
training.mode=gml_rollout
models.out_dim=10
seed=0    avg_loss: 0.000000109025  time_per_window : 0.000225   progress : 0.513
name: models.architecture.block_type=simple_cls
training.mode=gml_rollout
models.out_dim=10
seed=0    avg_loss: 0.000000105987  time_per_window : 0.000253   progress : 0.524
name: models.architecture.block_type=simple_cls
training.mode=gml_rollout
models.out_dim=10
seed=0    avg_loss: 0.000000133747  time_per_window : 0.000238   progress : 0.535
name: models.architecture.block_type=simple_cls
training.mode=gml_rollout
models.out_dim=10
seed=0    avg_loss: 0.000000125929  time_per_window : 0.000227   progress : 0.546
name: models.architecture.block_type=simple_cls
training.mode=gml_rollout
models.out_dim=10
seed=0    avg_loss: 0.000000119449  time_per_window : 0.000342   progress : 0.557
name: models.architecture.block_type=simple_cls
training.mode=gml_rollout
models.out_dim=10
seed=0    avg_loss: 0.000000105580  time_per_window : 0.000252   progress : 0.568
name: models.architecture.block_type=simple_cls
training.mode=gml_rollout
models.out_dim=10
seed=0    avg_loss: 0.000000097196  time_per_window : 0.000273   progress : 0.579
name: models.architecture.block_type=simple_cls
training.mode=gml_rollout
models.out_dim=10
seed=0    avg_loss: 0.000000118401  time_per_window : 0.000252   progress : 0.590
name: models.architecture.block_type=simple_cls
training.mode=gml_rollout
models.out_dim=10
seed=0    avg_loss: 0.000000107316  time_per_window : 0.000254   progress : 0.601
name: models.architecture.block_type=simple_cls
training.mode=gml_rollout
models.out_dim=10
seed=0    avg_loss: 0.000000111682  time_per_window : 0.000317   progress : 0.612
name: models.architecture.block_type=simple_cls
training.mode=gml_rollout
models.out_dim=10
seed=0    avg_loss: 0.000000148402  time_per_window : 0.000282   progress : 0.623
name: models.architecture.block_type=simple_cls
training.mode=gml_rollout
models.out_dim=10
seed=0    avg_loss: 0.000000096522  time_per_window : 0.000229   progress : 0.634
name: models.architecture.block_type=simple_cls
training.mode=gml_rollout
models.out_dim=10
seed=1    avg_loss: 0.000000199119  time_per_window : 0.000223   progress : 0.120
name: models.architecture.block_type=simple_cls
training.mode=gml_rollout
models.out_dim=10
seed=1    avg_loss: 0.000000156674  time_per_window : 0.000228   progress : 0.131
name: models.architecture.block_type=simple_cls
training.mode=gml_rollout
models.out_dim=10
seed=1    avg_loss: 0.000000164230  time_per_window : 0.000266   progress : 0.142
name: models.architecture.block_type=simple_cls
training.mode=gml_rollout
models.out_dim=10
seed=1    avg_loss: 0.000000192069  time_per_window : 0.000217   progress : 0.153
name: models.architecture.block_type=simple_cls
training.mode=gml_rollout
models.out_dim=10
seed=1    avg_loss: 0.000000125880  time_per_window : 0.000303   progress : 0.164
name: models.architecture.block_type=simple_cls
training.mode=gml_rollout
models.out_dim=10
seed=1    avg_loss: 0.000000136208  time_per_window : 0.000251   progress : 0.175
name: models.architecture.block_type=simple_cls
training.mode=gml_rollout
models.out_dim=10
seed=1    avg_loss: 0.000000146952  time_per_window : 0.000222   progress : 0.186
name: models.architecture.block_type=simple_cls
training.mode=gml_rollout
models.out_dim=10
seed=1    avg_loss: 0.000000133776  time_per_window : 0.000234   progress : 0.197
name: models.architecture.block_type=simple_cls
training.mode=gml_rollout
models.out_dim=10
seed=1    avg_loss: 0.000000127308  time_per_window : 0.000213   progress : 0.208
name: models.architecture.block_type=simple_cls
training.mode=gml_rollout
models.out_dim=10
seed=1    avg_loss: 0.000000136372  time_per_window : 0.000258   progress : 0.218
name: models.architecture.block_type=simple_cls
training.mode=gml_rollout
models.out_dim=10
seed=1    avg_loss: 0.000000156697  time_per_window : 0.000246   progress : 0.229
name: models.architecture.block_type=simple_cls
training.mode=gml_rollout
models.out_dim=10
seed=1    avg_loss: 0.000000142919  time_per_window : 0.000291   progress : 0.240
name: models.architecture.block_type=simple_cls
training.mode=gml_rollout
models.out_dim=10
seed=1    avg_loss: 0.000000149968  time_per_window : 0.000238   progress : 0.251
name: models.architecture.block_type=simple_cls
training.mode=gml_rollout
models.out_dim=10
seed=1    avg_loss: 0.000000131014  time_per_window : 0.000264   progress : 0.262
name: models.architecture.block_type=simple_cls
training.mode=gml_rollout
models.out_dim=10
seed=1    avg_loss: 0.000000133714  time_per_window : 0.000292   progress : 0.273
name: models.architecture.block_type=simple_cls
training.mode=gml_rollout
models.out_dim=10
seed=1    avg_loss: 0.000000139601  time_per_window : 0.000258   progress : 0.284
name: models.architecture.block_type=simple_cls
training.mode=gml_rollout
models.out_dim=10
seed=1    avg_loss: 0.000000154594  time_per_window : 0.000318   progress : 0.295
name: models.architecture.block_type=simple_cls
training.mode=gml_rollout
models.out_dim=10
seed=1    avg_loss: 0.000000128827  time_per_window : 0.000225   progress : 0.306
name: models.architecture.block_type=simple_cls
training.mode=gml_rollout
models.out_dim=10
seed=1    avg_loss: 0.000000126911  time_per_window : 0.000234   progress : 0.317
name: models.architecture.block_type=simple_cls
training.mode=gml_rollout
models.out_dim=10
seed=1    avg_loss: 0.000000135053  time_per_window : 0.000295   progress : 0.328
name: models.architecture.block_type=simple_cls
training.mode=gml_rollout
models.out_dim=10
seed=1    avg_loss: 0.000000143597  time_per_window : 0.000261   progress : 0.339
name: models.architecture.block_type=simple_cls
training.mode=gml_rollout
models.out_dim=10
seed=1    avg_loss: 0.000000132406  time_per_window : 0.000235   progress : 0.350
name: models.architecture.block_type=simple_cls
training.mode=gml_rollout
models.out_dim=10
seed=1    avg_loss: 0.000000130536  time_per_window : 0.000228   progress : 0.360
name: models.architecture.block_type=simple_cls
training.mode=gml_rollout
models.out_dim=10
seed=1    avg_loss: 0.000000126500  time_per_window : 0.000339   progress : 0.371
name: models.architecture.block_type=simple_cls
training.mode=gml_rollout
models.out_dim=10
seed=1    avg_loss: 0.000000153514  time_per_window : 0.000324   progress : 0.382
name: models.architecture.block_type=simple_cls
training.mode=gml_rollout
models.out_dim=10
seed=1    avg_loss: 0.000000136746  time_per_window : 0.000245   progress : 0.393
name: models.architecture.block_type=simple_cls
training.mode=gml_rollout
models.out_dim=10
seed=1    avg_loss: 0.000000135494  time_per_window : 0.000347   progress : 0.404
name: models.architecture.block_type=simple_cls
training.mode=gml_rollout
models.out_dim=10
seed=1    avg_loss: 0.000000136222  time_per_window : 0.000297   progress : 0.415
name: models.architecture.block_type=simple_cls
training.mode=gml_rollout
models.out_dim=10
seed=1    avg_loss: 0.000000140291  time_per_window : 0.000254   progress : 0.426
name: models.architecture.block_type=simple_cls
training.mode=gml_rollout
models.out_dim=10
seed=1    avg_loss: 0.000000134523  time_per_window : 0.000218   progress : 0.437
name: models.architecture.block_type=simple_cls
training.mode=gml_rollout
models.out_dim=10
seed=1    avg_loss: 0.000000125667  time_per_window : 0.000288   progress : 0.448
name: models.architecture.block_type=simple_cls
training.mode=gml_rollout
models.out_dim=10
seed=1    avg_loss: 0.000000114983  time_per_window : 0.000294   progress : 0.459
name: models.architecture.block_type=simple_cls
training.mode=gml_rollout
models.out_dim=10
seed=1    avg_loss: 0.000000121125  time_per_window : 0.000265   progress : 0.470
name: models.architecture.block_type=simple_cls
training.mode=gml_rollout
models.out_dim=10
seed=1    avg_loss: 0.000000121043  time_per_window : 0.000357   progress : 0.481
name: models.architecture.block_type=simple_cls
training.mode=gml_rollout
models.out_dim=10
seed=1    avg_loss: 0.000000130477  time_per_window : 0.000311   progress : 0.492
name: models.architecture.block_type=simple_cls
training.mode=gml_rollout
models.out_dim=10
seed=1    avg_loss: 0.000000125060  time_per_window : 0.000207   progress : 0.502
name: models.architecture.block_type=simple_cls
training.mode=gml_rollout
models.out_dim=10
seed=1    avg_loss: 0.000000117279  time_per_window : 0.000293   progress : 0.513
name: models.architecture.block_type=simple_cls
training.mode=gml_rollout
models.out_dim=10
seed=1    avg_loss: 0.000000118850  time_per_window : 0.000249   progress : 0.524
name: models.architecture.block_type=simple_cls
training.mode=gml_rollout
models.out_dim=10
seed=1    avg_loss: 0.000000140362  time_per_window : 0.000263   progress : 0.535
name: models.architecture.block_type=simple_cls
training.mode=gml_rollout
models.out_dim=10
seed=1    avg_loss: 0.000000106886  time_per_window : 0.000300   progress : 0.546
name: models.architecture.block_type=simple_cls
training.mode=gml_rollout
models.out_dim=10
seed=1    avg_loss: 0.000000136757  time_per_window : 0.000308   progress : 0.557
name: models.architecture.block_type=simple_cls
training.mode=gml_rollout
models.out_dim=10
seed=1    avg_loss: 0.000000145050  time_per_window : 0.000257   progress : 0.568
name: models.architecture.block_type=simple_cls
training.mode=gml_rollout
models.out_dim=10
seed=1    avg_loss: 0.000000112801  time_per_window : 0.000243   progress : 0.579
name: models.architecture.block_type=simple_cls
training.mode=gml_rollout
models.out_dim=10
seed=1    avg_loss: 0.000000131050  time_per_window : 0.000248   progress : 0.590
name: models.architecture.block_type=simple_cls
training.mode=gml_rollout
models.out_dim=10
seed=1    avg_loss: 0.000000118563  time_per_window : 0.000219   progress : 0.601
name: models.architecture.block_type=simple_cls
training.mode=gml_rollout
models.out_dim=10
seed=1    avg_loss: 0.000000095715  time_per_window : 0.000377   progress : 0.612
name: models.architecture.block_type=simple_cls
training.mode=gml_rollout
models.out_dim=10
seed=1    avg_loss: 0.000000118292  time_per_window : 0.000291   progress : 0.623
name: models.architecture.block_type=simple_cls
training.mode=gml_rollout
models.out_dim=10
seed=1    avg_loss: 0.000000105674  time_per_window : 0.000272   progress : 0.634
name: models.architecture.block_type=simple_cls
training.mode=gml_rollout
models.out_dim=10
seed=2    avg_loss: 0.000000125241  time_per_window : 0.000232   progress : 0.120
name: models.architecture.block_type=simple_cls
training.mode=gml_rollout
models.out_dim=10
seed=2    avg_loss: 0.000000104486  time_per_window : 0.000256   progress : 0.131
name: models.architecture.block_type=simple_cls
training.mode=gml_rollout
models.out_dim=10
seed=2    avg_loss: 0.000000146862  time_per_window : 0.000313   progress : 0.142
name: models.architecture.block_type=simple_cls
training.mode=gml_rollout
models.out_dim=10
seed=2    avg_loss: 0.000000118944  time_per_window : 0.000232   progress : 0.153
name: models.architecture.block_type=simple_cls
training.mode=gml_rollout
models.out_dim=10
seed=2    avg_loss: 0.000000098518  time_per_window : 0.000350   progress : 0.164
name: models.architecture.block_type=simple_cls
training.mode=gml_rollout
models.out_dim=10
seed=2    avg_loss: 0.000000109580  time_per_window : 0.000301   progress : 0.175
name: models.architecture.block_type=simple_cls
training.mode=gml_rollout
models.out_dim=10
seed=2    avg_loss: 0.000000111320  time_per_window : 0.000220   progress : 0.186
name: models.architecture.block_type=simple_cls
training.mode=gml_rollout
models.out_dim=10
seed=2    avg_loss: 0.000000111644  time_per_window : 0.000223   progress : 0.197
name: models.architecture.block_type=simple_cls
training.mode=gml_rollout
models.out_dim=10
seed=2    avg_loss: 0.000000107744  time_per_window : 0.000298   progress : 0.208
name: models.architecture.block_type=simple_cls
training.mode=gml_rollout
models.out_dim=10
seed=2    avg_loss: 0.000000129973  time_per_window : 0.000272   progress : 0.218
name: models.architecture.block_type=simple_cls
training.mode=gml_rollout
models.out_dim=10
seed=2    avg_loss: 0.000000120789  time_per_window : 0.000262   progress : 0.229
name: models.architecture.block_type=simple_cls
training.mode=gml_rollout
models.out_dim=10
seed=2    avg_loss: 0.000000115397  time_per_window : 0.000288   progress : 0.240
name: models.architecture.block_type=simple_cls
training.mode=gml_rollout
models.out_dim=10
seed=2    avg_loss: 0.000000102868  time_per_window : 0.000272   progress : 0.251
name: models.architecture.block_type=simple_cls
training.mode=gml_rollout
models.out_dim=10
seed=2    avg_loss: 0.000000103652  time_per_window : 0.000244   progress : 0.262
name: models.architecture.block_type=simple_cls
training.mode=gml_rollout
models.out_dim=10
seed=2    avg_loss: 0.000000096602  time_per_window : 0.000227   progress : 0.273
name: models.architecture.block_type=simple_cls
training.mode=gml_rollout
models.out_dim=10
seed=2    avg_loss: 0.000000137100  time_per_window : 0.000300   progress : 0.284
name: models.architecture.block_type=simple_cls
training.mode=gml_rollout
models.out_dim=10
seed=2    avg_loss: 0.000000122147  time_per_window : 0.000272   progress : 0.295
name: models.architecture.block_type=simple_cls
training.mode=gml_rollout
models.out_dim=10
seed=2    avg_loss: 0.000000102366  time_per_window : 0.000249   progress : 0.306
name: models.architecture.block_type=simple_cls
training.mode=gml_rollout
models.out_dim=10
seed=2    avg_loss: 0.000000104359  time_per_window : 0.000230   progress : 0.317
name: models.architecture.block_type=simple_cls
training.mode=gml_rollout
models.out_dim=10
seed=2    avg_loss: 0.000000112061  time_per_window : 0.000264   progress : 0.328
name: models.architecture.block_type=simple_cls
training.mode=gml_rollout
models.out_dim=10
seed=2    avg_loss: 0.000000135272  time_per_window : 0.000243   progress : 0.339
name: models.architecture.block_type=simple_cls
training.mode=gml_rollout
models.out_dim=10
seed=2    avg_loss: 0.000000096251  time_per_window : 0.000252   progress : 0.350
name: models.architecture.block_type=simple_cls
training.mode=gml_rollout
models.out_dim=10
seed=2    avg_loss: 0.000000096263  time_per_window : 0.000349   progress : 0.360
name: models.architecture.block_type=simple_cls
training.mode=gml_rollout
models.out_dim=10
seed=2    avg_loss: 0.000000088860  time_per_window : 0.000259   progress : 0.371
name: models.architecture.block_type=simple_cls
training.mode=gml_rollout
models.out_dim=10
seed=2    avg_loss: 0.000000130771  time_per_window : 0.000235   progress : 0.382
name: models.architecture.block_type=simple_cls
training.mode=gml_rollout
models.out_dim=10
seed=2    avg_loss: 0.000000143334  time_per_window : 0.000294   progress : 0.393
name: models.architecture.block_type=simple_cls
training.mode=gml_rollout
models.out_dim=10
seed=2    avg_loss: 0.000000106408  time_per_window : 0.000252   progress : 0.404
name: models.architecture.block_type=simple_cls
training.mode=gml_rollout
models.out_dim=10
seed=2    avg_loss: 0.000000095741  time_per_window : 0.000253   progress : 0.415
name: models.architecture.block_type=simple_cls
training.mode=gml_rollout
models.out_dim=10
seed=2    avg_loss: 0.000000108539  time_per_window : 0.000228   progress : 0.426
name: models.architecture.block_type=simple_cls
training.mode=gml_rollout
models.out_dim=10
seed=2    avg_loss: 0.000000094448  time_per_window : 0.000311   progress : 0.437
name: models.architecture.block_type=simple_cls
training.mode=gml_rollout
models.out_dim=10
seed=2    avg_loss: 0.000000108298  time_per_window : 0.000287   progress : 0.448
name: models.architecture.block_type=simple_cls
training.mode=gml_rollout
models.out_dim=10
seed=2    avg_loss: 0.000000084408  time_per_window : 0.000227   progress : 0.459
name: models.architecture.block_type=simple_cls
training.mode=gml_rollout
models.out_dim=10
seed=2    avg_loss: 0.000000115180  time_per_window : 0.000345   progress : 0.470
name: models.architecture.block_type=simple_cls
training.mode=gml_rollout
models.out_dim=10
seed=2    avg_loss: 0.000000097331  time_per_window : 0.000229   progress : 0.481
name: models.architecture.block_type=simple_cls
training.mode=gml_rollout
models.out_dim=10
seed=2    avg_loss: 0.000000087320  time_per_window : 0.000266   progress : 0.492
name: models.architecture.block_type=simple_cls
training.mode=gml_rollout
models.out_dim=10
seed=2    avg_loss: 0.000000099926  time_per_window : 0.000253   progress : 0.502
name: models.architecture.block_type=simple_cls
training.mode=gml_rollout
models.out_dim=10
seed=2    avg_loss: 0.000000094850  time_per_window : 0.000239   progress : 0.513
name: models.architecture.block_type=simple_cls
training.mode=gml_rollout
models.out_dim=10
seed=2    avg_loss: 0.000000095643  time_per_window : 0.000219   progress : 0.524
name: models.architecture.block_type=simple_cls
training.mode=gml_rollout
models.out_dim=10
seed=2    avg_loss: 0.000000128640  time_per_window : 0.000233   progress : 0.535
name: models.architecture.block_type=simple_cls
training.mode=gml_rollout
models.out_dim=10
seed=2    avg_loss: 0.000000086495  time_per_window : 0.000268   progress : 0.546
name: models.architecture.block_type=simple_cls
training.mode=gml_rollout
models.out_dim=10
seed=2    avg_loss: 0.000000094684  time_per_window : 0.000258   progress : 0.557
name: models.architecture.block_type=simple_cls
training.mode=gml_rollout
models.out_dim=10
seed=2    avg_loss: 0.000000115674  time_per_window : 0.000340   progress : 0.568
name: models.architecture.block_type=simple_cls
training.mode=gml_rollout
models.out_dim=10
seed=2    avg_loss: 0.000000094062  time_per_window : 0.000285   progress : 0.579
name: models.architecture.block_type=simple_cls
training.mode=gml_rollout
models.out_dim=10
seed=2    avg_loss: 0.000000086365  time_per_window : 0.000221   progress : 0.590
name: models.architecture.block_type=simple_cls
training.mode=gml_rollout
models.out_dim=10
seed=2    avg_loss: 0.000000094995  time_per_window : 0.000254   progress : 0.601
name: models.architecture.block_type=simple_cls
training.mode=gml_rollout
models.out_dim=10
seed=2    avg_loss: 0.000000111744  time_per_window : 0.000218   progress : 0.612
name: models.architecture.block_type=simple_cls
training.mode=gml_rollout
models.out_dim=10
seed=2    avg_loss: 0.000000087826  time_per_window : 0.000317   progress : 0.623
name: models.architecture.block_type=simple_cls
training.mode=gml_rollout
models.out_dim=10
seed=2    avg_loss: 0.000000095058  time_per_window : 0.000302   progress : 0.634
name: models.architecture.block_type=simple_cls
training.mode=gml_rollout
models.out_dim=10
seed=3    avg_loss: 0.000000133895  time_per_window : 0.000209   progress : 0.120
name: models.architecture.block_type=simple_cls
training.mode=gml_rollout
models.out_dim=10
seed=3    avg_loss: 0.000000117888  time_per_window : 0.000251   progress : 0.131
name: models.architecture.block_type=simple_cls
training.mode=gml_rollout
models.out_dim=10
seed=3    avg_loss: 0.000000138658  time_per_window : 0.000234   progress : 0.142
name: models.architecture.block_type=simple_cls
training.mode=gml_rollout
models.out_dim=10
seed=3    avg_loss: 0.000000122386  time_per_window : 0.000259   progress : 0.153
name: models.architecture.block_type=simple_cls
training.mode=gml_rollout
models.out_dim=10
seed=3    avg_loss: 0.000000125357  time_per_window : 0.000261   progress : 0.164
name: models.architecture.block_type=simple_cls
training.mode=gml_rollout
models.out_dim=10
seed=3    avg_loss: 0.000000127834  time_per_window : 0.000308   progress : 0.175
name: models.architecture.block_type=simple_cls
training.mode=gml_rollout
models.out_dim=10
seed=3    avg_loss: 0.000000124258  time_per_window : 0.000282   progress : 0.186
name: models.architecture.block_type=simple_cls
training.mode=gml_rollout
models.out_dim=10
seed=3    avg_loss: 0.000000126567  time_per_window : 0.000247   progress : 0.197
name: models.architecture.block_type=simple_cls
training.mode=gml_rollout
models.out_dim=10
seed=3    avg_loss: 0.000000120017  time_per_window : 0.000303   progress : 0.208
name: models.architecture.block_type=simple_cls
training.mode=gml_rollout
models.out_dim=10
seed=3    avg_loss: 0.000000131008  time_per_window : 0.000262   progress : 0.218
name: models.architecture.block_type=simple_cls
training.mode=gml_rollout
models.out_dim=10
seed=3    avg_loss: 0.000000135062  time_per_window : 0.000225   progress : 0.229
name: models.architecture.block_type=simple_cls
training.mode=gml_rollout
models.out_dim=10
seed=3    avg_loss: 0.000000127604  time_per_window : 0.000259   progress : 0.240
name: models.architecture.block_type=simple_cls
training.mode=gml_rollout
models.out_dim=10
seed=3    avg_loss: 0.000000129797  time_per_window : 0.000231   progress : 0.251
name: models.architecture.block_type=simple_cls
training.mode=gml_rollout
models.out_dim=10
seed=3    avg_loss: 0.000000113923  time_per_window : 0.000234   progress : 0.262
name: models.architecture.block_type=simple_cls
training.mode=gml_rollout
models.out_dim=10
seed=3    avg_loss: 0.000000119526  time_per_window : 0.000292   progress : 0.273
name: models.architecture.block_type=simple_cls
training.mode=gml_rollout
models.out_dim=10
seed=3    avg_loss: 0.000000124259  time_per_window : 0.000223   progress : 0.284
name: models.architecture.block_type=simple_cls
training.mode=gml_rollout
models.out_dim=10
seed=3    avg_loss: 0.000000137914  time_per_window : 0.000327   progress : 0.295
name: models.architecture.block_type=simple_cls
training.mode=gml_rollout
models.out_dim=10
seed=3    avg_loss: 0.000000120558  time_per_window : 0.000226   progress : 0.306
name: models.architecture.block_type=simple_cls
training.mode=gml_rollout
models.out_dim=10
seed=3    avg_loss: 0.000000106758  time_per_window : 0.000327   progress : 0.317
name: models.architecture.block_type=simple_cls
training.mode=gml_rollout
models.out_dim=10
seed=3    avg_loss: 0.000000103077  time_per_window : 0.000219   progress : 0.328
name: models.architecture.block_type=simple_cls
training.mode=gml_rollout
models.out_dim=10
seed=3    avg_loss: 0.000000142661  time_per_window : 0.000206   progress : 0.339
name: models.architecture.block_type=simple_cls
training.mode=gml_rollout
models.out_dim=10
seed=3    avg_loss: 0.000000127942  time_per_window : 0.000213   progress : 0.350
name: models.architecture.block_type=simple_cls
training.mode=gml_rollout
models.out_dim=10
seed=3    avg_loss: 0.000000116943  time_per_window : 0.000292   progress : 0.360
name: models.architecture.block_type=simple_cls
training.mode=gml_rollout
models.out_dim=10
seed=3    avg_loss: 0.000000104378  time_per_window : 0.000236   progress : 0.371
name: models.architecture.block_type=simple_cls
training.mode=gml_rollout
models.out_dim=10
seed=3    avg_loss: 0.000000106249  time_per_window : 0.000231   progress : 0.382
name: models.architecture.block_type=simple_cls
training.mode=gml_rollout
models.out_dim=10
seed=3    avg_loss: 0.000000145865  time_per_window : 0.000313   progress : 0.393
name: models.architecture.block_type=simple_cls
training.mode=gml_rollout
models.out_dim=10
seed=3    avg_loss: 0.000000115345  time_per_window : 0.000271   progress : 0.404
name: models.architecture.block_type=simple_cls
training.mode=gml_rollout
models.out_dim=10
seed=3    avg_loss: 0.000000111850  time_per_window : 0.000311   progress : 0.415
name: models.architecture.block_type=simple_cls
training.mode=gml_rollout
models.out_dim=10
seed=3    avg_loss: 0.000000089771  time_per_window : 0.000273   progress : 0.426
name: models.architecture.block_type=simple_cls
training.mode=gml_rollout
models.out_dim=10
seed=3    avg_loss: 0.000000118857  time_per_window : 0.000268   progress : 0.437
name: models.architecture.block_type=simple_cls
training.mode=gml_rollout
models.out_dim=10
seed=3    avg_loss: 0.000000125875  time_per_window : 0.000303   progress : 0.448
name: models.architecture.block_type=simple_cls
training.mode=gml_rollout
models.out_dim=10
seed=3    avg_loss: 0.000000104287  time_per_window : 0.000344   progress : 0.459
name: models.architecture.block_type=simple_cls
training.mode=gml_rollout
models.out_dim=10
seed=3    avg_loss: 0.000000142802  time_per_window : 0.000306   progress : 0.470
name: models.architecture.block_type=simple_cls
training.mode=gml_rollout
models.out_dim=10
seed=3    avg_loss: 0.000000105843  time_per_window : 0.000251   progress : 0.481
name: models.architecture.block_type=simple_cls
training.mode=gml_rollout
models.out_dim=10
seed=3    avg_loss: 0.000000106368  time_per_window : 0.000226   progress : 0.492
name: models.architecture.block_type=simple_cls
training.mode=gml_rollout
models.out_dim=10
seed=3    avg_loss: 0.000000155862  time_per_window : 0.000243   progress : 0.502
name: models.architecture.block_type=simple_cls
training.mode=gml_rollout
models.out_dim=10
seed=3    avg_loss: 0.000000093351  time_per_window : 0.000229   progress : 0.513
name: models.architecture.block_type=simple_cls
training.mode=gml_rollout
models.out_dim=10
seed=3    avg_loss: 0.000000091484  time_per_window : 0.000261   progress : 0.524
name: models.architecture.block_type=simple_cls
training.mode=gml_rollout
models.out_dim=10
seed=3    avg_loss: 0.000000107847  time_per_window : 0.000240   progress : 0.535
name: models.architecture.block_type=simple_cls
training.mode=gml_rollout
models.out_dim=10
seed=3    avg_loss: 0.000000104172  time_per_window : 0.000237   progress : 0.546
name: models.architecture.block_type=simple_cls
training.mode=gml_rollout
models.out_dim=10
seed=3    avg_loss: 0.000000097622  time_per_window : 0.000240   progress : 0.557
name: models.architecture.block_type=simple_cls
training.mode=gml_rollout
models.out_dim=10
seed=3    avg_loss: 0.000000101828  time_per_window : 0.000233   progress : 0.568
name: models.architecture.block_type=simple_cls
training.mode=gml_rollout
models.out_dim=10
seed=3    avg_loss: 0.000000100588  time_per_window : 0.000223   progress : 0.579
name: models.architecture.block_type=simple_cls
training.mode=gml_rollout
models.out_dim=10
seed=3    avg_loss: 0.000000105998  time_per_window : 0.000354   progress : 0.590
name: models.architecture.block_type=simple_cls
training.mode=gml_rollout
models.out_dim=10
seed=3    avg_loss: 0.000000100253  time_per_window : 0.000279   progress : 0.601
name: models.architecture.block_type=simple_cls
training.mode=gml_rollout
models.out_dim=10
seed=3    avg_loss: 0.000000096784  time_per_window : 0.000234   progress : 0.612
name: models.architecture.block_type=simple_cls
training.mode=gml_rollout
models.out_dim=10
seed=3    avg_loss: 0.000000095574  time_per_window : 0.000230   progress : 0.623
name: models.architecture.block_type=simple_cls
training.mode=gml_rollout
models.out_dim=10
seed=3    avg_loss: 0.000000082318  time_per_window : 0.000345   progress : 0.634
name: models.architecture.block_type=simple_cls
training.mode=gml_rollout
models.out_dim=10
seed=4    avg_loss: 0.000000135543  time_per_window : 0.000267   progress : 0.644
name: models.architecture.block_type=simple_cls
training.mode=gml_rollout
models.out_dim=10
seed=4    avg_loss: 0.000000113596  time_per_window : 0.000230   progress : 0.655
name: models.architecture.block_type=simple_cls
training.mode=gml_rollout
models.out_dim=10
seed=4    avg_loss: 0.000000094416  time_per_window : 0.000289   progress : 0.666
name: models.architecture.block_type=simple_cls
training.mode=gml_rollout
models.out_dim=10
seed=4    avg_loss: 0.000000098024  time_per_window : 0.000241   progress : 0.677
name: models.architecture.block_type=simple_cls
training.mode=gml_rollout
models.out_dim=10
seed=4    avg_loss: 0.000000118149  time_per_window : 0.000280   progress : 0.688
name: models.architecture.block_type=simple_cls
training.mode=gml_rollout
models.out_dim=10
seed=4    avg_loss: 0.000000091880  time_per_window : 0.000291   progress : 0.699
name: models.architecture.block_type=simple_cls
training.mode=gml_rollout
models.out_dim=10
seed=4    avg_loss: 0.000000090464  time_per_window : 0.000225   progress : 0.710
name: models.architecture.block_type=simple_cls
training.mode=gml_rollout
models.out_dim=10
seed=4    avg_loss: 0.000000093845  time_per_window : 0.000246   progress : 0.721
name: models.architecture.block_type=simple_cls
training.mode=gml_rollout
models.out_dim=10
seed=4    avg_loss: 0.000000096547  time_per_window : 0.000304   progress : 0.732
name: models.architecture.block_type=simple_cls
training.mode=gml_rollout
models.out_dim=10
seed=4    avg_loss: 0.000000122778  time_per_window : 0.000289   progress : 0.743
name: models.architecture.block_type=simple_cls
training.mode=gml_rollout
models.out_dim=10
seed=4    avg_loss: 0.000000108177  time_per_window : 0.000229   progress : 0.754
name: models.architecture.block_type=simple_cls
training.mode=gml_rollout
models.out_dim=10
seed=4    avg_loss: 0.000000082587  time_per_window : 0.000305   progress : 0.765
name: models.architecture.block_type=simple_cls
training.mode=gml_rollout
models.out_dim=10
seed=4    avg_loss: 0.000000097416  time_per_window : 0.000273   progress : 0.775
name: models.architecture.block_type=simple_cls
training.mode=gml_rollout
models.out_dim=10
seed=4    avg_loss: 0.000000105858  time_per_window : 0.000234   progress : 0.786
name: models.architecture.block_type=simple_cls
training.mode=gml_rollout
models.out_dim=10
seed=4    avg_loss: 0.000000093941  time_per_window : 0.000233   progress : 0.797
name: models.architecture.block_type=simple_cls
training.mode=gml_rollout
models.out_dim=10
seed=4    avg_loss: 0.000000089494  time_per_window : 0.000231   progress : 0.808
name: models.architecture.block_type=simple_cls
training.mode=gml_rollout
models.out_dim=10
seed=4    avg_loss: 0.000000080773  time_per_window : 0.000241   progress : 0.819
name: models.architecture.block_type=simple_cls
training.mode=gml_rollout
models.out_dim=10
seed=4    avg_loss: 0.000000088174  time_per_window : 0.000205   progress : 0.830
name: models.architecture.block_type=simple_cls
training.mode=gml_rollout
models.out_dim=10
seed=4    avg_loss: 0.000000096012  time_per_window : 0.000242   progress : 0.841
name: models.architecture.block_type=simple_cls
training.mode=gml_rollout
models.out_dim=10
seed=4    avg_loss: 0.000000095766  time_per_window : 0.000223   progress : 0.852
name: models.architecture.block_type=simple_cls
training.mode=gml_rollout
models.out_dim=10
seed=4    avg_loss: 0.000000087942  time_per_window : 0.000249   progress : 0.863
name: models.architecture.block_type=simple_cls
training.mode=gml_rollout
models.out_dim=10
seed=4    avg_loss: 0.000000080790  time_per_window : 0.000309   progress : 0.874
name: models.architecture.block_type=simple_cls
training.mode=gml_rollout
models.out_dim=10
seed=4    avg_loss: 0.000000081966  time_per_window : 0.000321   progress : 0.885
name: models.architecture.block_type=simple_cls
training.mode=gml_rollout
models.out_dim=10
seed=4    avg_loss: 0.000000097248  time_per_window : 0.000331   progress : 0.896
name: models.architecture.block_type=simple_cls
training.mode=gml_rollout
models.out_dim=10
seed=4    avg_loss: 0.000000087666  time_per_window : 0.000228   progress : 0.907
name: models.architecture.block_type=simple_cls
training.mode=gml_rollout
models.out_dim=10
seed=4    avg_loss: 0.000000134610  time_per_window : 0.000247   progress : 0.917
name: models.architecture.block_type=simple_cls
training.mode=gml_rollout
models.out_dim=10
seed=4    avg_loss: 0.000000084153  time_per_window : 0.000286   progress : 0.928
name: models.architecture.block_type=simple_cls
training.mode=gml_rollout
models.out_dim=10
seed=4    avg_loss: 0.000000081158  time_per_window : 0.000226   progress : 0.939
name: models.architecture.block_type=simple_cls
training.mode=gml_rollout
models.out_dim=10
seed=4    avg_loss: 0.000000108598  time_per_window : 0.000300   progress : 0.950
name: models.architecture.block_type=simple_cls
training.mode=gml_rollout
models.out_dim=10
seed=4    avg_loss: 0.000000077221  time_per_window : 0.000255   progress : 0.961
name: models.architecture.block_type=simple_cls
training.mode=gml_rollout
models.out_dim=10
seed=4    avg_loss: 0.000000088497  time_per_window : 0.000224   progress : 0.972
name: models.architecture.block_type=simple_cls
training.mode=gml_rollout
models.out_dim=10
seed=4    avg_loss: 0.000000083388  time_per_window : 0.000232   progress : 0.983
name: models.architecture.block_type=simple_cls
training.mode=gml_rollout
models.out_dim=10
seed=4    avg_loss: 0.000000079992  time_per_window : 0.000320   progress : 0.994
name: models.architecture.block_type=simple_cls
training.mode=gml_rollout
models.out_dim=10
seed=4    avg_loss: 0.000017856804  time_per_window : 0.000252   progress : 0.011
name: models.architecture.block_type=simple_cls
training.mode=gml_rollout
models.out_dim=10
seed=4    avg_loss: 0.000005254181  time_per_window : 0.000334   progress : 0.022
name: models.architecture.block_type=simple_cls
training.mode=gml_rollout
models.out_dim=10
seed=4    avg_loss: 0.000002614120  time_per_window : 0.000347   progress : 0.033
name: models.architecture.block_type=simple_cls
training.mode=gml_rollout
models.out_dim=10
seed=4    avg_loss: 0.000002130584  time_per_window : 0.000213   progress : 0.044
name: models.architecture.block_type=simple_cls
training.mode=gml_rollout
models.out_dim=10
seed=4    avg_loss: 0.000001501050  time_per_window : 0.000216   progress : 0.055
name: models.architecture.block_type=simple_cls
training.mode=gml_rollout
models.out_dim=10
seed=4    avg_loss: 0.000001520242  time_per_window : 0.000215   progress : 0.066
name: models.architecture.block_type=simple_cls
training.mode=gml_rollout
models.out_dim=10
seed=4    avg_loss: 0.000001279888  time_per_window : 0.000279   progress : 0.076
name: models.architecture.block_type=simple_cls
training.mode=gml_rollout
models.out_dim=10
seed=4    avg_loss: 0.000001404692  time_per_window : 0.000263   progress : 0.087
name: models.architecture.block_type=simple_cls
training.mode=gml_rollout
models.out_dim=10
seed=4    avg_loss: 0.000001041041  time_per_window : 0.000370   progress : 0.098
name: models.architecture.block_type=simple_cls
training.mode=gml_rollout
models.out_dim=10
seed=4    avg_loss: 0.000001189093  time_per_window : 0.000277   progress : 0.109
name: models.architecture.block_type=simple_cls
training.mode=gml_rollout
models.out_dim=10
seed=4    avg_loss: 0.000001175776  time_per_window : 0.000275   progress : 0.120
name: models.architecture.block_type=simple_cls
training.mode=gml_rollout
models.out_dim=10
seed=4    avg_loss: 0.000001107878  time_per_window : 0.000276   progress : 0.131
name: models.architecture.block_type=simple_cls
training.mode=gml_rollout
models.out_dim=10
seed=4    avg_loss: 0.000001005501  time_per_window : 0.000228   progress : 0.142
name: models.architecture.block_type=simple_cls
training.mode=gml_rollout
models.out_dim=10
seed=4    avg_loss: 0.000001214902  time_per_window : 0.000333   progress : 0.153
name: models.architecture.block_type=simple_cls
training.mode=gml_rollout
models.out_dim=10
seed=4    avg_loss: 0.000000990005  time_per_window : 0.000238   progress : 0.164
name: models.architecture.block_type=simple_cls
training.mode=gml_rollout
models.out_dim=10
seed=0    avg_loss: 0.000000139649  time_per_window : 0.000299   progress : 0.644
name: models.architecture.block_type=simple_cls
training.mode=gml_rollout
models.out_dim=10
seed=0    avg_loss: 0.000000102431  time_per_window : 0.000254   progress : 0.655
name: models.architecture.block_type=simple_cls
training.mode=gml_rollout
models.out_dim=10
seed=0    avg_loss: 0.000000090200  time_per_window : 0.000286   progress : 0.666
name: models.architecture.block_type=simple_cls
training.mode=gml_rollout
models.out_dim=10
seed=0    avg_loss: 0.000000098273  time_per_window : 0.000256   progress : 0.677
name: models.architecture.block_type=simple_cls
training.mode=gml_rollout
models.out_dim=10
seed=0    avg_loss: 0.000000099510  time_per_window : 0.000346   progress : 0.688
name: models.architecture.block_type=simple_cls
training.mode=gml_rollout
models.out_dim=10
seed=0    avg_loss: 0.000000110800  time_per_window : 0.000227   progress : 0.699
name: models.architecture.block_type=simple_cls
training.mode=gml_rollout
models.out_dim=10
seed=0    avg_loss: 0.000000110233  time_per_window : 0.000243   progress : 0.710
name: models.architecture.block_type=simple_cls
training.mode=gml_rollout
models.out_dim=10
seed=0    avg_loss: 0.000000091666  time_per_window : 0.000226   progress : 0.721
name: models.architecture.block_type=simple_cls
training.mode=gml_rollout
models.out_dim=10
seed=0    avg_loss: 0.000000099377  time_per_window : 0.000242   progress : 0.732
name: models.architecture.block_type=simple_cls
training.mode=gml_rollout
models.out_dim=10
seed=0    avg_loss: 0.000000109317  time_per_window : 0.000203   progress : 0.743
name: models.architecture.block_type=simple_cls
training.mode=gml_rollout
models.out_dim=10
seed=0    avg_loss: 0.000000097196  time_per_window : 0.000214   progress : 0.754
name: models.architecture.block_type=simple_cls
training.mode=gml_rollout
models.out_dim=10
seed=0    avg_loss: 0.000000109198  time_per_window : 0.000307   progress : 0.765
name: models.architecture.block_type=simple_cls
training.mode=gml_rollout
models.out_dim=10
seed=0    avg_loss: 0.000000119303  time_per_window : 0.000225   progress : 0.775
name: models.architecture.block_type=simple_cls
training.mode=gml_rollout
models.out_dim=10
seed=0    avg_loss: 0.000000128297  time_per_window : 0.000208   progress : 0.786
name: models.architecture.block_type=simple_cls
training.mode=gml_rollout
models.out_dim=10
seed=0    avg_loss: 0.000000108189  time_per_window : 0.000232   progress : 0.797
name: models.architecture.block_type=simple_cls
training.mode=gml_rollout
models.out_dim=10
seed=0    avg_loss: 0.000000097925  time_per_window : 0.000224   progress : 0.808
name: models.architecture.block_type=simple_cls
training.mode=gml_rollout
models.out_dim=10
seed=0    avg_loss: 0.000000098285  time_per_window : 0.000277   progress : 0.819
name: models.architecture.block_type=simple_cls
training.mode=gml_rollout
models.out_dim=10
seed=0    avg_loss: 0.000000089323  time_per_window : 0.000234   progress : 0.830
name: models.architecture.block_type=simple_cls
training.mode=gml_rollout
models.out_dim=10
seed=0    avg_loss: 0.000000099690  time_per_window : 0.000218   progress : 0.841
name: models.architecture.block_type=simple_cls
training.mode=gml_rollout
models.out_dim=10
seed=0    avg_loss: 0.000000101453  time_per_window : 0.000215   progress : 0.852
name: models.architecture.block_type=simple_cls
training.mode=gml_rollout
models.out_dim=10
seed=0    avg_loss: 0.000000129180  time_per_window : 0.000259   progress : 0.863
name: models.architecture.block_type=simple_cls
training.mode=gml_rollout
models.out_dim=10
seed=0    avg_loss: 0.000000086489  time_per_window : 0.000241   progress : 0.874
name: models.architecture.block_type=simple_cls
training.mode=gml_rollout
models.out_dim=10
seed=0    avg_loss: 0.000000100007  time_per_window : 0.000336   progress : 0.885
name: models.architecture.block_type=simple_cls
training.mode=gml_rollout
models.out_dim=10
seed=0    avg_loss: 0.000000092680  time_per_window : 0.000323   progress : 0.896
name: models.architecture.block_type=simple_cls
training.mode=gml_rollout
models.out_dim=10
seed=0    avg_loss: 0.000000103720  time_per_window : 0.000219   progress : 0.907
name: models.architecture.block_type=simple_cls
training.mode=gml_rollout
models.out_dim=10
seed=0    avg_loss: 0.000000102820  time_per_window : 0.000289   progress : 0.917
name: models.architecture.block_type=simple_cls
training.mode=gml_rollout
models.out_dim=10
seed=0    avg_loss: 0.000000110226  time_per_window : 0.000247   progress : 0.928
name: models.architecture.block_type=simple_cls
training.mode=gml_rollout
models.out_dim=10
seed=0    avg_loss: 0.000000086354  time_per_window : 0.000320   progress : 0.939
name: models.architecture.block_type=simple_cls
training.mode=gml_rollout
models.out_dim=10
seed=0    avg_loss: 0.000000093457  time_per_window : 0.000255   progress : 0.950
name: models.architecture.block_type=simple_cls
training.mode=gml_rollout
models.out_dim=10
seed=0    avg_loss: 0.000000093353  time_per_window : 0.000298   progress : 0.961
name: models.architecture.block_type=simple_cls
training.mode=gml_rollout
models.out_dim=10
seed=0    avg_loss: 0.000000128504  time_per_window : 0.000315   progress : 0.972
name: models.architecture.block_type=simple_cls
training.mode=gml_rollout
models.out_dim=10
seed=0    avg_loss: 0.000000113626  time_per_window : 0.000321   progress : 0.983
name: models.architecture.block_type=simple_cls
training.mode=gml_rollout
models.out_dim=10
seed=0    avg_loss: 0.000000088478  time_per_window : 0.000369   progress : 0.994
name: models.architecture.block_type=simple_cls
training.mode=gml_rollout
models.out_dim=10
seed=0    avg_loss: 0.000026177204  time_per_window : 0.000246   progress : 0.011
name: models.architecture.block_type=simple_cls
training.mode=gml_rollout
models.out_dim=10
seed=0    avg_loss: 0.000003604560  time_per_window : 0.000326   progress : 0.022
name: models.architecture.block_type=simple_cls
training.mode=gml_rollout
models.out_dim=10
seed=0    avg_loss: 0.000003272142  time_per_window : 0.000223   progress : 0.033
name: models.architecture.block_type=simple_cls
training.mode=gml_rollout
models.out_dim=10
seed=0    avg_loss: 0.000003311860  time_per_window : 0.000270   progress : 0.044
name: models.architecture.block_type=simple_cls
training.mode=gml_rollout
models.out_dim=10
seed=0    avg_loss: 0.000002857452  time_per_window : 0.000260   progress : 0.055
name: models.architecture.block_type=simple_cls
training.mode=gml_rollout
models.out_dim=10
seed=0    avg_loss: 0.000002201999  time_per_window : 0.000306   progress : 0.066
name: models.architecture.block_type=simple_cls
training.mode=gml_rollout
models.out_dim=10
seed=0    avg_loss: 0.000001617873  time_per_window : 0.000276   progress : 0.076
name: models.architecture.block_type=simple_cls
training.mode=gml_rollout
models.out_dim=10
seed=0    avg_loss: 0.000001338649  time_per_window : 0.000286   progress : 0.087
name: models.architecture.block_type=simple_cls
training.mode=gml_rollout
models.out_dim=10
seed=0    avg_loss: 0.000001357025  time_per_window : 0.000230   progress : 0.098
name: models.architecture.block_type=simple_cls
training.mode=gml_rollout
models.out_dim=10
seed=0    avg_loss: 0.000001302701  time_per_window : 0.000223   progress : 0.109
name: models.architecture.block_type=simple_cls
training.mode=gml_rollout
models.out_dim=10
seed=0    avg_loss: 0.000001172690  time_per_window : 0.000283   progress : 0.120
name: models.architecture.block_type=simple_cls
training.mode=gml_rollout
models.out_dim=10
seed=0    avg_loss: 0.000001136375  time_per_window : 0.000314   progress : 0.131
name: models.architecture.block_type=simple_cls
training.mode=gml_rollout
models.out_dim=10
seed=0    avg_loss: 0.000001208148  time_per_window : 0.000241   progress : 0.142
name: models.architecture.block_type=simple_cls
training.mode=gml_rollout
models.out_dim=10
seed=0    avg_loss: 0.000001334771  time_per_window : 0.000246   progress : 0.153
name: models.architecture.block_type=simple_cls
training.mode=gml_rollout
models.out_dim=10
seed=0    avg_loss: 0.000001067371  time_per_window : 0.000231   progress : 0.164
name: models.architecture.block_type=simple_cls
training.mode=gml_rollout
models.out_dim=10
seed=1    avg_loss: 0.000000122382  time_per_window : 0.000303   progress : 0.644
name: models.architecture.block_type=simple_cls
training.mode=gml_rollout
models.out_dim=10
seed=1    avg_loss: 0.000000124198  time_per_window : 0.000193   progress : 0.655
name: models.architecture.block_type=simple_cls
training.mode=gml_rollout
models.out_dim=10
seed=1    avg_loss: 0.000000120454  time_per_window : 0.000243   progress : 0.666
name: models.architecture.block_type=simple_cls
training.mode=gml_rollout
models.out_dim=10
seed=1    avg_loss: 0.000000116226  time_per_window : 0.000343   progress : 0.677
name: models.architecture.block_type=simple_cls
training.mode=gml_rollout
models.out_dim=10
seed=1    avg_loss: 0.000000112625  time_per_window : 0.000285   progress : 0.688
name: models.architecture.block_type=simple_cls
training.mode=gml_rollout
models.out_dim=10
seed=1    avg_loss: 0.000000105571  time_per_window : 0.000259   progress : 0.699
name: models.architecture.block_type=simple_cls
training.mode=gml_rollout
models.out_dim=10
seed=1    avg_loss: 0.000000097102  time_per_window : 0.000295   progress : 0.710
name: models.architecture.block_type=simple_cls
training.mode=gml_rollout
models.out_dim=10
seed=1    avg_loss: 0.000000105846  time_per_window : 0.000299   progress : 0.721
name: models.architecture.block_type=simple_cls
training.mode=gml_rollout
models.out_dim=10
seed=1    avg_loss: 0.000000098269  time_per_window : 0.000221   progress : 0.732
name: models.architecture.block_type=simple_cls
training.mode=gml_rollout
models.out_dim=10
seed=1    avg_loss: 0.000000127697  time_per_window : 0.000283   progress : 0.743
name: models.architecture.block_type=simple_cls
training.mode=gml_rollout
models.out_dim=10
seed=1    avg_loss: 0.000000111046  time_per_window : 0.000305   progress : 0.754
name: models.architecture.block_type=simple_cls
training.mode=gml_rollout
models.out_dim=10
seed=1    avg_loss: 0.000000106532  time_per_window : 0.000228   progress : 0.765
name: models.architecture.block_type=simple_cls
training.mode=gml_rollout
models.out_dim=10
seed=1    avg_loss: 0.000000111279  time_per_window : 0.000295   progress : 0.775
name: models.architecture.block_type=simple_cls
training.mode=gml_rollout
models.out_dim=10
seed=1    avg_loss: 0.000000113181  time_per_window : 0.000329   progress : 0.786
name: models.architecture.block_type=simple_cls
training.mode=gml_rollout
models.out_dim=10
seed=1    avg_loss: 0.000000119037  time_per_window : 0.000267   progress : 0.797
name: models.architecture.block_type=simple_cls
training.mode=gml_rollout
models.out_dim=10
seed=1    avg_loss: 0.000000104172  time_per_window : 0.000231   progress : 0.808
name: models.architecture.block_type=simple_cls
training.mode=gml_rollout
models.out_dim=10
seed=1    avg_loss: 0.000000104299  time_per_window : 0.000220   progress : 0.819
name: models.architecture.block_type=simple_cls
training.mode=gml_rollout
models.out_dim=10
seed=1    avg_loss: 0.000000097771  time_per_window : 0.000230   progress : 0.830
name: models.architecture.block_type=simple_cls
training.mode=gml_rollout
models.out_dim=10
seed=1    avg_loss: 0.000000091715  time_per_window : 0.000262   progress : 0.841
name: models.architecture.block_type=simple_cls
training.mode=gml_rollout
models.out_dim=10
seed=1    avg_loss: 0.000000107194  time_per_window : 0.000317   progress : 0.852
name: models.architecture.block_type=simple_cls
training.mode=gml_rollout
models.out_dim=10
seed=1    avg_loss: 0.000000128025  time_per_window : 0.000263   progress : 0.863
name: models.architecture.block_type=simple_cls
training.mode=gml_rollout
models.out_dim=10
seed=1    avg_loss: 0.000000093860  time_per_window : 0.000259   progress : 0.874
name: models.architecture.block_type=simple_cls
training.mode=gml_rollout
models.out_dim=10
seed=1    avg_loss: 0.000000102635  time_per_window : 0.000261   progress : 0.885
name: models.architecture.block_type=simple_cls
training.mode=gml_rollout
models.out_dim=10
seed=1    avg_loss: 0.000000095547  time_per_window : 0.000245   progress : 0.896
name: models.architecture.block_type=simple_cls
training.mode=gml_rollout
models.out_dim=10
seed=1    avg_loss: 0.000000105253  time_per_window : 0.000291   progress : 0.907
name: models.architecture.block_type=simple_cls
training.mode=gml_rollout
models.out_dim=10
seed=1    avg_loss: 0.000000092033  time_per_window : 0.000232   progress : 0.917
name: models.architecture.block_type=simple_cls
training.mode=gml_rollout
models.out_dim=10
seed=1    avg_loss: 0.000000091977  time_per_window : 0.000214   progress : 0.928
name: models.architecture.block_type=simple_cls
training.mode=gml_rollout
models.out_dim=10
seed=1    avg_loss: 0.000000082284  time_per_window : 0.000231   progress : 0.939
name: models.architecture.block_type=simple_cls
training.mode=gml_rollout
models.out_dim=10
seed=1    avg_loss: 0.000000123541  time_per_window : 0.000234   progress : 0.950
name: models.architecture.block_type=simple_cls
training.mode=gml_rollout
models.out_dim=10
seed=1    avg_loss: 0.000000109282  time_per_window : 0.000325   progress : 0.961
name: models.architecture.block_type=simple_cls
training.mode=gml_rollout
models.out_dim=10
seed=1    avg_loss: 0.000000115796  time_per_window : 0.000282   progress : 0.972
name: models.architecture.block_type=simple_cls
training.mode=gml_rollout
models.out_dim=10
seed=1    avg_loss: 0.000000139185  time_per_window : 0.000249   progress : 0.983
name: models.architecture.block_type=simple_cls
training.mode=gml_rollout
models.out_dim=10
seed=1    avg_loss: 0.000000091639  time_per_window : 0.000282   progress : 0.994
name: models.architecture.block_type=simple_cls
training.mode=gml_rollout
models.out_dim=10
seed=1    avg_loss: 0.000025446243  time_per_window : 0.000305   progress : 0.011
name: models.architecture.block_type=simple_cls
training.mode=gml_rollout
models.out_dim=10
seed=1    avg_loss: 0.000006890102  time_per_window : 0.000322   progress : 0.022
name: models.architecture.block_type=simple_cls
training.mode=gml_rollout
models.out_dim=10
seed=1    avg_loss: 0.000003629518  time_per_window : 0.000311   progress : 0.033
name: models.architecture.block_type=simple_cls
training.mode=gml_rollout
models.out_dim=10
seed=1    avg_loss: 0.000003492587  time_per_window : 0.000222   progress : 0.044
name: models.architecture.block_type=simple_cls
training.mode=gml_rollout
models.out_dim=10
seed=1    avg_loss: 0.000003193140  time_per_window : 0.000254   progress : 0.055
name: models.architecture.block_type=simple_cls
training.mode=gml_rollout
models.out_dim=10
seed=1    avg_loss: 0.000003160300  time_per_window : 0.000309   progress : 0.066
name: models.architecture.block_type=simple_cls
training.mode=gml_rollout
models.out_dim=10
seed=1    avg_loss: 0.000003121982  time_per_window : 0.000299   progress : 0.076
name: models.architecture.block_type=simple_cls
training.mode=gml_rollout
models.out_dim=10
seed=1    avg_loss: 0.000002395597  time_per_window : 0.000193   progress : 0.087
name: models.architecture.block_type=simple_cls
training.mode=gml_rollout
models.out_dim=10
seed=1    avg_loss: 0.000001909092  time_per_window : 0.000247   progress : 0.098
name: models.architecture.block_type=simple_cls
training.mode=gml_rollout
models.out_dim=10
seed=1    avg_loss: 0.000001457168  time_per_window : 0.000288   progress : 0.109
name: models.architecture.block_type=simple_cls
training.mode=gml_rollout
models.out_dim=10
seed=1    avg_loss: 0.000001786205  time_per_window : 0.000290   progress : 0.120
name: models.architecture.block_type=simple_cls
training.mode=gml_rollout
models.out_dim=10
seed=1    avg_loss: 0.000001204488  time_per_window : 0.000229   progress : 0.131
name: models.architecture.block_type=simple_cls
training.mode=gml_rollout
models.out_dim=10
seed=1    avg_loss: 0.000001141273  time_per_window : 0.000224   progress : 0.142
name: models.architecture.block_type=simple_cls
training.mode=gml_rollout
models.out_dim=10
seed=1    avg_loss: 0.000001266474  time_per_window : 0.000240   progress : 0.153
name: models.architecture.block_type=simple_cls
training.mode=gml_rollout
models.out_dim=10
seed=1    avg_loss: 0.000001176937  time_per_window : 0.000265   progress : 0.164
name: models.architecture.block_type=simple_cls
training.mode=gml_rollout
models.out_dim=10
seed=2    avg_loss: 0.000000098140  time_per_window : 0.000252   progress : 0.644
name: models.architecture.block_type=simple_cls
training.mode=gml_rollout
models.out_dim=10
seed=2    avg_loss: 0.000000090804  time_per_window : 0.000248   progress : 0.655
name: models.architecture.block_type=simple_cls
training.mode=gml_rollout
models.out_dim=10
seed=2    avg_loss: 0.000000100089  time_per_window : 0.000248   progress : 0.666
name: models.architecture.block_type=simple_cls
training.mode=gml_rollout
models.out_dim=10
seed=2    avg_loss: 0.000000114579  time_per_window : 0.000229   progress : 0.677
name: models.architecture.block_type=simple_cls
training.mode=gml_rollout
models.out_dim=10
seed=2    avg_loss: 0.000000076648  time_per_window : 0.000306   progress : 0.688
name: models.architecture.block_type=simple_cls
training.mode=gml_rollout
models.out_dim=10
seed=2    avg_loss: 0.000000076934  time_per_window : 0.000216   progress : 0.699
name: models.architecture.block_type=simple_cls
training.mode=gml_rollout
models.out_dim=10
seed=2    avg_loss: 0.000000098839  time_per_window : 0.000267   progress : 0.710
name: models.architecture.block_type=simple_cls
training.mode=gml_rollout
models.out_dim=10
seed=2    avg_loss: 0.000000087420  time_per_window : 0.000275   progress : 0.721
name: models.architecture.block_type=simple_cls
training.mode=gml_rollout
models.out_dim=10
seed=2    avg_loss: 0.000000108552  time_per_window : 0.000340   progress : 0.732
name: models.architecture.block_type=simple_cls
training.mode=gml_rollout
models.out_dim=10
seed=2    avg_loss: 0.000000085841  time_per_window : 0.000227   progress : 0.743
name: models.architecture.block_type=simple_cls
training.mode=gml_rollout
models.out_dim=10
seed=2    avg_loss: 0.000000088459  time_per_window : 0.000238   progress : 0.754
name: models.architecture.block_type=simple_cls
training.mode=gml_rollout
models.out_dim=10
seed=2    avg_loss: 0.000000083469  time_per_window : 0.000331   progress : 0.765
name: models.architecture.block_type=simple_cls
training.mode=gml_rollout
models.out_dim=10
seed=2    avg_loss: 0.000000098554  time_per_window : 0.000312   progress : 0.775
name: models.architecture.block_type=simple_cls
training.mode=gml_rollout
models.out_dim=10
seed=2    avg_loss: 0.000000091162  time_per_window : 0.000231   progress : 0.786
name: models.architecture.block_type=simple_cls
training.mode=gml_rollout
models.out_dim=10
seed=2    avg_loss: 0.000000099404  time_per_window : 0.000340   progress : 0.797
name: models.architecture.block_type=simple_cls
training.mode=gml_rollout
models.out_dim=10
seed=2    avg_loss: 0.000000072691  time_per_window : 0.000244   progress : 0.808
name: models.architecture.block_type=simple_cls
training.mode=gml_rollout
models.out_dim=10
seed=2    avg_loss: 0.000000087782  time_per_window : 0.000285   progress : 0.819
name: models.architecture.block_type=simple_cls
training.mode=gml_rollout
models.out_dim=10
seed=2    avg_loss: 0.000000079297  time_per_window : 0.000304   progress : 0.830
name: models.architecture.block_type=simple_cls
training.mode=gml_rollout
models.out_dim=10
seed=2    avg_loss: 0.000000081871  time_per_window : 0.000219   progress : 0.841
name: models.architecture.block_type=simple_cls
training.mode=gml_rollout
models.out_dim=10
seed=2    avg_loss: 0.000000085330  time_per_window : 0.000247   progress : 0.852
name: models.architecture.block_type=simple_cls
training.mode=gml_rollout
models.out_dim=10
seed=2    avg_loss: 0.000000099740  time_per_window : 0.000250   progress : 0.863
name: models.architecture.block_type=simple_cls
training.mode=gml_rollout
models.out_dim=10
seed=2    avg_loss: 0.000000101613  time_per_window : 0.000284   progress : 0.874
name: models.architecture.block_type=simple_cls
training.mode=gml_rollout
models.out_dim=10
seed=2    avg_loss: 0.000000093035  time_per_window : 0.000270   progress : 0.885
name: models.architecture.block_type=simple_cls
training.mode=gml_rollout
models.out_dim=10
seed=2    avg_loss: 0.000000087317  time_per_window : 0.000270   progress : 0.896
name: models.architecture.block_type=simple_cls
training.mode=gml_rollout
models.out_dim=10
seed=2    avg_loss: 0.000000083917  time_per_window : 0.000312   progress : 0.907
name: models.architecture.block_type=simple_cls
training.mode=gml_rollout
models.out_dim=10
seed=2    avg_loss: 0.000000089803  time_per_window : 0.000284   progress : 0.917
name: models.architecture.block_type=simple_cls
training.mode=gml_rollout
models.out_dim=10
seed=2    avg_loss: 0.000000088064  time_per_window : 0.000272   progress : 0.928
name: models.architecture.block_type=simple_cls
training.mode=gml_rollout
models.out_dim=10
seed=2    avg_loss: 0.000000076441  time_per_window : 0.000265   progress : 0.939
name: models.architecture.block_type=simple_cls
training.mode=gml_rollout
models.out_dim=10
seed=2    avg_loss: 0.000000092162  time_per_window : 0.000286   progress : 0.950
name: models.architecture.block_type=simple_cls
training.mode=gml_rollout
models.out_dim=10
seed=2    avg_loss: 0.000000082955  time_per_window : 0.000270   progress : 0.961
name: models.architecture.block_type=simple_cls
training.mode=gml_rollout
models.out_dim=10
seed=2    avg_loss: 0.000000097649  time_per_window : 0.000216   progress : 0.972
name: models.architecture.block_type=simple_cls
training.mode=gml_rollout
models.out_dim=10
seed=2    avg_loss: 0.000000080482  time_per_window : 0.000219   progress : 0.983
name: models.architecture.block_type=simple_cls
training.mode=gml_rollout
models.out_dim=10
seed=2    avg_loss: 0.000000080470  time_per_window : 0.000366   progress : 0.994
name: models.architecture.block_type=simple_cls
training.mode=gml_rollout
models.out_dim=10
seed=2    avg_loss: 0.000019575551  time_per_window : 0.000254   progress : 0.011
name: models.architecture.block_type=simple_cls
training.mode=gml_rollout
models.out_dim=10
seed=2    avg_loss: 0.000003048846  time_per_window : 0.000277   progress : 0.022
name: models.architecture.block_type=simple_cls
training.mode=gml_rollout
models.out_dim=10
seed=2    avg_loss: 0.000002534225  time_per_window : 0.000276   progress : 0.033
name: models.architecture.block_type=simple_cls
training.mode=gml_rollout
models.out_dim=10
seed=2    avg_loss: 0.000002820165  time_per_window : 0.000237   progress : 0.044
name: models.architecture.block_type=simple_cls
training.mode=gml_rollout
models.out_dim=10
seed=2    avg_loss: 0.000001556932  time_per_window : 0.000257   progress : 0.055
name: models.architecture.block_type=simple_cls
training.mode=gml_rollout
models.out_dim=10
seed=2    avg_loss: 0.000001508073  time_per_window : 0.000344   progress : 0.066
name: models.architecture.block_type=simple_cls
training.mode=gml_rollout
models.out_dim=10
seed=2    avg_loss: 0.000001411559  time_per_window : 0.000237   progress : 0.076
name: models.architecture.block_type=simple_cls
training.mode=gml_rollout
models.out_dim=10
seed=2    avg_loss: 0.000001113062  time_per_window : 0.000250   progress : 0.087
name: models.architecture.block_type=simple_cls
training.mode=gml_rollout
models.out_dim=10
seed=2    avg_loss: 0.000001411685  time_per_window : 0.000265   progress : 0.098
name: models.architecture.block_type=simple_cls
training.mode=gml_rollout
models.out_dim=10
seed=2    avg_loss: 0.000001329134  time_per_window : 0.000301   progress : 0.109
name: models.architecture.block_type=simple_cls
training.mode=gml_rollout
models.out_dim=10
seed=2    avg_loss: 0.000001188917  time_per_window : 0.000323   progress : 0.120
name: models.architecture.block_type=simple_cls
training.mode=gml_rollout
models.out_dim=10
seed=2    avg_loss: 0.000001369174  time_per_window : 0.000210   progress : 0.131
name: models.architecture.block_type=simple_cls
training.mode=gml_rollout
models.out_dim=10
seed=2    avg_loss: 0.000001179380  time_per_window : 0.000256   progress : 0.142
name: models.architecture.block_type=simple_cls
training.mode=gml_rollout
models.out_dim=10
seed=2    avg_loss: 0.000001729115  time_per_window : 0.000245   progress : 0.153
name: models.architecture.block_type=simple_cls
training.mode=gml_rollout
models.out_dim=10
seed=2    avg_loss: 0.000001151433  time_per_window : 0.000230   progress : 0.164
name: models.architecture.block_type=simple_cls
training.mode=gml_rollout
models.out_dim=10
seed=3    avg_loss: 0.000000119164  time_per_window : 0.000304   progress : 0.644
name: models.architecture.block_type=simple_cls
training.mode=gml_rollout
models.out_dim=10
seed=3    avg_loss: 0.000000097874  time_per_window : 0.000252   progress : 0.655
name: models.architecture.block_type=simple_cls
training.mode=gml_rollout
models.out_dim=10
seed=3    avg_loss: 0.000000095115  time_per_window : 0.000262   progress : 0.666
name: models.architecture.block_type=simple_cls
training.mode=gml_rollout
models.out_dim=10
seed=3    avg_loss: 0.000000122453  time_per_window : 0.000286   progress : 0.677
name: models.architecture.block_type=simple_cls
training.mode=gml_rollout
models.out_dim=10
seed=3    avg_loss: 0.000000085249  time_per_window : 0.000354   progress : 0.688
name: models.architecture.block_type=simple_cls
training.mode=gml_rollout
models.out_dim=10
seed=3    avg_loss: 0.000000099434  time_per_window : 0.000243   progress : 0.699
name: models.architecture.block_type=simple_cls
training.mode=gml_rollout
models.out_dim=10
seed=3    avg_loss: 0.000000081034  time_per_window : 0.000245   progress : 0.710
name: models.architecture.block_type=simple_cls
training.mode=gml_rollout
models.out_dim=10
seed=3    avg_loss: 0.000000085161  time_per_window : 0.000335   progress : 0.721
name: models.architecture.block_type=simple_cls
training.mode=gml_rollout
models.out_dim=10
seed=3    avg_loss: 0.000000095265  time_per_window : 0.000228   progress : 0.732
name: models.architecture.block_type=simple_cls
training.mode=gml_rollout
models.out_dim=10
seed=3    avg_loss: 0.000000076240  time_per_window : 0.000246   progress : 0.743
name: models.architecture.block_type=simple_cls
training.mode=gml_rollout
models.out_dim=10
seed=3    avg_loss: 0.000000131584  time_per_window : 0.000351   progress : 0.754
name: models.architecture.block_type=simple_cls
training.mode=gml_rollout
models.out_dim=10
seed=3    avg_loss: 0.000000105752  time_per_window : 0.000226   progress : 0.765
name: models.architecture.block_type=simple_cls
training.mode=gml_rollout
models.out_dim=10
seed=3    avg_loss: 0.000000083891  time_per_window : 0.000287   progress : 0.775
name: models.architecture.block_type=simple_cls
training.mode=gml_rollout
models.out_dim=10
seed=3    avg_loss: 0.000000102535  time_per_window : 0.000254   progress : 0.786
name: models.architecture.block_type=simple_cls
training.mode=gml_rollout
models.out_dim=10
seed=3    avg_loss: 0.000000099153  time_per_window : 0.000282   progress : 0.797
name: models.architecture.block_type=simple_cls
training.mode=gml_rollout
models.out_dim=10
seed=3    avg_loss: 0.000000092845  time_per_window : 0.000255   progress : 0.808
name: models.architecture.block_type=simple_cls
training.mode=gml_rollout
models.out_dim=10
seed=3    avg_loss: 0.000000083276  time_per_window : 0.000266   progress : 0.819
name: models.architecture.block_type=simple_cls
training.mode=gml_rollout
models.out_dim=10
seed=3    avg_loss: 0.000000083836  time_per_window : 0.000307   progress : 0.830
name: models.architecture.block_type=simple_cls
training.mode=gml_rollout
models.out_dim=10
seed=3    avg_loss: 0.000000098656  time_per_window : 0.000292   progress : 0.841
name: models.architecture.block_type=simple_cls
training.mode=gml_rollout
models.out_dim=10
seed=3    avg_loss: 0.000000090882  time_per_window : 0.000312   progress : 0.852
name: models.architecture.block_type=simple_cls
training.mode=gml_rollout
models.out_dim=10
seed=3    avg_loss: 0.000000105878  time_per_window : 0.000282   progress : 0.863
name: models.architecture.block_type=simple_cls
training.mode=gml_rollout
models.out_dim=10
seed=3    avg_loss: 0.000000084936  time_per_window : 0.000379   progress : 0.874
name: models.architecture.block_type=simple_cls
training.mode=gml_rollout
models.out_dim=10
seed=3    avg_loss: 0.000000095939  time_per_window : 0.000241   progress : 0.885
name: models.architecture.block_type=simple_cls
training.mode=gml_rollout
models.out_dim=10
seed=3    avg_loss: 0.000000083866  time_per_window : 0.000220   progress : 0.896
name: models.architecture.block_type=simple_cls
training.mode=gml_rollout
models.out_dim=10
seed=3    avg_loss: 0.000000080632  time_per_window : 0.000252   progress : 0.907
name: models.architecture.block_type=simple_cls
training.mode=gml_rollout
models.out_dim=10
seed=3    avg_loss: 0.000000084444  time_per_window : 0.000281   progress : 0.917
name: models.architecture.block_type=simple_cls
training.mode=gml_rollout
models.out_dim=10
seed=3    avg_loss: 0.000000082565  time_per_window : 0.000235   progress : 0.928
name: models.architecture.block_type=simple_cls
training.mode=gml_rollout
models.out_dim=10
seed=3    avg_loss: 0.000000077555  time_per_window : 0.000248   progress : 0.939
name: models.architecture.block_type=simple_cls
training.mode=gml_rollout
models.out_dim=10
seed=3    avg_loss: 0.000000082995  time_per_window : 0.000326   progress : 0.950
name: models.architecture.block_type=simple_cls
training.mode=gml_rollout
models.out_dim=10
seed=3    avg_loss: 0.000000094584  time_per_window : 0.000280   progress : 0.961
name: models.architecture.block_type=simple_cls
training.mode=gml_rollout
models.out_dim=10
seed=3    avg_loss: 0.000000096780  time_per_window : 0.000226   progress : 0.972
name: models.architecture.block_type=simple_cls
training.mode=gml_rollout
models.out_dim=10
seed=3    avg_loss: 0.000000079936  time_per_window : 0.000314   progress : 0.983
name: models.architecture.block_type=simple_cls
training.mode=gml_rollout
models.out_dim=10
seed=3    avg_loss: 0.000000066459  time_per_window : 0.000279   progress : 0.994
name: models.architecture.block_type=simple_cls
training.mode=gml_rollout
models.out_dim=10
seed=3    avg_loss: 0.000018368188  time_per_window : 0.000280   progress : 0.011
name: models.architecture.block_type=simple_cls
training.mode=gml_rollout
models.out_dim=10
seed=3    avg_loss: 0.000003816855  time_per_window : 0.000279   progress : 0.022
name: models.architecture.block_type=simple_cls
training.mode=gml_rollout
models.out_dim=10
seed=3    avg_loss: 0.000003242175  time_per_window : 0.000271   progress : 0.033
name: models.architecture.block_type=simple_cls
training.mode=gml_rollout
models.out_dim=10
seed=3    avg_loss: 0.000002626759  time_per_window : 0.000296   progress : 0.044
name: models.architecture.block_type=simple_cls
training.mode=gml_rollout
models.out_dim=10
seed=3    avg_loss: 0.000001953144  time_per_window : 0.000263   progress : 0.055
name: models.architecture.block_type=simple_cls
training.mode=gml_rollout
models.out_dim=10
seed=3    avg_loss: 0.000001728461  time_per_window : 0.000228   progress : 0.066
name: models.architecture.block_type=simple_cls
training.mode=gml_rollout
models.out_dim=10
seed=3    avg_loss: 0.000001476614  time_per_window : 0.000262   progress : 0.076
name: models.architecture.block_type=simple_cls
training.mode=gml_rollout
models.out_dim=10
seed=3    avg_loss: 0.000001507187  time_per_window : 0.000301   progress : 0.087
name: models.architecture.block_type=simple_cls
training.mode=gml_rollout
models.out_dim=10
seed=3    avg_loss: 0.000001261217  time_per_window : 0.000236   progress : 0.098
name: models.architecture.block_type=simple_cls
training.mode=gml_rollout
models.out_dim=10
seed=3    avg_loss: 0.000001292804  time_per_window : 0.000238   progress : 0.109
name: models.architecture.block_type=simple_cls
training.mode=gml_rollout
models.out_dim=10
seed=3    avg_loss: 0.000001162025  time_per_window : 0.000232   progress : 0.120
name: models.architecture.block_type=simple_cls
training.mode=gml_rollout
models.out_dim=10
seed=3    avg_loss: 0.000001198798  time_per_window : 0.000261   progress : 0.131
name: models.architecture.block_type=simple_cls
training.mode=gml_rollout
models.out_dim=10
seed=3    avg_loss: 0.000001274426  time_per_window : 0.000297   progress : 0.142
name: models.architecture.block_type=simple_cls
training.mode=gml_rollout
models.out_dim=10
seed=3    avg_loss: 0.000001143562  time_per_window : 0.000300   progress : 0.153
name: models.architecture.block_type=simple_cls
training.mode=gml_rollout
models.out_dim=10
seed=3    avg_loss: 0.000001142215  time_per_window : 0.000198   progress : 0.164
name: models.architecture.block_type=simple_cls
training.mode=gml_rollout
models.out_dim=10
seed=4    avg_loss: 0.000000985038  time_per_window : 0.000223   progress : 0.175
name: models.architecture.block_type=simple_cls
training.mode=gml_rollout
models.out_dim=10
seed=4    avg_loss: 0.000001187539  time_per_window : 0.000229   progress : 0.186
name: models.architecture.block_type=simple_cls
training.mode=gml_rollout
models.out_dim=10
seed=4    avg_loss: 0.000000918677  time_per_window : 0.000243   progress : 0.197
name: models.architecture.block_type=simple_cls
training.mode=gml_rollout
models.out_dim=10
seed=4    avg_loss: 0.000001051519  time_per_window : 0.000372   progress : 0.208
name: models.architecture.block_type=simple_cls
training.mode=gml_rollout
models.out_dim=10
seed=4    avg_loss: 0.000001101609  time_per_window : 0.000267   progress : 0.218
name: models.architecture.block_type=simple_cls
training.mode=gml_rollout
models.out_dim=10
seed=4    avg_loss: 0.000000869974  time_per_window : 0.000289   progress : 0.229
name: models.architecture.block_type=simple_cls
training.mode=gml_rollout
models.out_dim=10
seed=4    avg_loss: 0.000000930738  time_per_window : 0.000295   progress : 0.240
name: models.architecture.block_type=simple_cls
training.mode=gml_rollout
models.out_dim=10
seed=4    avg_loss: 0.000001185889  time_per_window : 0.000235   progress : 0.251
name: models.architecture.block_type=simple_cls
training.mode=gml_rollout
models.out_dim=10
seed=4    avg_loss: 0.000000862917  time_per_window : 0.000228   progress : 0.262
name: models.architecture.block_type=simple_cls
training.mode=gml_rollout
models.out_dim=10
seed=4    avg_loss: 0.000000817945  time_per_window : 0.000277   progress : 0.273
name: models.architecture.block_type=simple_cls
training.mode=gml_rollout
models.out_dim=10
seed=4    avg_loss: 0.000000958958  time_per_window : 0.000295   progress : 0.284
name: models.architecture.block_type=simple_cls
training.mode=gml_rollout
models.out_dim=10
seed=4    avg_loss: 0.000001023841  time_per_window : 0.000218   progress : 0.295
name: models.architecture.block_type=simple_cls
training.mode=gml_rollout
models.out_dim=10
seed=4    avg_loss: 0.000000926992  time_per_window : 0.000248   progress : 0.306
name: models.architecture.block_type=simple_cls
training.mode=gml_rollout
models.out_dim=10
seed=4    avg_loss: 0.000000942334  time_per_window : 0.000256   progress : 0.317
name: models.architecture.block_type=simple_cls
training.mode=gml_rollout
models.out_dim=10
seed=4    avg_loss: 0.000000890462  time_per_window : 0.000218   progress : 0.328
name: models.architecture.block_type=simple_cls
training.mode=gml_rollout
models.out_dim=10
seed=4    avg_loss: 0.000000883717  time_per_window : 0.000303   progress : 0.339
name: models.architecture.block_type=simple_cls
training.mode=gml_rollout
models.out_dim=10
seed=4    avg_loss: 0.000000918765  time_per_window : 0.000278   progress : 0.350
name: models.architecture.block_type=simple_cls
training.mode=gml_rollout
models.out_dim=10
seed=4    avg_loss: 0.000000917881  time_per_window : 0.000222   progress : 0.360
name: models.architecture.block_type=simple_cls
training.mode=gml_rollout
models.out_dim=10
seed=4    avg_loss: 0.000000677797  time_per_window : 0.000271   progress : 0.371
name: models.architecture.block_type=simple_cls
training.mode=gml_rollout
models.out_dim=10
seed=4    avg_loss: 0.000000834714  time_per_window : 0.000285   progress : 0.382
name: models.architecture.block_type=simple_cls
training.mode=gml_rollout
models.out_dim=10
seed=4    avg_loss: 0.000000834071  time_per_window : 0.000364   progress : 0.393
name: models.architecture.block_type=simple_cls
training.mode=gml_rollout
models.out_dim=10
seed=4    avg_loss: 0.000000833112  time_per_window : 0.000285   progress : 0.404
name: models.architecture.block_type=simple_cls
training.mode=gml_rollout
models.out_dim=10
seed=4    avg_loss: 0.000000740531  time_per_window : 0.000289   progress : 0.415
name: models.architecture.block_type=simple_cls
training.mode=gml_rollout
models.out_dim=10
seed=4    avg_loss: 0.000000818562  time_per_window : 0.000298   progress : 0.426
name: models.architecture.block_type=simple_cls
training.mode=gml_rollout
models.out_dim=10
seed=4    avg_loss: 0.000000953604  time_per_window : 0.000272   progress : 0.437
name: models.architecture.block_type=simple_cls
training.mode=gml_rollout
models.out_dim=10
seed=4    avg_loss: 0.000000865407  time_per_window : 0.000262   progress : 0.448
name: models.architecture.block_type=simple_cls
training.mode=gml_rollout
models.out_dim=10
seed=4    avg_loss: 0.000000734809  time_per_window : 0.000249   progress : 0.459
name: models.architecture.block_type=simple_cls
training.mode=gml_rollout
models.out_dim=10
seed=4    avg_loss: 0.000000862960  time_per_window : 0.000281   progress : 0.470
name: models.architecture.block_type=simple_cls
training.mode=gml_rollout
models.out_dim=10
seed=4    avg_loss: 0.000000759891  time_per_window : 0.000246   progress : 0.481
name: models.architecture.block_type=simple_cls
training.mode=gml_rollout
models.out_dim=10
seed=4    avg_loss: 0.000000825588  time_per_window : 0.000272   progress : 0.492
name: models.architecture.block_type=simple_cls
training.mode=gml_rollout
models.out_dim=10
seed=4    avg_loss: 0.000000746571  time_per_window : 0.000215   progress : 0.502
name: models.architecture.block_type=simple_cls
training.mode=gml_rollout
models.out_dim=10
seed=4    avg_loss: 0.000000679080  time_per_window : 0.000244   progress : 0.513
name: models.architecture.block_type=simple_cls
training.mode=gml_rollout
models.out_dim=10
seed=4    avg_loss: 0.000000751480  time_per_window : 0.000237   progress : 0.524
name: models.architecture.block_type=simple_cls
training.mode=gml_rollout
models.out_dim=10
seed=4    avg_loss: 0.000000922269  time_per_window : 0.000370   progress : 0.535
name: models.architecture.block_type=simple_cls
training.mode=gml_rollout
models.out_dim=10
seed=4    avg_loss: 0.000000856991  time_per_window : 0.000273   progress : 0.546
name: models.architecture.block_type=simple_cls
training.mode=gml_rollout
models.out_dim=10
seed=4    avg_loss: 0.000000672234  time_per_window : 0.000242   progress : 0.557
name: models.architecture.block_type=simple_cls
training.mode=gml_rollout
models.out_dim=10
seed=4    avg_loss: 0.000000741849  time_per_window : 0.000239   progress : 0.568
name: models.architecture.block_type=simple_cls
training.mode=gml_rollout
models.out_dim=10
seed=4    avg_loss: 0.000000639397  time_per_window : 0.000227   progress : 0.579
name: models.architecture.block_type=simple_cls
training.mode=gml_rollout
models.out_dim=10
seed=4    avg_loss: 0.000000725837  time_per_window : 0.000233   progress : 0.590
name: models.architecture.block_type=simple_cls
training.mode=gml_rollout
models.out_dim=10
seed=4    avg_loss: 0.000000818488  time_per_window : 0.000303   progress : 0.601
name: models.architecture.block_type=simple_cls
training.mode=gml_rollout
models.out_dim=10
seed=4    avg_loss: 0.000000714299  time_per_window : 0.000251   progress : 0.612
name: models.architecture.block_type=simple_cls
training.mode=gml_rollout
models.out_dim=10
seed=4    avg_loss: 0.000000646526  time_per_window : 0.000342   progress : 0.623
name: models.architecture.block_type=simple_cls
training.mode=gml_rollout
models.out_dim=10
seed=4    avg_loss: 0.000000699915  time_per_window : 0.000247   progress : 0.634
name: models.architecture.block_type=simple_cls
training.mode=gml_rollout
models.out_dim=10
seed=4    avg_loss: 0.000000746733  time_per_window : 0.000263   progress : 0.644
name: models.architecture.block_type=simple_cls
training.mode=gml_rollout
models.out_dim=10
seed=4    avg_loss: 0.000000923891  time_per_window : 0.000366   progress : 0.655
name: models.architecture.block_type=simple_cls
training.mode=gml_rollout
models.out_dim=10
seed=4    avg_loss: 0.000000821688  time_per_window : 0.000227   progress : 0.666
name: models.architecture.block_type=simple_cls
training.mode=gml_rollout
models.out_dim=10
seed=4    avg_loss: 0.000000774160  time_per_window : 0.000327   progress : 0.677
name: models.architecture.block_type=simple_cls
training.mode=gml_rollout
models.out_dim=10
seed=4    avg_loss: 0.000000704245  time_per_window : 0.000313   progress : 0.688
name: models.architecture.block_type=simple_cls
training.mode=gml_rollout
models.out_dim=10
seed=0    avg_loss: 0.000001125408  time_per_window : 0.000343   progress : 0.175
name: models.architecture.block_type=simple_cls
training.mode=gml_rollout
models.out_dim=10
seed=0    avg_loss: 0.000001148331  time_per_window : 0.000363   progress : 0.186
name: models.architecture.block_type=simple_cls
training.mode=gml_rollout
models.out_dim=10
seed=0    avg_loss: 0.000000962695  time_per_window : 0.000313   progress : 0.197
name: models.architecture.block_type=simple_cls
training.mode=gml_rollout
models.out_dim=10
seed=0    avg_loss: 0.000000939207  time_per_window : 0.000235   progress : 0.208
name: models.architecture.block_type=simple_cls
training.mode=gml_rollout
models.out_dim=10
seed=0    avg_loss: 0.000001152361  time_per_window : 0.000309   progress : 0.218
name: models.architecture.block_type=simple_cls
training.mode=gml_rollout
models.out_dim=10
seed=0    avg_loss: 0.000001256857  time_per_window : 0.000299   progress : 0.229
name: models.architecture.block_type=simple_cls
training.mode=gml_rollout
models.out_dim=10
seed=0    avg_loss: 0.000001004893  time_per_window : 0.000261   progress : 0.240
name: models.architecture.block_type=simple_cls
training.mode=gml_rollout
models.out_dim=10
seed=0    avg_loss: 0.000000998224  time_per_window : 0.000215   progress : 0.251
name: models.architecture.block_type=simple_cls
training.mode=gml_rollout
models.out_dim=10
seed=0    avg_loss: 0.000001056978  time_per_window : 0.000301   progress : 0.262
name: models.architecture.block_type=simple_cls
training.mode=gml_rollout
models.out_dim=10
seed=0    avg_loss: 0.000001024202  time_per_window : 0.000260   progress : 0.273
name: models.architecture.block_type=simple_cls
training.mode=gml_rollout
models.out_dim=10
seed=0    avg_loss: 0.000001131596  time_per_window : 0.000276   progress : 0.284
name: models.architecture.block_type=simple_cls
training.mode=gml_rollout
models.out_dim=10
seed=0    avg_loss: 0.000000998259  time_per_window : 0.000354   progress : 0.295
name: models.architecture.block_type=simple_cls
training.mode=gml_rollout
models.out_dim=10
seed=0    avg_loss: 0.000001067637  time_per_window : 0.000292   progress : 0.306
name: models.architecture.block_type=simple_cls
training.mode=gml_rollout
models.out_dim=10
seed=0    avg_loss: 0.000000943309  time_per_window : 0.000274   progress : 0.317
name: models.architecture.block_type=simple_cls
training.mode=gml_rollout
models.out_dim=10
seed=0    avg_loss: 0.000000918415  time_per_window : 0.000277   progress : 0.328
name: models.architecture.block_type=simple_cls
training.mode=gml_rollout
models.out_dim=10
seed=0    avg_loss: 0.000001049375  time_per_window : 0.000265   progress : 0.339
name: models.architecture.block_type=simple_cls
training.mode=gml_rollout
models.out_dim=10
seed=0    avg_loss: 0.000000902520  time_per_window : 0.000304   progress : 0.350
name: models.architecture.block_type=simple_cls
training.mode=gml_rollout
models.out_dim=10
seed=0    avg_loss: 0.000000882819  time_per_window : 0.000250   progress : 0.360
name: models.architecture.block_type=simple_cls
training.mode=gml_rollout
models.out_dim=10
seed=0    avg_loss: 0.000000891015  time_per_window : 0.000269   progress : 0.371
name: models.architecture.block_type=simple_cls
training.mode=gml_rollout
models.out_dim=10
seed=0    avg_loss: 0.000000782783  time_per_window : 0.000253   progress : 0.382
name: models.architecture.block_type=simple_cls
training.mode=gml_rollout
models.out_dim=10
seed=0    avg_loss: 0.000000923630  time_per_window : 0.000231   progress : 0.393
name: models.architecture.block_type=simple_cls
training.mode=gml_rollout
models.out_dim=10
seed=0    avg_loss: 0.000001088678  time_per_window : 0.000268   progress : 0.404
name: models.architecture.block_type=simple_cls
training.mode=gml_rollout
models.out_dim=10
seed=0    avg_loss: 0.000000774423  time_per_window : 0.000315   progress : 0.415
name: models.architecture.block_type=simple_cls
training.mode=gml_rollout
models.out_dim=10
seed=0    avg_loss: 0.000000793311  time_per_window : 0.000231   progress : 0.426
name: models.architecture.block_type=simple_cls
training.mode=gml_rollout
models.out_dim=10
seed=0    avg_loss: 0.000000899130  time_per_window : 0.000223   progress : 0.437
name: models.architecture.block_type=simple_cls
training.mode=gml_rollout
models.out_dim=10
seed=0    avg_loss: 0.000001034901  time_per_window : 0.000306   progress : 0.448
name: models.architecture.block_type=simple_cls
training.mode=gml_rollout
models.out_dim=10
seed=0    avg_loss: 0.000000874411  time_per_window : 0.000283   progress : 0.459
name: models.architecture.block_type=simple_cls
training.mode=gml_rollout
models.out_dim=10
seed=0    avg_loss: 0.000000805455  time_per_window : 0.000289   progress : 0.470
name: models.architecture.block_type=simple_cls
training.mode=gml_rollout
models.out_dim=10
seed=0    avg_loss: 0.000000927601  time_per_window : 0.000245   progress : 0.481
name: models.architecture.block_type=simple_cls
training.mode=gml_rollout
models.out_dim=10
seed=0    avg_loss: 0.000000772676  time_per_window : 0.000355   progress : 0.492
name: models.architecture.block_type=simple_cls
training.mode=gml_rollout
models.out_dim=10
seed=0    avg_loss: 0.000000868008  time_per_window : 0.000234   progress : 0.502
name: models.architecture.block_type=simple_cls
training.mode=gml_rollout
models.out_dim=10
seed=0    avg_loss: 0.000000872298  time_per_window : 0.000245   progress : 0.513
name: models.architecture.block_type=simple_cls
training.mode=gml_rollout
models.out_dim=10
seed=0    avg_loss: 0.000000808900  time_per_window : 0.000245   progress : 0.524
name: models.architecture.block_type=simple_cls
training.mode=gml_rollout
models.out_dim=10
seed=0    avg_loss: 0.000001011766  time_per_window : 0.000266   progress : 0.535
name: models.architecture.block_type=simple_cls
training.mode=gml_rollout
models.out_dim=10
seed=0    avg_loss: 0.000000928230  time_per_window : 0.000287   progress : 0.546
name: models.architecture.block_type=simple_cls
training.mode=gml_rollout
models.out_dim=10
seed=0    avg_loss: 0.000000755706  time_per_window : 0.000356   progress : 0.557
name: models.architecture.block_type=simple_cls
training.mode=gml_rollout
models.out_dim=10
seed=0    avg_loss: 0.000000789844  time_per_window : 0.000259   progress : 0.568
name: models.architecture.block_type=simple_cls
training.mode=gml_rollout
models.out_dim=10
seed=0    avg_loss: 0.000001040427  time_per_window : 0.000254   progress : 0.579
name: models.architecture.block_type=simple_cls
training.mode=gml_rollout
models.out_dim=10
seed=0    avg_loss: 0.000000735118  time_per_window : 0.000313   progress : 0.590
name: models.architecture.block_type=simple_cls
training.mode=gml_rollout
models.out_dim=10
seed=0    avg_loss: 0.000000708477  time_per_window : 0.000273   progress : 0.601
name: models.architecture.block_type=simple_cls
training.mode=gml_rollout
models.out_dim=10
seed=0    avg_loss: 0.000000766766  time_per_window : 0.000294   progress : 0.612
name: models.architecture.block_type=simple_cls
training.mode=gml_rollout
models.out_dim=10
seed=0    avg_loss: 0.000000819488  time_per_window : 0.000269   progress : 0.623
name: models.architecture.block_type=simple_cls
training.mode=gml_rollout
models.out_dim=10
seed=0    avg_loss: 0.000000807306  time_per_window : 0.000253   progress : 0.634
name: models.architecture.block_type=simple_cls
training.mode=gml_rollout
models.out_dim=10
seed=0    avg_loss: 0.000000799973  time_per_window : 0.000238   progress : 0.644
name: models.architecture.block_type=simple_cls
training.mode=gml_rollout
models.out_dim=10
seed=0    avg_loss: 0.000000964549  time_per_window : 0.000262   progress : 0.655
name: models.architecture.block_type=simple_cls
training.mode=gml_rollout
models.out_dim=10
seed=0    avg_loss: 0.000000706126  time_per_window : 0.000236   progress : 0.666
name: models.architecture.block_type=simple_cls
training.mode=gml_rollout
models.out_dim=10
seed=0    avg_loss: 0.000000899637  time_per_window : 0.000287   progress : 0.677
name: models.architecture.block_type=simple_cls
training.mode=gml_rollout
models.out_dim=10
seed=0    avg_loss: 0.000000785930  time_per_window : 0.000241   progress : 0.688
name: models.architecture.block_type=simple_cls
training.mode=gml_rollout
models.out_dim=10
seed=1    avg_loss: 0.000001122719  time_per_window : 0.000329   progress : 0.175
name: models.architecture.block_type=simple_cls
training.mode=gml_rollout
models.out_dim=10
seed=1    avg_loss: 0.000001143204  time_per_window : 0.000305   progress : 0.186
name: models.architecture.block_type=simple_cls
training.mode=gml_rollout
models.out_dim=10
seed=1    avg_loss: 0.000001052975  time_per_window : 0.000286   progress : 0.197
name: models.architecture.block_type=simple_cls
training.mode=gml_rollout
models.out_dim=10
seed=1    avg_loss: 0.000001136610  time_per_window : 0.000261   progress : 0.208
name: models.architecture.block_type=simple_cls
training.mode=gml_rollout
models.out_dim=10
seed=1    avg_loss: 0.000001165119  time_per_window : 0.000326   progress : 0.218
name: models.architecture.block_type=simple_cls
training.mode=gml_rollout
models.out_dim=10
seed=1    avg_loss: 0.000001087178  time_per_window : 0.000273   progress : 0.229
name: models.architecture.block_type=simple_cls
training.mode=gml_rollout
models.out_dim=10
seed=1    avg_loss: 0.000001148042  time_per_window : 0.000299   progress : 0.240
name: models.architecture.block_type=simple_cls
training.mode=gml_rollout
models.out_dim=10
seed=1    avg_loss: 0.000001115643  time_per_window : 0.000202   progress : 0.251
name: models.architecture.block_type=simple_cls
training.mode=gml_rollout
models.out_dim=10
seed=1    avg_loss: 0.000000907065  time_per_window : 0.000262   progress : 0.262
name: models.architecture.block_type=simple_cls
training.mode=gml_rollout
models.out_dim=10
seed=1    avg_loss: 0.000001025069  time_per_window : 0.000249   progress : 0.273
name: models.architecture.block_type=simple_cls
training.mode=gml_rollout
models.out_dim=10
seed=1    avg_loss: 0.000001020638  time_per_window : 0.000318   progress : 0.284
name: models.architecture.block_type=simple_cls
training.mode=gml_rollout
models.out_dim=10
seed=1    avg_loss: 0.000001042583  time_per_window : 0.000243   progress : 0.295
name: models.architecture.block_type=simple_cls
training.mode=gml_rollout
models.out_dim=10
seed=1    avg_loss: 0.000001030973  time_per_window : 0.000258   progress : 0.306
name: models.architecture.block_type=simple_cls
training.mode=gml_rollout
models.out_dim=10
seed=1    avg_loss: 0.000000912893  time_per_window : 0.000251   progress : 0.317
name: models.architecture.block_type=simple_cls
training.mode=gml_rollout
models.out_dim=10
seed=1    avg_loss: 0.000000919850  time_per_window : 0.000260   progress : 0.328
name: models.architecture.block_type=simple_cls
training.mode=gml_rollout
models.out_dim=10
seed=1    avg_loss: 0.000001209424  time_per_window : 0.000290   progress : 0.339
name: models.architecture.block_type=simple_cls
training.mode=gml_rollout
models.out_dim=10
seed=1    avg_loss: 0.000000937777  time_per_window : 0.000263   progress : 0.350
name: models.architecture.block_type=simple_cls
training.mode=gml_rollout
models.out_dim=10
seed=1    avg_loss: 0.000000954990  time_per_window : 0.000271   progress : 0.360
name: models.architecture.block_type=simple_cls
training.mode=gml_rollout
models.out_dim=10
seed=1    avg_loss: 0.000000833553  time_per_window : 0.000308   progress : 0.371
name: models.architecture.block_type=simple_cls
training.mode=gml_rollout
models.out_dim=10
seed=1    avg_loss: 0.000000915382  time_per_window : 0.000270   progress : 0.382
name: models.architecture.block_type=simple_cls
training.mode=gml_rollout
models.out_dim=10
seed=1    avg_loss: 0.000000814664  time_per_window : 0.000259   progress : 0.393
name: models.architecture.block_type=simple_cls
training.mode=gml_rollout
models.out_dim=10
seed=1    avg_loss: 0.000001278534  time_per_window : 0.000254   progress : 0.404
name: models.architecture.block_type=simple_cls
training.mode=gml_rollout
models.out_dim=10
seed=1    avg_loss: 0.000000833442  time_per_window : 0.000298   progress : 0.415
name: models.architecture.block_type=simple_cls
training.mode=gml_rollout
models.out_dim=10
seed=1    avg_loss: 0.000000947944  time_per_window : 0.000280   progress : 0.426
name: models.architecture.block_type=simple_cls
training.mode=gml_rollout
models.out_dim=10
seed=1    avg_loss: 0.000000907208  time_per_window : 0.000308   progress : 0.437
name: models.architecture.block_type=simple_cls
training.mode=gml_rollout
models.out_dim=10
seed=1    avg_loss: 0.000000934473  time_per_window : 0.000231   progress : 0.448
name: models.architecture.block_type=simple_cls
training.mode=gml_rollout
models.out_dim=10
seed=1    avg_loss: 0.000000811995  time_per_window : 0.000257   progress : 0.459
name: models.architecture.block_type=simple_cls
training.mode=gml_rollout
models.out_dim=10
seed=1    avg_loss: 0.000000877891  time_per_window : 0.000229   progress : 0.470
name: models.architecture.block_type=simple_cls
training.mode=gml_rollout
models.out_dim=10
seed=1    avg_loss: 0.000000885955  time_per_window : 0.000228   progress : 0.481
name: models.architecture.block_type=simple_cls
training.mode=gml_rollout
models.out_dim=10
seed=1    avg_loss: 0.000000721430  time_per_window : 0.000223   progress : 0.492
name: models.architecture.block_type=simple_cls
training.mode=gml_rollout
models.out_dim=10
seed=1    avg_loss: 0.000000796455  time_per_window : 0.000204   progress : 0.502
name: models.architecture.block_type=simple_cls
training.mode=gml_rollout
models.out_dim=10
seed=1    avg_loss: 0.000000765957  time_per_window : 0.000256   progress : 0.513
name: models.architecture.block_type=simple_cls
training.mode=gml_rollout
models.out_dim=10
seed=1    avg_loss: 0.000001017358  time_per_window : 0.000246   progress : 0.524
name: models.architecture.block_type=simple_cls
training.mode=gml_rollout
models.out_dim=10
seed=1    avg_loss: 0.000000891992  time_per_window : 0.000301   progress : 0.535
name: models.architecture.block_type=simple_cls
training.mode=gml_rollout
models.out_dim=10
seed=1    avg_loss: 0.000000837007  time_per_window : 0.000220   progress : 0.546
name: models.architecture.block_type=simple_cls
training.mode=gml_rollout
models.out_dim=10
seed=1    avg_loss: 0.000000741782  time_per_window : 0.000261   progress : 0.557
name: models.architecture.block_type=simple_cls
training.mode=gml_rollout
models.out_dim=10
seed=1    avg_loss: 0.000000735802  time_per_window : 0.000358   progress : 0.568
name: models.architecture.block_type=simple_cls
training.mode=gml_rollout
models.out_dim=10
seed=1    avg_loss: 0.000000986980  time_per_window : 0.000303   progress : 0.579
name: models.architecture.block_type=simple_cls
training.mode=gml_rollout
models.out_dim=10
seed=1    avg_loss: 0.000000845909  time_per_window : 0.000212   progress : 0.590
name: models.architecture.block_type=simple_cls
training.mode=gml_rollout
models.out_dim=10
seed=1    avg_loss: 0.000000795106  time_per_window : 0.000251   progress : 0.601
name: models.architecture.block_type=simple_cls
training.mode=gml_rollout
models.out_dim=10
seed=1    avg_loss: 0.000000640285  time_per_window : 0.000306   progress : 0.612
name: models.architecture.block_type=simple_cls
training.mode=gml_rollout
models.out_dim=10
seed=1    avg_loss: 0.000000790721  time_per_window : 0.000316   progress : 0.623
name: models.architecture.block_type=simple_cls
training.mode=gml_rollout
models.out_dim=10
seed=1    avg_loss: 0.000000734283  time_per_window : 0.000288   progress : 0.634
name: models.architecture.block_type=simple_cls
training.mode=gml_rollout
models.out_dim=10
seed=1    avg_loss: 0.000000785259  time_per_window : 0.000313   progress : 0.644
name: models.architecture.block_type=simple_cls
training.mode=gml_rollout
models.out_dim=10
seed=1    avg_loss: 0.000000971604  time_per_window : 0.000327   progress : 0.655
name: models.architecture.block_type=simple_cls
training.mode=gml_rollout
models.out_dim=10
seed=1    avg_loss: 0.000000811801  time_per_window : 0.000311   progress : 0.666
name: models.architecture.block_type=simple_cls
training.mode=gml_rollout
models.out_dim=10
seed=1    avg_loss: 0.000001010043  time_per_window : 0.000215   progress : 0.677
name: models.architecture.block_type=simple_cls
training.mode=gml_rollout
models.out_dim=10
seed=1    avg_loss: 0.000000740681  time_per_window : 0.000289   progress : 0.688
name: models.architecture.block_type=simple_cls
training.mode=gml_rollout
models.out_dim=10
seed=2    avg_loss: 0.000000991912  time_per_window : 0.000221   progress : 0.175
name: models.architecture.block_type=simple_cls
training.mode=gml_rollout
models.out_dim=10
seed=2    avg_loss: 0.000001045660  time_per_window : 0.000223   progress : 0.186
name: models.architecture.block_type=simple_cls
training.mode=gml_rollout
models.out_dim=10
seed=2    avg_loss: 0.000001061614  time_per_window : 0.000299   progress : 0.197
name: models.architecture.block_type=simple_cls
training.mode=gml_rollout
models.out_dim=10
seed=2    avg_loss: 0.000001105987  time_per_window : 0.000207   progress : 0.208
name: models.architecture.block_type=simple_cls
training.mode=gml_rollout
models.out_dim=10
seed=2    avg_loss: 0.000001003794  time_per_window : 0.000227   progress : 0.218
name: models.architecture.block_type=simple_cls
training.mode=gml_rollout
models.out_dim=10
seed=2    avg_loss: 0.000000914857  time_per_window : 0.000227   progress : 0.229
name: models.architecture.block_type=simple_cls
training.mode=gml_rollout
models.out_dim=10
seed=2    avg_loss: 0.000001172649  time_per_window : 0.000283   progress : 0.240
name: models.architecture.block_type=simple_cls
training.mode=gml_rollout
models.out_dim=10
seed=2    avg_loss: 0.000001059882  time_per_window : 0.000315   progress : 0.251
name: models.architecture.block_type=simple_cls
training.mode=gml_rollout
models.out_dim=10
seed=2    avg_loss: 0.000000943140  time_per_window : 0.000294   progress : 0.262
name: models.architecture.block_type=simple_cls
training.mode=gml_rollout
models.out_dim=10
seed=2    avg_loss: 0.000000935224  time_per_window : 0.000228   progress : 0.273
name: models.architecture.block_type=simple_cls
training.mode=gml_rollout
models.out_dim=10
seed=2    avg_loss: 0.000000820793  time_per_window : 0.000276   progress : 0.284
name: models.architecture.block_type=simple_cls
training.mode=gml_rollout
models.out_dim=10
seed=2    avg_loss: 0.000000961560  time_per_window : 0.000318   progress : 0.295
name: models.architecture.block_type=simple_cls
training.mode=gml_rollout
models.out_dim=10
seed=2    avg_loss: 0.000000927188  time_per_window : 0.000194   progress : 0.306
name: models.architecture.block_type=simple_cls
training.mode=gml_rollout
models.out_dim=10
seed=2    avg_loss: 0.000000930945  time_per_window : 0.000202   progress : 0.317
name: models.architecture.block_type=simple_cls
training.mode=gml_rollout
models.out_dim=10
seed=2    avg_loss: 0.000000919251  time_per_window : 0.000258   progress : 0.328
name: models.architecture.block_type=simple_cls
training.mode=gml_rollout
models.out_dim=10
seed=2    avg_loss: 0.000000855947  time_per_window : 0.000224   progress : 0.339
name: models.architecture.block_type=simple_cls
training.mode=gml_rollout
models.out_dim=10
seed=2    avg_loss: 0.000000785201  time_per_window : 0.000288   progress : 0.350
name: models.architecture.block_type=simple_cls
training.mode=gml_rollout
models.out_dim=10
seed=2    avg_loss: 0.000000859217  time_per_window : 0.000281   progress : 0.360
name: models.architecture.block_type=simple_cls
training.mode=gml_rollout
models.out_dim=10
seed=2    avg_loss: 0.000000762430  time_per_window : 0.000282   progress : 0.371
name: models.architecture.block_type=simple_cls
training.mode=gml_rollout
models.out_dim=10
seed=2    avg_loss: 0.000000944549  time_per_window : 0.000296   progress : 0.382
name: models.architecture.block_type=simple_cls
training.mode=gml_rollout
models.out_dim=10
seed=2    avg_loss: 0.000000884033  time_per_window : 0.000244   progress : 0.393
name: models.architecture.block_type=simple_cls
training.mode=gml_rollout
models.out_dim=10
seed=2    avg_loss: 0.000000797250  time_per_window : 0.000212   progress : 0.404
name: models.architecture.block_type=simple_cls
training.mode=gml_rollout
models.out_dim=10
seed=2    avg_loss: 0.000000743613  time_per_window : 0.000318   progress : 0.415
name: models.architecture.block_type=simple_cls
training.mode=gml_rollout
models.out_dim=10
seed=2    avg_loss: 0.000000743330  time_per_window : 0.000276   progress : 0.426
name: models.architecture.block_type=simple_cls
training.mode=gml_rollout
models.out_dim=10
seed=2    avg_loss: 0.000000797378  time_per_window : 0.000248   progress : 0.437
name: models.architecture.block_type=simple_cls
training.mode=gml_rollout
models.out_dim=10
seed=2    avg_loss: 0.000000957773  time_per_window : 0.000285   progress : 0.448
name: models.architecture.block_type=simple_cls
training.mode=gml_rollout
models.out_dim=10
seed=2    avg_loss: 0.000000819168  time_per_window : 0.000379   progress : 0.459
name: models.architecture.block_type=simple_cls
training.mode=gml_rollout
models.out_dim=10
seed=2    avg_loss: 0.000000719155  time_per_window : 0.000301   progress : 0.470
name: models.architecture.block_type=simple_cls
training.mode=gml_rollout
models.out_dim=10
seed=2    avg_loss: 0.000000703165  time_per_window : 0.000327   progress : 0.481
name: models.architecture.block_type=simple_cls
training.mode=gml_rollout
models.out_dim=10
seed=2    avg_loss: 0.000000781495  time_per_window : 0.000230   progress : 0.492
name: models.architecture.block_type=simple_cls
training.mode=gml_rollout
models.out_dim=10
seed=2    avg_loss: 0.000000903370  time_per_window : 0.000339   progress : 0.502
name: models.architecture.block_type=simple_cls
training.mode=gml_rollout
models.out_dim=10
seed=2    avg_loss: 0.000000770926  time_per_window : 0.000277   progress : 0.513
name: models.architecture.block_type=simple_cls
training.mode=gml_rollout
models.out_dim=10
seed=2    avg_loss: 0.000000798786  time_per_window : 0.000250   progress : 0.524
name: models.architecture.block_type=simple_cls
training.mode=gml_rollout
models.out_dim=10
seed=2    avg_loss: 0.000000955322  time_per_window : 0.000300   progress : 0.535
name: models.architecture.block_type=simple_cls
training.mode=gml_rollout
models.out_dim=10
seed=2    avg_loss: 0.000000721592  time_per_window : 0.000231   progress : 0.546
name: models.architecture.block_type=simple_cls
training.mode=gml_rollout
models.out_dim=10
seed=2    avg_loss: 0.000000745136  time_per_window : 0.000215   progress : 0.557
name: models.architecture.block_type=simple_cls
training.mode=gml_rollout
models.out_dim=10
seed=2    avg_loss: 0.000000810285  time_per_window : 0.000281   progress : 0.568
name: models.architecture.block_type=simple_cls
training.mode=gml_rollout
models.out_dim=10
seed=2    avg_loss: 0.000000837875  time_per_window : 0.000278   progress : 0.579
name: models.architecture.block_type=simple_cls
training.mode=gml_rollout
models.out_dim=10
seed=2    avg_loss: 0.000000650193  time_per_window : 0.000347   progress : 0.590
name: models.architecture.block_type=simple_cls
training.mode=gml_rollout
models.out_dim=10
seed=2    avg_loss: 0.000000695272  time_per_window : 0.000195   progress : 0.601
name: models.architecture.block_type=simple_cls
training.mode=gml_rollout
models.out_dim=10
seed=2    avg_loss: 0.000000678607  time_per_window : 0.000281   progress : 0.612
name: models.architecture.block_type=simple_cls
training.mode=gml_rollout
models.out_dim=10
seed=2    avg_loss: 0.000000705711  time_per_window : 0.000324   progress : 0.623
name: models.architecture.block_type=simple_cls
training.mode=gml_rollout
models.out_dim=10
seed=2    avg_loss: 0.000000758062  time_per_window : 0.000304   progress : 0.634
name: models.architecture.block_type=simple_cls
training.mode=gml_rollout
models.out_dim=10
seed=2    avg_loss: 0.000000905563  time_per_window : 0.000301   progress : 0.644
name: models.architecture.block_type=simple_cls
training.mode=gml_rollout
models.out_dim=10
seed=2    avg_loss: 0.000000815702  time_per_window : 0.000240   progress : 0.655
name: models.architecture.block_type=simple_cls
training.mode=gml_rollout
models.out_dim=10
seed=2    avg_loss: 0.000000647681  time_per_window : 0.000261   progress : 0.666
name: models.architecture.block_type=simple_cls
training.mode=gml_rollout
models.out_dim=10
seed=2    avg_loss: 0.000000952609  time_per_window : 0.000274   progress : 0.677
name: models.architecture.block_type=simple_cls
training.mode=gml_rollout
models.out_dim=10
seed=2    avg_loss: 0.000000636135  time_per_window : 0.000292   progress : 0.688
name: models.architecture.block_type=simple_cls
training.mode=gml_rollout
models.out_dim=10
seed=3    avg_loss: 0.000000940832  time_per_window : 0.000292   progress : 0.175
name: models.architecture.block_type=simple_cls
training.mode=gml_rollout
models.out_dim=10
seed=3    avg_loss: 0.000001001039  time_per_window : 0.000269   progress : 0.186
name: models.architecture.block_type=simple_cls
training.mode=gml_rollout
models.out_dim=10
seed=3    avg_loss: 0.000000941172  time_per_window : 0.000275   progress : 0.197
name: models.architecture.block_type=simple_cls
training.mode=gml_rollout
models.out_dim=10
seed=3    avg_loss: 0.000001008107  time_per_window : 0.000253   progress : 0.208
name: models.architecture.block_type=simple_cls
training.mode=gml_rollout
models.out_dim=10
seed=3    avg_loss: 0.000001057359  time_per_window : 0.000219   progress : 0.218
name: models.architecture.block_type=simple_cls
training.mode=gml_rollout
models.out_dim=10
seed=3    avg_loss: 0.000000854998  time_per_window : 0.000240   progress : 0.229
name: models.architecture.block_type=simple_cls
training.mode=gml_rollout
models.out_dim=10
seed=3    avg_loss: 0.000000884169  time_per_window : 0.000219   progress : 0.240
name: models.architecture.block_type=simple_cls
training.mode=gml_rollout
models.out_dim=10
seed=3    avg_loss: 0.000000948418  time_per_window : 0.000302   progress : 0.251
name: models.architecture.block_type=simple_cls
training.mode=gml_rollout
models.out_dim=10
seed=3    avg_loss: 0.000000787814  time_per_window : 0.000241   progress : 0.262
name: models.architecture.block_type=simple_cls
training.mode=gml_rollout
models.out_dim=10
seed=3    avg_loss: 0.000000795427  time_per_window : 0.000299   progress : 0.273
name: models.architecture.block_type=simple_cls
training.mode=gml_rollout
models.out_dim=10
seed=3    avg_loss: 0.000000927257  time_per_window : 0.000243   progress : 0.284
name: models.architecture.block_type=simple_cls
training.mode=gml_rollout
models.out_dim=10
seed=3    avg_loss: 0.000000884790  time_per_window : 0.000238   progress : 0.295
name: models.architecture.block_type=simple_cls
training.mode=gml_rollout
models.out_dim=10
seed=3    avg_loss: 0.000000757233  time_per_window : 0.000250   progress : 0.306
name: models.architecture.block_type=simple_cls
training.mode=gml_rollout
models.out_dim=10
seed=3    avg_loss: 0.000000858338  time_per_window : 0.000276   progress : 0.317
name: models.architecture.block_type=simple_cls
training.mode=gml_rollout
models.out_dim=10
seed=3    avg_loss: 0.000000773361  time_per_window : 0.000291   progress : 0.328
name: models.architecture.block_type=simple_cls
training.mode=gml_rollout
models.out_dim=10
seed=3    avg_loss: 0.000000910524  time_per_window : 0.000228   progress : 0.339
name: models.architecture.block_type=simple_cls
training.mode=gml_rollout
models.out_dim=10
seed=3    avg_loss: 0.000000881452  time_per_window : 0.000239   progress : 0.350
name: models.architecture.block_type=simple_cls
training.mode=gml_rollout
models.out_dim=10
seed=3    avg_loss: 0.000000661774  time_per_window : 0.000310   progress : 0.360
name: models.architecture.block_type=simple_cls
training.mode=gml_rollout
models.out_dim=10
seed=3    avg_loss: 0.000000674389  time_per_window : 0.000241   progress : 0.371
name: models.architecture.block_type=simple_cls
training.mode=gml_rollout
models.out_dim=10
seed=3    avg_loss: 0.000000726429  time_per_window : 0.000288   progress : 0.382
name: models.architecture.block_type=simple_cls
training.mode=gml_rollout
models.out_dim=10
seed=3    avg_loss: 0.000000849947  time_per_window : 0.000295   progress : 0.393
name: models.architecture.block_type=simple_cls
training.mode=gml_rollout
models.out_dim=10
seed=3    avg_loss: 0.000000920765  time_per_window : 0.000285   progress : 0.404
name: models.architecture.block_type=simple_cls
training.mode=gml_rollout
models.out_dim=10
seed=3    avg_loss: 0.000000731420  time_per_window : 0.000288   progress : 0.415
name: models.architecture.block_type=simple_cls
training.mode=gml_rollout
models.out_dim=10
seed=3    avg_loss: 0.000000700532  time_per_window : 0.000223   progress : 0.426
name: models.architecture.block_type=simple_cls
training.mode=gml_rollout
models.out_dim=10
seed=3    avg_loss: 0.000000888161  time_per_window : 0.000275   progress : 0.437
name: models.architecture.block_type=simple_cls
training.mode=gml_rollout
models.out_dim=10
seed=3    avg_loss: 0.000000809892  time_per_window : 0.000241   progress : 0.448
name: models.architecture.block_type=simple_cls
training.mode=gml_rollout
models.out_dim=10
seed=3    avg_loss: 0.000000644428  time_per_window : 0.000243   progress : 0.459
name: models.architecture.block_type=simple_cls
training.mode=gml_rollout
models.out_dim=10
seed=3    avg_loss: 0.000000759878  time_per_window : 0.000282   progress : 0.470
name: models.architecture.block_type=simple_cls
training.mode=gml_rollout
models.out_dim=10
seed=3    avg_loss: 0.000000771785  time_per_window : 0.000295   progress : 0.481
name: models.architecture.block_type=simple_cls
training.mode=gml_rollout
models.out_dim=10
seed=3    avg_loss: 0.000000789441  time_per_window : 0.000245   progress : 0.492
name: models.architecture.block_type=simple_cls
training.mode=gml_rollout
models.out_dim=10
seed=3    avg_loss: 0.000000722255  time_per_window : 0.000273   progress : 0.502
name: models.architecture.block_type=simple_cls
training.mode=gml_rollout
models.out_dim=10
seed=3    avg_loss: 0.000000673812  time_per_window : 0.000285   progress : 0.513
name: models.architecture.block_type=simple_cls
training.mode=gml_rollout
models.out_dim=10
seed=3    avg_loss: 0.000000581914  time_per_window : 0.000260   progress : 0.524
name: models.architecture.block_type=simple_cls
training.mode=gml_rollout
models.out_dim=10
seed=3    avg_loss: 0.000000699393  time_per_window : 0.000240   progress : 0.535
name: models.architecture.block_type=simple_cls
training.mode=gml_rollout
models.out_dim=10
seed=3    avg_loss: 0.000000778676  time_per_window : 0.000248   progress : 0.546
name: models.architecture.block_type=simple_cls
training.mode=gml_rollout
models.out_dim=10
seed=3    avg_loss: 0.000000702765  time_per_window : 0.000257   progress : 0.557
name: models.architecture.block_type=simple_cls
training.mode=gml_rollout
models.out_dim=10
seed=3    avg_loss: 0.000000797348  time_per_window : 0.000316   progress : 0.568
name: models.architecture.block_type=simple_cls
training.mode=gml_rollout
models.out_dim=10
seed=3    avg_loss: 0.000000813582  time_per_window : 0.000249   progress : 0.579
name: models.architecture.block_type=simple_cls
training.mode=gml_rollout
models.out_dim=10
seed=3    avg_loss: 0.000000534424  time_per_window : 0.000197   progress : 0.590
name: models.architecture.block_type=simple_cls
training.mode=gml_rollout
models.out_dim=10
seed=3    avg_loss: 0.000000596758  time_per_window : 0.000273   progress : 0.601
name: models.architecture.block_type=simple_cls
training.mode=gml_rollout
models.out_dim=10
seed=3    avg_loss: 0.000000737588  time_per_window : 0.000289   progress : 0.612
name: models.architecture.block_type=simple_cls
training.mode=gml_rollout
models.out_dim=10
seed=3    avg_loss: 0.000000650232  time_per_window : 0.000287   progress : 0.623
name: models.architecture.block_type=simple_cls
training.mode=gml_rollout
models.out_dim=10
seed=3    avg_loss: 0.000000597149  time_per_window : 0.000217   progress : 0.634
name: models.architecture.block_type=simple_cls
training.mode=gml_rollout
models.out_dim=10
seed=3    avg_loss: 0.000000768745  time_per_window : 0.000229   progress : 0.644
name: models.architecture.block_type=simple_cls
training.mode=gml_rollout
models.out_dim=10
seed=3    avg_loss: 0.000000563741  time_per_window : 0.000267   progress : 0.655
name: models.architecture.block_type=simple_cls
training.mode=gml_rollout
models.out_dim=10
seed=3    avg_loss: 0.000000721214  time_per_window : 0.000234   progress : 0.666
name: models.architecture.block_type=simple_cls
training.mode=gml_rollout
models.out_dim=10
seed=3    avg_loss: 0.000000672432  time_per_window : 0.000237   progress : 0.677
name: models.architecture.block_type=simple_cls
training.mode=gml_rollout
models.out_dim=10
seed=3    avg_loss: 0.000000781348  time_per_window : 0.000246   progress : 0.688
name: models.architecture.block_type=simple_cls
training.mode=gml_rollout
models.out_dim=10
seed=4    avg_loss: 0.000000756322  time_per_window : 0.000256   progress : 0.699
name: models.architecture.block_type=simple_cls
training.mode=gml_rollout
models.out_dim=10
seed=4    avg_loss: 0.000000671551  time_per_window : 0.000243   progress : 0.710
name: models.architecture.block_type=simple_cls
training.mode=gml_rollout
models.out_dim=10
seed=4    avg_loss: 0.000000712191  time_per_window : 0.000273   progress : 0.721
name: models.architecture.block_type=simple_cls
training.mode=gml_rollout
models.out_dim=10
seed=4    avg_loss: 0.000000668454  time_per_window : 0.000235   progress : 0.732
name: models.architecture.block_type=simple_cls
training.mode=gml_rollout
models.out_dim=10
seed=4    avg_loss: 0.000000770898  time_per_window : 0.000312   progress : 0.743
name: models.architecture.block_type=simple_cls
training.mode=gml_rollout
models.out_dim=10
seed=4    avg_loss: 0.000000785096  time_per_window : 0.000232   progress : 0.754
name: models.architecture.block_type=simple_cls
training.mode=gml_rollout
models.out_dim=10
seed=4    avg_loss: 0.000000780496  time_per_window : 0.000311   progress : 0.765
name: models.architecture.block_type=simple_cls
training.mode=gml_rollout
models.out_dim=10
seed=4    avg_loss: 0.000000618713  time_per_window : 0.000286   progress : 0.775
name: models.architecture.block_type=simple_cls
training.mode=gml_rollout
models.out_dim=10
seed=4    avg_loss: 0.000000817906  time_per_window : 0.000215   progress : 0.786
name: models.architecture.block_type=simple_cls
training.mode=gml_rollout
models.out_dim=10
seed=4    avg_loss: 0.000000788163  time_per_window : 0.000200   progress : 0.797
name: models.architecture.block_type=simple_cls
training.mode=gml_rollout
models.out_dim=10
seed=4    avg_loss: 0.000000620820  time_per_window : 0.000256   progress : 0.808
name: models.architecture.block_type=simple_cls
training.mode=gml_rollout
models.out_dim=10
seed=4    avg_loss: 0.000000578193  time_per_window : 0.000260   progress : 0.819
name: models.architecture.block_type=simple_cls
training.mode=gml_rollout
models.out_dim=10
seed=4    avg_loss: 0.000000725877  time_per_window : 0.000235   progress : 0.830
name: models.architecture.block_type=simple_cls
training.mode=gml_rollout
models.out_dim=10
seed=4    avg_loss: 0.000000672396  time_per_window : 0.000283   progress : 0.841
name: models.architecture.block_type=simple_cls
training.mode=gml_rollout
models.out_dim=10
seed=4    avg_loss: 0.000000699172  time_per_window : 0.000336   progress : 0.852
name: models.architecture.block_type=simple_cls
training.mode=gml_rollout
models.out_dim=10
seed=4    avg_loss: 0.000000788213  time_per_window : 0.000308   progress : 0.863
name: models.architecture.block_type=simple_cls
training.mode=gml_rollout
models.out_dim=10
seed=4    avg_loss: 0.000000623586  time_per_window : 0.000225   progress : 0.874
name: models.architecture.block_type=simple_cls
training.mode=gml_rollout
models.out_dim=10
seed=4    avg_loss: 0.000000663489  time_per_window : 0.000288   progress : 0.885
name: models.architecture.block_type=simple_cls
training.mode=gml_rollout
models.out_dim=10
seed=4    avg_loss: 0.000000661651  time_per_window : 0.000224   progress : 0.896
name: models.architecture.block_type=simple_cls
training.mode=gml_rollout
models.out_dim=10
seed=4    avg_loss: 0.000000645959  time_per_window : 0.000336   progress : 0.907
name: models.architecture.block_type=simple_cls
training.mode=gml_rollout
models.out_dim=10
seed=4    avg_loss: 0.000000677189  time_per_window : 0.000256   progress : 0.917
name: models.architecture.block_type=simple_cls
training.mode=gml_rollout
models.out_dim=10
seed=4    avg_loss: 0.000000635637  time_per_window : 0.000259   progress : 0.928
name: models.architecture.block_type=simple_cls
training.mode=gml_rollout
models.out_dim=10
seed=4    avg_loss: 0.000000656690  time_per_window : 0.000244   progress : 0.939
name: models.architecture.block_type=simple_cls
training.mode=gml_rollout
models.out_dim=10
seed=4    avg_loss: 0.000000649258  time_per_window : 0.000297   progress : 0.950
name: models.architecture.block_type=simple_cls
training.mode=gml_rollout
models.out_dim=10
seed=4    avg_loss: 0.000000714364  time_per_window : 0.000230   progress : 0.961
name: models.architecture.block_type=simple_cls
training.mode=gml_rollout
models.out_dim=10
seed=4    avg_loss: 0.000000839562  time_per_window : 0.000277   progress : 0.972
name: models.architecture.block_type=simple_cls
training.mode=gml_rollout
models.out_dim=10
seed=4    avg_loss: 0.000000701693  time_per_window : 0.000209   progress : 0.983
name: models.architecture.block_type=simple_cls
training.mode=gml_rollout
models.out_dim=10
seed=4    avg_loss: 0.000000613101  time_per_window : 0.000303   progress : 0.994
name: models.architecture.block_type=simple_cls
training.mode=gml_rollout
models.out_dim=10
seed=4    avg_loss: -64.649513244629  time_per_window : 0.000321   progress : 0.011
name: models.architecture.block_type=simple_cls
training.mode=gml_rollout
models.out_dim=10
seed=4    avg_loss: -68.598251342773  time_per_window : 0.000359   progress : 0.022
name: models.architecture.block_type=simple_cls
training.mode=gml_rollout
models.out_dim=10
seed=4    avg_loss: -68.739662170410  time_per_window : 0.000442   progress : 0.033
name: models.architecture.block_type=simple_cls
training.mode=gml_rollout
models.out_dim=10
seed=4    avg_loss: -68.749694824219  time_per_window : 0.000327   progress : 0.044
name: models.architecture.block_type=simple_cls
training.mode=gml_rollout
models.out_dim=10
seed=4    avg_loss: -68.766075134277  time_per_window : 0.000376   progress : 0.055
name: models.architecture.block_type=simple_cls
training.mode=gml_rollout
models.out_dim=10
seed=4    avg_loss: -68.767150878906  time_per_window : 0.000400   progress : 0.066
name: models.architecture.block_type=simple_cls
training.mode=gml_rollout
models.out_dim=10
seed=4    avg_loss: -68.765701293945  time_per_window : 0.000358   progress : 0.076
name: models.architecture.block_type=simple_cls
training.mode=gml_rollout
models.out_dim=10
seed=4    avg_loss: -68.779098510742  time_per_window : 0.000372   progress : 0.087
name: models.architecture.block_type=simple_cls
training.mode=gml_rollout
models.out_dim=10
seed=4    avg_loss: -68.782569885254  time_per_window : 0.000388   progress : 0.098
name: models.architecture.block_type=simple_cls
training.mode=gml_rollout
models.out_dim=10
seed=4    avg_loss: -68.774055480957  time_per_window : 0.000416   progress : 0.109
name: models.architecture.block_type=simple_cls
training.mode=gml_rollout
models.out_dim=10
seed=4    avg_loss: -68.810516357422  time_per_window : 0.000354   progress : 0.120
name: models.architecture.block_type=simple_cls
training.mode=gml_rollout
models.out_dim=10
seed=4    avg_loss: -68.864418029785  time_per_window : 0.000415   progress : 0.131
name: models.architecture.block_type=simple_cls
training.mode=gml_rollout
models.out_dim=10
seed=4    avg_loss: -68.889785766602  time_per_window : 0.000375   progress : 0.142
name: models.architecture.block_type=simple_cls
training.mode=gml_rollout
models.out_dim=10
seed=4    avg_loss: -68.893638610840  time_per_window : 0.000366   progress : 0.153
name: models.architecture.block_type=simple_cls
training.mode=gml_rollout
models.out_dim=10
seed=4    avg_loss: -68.925819396973  time_per_window : 0.000366   progress : 0.164
name: models.architecture.block_type=simple_cls
training.mode=gml_rollout
models.out_dim=10
seed=4    avg_loss: -68.928192138672  time_per_window : 0.000417   progress : 0.175
name: models.architecture.block_type=simple_cls
training.mode=gml_rollout
models.out_dim=10
seed=4    avg_loss: -68.929237365723  time_per_window : 0.000372   progress : 0.186
name: models.architecture.block_type=simple_cls
training.mode=gml_rollout
models.out_dim=10
seed=4    avg_loss: -68.939865112305  time_per_window : 0.000335   progress : 0.197
name: models.architecture.block_type=simple_cls
training.mode=gml_rollout
models.out_dim=10
seed=4    avg_loss: -68.937477111816  time_per_window : 0.000417   progress : 0.208
name: models.architecture.block_type=simple_cls
training.mode=gml_rollout
models.out_dim=10
seed=0    avg_loss: 0.000000804974  time_per_window : 0.000213   progress : 0.699
name: models.architecture.block_type=simple_cls
training.mode=gml_rollout
models.out_dim=10
seed=0    avg_loss: 0.000000671129  time_per_window : 0.000313   progress : 0.710
name: models.architecture.block_type=simple_cls
training.mode=gml_rollout
models.out_dim=10
seed=0    avg_loss: 0.000000832596  time_per_window : 0.000288   progress : 0.721
name: models.architecture.block_type=simple_cls
training.mode=gml_rollout
models.out_dim=10
seed=0    avg_loss: 0.000000805738  time_per_window : 0.000265   progress : 0.732
name: models.architecture.block_type=simple_cls
training.mode=gml_rollout
models.out_dim=10
seed=0    avg_loss: 0.000000904909  time_per_window : 0.000342   progress : 0.743
name: models.architecture.block_type=simple_cls
training.mode=gml_rollout
models.out_dim=10
seed=0    avg_loss: 0.000000787591  time_per_window : 0.000261   progress : 0.754
name: models.architecture.block_type=simple_cls
training.mode=gml_rollout
models.out_dim=10
seed=0    avg_loss: 0.000000749644  time_per_window : 0.000297   progress : 0.765
name: models.architecture.block_type=simple_cls
training.mode=gml_rollout
models.out_dim=10
seed=0    avg_loss: 0.000001050872  time_per_window : 0.000243   progress : 0.775
name: models.architecture.block_type=simple_cls
training.mode=gml_rollout
models.out_dim=10
seed=0    avg_loss: 0.000000884283  time_per_window : 0.000297   progress : 0.786
name: models.architecture.block_type=simple_cls
training.mode=gml_rollout
models.out_dim=10
seed=0    avg_loss: 0.000000851980  time_per_window : 0.000239   progress : 0.797
name: models.architecture.block_type=simple_cls
training.mode=gml_rollout
models.out_dim=10
seed=0    avg_loss: 0.000000788215  time_per_window : 0.000363   progress : 0.808
name: models.architecture.block_type=simple_cls
training.mode=gml_rollout
models.out_dim=10
seed=0    avg_loss: 0.000000685176  time_per_window : 0.000343   progress : 0.819
name: models.architecture.block_type=simple_cls
training.mode=gml_rollout
models.out_dim=10
seed=0    avg_loss: 0.000000704099  time_per_window : 0.000280   progress : 0.830
name: models.architecture.block_type=simple_cls
training.mode=gml_rollout
models.out_dim=10
seed=0    avg_loss: 0.000000809183  time_per_window : 0.000262   progress : 0.841
name: models.architecture.block_type=simple_cls
training.mode=gml_rollout
models.out_dim=10
seed=0    avg_loss: 0.000000795550  time_per_window : 0.000304   progress : 0.852
name: models.architecture.block_type=simple_cls
training.mode=gml_rollout
models.out_dim=10
seed=0    avg_loss: 0.000000906502  time_per_window : 0.000222   progress : 0.863
name: models.architecture.block_type=simple_cls
training.mode=gml_rollout
models.out_dim=10
seed=0    avg_loss: 0.000000765651  time_per_window : 0.000315   progress : 0.874
name: models.architecture.block_type=simple_cls
training.mode=gml_rollout
models.out_dim=10
seed=0    avg_loss: 0.000000760403  time_per_window : 0.000219   progress : 0.885
name: models.architecture.block_type=simple_cls
training.mode=gml_rollout
models.out_dim=10
seed=0    avg_loss: 0.000000762857  time_per_window : 0.000241   progress : 0.896
name: models.architecture.block_type=simple_cls
training.mode=gml_rollout
models.out_dim=10
seed=0    avg_loss: 0.000000853030  time_per_window : 0.000235   progress : 0.907
name: models.architecture.block_type=simple_cls
training.mode=gml_rollout
models.out_dim=10
seed=0    avg_loss: 0.000000791646  time_per_window : 0.000274   progress : 0.917
name: models.architecture.block_type=simple_cls
training.mode=gml_rollout
models.out_dim=10
seed=0    avg_loss: 0.000000695836  time_per_window : 0.000233   progress : 0.928
name: models.architecture.block_type=simple_cls
training.mode=gml_rollout
models.out_dim=10
seed=0    avg_loss: 0.000000671277  time_per_window : 0.000264   progress : 0.939
name: models.architecture.block_type=simple_cls
training.mode=gml_rollout
models.out_dim=10
seed=0    avg_loss: 0.000000831146  time_per_window : 0.000256   progress : 0.950
name: models.architecture.block_type=simple_cls
training.mode=gml_rollout
models.out_dim=10
seed=0    avg_loss: 0.000000820972  time_per_window : 0.000229   progress : 0.961
name: models.architecture.block_type=simple_cls
training.mode=gml_rollout
models.out_dim=10
seed=0    avg_loss: 0.000000750241  time_per_window : 0.000221   progress : 0.972
name: models.architecture.block_type=simple_cls
training.mode=gml_rollout
models.out_dim=10
seed=0    avg_loss: 0.000000675903  time_per_window : 0.000317   progress : 0.983
name: models.architecture.block_type=simple_cls
training.mode=gml_rollout
models.out_dim=10
seed=0    avg_loss: 0.000000734771  time_per_window : 0.000256   progress : 0.994
name: models.architecture.block_type=simple_cls
training.mode=gml_rollout
models.out_dim=10
seed=0    avg_loss: -51.703453063965  time_per_window : 0.000307   progress : 0.011
name: models.architecture.block_type=simple_cls
training.mode=gml_rollout
models.out_dim=10
seed=0    avg_loss: -67.771797180176  time_per_window : 0.000300   progress : 0.022
name: models.architecture.block_type=simple_cls
training.mode=gml_rollout
models.out_dim=10
seed=0    avg_loss: -68.301658630371  time_per_window : 0.000338   progress : 0.033
name: models.architecture.block_type=simple_cls
training.mode=gml_rollout
models.out_dim=10
seed=0    avg_loss: -68.356369018555  time_per_window : 0.000380   progress : 0.044
name: models.architecture.block_type=simple_cls
training.mode=gml_rollout
models.out_dim=10
seed=0    avg_loss: -68.474113464355  time_per_window : 0.000389   progress : 0.055
name: models.architecture.block_type=simple_cls
training.mode=gml_rollout
models.out_dim=10
seed=0    avg_loss: -68.560493469238  time_per_window : 0.000339   progress : 0.066
name: models.architecture.block_type=simple_cls
training.mode=gml_rollout
models.out_dim=10
seed=0    avg_loss: -68.672447204590  time_per_window : 0.000428   progress : 0.076
name: models.architecture.block_type=simple_cls
training.mode=gml_rollout
models.out_dim=10
seed=0    avg_loss: -68.766700744629  time_per_window : 0.000401   progress : 0.087
name: models.architecture.block_type=simple_cls
training.mode=gml_rollout
models.out_dim=10
seed=0    avg_loss: -68.788093566895  time_per_window : 0.000390   progress : 0.098
name: models.architecture.block_type=simple_cls
training.mode=gml_rollout
models.out_dim=10
seed=0    avg_loss: -68.796409606934  time_per_window : 0.000417   progress : 0.109
name: models.architecture.block_type=simple_cls
training.mode=gml_rollout
models.out_dim=10
seed=0    avg_loss: -68.837486267090  time_per_window : 0.000414   progress : 0.120
name: models.architecture.block_type=simple_cls
training.mode=gml_rollout
models.out_dim=10
seed=0    avg_loss: -68.885154724121  time_per_window : 0.000367   progress : 0.131
name: models.architecture.block_type=simple_cls
training.mode=gml_rollout
models.out_dim=10
seed=0    avg_loss: -68.914802551270  time_per_window : 0.000402   progress : 0.142
name: models.architecture.block_type=simple_cls
training.mode=gml_rollout
models.out_dim=10
seed=0    avg_loss: -68.913780212402  time_per_window : 0.000422   progress : 0.153
name: models.architecture.block_type=simple_cls
training.mode=gml_rollout
models.out_dim=10
seed=0    avg_loss: -68.930267333984  time_per_window : 0.000402   progress : 0.164
name: models.architecture.block_type=simple_cls
training.mode=gml_rollout
models.out_dim=10
seed=0    avg_loss: -68.930465698242  time_per_window : 0.000409   progress : 0.175
name: models.architecture.block_type=simple_cls
training.mode=gml_rollout
models.out_dim=10
seed=0    avg_loss: -68.929252624512  time_per_window : 0.000404   progress : 0.186
name: models.architecture.block_type=simple_cls
training.mode=gml_rollout
models.out_dim=10
seed=0    avg_loss: -68.946754455566  time_per_window : 0.000387   progress : 0.197
name: models.architecture.block_type=simple_cls
training.mode=gml_rollout
models.out_dim=10
seed=0    avg_loss: -68.942283630371  time_per_window : 0.000406   progress : 0.208
name: models.architecture.block_type=simple_cls
training.mode=gml_rollout
models.out_dim=10
seed=1    avg_loss: 0.000000722055  time_per_window : 0.000272   progress : 0.699
name: models.architecture.block_type=simple_cls
training.mode=gml_rollout
models.out_dim=10
seed=1    avg_loss: 0.000000683622  time_per_window : 0.000312   progress : 0.710
name: models.architecture.block_type=simple_cls
training.mode=gml_rollout
models.out_dim=10
seed=1    avg_loss: 0.000000738140  time_per_window : 0.000313   progress : 0.721
name: models.architecture.block_type=simple_cls
training.mode=gml_rollout
models.out_dim=10
seed=1    avg_loss: 0.000000958251  time_per_window : 0.000313   progress : 0.732
name: models.architecture.block_type=simple_cls
training.mode=gml_rollout
models.out_dim=10
seed=1    avg_loss: 0.000000794358  time_per_window : 0.000255   progress : 0.743
name: models.architecture.block_type=simple_cls
training.mode=gml_rollout
models.out_dim=10
seed=1    avg_loss: 0.000000668431  time_per_window : 0.000228   progress : 0.754
name: models.architecture.block_type=simple_cls
training.mode=gml_rollout
models.out_dim=10
seed=1    avg_loss: 0.000000971116  time_per_window : 0.000303   progress : 0.765
name: models.architecture.block_type=simple_cls
training.mode=gml_rollout
models.out_dim=10
seed=1    avg_loss: 0.000000868834  time_per_window : 0.000310   progress : 0.775
name: models.architecture.block_type=simple_cls
training.mode=gml_rollout
models.out_dim=10
seed=1    avg_loss: 0.000001082054  time_per_window : 0.000325   progress : 0.786
name: models.architecture.block_type=simple_cls
training.mode=gml_rollout
models.out_dim=10
seed=1    avg_loss: 0.000000779576  time_per_window : 0.000205   progress : 0.797
name: models.architecture.block_type=simple_cls
training.mode=gml_rollout
models.out_dim=10
seed=1    avg_loss: 0.000000663764  time_per_window : 0.000237   progress : 0.808
name: models.architecture.block_type=simple_cls
training.mode=gml_rollout
models.out_dim=10
seed=1    avg_loss: 0.000000831839  time_per_window : 0.000244   progress : 0.819
name: models.architecture.block_type=simple_cls
training.mode=gml_rollout
models.out_dim=10
seed=1    avg_loss: 0.000000803166  time_per_window : 0.000222   progress : 0.830
name: models.architecture.block_type=simple_cls
training.mode=gml_rollout
models.out_dim=10
seed=1    avg_loss: 0.000000816115  time_per_window : 0.000258   progress : 0.841
name: models.architecture.block_type=simple_cls
training.mode=gml_rollout
models.out_dim=10
seed=1    avg_loss: 0.000000904623  time_per_window : 0.000277   progress : 0.852
name: models.architecture.block_type=simple_cls
training.mode=gml_rollout
models.out_dim=10
seed=1    avg_loss: 0.000001029483  time_per_window : 0.000298   progress : 0.863
name: models.architecture.block_type=simple_cls
training.mode=gml_rollout
models.out_dim=10
seed=1    avg_loss: 0.000000726503  time_per_window : 0.000233   progress : 0.874
name: models.architecture.block_type=simple_cls
training.mode=gml_rollout
models.out_dim=10
seed=1    avg_loss: 0.000000748022  time_per_window : 0.000364   progress : 0.885
name: models.architecture.block_type=simple_cls
training.mode=gml_rollout
models.out_dim=10
seed=1    avg_loss: 0.000000812423  time_per_window : 0.000312   progress : 0.896
name: models.architecture.block_type=simple_cls
training.mode=gml_rollout
models.out_dim=10
seed=1    avg_loss: 0.000000694892  time_per_window : 0.000322   progress : 0.907
name: models.architecture.block_type=simple_cls
training.mode=gml_rollout
models.out_dim=10
seed=1    avg_loss: 0.000000852881  time_per_window : 0.000359   progress : 0.917
name: models.architecture.block_type=simple_cls
training.mode=gml_rollout
models.out_dim=10
seed=1    avg_loss: 0.000000970302  time_per_window : 0.000343   progress : 0.928
name: models.architecture.block_type=simple_cls
training.mode=gml_rollout
models.out_dim=10
seed=1    avg_loss: 0.000000631475  time_per_window : 0.000221   progress : 0.939
name: models.architecture.block_type=simple_cls
training.mode=gml_rollout
models.out_dim=10
seed=1    avg_loss: 0.000000846756  time_per_window : 0.000285   progress : 0.950
name: models.architecture.block_type=simple_cls
training.mode=gml_rollout
models.out_dim=10
seed=1    avg_loss: 0.000000859798  time_per_window : 0.000258   progress : 0.961
name: models.architecture.block_type=simple_cls
training.mode=gml_rollout
models.out_dim=10
seed=1    avg_loss: 0.000000922960  time_per_window : 0.000280   progress : 0.972
name: models.architecture.block_type=simple_cls
training.mode=gml_rollout
models.out_dim=10
seed=1    avg_loss: 0.000000810621  time_per_window : 0.000258   progress : 0.983
name: models.architecture.block_type=simple_cls
training.mode=gml_rollout
models.out_dim=10
seed=1    avg_loss: 0.000000662915  time_per_window : 0.000239   progress : 0.994
name: models.architecture.block_type=simple_cls
training.mode=gml_rollout
models.out_dim=10
seed=1    avg_loss: -63.007846832275  time_per_window : 0.000307   progress : 0.011
name: models.architecture.block_type=simple_cls
training.mode=gml_rollout
models.out_dim=10
seed=1    avg_loss: -68.501129150391  time_per_window : 0.000290   progress : 0.022
name: models.architecture.block_type=simple_cls
training.mode=gml_rollout
models.out_dim=10
seed=1    avg_loss: -68.738739013672  time_per_window : 0.000400   progress : 0.033
name: models.architecture.block_type=simple_cls
training.mode=gml_rollout
models.out_dim=10
seed=1    avg_loss: -68.754158020020  time_per_window : 0.000395   progress : 0.044
name: models.architecture.block_type=simple_cls
training.mode=gml_rollout
models.out_dim=10
seed=1    avg_loss: -68.769226074219  time_per_window : 0.000409   progress : 0.055
name: models.architecture.block_type=simple_cls
training.mode=gml_rollout
models.out_dim=10
seed=1    avg_loss: -68.768486022949  time_per_window : 0.000340   progress : 0.066
name: models.architecture.block_type=simple_cls
training.mode=gml_rollout
models.out_dim=10
seed=1    avg_loss: -68.765464782715  time_per_window : 0.000415   progress : 0.076
name: models.architecture.block_type=simple_cls
training.mode=gml_rollout
models.out_dim=10
seed=1    avg_loss: -68.779861450195  time_per_window : 0.000393   progress : 0.087
name: models.architecture.block_type=simple_cls
training.mode=gml_rollout
models.out_dim=10
seed=1    avg_loss: -68.788368225098  time_per_window : 0.000414   progress : 0.098
name: models.architecture.block_type=simple_cls
training.mode=gml_rollout
models.out_dim=10
seed=1    avg_loss: -68.780128479004  time_per_window : 0.000328   progress : 0.109
name: models.architecture.block_type=simple_cls
training.mode=gml_rollout
models.out_dim=10
seed=1    avg_loss: -68.796142578125  time_per_window : 0.000422   progress : 0.120
name: models.architecture.block_type=simple_cls
training.mode=gml_rollout
models.out_dim=10
seed=1    avg_loss: -68.820022583008  time_per_window : 0.000396   progress : 0.131
name: models.architecture.block_type=simple_cls
training.mode=gml_rollout
models.out_dim=10
seed=1    avg_loss: -68.859085083008  time_per_window : 0.000390   progress : 0.142
name: models.architecture.block_type=simple_cls
training.mode=gml_rollout
models.out_dim=10
seed=1    avg_loss: -68.895843505859  time_per_window : 0.000425   progress : 0.153
name: models.architecture.block_type=simple_cls
training.mode=gml_rollout
models.out_dim=10
seed=1    avg_loss: -68.916725158691  time_per_window : 0.000376   progress : 0.164
name: models.architecture.block_type=simple_cls
training.mode=gml_rollout
models.out_dim=10
seed=1    avg_loss: -68.928344726562  time_per_window : 0.000413   progress : 0.175
name: models.architecture.block_type=simple_cls
training.mode=gml_rollout
models.out_dim=10
seed=1    avg_loss: -68.930213928223  time_per_window : 0.000380   progress : 0.186
name: models.architecture.block_type=simple_cls
training.mode=gml_rollout
models.out_dim=10
seed=1    avg_loss: -68.938171386719  time_per_window : 0.000409   progress : 0.197
name: models.architecture.block_type=simple_cls
training.mode=gml_rollout
models.out_dim=10
seed=1    avg_loss: -68.929878234863  time_per_window : 0.000400   progress : 0.208
name: models.architecture.block_type=simple_cls
training.mode=gml_rollout
models.out_dim=10
seed=2    avg_loss: 0.000000685233  time_per_window : 0.000297   progress : 0.699
name: models.architecture.block_type=simple_cls
training.mode=gml_rollout
models.out_dim=10
seed=2    avg_loss: 0.000000650741  time_per_window : 0.000265   progress : 0.710
name: models.architecture.block_type=simple_cls
training.mode=gml_rollout
models.out_dim=10
seed=2    avg_loss: 0.000000646139  time_per_window : 0.000292   progress : 0.721
name: models.architecture.block_type=simple_cls
training.mode=gml_rollout
models.out_dim=10
seed=2    avg_loss: 0.000000765071  time_per_window : 0.000206   progress : 0.732
name: models.architecture.block_type=simple_cls
training.mode=gml_rollout
models.out_dim=10
seed=2    avg_loss: 0.000000639998  time_per_window : 0.000242   progress : 0.743
name: models.architecture.block_type=simple_cls
training.mode=gml_rollout
models.out_dim=10
seed=2    avg_loss: 0.000000651383  time_per_window : 0.000279   progress : 0.754
name: models.architecture.block_type=simple_cls
training.mode=gml_rollout
models.out_dim=10
seed=2    avg_loss: 0.000000908516  time_per_window : 0.000318   progress : 0.765
name: models.architecture.block_type=simple_cls
training.mode=gml_rollout
models.out_dim=10
seed=2    avg_loss: 0.000000780716  time_per_window : 0.000355   progress : 0.775
name: models.architecture.block_type=simple_cls
training.mode=gml_rollout
models.out_dim=10
seed=2    avg_loss: 0.000000756154  time_per_window : 0.000247   progress : 0.786
name: models.architecture.block_type=simple_cls
training.mode=gml_rollout
models.out_dim=10
seed=2    avg_loss: 0.000000644167  time_per_window : 0.000339   progress : 0.797
name: models.architecture.block_type=simple_cls
training.mode=gml_rollout
models.out_dim=10
seed=2    avg_loss: 0.000000674159  time_per_window : 0.000264   progress : 0.808
name: models.architecture.block_type=simple_cls
training.mode=gml_rollout
models.out_dim=10
seed=2    avg_loss: 0.000000633940  time_per_window : 0.000252   progress : 0.819
name: models.architecture.block_type=simple_cls
training.mode=gml_rollout
models.out_dim=10
seed=2    avg_loss: 0.000000642951  time_per_window : 0.000343   progress : 0.830
name: models.architecture.block_type=simple_cls
training.mode=gml_rollout
models.out_dim=10
seed=2    avg_loss: 0.000000664078  time_per_window : 0.000230   progress : 0.841
name: models.architecture.block_type=simple_cls
training.mode=gml_rollout
models.out_dim=10
seed=2    avg_loss: 0.000000799714  time_per_window : 0.000265   progress : 0.852
name: models.architecture.block_type=simple_cls
training.mode=gml_rollout
models.out_dim=10
seed=2    avg_loss: 0.000000809647  time_per_window : 0.000343   progress : 0.863
name: models.architecture.block_type=simple_cls
training.mode=gml_rollout
models.out_dim=10
seed=2    avg_loss: 0.000000800613  time_per_window : 0.000236   progress : 0.874
name: models.architecture.block_type=simple_cls
training.mode=gml_rollout
models.out_dim=10
seed=2    avg_loss: 0.000000676101  time_per_window : 0.000343   progress : 0.885
name: models.architecture.block_type=simple_cls
training.mode=gml_rollout
models.out_dim=10
seed=2    avg_loss: 0.000000658218  time_per_window : 0.000240   progress : 0.896
name: models.architecture.block_type=simple_cls
training.mode=gml_rollout
models.out_dim=10
seed=2    avg_loss: 0.000000729889  time_per_window : 0.000231   progress : 0.907
name: models.architecture.block_type=simple_cls
training.mode=gml_rollout
models.out_dim=10
seed=2    avg_loss: 0.000000748810  time_per_window : 0.000339   progress : 0.917
name: models.architecture.block_type=simple_cls
training.mode=gml_rollout
models.out_dim=10
seed=2    avg_loss: 0.000000693437  time_per_window : 0.000312   progress : 0.928
name: models.architecture.block_type=simple_cls
training.mode=gml_rollout
models.out_dim=10
seed=2    avg_loss: 0.000000600246  time_per_window : 0.000258   progress : 0.939
name: models.architecture.block_type=simple_cls
training.mode=gml_rollout
models.out_dim=10
seed=2    avg_loss: 0.000000678734  time_per_window : 0.000316   progress : 0.950
name: models.architecture.block_type=simple_cls
training.mode=gml_rollout
models.out_dim=10
seed=2    avg_loss: 0.000000740079  time_per_window : 0.000214   progress : 0.961
name: models.architecture.block_type=simple_cls
training.mode=gml_rollout
models.out_dim=10
seed=2    avg_loss: 0.000000886126  time_per_window : 0.000320   progress : 0.972
name: models.architecture.block_type=simple_cls
training.mode=gml_rollout
models.out_dim=10
seed=2    avg_loss: 0.000000708352  time_per_window : 0.000238   progress : 0.983
name: models.architecture.block_type=simple_cls
training.mode=gml_rollout
models.out_dim=10
seed=2    avg_loss: 0.000000667238  time_per_window : 0.000305   progress : 0.994
name: models.architecture.block_type=simple_cls
training.mode=gml_rollout
models.out_dim=10
seed=2    avg_loss: -64.877914428711  time_per_window : 0.000400   progress : 0.011
name: models.architecture.block_type=simple_cls
training.mode=gml_rollout
models.out_dim=10
seed=2    avg_loss: -68.765319824219  time_per_window : 0.000395   progress : 0.022
name: models.architecture.block_type=simple_cls
training.mode=gml_rollout
models.out_dim=10
seed=2    avg_loss: -68.769889831543  time_per_window : 0.000393   progress : 0.033
name: models.architecture.block_type=simple_cls
training.mode=gml_rollout
models.out_dim=10
seed=2    avg_loss: -68.782623291016  time_per_window : 0.000410   progress : 0.044
name: models.architecture.block_type=simple_cls
training.mode=gml_rollout
models.out_dim=10
seed=2    avg_loss: -68.838859558105  time_per_window : 0.000373   progress : 0.055
name: models.architecture.block_type=simple_cls
training.mode=gml_rollout
models.out_dim=10
seed=2    avg_loss: -68.855926513672  time_per_window : 0.000378   progress : 0.066
name: models.architecture.block_type=simple_cls
training.mode=gml_rollout
models.out_dim=10
seed=2    avg_loss: -68.892921447754  time_per_window : 0.000416   progress : 0.076
name: models.architecture.block_type=simple_cls
training.mode=gml_rollout
models.out_dim=10
seed=2    avg_loss: -68.909004211426  time_per_window : 0.000409   progress : 0.087
name: models.architecture.block_type=simple_cls
training.mode=gml_rollout
models.out_dim=10
seed=2    avg_loss: -68.921081542969  time_per_window : 0.000381   progress : 0.098
name: models.architecture.block_type=simple_cls
training.mode=gml_rollout
models.out_dim=10
seed=2    avg_loss: -68.908660888672  time_per_window : 0.000440   progress : 0.109
name: models.architecture.block_type=simple_cls
training.mode=gml_rollout
models.out_dim=10
seed=2    avg_loss: -68.922798156738  time_per_window : 0.000425   progress : 0.120
name: models.architecture.block_type=simple_cls
training.mode=gml_rollout
models.out_dim=10
seed=2    avg_loss: -68.929634094238  time_per_window : 0.000417   progress : 0.131
name: models.architecture.block_type=simple_cls
training.mode=gml_rollout
models.out_dim=10
seed=2    avg_loss: -68.920188903809  time_per_window : 0.000412   progress : 0.142
name: models.architecture.block_type=simple_cls
training.mode=gml_rollout
models.out_dim=10
seed=2    avg_loss: -68.927444458008  time_per_window : 0.000360   progress : 0.153
name: models.architecture.block_type=simple_cls
training.mode=gml_rollout
models.out_dim=10
seed=2    avg_loss: -68.944122314453  time_per_window : 0.000397   progress : 0.164
name: models.architecture.block_type=simple_cls
training.mode=gml_rollout
models.out_dim=10
seed=2    avg_loss: -68.933952331543  time_per_window : 0.000373   progress : 0.175
name: models.architecture.block_type=simple_cls
training.mode=gml_rollout
models.out_dim=10
seed=2    avg_loss: -68.934410095215  time_per_window : 0.000418   progress : 0.186
name: models.architecture.block_type=simple_cls
training.mode=gml_rollout
models.out_dim=10
seed=2    avg_loss: -68.941833496094  time_per_window : 0.000420   progress : 0.197
name: models.architecture.block_type=simple_cls
training.mode=gml_rollout
models.out_dim=10
seed=2    avg_loss: -68.936935424805  time_per_window : 0.000402   progress : 0.208
name: models.architecture.block_type=simple_cls
training.mode=gml_rollout
models.out_dim=10
seed=3    avg_loss: 0.000000635392  time_per_window : 0.000323   progress : 0.699
name: models.architecture.block_type=simple_cls
training.mode=gml_rollout
models.out_dim=10
seed=3    avg_loss: 0.000000517813  time_per_window : 0.000229   progress : 0.710
name: models.architecture.block_type=simple_cls
training.mode=gml_rollout
models.out_dim=10
seed=3    avg_loss: 0.000000567591  time_per_window : 0.000282   progress : 0.721
name: models.architecture.block_type=simple_cls
training.mode=gml_rollout
models.out_dim=10
seed=3    avg_loss: 0.000000582375  time_per_window : 0.000241   progress : 0.732
name: models.architecture.block_type=simple_cls
training.mode=gml_rollout
models.out_dim=10
seed=3    avg_loss: 0.000000610842  time_per_window : 0.000212   progress : 0.743
name: models.architecture.block_type=simple_cls
training.mode=gml_rollout
models.out_dim=10
seed=3    avg_loss: 0.000000628683  time_per_window : 0.000225   progress : 0.754
name: models.architecture.block_type=simple_cls
training.mode=gml_rollout
models.out_dim=10
seed=3    avg_loss: 0.000000697925  time_per_window : 0.000335   progress : 0.765
name: models.architecture.block_type=simple_cls
training.mode=gml_rollout
models.out_dim=10
seed=3    avg_loss: 0.000000546040  time_per_window : 0.000256   progress : 0.775
name: models.architecture.block_type=simple_cls
training.mode=gml_rollout
models.out_dim=10
seed=3    avg_loss: 0.000000743948  time_per_window : 0.000195   progress : 0.786
name: models.architecture.block_type=simple_cls
training.mode=gml_rollout
models.out_dim=10
seed=3    avg_loss: 0.000000549360  time_per_window : 0.000253   progress : 0.797
name: models.architecture.block_type=simple_cls
training.mode=gml_rollout
models.out_dim=10
seed=3    avg_loss: 0.000000521696  time_per_window : 0.000210   progress : 0.808
name: models.architecture.block_type=simple_cls
training.mode=gml_rollout
models.out_dim=10
seed=3    avg_loss: 0.000000642435  time_per_window : 0.000285   progress : 0.819
name: models.architecture.block_type=simple_cls
training.mode=gml_rollout
models.out_dim=10
seed=3    avg_loss: 0.000000500061  time_per_window : 0.000271   progress : 0.830
name: models.architecture.block_type=simple_cls
training.mode=gml_rollout
models.out_dim=10
seed=3    avg_loss: 0.000000589012  time_per_window : 0.000240   progress : 0.841
name: models.architecture.block_type=simple_cls
training.mode=gml_rollout
models.out_dim=10
seed=3    avg_loss: 0.000000509881  time_per_window : 0.000338   progress : 0.852
name: models.architecture.block_type=simple_cls
training.mode=gml_rollout
models.out_dim=10
seed=3    avg_loss: 0.000000606962  time_per_window : 0.000336   progress : 0.863
name: models.architecture.block_type=simple_cls
training.mode=gml_rollout
models.out_dim=10
seed=3    avg_loss: 0.000000585403  time_per_window : 0.000281   progress : 0.874
name: models.architecture.block_type=simple_cls
training.mode=gml_rollout
models.out_dim=10
seed=3    avg_loss: 0.000000517652  time_per_window : 0.000301   progress : 0.885
name: models.architecture.block_type=simple_cls
training.mode=gml_rollout
models.out_dim=10
seed=3    avg_loss: 0.000000475733  time_per_window : 0.000225   progress : 0.896
name: models.architecture.block_type=simple_cls
training.mode=gml_rollout
models.out_dim=10
seed=3    avg_loss: 0.000000596393  time_per_window : 0.000217   progress : 0.907
name: models.architecture.block_type=simple_cls
training.mode=gml_rollout
models.out_dim=10
seed=3    avg_loss: 0.000000599795  time_per_window : 0.000201   progress : 0.917
name: models.architecture.block_type=simple_cls
training.mode=gml_rollout
models.out_dim=10
seed=3    avg_loss: 0.000000592968  time_per_window : 0.000337   progress : 0.928
name: models.architecture.block_type=simple_cls
training.mode=gml_rollout
models.out_dim=10
seed=3    avg_loss: 0.000000504397  time_per_window : 0.000232   progress : 0.939
name: models.architecture.block_type=simple_cls
training.mode=gml_rollout
models.out_dim=10
seed=3    avg_loss: 0.000000515269  time_per_window : 0.000292   progress : 0.950
name: models.architecture.block_type=simple_cls
training.mode=gml_rollout
models.out_dim=10
seed=3    avg_loss: 0.000000650319  time_per_window : 0.000337   progress : 0.961
name: models.architecture.block_type=simple_cls
training.mode=gml_rollout
models.out_dim=10
seed=3    avg_loss: 0.000000504136  time_per_window : 0.000286   progress : 0.972
name: models.architecture.block_type=simple_cls
training.mode=gml_rollout
models.out_dim=10
seed=3    avg_loss: 0.000000573951  time_per_window : 0.000329   progress : 0.983
name: models.architecture.block_type=simple_cls
training.mode=gml_rollout
models.out_dim=10
seed=3    avg_loss: 0.000000502720  time_per_window : 0.000318   progress : 0.994
name: models.architecture.block_type=simple_cls
training.mode=gml_rollout
models.out_dim=10
seed=3    avg_loss: -62.855365753174  time_per_window : 0.000378   progress : 0.011
name: models.architecture.block_type=simple_cls
training.mode=gml_rollout
models.out_dim=10
seed=3    avg_loss: -68.355468750000  time_per_window : 0.000338   progress : 0.022
name: models.architecture.block_type=simple_cls
training.mode=gml_rollout
models.out_dim=10
seed=3    avg_loss: -68.583007812500  time_per_window : 0.000404   progress : 0.033
name: models.architecture.block_type=simple_cls
training.mode=gml_rollout
models.out_dim=10
seed=3    avg_loss: -68.722198486328  time_per_window : 0.000356   progress : 0.044
name: models.architecture.block_type=simple_cls
training.mode=gml_rollout
models.out_dim=10
seed=3    avg_loss: -68.752059936523  time_per_window : 0.000324   progress : 0.055
name: models.architecture.block_type=simple_cls
training.mode=gml_rollout
models.out_dim=10
seed=3    avg_loss: -68.752632141113  time_per_window : 0.000405   progress : 0.066
name: models.architecture.block_type=simple_cls
training.mode=gml_rollout
models.out_dim=10
seed=3    avg_loss: -68.754013061523  time_per_window : 0.000411   progress : 0.076
name: models.architecture.block_type=simple_cls
training.mode=gml_rollout
models.out_dim=10
seed=3    avg_loss: -68.766098022461  time_per_window : 0.000364   progress : 0.087
name: models.architecture.block_type=simple_cls
training.mode=gml_rollout
models.out_dim=10
seed=3    avg_loss: -68.771667480469  time_per_window : 0.000379   progress : 0.098
name: models.architecture.block_type=simple_cls
training.mode=gml_rollout
models.out_dim=10
seed=3    avg_loss: -68.763046264648  time_per_window : 0.000408   progress : 0.109
name: models.architecture.block_type=simple_cls
training.mode=gml_rollout
models.out_dim=10
seed=3    avg_loss: -68.780113220215  time_per_window : 0.000365   progress : 0.120
name: models.architecture.block_type=simple_cls
training.mode=gml_rollout
models.out_dim=10
seed=3    avg_loss: -68.790489196777  time_per_window : 0.000407   progress : 0.131
name: models.architecture.block_type=simple_cls
training.mode=gml_rollout
models.out_dim=10
seed=3    avg_loss: -68.795761108398  time_per_window : 0.000356   progress : 0.142
name: models.architecture.block_type=simple_cls
training.mode=gml_rollout
models.out_dim=10
seed=3    avg_loss: -68.803558349609  time_per_window : 0.000349   progress : 0.153
name: models.architecture.block_type=simple_cls
training.mode=gml_rollout
models.out_dim=10
seed=3    avg_loss: -68.881629943848  time_per_window : 0.000388   progress : 0.164
name: models.architecture.block_type=simple_cls
training.mode=gml_rollout
models.out_dim=10
seed=3    avg_loss: -68.922584533691  time_per_window : 0.000317   progress : 0.175
name: models.architecture.block_type=simple_cls
training.mode=gml_rollout
models.out_dim=10
seed=3    avg_loss: -68.926094055176  time_per_window : 0.000399   progress : 0.186
name: models.architecture.block_type=simple_cls
training.mode=gml_rollout
models.out_dim=10
seed=3    avg_loss: -68.944122314453  time_per_window : 0.000382   progress : 0.197
name: models.architecture.block_type=simple_cls
training.mode=gml_rollout
models.out_dim=10
seed=3    avg_loss: -68.943145751953  time_per_window : 0.000385   progress : 0.208
name: models.architecture.block_type=simple_cls
training.mode=gml_rollout
models.out_dim=10
seed=4    avg_loss: -68.937393188477  time_per_window : 0.000424   progress : 0.218
name: models.architecture.block_type=simple_cls
training.mode=gml_rollout
models.out_dim=10
seed=4    avg_loss: -68.947067260742  time_per_window : 0.000409   progress : 0.229
name: models.architecture.block_type=simple_cls
training.mode=gml_rollout
models.out_dim=10
seed=4    avg_loss: -68.946113586426  time_per_window : 0.000345   progress : 0.240
name: models.architecture.block_type=simple_cls
training.mode=gml_rollout
models.out_dim=10
seed=4    avg_loss: -68.944793701172  time_per_window : 0.000418   progress : 0.251
name: models.architecture.block_type=simple_cls
training.mode=gml_rollout
models.out_dim=10
seed=4    avg_loss: -68.944610595703  time_per_window : 0.000413   progress : 0.262
name: models.architecture.block_type=simple_cls
training.mode=gml_rollout
models.out_dim=10
seed=4    avg_loss: -68.953872680664  time_per_window : 0.000392   progress : 0.273
name: models.architecture.block_type=simple_cls
training.mode=gml_rollout
models.out_dim=10
seed=4    avg_loss: -68.946502685547  time_per_window : 0.000393   progress : 0.284
name: models.architecture.block_type=simple_cls
training.mode=gml_rollout
models.out_dim=10
seed=4    avg_loss: -68.947639465332  time_per_window : 0.000405   progress : 0.295
name: models.architecture.block_type=simple_cls
training.mode=gml_rollout
models.out_dim=10
seed=4    avg_loss: -68.943016052246  time_per_window : 0.000388   progress : 0.306
name: models.architecture.block_type=simple_cls
training.mode=gml_rollout
models.out_dim=10
seed=4    avg_loss: -68.956207275391  time_per_window : 0.000373   progress : 0.317
name: models.architecture.block_type=simple_cls
training.mode=gml_rollout
models.out_dim=10
seed=4    avg_loss: -68.958488464355  time_per_window : 0.000393   progress : 0.328
name: models.architecture.block_type=simple_cls
training.mode=gml_rollout
models.out_dim=10
seed=4    avg_loss: -68.947494506836  time_per_window : 0.000397   progress : 0.339
name: models.architecture.block_type=simple_cls
training.mode=gml_rollout
models.out_dim=10
seed=4    avg_loss: -68.957725524902  time_per_window : 0.000429   progress : 0.350
name: models.architecture.block_type=simple_cls
training.mode=gml_rollout
models.out_dim=10
seed=4    avg_loss: -68.960746765137  time_per_window : 0.000402   progress : 0.360
name: models.architecture.block_type=simple_cls
training.mode=gml_rollout
models.out_dim=10
seed=4    avg_loss: -68.967376708984  time_per_window : 0.000371   progress : 0.371
name: models.architecture.block_type=simple_cls
training.mode=gml_rollout
models.out_dim=10
seed=4    avg_loss: -68.960990905762  time_per_window : 0.000395   progress : 0.382
name: models.architecture.block_type=simple_cls
training.mode=gml_rollout
models.out_dim=10
seed=4    avg_loss: -68.961174011230  time_per_window : 0.000350   progress : 0.393
name: models.architecture.block_type=simple_cls
training.mode=gml_rollout
models.out_dim=10
seed=4    avg_loss: -68.949096679688  time_per_window : 0.000412   progress : 0.404
name: models.architecture.block_type=simple_cls
training.mode=gml_rollout
models.out_dim=10
seed=4    avg_loss: -68.960769653320  time_per_window : 0.000412   progress : 0.415
name: models.architecture.block_type=simple_cls
training.mode=gml_rollout
models.out_dim=10
seed=4    avg_loss: -68.969108581543  time_per_window : 0.000385   progress : 0.426
name: models.architecture.block_type=simple_cls
training.mode=gml_rollout
models.out_dim=10
seed=4    avg_loss: -68.957351684570  time_per_window : 0.000404   progress : 0.437
name: models.architecture.block_type=simple_cls
training.mode=gml_rollout
models.out_dim=10
seed=4    avg_loss: -68.952018737793  time_per_window : 0.000416   progress : 0.448
name: models.architecture.block_type=simple_cls
training.mode=gml_rollout
models.out_dim=10
seed=4    avg_loss: -68.965019226074  time_per_window : 0.000417   progress : 0.459
name: models.architecture.block_type=simple_cls
training.mode=gml_rollout
models.out_dim=10
seed=4    avg_loss: -68.960578918457  time_per_window : 0.000410   progress : 0.470
name: models.architecture.block_type=simple_cls
training.mode=gml_rollout
models.out_dim=10
seed=4    avg_loss: -68.965003967285  time_per_window : 0.000375   progress : 0.481
name: models.architecture.block_type=simple_cls
training.mode=gml_rollout
models.out_dim=10
seed=4    avg_loss: -68.959609985352  time_per_window : 0.000360   progress : 0.492
name: models.architecture.block_type=simple_cls
training.mode=gml_rollout
models.out_dim=10
seed=4    avg_loss: -68.959350585938  time_per_window : 0.000383   progress : 0.502
name: models.architecture.block_type=simple_cls
training.mode=gml_rollout
models.out_dim=10
seed=4    avg_loss: -68.969696044922  time_per_window : 0.000420   progress : 0.513
name: models.architecture.block_type=simple_cls
training.mode=gml_rollout
models.out_dim=10
seed=4    avg_loss: -68.965240478516  time_per_window : 0.000431   progress : 0.524
name: models.architecture.block_type=simple_cls
training.mode=gml_rollout
models.out_dim=10
seed=4    avg_loss: -68.961471557617  time_per_window : 0.000410   progress : 0.535
name: models.architecture.block_type=simple_cls
training.mode=gml_rollout
models.out_dim=10
seed=4    avg_loss: -68.962921142578  time_per_window : 0.000393   progress : 0.546
name: models.architecture.block_type=simple_cls
training.mode=gml_rollout
models.out_dim=10
seed=4    avg_loss: -68.966262817383  time_per_window : 0.000393   progress : 0.557
name: models.architecture.block_type=simple_cls
training.mode=gml_rollout
models.out_dim=10
seed=4    avg_loss: -68.964065551758  time_per_window : 0.000426   progress : 0.568
name: models.architecture.block_type=simple_cls
training.mode=gml_rollout
models.out_dim=10
seed=4    avg_loss: -68.957214355469  time_per_window : 0.000385   progress : 0.579
name: models.architecture.block_type=simple_cls
training.mode=gml_rollout
models.out_dim=10
seed=4    avg_loss: -68.970329284668  time_per_window : 0.000426   progress : 0.590
name: models.architecture.block_type=simple_cls
training.mode=gml_rollout
models.out_dim=10
seed=4    avg_loss: -68.965942382812  time_per_window : 0.000418   progress : 0.601
name: models.architecture.block_type=simple_cls
training.mode=gml_rollout
models.out_dim=10
seed=4    avg_loss: -68.969284057617  time_per_window : 0.000386   progress : 0.612
name: models.architecture.block_type=simple_cls
training.mode=gml_rollout
models.out_dim=10
seed=4    avg_loss: -68.971870422363  time_per_window : 0.000414   progress : 0.623
name: models.architecture.block_type=simple_cls
training.mode=gml_rollout
models.out_dim=10
seed=4    avg_loss: -68.968536376953  time_per_window : 0.000427   progress : 0.634
name: models.architecture.block_type=simple_cls
training.mode=gml_rollout
models.out_dim=10
seed=4    avg_loss: -68.964851379395  time_per_window : 0.000387   progress : 0.644
name: models.architecture.block_type=simple_cls
training.mode=gml_rollout
models.out_dim=10
seed=4    avg_loss: -68.960815429688  time_per_window : 0.000382   progress : 0.655
name: models.architecture.block_type=simple_cls
training.mode=gml_rollout
models.out_dim=10
seed=4    avg_loss: -68.965736389160  time_per_window : 0.000406   progress : 0.666
name: models.architecture.block_type=simple_cls
training.mode=gml_rollout
models.out_dim=10
seed=4    avg_loss: -68.963745117188  time_per_window : 0.000405   progress : 0.677
name: models.architecture.block_type=simple_cls
training.mode=gml_rollout
models.out_dim=10
seed=4    avg_loss: -68.965896606445  time_per_window : 0.000416   progress : 0.688
name: models.architecture.block_type=simple_cls
training.mode=gml_rollout
models.out_dim=10
seed=4    avg_loss: -68.974617004395  time_per_window : 0.000419   progress : 0.699
name: models.architecture.block_type=simple_cls
training.mode=gml_rollout
models.out_dim=10
seed=4    avg_loss: -68.973258972168  time_per_window : 0.000404   progress : 0.710
name: models.architecture.block_type=simple_cls
training.mode=gml_rollout
models.out_dim=10
seed=4    avg_loss: -68.971199035645  time_per_window : 0.000382   progress : 0.721
name: models.architecture.block_type=simple_cls
training.mode=gml_rollout
models.out_dim=10
seed=0    avg_loss: -68.932312011719  time_per_window : 0.000374   progress : 0.218
name: models.architecture.block_type=simple_cls
training.mode=gml_rollout
models.out_dim=10
seed=0    avg_loss: -68.945068359375  time_per_window : 0.000428   progress : 0.229
name: models.architecture.block_type=simple_cls
training.mode=gml_rollout
models.out_dim=10
seed=0    avg_loss: -68.946037292480  time_per_window : 0.000405   progress : 0.240
name: models.architecture.block_type=simple_cls
training.mode=gml_rollout
models.out_dim=10
seed=0    avg_loss: -68.946411132812  time_per_window : 0.000425   progress : 0.251
name: models.architecture.block_type=simple_cls
training.mode=gml_rollout
models.out_dim=10
seed=0    avg_loss: -68.948722839355  time_per_window : 0.000419   progress : 0.262
name: models.architecture.block_type=simple_cls
training.mode=gml_rollout
models.out_dim=10
seed=0    avg_loss: -68.946815490723  time_per_window : 0.000430   progress : 0.273
name: models.architecture.block_type=simple_cls
training.mode=gml_rollout
models.out_dim=10
seed=0    avg_loss: -68.944190979004  time_per_window : 0.000375   progress : 0.284
name: models.architecture.block_type=simple_cls
training.mode=gml_rollout
models.out_dim=10
seed=0    avg_loss: -68.938392639160  time_per_window : 0.000388   progress : 0.295
name: models.architecture.block_type=simple_cls
training.mode=gml_rollout
models.out_dim=10
seed=0    avg_loss: -68.951187133789  time_per_window : 0.000398   progress : 0.306
name: models.architecture.block_type=simple_cls
training.mode=gml_rollout
models.out_dim=10
seed=0    avg_loss: -68.955833435059  time_per_window : 0.000400   progress : 0.317
name: models.architecture.block_type=simple_cls
training.mode=gml_rollout
models.out_dim=10
seed=0    avg_loss: -68.943267822266  time_per_window : 0.000340   progress : 0.328
name: models.architecture.block_type=simple_cls
training.mode=gml_rollout
models.out_dim=10
seed=0    avg_loss: -68.941284179688  time_per_window : 0.000410   progress : 0.339
name: models.architecture.block_type=simple_cls
training.mode=gml_rollout
models.out_dim=10
seed=0    avg_loss: -68.955345153809  time_per_window : 0.000405   progress : 0.350
name: models.architecture.block_type=simple_cls
training.mode=gml_rollout
models.out_dim=10
seed=0    avg_loss: -68.952919006348  time_per_window : 0.000371   progress : 0.360
name: models.architecture.block_type=simple_cls
training.mode=gml_rollout
models.out_dim=10
seed=0    avg_loss: -68.964744567871  time_per_window : 0.000400   progress : 0.371
name: models.architecture.block_type=simple_cls
training.mode=gml_rollout
models.out_dim=10
seed=0    avg_loss: -68.956031799316  time_per_window : 0.000383   progress : 0.382
name: models.architecture.block_type=simple_cls
training.mode=gml_rollout
models.out_dim=10
seed=0    avg_loss: -68.957336425781  time_per_window : 0.000385   progress : 0.393
name: models.architecture.block_type=simple_cls
training.mode=gml_rollout
models.out_dim=10
seed=0    avg_loss: -68.940711975098  time_per_window : 0.000378   progress : 0.404
name: models.architecture.block_type=simple_cls
training.mode=gml_rollout
models.out_dim=10
seed=0    avg_loss: -68.962646484375  time_per_window : 0.000395   progress : 0.415
name: models.architecture.block_type=simple_cls
training.mode=gml_rollout
models.out_dim=10
seed=0    avg_loss: -68.965751647949  time_per_window : 0.000401   progress : 0.426
name: models.architecture.block_type=simple_cls
training.mode=gml_rollout
models.out_dim=10
seed=0    avg_loss: -68.941001892090  time_per_window : 0.000350   progress : 0.437
name: models.architecture.block_type=simple_cls
training.mode=gml_rollout
models.out_dim=10
seed=0    avg_loss: -68.942169189453  time_per_window : 0.000404   progress : 0.448
name: models.architecture.block_type=simple_cls
training.mode=gml_rollout
models.out_dim=10
seed=0    avg_loss: -68.957855224609  time_per_window : 0.000368   progress : 0.459
name: models.architecture.block_type=simple_cls
training.mode=gml_rollout
models.out_dim=10
seed=0    avg_loss: -68.955619812012  time_per_window : 0.000379   progress : 0.470
name: models.architecture.block_type=simple_cls
training.mode=gml_rollout
models.out_dim=10
seed=0    avg_loss: -68.958068847656  time_per_window : 0.000400   progress : 0.481
name: models.architecture.block_type=simple_cls
training.mode=gml_rollout
models.out_dim=10
seed=0    avg_loss: -68.961563110352  time_per_window : 0.000375   progress : 0.492
name: models.architecture.block_type=simple_cls
training.mode=gml_rollout
models.out_dim=10
seed=0    avg_loss: -68.959213256836  time_per_window : 0.000424   progress : 0.502
name: models.architecture.block_type=simple_cls
training.mode=gml_rollout
models.out_dim=10
seed=0    avg_loss: -68.962120056152  time_per_window : 0.000379   progress : 0.513
name: models.architecture.block_type=simple_cls
training.mode=gml_rollout
models.out_dim=10
seed=0    avg_loss: -68.957778930664  time_per_window : 0.000407   progress : 0.524
name: models.architecture.block_type=simple_cls
training.mode=gml_rollout
models.out_dim=10
seed=0    avg_loss: -68.954078674316  time_per_window : 0.000373   progress : 0.535
name: models.architecture.block_type=simple_cls
training.mode=gml_rollout
models.out_dim=10
seed=0    avg_loss: -68.953613281250  time_per_window : 0.000415   progress : 0.546
name: models.architecture.block_type=simple_cls
training.mode=gml_rollout
models.out_dim=10
seed=0    avg_loss: -68.967483520508  time_per_window : 0.000394   progress : 0.557
name: models.architecture.block_type=simple_cls
training.mode=gml_rollout
models.out_dim=10
seed=0    avg_loss: -68.959320068359  time_per_window : 0.000408   progress : 0.568
name: models.architecture.block_type=simple_cls
training.mode=gml_rollout
models.out_dim=10
seed=0    avg_loss: -68.948684692383  time_per_window : 0.000389   progress : 0.579
name: models.architecture.block_type=simple_cls
training.mode=gml_rollout
models.out_dim=10
seed=0    avg_loss: -68.961654663086  time_per_window : 0.000415   progress : 0.590
name: models.architecture.block_type=simple_cls
training.mode=gml_rollout
models.out_dim=10
seed=0    avg_loss: -68.966712951660  time_per_window : 0.000414   progress : 0.601
name: models.architecture.block_type=simple_cls
training.mode=gml_rollout
models.out_dim=10
seed=0    avg_loss: -68.964508056641  time_per_window : 0.000430   progress : 0.612
name: models.architecture.block_type=simple_cls
training.mode=gml_rollout
models.out_dim=10
seed=0    avg_loss: -68.958992004395  time_per_window : 0.000419   progress : 0.623
name: models.architecture.block_type=simple_cls
training.mode=gml_rollout
models.out_dim=10
seed=0    avg_loss: -68.966545104980  time_per_window : 0.000393   progress : 0.634
name: models.architecture.block_type=simple_cls
training.mode=gml_rollout
models.out_dim=10
seed=0    avg_loss: -68.957366943359  time_per_window : 0.000412   progress : 0.644
name: models.architecture.block_type=simple_cls
training.mode=gml_rollout
models.out_dim=10
seed=0    avg_loss: -68.955383300781  time_per_window : 0.000382   progress : 0.655
name: models.architecture.block_type=simple_cls
training.mode=gml_rollout
models.out_dim=10
seed=0    avg_loss: -68.962928771973  time_per_window : 0.000404   progress : 0.666
name: models.architecture.block_type=simple_cls
training.mode=gml_rollout
models.out_dim=10
seed=0    avg_loss: -68.960563659668  time_per_window : 0.000427   progress : 0.677
name: models.architecture.block_type=simple_cls
training.mode=gml_rollout
models.out_dim=10
seed=0    avg_loss: -68.963668823242  time_per_window : 0.000417   progress : 0.688
name: models.architecture.block_type=simple_cls
training.mode=gml_rollout
models.out_dim=10
seed=0    avg_loss: -68.969070434570  time_per_window : 0.000416   progress : 0.699
name: models.architecture.block_type=simple_cls
training.mode=gml_rollout
models.out_dim=10
seed=0    avg_loss: -68.960449218750  time_per_window : 0.000412   progress : 0.710
name: models.architecture.block_type=simple_cls
training.mode=gml_rollout
models.out_dim=10
seed=0    avg_loss: -68.962394714355  time_per_window : 0.000406   progress : 0.721
name: models.architecture.block_type=simple_cls
training.mode=gml_rollout
models.out_dim=10
seed=1    avg_loss: -68.935485839844  time_per_window : 0.000411   progress : 0.218
name: models.architecture.block_type=simple_cls
training.mode=gml_rollout
models.out_dim=10
seed=1    avg_loss: -68.941947937012  time_per_window : 0.000416   progress : 0.229
name: models.architecture.block_type=simple_cls
training.mode=gml_rollout
models.out_dim=10
seed=1    avg_loss: -68.940933227539  time_per_window : 0.000364   progress : 0.240
name: models.architecture.block_type=simple_cls
training.mode=gml_rollout
models.out_dim=10
seed=1    avg_loss: -68.937133789062  time_per_window : 0.000412   progress : 0.251
name: models.architecture.block_type=simple_cls
training.mode=gml_rollout
models.out_dim=10
seed=1    avg_loss: -68.951995849609  time_per_window : 0.000426   progress : 0.262
name: models.architecture.block_type=simple_cls
training.mode=gml_rollout
models.out_dim=10
seed=1    avg_loss: -68.951416015625  time_per_window : 0.000356   progress : 0.273
name: models.architecture.block_type=simple_cls
training.mode=gml_rollout
models.out_dim=10
seed=1    avg_loss: -68.952255249023  time_per_window : 0.000368   progress : 0.284
name: models.architecture.block_type=simple_cls
training.mode=gml_rollout
models.out_dim=10
seed=1    avg_loss: -68.947944641113  time_per_window : 0.000401   progress : 0.295
name: models.architecture.block_type=simple_cls
training.mode=gml_rollout
models.out_dim=10
seed=1    avg_loss: -68.945625305176  time_per_window : 0.000412   progress : 0.306
name: models.architecture.block_type=simple_cls
training.mode=gml_rollout
models.out_dim=10
seed=1    avg_loss: -68.956771850586  time_per_window : 0.000368   progress : 0.317
name: models.architecture.block_type=simple_cls
training.mode=gml_rollout
models.out_dim=10
seed=1    avg_loss: -68.956909179688  time_per_window : 0.000416   progress : 0.328
name: models.architecture.block_type=simple_cls
training.mode=gml_rollout
models.out_dim=10
seed=1    avg_loss: -68.951850891113  time_per_window : 0.000393   progress : 0.339
name: models.architecture.block_type=simple_cls
training.mode=gml_rollout
models.out_dim=10
seed=1    avg_loss: -68.952011108398  time_per_window : 0.000407   progress : 0.350
name: models.architecture.block_type=simple_cls
training.mode=gml_rollout
models.out_dim=10
seed=1    avg_loss: -68.953392028809  time_per_window : 0.000402   progress : 0.360
name: models.architecture.block_type=simple_cls
training.mode=gml_rollout
models.out_dim=10
seed=1    avg_loss: -68.966278076172  time_per_window : 0.000371   progress : 0.371
name: models.architecture.block_type=simple_cls
training.mode=gml_rollout
models.out_dim=10
seed=1    avg_loss: -68.962783813477  time_per_window : 0.000419   progress : 0.382
name: models.architecture.block_type=simple_cls
training.mode=gml_rollout
models.out_dim=10
seed=1    avg_loss: -68.951194763184  time_per_window : 0.000378   progress : 0.393
name: models.architecture.block_type=simple_cls
training.mode=gml_rollout
models.out_dim=10
seed=1    avg_loss: -68.940498352051  time_per_window : 0.000386   progress : 0.404
name: models.architecture.block_type=simple_cls
training.mode=gml_rollout
models.out_dim=10
seed=1    avg_loss: -68.962738037109  time_per_window : 0.000383   progress : 0.415
name: models.architecture.block_type=simple_cls
training.mode=gml_rollout
models.out_dim=10
seed=1    avg_loss: -68.968330383301  time_per_window : 0.000417   progress : 0.426
name: models.architecture.block_type=simple_cls
training.mode=gml_rollout
models.out_dim=10
seed=1    avg_loss: -68.959686279297  time_per_window : 0.000410   progress : 0.437
name: models.architecture.block_type=simple_cls
training.mode=gml_rollout
models.out_dim=10
seed=1    avg_loss: -68.952674865723  time_per_window : 0.000325   progress : 0.448
name: models.architecture.block_type=simple_cls
training.mode=gml_rollout
models.out_dim=10
seed=1    avg_loss: -68.958694458008  time_per_window : 0.000421   progress : 0.459
name: models.architecture.block_type=simple_cls
training.mode=gml_rollout
models.out_dim=10
seed=1    avg_loss: -68.959533691406  time_per_window : 0.000415   progress : 0.470
name: models.architecture.block_type=simple_cls
training.mode=gml_rollout
models.out_dim=10
seed=1    avg_loss: -68.958915710449  time_per_window : 0.000413   progress : 0.481
name: models.architecture.block_type=simple_cls
training.mode=gml_rollout
models.out_dim=10
seed=1    avg_loss: -68.961624145508  time_per_window : 0.000402   progress : 0.492
name: models.architecture.block_type=simple_cls
training.mode=gml_rollout
models.out_dim=10
seed=1    avg_loss: -68.957527160645  time_per_window : 0.000366   progress : 0.502
name: models.architecture.block_type=simple_cls
training.mode=gml_rollout
models.out_dim=10
seed=1    avg_loss: -68.966255187988  time_per_window : 0.000416   progress : 0.513
name: models.architecture.block_type=simple_cls
training.mode=gml_rollout
models.out_dim=10
seed=1    avg_loss: -68.960556030273  time_per_window : 0.000412   progress : 0.524
name: models.architecture.block_type=simple_cls
training.mode=gml_rollout
models.out_dim=10
seed=1    avg_loss: -68.948822021484  time_per_window : 0.000413   progress : 0.535
name: models.architecture.block_type=simple_cls
training.mode=gml_rollout
models.out_dim=10
seed=1    avg_loss: -68.961288452148  time_per_window : 0.000392   progress : 0.546
name: models.architecture.block_type=simple_cls
training.mode=gml_rollout
models.out_dim=10
seed=1    avg_loss: -68.966773986816  time_per_window : 0.000386   progress : 0.557
name: models.architecture.block_type=simple_cls
training.mode=gml_rollout
models.out_dim=10
seed=1    avg_loss: -68.956718444824  time_per_window : 0.000411   progress : 0.568
name: models.architecture.block_type=simple_cls
training.mode=gml_rollout
models.out_dim=10
seed=1    avg_loss: -68.958877563477  time_per_window : 0.000411   progress : 0.579
name: models.architecture.block_type=simple_cls
training.mode=gml_rollout
models.out_dim=10
seed=1    avg_loss: -68.965202331543  time_per_window : 0.000423   progress : 0.590
name: models.architecture.block_type=simple_cls
training.mode=gml_rollout
models.out_dim=10
seed=1    avg_loss: -68.966064453125  time_per_window : 0.000391   progress : 0.601
name: models.architecture.block_type=simple_cls
training.mode=gml_rollout
models.out_dim=10
seed=1    avg_loss: -68.965728759766  time_per_window : 0.000411   progress : 0.612
name: models.architecture.block_type=simple_cls
training.mode=gml_rollout
models.out_dim=10
seed=1    avg_loss: -68.965522766113  time_per_window : 0.000384   progress : 0.623
name: models.architecture.block_type=simple_cls
training.mode=gml_rollout
models.out_dim=10
seed=1    avg_loss: -68.962348937988  time_per_window : 0.000398   progress : 0.634
name: models.architecture.block_type=simple_cls
training.mode=gml_rollout
models.out_dim=10
seed=1    avg_loss: -68.949974060059  time_per_window : 0.000424   progress : 0.644
name: models.architecture.block_type=simple_cls
training.mode=gml_rollout
models.out_dim=10
seed=1    avg_loss: -68.959434509277  time_per_window : 0.000417   progress : 0.655
name: models.architecture.block_type=simple_cls
training.mode=gml_rollout
models.out_dim=10
seed=1    avg_loss: -68.961730957031  time_per_window : 0.000404   progress : 0.666
name: models.architecture.block_type=simple_cls
training.mode=gml_rollout
models.out_dim=10
seed=1    avg_loss: -68.946952819824  time_per_window : 0.000413   progress : 0.677
name: models.architecture.block_type=simple_cls
training.mode=gml_rollout
models.out_dim=10
seed=1    avg_loss: -68.969841003418  time_per_window : 0.000409   progress : 0.688
name: models.architecture.block_type=simple_cls
training.mode=gml_rollout
models.out_dim=10
seed=1    avg_loss: -68.963577270508  time_per_window : 0.000417   progress : 0.699
name: models.architecture.block_type=simple_cls
training.mode=gml_rollout
models.out_dim=10
seed=1    avg_loss: -68.970031738281  time_per_window : 0.000387   progress : 0.710
name: models.architecture.block_type=simple_cls
training.mode=gml_rollout
models.out_dim=10
seed=1    avg_loss: -68.966026306152  time_per_window : 0.000385   progress : 0.721
name: models.architecture.block_type=simple_cls
training.mode=gml_rollout
models.out_dim=10
seed=2    avg_loss: -68.942817687988  time_per_window : 0.000422   progress : 0.218
name: models.architecture.block_type=simple_cls
training.mode=gml_rollout
models.out_dim=10
seed=2    avg_loss: -68.944869995117  time_per_window : 0.000297   progress : 0.229
name: models.architecture.block_type=simple_cls
training.mode=gml_rollout
models.out_dim=10
seed=2    avg_loss: -68.950256347656  time_per_window : 0.000300   progress : 0.240
name: models.architecture.block_type=simple_cls
training.mode=gml_rollout
models.out_dim=10
seed=2    avg_loss: -68.930496215820  time_per_window : 0.000417   progress : 0.251
name: models.architecture.block_type=simple_cls
training.mode=gml_rollout
models.out_dim=10
seed=2    avg_loss: -68.953063964844  time_per_window : 0.000420   progress : 0.262
name: models.architecture.block_type=simple_cls
training.mode=gml_rollout
models.out_dim=10
seed=2    avg_loss: -68.948104858398  time_per_window : 0.000379   progress : 0.273
name: models.architecture.block_type=simple_cls
training.mode=gml_rollout
models.out_dim=10
seed=2    avg_loss: -68.944458007812  time_per_window : 0.000302   progress : 0.284
name: models.architecture.block_type=simple_cls
training.mode=gml_rollout
models.out_dim=10
seed=2    avg_loss: -68.948493957520  time_per_window : 0.000409   progress : 0.295
name: models.architecture.block_type=simple_cls
training.mode=gml_rollout
models.out_dim=10
seed=2    avg_loss: -68.951210021973  time_per_window : 0.000406   progress : 0.306
name: models.architecture.block_type=simple_cls
training.mode=gml_rollout
models.out_dim=10
seed=2    avg_loss: -68.948631286621  time_per_window : 0.000372   progress : 0.317
name: models.architecture.block_type=simple_cls
training.mode=gml_rollout
models.out_dim=10
seed=2    avg_loss: -68.950073242188  time_per_window : 0.000371   progress : 0.328
name: models.architecture.block_type=simple_cls
training.mode=gml_rollout
models.out_dim=10
seed=2    avg_loss: -68.948104858398  time_per_window : 0.000386   progress : 0.339
name: models.architecture.block_type=simple_cls
training.mode=gml_rollout
models.out_dim=10
seed=2    avg_loss: -68.952972412109  time_per_window : 0.000393   progress : 0.350
name: models.architecture.block_type=simple_cls
training.mode=gml_rollout
models.out_dim=10
seed=2    avg_loss: -68.956222534180  time_per_window : 0.000407   progress : 0.360
name: models.architecture.block_type=simple_cls
training.mode=gml_rollout
models.out_dim=10
seed=2    avg_loss: -68.961456298828  time_per_window : 0.000335   progress : 0.371
name: models.architecture.block_type=simple_cls
training.mode=gml_rollout
models.out_dim=10
seed=2    avg_loss: -68.951011657715  time_per_window : 0.000402   progress : 0.382
name: models.architecture.block_type=simple_cls
training.mode=gml_rollout
models.out_dim=10
seed=2    avg_loss: -68.949066162109  time_per_window : 0.000400   progress : 0.393
name: models.architecture.block_type=simple_cls
training.mode=gml_rollout
models.out_dim=10
seed=2    avg_loss: -68.933364868164  time_per_window : 0.000411   progress : 0.404
name: models.architecture.block_type=simple_cls
training.mode=gml_rollout
models.out_dim=10
seed=2    avg_loss: -68.953041076660  time_per_window : 0.000400   progress : 0.415
name: models.architecture.block_type=simple_cls
training.mode=gml_rollout
models.out_dim=10
seed=2    avg_loss: -68.959022521973  time_per_window : 0.000389   progress : 0.426
name: models.architecture.block_type=simple_cls
training.mode=gml_rollout
models.out_dim=10
seed=2    avg_loss: -68.942962646484  time_per_window : 0.000384   progress : 0.437
name: models.architecture.block_type=simple_cls
training.mode=gml_rollout
models.out_dim=10
seed=2    avg_loss: -68.935043334961  time_per_window : 0.000373   progress : 0.448
name: models.architecture.block_type=simple_cls
training.mode=gml_rollout
models.out_dim=10
seed=2    avg_loss: -68.953987121582  time_per_window : 0.000386   progress : 0.459
name: models.architecture.block_type=simple_cls
training.mode=gml_rollout
models.out_dim=10
seed=2    avg_loss: -68.955741882324  time_per_window : 0.000406   progress : 0.470
name: models.architecture.block_type=simple_cls
training.mode=gml_rollout
models.out_dim=10
seed=2    avg_loss: -68.953956604004  time_per_window : 0.000356   progress : 0.481
name: models.architecture.block_type=simple_cls
training.mode=gml_rollout
models.out_dim=10
seed=2    avg_loss: -68.953712463379  time_per_window : 0.000394   progress : 0.492
name: models.architecture.block_type=simple_cls
training.mode=gml_rollout
models.out_dim=10
seed=2    avg_loss: -68.952178955078  time_per_window : 0.000416   progress : 0.502
name: models.architecture.block_type=simple_cls
training.mode=gml_rollout
models.out_dim=10
seed=2    avg_loss: -68.941947937012  time_per_window : 0.000396   progress : 0.513
name: models.architecture.block_type=simple_cls
training.mode=gml_rollout
models.out_dim=10
seed=2    avg_loss: -68.956596374512  time_per_window : 0.000396   progress : 0.524
name: models.architecture.block_type=simple_cls
training.mode=gml_rollout
models.out_dim=10
seed=2    avg_loss: -68.947082519531  time_per_window : 0.000409   progress : 0.535
name: models.architecture.block_type=simple_cls
training.mode=gml_rollout
models.out_dim=10
seed=2    avg_loss: -68.956260681152  time_per_window : 0.000400   progress : 0.546
name: models.architecture.block_type=simple_cls
training.mode=gml_rollout
models.out_dim=10
seed=2    avg_loss: -68.953430175781  time_per_window : 0.000383   progress : 0.557
name: models.architecture.block_type=simple_cls
training.mode=gml_rollout
models.out_dim=10
seed=2    avg_loss: -68.952987670898  time_per_window : 0.000393   progress : 0.568
name: models.architecture.block_type=simple_cls
training.mode=gml_rollout
models.out_dim=10
seed=2    avg_loss: -68.951034545898  time_per_window : 0.000396   progress : 0.579
name: models.architecture.block_type=simple_cls
training.mode=gml_rollout
models.out_dim=10
seed=2    avg_loss: -68.960624694824  time_per_window : 0.000404   progress : 0.590
name: models.architecture.block_type=simple_cls
training.mode=gml_rollout
models.out_dim=10
seed=2    avg_loss: -68.957679748535  time_per_window : 0.000381   progress : 0.601
name: models.architecture.block_type=simple_cls
training.mode=gml_rollout
models.out_dim=10
seed=2    avg_loss: -68.953140258789  time_per_window : 0.000438   progress : 0.612
name: models.architecture.block_type=simple_cls
training.mode=gml_rollout
models.out_dim=10
seed=2    avg_loss: -68.956130981445  time_per_window : 0.000367   progress : 0.623
name: models.architecture.block_type=simple_cls
training.mode=gml_rollout
models.out_dim=10
seed=2    avg_loss: -68.956993103027  time_per_window : 0.000404   progress : 0.634
name: models.architecture.block_type=simple_cls
training.mode=gml_rollout
models.out_dim=10
seed=2    avg_loss: -68.949729919434  time_per_window : 0.000379   progress : 0.644
name: models.architecture.block_type=simple_cls
training.mode=gml_rollout
models.out_dim=10
seed=2    avg_loss: -68.955581665039  time_per_window : 0.000408   progress : 0.655
name: models.architecture.block_type=simple_cls
training.mode=gml_rollout
models.out_dim=10
seed=2    avg_loss: -68.959686279297  time_per_window : 0.000408   progress : 0.666
name: models.architecture.block_type=simple_cls
training.mode=gml_rollout
models.out_dim=10
seed=2    avg_loss: -68.945823669434  time_per_window : 0.000354   progress : 0.677
name: models.architecture.block_type=simple_cls
training.mode=gml_rollout
models.out_dim=10
seed=2    avg_loss: -68.953468322754  time_per_window : 0.000406   progress : 0.688
name: models.architecture.block_type=simple_cls
training.mode=gml_rollout
models.out_dim=10
seed=2    avg_loss: -68.965858459473  time_per_window : 0.000430   progress : 0.699
name: models.architecture.block_type=simple_cls
training.mode=gml_rollout
models.out_dim=10
seed=2    avg_loss: -68.959632873535  time_per_window : 0.000397   progress : 0.710
name: models.architecture.block_type=simple_cls
training.mode=gml_rollout
models.out_dim=10
seed=2    avg_loss: -68.966293334961  time_per_window : 0.000415   progress : 0.721
name: models.architecture.block_type=simple_cls
training.mode=gml_rollout
models.out_dim=10
seed=3    avg_loss: -68.930763244629  time_per_window : 0.000401   progress : 0.218
name: models.architecture.block_type=simple_cls
training.mode=gml_rollout
models.out_dim=10
seed=3    avg_loss: -68.950363159180  time_per_window : 0.000382   progress : 0.229
name: models.architecture.block_type=simple_cls
training.mode=gml_rollout
models.out_dim=10
seed=3    avg_loss: -68.951332092285  time_per_window : 0.000392   progress : 0.240
name: models.architecture.block_type=simple_cls
training.mode=gml_rollout
models.out_dim=10
seed=3    avg_loss: -68.945594787598  time_per_window : 0.000357   progress : 0.251
name: models.architecture.block_type=simple_cls
training.mode=gml_rollout
models.out_dim=10
seed=3    avg_loss: -68.962341308594  time_per_window : 0.000364   progress : 0.262
name: models.architecture.block_type=simple_cls
training.mode=gml_rollout
models.out_dim=10
seed=3    avg_loss: -68.951919555664  time_per_window : 0.000416   progress : 0.273
name: models.architecture.block_type=simple_cls
training.mode=gml_rollout
models.out_dim=10
seed=3    avg_loss: -68.961723327637  time_per_window : 0.000346   progress : 0.284
name: models.architecture.block_type=simple_cls
training.mode=gml_rollout
models.out_dim=10
seed=3    avg_loss: -68.956222534180  time_per_window : 0.000378   progress : 0.295
name: models.architecture.block_type=simple_cls
training.mode=gml_rollout
models.out_dim=10
seed=3    avg_loss: -68.958641052246  time_per_window : 0.000413   progress : 0.306
name: models.architecture.block_type=simple_cls
training.mode=gml_rollout
models.out_dim=10
seed=3    avg_loss: -68.970062255859  time_per_window : 0.000391   progress : 0.317
name: models.architecture.block_type=simple_cls
training.mode=gml_rollout
models.out_dim=10
seed=3    avg_loss: -68.963851928711  time_per_window : 0.000358   progress : 0.328
name: models.architecture.block_type=simple_cls
training.mode=gml_rollout
models.out_dim=10
seed=3    avg_loss: -68.959854125977  time_per_window : 0.000360   progress : 0.339
name: models.architecture.block_type=simple_cls
training.mode=gml_rollout
models.out_dim=10
seed=3    avg_loss: -68.968849182129  time_per_window : 0.000408   progress : 0.350
name: models.architecture.block_type=simple_cls
training.mode=gml_rollout
models.out_dim=10
seed=3    avg_loss: -68.968513488770  time_per_window : 0.000398   progress : 0.360
name: models.architecture.block_type=simple_cls
training.mode=gml_rollout
models.out_dim=10
seed=3    avg_loss: -68.974555969238  time_per_window : 0.000381   progress : 0.371
name: models.architecture.block_type=simple_cls
training.mode=gml_rollout
models.out_dim=10
seed=3    avg_loss: -68.963844299316  time_per_window : 0.000334   progress : 0.382
name: models.architecture.block_type=simple_cls
training.mode=gml_rollout
models.out_dim=10
seed=3    avg_loss: -68.963180541992  time_per_window : 0.000412   progress : 0.393
name: models.architecture.block_type=simple_cls
training.mode=gml_rollout
models.out_dim=10
seed=3    avg_loss: -68.952430725098  time_per_window : 0.000389   progress : 0.404
name: models.architecture.block_type=simple_cls
training.mode=gml_rollout
models.out_dim=10
seed=3    avg_loss: -68.966140747070  time_per_window : 0.000379   progress : 0.415
name: models.architecture.block_type=simple_cls
training.mode=gml_rollout
models.out_dim=10
seed=3    avg_loss: -68.973831176758  time_per_window : 0.000371   progress : 0.426
name: models.architecture.block_type=simple_cls
training.mode=gml_rollout
models.out_dim=10
seed=3    avg_loss: -68.970741271973  time_per_window : 0.000391   progress : 0.437
name: models.architecture.block_type=simple_cls
training.mode=gml_rollout
models.out_dim=10
seed=3    avg_loss: -68.963569641113  time_per_window : 0.000336   progress : 0.448
name: models.architecture.block_type=simple_cls
training.mode=gml_rollout
models.out_dim=10
seed=3    avg_loss: -68.973487854004  time_per_window : 0.000394   progress : 0.459
name: models.architecture.block_type=simple_cls
training.mode=gml_rollout
models.out_dim=10
seed=3    avg_loss: -68.968208312988  time_per_window : 0.000369   progress : 0.470
name: models.architecture.block_type=simple_cls
training.mode=gml_rollout
models.out_dim=10
seed=3    avg_loss: -68.974784851074  time_per_window : 0.000352   progress : 0.481
name: models.architecture.block_type=simple_cls
training.mode=gml_rollout
models.out_dim=10
seed=3    avg_loss: -68.974624633789  time_per_window : 0.000436   progress : 0.492
name: models.architecture.block_type=simple_cls
training.mode=gml_rollout
models.out_dim=10
seed=3    avg_loss: -68.966880798340  time_per_window : 0.000384   progress : 0.502
name: models.architecture.block_type=simple_cls
training.mode=gml_rollout
models.out_dim=10
seed=3    avg_loss: -68.975624084473  time_per_window : 0.000402   progress : 0.513
name: models.architecture.block_type=simple_cls
training.mode=gml_rollout
models.out_dim=10
seed=3    avg_loss: -68.974266052246  time_per_window : 0.000402   progress : 0.524
name: models.architecture.block_type=simple_cls
training.mode=gml_rollout
models.out_dim=10
seed=3    avg_loss: -68.970115661621  time_per_window : 0.000405   progress : 0.535
name: models.architecture.block_type=simple_cls
training.mode=gml_rollout
models.out_dim=10
seed=3    avg_loss: -68.972106933594  time_per_window : 0.000333   progress : 0.546
name: models.architecture.block_type=simple_cls
training.mode=gml_rollout
models.out_dim=10
seed=3    avg_loss: -68.969619750977  time_per_window : 0.000419   progress : 0.557
name: models.architecture.block_type=simple_cls
training.mode=gml_rollout
models.out_dim=10
seed=3    avg_loss: -68.970222473145  time_per_window : 0.000427   progress : 0.568
name: models.architecture.block_type=simple_cls
training.mode=gml_rollout
models.out_dim=10
seed=3    avg_loss: -68.961936950684  time_per_window : 0.000380   progress : 0.579
name: models.architecture.block_type=simple_cls
training.mode=gml_rollout
models.out_dim=10
seed=3    avg_loss: -68.972854614258  time_per_window : 0.000408   progress : 0.590
name: models.architecture.block_type=simple_cls
training.mode=gml_rollout
models.out_dim=10
seed=3    avg_loss: -68.976470947266  time_per_window : 0.000392   progress : 0.601
name: models.architecture.block_type=simple_cls
training.mode=gml_rollout
models.out_dim=10
seed=3    avg_loss: -68.969528198242  time_per_window : 0.000407   progress : 0.612
name: models.architecture.block_type=simple_cls
training.mode=gml_rollout
models.out_dim=10
seed=3    avg_loss: -68.974807739258  time_per_window : 0.000386   progress : 0.623
name: models.architecture.block_type=simple_cls
training.mode=gml_rollout
models.out_dim=10
seed=3    avg_loss: -68.975440979004  time_per_window : 0.000389   progress : 0.634
name: models.architecture.block_type=simple_cls
training.mode=gml_rollout
models.out_dim=10
seed=3    avg_loss: -68.971534729004  time_per_window : 0.000391   progress : 0.644
name: models.architecture.block_type=simple_cls
training.mode=gml_rollout
models.out_dim=10
seed=3    avg_loss: -68.975555419922  time_per_window : 0.000399   progress : 0.655
name: models.architecture.block_type=simple_cls
training.mode=gml_rollout
models.out_dim=10
seed=3    avg_loss: -68.976715087891  time_per_window : 0.000402   progress : 0.666
name: models.architecture.block_type=simple_cls
training.mode=gml_rollout
models.out_dim=10
seed=3    avg_loss: -68.977813720703  time_per_window : 0.000344   progress : 0.677
name: models.architecture.block_type=simple_cls
training.mode=gml_rollout
models.out_dim=10
seed=3    avg_loss: -68.972877502441  time_per_window : 0.000406   progress : 0.688
name: models.architecture.block_type=simple_cls
training.mode=gml_rollout
models.out_dim=10
seed=3    avg_loss: -68.980514526367  time_per_window : 0.000401   progress : 0.699
name: models.architecture.block_type=simple_cls
training.mode=gml_rollout
models.out_dim=10
seed=3    avg_loss: -68.977989196777  time_per_window : 0.000315   progress : 0.710
name: models.architecture.block_type=simple_cls
training.mode=gml_rollout
models.out_dim=10
seed=3    avg_loss: -68.978019714355  time_per_window : 0.000414   progress : 0.721
name: models.architecture.block_type=simple_cls
training.mode=gml_rollout
models.out_dim=10
seed=4    avg_loss: -68.964958190918  time_per_window : 0.000359   progress : 0.732
name: models.architecture.block_type=simple_cls
training.mode=gml_rollout
models.out_dim=10
seed=4    avg_loss: -68.967468261719  time_per_window : 0.000398   progress : 0.743
name: models.architecture.block_type=simple_cls
training.mode=gml_rollout
models.out_dim=10
seed=4    avg_loss: -68.965049743652  time_per_window : 0.000417   progress : 0.754
name: models.architecture.block_type=simple_cls
training.mode=gml_rollout
models.out_dim=10
seed=4    avg_loss: -68.965911865234  time_per_window : 0.000407   progress : 0.765
name: models.architecture.block_type=simple_cls
training.mode=gml_rollout
models.out_dim=10
seed=4    avg_loss: -68.966514587402  time_per_window : 0.000383   progress : 0.775
name: models.architecture.block_type=simple_cls
training.mode=gml_rollout
models.out_dim=10
seed=4    avg_loss: -68.955238342285  time_per_window : 0.000393   progress : 0.786
name: models.architecture.block_type=simple_cls
training.mode=gml_rollout
models.out_dim=10
seed=4    avg_loss: -68.968864440918  time_per_window : 0.000394   progress : 0.797
name: models.architecture.block_type=simple_cls
training.mode=gml_rollout
models.out_dim=10
seed=4    avg_loss: -68.976173400879  time_per_window : 0.000408   progress : 0.808
name: models.architecture.block_type=simple_cls
training.mode=gml_rollout
models.out_dim=10
seed=4    avg_loss: -68.974281311035  time_per_window : 0.000408   progress : 0.819
name: models.architecture.block_type=simple_cls
training.mode=gml_rollout
models.out_dim=10
seed=4    avg_loss: -68.974121093750  time_per_window : 0.000351   progress : 0.830
name: models.architecture.block_type=simple_cls
training.mode=gml_rollout
models.out_dim=10
seed=4    avg_loss: -68.967872619629  time_per_window : 0.000364   progress : 0.841
name: models.architecture.block_type=simple_cls
training.mode=gml_rollout
models.out_dim=10
seed=4    avg_loss: -68.967391967773  time_per_window : 0.000399   progress : 0.852
name: models.architecture.block_type=simple_cls
training.mode=gml_rollout
models.out_dim=10
seed=4    avg_loss: -68.970489501953  time_per_window : 0.000431   progress : 0.863
name: models.architecture.block_type=simple_cls
training.mode=gml_rollout
models.out_dim=10
seed=4    avg_loss: -68.972572326660  time_per_window : 0.000386   progress : 0.874
name: models.architecture.block_type=simple_cls
training.mode=gml_rollout
models.out_dim=10
seed=4    avg_loss: -68.971542358398  time_per_window : 0.000413   progress : 0.885
name: models.architecture.block_type=simple_cls
training.mode=gml_rollout
models.out_dim=10
seed=4    avg_loss: -68.978828430176  time_per_window : 0.000400   progress : 0.896
name: models.architecture.block_type=simple_cls
training.mode=gml_rollout
models.out_dim=10
seed=4    avg_loss: -68.969322204590  time_per_window : 0.000408   progress : 0.907
name: models.architecture.block_type=simple_cls
training.mode=gml_rollout
models.out_dim=10
seed=4    avg_loss: -68.966033935547  time_per_window : 0.000413   progress : 0.917
name: models.architecture.block_type=simple_cls
training.mode=gml_rollout
models.out_dim=10
seed=4    avg_loss: -68.972045898438  time_per_window : 0.000401   progress : 0.928
name: models.architecture.block_type=simple_cls
training.mode=gml_rollout
models.out_dim=10
seed=4    avg_loss: -68.973587036133  time_per_window : 0.000398   progress : 0.939
name: models.architecture.block_type=simple_cls
training.mode=gml_rollout
models.out_dim=10
seed=4    avg_loss: -68.977981567383  time_per_window : 0.000424   progress : 0.950
name: models.architecture.block_type=simple_cls
training.mode=gml_rollout
models.out_dim=10
seed=4    avg_loss: -68.977142333984  time_per_window : 0.000404   progress : 0.961
name: models.architecture.block_type=simple_cls
training.mode=gml_rollout
models.out_dim=10
seed=4    avg_loss: -68.966011047363  time_per_window : 0.000398   progress : 0.972
name: models.architecture.block_type=simple_cls
training.mode=gml_rollout
models.out_dim=10
seed=4    avg_loss: -68.973243713379  time_per_window : 0.000388   progress : 0.983
name: models.architecture.block_type=simple_cls
training.mode=gml_rollout
models.out_dim=10
seed=4    avg_loss: -68.974418640137  time_per_window : 0.000418   progress : 0.994
DONE!!!

name: models.architecture.block_type=simple_cls
training.mode=gml_rollout
models.out_dim=10
seed=0    avg_loss: -68.959091186523  time_per_window : 0.000440   progress : 0.732
name: models.architecture.block_type=simple_cls
training.mode=gml_rollout
models.out_dim=10
seed=0    avg_loss: -68.964935302734  time_per_window : 0.000412   progress : 0.743
name: models.architecture.block_type=simple_cls
training.mode=gml_rollout
models.out_dim=10
seed=0    avg_loss: -68.962692260742  time_per_window : 0.000384   progress : 0.754
name: models.architecture.block_type=simple_cls
training.mode=gml_rollout
models.out_dim=10
seed=0    avg_loss: -68.960662841797  time_per_window : 0.000394   progress : 0.765
name: models.architecture.block_type=simple_cls
training.mode=gml_rollout
models.out_dim=10
seed=0    avg_loss: -68.958808898926  time_per_window : 0.000384   progress : 0.775
name: models.architecture.block_type=simple_cls
training.mode=gml_rollout
models.out_dim=10
seed=0    avg_loss: -68.949523925781  time_per_window : 0.000356   progress : 0.786
name: models.architecture.block_type=simple_cls
training.mode=gml_rollout
models.out_dim=10
seed=0    avg_loss: -68.957733154297  time_per_window : 0.000395   progress : 0.797
name: models.architecture.block_type=simple_cls
training.mode=gml_rollout
models.out_dim=10
seed=0    avg_loss: -68.970283508301  time_per_window : 0.000409   progress : 0.808
name: models.architecture.block_type=simple_cls
training.mode=gml_rollout
models.out_dim=10
seed=0    avg_loss: -68.967811584473  time_per_window : 0.000414   progress : 0.819
name: models.architecture.block_type=simple_cls
training.mode=gml_rollout
models.out_dim=10
seed=0    avg_loss: -68.969093322754  time_per_window : 0.000328   progress : 0.830
name: models.architecture.block_type=simple_cls
training.mode=gml_rollout
models.out_dim=10
seed=0    avg_loss: -68.964401245117  time_per_window : 0.000397   progress : 0.841
name: models.architecture.block_type=simple_cls
training.mode=gml_rollout
models.out_dim=10
seed=0    avg_loss: -68.962821960449  time_per_window : 0.000399   progress : 0.852
name: models.architecture.block_type=simple_cls
training.mode=gml_rollout
models.out_dim=10
seed=0    avg_loss: -68.947265625000  time_per_window : 0.000404   progress : 0.863
name: models.architecture.block_type=simple_cls
training.mode=gml_rollout
models.out_dim=10
seed=0    avg_loss: -68.968879699707  time_per_window : 0.000402   progress : 0.874
name: models.architecture.block_type=simple_cls
training.mode=gml_rollout
models.out_dim=10
seed=0    avg_loss: -68.964401245117  time_per_window : 0.000414   progress : 0.885
name: models.architecture.block_type=simple_cls
training.mode=gml_rollout
models.out_dim=10
seed=0    avg_loss: -68.971473693848  time_per_window : 0.000375   progress : 0.896
name: models.architecture.block_type=simple_cls
training.mode=gml_rollout
models.out_dim=10
seed=0    avg_loss: -68.967666625977  time_per_window : 0.000398   progress : 0.907
name: models.architecture.block_type=simple_cls
training.mode=gml_rollout
models.out_dim=10
seed=0    avg_loss: -68.958030700684  time_per_window : 0.000415   progress : 0.917
name: models.architecture.block_type=simple_cls
training.mode=gml_rollout
models.out_dim=10
seed=0    avg_loss: -68.964645385742  time_per_window : 0.000426   progress : 0.928
name: models.architecture.block_type=simple_cls
training.mode=gml_rollout
models.out_dim=10
seed=0    avg_loss: -68.970382690430  time_per_window : 0.000395   progress : 0.939
name: models.architecture.block_type=simple_cls
training.mode=gml_rollout
models.out_dim=10
seed=0    avg_loss: -68.964950561523  time_per_window : 0.000406   progress : 0.950
name: models.architecture.block_type=simple_cls
training.mode=gml_rollout
models.out_dim=10
seed=0    avg_loss: -68.967140197754  time_per_window : 0.000397   progress : 0.961
name: models.architecture.block_type=simple_cls
training.mode=gml_rollout
models.out_dim=10
seed=0    avg_loss: -68.967819213867  time_per_window : 0.000398   progress : 0.972
name: models.architecture.block_type=simple_cls
training.mode=gml_rollout
models.out_dim=10
seed=0    avg_loss: -68.965393066406  time_per_window : 0.000420   progress : 0.983
name: models.architecture.block_type=simple_cls
training.mode=gml_rollout
models.out_dim=10
seed=0    avg_loss: -68.965370178223  time_per_window : 0.000388   progress : 0.994
DONE!!!

name: models.architecture.block_type=simple_cls
training.mode=gml_rollout
models.out_dim=10
seed=1    avg_loss: -68.957901000977  time_per_window : 0.000379   progress : 0.732
name: models.architecture.block_type=simple_cls
training.mode=gml_rollout
models.out_dim=10
seed=1    avg_loss: -68.967628479004  time_per_window : 0.000374   progress : 0.743
name: models.architecture.block_type=simple_cls
training.mode=gml_rollout
models.out_dim=10
seed=1    avg_loss: -68.966972351074  time_per_window : 0.000357   progress : 0.754
name: models.architecture.block_type=simple_cls
training.mode=gml_rollout
models.out_dim=10
seed=1    avg_loss: -68.957626342773  time_per_window : 0.000424   progress : 0.765
name: models.architecture.block_type=simple_cls
training.mode=gml_rollout
models.out_dim=10
seed=1    avg_loss: -68.956352233887  time_per_window : 0.000386   progress : 0.775
name: models.architecture.block_type=simple_cls
training.mode=gml_rollout
models.out_dim=10
seed=1    avg_loss: -68.946868896484  time_per_window : 0.000369   progress : 0.786
name: models.architecture.block_type=simple_cls
training.mode=gml_rollout
models.out_dim=10
seed=1    avg_loss: -68.958946228027  time_per_window : 0.000380   progress : 0.797
name: models.architecture.block_type=simple_cls
training.mode=gml_rollout
models.out_dim=10
seed=1    avg_loss: -68.971183776855  time_per_window : 0.000415   progress : 0.808
name: models.architecture.block_type=simple_cls
training.mode=gml_rollout
models.out_dim=10
seed=1    avg_loss: -68.969406127930  time_per_window : 0.000418   progress : 0.819
name: models.architecture.block_type=simple_cls
training.mode=gml_rollout
models.out_dim=10
seed=1    avg_loss: -68.968986511230  time_per_window : 0.000428   progress : 0.830
name: models.architecture.block_type=simple_cls
training.mode=gml_rollout
models.out_dim=10
seed=1    avg_loss: -68.961959838867  time_per_window : 0.000383   progress : 0.841
name: models.architecture.block_type=simple_cls
training.mode=gml_rollout
models.out_dim=10
seed=1    avg_loss: -68.963455200195  time_per_window : 0.000426   progress : 0.852
name: models.architecture.block_type=simple_cls
training.mode=gml_rollout
models.out_dim=10
seed=1    avg_loss: -68.955261230469  time_per_window : 0.000415   progress : 0.863
name: models.architecture.block_type=simple_cls
training.mode=gml_rollout
models.out_dim=10
seed=1    avg_loss: -68.968338012695  time_per_window : 0.000410   progress : 0.874
name: models.architecture.block_type=simple_cls
training.mode=gml_rollout
models.out_dim=10
seed=1    avg_loss: -68.965942382812  time_per_window : 0.000408   progress : 0.885
name: models.architecture.block_type=simple_cls
training.mode=gml_rollout
models.out_dim=10
seed=1    avg_loss: -68.970848083496  time_per_window : 0.000362   progress : 0.896
name: models.architecture.block_type=simple_cls
training.mode=gml_rollout
models.out_dim=10
seed=1    avg_loss: -68.962348937988  time_per_window : 0.000406   progress : 0.907
name: models.architecture.block_type=simple_cls
training.mode=gml_rollout
models.out_dim=10
seed=1    avg_loss: -68.957550048828  time_per_window : 0.000416   progress : 0.917
name: models.architecture.block_type=simple_cls
training.mode=gml_rollout
models.out_dim=10
seed=1    avg_loss: -68.962806701660  time_per_window : 0.000428   progress : 0.928
name: models.architecture.block_type=simple_cls
training.mode=gml_rollout
models.out_dim=10
seed=1    avg_loss: -68.974563598633  time_per_window : 0.000383   progress : 0.939
name: models.architecture.block_type=simple_cls
training.mode=gml_rollout
models.out_dim=10
seed=1    avg_loss: -68.958488464355  time_per_window : 0.000424   progress : 0.950
name: models.architecture.block_type=simple_cls
training.mode=gml_rollout
models.out_dim=10
seed=1    avg_loss: -68.966232299805  time_per_window : 0.000364   progress : 0.961
name: models.architecture.block_type=simple_cls
training.mode=gml_rollout
models.out_dim=10
seed=1    avg_loss: -68.964225769043  time_per_window : 0.000422   progress : 0.972
name: models.architecture.block_type=simple_cls
training.mode=gml_rollout
models.out_dim=10
seed=1    avg_loss: -68.957687377930  time_per_window : 0.000396   progress : 0.983
name: models.architecture.block_type=simple_cls
training.mode=gml_rollout
models.out_dim=10
seed=1    avg_loss: -68.970367431641  time_per_window : 0.000343   progress : 0.994
DONE!!!

name: models.architecture.block_type=simple_cls
training.mode=gml_rollout
models.out_dim=10
seed=2    avg_loss: -68.951049804688  time_per_window : 0.000380   progress : 0.732
name: models.architecture.block_type=simple_cls
training.mode=gml_rollout
models.out_dim=10
seed=2    avg_loss: -68.959411621094  time_per_window : 0.000354   progress : 0.743
name: models.architecture.block_type=simple_cls
training.mode=gml_rollout
models.out_dim=10
seed=2    avg_loss: -68.951271057129  time_per_window : 0.000395   progress : 0.754
name: models.architecture.block_type=simple_cls
training.mode=gml_rollout
models.out_dim=10
seed=2    avg_loss: -68.954017639160  time_per_window : 0.000378   progress : 0.765
name: models.architecture.block_type=simple_cls
training.mode=gml_rollout
models.out_dim=10
seed=2    avg_loss: -68.955566406250  time_per_window : 0.000412   progress : 0.775
name: models.architecture.block_type=simple_cls
training.mode=gml_rollout
models.out_dim=10
seed=2    avg_loss: -68.947288513184  time_per_window : 0.000412   progress : 0.786
name: models.architecture.block_type=simple_cls
training.mode=gml_rollout
models.out_dim=10
seed=2    avg_loss: -68.955368041992  time_per_window : 0.000381   progress : 0.797
name: models.architecture.block_type=simple_cls
training.mode=gml_rollout
models.out_dim=10
seed=2    avg_loss: -68.955894470215  time_per_window : 0.000391   progress : 0.808
name: models.architecture.block_type=simple_cls
training.mode=gml_rollout
models.out_dim=10
seed=2    avg_loss: -68.963554382324  time_per_window : 0.000397   progress : 0.819
name: models.architecture.block_type=simple_cls
training.mode=gml_rollout
models.out_dim=10
seed=2    avg_loss: -68.963897705078  time_per_window : 0.000417   progress : 0.830
name: models.architecture.block_type=simple_cls
training.mode=gml_rollout
models.out_dim=10
seed=2    avg_loss: -68.960662841797  time_per_window : 0.000376   progress : 0.841
name: models.architecture.block_type=simple_cls
training.mode=gml_rollout
models.out_dim=10
seed=2    avg_loss: -68.955932617188  time_per_window : 0.000410   progress : 0.852
name: models.architecture.block_type=simple_cls
training.mode=gml_rollout
models.out_dim=10
seed=2    avg_loss: -68.948669433594  time_per_window : 0.000375   progress : 0.863
name: models.architecture.block_type=simple_cls
training.mode=gml_rollout
models.out_dim=10
seed=2    avg_loss: -68.960014343262  time_per_window : 0.000443   progress : 0.874
name: models.architecture.block_type=simple_cls
training.mode=gml_rollout
models.out_dim=10
seed=2    avg_loss: -68.960273742676  time_per_window : 0.000398   progress : 0.885
name: models.architecture.block_type=simple_cls
training.mode=gml_rollout
models.out_dim=10
seed=2    avg_loss: -68.969383239746  time_per_window : 0.000398   progress : 0.896
name: models.architecture.block_type=simple_cls
training.mode=gml_rollout
models.out_dim=10
seed=2    avg_loss: -68.953704833984  time_per_window : 0.000413   progress : 0.907
name: models.architecture.block_type=simple_cls
training.mode=gml_rollout
models.out_dim=10
seed=2    avg_loss: -68.949935913086  time_per_window : 0.000385   progress : 0.917
name: models.architecture.block_type=simple_cls
training.mode=gml_rollout
models.out_dim=10
seed=2    avg_loss: -68.958190917969  time_per_window : 0.000405   progress : 0.928
name: models.architecture.block_type=simple_cls
training.mode=gml_rollout
models.out_dim=10
seed=2    avg_loss: -68.968727111816  time_per_window : 0.000353   progress : 0.939
name: models.architecture.block_type=simple_cls
training.mode=gml_rollout
models.out_dim=10
seed=2    avg_loss: -68.947860717773  time_per_window : 0.000195   progress : 0.950
name: models.architecture.block_type=simple_cls
training.mode=gml_rollout
models.out_dim=10
seed=2    avg_loss: -68.963012695312  time_per_window : 0.000230   progress : 0.961
name: models.architecture.block_type=simple_cls
training.mode=gml_rollout
models.out_dim=10
seed=2    avg_loss: -68.960166931152  time_per_window : 0.000237   progress : 0.972
name: models.architecture.block_type=simple_cls
training.mode=gml_rollout
models.out_dim=10
seed=2    avg_loss: -68.955001831055  time_per_window : 0.000241   progress : 0.983
name: models.architecture.block_type=simple_cls
training.mode=gml_rollout
models.out_dim=10
seed=2    avg_loss: -68.961372375488  time_per_window : 0.000227   progress : 0.994
DONE!!!

name: models.architecture.block_type=simple_cls
training.mode=gml_rollout
models.out_dim=10
seed=3    avg_loss: -68.972808837891  time_per_window : 0.000408   progress : 0.732
name: models.architecture.block_type=simple_cls
training.mode=gml_rollout
models.out_dim=10
seed=3    avg_loss: -68.972824096680  time_per_window : 0.000373   progress : 0.743
name: models.architecture.block_type=simple_cls
training.mode=gml_rollout
models.out_dim=10
seed=3    avg_loss: -68.974456787109  time_per_window : 0.000412   progress : 0.754
name: models.architecture.block_type=simple_cls
training.mode=gml_rollout
models.out_dim=10
seed=3    avg_loss: -68.964797973633  time_per_window : 0.000377   progress : 0.765
name: models.architecture.block_type=simple_cls
training.mode=gml_rollout
models.out_dim=10
seed=3    avg_loss: -68.967857360840  time_per_window : 0.000334   progress : 0.775
name: models.architecture.block_type=simple_cls
training.mode=gml_rollout
models.out_dim=10
seed=3    avg_loss: -68.968147277832  time_per_window : 0.000396   progress : 0.786
name: models.architecture.block_type=simple_cls
training.mode=gml_rollout
models.out_dim=10
seed=3    avg_loss: -68.976875305176  time_per_window : 0.000395   progress : 0.797
name: models.architecture.block_type=simple_cls
training.mode=gml_rollout
models.out_dim=10
seed=3    avg_loss: -68.981872558594  time_per_window : 0.000398   progress : 0.808
name: models.architecture.block_type=simple_cls
training.mode=gml_rollout
models.out_dim=10
seed=3    avg_loss: -68.979331970215  time_per_window : 0.000391   progress : 0.819
name: models.architecture.block_type=simple_cls
training.mode=gml_rollout
models.out_dim=10
seed=3    avg_loss: -68.980712890625  time_per_window : 0.000392   progress : 0.830
name: models.architecture.block_type=simple_cls
training.mode=gml_rollout
models.out_dim=10
seed=3    avg_loss: -68.977859497070  time_per_window : 0.000355   progress : 0.841
name: models.architecture.block_type=simple_cls
training.mode=gml_rollout
models.out_dim=10
seed=3    avg_loss: -68.978782653809  time_per_window : 0.000355   progress : 0.852
name: models.architecture.block_type=simple_cls
training.mode=gml_rollout
models.out_dim=10
seed=3    avg_loss: -68.978096008301  time_per_window : 0.000405   progress : 0.863
name: models.architecture.block_type=simple_cls
training.mode=gml_rollout
models.out_dim=10
seed=3    avg_loss: -68.974319458008  time_per_window : 0.000403   progress : 0.874
name: models.architecture.block_type=simple_cls
training.mode=gml_rollout
models.out_dim=10
seed=3    avg_loss: -68.980613708496  time_per_window : 0.000381   progress : 0.885
name: models.architecture.block_type=simple_cls
training.mode=gml_rollout
models.out_dim=10
seed=3    avg_loss: -68.985923767090  time_per_window : 0.000407   progress : 0.896
name: models.architecture.block_type=simple_cls
training.mode=gml_rollout
models.out_dim=10
seed=3    avg_loss: -68.984596252441  time_per_window : 0.000290   progress : 0.907
name: models.architecture.block_type=simple_cls
training.mode=gml_rollout
models.out_dim=10
seed=3    avg_loss: -68.982063293457  time_per_window : 0.000418   progress : 0.917
name: models.architecture.block_type=simple_cls
training.mode=gml_rollout
models.out_dim=10
seed=3    avg_loss: -68.978332519531  time_per_window : 0.000400   progress : 0.928
name: models.architecture.block_type=simple_cls
training.mode=gml_rollout
models.out_dim=10
seed=3    avg_loss: -68.983337402344  time_per_window : 0.000235   progress : 0.939
name: models.architecture.block_type=simple_cls
training.mode=gml_rollout
models.out_dim=10
seed=3    avg_loss: -68.977996826172  time_per_window : 0.000266   progress : 0.950
name: models.architecture.block_type=simple_cls
training.mode=gml_rollout
models.out_dim=10
seed=3    avg_loss: -68.979370117188  time_per_window : 0.000229   progress : 0.961
name: models.architecture.block_type=simple_cls
training.mode=gml_rollout
models.out_dim=10
seed=3    avg_loss: -68.984733581543  time_per_window : 0.000230   progress : 0.972
name: models.architecture.block_type=simple_cls
training.mode=gml_rollout
models.out_dim=10
seed=3    avg_loss: -68.978279113770  time_per_window : 0.000188   progress : 0.983
name: models.architecture.block_type=simple_cls
training.mode=gml_rollout
models.out_dim=10
seed=3    avg_loss: -68.983528137207  time_per_window : 0.000192   progress : 0.994
DONE!!!
