/home/jdihardjo/miniconda3/envs/mavenv/lib/python3.11/site-packages/hydra/_internal/defaults_list.py:251: UserWarning: In 'config': Defaults list is missing `_self_`. See https://hydra.cc/docs/1.2/upgrades/1.0_to_1.1/default_composition_order for more information
  warnings.warn(msg, UserWarning)
Using cuda device
[2026-07-27 13:41:03,596][HYDRA] Joblib.Parallel(n_jobs=6,backend=loky,prefer=processes,require=None,verbose=0,timeout=None,pre_dispatch=2*n_jobs,batch_size=auto,temp_folder=None,max_nbytes=None,mmap_mode=r) is launching 1 jobs
[2026-07-27 13:41:03,596][HYDRA] Launching jobs, sweep output dir : ablation_logvar/runs/2026-07-27_13-40-54/attention_gml_1e0d_out10
[2026-07-27 13:41:03,596][HYDRA] 	#0 : models.architecture.block_type=attention training.mode=gml_rollout models.out_dim=10 models.architecture.n_encoder_layers=1 models.architecture.n_decoder_layers=0 seed=0
/home/jdihardjo/miniconda3/envs/mavenv/lib/python3.11/site-packages/hydra/_internal/defaults_list.py:251: UserWarning: In 'config': Defaults list is missing `_self_`. See https://hydra.cc/docs/1.2/upgrades/1.0_to_1.1/default_composition_order for more information
  warnings.warn(msg, UserWarning)
models:
  n_dim: 23
  out_dim: 10
  architecture:
    d_model: 128
    n_encoder_layers: 1
    n_decoder_layers: 0
    block_type: attention
    time_adapter: last_token
    in_norm: none
    out_norm: none
    layer_scale: 0.0001
    drop_path: 0.05
    mamba_type: mamba
    mamba_kwargs:
      d_state: 16
      d_conv: 2
      expand: 2
      norm: rms
    skip: false
    cls_kwargs:
      n_heads: 2
      n_mlp: 2
      positional_encoding: false
      max_len: 5000
input_len: 32
output_len: 1
batch_size: 128
epochs: 5
seed: 0
dataset:
  path: /home/jdihardjo/simdata/train.zarr/
  training_size: 1500000
evaluation:
  path: /home/jdihardjo/simdata/evaluation.zarr/
  evaluation_size: 50
training:
  mode: gml_rollout
  lr: 0.0002
  weight_decay: 0.1
  rollout_steps: 16
checkpoint:
  save_path: hydra-test.pth
  load: false
  path: hydra-test.pth
compile: true

/home/jdihardjo/miniconda3/envs/mavenv/lib/python3.11/site-packages/torch/_inductor/cudagraph_trees.py:2622: UserWarning: Unable to hit fast path of CUDAGraphs because outputs from a previous step still require backward. Ensure backward() is invoked or detach outputs. You may also call torch.compiler.cudagraph_mark_step_begin() before each model invocation.
  warnings.warn(
name: models.architecture.block_type=attention
training.mode=gml_rollout
models.out_dim=10
models.architecture.n_encoder_layers=1
models.architecture.n_decoder_layers=0
seed=0    avg_loss: 0.000136936374  time_per_window : 0.000222   progress : 0.011
name: models.architecture.block_type=attention
training.mode=gml_rollout
models.out_dim=10
models.architecture.n_encoder_layers=1
models.architecture.n_decoder_layers=0
seed=0    avg_loss: 0.000000939164  time_per_window : 0.000264   progress : 0.022
name: models.architecture.block_type=attention
training.mode=gml_rollout
models.out_dim=10
models.architecture.n_encoder_layers=1
models.architecture.n_decoder_layers=0
seed=0    avg_loss: 0.000000544044  time_per_window : 0.000242   progress : 0.033
name: models.architecture.block_type=attention
training.mode=gml_rollout
models.out_dim=10
models.architecture.n_encoder_layers=1
models.architecture.n_decoder_layers=0
seed=0    avg_loss: 0.000000408514  time_per_window : 0.000268   progress : 0.044
name: models.architecture.block_type=attention
training.mode=gml_rollout
models.out_dim=10
models.architecture.n_encoder_layers=1
models.architecture.n_decoder_layers=0
seed=0    avg_loss: 0.000000314108  time_per_window : 0.000270   progress : 0.055
name: models.architecture.block_type=attention
training.mode=gml_rollout
models.out_dim=10
models.architecture.n_encoder_layers=1
models.architecture.n_decoder_layers=0
seed=0    avg_loss: 0.000000275882  time_per_window : 0.000348   progress : 0.066
name: models.architecture.block_type=attention
training.mode=gml_rollout
models.out_dim=10
models.architecture.n_encoder_layers=1
models.architecture.n_decoder_layers=0
seed=0    avg_loss: 0.000000225684  time_per_window : 0.000424   progress : 0.076
name: models.architecture.block_type=attention
training.mode=gml_rollout
models.out_dim=10
models.architecture.n_encoder_layers=1
models.architecture.n_decoder_layers=0
seed=0    avg_loss: 0.000000197401  time_per_window : 0.000377   progress : 0.087
name: models.architecture.block_type=attention
training.mode=gml_rollout
models.out_dim=10
models.architecture.n_encoder_layers=1
models.architecture.n_decoder_layers=0
seed=0    avg_loss: 0.000000177124  time_per_window : 0.000262   progress : 0.098
name: models.architecture.block_type=attention
training.mode=gml_rollout
models.out_dim=10
models.architecture.n_encoder_layers=1
models.architecture.n_decoder_layers=0
seed=0    avg_loss: 0.000000159128  time_per_window : 0.000335   progress : 0.109
name: models.architecture.block_type=attention
training.mode=gml_rollout
models.out_dim=10
models.architecture.n_encoder_layers=1
models.architecture.n_decoder_layers=0
seed=0    avg_loss: 0.000000140881  time_per_window : 0.000303   progress : 0.120
name: models.architecture.block_type=attention
training.mode=gml_rollout
models.out_dim=10
models.architecture.n_encoder_layers=1
models.architecture.n_decoder_layers=0
seed=0    avg_loss: 0.000000130846  time_per_window : 0.000259   progress : 0.131
name: models.architecture.block_type=attention
training.mode=gml_rollout
models.out_dim=10
models.architecture.n_encoder_layers=1
models.architecture.n_decoder_layers=0
seed=0    avg_loss: 0.000000116951  time_per_window : 0.000251   progress : 0.142
name: models.architecture.block_type=attention
training.mode=gml_rollout
models.out_dim=10
models.architecture.n_encoder_layers=1
models.architecture.n_decoder_layers=0
seed=0    avg_loss: 0.000000108235  time_per_window : 0.000264   progress : 0.153
name: models.architecture.block_type=attention
training.mode=gml_rollout
models.out_dim=10
models.architecture.n_encoder_layers=1
models.architecture.n_decoder_layers=0
seed=0    avg_loss: 0.000000099408  time_per_window : 0.000354   progress : 0.164
name: models.architecture.block_type=attention
training.mode=gml_rollout
models.out_dim=10
models.architecture.n_encoder_layers=1
models.architecture.n_decoder_layers=0
seed=0    avg_loss: 0.000000098107  time_per_window : 0.000288   progress : 0.175
name: models.architecture.block_type=attention
training.mode=gml_rollout
models.out_dim=10
models.architecture.n_encoder_layers=1
models.architecture.n_decoder_layers=0
seed=0    avg_loss: 0.000000090404  time_per_window : 0.000374   progress : 0.186
name: models.architecture.block_type=attention
training.mode=gml_rollout
models.out_dim=10
models.architecture.n_encoder_layers=1
models.architecture.n_decoder_layers=0
seed=0    avg_loss: 0.000000089572  time_per_window : 0.000378   progress : 0.197
name: models.architecture.block_type=attention
training.mode=gml_rollout
models.out_dim=10
models.architecture.n_encoder_layers=1
models.architecture.n_decoder_layers=0
seed=0    avg_loss: 0.000000080128  time_per_window : 0.000352   progress : 0.208
name: models.architecture.block_type=attention
training.mode=gml_rollout
models.out_dim=10
models.architecture.n_encoder_layers=1
models.architecture.n_decoder_layers=0
seed=0    avg_loss: 0.000000092978  time_per_window : 0.000224   progress : 0.218
name: models.architecture.block_type=attention
training.mode=gml_rollout
models.out_dim=10
models.architecture.n_encoder_layers=1
models.architecture.n_decoder_layers=0
seed=0    avg_loss: 0.000000092295  time_per_window : 0.000311   progress : 0.229
name: models.architecture.block_type=attention
training.mode=gml_rollout
models.out_dim=10
models.architecture.n_encoder_layers=1
models.architecture.n_decoder_layers=0
seed=0    avg_loss: 0.000000085503  time_per_window : 0.000225   progress : 0.240
name: models.architecture.block_type=attention
training.mode=gml_rollout
models.out_dim=10
models.architecture.n_encoder_layers=1
models.architecture.n_decoder_layers=0
seed=0    avg_loss: 0.000000119378  time_per_window : 0.000270   progress : 0.251
name: models.architecture.block_type=attention
training.mode=gml_rollout
models.out_dim=10
models.architecture.n_encoder_layers=1
models.architecture.n_decoder_layers=0
seed=0    avg_loss: 0.000000111206  time_per_window : 0.000275   progress : 0.262
name: models.architecture.block_type=attention
training.mode=gml_rollout
models.out_dim=10
models.architecture.n_encoder_layers=1
models.architecture.n_decoder_layers=0
seed=0    avg_loss: 0.000000107925  time_per_window : 0.000301   progress : 0.273
name: models.architecture.block_type=attention
training.mode=gml_rollout
models.out_dim=10
models.architecture.n_encoder_layers=1
models.architecture.n_decoder_layers=0
seed=0    avg_loss: 0.000000105529  time_per_window : 0.000245   progress : 0.284
name: models.architecture.block_type=attention
training.mode=gml_rollout
models.out_dim=10
models.architecture.n_encoder_layers=1
models.architecture.n_decoder_layers=0
seed=0    avg_loss: 0.000000134004  time_per_window : 0.000324   progress : 0.295
name: models.architecture.block_type=attention
training.mode=gml_rollout
models.out_dim=10
models.architecture.n_encoder_layers=1
models.architecture.n_decoder_layers=0
seed=0    avg_loss: 0.000000089784  time_per_window : 0.000303   progress : 0.306
name: models.architecture.block_type=attention
training.mode=gml_rollout
models.out_dim=10
models.architecture.n_encoder_layers=1
models.architecture.n_decoder_layers=0
seed=0    avg_loss: 0.000000101366  time_per_window : 0.000276   progress : 0.317
name: models.architecture.block_type=attention
training.mode=gml_rollout
models.out_dim=10
models.architecture.n_encoder_layers=1
models.architecture.n_decoder_layers=0
seed=0    avg_loss: 0.000000131082  time_per_window : 0.000302   progress : 0.328
name: models.architecture.block_type=attention
training.mode=gml_rollout
models.out_dim=10
models.architecture.n_encoder_layers=1
models.architecture.n_decoder_layers=0
seed=0    avg_loss: 0.000000097341  time_per_window : 0.000330   progress : 0.339
name: models.architecture.block_type=attention
training.mode=gml_rollout
models.out_dim=10
models.architecture.n_encoder_layers=1
models.architecture.n_decoder_layers=0
seed=0    avg_loss: 0.000000123049  time_per_window : 0.000313   progress : 0.350
name: models.architecture.block_type=attention
training.mode=gml_rollout
models.out_dim=10
models.architecture.n_encoder_layers=1
models.architecture.n_decoder_layers=0
seed=0    avg_loss: 0.000000086898  time_per_window : 0.000267   progress : 0.360
name: models.architecture.block_type=attention
training.mode=gml_rollout
models.out_dim=10
models.architecture.n_encoder_layers=1
models.architecture.n_decoder_layers=0
seed=0    avg_loss: 0.000000110396  time_per_window : 0.000372   progress : 0.371
name: models.architecture.block_type=attention
training.mode=gml_rollout
models.out_dim=10
models.architecture.n_encoder_layers=1
models.architecture.n_decoder_layers=0
seed=0    avg_loss: 0.000000113531  time_per_window : 0.000277   progress : 0.382
name: models.architecture.block_type=attention
training.mode=gml_rollout
models.out_dim=10
models.architecture.n_encoder_layers=1
models.architecture.n_decoder_layers=0
seed=0    avg_loss: 0.000000121562  time_per_window : 0.000281   progress : 0.393
name: models.architecture.block_type=attention
training.mode=gml_rollout
models.out_dim=10
models.architecture.n_encoder_layers=1
models.architecture.n_decoder_layers=0
seed=0    avg_loss: 0.000000097411  time_per_window : 0.000237   progress : 0.404
name: models.architecture.block_type=attention
training.mode=gml_rollout
models.out_dim=10
models.architecture.n_encoder_layers=1
models.architecture.n_decoder_layers=0
seed=0    avg_loss: 0.000000100567  time_per_window : 0.000242   progress : 0.415
name: models.architecture.block_type=attention
training.mode=gml_rollout
models.out_dim=10
models.architecture.n_encoder_layers=1
models.architecture.n_decoder_layers=0
seed=0    avg_loss: 0.000000118437  time_per_window : 0.000261   progress : 0.426
name: models.architecture.block_type=attention
training.mode=gml_rollout
models.out_dim=10
models.architecture.n_encoder_layers=1
models.architecture.n_decoder_layers=0
seed=0    avg_loss: 0.000000093744  time_per_window : 0.000299   progress : 0.437
name: models.architecture.block_type=attention
training.mode=gml_rollout
models.out_dim=10
models.architecture.n_encoder_layers=1
models.architecture.n_decoder_layers=0
seed=0    avg_loss: 0.000000118967  time_per_window : 0.000224   progress : 0.448
name: models.architecture.block_type=attention
training.mode=gml_rollout
models.out_dim=10
models.architecture.n_encoder_layers=1
models.architecture.n_decoder_layers=0
seed=0    avg_loss: 0.000000077373  time_per_window : 0.000274   progress : 0.459
name: models.architecture.block_type=attention
training.mode=gml_rollout
models.out_dim=10
models.architecture.n_encoder_layers=1
models.architecture.n_decoder_layers=0
seed=0    avg_loss: 0.000000128439  time_per_window : 0.000345   progress : 0.470
name: models.architecture.block_type=attention
training.mode=gml_rollout
models.out_dim=10
models.architecture.n_encoder_layers=1
models.architecture.n_decoder_layers=0
seed=0    avg_loss: 0.000000082867  time_per_window : 0.000379   progress : 0.481
name: models.architecture.block_type=attention
training.mode=gml_rollout
models.out_dim=10
models.architecture.n_encoder_layers=1
models.architecture.n_decoder_layers=0
seed=0    avg_loss: 0.000000112167  time_per_window : 0.000349   progress : 0.492
name: models.architecture.block_type=attention
training.mode=gml_rollout
models.out_dim=10
models.architecture.n_encoder_layers=1
models.architecture.n_decoder_layers=0
seed=0    avg_loss: 0.000000098448  time_per_window : 0.000294   progress : 0.502
name: models.architecture.block_type=attention
training.mode=gml_rollout
models.out_dim=10
models.architecture.n_encoder_layers=1
models.architecture.n_decoder_layers=0
seed=0    avg_loss: 0.000000093765  time_per_window : 0.000260   progress : 0.513
name: models.architecture.block_type=attention
training.mode=gml_rollout
models.out_dim=10
models.architecture.n_encoder_layers=1
models.architecture.n_decoder_layers=0
seed=0    avg_loss: 0.000000098672  time_per_window : 0.000258   progress : 0.524
name: models.architecture.block_type=attention
training.mode=gml_rollout
models.out_dim=10
models.architecture.n_encoder_layers=1
models.architecture.n_decoder_layers=0
seed=0    avg_loss: 0.000000094272  time_per_window : 0.000292   progress : 0.535
name: models.architecture.block_type=attention
training.mode=gml_rollout
models.out_dim=10
models.architecture.n_encoder_layers=1
models.architecture.n_decoder_layers=0
seed=0    avg_loss: 0.000000088110  time_per_window : 0.000350   progress : 0.546
name: models.architecture.block_type=attention
training.mode=gml_rollout
models.out_dim=10
models.architecture.n_encoder_layers=1
models.architecture.n_decoder_layers=0
seed=0    avg_loss: 0.000000087727  time_per_window : 0.000282   progress : 0.557
name: models.architecture.block_type=attention
training.mode=gml_rollout
models.out_dim=10
models.architecture.n_encoder_layers=1
models.architecture.n_decoder_layers=0
seed=0    avg_loss: 0.000000088763  time_per_window : 0.000244   progress : 0.568
name: models.architecture.block_type=attention
training.mode=gml_rollout
models.out_dim=10
models.architecture.n_encoder_layers=1
models.architecture.n_decoder_layers=0
seed=0    avg_loss: 0.000000091632  time_per_window : 0.000275   progress : 0.579
name: models.architecture.block_type=attention
training.mode=gml_rollout
models.out_dim=10
models.architecture.n_encoder_layers=1
models.architecture.n_decoder_layers=0
seed=0    avg_loss: 0.000000090253  time_per_window : 0.000280   progress : 0.590
name: models.architecture.block_type=attention
training.mode=gml_rollout
models.out_dim=10
models.architecture.n_encoder_layers=1
models.architecture.n_decoder_layers=0
seed=0    avg_loss: 0.000000076148  time_per_window : 0.000317   progress : 0.601
name: models.architecture.block_type=attention
training.mode=gml_rollout
models.out_dim=10
models.architecture.n_encoder_layers=1
models.architecture.n_decoder_layers=0
seed=0    avg_loss: 0.000000097095  time_per_window : 0.000363   progress : 0.612
name: models.architecture.block_type=attention
training.mode=gml_rollout
models.out_dim=10
models.architecture.n_encoder_layers=1
models.architecture.n_decoder_layers=0
seed=0    avg_loss: 0.000000076147  time_per_window : 0.000275   progress : 0.623
name: models.architecture.block_type=attention
training.mode=gml_rollout
models.out_dim=10
models.architecture.n_encoder_layers=1
models.architecture.n_decoder_layers=0
seed=0    avg_loss: 0.000000079213  time_per_window : 0.000263   progress : 0.634
name: models.architecture.block_type=attention
training.mode=gml_rollout
models.out_dim=10
models.architecture.n_encoder_layers=1
models.architecture.n_decoder_layers=0
seed=0    avg_loss: 0.000000081822  time_per_window : 0.000310   progress : 0.644
name: models.architecture.block_type=attention
training.mode=gml_rollout
models.out_dim=10
models.architecture.n_encoder_layers=1
models.architecture.n_decoder_layers=0
seed=0    avg_loss: 0.000000082067  time_per_window : 0.000296   progress : 0.655
name: models.architecture.block_type=attention
training.mode=gml_rollout
models.out_dim=10
models.architecture.n_encoder_layers=1
models.architecture.n_decoder_layers=0
seed=0    avg_loss: 0.000000076031  time_per_window : 0.000310   progress : 0.666
name: models.architecture.block_type=attention
training.mode=gml_rollout
models.out_dim=10
models.architecture.n_encoder_layers=1
models.architecture.n_decoder_layers=0
seed=0    avg_loss: 0.000000081494  time_per_window : 0.000241   progress : 0.677
name: models.architecture.block_type=attention
training.mode=gml_rollout
models.out_dim=10
models.architecture.n_encoder_layers=1
models.architecture.n_decoder_layers=0
seed=0    avg_loss: 0.000000076571  time_per_window : 0.000375   progress : 0.688
name: models.architecture.block_type=attention
training.mode=gml_rollout
models.out_dim=10
models.architecture.n_encoder_layers=1
models.architecture.n_decoder_layers=0
seed=0    avg_loss: 0.000000074112  time_per_window : 0.000315   progress : 0.699
name: models.architecture.block_type=attention
training.mode=gml_rollout
models.out_dim=10
models.architecture.n_encoder_layers=1
models.architecture.n_decoder_layers=0
seed=0    avg_loss: 0.000000073852  time_per_window : 0.000265   progress : 0.710
name: models.architecture.block_type=attention
training.mode=gml_rollout
models.out_dim=10
models.architecture.n_encoder_layers=1
models.architecture.n_decoder_layers=0
seed=0    avg_loss: 0.000000071864  time_per_window : 0.000295   progress : 0.721/home/jdihardjo/miniconda3/envs/mavenv/lib/python3.11/site-packages/torch/_inductor/cudagraph_trees.py:2622: UserWarning: Unable to hit fast path of CUDAGraphs because outputs from a previous step still require backward. Ensure backward() is invoked or detach outputs. You may also call torch.compiler.cudagraph_mark_step_begin() before each model invocation.
  warnings.warn(
/home/jdihardjo/miniconda3/envs/mavenv/lib/python3.11/site-packages/torch/_inductor/cudagraph_trees.py:2622: UserWarning: Unable to hit fast path of CUDAGraphs because outputs from a previous step still require backward. Ensure backward() is invoked or detach outputs. You may also call torch.compiler.cudagraph_mark_step_begin() before each model invocation.
  warnings.warn(

name: models.architecture.block_type=attention
training.mode=gml_rollout
models.out_dim=10
models.architecture.n_encoder_layers=1
models.architecture.n_decoder_layers=0
seed=0    avg_loss: 0.000000082275  time_per_window : 0.000313   progress : 0.732
name: models.architecture.block_type=attention
training.mode=gml_rollout
models.out_dim=10
models.architecture.n_encoder_layers=1
models.architecture.n_decoder_layers=0
seed=0    avg_loss: 0.000000072045  time_per_window : 0.000279   progress : 0.743
name: models.architecture.block_type=attention
training.mode=gml_rollout
models.out_dim=10
models.architecture.n_encoder_layers=1
models.architecture.n_decoder_layers=0
seed=0    avg_loss: 0.000000062428  time_per_window : 0.000300   progress : 0.754
name: models.architecture.block_type=attention
training.mode=gml_rollout
models.out_dim=10
models.architecture.n_encoder_layers=1
models.architecture.n_decoder_layers=0
seed=0    avg_loss: 0.000000067186  time_per_window : 0.000285   progress : 0.765
name: models.architecture.block_type=attention
training.mode=gml_rollout
models.out_dim=10
models.architecture.n_encoder_layers=1
models.architecture.n_decoder_layers=0
seed=0    avg_loss: 0.000000074277  time_per_window : 0.000347   progress : 0.775
name: models.architecture.block_type=attention
training.mode=gml_rollout
models.out_dim=10
models.architecture.n_encoder_layers=1
models.architecture.n_decoder_layers=0
seed=0    avg_loss: 0.000000070276  time_per_window : 0.000381   progress : 0.786
name: models.architecture.block_type=attention
training.mode=gml_rollout
models.out_dim=10
models.architecture.n_encoder_layers=1
models.architecture.n_decoder_layers=0
seed=0    avg_loss: 0.000000063709  time_per_window : 0.000296   progress : 0.797
name: models.architecture.block_type=attention
training.mode=gml_rollout
models.out_dim=10
models.architecture.n_encoder_layers=1
models.architecture.n_decoder_layers=0
seed=0    avg_loss: 0.000000065391  time_per_window : 0.000234   progress : 0.808
name: models.architecture.block_type=attention
training.mode=gml_rollout
models.out_dim=10
models.architecture.n_encoder_layers=1
models.architecture.n_decoder_layers=0
seed=0    avg_loss: 0.000000066666  time_per_window : 0.000236   progress : 0.819
name: models.architecture.block_type=attention
training.mode=gml_rollout
models.out_dim=10
models.architecture.n_encoder_layers=1
models.architecture.n_decoder_layers=0
seed=0    avg_loss: 0.000000062237  time_per_window : 0.000367   progress : 0.830
name: models.architecture.block_type=attention
training.mode=gml_rollout
models.out_dim=10
models.architecture.n_encoder_layers=1
models.architecture.n_decoder_layers=0
seed=0    avg_loss: 0.000000055766  time_per_window : 0.000318   progress : 0.841
name: models.architecture.block_type=attention
training.mode=gml_rollout
models.out_dim=10
models.architecture.n_encoder_layers=1
models.architecture.n_decoder_layers=0
seed=0    avg_loss: 0.000000065491  time_per_window : 0.000312   progress : 0.852
name: models.architecture.block_type=attention
training.mode=gml_rollout
models.out_dim=10
models.architecture.n_encoder_layers=1
models.architecture.n_decoder_layers=0
seed=0    avg_loss: 0.000000071733  time_per_window : 0.000376   progress : 0.863
name: models.architecture.block_type=attention
training.mode=gml_rollout
models.out_dim=10
models.architecture.n_encoder_layers=1
models.architecture.n_decoder_layers=0
seed=0    avg_loss: 0.000000059334  time_per_window : 0.000329   progress : 0.874
name: models.architecture.block_type=attention
training.mode=gml_rollout
models.out_dim=10
models.architecture.n_encoder_layers=1
models.architecture.n_decoder_layers=0
seed=0    avg_loss: 0.000000056361  time_per_window : 0.000333   progress : 0.885
name: models.architecture.block_type=attention
training.mode=gml_rollout
models.out_dim=10
models.architecture.n_encoder_layers=1
models.architecture.n_decoder_layers=0
seed=0    avg_loss: 0.000000057006  time_per_window : 0.000346   progress : 0.896
name: models.architecture.block_type=attention
training.mode=gml_rollout
models.out_dim=10
models.architecture.n_encoder_layers=1
models.architecture.n_decoder_layers=0
seed=0    avg_loss: 0.000000056302  time_per_window : 0.000242   progress : 0.907
name: models.architecture.block_type=attention
training.mode=gml_rollout
models.out_dim=10
models.architecture.n_encoder_layers=1
models.architecture.n_decoder_layers=0
seed=0    avg_loss: 0.000000070961  time_per_window : 0.000396   progress : 0.917
name: models.architecture.block_type=attention
training.mode=gml_rollout
models.out_dim=10
models.architecture.n_encoder_layers=1
models.architecture.n_decoder_layers=0
seed=0    avg_loss: 0.000000054272  time_per_window : 0.000274   progress : 0.928
name: models.architecture.block_type=attention
training.mode=gml_rollout
models.out_dim=10
models.architecture.n_encoder_layers=1
models.architecture.n_decoder_layers=0
seed=0    avg_loss: 0.000000061257  time_per_window : 0.000295   progress : 0.939
name: models.architecture.block_type=attention
training.mode=gml_rollout
models.out_dim=10
models.architecture.n_encoder_layers=1
models.architecture.n_decoder_layers=0
seed=0    avg_loss: 0.000000054827  time_per_window : 0.000276   progress : 0.950
name: models.architecture.block_type=attention
training.mode=gml_rollout
models.out_dim=10
models.architecture.n_encoder_layers=1
models.architecture.n_decoder_layers=0
seed=0    avg_loss: 0.000000052302  time_per_window : 0.000270   progress : 0.961
name: models.architecture.block_type=attention
training.mode=gml_rollout
models.out_dim=10
models.architecture.n_encoder_layers=1
models.architecture.n_decoder_layers=0
seed=0    avg_loss: 0.000000057521  time_per_window : 0.000249   progress : 0.972
name: models.architecture.block_type=attention
training.mode=gml_rollout
models.out_dim=10
models.architecture.n_encoder_layers=1
models.architecture.n_decoder_layers=0
seed=0    avg_loss: 0.000000048916  time_per_window : 0.000260   progress : 0.983
name: models.architecture.block_type=attention
training.mode=gml_rollout
models.out_dim=10
models.architecture.n_encoder_layers=1
models.architecture.n_decoder_layers=0
seed=0    avg_loss: 0.000000056802  time_per_window : 0.000282   progress : 0.994
name: models.architecture.block_type=attention
training.mode=gml_rollout
models.out_dim=10
models.architecture.n_encoder_layers=1
models.architecture.n_decoder_layers=0
seed=0    avg_loss: 0.000000132365  time_per_window : 0.000354   progress : 0.011
name: models.architecture.block_type=attention
training.mode=gml_rollout
models.out_dim=10
models.architecture.n_encoder_layers=1
models.architecture.n_decoder_layers=0
seed=0    avg_loss: 0.000000051247  time_per_window : 0.000264   progress : 0.022
name: models.architecture.block_type=attention
training.mode=gml_rollout
models.out_dim=10
models.architecture.n_encoder_layers=1
models.architecture.n_decoder_layers=0
seed=0    avg_loss: 0.000000052593  time_per_window : 0.000320   progress : 0.033
name: models.architecture.block_type=attention
training.mode=gml_rollout
models.out_dim=10
models.architecture.n_encoder_layers=1
models.architecture.n_decoder_layers=0
seed=0    avg_loss: 0.000000055911  time_per_window : 0.000357   progress : 0.044
name: models.architecture.block_type=attention
training.mode=gml_rollout
models.out_dim=10
models.architecture.n_encoder_layers=1
models.architecture.n_decoder_layers=0
seed=0    avg_loss: 0.000000047210  time_per_window : 0.000229   progress : 0.055
name: models.architecture.block_type=attention
training.mode=gml_rollout
models.out_dim=10
models.architecture.n_encoder_layers=1
models.architecture.n_decoder_layers=0
seed=0    avg_loss: 0.000000061354  time_per_window : 0.000354   progress : 0.066
name: models.architecture.block_type=attention
training.mode=gml_rollout
models.out_dim=10
models.architecture.n_encoder_layers=1
models.architecture.n_decoder_layers=0
seed=0    avg_loss: 0.000000053992  time_per_window : 0.000264   progress : 0.076
name: models.architecture.block_type=attention
training.mode=gml_rollout
models.out_dim=10
models.architecture.n_encoder_layers=1
models.architecture.n_decoder_layers=0
seed=0    avg_loss: 0.000000056249  time_per_window : 0.000404   progress : 0.087
name: models.architecture.block_type=attention
training.mode=gml_rollout
models.out_dim=10
models.architecture.n_encoder_layers=1
models.architecture.n_decoder_layers=0
seed=0    avg_loss: 0.000000048398  time_per_window : 0.000356   progress : 0.098
name: models.architecture.block_type=attention
training.mode=gml_rollout
models.out_dim=10
models.architecture.n_encoder_layers=1
models.architecture.n_decoder_layers=0
seed=0    avg_loss: 0.000000058674  time_per_window : 0.000222   progress : 0.109
name: models.architecture.block_type=attention
training.mode=gml_rollout
models.out_dim=10
models.architecture.n_encoder_layers=1
models.architecture.n_decoder_layers=0
seed=0    avg_loss: 0.000000047900  time_per_window : 0.000322   progress : 0.120
name: models.architecture.block_type=attention
training.mode=gml_rollout
models.out_dim=10
models.architecture.n_encoder_layers=1
models.architecture.n_decoder_layers=0
seed=0    avg_loss: 0.000000049283  time_per_window : 0.000309   progress : 0.131
name: models.architecture.block_type=attention
training.mode=gml_rollout
models.out_dim=10
models.architecture.n_encoder_layers=1
models.architecture.n_decoder_layers=0
seed=0    avg_loss: 0.000000049958  time_per_window : 0.000398   progress : 0.142
name: models.architecture.block_type=attention
training.mode=gml_rollout
models.out_dim=10
models.architecture.n_encoder_layers=1
models.architecture.n_decoder_layers=0
seed=0    avg_loss: 0.000000049608  time_per_window : 0.000307   progress : 0.153
name: models.architecture.block_type=attention
training.mode=gml_rollout
models.out_dim=10
models.architecture.n_encoder_layers=1
models.architecture.n_decoder_layers=0
seed=0    avg_loss: 0.000000048986  time_per_window : 0.000266   progress : 0.164
name: models.architecture.block_type=attention
training.mode=gml_rollout
models.out_dim=10
models.architecture.n_encoder_layers=1
models.architecture.n_decoder_layers=0
seed=0    avg_loss: 0.000000048691  time_per_window : 0.000248   progress : 0.175
name: models.architecture.block_type=attention
training.mode=gml_rollout
models.out_dim=10
models.architecture.n_encoder_layers=1
models.architecture.n_decoder_layers=0
seed=0    avg_loss: 0.000000051982  time_per_window : 0.000265   progress : 0.186
name: models.architecture.block_type=attention
training.mode=gml_rollout
models.out_dim=10
models.architecture.n_encoder_layers=1
models.architecture.n_decoder_layers=0
seed=0    avg_loss: 0.000000042279  time_per_window : 0.000328   progress : 0.197
name: models.architecture.block_type=attention
training.mode=gml_rollout
models.out_dim=10
models.architecture.n_encoder_layers=1
models.architecture.n_decoder_layers=0
seed=0    avg_loss: 0.000000046170  time_per_window : 0.000292   progress : 0.208
name: models.architecture.block_type=attention
training.mode=gml_rollout
models.out_dim=10
models.architecture.n_encoder_layers=1
models.architecture.n_decoder_layers=0
seed=0    avg_loss: 0.000000046982  time_per_window : 0.000395   progress : 0.218
name: models.architecture.block_type=attention
training.mode=gml_rollout
models.out_dim=10
models.architecture.n_encoder_layers=1
models.architecture.n_decoder_layers=0
seed=0    avg_loss: 0.000000046909  time_per_window : 0.000271   progress : 0.229
name: models.architecture.block_type=attention
training.mode=gml_rollout
models.out_dim=10
models.architecture.n_encoder_layers=1
models.architecture.n_decoder_layers=0
seed=0    avg_loss: 0.000000042721  time_per_window : 0.000374   progress : 0.240
name: models.architecture.block_type=attention
training.mode=gml_rollout
models.out_dim=10
models.architecture.n_encoder_layers=1
models.architecture.n_decoder_layers=0
seed=0    avg_loss: 0.000000052624  time_per_window : 0.000346   progress : 0.251
name: models.architecture.block_type=attention
training.mode=gml_rollout
models.out_dim=10
models.architecture.n_encoder_layers=1
models.architecture.n_decoder_layers=0
seed=0    avg_loss: 0.000000048253  time_per_window : 0.000245   progress : 0.262
name: models.architecture.block_type=attention
training.mode=gml_rollout
models.out_dim=10
models.architecture.n_encoder_layers=1
models.architecture.n_decoder_layers=0
seed=0    avg_loss: 0.000000042474  time_per_window : 0.000324   progress : 0.273
name: models.architecture.block_type=attention
training.mode=gml_rollout
models.out_dim=10
models.architecture.n_encoder_layers=1
models.architecture.n_decoder_layers=0
seed=0    avg_loss: 0.000000040213  time_per_window : 0.000303   progress : 0.284
name: models.architecture.block_type=attention
training.mode=gml_rollout
models.out_dim=10
models.architecture.n_encoder_layers=1
models.architecture.n_decoder_layers=0
seed=0    avg_loss: 0.000000044817  time_per_window : 0.000352   progress : 0.295
name: models.architecture.block_type=attention
training.mode=gml_rollout
models.out_dim=10
models.architecture.n_encoder_layers=1
models.architecture.n_decoder_layers=0
seed=0    avg_loss: 0.000000042054  time_per_window : 0.000255   progress : 0.306
name: models.architecture.block_type=attention
training.mode=gml_rollout
models.out_dim=10
models.architecture.n_encoder_layers=1
models.architecture.n_decoder_layers=0
seed=0    avg_loss: 0.000000046144  time_per_window : 0.000327   progress : 0.317
name: models.architecture.block_type=attention
training.mode=gml_rollout
models.out_dim=10
models.architecture.n_encoder_layers=1
models.architecture.n_decoder_layers=0
seed=0    avg_loss: 0.000000050783  time_per_window : 0.000302   progress : 0.328
name: models.architecture.block_type=attention
training.mode=gml_rollout
models.out_dim=10
models.architecture.n_encoder_layers=1
models.architecture.n_decoder_layers=0
seed=0    avg_loss: 0.000000041747  time_per_window : 0.000300   progress : 0.339
name: models.architecture.block_type=attention
training.mode=gml_rollout
models.out_dim=10
models.architecture.n_encoder_layers=1
models.architecture.n_decoder_layers=0
seed=0    avg_loss: 0.000000041668  time_per_window : 0.000270   progress : 0.350
name: models.architecture.block_type=attention
training.mode=gml_rollout
models.out_dim=10
models.architecture.n_encoder_layers=1
models.architecture.n_decoder_layers=0
seed=0    avg_loss: 0.000000037234  time_per_window : 0.000255   progress : 0.360
name: models.architecture.block_type=attention
training.mode=gml_rollout
models.out_dim=10
models.architecture.n_encoder_layers=1
models.architecture.n_decoder_layers=0
seed=0    avg_loss: 0.000000040585  time_per_window : 0.000309   progress : 0.371
name: models.architecture.block_type=attention
training.mode=gml_rollout
models.out_dim=10
models.architecture.n_encoder_layers=1
models.architecture.n_decoder_layers=0
seed=0    avg_loss: 0.000000038815  time_per_window : 0.000316   progress : 0.382
name: models.architecture.block_type=attention
training.mode=gml_rollout
models.out_dim=10
models.architecture.n_encoder_layers=1
models.architecture.n_decoder_layers=0
seed=0    avg_loss: 0.000000041547  time_per_window : 0.000236   progress : 0.393
name: models.architecture.block_type=attention
training.mode=gml_rollout
models.out_dim=10
models.architecture.n_encoder_layers=1
models.architecture.n_decoder_layers=0
seed=0    avg_loss: 0.000000046599  time_per_window : 0.000331   progress : 0.404
name: models.architecture.block_type=attention
training.mode=gml_rollout
models.out_dim=10
models.architecture.n_encoder_layers=1
models.architecture.n_decoder_layers=0
seed=0    avg_loss: 0.000000041471  time_per_window : 0.000349   progress : 0.415
name: models.architecture.block_type=attention
training.mode=gml_rollout
models.out_dim=10
models.architecture.n_encoder_layers=1
models.architecture.n_decoder_layers=0
seed=0    avg_loss: 0.000000035737  time_per_window : 0.000261   progress : 0.426
name: models.architecture.block_type=attention
training.mode=gml_rollout
models.out_dim=10
models.architecture.n_encoder_layers=1
models.architecture.n_decoder_layers=0
seed=0    avg_loss: 0.000000043901  time_per_window : 0.000275   progress : 0.437
name: models.architecture.block_type=attention
training.mode=gml_rollout
models.out_dim=10
models.architecture.n_encoder_layers=1
models.architecture.n_decoder_layers=0
seed=0    avg_loss: 0.000000044204  time_per_window : 0.000357   progress : 0.448
name: models.architecture.block_type=attention
training.mode=gml_rollout
models.out_dim=10
models.architecture.n_encoder_layers=1
models.architecture.n_decoder_layers=0
seed=0    avg_loss: 0.000000035936  time_per_window : 0.000216   progress : 0.459
name: models.architecture.block_type=attention
training.mode=gml_rollout
models.out_dim=10
models.architecture.n_encoder_layers=1
models.architecture.n_decoder_layers=0
seed=0    avg_loss: 0.000000038302  time_per_window : 0.000231   progress : 0.470
name: models.architecture.block_type=attention
training.mode=gml_rollout
models.out_dim=10
models.architecture.n_encoder_layers=1
models.architecture.n_decoder_layers=0
seed=0    avg_loss: 0.000000038921  time_per_window : 0.000209   progress : 0.481
name: models.architecture.block_type=attention
training.mode=gml_rollout
models.out_dim=10
models.architecture.n_encoder_layers=1
models.architecture.n_decoder_layers=0
seed=0    avg_loss: 0.000000042061  time_per_window : 0.000234   progress : 0.492
name: models.architecture.block_type=attention
training.mode=gml_rollout
models.out_dim=10
models.architecture.n_encoder_layers=1
models.architecture.n_decoder_layers=0
seed=0    avg_loss: 0.000000038370  time_per_window : 0.000231   progress : 0.502
name: models.architecture.block_type=attention
training.mode=gml_rollout
models.out_dim=10
models.architecture.n_encoder_layers=1
models.architecture.n_decoder_layers=0
seed=0    avg_loss: 0.000000038484  time_per_window : 0.000209   progress : 0.513
name: models.architecture.block_type=attention
training.mode=gml_rollout
models.out_dim=10
models.architecture.n_encoder_layers=1
models.architecture.n_decoder_layers=0
seed=0    avg_loss: 0.000000038447  time_per_window : 0.000200   progress : 0.524
name: models.architecture.block_type=attention
training.mode=gml_rollout
models.out_dim=10
models.architecture.n_encoder_layers=1
models.architecture.n_decoder_layers=0
seed=0    avg_loss: 0.000000038307  time_per_window : 0.000202   progress : 0.535
name: models.architecture.block_type=attention
training.mode=gml_rollout
models.out_dim=10
models.architecture.n_encoder_layers=1
models.architecture.n_decoder_layers=0
seed=0    avg_loss: 0.000000036556  time_per_window : 0.000215   progress : 0.546
name: models.architecture.block_type=attention
training.mode=gml_rollout
models.out_dim=10
models.architecture.n_encoder_layers=1
models.architecture.n_decoder_layers=0
seed=0    avg_loss: 0.000000040052  time_per_window : 0.000201   progress : 0.557
name: models.architecture.block_type=attention
training.mode=gml_rollout
models.out_dim=10
models.architecture.n_encoder_layers=1
models.architecture.n_decoder_layers=0
seed=0    avg_loss: 0.000000032813  time_per_window : 0.000198   progress : 0.568
name: models.architecture.block_type=attention
training.mode=gml_rollout
models.out_dim=10
models.architecture.n_encoder_layers=1
models.architecture.n_decoder_layers=0
seed=0    avg_loss: 0.000000039247  time_per_window : 0.000206   progress : 0.579
name: models.architecture.block_type=attention
training.mode=gml_rollout
models.out_dim=10
models.architecture.n_encoder_layers=1
models.architecture.n_decoder_layers=0
seed=0    avg_loss: 0.000000037712  time_per_window : 0.000232   progress : 0.590
name: models.architecture.block_type=attention
training.mode=gml_rollout
models.out_dim=10
models.architecture.n_encoder_layers=1
models.architecture.n_decoder_layers=0
seed=0    avg_loss: 0.000000034263  time_per_window : 0.000229   progress : 0.601
name: models.architecture.block_type=attention
training.mode=gml_rollout
models.out_dim=10
models.architecture.n_encoder_layers=1
models.architecture.n_decoder_layers=0
seed=0    avg_loss: 0.000000033683  time_per_window : 0.000191   progress : 0.612
name: models.architecture.block_type=attention
training.mode=gml_rollout
models.out_dim=10
models.architecture.n_encoder_layers=1
models.architecture.n_decoder_layers=0
seed=0    avg_loss: 0.000000033299  time_per_window : 0.000201   progress : 0.623
name: models.architecture.block_type=attention
training.mode=gml_rollout
models.out_dim=10
models.architecture.n_encoder_layers=1
models.architecture.n_decoder_layers=0
seed=0    avg_loss: 0.000000034063  time_per_window : 0.000192   progress : 0.634
name: models.architecture.block_type=attention
training.mode=gml_rollout
models.out_dim=10
models.architecture.n_encoder_layers=1
models.architecture.n_decoder_layers=0
seed=0    avg_loss: 0.000000032332  time_per_window : 0.000202   progress : 0.644
name: models.architecture.block_type=attention
training.mode=gml_rollout
models.out_dim=10
models.architecture.n_encoder_layers=1
models.architecture.n_decoder_layers=0
seed=0    avg_loss: 0.000000036165  time_per_window : 0.000196   progress : 0.655
name: models.architecture.block_type=attention
training.mode=gml_rollout
models.out_dim=10
models.architecture.n_encoder_layers=1
models.architecture.n_decoder_layers=0
seed=0    avg_loss: 0.000000031727  time_per_window : 0.000250   progress : 0.666
name: models.architecture.block_type=attention
training.mode=gml_rollout
models.out_dim=10
models.architecture.n_encoder_layers=1
models.architecture.n_decoder_layers=0
seed=0    avg_loss: 0.000000032545  time_per_window : 0.000186   progress : 0.677
name: models.architecture.block_type=attention
training.mode=gml_rollout
models.out_dim=10
models.architecture.n_encoder_layers=1
models.architecture.n_decoder_layers=0
seed=0    avg_loss: 0.000000038790  time_per_window : 0.000215   progress : 0.688
name: models.architecture.block_type=attention
training.mode=gml_rollout
models.out_dim=10
models.architecture.n_encoder_layers=1
models.architecture.n_decoder_layers=0
seed=0    avg_loss: 0.000000029733  time_per_window : 0.000195   progress : 0.699
name: models.architecture.block_type=attention
training.mode=gml_rollout
models.out_dim=10
models.architecture.n_encoder_layers=1
models.architecture.n_decoder_layers=0
seed=0    avg_loss: 0.000000032856  time_per_window : 0.000215   progress : 0.710
name: models.architecture.block_type=attention
training.mode=gml_rollout
models.out_dim=10
models.architecture.n_encoder_layers=1
models.architecture.n_decoder_layers=0
seed=0    avg_loss: 0.000000030914  time_per_window : 0.000180   progress : 0.721
name: models.architecture.block_type=attention
training.mode=gml_rollout
models.out_dim=10
models.architecture.n_encoder_layers=1
models.architecture.n_decoder_layers=0
seed=0    avg_loss: 0.000000034870  time_per_window : 0.000210   progress : 0.732
name: models.architecture.block_type=attention
training.mode=gml_rollout
models.out_dim=10
models.architecture.n_encoder_layers=1
models.architecture.n_decoder_layers=0
seed=0    avg_loss: 0.000000030243  time_per_window : 0.000220   progress : 0.743
name: models.architecture.block_type=attention
training.mode=gml_rollout
models.out_dim=10
models.architecture.n_encoder_layers=1
models.architecture.n_decoder_layers=0
seed=0    avg_loss: 0.000000037048  time_per_window : 0.000205   progress : 0.754
name: models.architecture.block_type=attention
training.mode=gml_rollout
models.out_dim=10
models.architecture.n_encoder_layers=1
models.architecture.n_decoder_layers=0
seed=0    avg_loss: 0.000000032579  time_per_window : 0.000224   progress : 0.765
name: models.architecture.block_type=attention
training.mode=gml_rollout
models.out_dim=10
models.architecture.n_encoder_layers=1
models.architecture.n_decoder_layers=0
seed=0    avg_loss: 0.000000031414  time_per_window : 0.000206   progress : 0.775
name: models.architecture.block_type=attention
training.mode=gml_rollout
models.out_dim=10
models.architecture.n_encoder_layers=1
models.architecture.n_decoder_layers=0
seed=0    avg_loss: 0.000000036442  time_per_window : 0.000212   progress : 0.786
name: models.architecture.block_type=attention
training.mode=gml_rollout
models.out_dim=10
models.architecture.n_encoder_layers=1
models.architecture.n_decoder_layers=0
seed=0    avg_loss: 0.000000029433  time_per_window : 0.000213   progress : 0.797
name: models.architecture.block_type=attention
training.mode=gml_rollout
models.out_dim=10
models.architecture.n_encoder_layers=1
models.architecture.n_decoder_layers=0
seed=0    avg_loss: 0.000000031309  time_per_window : 0.000228   progress : 0.808
name: models.architecture.block_type=attention
training.mode=gml_rollout
models.out_dim=10
models.architecture.n_encoder_layers=1
models.architecture.n_decoder_layers=0
seed=0    avg_loss: 0.000000029967  time_per_window : 0.000198   progress : 0.819
name: models.architecture.block_type=attention
training.mode=gml_rollout
models.out_dim=10
models.architecture.n_encoder_layers=1
models.architecture.n_decoder_layers=0
seed=0    avg_loss: 0.000000030999  time_per_window : 0.000200   progress : 0.830
name: models.architecture.block_type=attention
training.mode=gml_rollout
models.out_dim=10
models.architecture.n_encoder_layers=1
models.architecture.n_decoder_layers=0
seed=0    avg_loss: 0.000000030088  time_per_window : 0.000238   progress : 0.841
name: models.architecture.block_type=attention
training.mode=gml_rollout
models.out_dim=10
models.architecture.n_encoder_layers=1
models.architecture.n_decoder_layers=0
seed=0    avg_loss: 0.000000030925  time_per_window : 0.000181   progress : 0.852
name: models.architecture.block_type=attention
training.mode=gml_rollout
models.out_dim=10
models.architecture.n_encoder_layers=1
models.architecture.n_decoder_layers=0
seed=0    avg_loss: 0.000000034046  time_per_window : 0.000194   progress : 0.863
name: models.architecture.block_type=attention
training.mode=gml_rollout
models.out_dim=10
models.architecture.n_encoder_layers=1
models.architecture.n_decoder_layers=0
seed=0    avg_loss: 0.000000033584  time_per_window : 0.000213   progress : 0.874
name: models.architecture.block_type=attention
training.mode=gml_rollout
models.out_dim=10
models.architecture.n_encoder_layers=1
models.architecture.n_decoder_layers=0
seed=0    avg_loss: 0.000000029152  time_per_window : 0.000195   progress : 0.885
name: models.architecture.block_type=attention
training.mode=gml_rollout
models.out_dim=10
models.architecture.n_encoder_layers=1
models.architecture.n_decoder_layers=0
seed=0    avg_loss: 0.000000029537  time_per_window : 0.000202   progress : 0.896
name: models.architecture.block_type=attention
training.mode=gml_rollout
models.out_dim=10
models.architecture.n_encoder_layers=1
models.architecture.n_decoder_layers=0
seed=0    avg_loss: 0.000000029367  time_per_window : 0.000201   progress : 0.907
name: models.architecture.block_type=attention
training.mode=gml_rollout
models.out_dim=10
models.architecture.n_encoder_layers=1
models.architecture.n_decoder_layers=0
seed=0    avg_loss: 0.000000032996  time_per_window : 0.000203   progress : 0.917
name: models.architecture.block_type=attention
training.mode=gml_rollout
models.out_dim=10
models.architecture.n_encoder_layers=1
models.architecture.n_decoder_layers=0
seed=0    avg_loss: 0.000000029213  time_per_window : 0.000204   progress : 0.928
name: models.architecture.block_type=attention
training.mode=gml_rollout
models.out_dim=10
models.architecture.n_encoder_layers=1
models.architecture.n_decoder_layers=0
seed=0    avg_loss: 0.000000031341  time_per_window : 0.000194   progress : 0.939
name: models.architecture.block_type=attention
training.mode=gml_rollout
models.out_dim=10
models.architecture.n_encoder_layers=1
models.architecture.n_decoder_layers=0
seed=0    avg_loss: 0.000000031230  time_per_window : 0.000182   progress : 0.950
name: models.architecture.block_type=attention
training.mode=gml_rollout
models.out_dim=10
models.architecture.n_encoder_layers=1
models.architecture.n_decoder_layers=0
seed=0    avg_loss: 0.000000027751  time_per_window : 0.000190   progress : 0.961
name: models.architecture.block_type=attention
training.mode=gml_rollout
models.out_dim=10
models.architecture.n_encoder_layers=1
models.architecture.n_decoder_layers=0
seed=0    avg_loss: 0.000000029114  time_per_window : 0.000226   progress : 0.972
name: models.architecture.block_type=attention
training.mode=gml_rollout
models.out_dim=10
models.architecture.n_encoder_layers=1
models.architecture.n_decoder_layers=0
seed=0    avg_loss: 0.000000027748  time_per_window : 0.000227   progress : 0.983
name: models.architecture.block_type=attention
training.mode=gml_rollout
models.out_dim=10
models.architecture.n_encoder_layers=1
models.architecture.n_decoder_layers=0
seed=0    avg_loss: 0.000000028197  time_per_window : 0.000202   progress : 0.994
name: models.architecture.block_type=attention
training.mode=gml_rollout
models.out_dim=10
models.architecture.n_encoder_layers=1
models.architecture.n_decoder_layers=0
seed=0    avg_loss: 0.000004086339  time_per_window : 0.000252   progress : 0.011
name: models.architecture.block_type=attention
training.mode=gml_rollout
models.out_dim=10
models.architecture.n_encoder_layers=1
models.architecture.n_decoder_layers=0
seed=0    avg_loss: 0.000000349878  time_per_window : 0.000209   progress : 0.022
name: models.architecture.block_type=attention
training.mode=gml_rollout
models.out_dim=10
models.architecture.n_encoder_layers=1
models.architecture.n_decoder_layers=0
seed=0    avg_loss: 0.000000278045  time_per_window : 0.000190   progress : 0.033
name: models.architecture.block_type=attention
training.mode=gml_rollout
models.out_dim=10
models.architecture.n_encoder_layers=1
models.architecture.n_decoder_layers=0
seed=0    avg_loss: 0.000000229850  time_per_window : 0.000197   progress : 0.044
name: models.architecture.block_type=attention
training.mode=gml_rollout
models.out_dim=10
models.architecture.n_encoder_layers=1
models.architecture.n_decoder_layers=0
seed=0    avg_loss: 0.000000205729  time_per_window : 0.000192   progress : 0.055
name: models.architecture.block_type=attention
training.mode=gml_rollout
models.out_dim=10
models.architecture.n_encoder_layers=1
models.architecture.n_decoder_layers=0
seed=0    avg_loss: 0.000000162474  time_per_window : 0.000190   progress : 0.066
name: models.architecture.block_type=attention
training.mode=gml_rollout
models.out_dim=10
models.architecture.n_encoder_layers=1
models.architecture.n_decoder_layers=0
seed=0    avg_loss: 0.000000152161  time_per_window : 0.000207   progress : 0.076
name: models.architecture.block_type=attention
training.mode=gml_rollout
models.out_dim=10
models.architecture.n_encoder_layers=1
models.architecture.n_decoder_layers=0
seed=0    avg_loss: 0.000000144948  time_per_window : 0.000205   progress : 0.087
name: models.architecture.block_type=attention
training.mode=gml_rollout
models.out_dim=10
models.architecture.n_encoder_layers=1
models.architecture.n_decoder_layers=0
seed=0    avg_loss: 0.000000141445  time_per_window : 0.000227   progress : 0.098
name: models.architecture.block_type=attention
training.mode=gml_rollout
models.out_dim=10
models.architecture.n_encoder_layers=1
models.architecture.n_decoder_layers=0
seed=0    avg_loss: 0.000000126410  time_per_window : 0.000242   progress : 0.109
name: models.architecture.block_type=attention
training.mode=gml_rollout
models.out_dim=10
models.architecture.n_encoder_layers=1
models.architecture.n_decoder_layers=0
seed=0    avg_loss: 0.000000134670  time_per_window : 0.000217   progress : 0.120
name: models.architecture.block_type=attention
training.mode=gml_rollout
models.out_dim=10
models.architecture.n_encoder_layers=1
models.architecture.n_decoder_layers=0
seed=0    avg_loss: 0.000000124296  time_per_window : 0.000190   progress : 0.131
name: models.architecture.block_type=attention
training.mode=gml_rollout
models.out_dim=10
models.architecture.n_encoder_layers=1
models.architecture.n_decoder_layers=0
seed=0    avg_loss: 0.000000127370  time_per_window : 0.000213   progress : 0.142
name: models.architecture.block_type=attention
training.mode=gml_rollout
models.out_dim=10
models.architecture.n_encoder_layers=1
models.architecture.n_decoder_layers=0
seed=0    avg_loss: 0.000000110516  time_per_window : 0.000214   progress : 0.153
name: models.architecture.block_type=attention
training.mode=gml_rollout
models.out_dim=10
models.architecture.n_encoder_layers=1
models.architecture.n_decoder_layers=0
seed=0    avg_loss: 0.000000102042  time_per_window : 0.000214   progress : 0.164
name: models.architecture.block_type=attention
training.mode=gml_rollout
models.out_dim=10
models.architecture.n_encoder_layers=1
models.architecture.n_decoder_layers=0
seed=0    avg_loss: 0.000000119046  time_per_window : 0.000198   progress : 0.175
name: models.architecture.block_type=attention
training.mode=gml_rollout
models.out_dim=10
models.architecture.n_encoder_layers=1
models.architecture.n_decoder_layers=0
seed=0    avg_loss: 0.000000107701  time_per_window : 0.000189   progress : 0.186
name: models.architecture.block_type=attention
training.mode=gml_rollout
models.out_dim=10
models.architecture.n_encoder_layers=1
models.architecture.n_decoder_layers=0
seed=0    avg_loss: 0.000000099200  time_per_window : 0.000192   progress : 0.197
name: models.architecture.block_type=attention
training.mode=gml_rollout
models.out_dim=10
models.architecture.n_encoder_layers=1
models.architecture.n_decoder_layers=0
seed=0    avg_loss: 0.000000145069  time_per_window : 0.000213   progress : 0.208
name: models.architecture.block_type=attention
training.mode=gml_rollout
models.out_dim=10
models.architecture.n_encoder_layers=1
models.architecture.n_decoder_layers=0
seed=0    avg_loss: 0.000000099081  time_per_window : 0.000181   progress : 0.218
name: models.architecture.block_type=attention
training.mode=gml_rollout
models.out_dim=10
models.architecture.n_encoder_layers=1
models.architecture.n_decoder_layers=0
seed=0    avg_loss: 0.000000109843  time_per_window : 0.000201   progress : 0.229
name: models.architecture.block_type=attention
training.mode=gml_rollout
models.out_dim=10
models.architecture.n_encoder_layers=1
models.architecture.n_decoder_layers=0
seed=0    avg_loss: 0.000000095267  time_per_window : 0.000195   progress : 0.240
name: models.architecture.block_type=attention
training.mode=gml_rollout
models.out_dim=10
models.architecture.n_encoder_layers=1
models.architecture.n_decoder_layers=0
seed=0    avg_loss: 0.000000106301  time_per_window : 0.000177   progress : 0.251
name: models.architecture.block_type=attention
training.mode=gml_rollout
models.out_dim=10
models.architecture.n_encoder_layers=1
models.architecture.n_decoder_layers=0
seed=0    avg_loss: 0.000000103958  time_per_window : 0.000187   progress : 0.262
name: models.architecture.block_type=attention
training.mode=gml_rollout
models.out_dim=10
models.architecture.n_encoder_layers=1
models.architecture.n_decoder_layers=0
seed=0    avg_loss: 0.000000095186  time_per_window : 0.000203   progress : 0.273
name: models.architecture.block_type=attention
training.mode=gml_rollout
models.out_dim=10
models.architecture.n_encoder_layers=1
models.architecture.n_decoder_layers=0
seed=0    avg_loss: 0.000000116932  time_per_window : 0.000201   progress : 0.284
name: models.architecture.block_type=attention
training.mode=gml_rollout
models.out_dim=10
models.architecture.n_encoder_layers=1
models.architecture.n_decoder_layers=0
seed=0    avg_loss: 0.000000125349  time_per_window : 0.000190   progress : 0.295
name: models.architecture.block_type=attention
training.mode=gml_rollout
models.out_dim=10
models.architecture.n_encoder_layers=1
models.architecture.n_decoder_layers=0
seed=0    avg_loss: 0.000000113288  time_per_window : 0.000219   progress : 0.306
name: models.architecture.block_type=attention
training.mode=gml_rollout
models.out_dim=10
models.architecture.n_encoder_layers=1
models.architecture.n_decoder_layers=0
seed=0    avg_loss: 0.000000111262  time_per_window : 0.000207   progress : 0.317
name: models.architecture.block_type=attention
training.mode=gml_rollout
models.out_dim=10
models.architecture.n_encoder_layers=1
models.architecture.n_decoder_layers=0
seed=0    avg_loss: 0.000000093942  time_per_window : 0.000184   progress : 0.328
name: models.architecture.block_type=attention
training.mode=gml_rollout
models.out_dim=10
models.architecture.n_encoder_layers=1
models.architecture.n_decoder_layers=0
seed=0    avg_loss: 0.000000114008  time_per_window : 0.000186   progress : 0.339
name: models.architecture.block_type=attention
training.mode=gml_rollout
models.out_dim=10
models.architecture.n_encoder_layers=1
models.architecture.n_decoder_layers=0
seed=0    avg_loss: 0.000000086090  time_per_window : 0.000201   progress : 0.350
name: models.architecture.block_type=attention
training.mode=gml_rollout
models.out_dim=10
models.architecture.n_encoder_layers=1
models.architecture.n_decoder_layers=0
seed=0    avg_loss: 0.000000096583  time_per_window : 0.000207   progress : 0.360
name: models.architecture.block_type=attention
training.mode=gml_rollout
models.out_dim=10
models.architecture.n_encoder_layers=1
models.architecture.n_decoder_layers=0
seed=0    avg_loss: 0.000000110013  time_per_window : 0.000210   progress : 0.371
name: models.architecture.block_type=attention
training.mode=gml_rollout
models.out_dim=10
models.architecture.n_encoder_layers=1
models.architecture.n_decoder_layers=0
seed=0    avg_loss: 0.000000093530  time_per_window : 0.000197   progress : 0.382
name: models.architecture.block_type=attention
training.mode=gml_rollout
models.out_dim=10
models.architecture.n_encoder_layers=1
models.architecture.n_decoder_layers=0
seed=0    avg_loss: 0.000000109442  time_per_window : 0.000203   progress : 0.393
name: models.architecture.block_type=attention
training.mode=gml_rollout
models.out_dim=10
models.architecture.n_encoder_layers=1
models.architecture.n_decoder_layers=0
seed=0    avg_loss: 0.000000107418  time_per_window : 0.000234   progress : 0.404
name: models.architecture.block_type=attention
training.mode=gml_rollout
models.out_dim=10
models.architecture.n_encoder_layers=1
models.architecture.n_decoder_layers=0
seed=0    avg_loss: 0.000000099118  time_per_window : 0.000197   progress : 0.415
name: models.architecture.block_type=attention
training.mode=gml_rollout
models.out_dim=10
models.architecture.n_encoder_layers=1
models.architecture.n_decoder_layers=0
seed=0    avg_loss: 0.000000084389  time_per_window : 0.000214   progress : 0.426
name: models.architecture.block_type=attention
training.mode=gml_rollout
models.out_dim=10
models.architecture.n_encoder_layers=1
models.architecture.n_decoder_layers=0
seed=0    avg_loss: 0.000000116063  time_per_window : 0.000213   progress : 0.437
name: models.architecture.block_type=attention
training.mode=gml_rollout
models.out_dim=10
models.architecture.n_encoder_layers=1
models.architecture.n_decoder_layers=0
seed=0    avg_loss: 0.000000096566  time_per_window : 0.000217   progress : 0.448
name: models.architecture.block_type=attention
training.mode=gml_rollout
models.out_dim=10
models.architecture.n_encoder_layers=1
models.architecture.n_decoder_layers=0
seed=0    avg_loss: 0.000000094504  time_per_window : 0.000201   progress : 0.459
name: models.architecture.block_type=attention
training.mode=gml_rollout
models.out_dim=10
models.architecture.n_encoder_layers=1
models.architecture.n_decoder_layers=0
seed=0    avg_loss: 0.000000096936  time_per_window : 0.000214   progress : 0.470
name: models.architecture.block_type=attention
training.mode=gml_rollout
models.out_dim=10
models.architecture.n_encoder_layers=1
models.architecture.n_decoder_layers=0
seed=0    avg_loss: 0.000000074193  time_per_window : 0.000230   progress : 0.481
name: models.architecture.block_type=attention
training.mode=gml_rollout
models.out_dim=10
models.architecture.n_encoder_layers=1
models.architecture.n_decoder_layers=0
seed=0    avg_loss: 0.000000101860  time_per_window : 0.000194   progress : 0.492
name: models.architecture.block_type=attention
training.mode=gml_rollout
models.out_dim=10
models.architecture.n_encoder_layers=1
models.architecture.n_decoder_layers=0
seed=0    avg_loss: 0.000000106052  time_per_window : 0.000206   progress : 0.502
name: models.architecture.block_type=attention
training.mode=gml_rollout
models.out_dim=10
models.architecture.n_encoder_layers=1
models.architecture.n_decoder_layers=0
seed=0    avg_loss: 0.000000082629  time_per_window : 0.000202   progress : 0.513
name: models.architecture.block_type=attention
training.mode=gml_rollout
models.out_dim=10
models.architecture.n_encoder_layers=1
models.architecture.n_decoder_layers=0
seed=0    avg_loss: 0.000000095112  time_per_window : 0.000181   progress : 0.524
name: models.architecture.block_type=attention
training.mode=gml_rollout
models.out_dim=10
models.architecture.n_encoder_layers=1
models.architecture.n_decoder_layers=0
seed=0    avg_loss: 0.000000096973  time_per_window : 0.000188   progress : 0.535
name: models.architecture.block_type=attention
training.mode=gml_rollout
models.out_dim=10
models.architecture.n_encoder_layers=1
models.architecture.n_decoder_layers=0
seed=0    avg_loss: 0.000000098241  time_per_window : 0.000196   progress : 0.546
name: models.architecture.block_type=attention
training.mode=gml_rollout
models.out_dim=10
models.architecture.n_encoder_layers=1
models.architecture.n_decoder_layers=0
seed=0    avg_loss: 0.000000093523  time_per_window : 0.000202   progress : 0.557
name: models.architecture.block_type=attention
training.mode=gml_rollout
models.out_dim=10
models.architecture.n_encoder_layers=1
models.architecture.n_decoder_layers=0
seed=0    avg_loss: 0.000000096476  time_per_window : 0.000200   progress : 0.568
name: models.architecture.block_type=attention
training.mode=gml_rollout
models.out_dim=10
models.architecture.n_encoder_layers=1
models.architecture.n_decoder_layers=0
seed=0    avg_loss: 0.000000082756  time_per_window : 0.000197   progress : 0.579
name: models.architecture.block_type=attention
training.mode=gml_rollout
models.out_dim=10
models.architecture.n_encoder_layers=1
models.architecture.n_decoder_layers=0
seed=0    avg_loss: 0.000000103739  time_per_window : 0.000181   progress : 0.590
name: models.architecture.block_type=attention
training.mode=gml_rollout
models.out_dim=10
models.architecture.n_encoder_layers=1
models.architecture.n_decoder_layers=0
seed=0    avg_loss: 0.000000089408  time_per_window : 0.000226   progress : 0.601
name: models.architecture.block_type=attention
training.mode=gml_rollout
models.out_dim=10
models.architecture.n_encoder_layers=1
models.architecture.n_decoder_layers=0
seed=0    avg_loss: 0.000000094933  time_per_window : 0.000230   progress : 0.612
name: models.architecture.block_type=attention
training.mode=gml_rollout
models.out_dim=10
models.architecture.n_encoder_layers=1
models.architecture.n_decoder_layers=0
seed=0    avg_loss: 0.000000127724  time_per_window : 0.000221   progress : 0.623
name: models.architecture.block_type=attention
training.mode=gml_rollout
models.out_dim=10
models.architecture.n_encoder_layers=1
models.architecture.n_decoder_layers=0
seed=0    avg_loss: 0.000000084732  time_per_window : 0.000208   progress : 0.634
name: models.architecture.block_type=attention
training.mode=gml_rollout
models.out_dim=10
models.architecture.n_encoder_layers=1
models.architecture.n_decoder_layers=0
seed=0    avg_loss: 0.000000080262  time_per_window : 0.000189   progress : 0.644
name: models.architecture.block_type=attention
training.mode=gml_rollout
models.out_dim=10
models.architecture.n_encoder_layers=1
models.architecture.n_decoder_layers=0
seed=0    avg_loss: 0.000000069452  time_per_window : 0.000205   progress : 0.655
name: models.architecture.block_type=attention
training.mode=gml_rollout
models.out_dim=10
models.architecture.n_encoder_layers=1
models.architecture.n_decoder_layers=0
seed=0    avg_loss: 0.000000101757  time_per_window : 0.000225   progress : 0.666
name: models.architecture.block_type=attention
training.mode=gml_rollout
models.out_dim=10
models.architecture.n_encoder_layers=1
models.architecture.n_decoder_layers=0
seed=0    avg_loss: 0.000000079267  time_per_window : 0.000207   progress : 0.677
name: models.architecture.block_type=attention
training.mode=gml_rollout
models.out_dim=10
models.architecture.n_encoder_layers=1
models.architecture.n_decoder_layers=0
seed=0    avg_loss: 0.000000081530  time_per_window : 0.000200   progress : 0.688
name: models.architecture.block_type=attention
training.mode=gml_rollout
models.out_dim=10
models.architecture.n_encoder_layers=1
models.architecture.n_decoder_layers=0
seed=0    avg_loss: 0.000000080482  time_per_window : 0.000211   progress : 0.699
name: models.architecture.block_type=attention
training.mode=gml_rollout
models.out_dim=10
models.architecture.n_encoder_layers=1
models.architecture.n_decoder_layers=0
seed=0    avg_loss: 0.000000091239  time_per_window : 0.000216   progress : 0.710
name: models.architecture.block_type=attention
training.mode=gml_rollout
models.out_dim=10
models.architecture.n_encoder_layers=1
models.architecture.n_decoder_layers=0
seed=0    avg_loss: 0.000000081912  time_per_window : 0.000196   progress : 0.721
name: models.architecture.block_type=attention
training.mode=gml_rollout
models.out_dim=10
models.architecture.n_encoder_layers=1
models.architecture.n_decoder_layers=0
seed=0    avg_loss: 0.000000081716  time_per_window : 0.000214   progress : 0.732
name: models.architecture.block_type=attention
training.mode=gml_rollout
models.out_dim=10
models.architecture.n_encoder_layers=1
models.architecture.n_decoder_layers=0
seed=0    avg_loss: 0.000000079334  time_per_window : 0.000229   progress : 0.743
name: models.architecture.block_type=attention
training.mode=gml_rollout
models.out_dim=10
models.architecture.n_encoder_layers=1
models.architecture.n_decoder_layers=0
seed=0    avg_loss: 0.000000078154  time_per_window : 0.000237   progress : 0.754
name: models.architecture.block_type=attention
training.mode=gml_rollout
models.out_dim=10
models.architecture.n_encoder_layers=1
models.architecture.n_decoder_layers=0
seed=0    avg_loss: 0.000000092814  time_per_window : 0.000210   progress : 0.765
name: models.architecture.block_type=attention
training.mode=gml_rollout
models.out_dim=10
models.architecture.n_encoder_layers=1
models.architecture.n_decoder_layers=0
seed=0    avg_loss: 0.000000092634  time_per_window : 0.000215   progress : 0.775
name: models.architecture.block_type=attention
training.mode=gml_rollout
models.out_dim=10
models.architecture.n_encoder_layers=1
models.architecture.n_decoder_layers=0
seed=0    avg_loss: 0.000000090682  time_per_window : 0.000192   progress : 0.786
name: models.architecture.block_type=attention
training.mode=gml_rollout
models.out_dim=10
models.architecture.n_encoder_layers=1
models.architecture.n_decoder_layers=0
seed=0    avg_loss: 0.000000090535  time_per_window : 0.000221   progress : 0.797
name: models.architecture.block_type=attention
training.mode=gml_rollout
models.out_dim=10
models.architecture.n_encoder_layers=1
models.architecture.n_decoder_layers=0
seed=0    avg_loss: 0.000000084687  time_per_window : 0.000204   progress : 0.808
name: models.architecture.block_type=attention
training.mode=gml_rollout
models.out_dim=10
models.architecture.n_encoder_layers=1
models.architecture.n_decoder_layers=0
seed=0    avg_loss: 0.000000067370  time_per_window : 0.000207   progress : 0.819
name: models.architecture.block_type=attention
training.mode=gml_rollout
models.out_dim=10
models.architecture.n_encoder_layers=1
models.architecture.n_decoder_layers=0
seed=0    avg_loss: 0.000000068745  time_per_window : 0.000192   progress : 0.830
name: models.architecture.block_type=attention
training.mode=gml_rollout
models.out_dim=10
models.architecture.n_encoder_layers=1
models.architecture.n_decoder_layers=0
seed=0    avg_loss: 0.000000075507  time_per_window : 0.000209   progress : 0.841
name: models.architecture.block_type=attention
training.mode=gml_rollout
models.out_dim=10
models.architecture.n_encoder_layers=1
models.architecture.n_decoder_layers=0
seed=0    avg_loss: 0.000000082065  time_per_window : 0.000240   progress : 0.852
name: models.architecture.block_type=attention
training.mode=gml_rollout
models.out_dim=10
models.architecture.n_encoder_layers=1
models.architecture.n_decoder_layers=0
seed=0    avg_loss: 0.000000100808  time_per_window : 0.000207   progress : 0.863
name: models.architecture.block_type=attention
training.mode=gml_rollout
models.out_dim=10
models.architecture.n_encoder_layers=1
models.architecture.n_decoder_layers=0
seed=0    avg_loss: 0.000000074811  time_per_window : 0.000189   progress : 0.874
name: models.architecture.block_type=attention
training.mode=gml_rollout
models.out_dim=10
models.architecture.n_encoder_layers=1
models.architecture.n_decoder_layers=0
seed=0    avg_loss: 0.000000079767  time_per_window : 0.000214   progress : 0.885
name: models.architecture.block_type=attention
training.mode=gml_rollout
models.out_dim=10
models.architecture.n_encoder_layers=1
models.architecture.n_decoder_layers=0
seed=0    avg_loss: 0.000000073786  time_per_window : 0.000205   progress : 0.896
name: models.architecture.block_type=attention
training.mode=gml_rollout
models.out_dim=10
models.architecture.n_encoder_layers=1
models.architecture.n_decoder_layers=0
seed=0    avg_loss: 0.000000078230  time_per_window : 0.000213   progress : 0.907
name: models.architecture.block_type=attention
training.mode=gml_rollout
models.out_dim=10
models.architecture.n_encoder_layers=1
models.architecture.n_decoder_layers=0
seed=0    avg_loss: 0.000000091908  time_per_window : 0.000198   progress : 0.917
name: models.architecture.block_type=attention
training.mode=gml_rollout
models.out_dim=10
models.architecture.n_encoder_layers=1
models.architecture.n_decoder_layers=0
seed=0    avg_loss: 0.000000068088  time_per_window : 0.000211   progress : 0.928
name: models.architecture.block_type=attention
training.mode=gml_rollout
models.out_dim=10
models.architecture.n_encoder_layers=1
models.architecture.n_decoder_layers=0
seed=0    avg_loss: 0.000000074839  time_per_window : 0.000196   progress : 0.939
name: models.architecture.block_type=attention
training.mode=gml_rollout
models.out_dim=10
models.architecture.n_encoder_layers=1
models.architecture.n_decoder_layers=0
seed=0    avg_loss: 0.000000086898  time_per_window : 0.000230   progress : 0.950
name: models.architecture.block_type=attention
training.mode=gml_rollout
models.out_dim=10
models.architecture.n_encoder_layers=1
models.architecture.n_decoder_layers=0
seed=0    avg_loss: 0.000000080319  time_per_window : 0.000203   progress : 0.961
name: models.architecture.block_type=attention
training.mode=gml_rollout
models.out_dim=10
models.architecture.n_encoder_layers=1
models.architecture.n_decoder_layers=0
seed=0    avg_loss: 0.000000089154  time_per_window : 0.000216   progress : 0.972
name: models.architecture.block_type=attention
training.mode=gml_rollout
models.out_dim=10
models.architecture.n_encoder_layers=1
models.architecture.n_decoder_layers=0
seed=0    avg_loss: 0.000000081541  time_per_window : 0.000189   progress : 0.983
name: models.architecture.block_type=attention
training.mode=gml_rollout
models.out_dim=10
models.architecture.n_encoder_layers=1
models.architecture.n_decoder_layers=0
seed=0    avg_loss: 0.000000078830  time_per_window : 0.000222   progress : 0.994
name: models.architecture.block_type=attention
training.mode=gml_rollout
models.out_dim=10
models.architecture.n_encoder_layers=1
models.architecture.n_decoder_layers=0
seed=0    avg_loss: 0.000021619109  time_per_window : 0.000229   progress : 0.011
name: models.architecture.block_type=attention
training.mode=gml_rollout
models.out_dim=10
models.architecture.n_encoder_layers=1
models.architecture.n_decoder_layers=0
seed=0    avg_loss: 0.000002997638  time_per_window : 0.000185   progress : 0.022
name: models.architecture.block_type=attention
training.mode=gml_rollout
models.out_dim=10
models.architecture.n_encoder_layers=1
models.architecture.n_decoder_layers=0
seed=0    avg_loss: 0.000002956444  time_per_window : 0.000201   progress : 0.033
name: models.architecture.block_type=attention
training.mode=gml_rollout
models.out_dim=10
models.architecture.n_encoder_layers=1
models.architecture.n_decoder_layers=0
seed=0    avg_loss: 0.000002873854  time_per_window : 0.000202   progress : 0.044
name: models.architecture.block_type=attention
training.mode=gml_rollout
models.out_dim=10
models.architecture.n_encoder_layers=1
models.architecture.n_decoder_layers=0
seed=0    avg_loss: 0.000002542587  time_per_window : 0.000184   progress : 0.055
name: models.architecture.block_type=attention
training.mode=gml_rollout
models.out_dim=10
models.architecture.n_encoder_layers=1
models.architecture.n_decoder_layers=0
seed=0    avg_loss: 0.000002104249  time_per_window : 0.000206   progress : 0.066
name: models.architecture.block_type=attention
training.mode=gml_rollout
models.out_dim=10
models.architecture.n_encoder_layers=1
models.architecture.n_decoder_layers=0
seed=0    avg_loss: 0.000001669055  time_per_window : 0.000251   progress : 0.076
name: models.architecture.block_type=attention
training.mode=gml_rollout
models.out_dim=10
models.architecture.n_encoder_layers=1
models.architecture.n_decoder_layers=0
seed=0    avg_loss: 0.000001603320  time_per_window : 0.000197   progress : 0.087
name: models.architecture.block_type=attention
training.mode=gml_rollout
models.out_dim=10
models.architecture.n_encoder_layers=1
models.architecture.n_decoder_layers=0
seed=0    avg_loss: 0.000001624361  time_per_window : 0.000202   progress : 0.098
name: models.architecture.block_type=attention
training.mode=gml_rollout
models.out_dim=10
models.architecture.n_encoder_layers=1
models.architecture.n_decoder_layers=0
seed=0    avg_loss: 0.000001381572  time_per_window : 0.000209   progress : 0.109
name: models.architecture.block_type=attention
training.mode=gml_rollout
models.out_dim=10
models.architecture.n_encoder_layers=1
models.architecture.n_decoder_layers=0
seed=0    avg_loss: 0.000001328158  time_per_window : 0.000208   progress : 0.120
name: models.architecture.block_type=attention
training.mode=gml_rollout
models.out_dim=10
models.architecture.n_encoder_layers=1
models.architecture.n_decoder_layers=0
seed=0    avg_loss: 0.000001417648  time_per_window : 0.000215   progress : 0.131
name: models.architecture.block_type=attention
training.mode=gml_rollout
models.out_dim=10
models.architecture.n_encoder_layers=1
models.architecture.n_decoder_layers=0
seed=0    avg_loss: 0.000001478230  time_per_window : 0.000235   progress : 0.142
name: models.architecture.block_type=attention
training.mode=gml_rollout
models.out_dim=10
models.architecture.n_encoder_layers=1
models.architecture.n_decoder_layers=0
seed=0    avg_loss: 0.000001256660  time_per_window : 0.000215   progress : 0.153
name: models.architecture.block_type=attention
training.mode=gml_rollout
models.out_dim=10
models.architecture.n_encoder_layers=1
models.architecture.n_decoder_layers=0
seed=0    avg_loss: 0.000001087442  time_per_window : 0.000197   progress : 0.164
name: models.architecture.block_type=attention
training.mode=gml_rollout
models.out_dim=10
models.architecture.n_encoder_layers=1
models.architecture.n_decoder_layers=0
seed=0    avg_loss: 0.000001210043  time_per_window : 0.000223   progress : 0.175
name: models.architecture.block_type=attention
training.mode=gml_rollout
models.out_dim=10
models.architecture.n_encoder_layers=1
models.architecture.n_decoder_layers=0
seed=0    avg_loss: 0.000001111179  time_per_window : 0.000219   progress : 0.186
name: models.architecture.block_type=attention
training.mode=gml_rollout
models.out_dim=10
models.architecture.n_encoder_layers=1
models.architecture.n_decoder_layers=0
seed=0    avg_loss: 0.000000951098  time_per_window : 0.000173   progress : 0.197
name: models.architecture.block_type=attention
training.mode=gml_rollout
models.out_dim=10
models.architecture.n_encoder_layers=1
models.architecture.n_decoder_layers=0
seed=0    avg_loss: 0.000000929761  time_per_window : 0.000198   progress : 0.208
name: models.architecture.block_type=attention
training.mode=gml_rollout
models.out_dim=10
models.architecture.n_encoder_layers=1
models.architecture.n_decoder_layers=0
seed=0    avg_loss: 0.000001053096  time_per_window : 0.000198   progress : 0.218
name: models.architecture.block_type=attention
training.mode=gml_rollout
models.out_dim=10
models.architecture.n_encoder_layers=1
models.architecture.n_decoder_layers=0
seed=0    avg_loss: 0.000001107961  time_per_window : 0.000207   progress : 0.229
name: models.architecture.block_type=attention
training.mode=gml_rollout
models.out_dim=10
models.architecture.n_encoder_layers=1
models.architecture.n_decoder_layers=0
seed=0    avg_loss: 0.000000806420  time_per_window : 0.000203   progress : 0.240
name: models.architecture.block_type=attention
training.mode=gml_rollout
models.out_dim=10
models.architecture.n_encoder_layers=1
models.architecture.n_decoder_layers=0
seed=0    avg_loss: 0.000000980244  time_per_window : 0.000211   progress : 0.251
name: models.architecture.block_type=attention
training.mode=gml_rollout
models.out_dim=10
models.architecture.n_encoder_layers=1
models.architecture.n_decoder_layers=0
seed=0    avg_loss: 0.000000826934  time_per_window : 0.000179   progress : 0.262
name: models.architecture.block_type=attention
training.mode=gml_rollout
models.out_dim=10
models.architecture.n_encoder_layers=1
models.architecture.n_decoder_layers=0
seed=0    avg_loss: 0.000000911942  time_per_window : 0.000188   progress : 0.273
name: models.architecture.block_type=attention
training.mode=gml_rollout
models.out_dim=10
models.architecture.n_encoder_layers=1
models.architecture.n_decoder_layers=0
seed=0    avg_loss: 0.000000922569  time_per_window : 0.000215   progress : 0.284
name: models.architecture.block_type=attention
training.mode=gml_rollout
models.out_dim=10
models.architecture.n_encoder_layers=1
models.architecture.n_decoder_layers=0
seed=0    avg_loss: 0.000000824966  time_per_window : 0.000218   progress : 0.295
name: models.architecture.block_type=attention
training.mode=gml_rollout
models.out_dim=10
models.architecture.n_encoder_layers=1
models.architecture.n_decoder_layers=0
seed=0    avg_loss: 0.000000901094  time_per_window : 0.000207   progress : 0.306
name: models.architecture.block_type=attention
training.mode=gml_rollout
models.out_dim=10
models.architecture.n_encoder_layers=1
models.architecture.n_decoder_layers=0
seed=0    avg_loss: 0.000000816858  time_per_window : 0.000211   progress : 0.317
name: models.architecture.block_type=attention
training.mode=gml_rollout
models.out_dim=10
models.architecture.n_encoder_layers=1
models.architecture.n_decoder_layers=0
seed=0    avg_loss: 0.000000722727  time_per_window : 0.000205   progress : 0.328
name: models.architecture.block_type=attention
training.mode=gml_rollout
models.out_dim=10
models.architecture.n_encoder_layers=1
models.architecture.n_decoder_layers=0
seed=0    avg_loss: 0.000000711520  time_per_window : 0.000204   progress : 0.339
name: models.architecture.block_type=attention
training.mode=gml_rollout
models.out_dim=10
models.architecture.n_encoder_layers=1
models.architecture.n_decoder_layers=0
seed=0    avg_loss: 0.000000737353  time_per_window : 0.000222   progress : 0.350
name: models.architecture.block_type=attention
training.mode=gml_rollout
models.out_dim=10
models.architecture.n_encoder_layers=1
models.architecture.n_decoder_layers=0
seed=0    avg_loss: 0.000000801664  time_per_window : 0.000213   progress : 0.360
name: models.architecture.block_type=attention
training.mode=gml_rollout
models.out_dim=10
models.architecture.n_encoder_layers=1
models.architecture.n_decoder_layers=0
seed=0    avg_loss: 0.000000773375  time_per_window : 0.000196   progress : 0.371
name: models.architecture.block_type=attention
training.mode=gml_rollout
models.out_dim=10
models.architecture.n_encoder_layers=1
models.architecture.n_decoder_layers=0
seed=0    avg_loss: 0.000000766576  time_per_window : 0.000191   progress : 0.382
name: models.architecture.block_type=attention
training.mode=gml_rollout
models.out_dim=10
models.architecture.n_encoder_layers=1
models.architecture.n_decoder_layers=0
seed=0    avg_loss: 0.000000653362  time_per_window : 0.000187   progress : 0.393
name: models.architecture.block_type=attention
training.mode=gml_rollout
models.out_dim=10
models.architecture.n_encoder_layers=1
models.architecture.n_decoder_layers=0
seed=0    avg_loss: 0.000000889068  time_per_window : 0.000201   progress : 0.404
name: models.architecture.block_type=attention
training.mode=gml_rollout
models.out_dim=10
models.architecture.n_encoder_layers=1
models.architecture.n_decoder_layers=0
seed=0    avg_loss: 0.000000673434  time_per_window : 0.000210   progress : 0.415
name: models.architecture.block_type=attention
training.mode=gml_rollout
models.out_dim=10
models.architecture.n_encoder_layers=1
models.architecture.n_decoder_layers=0
seed=0    avg_loss: 0.000000664300  time_per_window : 0.000219   progress : 0.426
name: models.architecture.block_type=attention
training.mode=gml_rollout
models.out_dim=10
models.architecture.n_encoder_layers=1
models.architecture.n_decoder_layers=0
seed=0    avg_loss: 0.000000770621  time_per_window : 0.000212   progress : 0.437
name: models.architecture.block_type=attention
training.mode=gml_rollout
models.out_dim=10
models.architecture.n_encoder_layers=1
models.architecture.n_decoder_layers=0
seed=0    avg_loss: 0.000000865244  time_per_window : 0.000204   progress : 0.448
name: models.architecture.block_type=attention
training.mode=gml_rollout
models.out_dim=10
models.architecture.n_encoder_layers=1
models.architecture.n_decoder_layers=0
seed=0    avg_loss: 0.000000610948  time_per_window : 0.000197   progress : 0.459
name: models.architecture.block_type=attention
training.mode=gml_rollout
models.out_dim=10
models.architecture.n_encoder_layers=1
models.architecture.n_decoder_layers=0
seed=0    avg_loss: 0.000000853422  time_per_window : 0.000210   progress : 0.470
name: models.architecture.block_type=attention
training.mode=gml_rollout
models.out_dim=10
models.architecture.n_encoder_layers=1
models.architecture.n_decoder_layers=0
seed=0    avg_loss: 0.000000663695  time_per_window : 0.000190   progress : 0.481
name: models.architecture.block_type=attention
training.mode=gml_rollout
models.out_dim=10
models.architecture.n_encoder_layers=1
models.architecture.n_decoder_layers=0
seed=0    avg_loss: 0.000000694075  time_per_window : 0.000180   progress : 0.492
name: models.architecture.block_type=attention
training.mode=gml_rollout
models.out_dim=10
models.architecture.n_encoder_layers=1
models.architecture.n_decoder_layers=0
seed=0    avg_loss: 0.000000732908  time_per_window : 0.000216   progress : 0.502
name: models.architecture.block_type=attention
training.mode=gml_rollout
models.out_dim=10
models.architecture.n_encoder_layers=1
models.architecture.n_decoder_layers=0
seed=0    avg_loss: 0.000000646655  time_per_window : 0.000208   progress : 0.513
name: models.architecture.block_type=attention
training.mode=gml_rollout
models.out_dim=10
models.architecture.n_encoder_layers=1
models.architecture.n_decoder_layers=0
seed=0    avg_loss: 0.000000780695  time_per_window : 0.000213   progress : 0.524
name: models.architecture.block_type=attention
training.mode=gml_rollout
models.out_dim=10
models.architecture.n_encoder_layers=1
models.architecture.n_decoder_layers=0
seed=0    avg_loss: 0.000000684207  time_per_window : 0.000204   progress : 0.535
name: models.architecture.block_type=attention
training.mode=gml_rollout
models.out_dim=10
models.architecture.n_encoder_layers=1
models.architecture.n_decoder_layers=0
seed=0    avg_loss: 0.000000711783  time_per_window : 0.000200   progress : 0.546
name: models.architecture.block_type=attention
training.mode=gml_rollout
models.out_dim=10
models.architecture.n_encoder_layers=1
models.architecture.n_decoder_layers=0
seed=0    avg_loss: 0.000000651959  time_per_window : 0.000194   progress : 0.557
name: models.architecture.block_type=attention
training.mode=gml_rollout
models.out_dim=10
models.architecture.n_encoder_layers=1
models.architecture.n_decoder_layers=0
seed=0    avg_loss: 0.000000759359  time_per_window : 0.000197   progress : 0.568
name: models.architecture.block_type=attention
training.mode=gml_rollout
models.out_dim=10
models.architecture.n_encoder_layers=1
models.architecture.n_decoder_layers=0
seed=0    avg_loss: 0.000000658251  time_per_window : 0.000194   progress : 0.579
name: models.architecture.block_type=attention
training.mode=gml_rollout
models.out_dim=10
models.architecture.n_encoder_layers=1
models.architecture.n_decoder_layers=0
seed=0    avg_loss: 0.000000665728  time_per_window : 0.000209   progress : 0.590
name: models.architecture.block_type=attention
training.mode=gml_rollout
models.out_dim=10
models.architecture.n_encoder_layers=1
models.architecture.n_decoder_layers=0
seed=0    avg_loss: 0.000000668054  time_per_window : 0.000204   progress : 0.601
name: models.architecture.block_type=attention
training.mode=gml_rollout
models.out_dim=10
models.architecture.n_encoder_layers=1
models.architecture.n_decoder_layers=0
seed=0    avg_loss: 0.000000560571  time_per_window : 0.000201   progress : 0.612
name: models.architecture.block_type=attention
training.mode=gml_rollout
models.out_dim=10
models.architecture.n_encoder_layers=1
models.architecture.n_decoder_layers=0
seed=0    avg_loss: 0.000000663073  time_per_window : 0.000245   progress : 0.623
name: models.architecture.block_type=attention
training.mode=gml_rollout
models.out_dim=10
models.architecture.n_encoder_layers=1
models.architecture.n_decoder_layers=0
seed=0    avg_loss: 0.000000590296  time_per_window : 0.000217   progress : 0.634
name: models.architecture.block_type=attention
training.mode=gml_rollout
models.out_dim=10
models.architecture.n_encoder_layers=1
models.architecture.n_decoder_layers=0
seed=0    avg_loss: 0.000000688895  time_per_window : 0.000200   progress : 0.644
name: models.architecture.block_type=attention
training.mode=gml_rollout
models.out_dim=10
models.architecture.n_encoder_layers=1
models.architecture.n_decoder_layers=0
seed=0    avg_loss: 0.000000584598  time_per_window : 0.000223   progress : 0.655
name: models.architecture.block_type=attention
training.mode=gml_rollout
models.out_dim=10
models.architecture.n_encoder_layers=1
models.architecture.n_decoder_layers=0
seed=0    avg_loss: 0.000000615158  time_per_window : 0.000209   progress : 0.666
name: models.architecture.block_type=attention
training.mode=gml_rollout
models.out_dim=10
models.architecture.n_encoder_layers=1
models.architecture.n_decoder_layers=0
seed=0    avg_loss: 0.000000590953  time_per_window : 0.000206   progress : 0.677
name: models.architecture.block_type=attention
training.mode=gml_rollout
models.out_dim=10
models.architecture.n_encoder_layers=1
models.architecture.n_decoder_layers=0
seed=0    avg_loss: 0.000000601320  time_per_window : 0.000178   progress : 0.688
name: models.architecture.block_type=attention
training.mode=gml_rollout
models.out_dim=10
models.architecture.n_encoder_layers=1
models.architecture.n_decoder_layers=0
seed=0    avg_loss: 0.000000609520  time_per_window : 0.000190   progress : 0.699
name: models.architecture.block_type=attention
training.mode=gml_rollout
models.out_dim=10
models.architecture.n_encoder_layers=1
models.architecture.n_decoder_layers=0
seed=0    avg_loss: 0.000000542778  time_per_window : 0.000213   progress : 0.710
name: models.architecture.block_type=attention
training.mode=gml_rollout
models.out_dim=10
models.architecture.n_encoder_layers=1
models.architecture.n_decoder_layers=0
seed=0    avg_loss: 0.000000614488  time_per_window : 0.000219   progress : 0.721
name: models.architecture.block_type=attention
training.mode=gml_rollout
models.out_dim=10
models.architecture.n_encoder_layers=1
models.architecture.n_decoder_layers=0
seed=0    avg_loss: 0.000000619744  time_per_window : 0.000216   progress : 0.732
name: models.architecture.block_type=attention
training.mode=gml_rollout
models.out_dim=10
models.architecture.n_encoder_layers=1
models.architecture.n_decoder_layers=0
seed=0    avg_loss: 0.000000591839  time_per_window : 0.000226   progress : 0.743
name: models.architecture.block_type=attention
training.mode=gml_rollout
models.out_dim=10
models.architecture.n_encoder_layers=1
models.architecture.n_decoder_layers=0
seed=0    avg_loss: 0.000000639232  time_per_window : 0.000205   progress : 0.754
name: models.architecture.block_type=attention
training.mode=gml_rollout
models.out_dim=10
models.architecture.n_encoder_layers=1
models.architecture.n_decoder_layers=0
seed=0    avg_loss: 0.000000679781  time_per_window : 0.000191   progress : 0.765
name: models.architecture.block_type=attention
training.mode=gml_rollout
models.out_dim=10
models.architecture.n_encoder_layers=1
models.architecture.n_decoder_layers=0
seed=0    avg_loss: 0.000000591368  time_per_window : 0.000227   progress : 0.775
name: models.architecture.block_type=attention
training.mode=gml_rollout
models.out_dim=10
models.architecture.n_encoder_layers=1
models.architecture.n_decoder_layers=0
seed=0    avg_loss: 0.000000724037  time_per_window : 0.000197   progress : 0.786
name: models.architecture.block_type=attention
training.mode=gml_rollout
models.out_dim=10
models.architecture.n_encoder_layers=1
models.architecture.n_decoder_layers=0
seed=0    avg_loss: 0.000000687075  time_per_window : 0.000209   progress : 0.797
name: models.architecture.block_type=attention
training.mode=gml_rollout
models.out_dim=10
models.architecture.n_encoder_layers=1
models.architecture.n_decoder_layers=0
seed=0    avg_loss: 0.000000536694  time_per_window : 0.000216   progress : 0.808
name: models.architecture.block_type=attention
training.mode=gml_rollout
models.out_dim=10
models.architecture.n_encoder_layers=1
models.architecture.n_decoder_layers=0
seed=0    avg_loss: 0.000000522532  time_per_window : 0.000213   progress : 0.819
name: models.architecture.block_type=attention
training.mode=gml_rollout
models.out_dim=10
models.architecture.n_encoder_layers=1
models.architecture.n_decoder_layers=0
seed=0    avg_loss: 0.000000582918  time_per_window : 0.000228   progress : 0.830
name: models.architecture.block_type=attention
training.mode=gml_rollout
models.out_dim=10
models.architecture.n_encoder_layers=1
models.architecture.n_decoder_layers=0
seed=0    avg_loss: 0.000000643483  time_per_window : 0.000218   progress : 0.841
name: models.architecture.block_type=attention
training.mode=gml_rollout
models.out_dim=10
models.architecture.n_encoder_layers=1
models.architecture.n_decoder_layers=0
seed=0    avg_loss: 0.000000763564  time_per_window : 0.000213   progress : 0.852
name: models.architecture.block_type=attention
training.mode=gml_rollout
models.out_dim=10
models.architecture.n_encoder_layers=1
models.architecture.n_decoder_layers=0
seed=0    avg_loss: 0.000000597750  time_per_window : 0.000213   progress : 0.863
name: models.architecture.block_type=attention
training.mode=gml_rollout
models.out_dim=10
models.architecture.n_encoder_layers=1
models.architecture.n_decoder_layers=0
seed=0    avg_loss: 0.000000623241  time_per_window : 0.000200   progress : 0.874
name: models.architecture.block_type=attention
training.mode=gml_rollout
models.out_dim=10
models.architecture.n_encoder_layers=1
models.architecture.n_decoder_layers=0
seed=0    avg_loss: 0.000000597305  time_per_window : 0.000206   progress : 0.885
name: models.architecture.block_type=attention
training.mode=gml_rollout
models.out_dim=10
models.architecture.n_encoder_layers=1
models.architecture.n_decoder_layers=0
seed=0    avg_loss: 0.000000563695  time_per_window : 0.000209   progress : 0.896
name: models.architecture.block_type=attention
training.mode=gml_rollout
models.out_dim=10
models.architecture.n_encoder_layers=1
models.architecture.n_decoder_layers=0
seed=0    avg_loss: 0.000000523213  time_per_window : 0.000196   progress : 0.907
name: models.architecture.block_type=attention
training.mode=gml_rollout
models.out_dim=10
models.architecture.n_encoder_layers=1
models.architecture.n_decoder_layers=0
seed=0    avg_loss: 0.000000643421  time_per_window : 0.000217   progress : 0.917
name: models.architecture.block_type=attention
training.mode=gml_rollout
models.out_dim=10
models.architecture.n_encoder_layers=1
models.architecture.n_decoder_layers=0
seed=0    avg_loss: 0.000000547173  time_per_window : 0.000226   progress : 0.928
name: models.architecture.block_type=attention
training.mode=gml_rollout
models.out_dim=10
models.architecture.n_encoder_layers=1
models.architecture.n_decoder_layers=0
seed=0    avg_loss: 0.000000645851  time_per_window : 0.000199   progress : 0.939
name: models.architecture.block_type=attention
training.mode=gml_rollout
models.out_dim=10
models.architecture.n_encoder_layers=1
models.architecture.n_decoder_layers=0
seed=0    avg_loss: 0.000000626190  time_per_window : 0.000234   progress : 0.950
name: models.architecture.block_type=attention
training.mode=gml_rollout
models.out_dim=10
models.architecture.n_encoder_layers=1
models.architecture.n_decoder_layers=0
seed=0    avg_loss: 0.000000601635  time_per_window : 0.000200   progress : 0.961
name: models.architecture.block_type=attention
training.mode=gml_rollout
models.out_dim=10
models.architecture.n_encoder_layers=1
models.architecture.n_decoder_layers=0
seed=0    avg_loss: 0.000000573564  time_per_window : 0.000232   progress : 0.972
name: models.architecture.block_type=attention
training.mode=gml_rollout
models.out_dim=10
models.architecture.n_encoder_layers=1
models.architecture.n_decoder_layers=0
seed=0    avg_loss: 0.000000587851  time_per_window : 0.000202   progress : 0.983
name: models.architecture.block_type=attention
training.mode=gml_rollout
models.out_dim=10
models.architecture.n_encoder_layers=1
models.architecture.n_decoder_layers=0
seed=0    avg_loss: 0.000000556236  time_per_window : 0.000198   progress : 0.994
name: models.architecture.block_type=attention
training.mode=gml_rollout
models.out_dim=10
models.architecture.n_encoder_layers=1
models.architecture.n_decoder_layers=0
seed=0    avg_loss: -65.632064819336  time_per_window : 0.000312   progress : 0.011
name: models.architecture.block_type=attention
training.mode=gml_rollout
models.out_dim=10
models.architecture.n_encoder_layers=1
models.architecture.n_decoder_layers=0
seed=0    avg_loss: -68.846969604492  time_per_window : 0.000272   progress : 0.022
name: models.architecture.block_type=attention
training.mode=gml_rollout
models.out_dim=10
models.architecture.n_encoder_layers=1
models.architecture.n_decoder_layers=0
seed=0    avg_loss: -68.934036254883  time_per_window : 0.000294   progress : 0.033
name: models.architecture.block_type=attention
training.mode=gml_rollout
models.out_dim=10
models.architecture.n_encoder_layers=1
models.architecture.n_decoder_layers=0
seed=0    avg_loss: -68.954254150391  time_per_window : 0.000287   progress : 0.044
name: models.architecture.block_type=attention
training.mode=gml_rollout
models.out_dim=10
models.architecture.n_encoder_layers=1
models.architecture.n_decoder_layers=0
seed=0    avg_loss: -68.954505920410  time_per_window : 0.000263   progress : 0.055
name: models.architecture.block_type=attention
training.mode=gml_rollout
models.out_dim=10
models.architecture.n_encoder_layers=1
models.architecture.n_decoder_layers=0
seed=0    avg_loss: -68.957511901855  time_per_window : 0.000276   progress : 0.066
name: models.architecture.block_type=attention
training.mode=gml_rollout
models.out_dim=10
models.architecture.n_encoder_layers=1
models.architecture.n_decoder_layers=0
seed=0    avg_loss: -68.960624694824  time_per_window : 0.000292   progress : 0.076
name: models.architecture.block_type=attention
training.mode=gml_rollout
models.out_dim=10
models.architecture.n_encoder_layers=1
models.architecture.n_decoder_layers=0
seed=0    avg_loss: -68.966087341309  time_per_window : 0.000321   progress : 0.087
name: models.architecture.block_type=attention
training.mode=gml_rollout
models.out_dim=10
models.architecture.n_encoder_layers=1
models.architecture.n_decoder_layers=0
seed=0    avg_loss: -68.975196838379  time_per_window : 0.000259   progress : 0.098
name: models.architecture.block_type=attention
training.mode=gml_rollout
models.out_dim=10
models.architecture.n_encoder_layers=1
models.architecture.n_decoder_layers=0
seed=0    avg_loss: -68.971565246582  time_per_window : 0.000282   progress : 0.109
name: models.architecture.block_type=attention
training.mode=gml_rollout
models.out_dim=10
models.architecture.n_encoder_layers=1
models.architecture.n_decoder_layers=0
seed=0    avg_loss: -68.971122741699  time_per_window : 0.000281   progress : 0.120
name: models.architecture.block_type=attention
training.mode=gml_rollout
models.out_dim=10
models.architecture.n_encoder_layers=1
models.architecture.n_decoder_layers=0
seed=0    avg_loss: -68.975639343262  time_per_window : 0.000273   progress : 0.131
name: models.architecture.block_type=attention
training.mode=gml_rollout
models.out_dim=10
models.architecture.n_encoder_layers=1
models.architecture.n_decoder_layers=0
seed=0    avg_loss: -68.968963623047  time_per_window : 0.000296   progress : 0.142
name: models.architecture.block_type=attention
training.mode=gml_rollout
models.out_dim=10
models.architecture.n_encoder_layers=1
models.architecture.n_decoder_layers=0
seed=0    avg_loss: -68.974952697754  time_per_window : 0.000269   progress : 0.153
name: models.architecture.block_type=attention
training.mode=gml_rollout
models.out_dim=10
models.architecture.n_encoder_layers=1
models.architecture.n_decoder_layers=0
seed=0    avg_loss: -68.980201721191  time_per_window : 0.000281   progress : 0.164
name: models.architecture.block_type=attention
training.mode=gml_rollout
models.out_dim=10
models.architecture.n_encoder_layers=1
models.architecture.n_decoder_layers=0
seed=0    avg_loss: -68.969444274902  time_per_window : 0.000321   progress : 0.175
name: models.architecture.block_type=attention
training.mode=gml_rollout
models.out_dim=10
models.architecture.n_encoder_layers=1
models.architecture.n_decoder_layers=0
seed=0    avg_loss: -68.974960327148  time_per_window : 0.000283   progress : 0.186
name: models.architecture.block_type=attention
training.mode=gml_rollout
models.out_dim=10
models.architecture.n_encoder_layers=1
models.architecture.n_decoder_layers=0
seed=0    avg_loss: -68.980056762695  time_per_window : 0.000291   progress : 0.197
name: models.architecture.block_type=attention
training.mode=gml_rollout
models.out_dim=10
models.architecture.n_encoder_layers=1
models.architecture.n_decoder_layers=0
seed=0    avg_loss: -68.982406616211  time_per_window : 0.000346   progress : 0.208
name: models.architecture.block_type=attention
training.mode=gml_rollout
models.out_dim=10
models.architecture.n_encoder_layers=1
models.architecture.n_decoder_layers=0
seed=0    avg_loss: -68.980125427246  time_per_window : 0.000246   progress : 0.218
name: models.architecture.block_type=attention
training.mode=gml_rollout
models.out_dim=10
models.architecture.n_encoder_layers=1
models.architecture.n_decoder_layers=0
seed=0    avg_loss: -68.978744506836  time_per_window : 0.000290   progress : 0.229
name: models.architecture.block_type=attention
training.mode=gml_rollout
models.out_dim=10
models.architecture.n_encoder_layers=1
models.architecture.n_decoder_layers=0
seed=0    avg_loss: -68.982009887695  time_per_window : 0.000254   progress : 0.240
name: models.architecture.block_type=attention
training.mode=gml_rollout
models.out_dim=10
models.architecture.n_encoder_layers=1
models.architecture.n_decoder_layers=0
seed=0    avg_loss: -68.971138000488  time_per_window : 0.000250   progress : 0.251
name: models.architecture.block_type=attention
training.mode=gml_rollout
models.out_dim=10
models.architecture.n_encoder_layers=1
models.architecture.n_decoder_layers=0
seed=0    avg_loss: -68.978607177734  time_per_window : 0.000278   progress : 0.262
name: models.architecture.block_type=attention
training.mode=gml_rollout
models.out_dim=10
models.architecture.n_encoder_layers=1
models.architecture.n_decoder_layers=0
seed=0    avg_loss: -68.983833312988  time_per_window : 0.000292   progress : 0.273
name: models.architecture.block_type=attention
training.mode=gml_rollout
models.out_dim=10
models.architecture.n_encoder_layers=1
models.architecture.n_decoder_layers=0
seed=0    avg_loss: -68.980773925781  time_per_window : 0.000288   progress : 0.284
name: models.architecture.block_type=attention
training.mode=gml_rollout
models.out_dim=10
models.architecture.n_encoder_layers=1
models.architecture.n_decoder_layers=0
seed=0    avg_loss: -68.980354309082  time_per_window : 0.000294   progress : 0.295
name: models.architecture.block_type=attention
training.mode=gml_rollout
models.out_dim=10
models.architecture.n_encoder_layers=1
models.architecture.n_decoder_layers=0
seed=0    avg_loss: -68.979309082031  time_per_window : 0.000266   progress : 0.306
name: models.architecture.block_type=attention
training.mode=gml_rollout
models.out_dim=10
models.architecture.n_encoder_layers=1
models.architecture.n_decoder_layers=0
seed=0    avg_loss: -68.977630615234  time_per_window : 0.000270   progress : 0.317
name: models.architecture.block_type=attention
training.mode=gml_rollout
models.out_dim=10
models.architecture.n_encoder_layers=1
models.architecture.n_decoder_layers=0
seed=0    avg_loss: -68.981399536133  time_per_window : 0.000265   progress : 0.328
name: models.architecture.block_type=attention
training.mode=gml_rollout
models.out_dim=10
models.architecture.n_encoder_layers=1
models.architecture.n_decoder_layers=0
seed=0    avg_loss: -68.981826782227  time_per_window : 0.000300   progress : 0.339
name: models.architecture.block_type=attention
training.mode=gml_rollout
models.out_dim=10
models.architecture.n_encoder_layers=1
models.architecture.n_decoder_layers=0
seed=0    avg_loss: -68.983215332031  time_per_window : 0.000268   progress : 0.350
name: models.architecture.block_type=attention
training.mode=gml_rollout
models.out_dim=10
models.architecture.n_encoder_layers=1
models.architecture.n_decoder_layers=0
seed=0    avg_loss: -68.982917785645  time_per_window : 0.000263   progress : 0.360
name: models.architecture.block_type=attention
training.mode=gml_rollout
models.out_dim=10
models.architecture.n_encoder_layers=1
models.architecture.n_decoder_layers=0
seed=0    avg_loss: -68.978645324707  time_per_window : 0.000284   progress : 0.371
name: models.architecture.block_type=attention
training.mode=gml_rollout
models.out_dim=10
models.architecture.n_encoder_layers=1
models.architecture.n_decoder_layers=0
seed=0    avg_loss: -68.980873107910  time_per_window : 0.000273   progress : 0.382
name: models.architecture.block_type=attention
training.mode=gml_rollout
models.out_dim=10
models.architecture.n_encoder_layers=1
models.architecture.n_decoder_layers=0
seed=0    avg_loss: -68.978935241699  time_per_window : 0.000300   progress : 0.393
name: models.architecture.block_type=attention
training.mode=gml_rollout
models.out_dim=10
models.architecture.n_encoder_layers=1
models.architecture.n_decoder_layers=0
seed=0    avg_loss: -68.973686218262  time_per_window : 0.000272   progress : 0.404
name: models.architecture.block_type=attention
training.mode=gml_rollout
models.out_dim=10
models.architecture.n_encoder_layers=1
models.architecture.n_decoder_layers=0
seed=0    avg_loss: -68.978256225586  time_per_window : 0.000273   progress : 0.415
name: models.architecture.block_type=attention
training.mode=gml_rollout
models.out_dim=10
models.architecture.n_encoder_layers=1
models.architecture.n_decoder_layers=0
seed=0    avg_loss: -68.974357604980  time_per_window : 0.000286   progress : 0.426
name: models.architecture.block_type=attention
training.mode=gml_rollout
models.out_dim=10
models.architecture.n_encoder_layers=1
models.architecture.n_decoder_layers=0
seed=0    avg_loss: -68.977867126465  time_per_window : 0.000290   progress : 0.437
name: models.architecture.block_type=attention
training.mode=gml_rollout
models.out_dim=10
models.architecture.n_encoder_layers=1
models.architecture.n_decoder_layers=0
seed=0    avg_loss: -68.976318359375  time_per_window : 0.000288   progress : 0.448
name: models.architecture.block_type=attention
training.mode=gml_rollout
models.out_dim=10
models.architecture.n_encoder_layers=1
models.architecture.n_decoder_layers=0
seed=0    avg_loss: -68.981010437012  time_per_window : 0.000256   progress : 0.459
name: models.architecture.block_type=attention
training.mode=gml_rollout
models.out_dim=10
models.architecture.n_encoder_layers=1
models.architecture.n_decoder_layers=0
seed=0    avg_loss: -68.979461669922  time_per_window : 0.000283   progress : 0.470
name: models.architecture.block_type=attention
training.mode=gml_rollout
models.out_dim=10
models.architecture.n_encoder_layers=1
models.architecture.n_decoder_layers=0
seed=0    avg_loss: -68.981986999512  time_per_window : 0.000305   progress : 0.481
name: models.architecture.block_type=attention
training.mode=gml_rollout
models.out_dim=10
models.architecture.n_encoder_layers=1
models.architecture.n_decoder_layers=0
seed=0    avg_loss: -68.977180480957  time_per_window : 0.000263   progress : 0.492
name: models.architecture.block_type=attention
training.mode=gml_rollout
models.out_dim=10
models.architecture.n_encoder_layers=1
models.architecture.n_decoder_layers=0
seed=0    avg_loss: -68.974761962891  time_per_window : 0.000276   progress : 0.502
name: models.architecture.block_type=attention
training.mode=gml_rollout
models.out_dim=10
models.architecture.n_encoder_layers=1
models.architecture.n_decoder_layers=0
seed=0    avg_loss: -68.976539611816  time_per_window : 0.000289   progress : 0.513
name: models.architecture.block_type=attention
training.mode=gml_rollout
models.out_dim=10
models.architecture.n_encoder_layers=1
models.architecture.n_decoder_layers=0
seed=0    avg_loss: -68.982658386230  time_per_window : 0.000276   progress : 0.524
name: models.architecture.block_type=attention
training.mode=gml_rollout
models.out_dim=10
models.architecture.n_encoder_layers=1
models.architecture.n_decoder_layers=0
seed=0    avg_loss: -68.978981018066  time_per_window : 0.000302   progress : 0.535
name: models.architecture.block_type=attention
training.mode=gml_rollout
models.out_dim=10
models.architecture.n_encoder_layers=1
models.architecture.n_decoder_layers=0
seed=0    avg_loss: -68.979080200195  time_per_window : 0.000262   progress : 0.546
name: models.architecture.block_type=attention
training.mode=gml_rollout
models.out_dim=10
models.architecture.n_encoder_layers=1
models.architecture.n_decoder_layers=0
seed=0    avg_loss: -68.982696533203  time_per_window : 0.000289   progress : 0.557
name: models.architecture.block_type=attention
training.mode=gml_rollout
models.out_dim=10
models.architecture.n_encoder_layers=1
models.architecture.n_decoder_layers=0
seed=0    avg_loss: -68.977134704590  time_per_window : 0.000285   progress : 0.568
name: models.architecture.block_type=attention
training.mode=gml_rollout
models.out_dim=10
models.architecture.n_encoder_layers=1
models.architecture.n_decoder_layers=0
seed=0    avg_loss: -68.980247497559  time_per_window : 0.000275   progress : 0.579
name: models.architecture.block_type=attention
training.mode=gml_rollout
models.out_dim=10
models.architecture.n_encoder_layers=1
models.architecture.n_decoder_layers=0
seed=0    avg_loss: -68.986312866211  time_per_window : 0.000278   progress : 0.590
name: models.architecture.block_type=attention
training.mode=gml_rollout
models.out_dim=10
models.architecture.n_encoder_layers=1
models.architecture.n_decoder_layers=0
seed=0    avg_loss: -68.982864379883  time_per_window : 0.000254   progress : 0.601
name: models.architecture.block_type=attention
training.mode=gml_rollout
models.out_dim=10
models.architecture.n_encoder_layers=1
models.architecture.n_decoder_layers=0
seed=0    avg_loss: -68.983985900879  time_per_window : 0.000291   progress : 0.612
name: models.architecture.block_type=attention
training.mode=gml_rollout
models.out_dim=10
models.architecture.n_encoder_layers=1
models.architecture.n_decoder_layers=0
seed=0    avg_loss: -68.979911804199  time_per_window : 0.000305   progress : 0.623
name: models.architecture.block_type=attention
training.mode=gml_rollout
models.out_dim=10
models.architecture.n_encoder_layers=1
models.architecture.n_decoder_layers=0
seed=0    avg_loss: -68.984825134277  time_per_window : 0.000272   progress : 0.634
name: models.architecture.block_type=attention
training.mode=gml_rollout
models.out_dim=10
models.architecture.n_encoder_layers=1
models.architecture.n_decoder_layers=0
seed=0    avg_loss: -68.982673645020  time_per_window : 0.000270   progress : 0.644
name: models.architecture.block_type=attention
training.mode=gml_rollout
models.out_dim=10
models.architecture.n_encoder_layers=1
models.architecture.n_decoder_layers=0
seed=0    avg_loss: -68.979278564453  time_per_window : 0.000266   progress : 0.655
name: models.architecture.block_type=attention
training.mode=gml_rollout
models.out_dim=10
models.architecture.n_encoder_layers=1
models.architecture.n_decoder_layers=0
seed=0    avg_loss: -68.982803344727  time_per_window : 0.000275   progress : 0.666
name: models.architecture.block_type=attention
training.mode=gml_rollout
models.out_dim=10
models.architecture.n_encoder_layers=1
models.architecture.n_decoder_layers=0
seed=0    avg_loss: -68.977279663086  time_per_window : 0.000297   progress : 0.677
name: models.architecture.block_type=attention
training.mode=gml_rollout
models.out_dim=10
models.architecture.n_encoder_layers=1
models.architecture.n_decoder_layers=0
seed=0    avg_loss: -68.981964111328  time_per_window : 0.000243   progress : 0.688
name: models.architecture.block_type=attention
training.mode=gml_rollout
models.out_dim=10
models.architecture.n_encoder_layers=1
models.architecture.n_decoder_layers=0
seed=0    avg_loss: -68.980255126953  time_per_window : 0.000265   progress : 0.699
name: models.architecture.block_type=attention
training.mode=gml_rollout
models.out_dim=10
models.architecture.n_encoder_layers=1
models.architecture.n_decoder_layers=0
seed=0    avg_loss: -68.982818603516  time_per_window : 0.000292   progress : 0.710
name: models.architecture.block_type=attention
training.mode=gml_rollout
models.out_dim=10
models.architecture.n_encoder_layers=1
models.architecture.n_decoder_layers=0
seed=0    avg_loss: -68.984184265137  time_per_window : 0.000323   progress : 0.721
name: models.architecture.block_type=attention
training.mode=gml_rollout
models.out_dim=10
models.architecture.n_encoder_layers=1
models.architecture.n_decoder_layers=0
seed=0    avg_loss: -68.979057312012  time_per_window : 0.000293   progress : 0.732
name: models.architecture.block_type=attention
training.mode=gml_rollout
models.out_dim=10
models.architecture.n_encoder_layers=1
models.architecture.n_decoder_layers=0
seed=0    avg_loss: -68.983055114746  time_per_window : 0.000270   progress : 0.743
name: models.architecture.block_type=attention
training.mode=gml_rollout
models.out_dim=10
models.architecture.n_encoder_layers=1
models.architecture.n_decoder_layers=0
seed=0    avg_loss: -68.985321044922  time_per_window : 0.000304   progress : 0.754
name: models.architecture.block_type=attention
training.mode=gml_rollout
models.out_dim=10
models.architecture.n_encoder_layers=1
models.architecture.n_decoder_layers=0
seed=0    avg_loss: -68.982788085938  time_per_window : 0.000354   progress : 0.765
name: models.architecture.block_type=attention
training.mode=gml_rollout
models.out_dim=10
models.architecture.n_encoder_layers=1
models.architecture.n_decoder_layers=0
seed=0    avg_loss: -68.979995727539  time_per_window : 0.000280   progress : 0.775
name: models.architecture.block_type=attention
training.mode=gml_rollout
models.out_dim=10
models.architecture.n_encoder_layers=1
models.architecture.n_decoder_layers=0
seed=0    avg_loss: -68.979270935059  time_per_window : 0.000249   progress : 0.786
name: models.architecture.block_type=attention
training.mode=gml_rollout
models.out_dim=10
models.architecture.n_encoder_layers=1
models.architecture.n_decoder_layers=0
seed=0    avg_loss: -68.984504699707  time_per_window : 0.000290   progress : 0.797
name: models.architecture.block_type=attention
training.mode=gml_rollout
models.out_dim=10
models.architecture.n_encoder_layers=1
models.architecture.n_decoder_layers=0
seed=0    avg_loss: -68.978096008301  time_per_window : 0.000308   progress : 0.808
name: models.architecture.block_type=attention
training.mode=gml_rollout
models.out_dim=10
models.architecture.n_encoder_layers=1
models.architecture.n_decoder_layers=0
seed=0    avg_loss: -68.978630065918  time_per_window : 0.000302   progress : 0.819
name: models.architecture.block_type=attention
training.mode=gml_rollout
models.out_dim=10
models.architecture.n_encoder_layers=1
models.architecture.n_decoder_layers=0
seed=0    avg_loss: -68.986595153809  time_per_window : 0.000283   progress : 0.830
name: models.architecture.block_type=attention
training.mode=gml_rollout
models.out_dim=10
models.architecture.n_encoder_layers=1
models.architecture.n_decoder_layers=0
seed=0    avg_loss: -68.984680175781  time_per_window : 0.000286   progress : 0.841
name: models.architecture.block_type=attention
training.mode=gml_rollout
models.out_dim=10
models.architecture.n_encoder_layers=1
models.architecture.n_decoder_layers=0
seed=0    avg_loss: -68.981262207031  time_per_window : 0.000275   progress : 0.852
name: models.architecture.block_type=attention
training.mode=gml_rollout
models.out_dim=10
models.architecture.n_encoder_layers=1
models.architecture.n_decoder_layers=0
seed=0    avg_loss: -68.980438232422  time_per_window : 0.000302   progress : 0.863
name: models.architecture.block_type=attention
training.mode=gml_rollout
models.out_dim=10
models.architecture.n_encoder_layers=1
models.architecture.n_decoder_layers=0
seed=0    avg_loss: -68.984504699707  time_per_window : 0.000276   progress : 0.874
name: models.architecture.block_type=attention
training.mode=gml_rollout
models.out_dim=10
models.architecture.n_encoder_layers=1
models.architecture.n_decoder_layers=0
seed=0    avg_loss: -68.976715087891  time_per_window : 0.000263   progress : 0.885
name: models.architecture.block_type=attention
training.mode=gml_rollout
models.out_dim=10
models.architecture.n_encoder_layers=1
models.architecture.n_decoder_layers=0
seed=0    avg_loss: -68.982551574707  time_per_window : 0.000283   progress : 0.896
name: models.architecture.block_type=attention
training.mode=gml_rollout
models.out_dim=10
models.architecture.n_encoder_layers=1
models.architecture.n_decoder_layers=0
seed=0    avg_loss: -68.982833862305  time_per_window : 0.000250   progress : 0.907
name: models.architecture.block_type=attention
training.mode=gml_rollout
models.out_dim=10
models.architecture.n_encoder_layers=1
models.architecture.n_decoder_layers=0
seed=0    avg_loss: -68.983306884766  time_per_window : 0.000279   progress : 0.917
name: models.architecture.block_type=attention
training.mode=gml_rollout
models.out_dim=10
models.architecture.n_encoder_layers=1
models.architecture.n_decoder_layers=0
seed=0    avg_loss: -68.979240417480  time_per_window : 0.000258   progress : 0.928
name: models.architecture.block_type=attention
training.mode=gml_rollout
models.out_dim=10
models.architecture.n_encoder_layers=1
models.architecture.n_decoder_layers=0
seed=0    avg_loss: -68.981079101562  time_per_window : 0.000255   progress : 0.939
name: models.architecture.block_type=attention
training.mode=gml_rollout
models.out_dim=10
models.architecture.n_encoder_layers=1
models.architecture.n_decoder_layers=0
seed=0    avg_loss: -68.981262207031  time_per_window : 0.000286   progress : 0.950
name: models.architecture.block_type=attention
training.mode=gml_rollout
models.out_dim=10
models.architecture.n_encoder_layers=1
models.architecture.n_decoder_layers=0
seed=0    avg_loss: -68.981178283691  time_per_window : 0.000263   progress : 0.961
name: models.architecture.block_type=attention
training.mode=gml_rollout
models.out_dim=10
models.architecture.n_encoder_layers=1
models.architecture.n_decoder_layers=0
seed=0    avg_loss: -68.983261108398  time_per_window : 0.000268   progress : 0.972
name: models.architecture.block_type=attention
training.mode=gml_rollout
models.out_dim=10
models.architecture.n_encoder_layers=1
models.architecture.n_decoder_layers=0
seed=0    avg_loss: -68.978858947754  time_per_window : 0.000262   progress : 0.983
name: models.architecture.block_type=attention
training.mode=gml_rollout
models.out_dim=10
models.architecture.n_encoder_layers=1
models.architecture.n_decoder_layers=0
seed=0    avg_loss: -68.982528686523  time_per_window : 0.000284   progress : 0.994
DONE!!!
