/media/egghead/Scratch/joey/Thesis/mavenv/lib/python3.11/site-packages/hydra/_internal/defaults_list.py:251: UserWarning: In 'config': Defaults list is missing `_self_`. See https://hydra.cc/docs/1.2/upgrades/1.0_to_1.1/default_composition_order for more information
  warnings.warn(msg, UserWarning)
Using cuda device
[2026-07-27 13:05:53,697][HYDRA] Joblib.Parallel(n_jobs=6,backend=loky,prefer=processes,require=None,verbose=0,timeout=None,pre_dispatch=2*n_jobs,batch_size=auto,temp_folder=None,max_nbytes=None,mmap_mode=r) is launching 1 jobs
[2026-07-27 13:05:53,697][HYDRA] Launching jobs, sweep output dir : ablation_logvar/runs/2026-07-27_13-05-43/attention_gml_1e0d_out10
[2026-07-27 13:05:53,697][HYDRA] 	#0 : models.architecture.block_type=attention training.mode=gml_rollout models.out_dim=10 models.architecture.n_encoder_layers=1 models.architecture.n_decoder_layers=0 seed=0
/media/egghead/Scratch/joey/Thesis/mavenv/lib/python3.11/site-packages/hydra/_internal/defaults_list.py:251: UserWarning: In 'config': Defaults list is missing `_self_`. See https://hydra.cc/docs/1.2/upgrades/1.0_to_1.1/default_composition_order for more information
  warnings.warn(msg, UserWarning)
models:
  n_dim: 23
  out_dim: 10
  architecture:
    d_model: 128
    n_encoder_layers: 1
    n_decoder_layers: 0
    block_type: attention
    time_adapter: last_token
    in_norm: none
    out_norm: none
    layer_scale: 0.0001
    drop_path: 0.05
    mamba_type: mamba
    mamba_kwargs:
      d_state: 16
      d_conv: 2
      expand: 2
      norm: rms
    skip: false
    cls_kwargs:
      n_heads: 2
      n_mlp: 2
      positional_encoding: false
      max_len: 5000
input_len: 32
output_len: 1
batch_size: 128
epochs: 5
seed: 0
dataset:
  path: /media/egghead/Scratch/joey/simulation_data/patient_one_data.zarr/
  training_size: 1500000
evaluation:
  path: /media/egghead/Scratch/joey/simulation_data/patient_two_data.zarr/
  evaluation_size: 50
training:
  mode: gml_rollout
  lr: 0.0002
  weight_decay: 0.1
  rollout_steps: 16
checkpoint:
  save_path: hydra-test.pth
  load: false
  path: hydra-test.pth
compile: true

/media/egghead/Scratch/joey/Thesis/mavenv/lib/python3.11/site-packages/torch/_inductor/cudagraph_trees.py:2622: UserWarning: Unable to hit fast path of CUDAGraphs because outputs from a previous step still require backward. Ensure backward() is invoked or detach outputs. You may also call torch.compiler.cudagraph_mark_step_begin() before each model invocation.
  warnings.warn(
name: models.architecture.block_type=attention
training.mode=gml_rollout
models.out_dim=10
models.architecture.n_encoder_layers=1
models.architecture.n_decoder_layers=0
seed=0    avg_loss: 0.000135935290  time_per_window : 0.000252   progress : 0.011
name: models.architecture.block_type=attention
training.mode=gml_rollout
models.out_dim=10
models.architecture.n_encoder_layers=1
models.architecture.n_decoder_layers=0
seed=0    avg_loss: 0.000000944411  time_per_window : 0.000314   progress : 0.022
name: models.architecture.block_type=attention
training.mode=gml_rollout
models.out_dim=10
models.architecture.n_encoder_layers=1
models.architecture.n_decoder_layers=0
seed=0    avg_loss: 0.000000552855  time_per_window : 0.000304   progress : 0.033
name: models.architecture.block_type=attention
training.mode=gml_rollout
models.out_dim=10
models.architecture.n_encoder_layers=1
models.architecture.n_decoder_layers=0
seed=0    avg_loss: 0.000000376426  time_per_window : 0.000290   progress : 0.044
name: models.architecture.block_type=attention
training.mode=gml_rollout
models.out_dim=10
models.architecture.n_encoder_layers=1
models.architecture.n_decoder_layers=0
seed=0    avg_loss: 0.000000336651  time_per_window : 0.000265   progress : 0.055
name: models.architecture.block_type=attention
training.mode=gml_rollout
models.out_dim=10
models.architecture.n_encoder_layers=1
models.architecture.n_decoder_layers=0
seed=0    avg_loss: 0.000000253051  time_per_window : 0.000284   progress : 0.066
name: models.architecture.block_type=attention
training.mode=gml_rollout
models.out_dim=10
models.architecture.n_encoder_layers=1
models.architecture.n_decoder_layers=0
seed=0    avg_loss: 0.000000212063  time_per_window : 0.000301   progress : 0.076
name: models.architecture.block_type=attention
training.mode=gml_rollout
models.out_dim=10
models.architecture.n_encoder_layers=1
models.architecture.n_decoder_layers=0
seed=0    avg_loss: 0.000000195114  time_per_window : 0.000315   progress : 0.087
name: models.architecture.block_type=attention
training.mode=gml_rollout
models.out_dim=10
models.architecture.n_encoder_layers=1
models.architecture.n_decoder_layers=0
seed=0    avg_loss: 0.000000160852  time_per_window : 0.000377   progress : 0.098
name: models.architecture.block_type=attention
training.mode=gml_rollout
models.out_dim=10
models.architecture.n_encoder_layers=1
models.architecture.n_decoder_layers=0
seed=0    avg_loss: 0.000000140490  time_per_window : 0.000286   progress : 0.109
name: models.architecture.block_type=attention
training.mode=gml_rollout
models.out_dim=10
models.architecture.n_encoder_layers=1
models.architecture.n_decoder_layers=0
seed=0    avg_loss: 0.000000138350  time_per_window : 0.000310   progress : 0.120
name: models.architecture.block_type=attention
training.mode=gml_rollout
models.out_dim=10
models.architecture.n_encoder_layers=1
models.architecture.n_decoder_layers=0
seed=0    avg_loss: 0.000000127008  time_per_window : 0.000348   progress : 0.131
name: models.architecture.block_type=attention
training.mode=gml_rollout
models.out_dim=10
models.architecture.n_encoder_layers=1
models.architecture.n_decoder_layers=0
seed=0    avg_loss: 0.000000110597  time_per_window : 0.000346   progress : 0.142
name: models.architecture.block_type=attention
training.mode=gml_rollout
models.out_dim=10
models.architecture.n_encoder_layers=1
models.architecture.n_decoder_layers=0
seed=0    avg_loss: 0.000000101445  time_per_window : 0.000338   progress : 0.153
name: models.architecture.block_type=attention
training.mode=gml_rollout
models.out_dim=10
models.architecture.n_encoder_layers=1
models.architecture.n_decoder_layers=0
seed=0    avg_loss: 0.000000096155  time_per_window : 0.000331   progress : 0.164
name: models.architecture.block_type=attention
training.mode=gml_rollout
models.out_dim=10
models.architecture.n_encoder_layers=1
models.architecture.n_decoder_layers=0
seed=0    avg_loss: 0.000000087153  time_per_window : 0.000355   progress : 0.175
name: models.architecture.block_type=attention
training.mode=gml_rollout
models.out_dim=10
models.architecture.n_encoder_layers=1
models.architecture.n_decoder_layers=0
seed=0    avg_loss: 0.000000084755  time_per_window : 0.000285   progress : 0.186
name: models.architecture.block_type=attention
training.mode=gml_rollout
models.out_dim=10
models.architecture.n_encoder_layers=1
models.architecture.n_decoder_layers=0
seed=0    avg_loss: 0.000000082889  time_per_window : 0.000312   progress : 0.197
name: models.architecture.block_type=attention
training.mode=gml_rollout
models.out_dim=10
models.architecture.n_encoder_layers=1
models.architecture.n_decoder_layers=0
seed=0    avg_loss: 0.000000075099  time_per_window : 0.000283   progress : 0.208
name: models.architecture.block_type=attention
training.mode=gml_rollout
models.out_dim=10
models.architecture.n_encoder_layers=1
models.architecture.n_decoder_layers=0
seed=0    avg_loss: 0.000000073270  time_per_window : 0.000323   progress : 0.218
name: models.architecture.block_type=attention
training.mode=gml_rollout
models.out_dim=10
models.architecture.n_encoder_layers=1
models.architecture.n_decoder_layers=0
seed=0    avg_loss: 0.000000087393  time_per_window : 0.000309   progress : 0.229
name: models.architecture.block_type=attention
training.mode=gml_rollout
models.out_dim=10
models.architecture.n_encoder_layers=1
models.architecture.n_decoder_layers=0
seed=0    avg_loss: 0.000000099019  time_per_window : 0.000339   progress : 0.240
name: models.architecture.block_type=attention
training.mode=gml_rollout
models.out_dim=10
models.architecture.n_encoder_layers=1
models.architecture.n_decoder_layers=0
seed=0    avg_loss: 0.000000117350  time_per_window : 0.000262   progress : 0.251
name: models.architecture.block_type=attention
training.mode=gml_rollout
models.out_dim=10
models.architecture.n_encoder_layers=1
models.architecture.n_decoder_layers=0
seed=0    avg_loss: 0.000000103540  time_per_window : 0.000265   progress : 0.262
name: models.architecture.block_type=attention
training.mode=gml_rollout
models.out_dim=10
models.architecture.n_encoder_layers=1
models.architecture.n_decoder_layers=0
seed=0    avg_loss: 0.000000098640  time_per_window : 0.000282   progress : 0.273
name: models.architecture.block_type=attention
training.mode=gml_rollout
models.out_dim=10
models.architecture.n_encoder_layers=1
models.architecture.n_decoder_layers=0
seed=0    avg_loss: 0.000000079352  time_per_window : 0.000358   progress : 0.284
name: models.architecture.block_type=attention
training.mode=gml_rollout
models.out_dim=10
models.architecture.n_encoder_layers=1
models.architecture.n_decoder_layers=0
seed=0    avg_loss: 0.000000113890  time_per_window : 0.000313   progress : 0.295
name: models.architecture.block_type=attention
training.mode=gml_rollout
models.out_dim=10
models.architecture.n_encoder_layers=1
models.architecture.n_decoder_layers=0
seed=0    avg_loss: 0.000000099830  time_per_window : 0.000342   progress : 0.306
name: models.architecture.block_type=attention
training.mode=gml_rollout
models.out_dim=10
models.architecture.n_encoder_layers=1
models.architecture.n_decoder_layers=0
seed=0    avg_loss: 0.000000091061  time_per_window : 0.000295   progress : 0.317
name: models.architecture.block_type=attention
training.mode=gml_rollout
models.out_dim=10
models.architecture.n_encoder_layers=1
models.architecture.n_decoder_layers=0
seed=0    avg_loss: 0.000000102077  time_per_window : 0.000278   progress : 0.328
name: models.architecture.block_type=attention
training.mode=gml_rollout
models.out_dim=10
models.architecture.n_encoder_layers=1
models.architecture.n_decoder_layers=0
seed=0    avg_loss: 0.000000117364  time_per_window : 0.000277   progress : 0.339
name: models.architecture.block_type=attention
training.mode=gml_rollout
models.out_dim=10
models.architecture.n_encoder_layers=1
models.architecture.n_decoder_layers=0
seed=0    avg_loss: 0.000000094380  time_per_window : 0.000291   progress : 0.350
name: models.architecture.block_type=attention
training.mode=gml_rollout
models.out_dim=10
models.architecture.n_encoder_layers=1
models.architecture.n_decoder_layers=0
seed=0    avg_loss: 0.000000105117  time_per_window : 0.000351   progress : 0.360
name: models.architecture.block_type=attention
training.mode=gml_rollout
models.out_dim=10
models.architecture.n_encoder_layers=1
models.architecture.n_decoder_layers=0
seed=0    avg_loss: 0.000000099136  time_per_window : 0.000321   progress : 0.371
name: models.architecture.block_type=attention
training.mode=gml_rollout
models.out_dim=10
models.architecture.n_encoder_layers=1
models.architecture.n_decoder_layers=0
seed=0    avg_loss: 0.000000106663  time_per_window : 0.000282   progress : 0.382
name: models.architecture.block_type=attention
training.mode=gml_rollout
models.out_dim=10
models.architecture.n_encoder_layers=1
models.architecture.n_decoder_layers=0
seed=0    avg_loss: 0.000000120074  time_per_window : 0.000338   progress : 0.393
name: models.architecture.block_type=attention
training.mode=gml_rollout
models.out_dim=10
models.architecture.n_encoder_layers=1
models.architecture.n_decoder_layers=0
seed=0    avg_loss: 0.000000093918  time_per_window : 0.000319   progress : 0.404
name: models.architecture.block_type=attention
training.mode=gml_rollout
models.out_dim=10
models.architecture.n_encoder_layers=1
models.architecture.n_decoder_layers=0
seed=0    avg_loss: 0.000000088580  time_per_window : 0.000301   progress : 0.415
name: models.architecture.block_type=attention
training.mode=gml_rollout
models.out_dim=10
models.architecture.n_encoder_layers=1
models.architecture.n_decoder_layers=0
seed=0    avg_loss: 0.000000106370  time_per_window : 0.000304   progress : 0.426
name: models.architecture.block_type=attention
training.mode=gml_rollout
models.out_dim=10
models.architecture.n_encoder_layers=1
models.architecture.n_decoder_layers=0
seed=0    avg_loss: 0.000000100376  time_per_window : 0.000320   progress : 0.437
name: models.architecture.block_type=attention
training.mode=gml_rollout
models.out_dim=10
models.architecture.n_encoder_layers=1
models.architecture.n_decoder_layers=0
seed=0    avg_loss: 0.000000078439  time_per_window : 0.000282   progress : 0.448
name: models.architecture.block_type=attention
training.mode=gml_rollout
models.out_dim=10
models.architecture.n_encoder_layers=1
models.architecture.n_decoder_layers=0
seed=0    avg_loss: 0.000000091670  time_per_window : 0.000304   progress : 0.459
name: models.architecture.block_type=attention
training.mode=gml_rollout
models.out_dim=10
models.architecture.n_encoder_layers=1
models.architecture.n_decoder_layers=0
seed=0    avg_loss: 0.000000100178  time_per_window : 0.000275   progress : 0.470
name: models.architecture.block_type=attention
training.mode=gml_rollout
models.out_dim=10
models.architecture.n_encoder_layers=1
models.architecture.n_decoder_layers=0
seed=0    avg_loss: 0.000000095129  time_per_window : 0.000304   progress : 0.481
name: models.architecture.block_type=attention
training.mode=gml_rollout
models.out_dim=10
models.architecture.n_encoder_layers=1
models.architecture.n_decoder_layers=0
seed=0    avg_loss: 0.000000085188  time_per_window : 0.000320   progress : 0.492
name: models.architecture.block_type=attention
training.mode=gml_rollout
models.out_dim=10
models.architecture.n_encoder_layers=1
models.architecture.n_decoder_layers=0
seed=0    avg_loss: 0.000000080906  time_per_window : 0.000330   progress : 0.502
name: models.architecture.block_type=attention
training.mode=gml_rollout
models.out_dim=10
models.architecture.n_encoder_layers=1
models.architecture.n_decoder_layers=0
seed=0    avg_loss: 0.000000105523  time_per_window : 0.000322   progress : 0.513
name: models.architecture.block_type=attention
training.mode=gml_rollout
models.out_dim=10
models.architecture.n_encoder_layers=1
models.architecture.n_decoder_layers=0
seed=0    avg_loss: 0.000000089178  time_per_window : 0.000356   progress : 0.524
name: models.architecture.block_type=attention
training.mode=gml_rollout
models.out_dim=10
models.architecture.n_encoder_layers=1
models.architecture.n_decoder_layers=0
seed=0    avg_loss: 0.000000068750  time_per_window : 0.000336   progress : 0.535
name: models.architecture.block_type=attention
training.mode=gml_rollout
models.out_dim=10
models.architecture.n_encoder_layers=1
models.architecture.n_decoder_layers=0
seed=0    avg_loss: 0.000000087121  time_per_window : 0.000344   progress : 0.546
name: models.architecture.block_type=attention
training.mode=gml_rollout
models.out_dim=10
models.architecture.n_encoder_layers=1
models.architecture.n_decoder_layers=0
seed=0    avg_loss: 0.000000084252  time_per_window : 0.000275   progress : 0.557
name: models.architecture.block_type=attention
training.mode=gml_rollout
models.out_dim=10
models.architecture.n_encoder_layers=1
models.architecture.n_decoder_layers=0
seed=0    avg_loss: 0.000000082381  time_per_window : 0.000309   progress : 0.568
name: models.architecture.block_type=attention
training.mode=gml_rollout
models.out_dim=10
models.architecture.n_encoder_layers=1
models.architecture.n_decoder_layers=0
seed=0    avg_loss: 0.000000077874  time_per_window : 0.000271   progress : 0.579
name: models.architecture.block_type=attention
training.mode=gml_rollout
models.out_dim=10
models.architecture.n_encoder_layers=1
models.architecture.n_decoder_layers=0
seed=0    avg_loss: 0.000000082293  time_per_window : 0.000320   progress : 0.590
name: models.architecture.block_type=attention
training.mode=gml_rollout
models.out_dim=10
models.architecture.n_encoder_layers=1
models.architecture.n_decoder_layers=0
seed=0    avg_loss: 0.000000081846  time_per_window : 0.000309   progress : 0.601
name: models.architecture.block_type=attention
training.mode=gml_rollout
models.out_dim=10
models.architecture.n_encoder_layers=1
models.architecture.n_decoder_layers=0
seed=0    avg_loss: 0.000000083232  time_per_window : 0.000289   progress : 0.612
name: models.architecture.block_type=attention
training.mode=gml_rollout
models.out_dim=10
models.architecture.n_encoder_layers=1
models.architecture.n_decoder_layers=0
seed=0    avg_loss: 0.000000074322  time_per_window : 0.000299   progress : 0.623
name: models.architecture.block_type=attention
training.mode=gml_rollout
models.out_dim=10
models.architecture.n_encoder_layers=1
models.architecture.n_decoder_layers=0
seed=0    avg_loss: 0.000000067766  time_per_window : 0.000357   progress : 0.634
name: models.architecture.block_type=attention
training.mode=gml_rollout
models.out_dim=10
models.architecture.n_encoder_layers=1
models.architecture.n_decoder_layers=0
seed=0    avg_loss: 0.000000067913  time_per_window : 0.000316   progress : 0.644
name: models.architecture.block_type=attention
training.mode=gml_rollout
models.out_dim=10
models.architecture.n_encoder_layers=1
models.architecture.n_decoder_layers=0
seed=0    avg_loss: 0.000000077864  time_per_window : 0.000312   progress : 0.655
name: models.architecture.block_type=attention
training.mode=gml_rollout
models.out_dim=10
models.architecture.n_encoder_layers=1
models.architecture.n_decoder_layers=0
seed=0    avg_loss: 0.000000067933  time_per_window : 0.000300   progress : 0.666
name: models.architecture.block_type=attention
training.mode=gml_rollout
models.out_dim=10
models.architecture.n_encoder_layers=1
models.architecture.n_decoder_layers=0
seed=0    avg_loss: 0.000000069277  time_per_window : 0.000335   progress : 0.677
name: models.architecture.block_type=attention
training.mode=gml_rollout
models.out_dim=10
models.architecture.n_encoder_layers=1
models.architecture.n_decoder_layers=0
seed=0    avg_loss: 0.000000074840  time_per_window : 0.000325   progress : 0.688
name: models.architecture.block_type=attention
training.mode=gml_rollout
models.out_dim=10
models.architecture.n_encoder_layers=1
models.architecture.n_decoder_layers=0
seed=0    avg_loss: 0.000000062977  time_per_window : 0.000273   progress : 0.699
name: models.architecture.block_type=attention
training.mode=gml_rollout
models.out_dim=10
models.architecture.n_encoder_layers=1
models.architecture.n_decoder_layers=0
seed=0    avg_loss: 0.000000072836  time_per_window : 0.000288   progress : 0.710
name: models.architecture.block_type=attention
training.mode=gml_rollout
models.out_dim=10
models.architecture.n_encoder_layers=1
models.architecture.n_decoder_layers=0
seed=0    avg_loss: 0.000000056990  time_per_window : 0.000299   progress : 0.721/media/egghead/Scratch/joey/Thesis/mavenv/lib/python3.11/site-packages/torch/_inductor/cudagraph_trees.py:2622: UserWarning: Unable to hit fast path of CUDAGraphs because outputs from a previous step still require backward. Ensure backward() is invoked or detach outputs. You may also call torch.compiler.cudagraph_mark_step_begin() before each model invocation.
  warnings.warn(
/media/egghead/Scratch/joey/Thesis/mavenv/lib/python3.11/site-packages/torch/_inductor/cudagraph_trees.py:2622: UserWarning: Unable to hit fast path of CUDAGraphs because outputs from a previous step still require backward. Ensure backward() is invoked or detach outputs. You may also call torch.compiler.cudagraph_mark_step_begin() before each model invocation.
  warnings.warn(

name: models.architecture.block_type=attention
training.mode=gml_rollout
models.out_dim=10
models.architecture.n_encoder_layers=1
models.architecture.n_decoder_layers=0
seed=0    avg_loss: 0.000000072098  time_per_window : 0.000322   progress : 0.732
name: models.architecture.block_type=attention
training.mode=gml_rollout
models.out_dim=10
models.architecture.n_encoder_layers=1
models.architecture.n_decoder_layers=0
seed=0    avg_loss: 0.000000057536  time_per_window : 0.000254   progress : 0.743
name: models.architecture.block_type=attention
training.mode=gml_rollout
models.out_dim=10
models.architecture.n_encoder_layers=1
models.architecture.n_decoder_layers=0
seed=0    avg_loss: 0.000000067339  time_per_window : 0.000279   progress : 0.754
name: models.architecture.block_type=attention
training.mode=gml_rollout
models.out_dim=10
models.architecture.n_encoder_layers=1
models.architecture.n_decoder_layers=0
seed=0    avg_loss: 0.000000071554  time_per_window : 0.000336   progress : 0.765
name: models.architecture.block_type=attention
training.mode=gml_rollout
models.out_dim=10
models.architecture.n_encoder_layers=1
models.architecture.n_decoder_layers=0
seed=0    avg_loss: 0.000000061500  time_per_window : 0.000292   progress : 0.775
name: models.architecture.block_type=attention
training.mode=gml_rollout
models.out_dim=10
models.architecture.n_encoder_layers=1
models.architecture.n_decoder_layers=0
seed=0    avg_loss: 0.000000058919  time_per_window : 0.000311   progress : 0.786
name: models.architecture.block_type=attention
training.mode=gml_rollout
models.out_dim=10
models.architecture.n_encoder_layers=1
models.architecture.n_decoder_layers=0
seed=0    avg_loss: 0.000000056100  time_per_window : 0.000276   progress : 0.797
name: models.architecture.block_type=attention
training.mode=gml_rollout
models.out_dim=10
models.architecture.n_encoder_layers=1
models.architecture.n_decoder_layers=0
seed=0    avg_loss: 0.000000050652  time_per_window : 0.000336   progress : 0.808
name: models.architecture.block_type=attention
training.mode=gml_rollout
models.out_dim=10
models.architecture.n_encoder_layers=1
models.architecture.n_decoder_layers=0
seed=0    avg_loss: 0.000000059170  time_per_window : 0.000326   progress : 0.819
name: models.architecture.block_type=attention
training.mode=gml_rollout
models.out_dim=10
models.architecture.n_encoder_layers=1
models.architecture.n_decoder_layers=0
seed=0    avg_loss: 0.000000054015  time_per_window : 0.000234   progress : 0.830
name: models.architecture.block_type=attention
training.mode=gml_rollout
models.out_dim=10
models.architecture.n_encoder_layers=1
models.architecture.n_decoder_layers=0
seed=0    avg_loss: 0.000000052296  time_per_window : 0.000334   progress : 0.841
name: models.architecture.block_type=attention
training.mode=gml_rollout
models.out_dim=10
models.architecture.n_encoder_layers=1
models.architecture.n_decoder_layers=0
seed=0    avg_loss: 0.000000067225  time_per_window : 0.000335   progress : 0.852
name: models.architecture.block_type=attention
training.mode=gml_rollout
models.out_dim=10
models.architecture.n_encoder_layers=1
models.architecture.n_decoder_layers=0
seed=0    avg_loss: 0.000000052363  time_per_window : 0.000262   progress : 0.863
name: models.architecture.block_type=attention
training.mode=gml_rollout
models.out_dim=10
models.architecture.n_encoder_layers=1
models.architecture.n_decoder_layers=0
seed=0    avg_loss: 0.000000056676  time_per_window : 0.000335   progress : 0.874
name: models.architecture.block_type=attention
training.mode=gml_rollout
models.out_dim=10
models.architecture.n_encoder_layers=1
models.architecture.n_decoder_layers=0
seed=0    avg_loss: 0.000000048218  time_per_window : 0.000313   progress : 0.885
name: models.architecture.block_type=attention
training.mode=gml_rollout
models.out_dim=10
models.architecture.n_encoder_layers=1
models.architecture.n_decoder_layers=0
seed=0    avg_loss: 0.000000048112  time_per_window : 0.000303   progress : 0.896
name: models.architecture.block_type=attention
training.mode=gml_rollout
models.out_dim=10
models.architecture.n_encoder_layers=1
models.architecture.n_decoder_layers=0
seed=0    avg_loss: 0.000000047779  time_per_window : 0.000305   progress : 0.907
name: models.architecture.block_type=attention
training.mode=gml_rollout
models.out_dim=10
models.architecture.n_encoder_layers=1
models.architecture.n_decoder_layers=0
seed=0    avg_loss: 0.000000055678  time_per_window : 0.000318   progress : 0.917
name: models.architecture.block_type=attention
training.mode=gml_rollout
models.out_dim=10
models.architecture.n_encoder_layers=1
models.architecture.n_decoder_layers=0
seed=0    avg_loss: 0.000000047071  time_per_window : 0.000263   progress : 0.928
name: models.architecture.block_type=attention
training.mode=gml_rollout
models.out_dim=10
models.architecture.n_encoder_layers=1
models.architecture.n_decoder_layers=0
seed=0    avg_loss: 0.000000051433  time_per_window : 0.000316   progress : 0.939
name: models.architecture.block_type=attention
training.mode=gml_rollout
models.out_dim=10
models.architecture.n_encoder_layers=1
models.architecture.n_decoder_layers=0
seed=0    avg_loss: 0.000000049678  time_per_window : 0.000319   progress : 0.950
name: models.architecture.block_type=attention
training.mode=gml_rollout
models.out_dim=10
models.architecture.n_encoder_layers=1
models.architecture.n_decoder_layers=0
seed=0    avg_loss: 0.000000042131  time_per_window : 0.000371   progress : 0.961
name: models.architecture.block_type=attention
training.mode=gml_rollout
models.out_dim=10
models.architecture.n_encoder_layers=1
models.architecture.n_decoder_layers=0
seed=0    avg_loss: 0.000000053524  time_per_window : 0.000289   progress : 0.972
name: models.architecture.block_type=attention
training.mode=gml_rollout
models.out_dim=10
models.architecture.n_encoder_layers=1
models.architecture.n_decoder_layers=0
seed=0    avg_loss: 0.000000048946  time_per_window : 0.000321   progress : 0.983
name: models.architecture.block_type=attention
training.mode=gml_rollout
models.out_dim=10
models.architecture.n_encoder_layers=1
models.architecture.n_decoder_layers=0
seed=0    avg_loss: 0.000000039970  time_per_window : 0.000314   progress : 0.994
name: models.architecture.block_type=attention
training.mode=gml_rollout
models.out_dim=10
models.architecture.n_encoder_layers=1
models.architecture.n_decoder_layers=0
seed=0    avg_loss: 0.000000149068  time_per_window : 0.000305   progress : 0.011
name: models.architecture.block_type=attention
training.mode=gml_rollout
models.out_dim=10
models.architecture.n_encoder_layers=1
models.architecture.n_decoder_layers=0
seed=0    avg_loss: 0.000000041482  time_per_window : 0.000298   progress : 0.022
name: models.architecture.block_type=attention
training.mode=gml_rollout
models.out_dim=10
models.architecture.n_encoder_layers=1
models.architecture.n_decoder_layers=0
seed=0    avg_loss: 0.000000048397  time_per_window : 0.000277   progress : 0.033
name: models.architecture.block_type=attention
training.mode=gml_rollout
models.out_dim=10
models.architecture.n_encoder_layers=1
models.architecture.n_decoder_layers=0
seed=0    avg_loss: 0.000000043084  time_per_window : 0.000305   progress : 0.044
name: models.architecture.block_type=attention
training.mode=gml_rollout
models.out_dim=10
models.architecture.n_encoder_layers=1
models.architecture.n_decoder_layers=0
seed=0    avg_loss: 0.000000045841  time_per_window : 0.000326   progress : 0.055
name: models.architecture.block_type=attention
training.mode=gml_rollout
models.out_dim=10
models.architecture.n_encoder_layers=1
models.architecture.n_decoder_layers=0
seed=0    avg_loss: 0.000000037038  time_per_window : 0.000372   progress : 0.066
name: models.architecture.block_type=attention
training.mode=gml_rollout
models.out_dim=10
models.architecture.n_encoder_layers=1
models.architecture.n_decoder_layers=0
seed=0    avg_loss: 0.000000050065  time_per_window : 0.000322   progress : 0.076
name: models.architecture.block_type=attention
training.mode=gml_rollout
models.out_dim=10
models.architecture.n_encoder_layers=1
models.architecture.n_decoder_layers=0
seed=0    avg_loss: 0.000000043159  time_per_window : 0.000394   progress : 0.087
name: models.architecture.block_type=attention
training.mode=gml_rollout
models.out_dim=10
models.architecture.n_encoder_layers=1
models.architecture.n_decoder_layers=0
seed=0    avg_loss: 0.000000043356  time_per_window : 0.000401   progress : 0.098
name: models.architecture.block_type=attention
training.mode=gml_rollout
models.out_dim=10
models.architecture.n_encoder_layers=1
models.architecture.n_decoder_layers=0
seed=0    avg_loss: 0.000000040711  time_per_window : 0.000388   progress : 0.109
name: models.architecture.block_type=attention
training.mode=gml_rollout
models.out_dim=10
models.architecture.n_encoder_layers=1
models.architecture.n_decoder_layers=0
seed=0    avg_loss: 0.000000042533  time_per_window : 0.000366   progress : 0.120
name: models.architecture.block_type=attention
training.mode=gml_rollout
models.out_dim=10
models.architecture.n_encoder_layers=1
models.architecture.n_decoder_layers=0
seed=0    avg_loss: 0.000000048865  time_per_window : 0.000379   progress : 0.131
name: models.architecture.block_type=attention
training.mode=gml_rollout
models.out_dim=10
models.architecture.n_encoder_layers=1
models.architecture.n_decoder_layers=0
seed=0    avg_loss: 0.000000036311  time_per_window : 0.000424   progress : 0.142
name: models.architecture.block_type=attention
training.mode=gml_rollout
models.out_dim=10
models.architecture.n_encoder_layers=1
models.architecture.n_decoder_layers=0
seed=0    avg_loss: 0.000000045914  time_per_window : 0.000420   progress : 0.153
name: models.architecture.block_type=attention
training.mode=gml_rollout
models.out_dim=10
models.architecture.n_encoder_layers=1
models.architecture.n_decoder_layers=0
seed=0    avg_loss: 0.000000041240  time_per_window : 0.000378   progress : 0.164
name: models.architecture.block_type=attention
training.mode=gml_rollout
models.out_dim=10
models.architecture.n_encoder_layers=1
models.architecture.n_decoder_layers=0
seed=0    avg_loss: 0.000000042552  time_per_window : 0.000328   progress : 0.175
name: models.architecture.block_type=attention
training.mode=gml_rollout
models.out_dim=10
models.architecture.n_encoder_layers=1
models.architecture.n_decoder_layers=0
seed=0    avg_loss: 0.000000035872  time_per_window : 0.000364   progress : 0.186
name: models.architecture.block_type=attention
training.mode=gml_rollout
models.out_dim=10
models.architecture.n_encoder_layers=1
models.architecture.n_decoder_layers=0
seed=0    avg_loss: 0.000000036185  time_per_window : 0.000398   progress : 0.197
name: models.architecture.block_type=attention
training.mode=gml_rollout
models.out_dim=10
models.architecture.n_encoder_layers=1
models.architecture.n_decoder_layers=0
seed=0    avg_loss: 0.000000036638  time_per_window : 0.000385   progress : 0.208
name: models.architecture.block_type=attention
training.mode=gml_rollout
models.out_dim=10
models.architecture.n_encoder_layers=1
models.architecture.n_decoder_layers=0
seed=0    avg_loss: 0.000000041925  time_per_window : 0.000414   progress : 0.218
name: models.architecture.block_type=attention
training.mode=gml_rollout
models.out_dim=10
models.architecture.n_encoder_layers=1
models.architecture.n_decoder_layers=0
seed=0    avg_loss: 0.000000036915  time_per_window : 0.000377   progress : 0.229
name: models.architecture.block_type=attention
training.mode=gml_rollout
models.out_dim=10
models.architecture.n_encoder_layers=1
models.architecture.n_decoder_layers=0
seed=0    avg_loss: 0.000000038871  time_per_window : 0.000343   progress : 0.240
name: models.architecture.block_type=attention
training.mode=gml_rollout
models.out_dim=10
models.architecture.n_encoder_layers=1
models.architecture.n_decoder_layers=0
seed=0    avg_loss: 0.000000040749  time_per_window : 0.000323   progress : 0.251
name: models.architecture.block_type=attention
training.mode=gml_rollout
models.out_dim=10
models.architecture.n_encoder_layers=1
models.architecture.n_decoder_layers=0
seed=0    avg_loss: 0.000000036765  time_per_window : 0.000375   progress : 0.262
name: models.architecture.block_type=attention
training.mode=gml_rollout
models.out_dim=10
models.architecture.n_encoder_layers=1
models.architecture.n_decoder_layers=0
seed=0    avg_loss: 0.000000035893  time_per_window : 0.000354   progress : 0.273
name: models.architecture.block_type=attention
training.mode=gml_rollout
models.out_dim=10
models.architecture.n_encoder_layers=1
models.architecture.n_decoder_layers=0
seed=0    avg_loss: 0.000000040833  time_per_window : 0.000367   progress : 0.284
name: models.architecture.block_type=attention
training.mode=gml_rollout
models.out_dim=10
models.architecture.n_encoder_layers=1
models.architecture.n_decoder_layers=0
seed=0    avg_loss: 0.000000039452  time_per_window : 0.000351   progress : 0.295
name: models.architecture.block_type=attention
training.mode=gml_rollout
models.out_dim=10
models.architecture.n_encoder_layers=1
models.architecture.n_decoder_layers=0
seed=0    avg_loss: 0.000000036651  time_per_window : 0.000340   progress : 0.306
name: models.architecture.block_type=attention
training.mode=gml_rollout
models.out_dim=10
models.architecture.n_encoder_layers=1
models.architecture.n_decoder_layers=0
seed=0    avg_loss: 0.000000033351  time_per_window : 0.000363   progress : 0.317
name: models.architecture.block_type=attention
training.mode=gml_rollout
models.out_dim=10
models.architecture.n_encoder_layers=1
models.architecture.n_decoder_layers=0
seed=0    avg_loss: 0.000000039427  time_per_window : 0.000382   progress : 0.328
name: models.architecture.block_type=attention
training.mode=gml_rollout
models.out_dim=10
models.architecture.n_encoder_layers=1
models.architecture.n_decoder_layers=0
seed=0    avg_loss: 0.000000036858  time_per_window : 0.000376   progress : 0.339
name: models.architecture.block_type=attention
training.mode=gml_rollout
models.out_dim=10
models.architecture.n_encoder_layers=1
models.architecture.n_decoder_layers=0
seed=0    avg_loss: 0.000000035358  time_per_window : 0.000352   progress : 0.350
name: models.architecture.block_type=attention
training.mode=gml_rollout
models.out_dim=10
models.architecture.n_encoder_layers=1
models.architecture.n_decoder_layers=0
seed=0    avg_loss: 0.000000038147  time_per_window : 0.000331   progress : 0.360
name: models.architecture.block_type=attention
training.mode=gml_rollout
models.out_dim=10
models.architecture.n_encoder_layers=1
models.architecture.n_decoder_layers=0
seed=0    avg_loss: 0.000000031304  time_per_window : 0.000367   progress : 0.371
name: models.architecture.block_type=attention
training.mode=gml_rollout
models.out_dim=10
models.architecture.n_encoder_layers=1
models.architecture.n_decoder_layers=0
seed=0    avg_loss: 0.000000040188  time_per_window : 0.000380   progress : 0.382
name: models.architecture.block_type=attention
training.mode=gml_rollout
models.out_dim=10
models.architecture.n_encoder_layers=1
models.architecture.n_decoder_layers=0
seed=0    avg_loss: 0.000000038109  time_per_window : 0.000390   progress : 0.393
name: models.architecture.block_type=attention
training.mode=gml_rollout
models.out_dim=10
models.architecture.n_encoder_layers=1
models.architecture.n_decoder_layers=0
seed=0    avg_loss: 0.000000034190  time_per_window : 0.000381   progress : 0.404
name: models.architecture.block_type=attention
training.mode=gml_rollout
models.out_dim=10
models.architecture.n_encoder_layers=1
models.architecture.n_decoder_layers=0
seed=0    avg_loss: 0.000000041952  time_per_window : 0.000368   progress : 0.415
name: models.architecture.block_type=attention
training.mode=gml_rollout
models.out_dim=10
models.architecture.n_encoder_layers=1
models.architecture.n_decoder_layers=0
seed=0    avg_loss: 0.000000031802  time_per_window : 0.000369   progress : 0.426
name: models.architecture.block_type=attention
training.mode=gml_rollout
models.out_dim=10
models.architecture.n_encoder_layers=1
models.architecture.n_decoder_layers=0
seed=0    avg_loss: 0.000000032457  time_per_window : 0.000308   progress : 0.437
name: models.architecture.block_type=attention
training.mode=gml_rollout
models.out_dim=10
models.architecture.n_encoder_layers=1
models.architecture.n_decoder_layers=0
seed=0    avg_loss: 0.000000033159  time_per_window : 0.000351   progress : 0.448
name: models.architecture.block_type=attention
training.mode=gml_rollout
models.out_dim=10
models.architecture.n_encoder_layers=1
models.architecture.n_decoder_layers=0
seed=0    avg_loss: 0.000000035049  time_per_window : 0.000397   progress : 0.459
name: models.architecture.block_type=attention
training.mode=gml_rollout
models.out_dim=10
models.architecture.n_encoder_layers=1
models.architecture.n_decoder_layers=0
seed=0    avg_loss: 0.000000031590  time_per_window : 0.000375   progress : 0.470
name: models.architecture.block_type=attention
training.mode=gml_rollout
models.out_dim=10
models.architecture.n_encoder_layers=1
models.architecture.n_decoder_layers=0
seed=0    avg_loss: 0.000000030449  time_per_window : 0.000344   progress : 0.481
name: models.architecture.block_type=attention
training.mode=gml_rollout
models.out_dim=10
models.architecture.n_encoder_layers=1
models.architecture.n_decoder_layers=0
seed=0    avg_loss: 0.000000029795  time_per_window : 0.000401   progress : 0.492
name: models.architecture.block_type=attention
training.mode=gml_rollout
models.out_dim=10
models.architecture.n_encoder_layers=1
models.architecture.n_decoder_layers=0
seed=0    avg_loss: 0.000000031737  time_per_window : 0.000311   progress : 0.502
name: models.architecture.block_type=attention
training.mode=gml_rollout
models.out_dim=10
models.architecture.n_encoder_layers=1
models.architecture.n_decoder_layers=0
seed=0    avg_loss: 0.000000030010  time_per_window : 0.000361   progress : 0.513
name: models.architecture.block_type=attention
training.mode=gml_rollout
models.out_dim=10
models.architecture.n_encoder_layers=1
models.architecture.n_decoder_layers=0
seed=0    avg_loss: 0.000000029626  time_per_window : 0.000374   progress : 0.524
name: models.architecture.block_type=attention
training.mode=gml_rollout
models.out_dim=10
models.architecture.n_encoder_layers=1
models.architecture.n_decoder_layers=0
seed=0    avg_loss: 0.000000033904  time_per_window : 0.000359   progress : 0.535
name: models.architecture.block_type=attention
training.mode=gml_rollout
models.out_dim=10
models.architecture.n_encoder_layers=1
models.architecture.n_decoder_layers=0
seed=0    avg_loss: 0.000000033364  time_per_window : 0.000396   progress : 0.546
name: models.architecture.block_type=attention
training.mode=gml_rollout
models.out_dim=10
models.architecture.n_encoder_layers=1
models.architecture.n_decoder_layers=0
seed=0    avg_loss: 0.000000025575  time_per_window : 0.000384   progress : 0.557
name: models.architecture.block_type=attention
training.mode=gml_rollout
models.out_dim=10
models.architecture.n_encoder_layers=1
models.architecture.n_decoder_layers=0
seed=0    avg_loss: 0.000000031518  time_per_window : 0.000353   progress : 0.568
name: models.architecture.block_type=attention
training.mode=gml_rollout
models.out_dim=10
models.architecture.n_encoder_layers=1
models.architecture.n_decoder_layers=0
seed=0    avg_loss: 0.000000028873  time_per_window : 0.000400   progress : 0.579
name: models.architecture.block_type=attention
training.mode=gml_rollout
models.out_dim=10
models.architecture.n_encoder_layers=1
models.architecture.n_decoder_layers=0
seed=0    avg_loss: 0.000000031984  time_per_window : 0.000410   progress : 0.590
name: models.architecture.block_type=attention
training.mode=gml_rollout
models.out_dim=10
models.architecture.n_encoder_layers=1
models.architecture.n_decoder_layers=0
seed=0    avg_loss: 0.000000026823  time_per_window : 0.000391   progress : 0.601
name: models.architecture.block_type=attention
training.mode=gml_rollout
models.out_dim=10
models.architecture.n_encoder_layers=1
models.architecture.n_decoder_layers=0
seed=0    avg_loss: 0.000000025693  time_per_window : 0.000359   progress : 0.612
name: models.architecture.block_type=attention
training.mode=gml_rollout
models.out_dim=10
models.architecture.n_encoder_layers=1
models.architecture.n_decoder_layers=0
seed=0    avg_loss: 0.000000028465  time_per_window : 0.000325   progress : 0.623
name: models.architecture.block_type=attention
training.mode=gml_rollout
models.out_dim=10
models.architecture.n_encoder_layers=1
models.architecture.n_decoder_layers=0
seed=0    avg_loss: 0.000000029093  time_per_window : 0.000377   progress : 0.634
name: models.architecture.block_type=attention
training.mode=gml_rollout
models.out_dim=10
models.architecture.n_encoder_layers=1
models.architecture.n_decoder_layers=0
seed=0    avg_loss: 0.000000022412  time_per_window : 0.000399   progress : 0.644
name: models.architecture.block_type=attention
training.mode=gml_rollout
models.out_dim=10
models.architecture.n_encoder_layers=1
models.architecture.n_decoder_layers=0
seed=0    avg_loss: 0.000000025344  time_per_window : 0.000397   progress : 0.655
name: models.architecture.block_type=attention
training.mode=gml_rollout
models.out_dim=10
models.architecture.n_encoder_layers=1
models.architecture.n_decoder_layers=0
seed=0    avg_loss: 0.000000024234  time_per_window : 0.000402   progress : 0.666
name: models.architecture.block_type=attention
training.mode=gml_rollout
models.out_dim=10
models.architecture.n_encoder_layers=1
models.architecture.n_decoder_layers=0
seed=0    avg_loss: 0.000000028717  time_per_window : 0.000338   progress : 0.677
name: models.architecture.block_type=attention
training.mode=gml_rollout
models.out_dim=10
models.architecture.n_encoder_layers=1
models.architecture.n_decoder_layers=0
seed=0    avg_loss: 0.000000028243  time_per_window : 0.000380   progress : 0.688
name: models.architecture.block_type=attention
training.mode=gml_rollout
models.out_dim=10
models.architecture.n_encoder_layers=1
models.architecture.n_decoder_layers=0
seed=0    avg_loss: 0.000000024223  time_per_window : 0.000378   progress : 0.699
name: models.architecture.block_type=attention
training.mode=gml_rollout
models.out_dim=10
models.architecture.n_encoder_layers=1
models.architecture.n_decoder_layers=0
seed=0    avg_loss: 0.000000026182  time_per_window : 0.000371   progress : 0.710
name: models.architecture.block_type=attention
training.mode=gml_rollout
models.out_dim=10
models.architecture.n_encoder_layers=1
models.architecture.n_decoder_layers=0
seed=0    avg_loss: 0.000000022196  time_per_window : 0.000388   progress : 0.721
name: models.architecture.block_type=attention
training.mode=gml_rollout
models.out_dim=10
models.architecture.n_encoder_layers=1
models.architecture.n_decoder_layers=0
seed=0    avg_loss: 0.000000023913  time_per_window : 0.000376   progress : 0.732
name: models.architecture.block_type=attention
training.mode=gml_rollout
models.out_dim=10
models.architecture.n_encoder_layers=1
models.architecture.n_decoder_layers=0
seed=0    avg_loss: 0.000000026063  time_per_window : 0.000347   progress : 0.743
name: models.architecture.block_type=attention
training.mode=gml_rollout
models.out_dim=10
models.architecture.n_encoder_layers=1
models.architecture.n_decoder_layers=0
seed=0    avg_loss: 0.000000024410  time_per_window : 0.000418   progress : 0.754
name: models.architecture.block_type=attention
training.mode=gml_rollout
models.out_dim=10
models.architecture.n_encoder_layers=1
models.architecture.n_decoder_layers=0
seed=0    avg_loss: 0.000000024725  time_per_window : 0.000327   progress : 0.765
name: models.architecture.block_type=attention
training.mode=gml_rollout
models.out_dim=10
models.architecture.n_encoder_layers=1
models.architecture.n_decoder_layers=0
seed=0    avg_loss: 0.000000025326  time_per_window : 0.000340   progress : 0.775
name: models.architecture.block_type=attention
training.mode=gml_rollout
models.out_dim=10
models.architecture.n_encoder_layers=1
models.architecture.n_decoder_layers=0
seed=0    avg_loss: 0.000000032848  time_per_window : 0.000361   progress : 0.786
name: models.architecture.block_type=attention
training.mode=gml_rollout
models.out_dim=10
models.architecture.n_encoder_layers=1
models.architecture.n_decoder_layers=0
seed=0    avg_loss: 0.000000019934  time_per_window : 0.000350   progress : 0.797
name: models.architecture.block_type=attention
training.mode=gml_rollout
models.out_dim=10
models.architecture.n_encoder_layers=1
models.architecture.n_decoder_layers=0
seed=0    avg_loss: 0.000000021397  time_per_window : 0.000315   progress : 0.808
name: models.architecture.block_type=attention
training.mode=gml_rollout
models.out_dim=10
models.architecture.n_encoder_layers=1
models.architecture.n_decoder_layers=0
seed=0    avg_loss: 0.000000022481  time_per_window : 0.000347   progress : 0.819
name: models.architecture.block_type=attention
training.mode=gml_rollout
models.out_dim=10
models.architecture.n_encoder_layers=1
models.architecture.n_decoder_layers=0
seed=0    avg_loss: 0.000000023478  time_per_window : 0.000375   progress : 0.830
name: models.architecture.block_type=attention
training.mode=gml_rollout
models.out_dim=10
models.architecture.n_encoder_layers=1
models.architecture.n_decoder_layers=0
seed=0    avg_loss: 0.000000023901  time_per_window : 0.000380   progress : 0.841
name: models.architecture.block_type=attention
training.mode=gml_rollout
models.out_dim=10
models.architecture.n_encoder_layers=1
models.architecture.n_decoder_layers=0
seed=0    avg_loss: 0.000000023232  time_per_window : 0.000364   progress : 0.852
name: models.architecture.block_type=attention
training.mode=gml_rollout
models.out_dim=10
models.architecture.n_encoder_layers=1
models.architecture.n_decoder_layers=0
seed=0    avg_loss: 0.000000024062  time_per_window : 0.000307   progress : 0.863
name: models.architecture.block_type=attention
training.mode=gml_rollout
models.out_dim=10
models.architecture.n_encoder_layers=1
models.architecture.n_decoder_layers=0
seed=0    avg_loss: 0.000000021026  time_per_window : 0.000349   progress : 0.874
name: models.architecture.block_type=attention
training.mode=gml_rollout
models.out_dim=10
models.architecture.n_encoder_layers=1
models.architecture.n_decoder_layers=0
seed=0    avg_loss: 0.000000023074  time_per_window : 0.000357   progress : 0.885
name: models.architecture.block_type=attention
training.mode=gml_rollout
models.out_dim=10
models.architecture.n_encoder_layers=1
models.architecture.n_decoder_layers=0
seed=0    avg_loss: 0.000000021146  time_per_window : 0.000370   progress : 0.896
name: models.architecture.block_type=attention
training.mode=gml_rollout
models.out_dim=10
models.architecture.n_encoder_layers=1
models.architecture.n_decoder_layers=0
seed=0    avg_loss: 0.000000020876  time_per_window : 0.000376   progress : 0.907
name: models.architecture.block_type=attention
training.mode=gml_rollout
models.out_dim=10
models.architecture.n_encoder_layers=1
models.architecture.n_decoder_layers=0
seed=0    avg_loss: 0.000000021298  time_per_window : 0.000408   progress : 0.917
name: models.architecture.block_type=attention
training.mode=gml_rollout
models.out_dim=10
models.architecture.n_encoder_layers=1
models.architecture.n_decoder_layers=0
seed=0    avg_loss: 0.000000023964  time_per_window : 0.000360   progress : 0.928
name: models.architecture.block_type=attention
training.mode=gml_rollout
models.out_dim=10
models.architecture.n_encoder_layers=1
models.architecture.n_decoder_layers=0
seed=0    avg_loss: 0.000000021354  time_per_window : 0.000315   progress : 0.939
name: models.architecture.block_type=attention
training.mode=gml_rollout
models.out_dim=10
models.architecture.n_encoder_layers=1
models.architecture.n_decoder_layers=0
seed=0    avg_loss: 0.000000022218  time_per_window : 0.000341   progress : 0.950
name: models.architecture.block_type=attention
training.mode=gml_rollout
models.out_dim=10
models.architecture.n_encoder_layers=1
models.architecture.n_decoder_layers=0
seed=0    avg_loss: 0.000000022577  time_per_window : 0.000381   progress : 0.961
name: models.architecture.block_type=attention
training.mode=gml_rollout
models.out_dim=10
models.architecture.n_encoder_layers=1
models.architecture.n_decoder_layers=0
seed=0    avg_loss: 0.000000021964  time_per_window : 0.000298   progress : 0.972
name: models.architecture.block_type=attention
training.mode=gml_rollout
models.out_dim=10
models.architecture.n_encoder_layers=1
models.architecture.n_decoder_layers=0
seed=0    avg_loss: 0.000000020978  time_per_window : 0.000312   progress : 0.983
name: models.architecture.block_type=attention
training.mode=gml_rollout
models.out_dim=10
models.architecture.n_encoder_layers=1
models.architecture.n_decoder_layers=0
seed=0    avg_loss: 0.000000019085  time_per_window : 0.000269   progress : 0.994
name: models.architecture.block_type=attention
training.mode=gml_rollout
models.out_dim=10
models.architecture.n_encoder_layers=1
models.architecture.n_decoder_layers=0
seed=0    avg_loss: 0.000002286519  time_per_window : 0.000281   progress : 0.011
name: models.architecture.block_type=attention
training.mode=gml_rollout
models.out_dim=10
models.architecture.n_encoder_layers=1
models.architecture.n_decoder_layers=0
seed=0    avg_loss: 0.000000210982  time_per_window : 0.000368   progress : 0.022
name: models.architecture.block_type=attention
training.mode=gml_rollout
models.out_dim=10
models.architecture.n_encoder_layers=1
models.architecture.n_decoder_layers=0
seed=0    avg_loss: 0.000000170085  time_per_window : 0.000267   progress : 0.033
name: models.architecture.block_type=attention
training.mode=gml_rollout
models.out_dim=10
models.architecture.n_encoder_layers=1
models.architecture.n_decoder_layers=0
seed=0    avg_loss: 0.000000117172  time_per_window : 0.000347   progress : 0.044
name: models.architecture.block_type=attention
training.mode=gml_rollout
models.out_dim=10
models.architecture.n_encoder_layers=1
models.architecture.n_decoder_layers=0
seed=0    avg_loss: 0.000000111642  time_per_window : 0.000370   progress : 0.055
name: models.architecture.block_type=attention
training.mode=gml_rollout
models.out_dim=10
models.architecture.n_encoder_layers=1
models.architecture.n_decoder_layers=0
seed=0    avg_loss: 0.000000098290  time_per_window : 0.000363   progress : 0.066
name: models.architecture.block_type=attention
training.mode=gml_rollout
models.out_dim=10
models.architecture.n_encoder_layers=1
models.architecture.n_decoder_layers=0
seed=0    avg_loss: 0.000000155356  time_per_window : 0.000368   progress : 0.076
name: models.architecture.block_type=attention
training.mode=gml_rollout
models.out_dim=10
models.architecture.n_encoder_layers=1
models.architecture.n_decoder_layers=0
seed=0    avg_loss: 0.000000086736  time_per_window : 0.000328   progress : 0.087
name: models.architecture.block_type=attention
training.mode=gml_rollout
models.out_dim=10
models.architecture.n_encoder_layers=1
models.architecture.n_decoder_layers=0
seed=0    avg_loss: 0.000000099779  time_per_window : 0.000334   progress : 0.098
name: models.architecture.block_type=attention
training.mode=gml_rollout
models.out_dim=10
models.architecture.n_encoder_layers=1
models.architecture.n_decoder_layers=0
seed=0    avg_loss: 0.000000084337  time_per_window : 0.000402   progress : 0.109
name: models.architecture.block_type=attention
training.mode=gml_rollout
models.out_dim=10
models.architecture.n_encoder_layers=1
models.architecture.n_decoder_layers=0
seed=0    avg_loss: 0.000000091284  time_per_window : 0.000333   progress : 0.120
name: models.architecture.block_type=attention
training.mode=gml_rollout
models.out_dim=10
models.architecture.n_encoder_layers=1
models.architecture.n_decoder_layers=0
seed=0    avg_loss: 0.000000107958  time_per_window : 0.000375   progress : 0.131
name: models.architecture.block_type=attention
training.mode=gml_rollout
models.out_dim=10
models.architecture.n_encoder_layers=1
models.architecture.n_decoder_layers=0
seed=0    avg_loss: 0.000000103533  time_per_window : 0.000333   progress : 0.142
name: models.architecture.block_type=attention
training.mode=gml_rollout
models.out_dim=10
models.architecture.n_encoder_layers=1
models.architecture.n_decoder_layers=0
seed=0    avg_loss: 0.000000084858  time_per_window : 0.000321   progress : 0.153
name: models.architecture.block_type=attention
training.mode=gml_rollout
models.out_dim=10
models.architecture.n_encoder_layers=1
models.architecture.n_decoder_layers=0
seed=0    avg_loss: 0.000000097247  time_per_window : 0.000368   progress : 0.164
name: models.architecture.block_type=attention
training.mode=gml_rollout
models.out_dim=10
models.architecture.n_encoder_layers=1
models.architecture.n_decoder_layers=0
seed=0    avg_loss: 0.000000092951  time_per_window : 0.000325   progress : 0.175
name: models.architecture.block_type=attention
training.mode=gml_rollout
models.out_dim=10
models.architecture.n_encoder_layers=1
models.architecture.n_decoder_layers=0
seed=0    avg_loss: 0.000000098503  time_per_window : 0.000371   progress : 0.186
name: models.architecture.block_type=attention
training.mode=gml_rollout
models.out_dim=10
models.architecture.n_encoder_layers=1
models.architecture.n_decoder_layers=0
seed=0    avg_loss: 0.000000071190  time_per_window : 0.000327   progress : 0.197
name: models.architecture.block_type=attention
training.mode=gml_rollout
models.out_dim=10
models.architecture.n_encoder_layers=1
models.architecture.n_decoder_layers=0
seed=0    avg_loss: 0.000000083541  time_per_window : 0.000308   progress : 0.208
name: models.architecture.block_type=attention
training.mode=gml_rollout
models.out_dim=10
models.architecture.n_encoder_layers=1
models.architecture.n_decoder_layers=0
seed=0    avg_loss: 0.000000081517  time_per_window : 0.000404   progress : 0.218
name: models.architecture.block_type=attention
training.mode=gml_rollout
models.out_dim=10
models.architecture.n_encoder_layers=1
models.architecture.n_decoder_layers=0
seed=0    avg_loss: 0.000000090905  time_per_window : 0.000329   progress : 0.229
name: models.architecture.block_type=attention
training.mode=gml_rollout
models.out_dim=10
models.architecture.n_encoder_layers=1
models.architecture.n_decoder_layers=0
seed=0    avg_loss: 0.000000088870  time_per_window : 0.000316   progress : 0.240
name: models.architecture.block_type=attention
training.mode=gml_rollout
models.out_dim=10
models.architecture.n_encoder_layers=1
models.architecture.n_decoder_layers=0
seed=0    avg_loss: 0.000000090196  time_per_window : 0.000439   progress : 0.251
name: models.architecture.block_type=attention
training.mode=gml_rollout
models.out_dim=10
models.architecture.n_encoder_layers=1
models.architecture.n_decoder_layers=0
seed=0    avg_loss: 0.000000077335  time_per_window : 0.000388   progress : 0.262
name: models.architecture.block_type=attention
training.mode=gml_rollout
models.out_dim=10
models.architecture.n_encoder_layers=1
models.architecture.n_decoder_layers=0
seed=0    avg_loss: 0.000000111584  time_per_window : 0.000292   progress : 0.273
name: models.architecture.block_type=attention
training.mode=gml_rollout
models.out_dim=10
models.architecture.n_encoder_layers=1
models.architecture.n_decoder_layers=0
seed=0    avg_loss: 0.000000095049  time_per_window : 0.000344   progress : 0.284
name: models.architecture.block_type=attention
training.mode=gml_rollout
models.out_dim=10
models.architecture.n_encoder_layers=1
models.architecture.n_decoder_layers=0
seed=0    avg_loss: 0.000000071100  time_per_window : 0.000381   progress : 0.295
name: models.architecture.block_type=attention
training.mode=gml_rollout
models.out_dim=10
models.architecture.n_encoder_layers=1
models.architecture.n_decoder_layers=0
seed=0    avg_loss: 0.000000089557  time_per_window : 0.000324   progress : 0.306
name: models.architecture.block_type=attention
training.mode=gml_rollout
models.out_dim=10
models.architecture.n_encoder_layers=1
models.architecture.n_decoder_layers=0
seed=0    avg_loss: 0.000000081813  time_per_window : 0.000385   progress : 0.317
name: models.architecture.block_type=attention
training.mode=gml_rollout
models.out_dim=10
models.architecture.n_encoder_layers=1
models.architecture.n_decoder_layers=0
seed=0    avg_loss: 0.000000084791  time_per_window : 0.000406   progress : 0.328
name: models.architecture.block_type=attention
training.mode=gml_rollout
models.out_dim=10
models.architecture.n_encoder_layers=1
models.architecture.n_decoder_layers=0
seed=0    avg_loss: 0.000000078269  time_per_window : 0.000421   progress : 0.339
name: models.architecture.block_type=attention
training.mode=gml_rollout
models.out_dim=10
models.architecture.n_encoder_layers=1
models.architecture.n_decoder_layers=0
seed=0    avg_loss: 0.000000080926  time_per_window : 0.000350   progress : 0.350
name: models.architecture.block_type=attention
training.mode=gml_rollout
models.out_dim=10
models.architecture.n_encoder_layers=1
models.architecture.n_decoder_layers=0
seed=0    avg_loss: 0.000000069526  time_per_window : 0.000270   progress : 0.360
name: models.architecture.block_type=attention
training.mode=gml_rollout
models.out_dim=10
models.architecture.n_encoder_layers=1
models.architecture.n_decoder_layers=0
seed=0    avg_loss: 0.000000070676  time_per_window : 0.000387   progress : 0.371
name: models.architecture.block_type=attention
training.mode=gml_rollout
models.out_dim=10
models.architecture.n_encoder_layers=1
models.architecture.n_decoder_layers=0
seed=0    avg_loss: 0.000000088672  time_per_window : 0.000390   progress : 0.382
name: models.architecture.block_type=attention
training.mode=gml_rollout
models.out_dim=10
models.architecture.n_encoder_layers=1
models.architecture.n_decoder_layers=0
seed=0    avg_loss: 0.000000068037  time_per_window : 0.000348   progress : 0.393
name: models.architecture.block_type=attention
training.mode=gml_rollout
models.out_dim=10
models.architecture.n_encoder_layers=1
models.architecture.n_decoder_layers=0
seed=0    avg_loss: 0.000000118559  time_per_window : 0.000411   progress : 0.404
name: models.architecture.block_type=attention
training.mode=gml_rollout
models.out_dim=10
models.architecture.n_encoder_layers=1
models.architecture.n_decoder_layers=0
seed=0    avg_loss: 0.000000071733  time_per_window : 0.000352   progress : 0.415
name: models.architecture.block_type=attention
training.mode=gml_rollout
models.out_dim=10
models.architecture.n_encoder_layers=1
models.architecture.n_decoder_layers=0
seed=0    avg_loss: 0.000000070946  time_per_window : 0.000408   progress : 0.426
name: models.architecture.block_type=attention
training.mode=gml_rollout
models.out_dim=10
models.architecture.n_encoder_layers=1
models.architecture.n_decoder_layers=0
seed=0    avg_loss: 0.000000065548  time_per_window : 0.000350   progress : 0.437
name: models.architecture.block_type=attention
training.mode=gml_rollout
models.out_dim=10
models.architecture.n_encoder_layers=1
models.architecture.n_decoder_layers=0
seed=0    avg_loss: 0.000000060666  time_per_window : 0.000338   progress : 0.448
name: models.architecture.block_type=attention
training.mode=gml_rollout
models.out_dim=10
models.architecture.n_encoder_layers=1
models.architecture.n_decoder_layers=0
seed=0    avg_loss: 0.000000078744  time_per_window : 0.000388   progress : 0.459
name: models.architecture.block_type=attention
training.mode=gml_rollout
models.out_dim=10
models.architecture.n_encoder_layers=1
models.architecture.n_decoder_layers=0
seed=0    avg_loss: 0.000000071119  time_per_window : 0.000358   progress : 0.470
name: models.architecture.block_type=attention
training.mode=gml_rollout
models.out_dim=10
models.architecture.n_encoder_layers=1
models.architecture.n_decoder_layers=0
seed=0    avg_loss: 0.000000074408  time_per_window : 0.000359   progress : 0.481
name: models.architecture.block_type=attention
training.mode=gml_rollout
models.out_dim=10
models.architecture.n_encoder_layers=1
models.architecture.n_decoder_layers=0
seed=0    avg_loss: 0.000000064183  time_per_window : 0.000348   progress : 0.492
name: models.architecture.block_type=attention
training.mode=gml_rollout
models.out_dim=10
models.architecture.n_encoder_layers=1
models.architecture.n_decoder_layers=0
seed=0    avg_loss: 0.000000081021  time_per_window : 0.000382   progress : 0.502
name: models.architecture.block_type=attention
training.mode=gml_rollout
models.out_dim=10
models.architecture.n_encoder_layers=1
models.architecture.n_decoder_layers=0
seed=0    avg_loss: 0.000000067941  time_per_window : 0.000340   progress : 0.513
name: models.architecture.block_type=attention
training.mode=gml_rollout
models.out_dim=10
models.architecture.n_encoder_layers=1
models.architecture.n_decoder_layers=0
seed=0    avg_loss: 0.000000078067  time_per_window : 0.000357   progress : 0.524
name: models.architecture.block_type=attention
training.mode=gml_rollout
models.out_dim=10
models.architecture.n_encoder_layers=1
models.architecture.n_decoder_layers=0
seed=0    avg_loss: 0.000000074479  time_per_window : 0.000386   progress : 0.535
name: models.architecture.block_type=attention
training.mode=gml_rollout
models.out_dim=10
models.architecture.n_encoder_layers=1
models.architecture.n_decoder_layers=0
seed=0    avg_loss: 0.000000074651  time_per_window : 0.000329   progress : 0.546
name: models.architecture.block_type=attention
training.mode=gml_rollout
models.out_dim=10
models.architecture.n_encoder_layers=1
models.architecture.n_decoder_layers=0
seed=0    avg_loss: 0.000000065781  time_per_window : 0.000282   progress : 0.557
name: models.architecture.block_type=attention
training.mode=gml_rollout
models.out_dim=10
models.architecture.n_encoder_layers=1
models.architecture.n_decoder_layers=0
seed=0    avg_loss: 0.000000067480  time_per_window : 0.000355   progress : 0.568
name: models.architecture.block_type=attention
training.mode=gml_rollout
models.out_dim=10
models.architecture.n_encoder_layers=1
models.architecture.n_decoder_layers=0
seed=0    avg_loss: 0.000000072207  time_per_window : 0.000408   progress : 0.579
name: models.architecture.block_type=attention
training.mode=gml_rollout
models.out_dim=10
models.architecture.n_encoder_layers=1
models.architecture.n_decoder_layers=0
seed=0    avg_loss: 0.000000072955  time_per_window : 0.000408   progress : 0.590
name: models.architecture.block_type=attention
training.mode=gml_rollout
models.out_dim=10
models.architecture.n_encoder_layers=1
models.architecture.n_decoder_layers=0
seed=0    avg_loss: 0.000000070085  time_per_window : 0.000360   progress : 0.601
name: models.architecture.block_type=attention
training.mode=gml_rollout
models.out_dim=10
models.architecture.n_encoder_layers=1
models.architecture.n_decoder_layers=0
seed=0    avg_loss: 0.000000071929  time_per_window : 0.000361   progress : 0.612
name: models.architecture.block_type=attention
training.mode=gml_rollout
models.out_dim=10
models.architecture.n_encoder_layers=1
models.architecture.n_decoder_layers=0
seed=0    avg_loss: 0.000000071165  time_per_window : 0.000368   progress : 0.623
name: models.architecture.block_type=attention
training.mode=gml_rollout
models.out_dim=10
models.architecture.n_encoder_layers=1
models.architecture.n_decoder_layers=0
seed=0    avg_loss: 0.000000061535  time_per_window : 0.000387   progress : 0.634
name: models.architecture.block_type=attention
training.mode=gml_rollout
models.out_dim=10
models.architecture.n_encoder_layers=1
models.architecture.n_decoder_layers=0
seed=0    avg_loss: 0.000000068404  time_per_window : 0.000339   progress : 0.644
name: models.architecture.block_type=attention
training.mode=gml_rollout
models.out_dim=10
models.architecture.n_encoder_layers=1
models.architecture.n_decoder_layers=0
seed=0    avg_loss: 0.000000067666  time_per_window : 0.000338   progress : 0.655
name: models.architecture.block_type=attention
training.mode=gml_rollout
models.out_dim=10
models.architecture.n_encoder_layers=1
models.architecture.n_decoder_layers=0
seed=0    avg_loss: 0.000000077352  time_per_window : 0.000323   progress : 0.666
name: models.architecture.block_type=attention
training.mode=gml_rollout
models.out_dim=10
models.architecture.n_encoder_layers=1
models.architecture.n_decoder_layers=0
seed=0    avg_loss: 0.000000058169  time_per_window : 0.000419   progress : 0.677
name: models.architecture.block_type=attention
training.mode=gml_rollout
models.out_dim=10
models.architecture.n_encoder_layers=1
models.architecture.n_decoder_layers=0
seed=0    avg_loss: 0.000000057413  time_per_window : 0.000372   progress : 0.688
name: models.architecture.block_type=attention
training.mode=gml_rollout
models.out_dim=10
models.architecture.n_encoder_layers=1
models.architecture.n_decoder_layers=0
seed=0    avg_loss: 0.000000058146  time_per_window : 0.000307   progress : 0.699
name: models.architecture.block_type=attention
training.mode=gml_rollout
models.out_dim=10
models.architecture.n_encoder_layers=1
models.architecture.n_decoder_layers=0
seed=0    avg_loss: 0.000000083514  time_per_window : 0.000341   progress : 0.710
name: models.architecture.block_type=attention
training.mode=gml_rollout
models.out_dim=10
models.architecture.n_encoder_layers=1
models.architecture.n_decoder_layers=0
seed=0    avg_loss: 0.000000056431  time_per_window : 0.000338   progress : 0.721
name: models.architecture.block_type=attention
training.mode=gml_rollout
models.out_dim=10
models.architecture.n_encoder_layers=1
models.architecture.n_decoder_layers=0
seed=0    avg_loss: 0.000000064038  time_per_window : 0.000369   progress : 0.732
name: models.architecture.block_type=attention
training.mode=gml_rollout
models.out_dim=10
models.architecture.n_encoder_layers=1
models.architecture.n_decoder_layers=0
seed=0    avg_loss: 0.000000070294  time_per_window : 0.000379   progress : 0.743
name: models.architecture.block_type=attention
training.mode=gml_rollout
models.out_dim=10
models.architecture.n_encoder_layers=1
models.architecture.n_decoder_layers=0
seed=0    avg_loss: 0.000000082361  time_per_window : 0.000351   progress : 0.754
name: models.architecture.block_type=attention
training.mode=gml_rollout
models.out_dim=10
models.architecture.n_encoder_layers=1
models.architecture.n_decoder_layers=0
seed=0    avg_loss: 0.000000064687  time_per_window : 0.000382   progress : 0.765
name: models.architecture.block_type=attention
training.mode=gml_rollout
models.out_dim=10
models.architecture.n_encoder_layers=1
models.architecture.n_decoder_layers=0
seed=0    avg_loss: 0.000000077411  time_per_window : 0.000358   progress : 0.775
name: models.architecture.block_type=attention
training.mode=gml_rollout
models.out_dim=10
models.architecture.n_encoder_layers=1
models.architecture.n_decoder_layers=0
seed=0    avg_loss: 0.000000060195  time_per_window : 0.000380   progress : 0.786
name: models.architecture.block_type=attention
training.mode=gml_rollout
models.out_dim=10
models.architecture.n_encoder_layers=1
models.architecture.n_decoder_layers=0
seed=0    avg_loss: 0.000000066022  time_per_window : 0.000330   progress : 0.797
name: models.architecture.block_type=attention
training.mode=gml_rollout
models.out_dim=10
models.architecture.n_encoder_layers=1
models.architecture.n_decoder_layers=0
seed=0    avg_loss: 0.000000060865  time_per_window : 0.000353   progress : 0.808
name: models.architecture.block_type=attention
training.mode=gml_rollout
models.out_dim=10
models.architecture.n_encoder_layers=1
models.architecture.n_decoder_layers=0
seed=0    avg_loss: 0.000000060287  time_per_window : 0.000298   progress : 0.819
name: models.architecture.block_type=attention
training.mode=gml_rollout
models.out_dim=10
models.architecture.n_encoder_layers=1
models.architecture.n_decoder_layers=0
seed=0    avg_loss: 0.000000058817  time_per_window : 0.000309   progress : 0.830
name: models.architecture.block_type=attention
training.mode=gml_rollout
models.out_dim=10
models.architecture.n_encoder_layers=1
models.architecture.n_decoder_layers=0
seed=0    avg_loss: 0.000000070256  time_per_window : 0.000325   progress : 0.841
name: models.architecture.block_type=attention
training.mode=gml_rollout
models.out_dim=10
models.architecture.n_encoder_layers=1
models.architecture.n_decoder_layers=0
seed=0    avg_loss: 0.000000071272  time_per_window : 0.000379   progress : 0.852
name: models.architecture.block_type=attention
training.mode=gml_rollout
models.out_dim=10
models.architecture.n_encoder_layers=1
models.architecture.n_decoder_layers=0
seed=0    avg_loss: 0.000000062484  time_per_window : 0.000357   progress : 0.863
name: models.architecture.block_type=attention
training.mode=gml_rollout
models.out_dim=10
models.architecture.n_encoder_layers=1
models.architecture.n_decoder_layers=0
seed=0    avg_loss: 0.000000050981  time_per_window : 0.000350   progress : 0.874
name: models.architecture.block_type=attention
training.mode=gml_rollout
models.out_dim=10
models.architecture.n_encoder_layers=1
models.architecture.n_decoder_layers=0
seed=0    avg_loss: 0.000000059796  time_per_window : 0.000375   progress : 0.885
name: models.architecture.block_type=attention
training.mode=gml_rollout
models.out_dim=10
models.architecture.n_encoder_layers=1
models.architecture.n_decoder_layers=0
seed=0    avg_loss: 0.000000060891  time_per_window : 0.000360   progress : 0.896
name: models.architecture.block_type=attention
training.mode=gml_rollout
models.out_dim=10
models.architecture.n_encoder_layers=1
models.architecture.n_decoder_layers=0
seed=0    avg_loss: 0.000000053828  time_per_window : 0.000404   progress : 0.907
name: models.architecture.block_type=attention
training.mode=gml_rollout
models.out_dim=10
models.architecture.n_encoder_layers=1
models.architecture.n_decoder_layers=0
seed=0    avg_loss: 0.000000057212  time_per_window : 0.000345   progress : 0.917
name: models.architecture.block_type=attention
training.mode=gml_rollout
models.out_dim=10
models.architecture.n_encoder_layers=1
models.architecture.n_decoder_layers=0
seed=0    avg_loss: 0.000000059908  time_per_window : 0.000358   progress : 0.928
name: models.architecture.block_type=attention
training.mode=gml_rollout
models.out_dim=10
models.architecture.n_encoder_layers=1
models.architecture.n_decoder_layers=0
seed=0    avg_loss: 0.000000055191  time_per_window : 0.000332   progress : 0.939
name: models.architecture.block_type=attention
training.mode=gml_rollout
models.out_dim=10
models.architecture.n_encoder_layers=1
models.architecture.n_decoder_layers=0
seed=0    avg_loss: 0.000000060163  time_per_window : 0.000345   progress : 0.950
name: models.architecture.block_type=attention
training.mode=gml_rollout
models.out_dim=10
models.architecture.n_encoder_layers=1
models.architecture.n_decoder_layers=0
seed=0    avg_loss: 0.000000056245  time_per_window : 0.000284   progress : 0.961
name: models.architecture.block_type=attention
training.mode=gml_rollout
models.out_dim=10
models.architecture.n_encoder_layers=1
models.architecture.n_decoder_layers=0
seed=0    avg_loss: 0.000000070083  time_per_window : 0.000365   progress : 0.972
name: models.architecture.block_type=attention
training.mode=gml_rollout
models.out_dim=10
models.architecture.n_encoder_layers=1
models.architecture.n_decoder_layers=0
seed=0    avg_loss: 0.000000056343  time_per_window : 0.000410   progress : 0.983
name: models.architecture.block_type=attention
training.mode=gml_rollout
models.out_dim=10
models.architecture.n_encoder_layers=1
models.architecture.n_decoder_layers=0
seed=0    avg_loss: 0.000000052420  time_per_window : 0.000368   progress : 0.994
name: models.architecture.block_type=attention
training.mode=gml_rollout
models.out_dim=10
models.architecture.n_encoder_layers=1
models.architecture.n_decoder_layers=0
seed=0    avg_loss: 0.000018331666  time_per_window : 0.000359   progress : 0.011
name: models.architecture.block_type=attention
training.mode=gml_rollout
models.out_dim=10
models.architecture.n_encoder_layers=1
models.architecture.n_decoder_layers=0
seed=0    avg_loss: 0.000003001295  time_per_window : 0.000371   progress : 0.022
name: models.architecture.block_type=attention
training.mode=gml_rollout
models.out_dim=10
models.architecture.n_encoder_layers=1
models.architecture.n_decoder_layers=0
seed=0    avg_loss: 0.000002912549  time_per_window : 0.000360   progress : 0.033
name: models.architecture.block_type=attention
training.mode=gml_rollout
models.out_dim=10
models.architecture.n_encoder_layers=1
models.architecture.n_decoder_layers=0
seed=0    avg_loss: 0.000002598975  time_per_window : 0.000391   progress : 0.044
name: models.architecture.block_type=attention
training.mode=gml_rollout
models.out_dim=10
models.architecture.n_encoder_layers=1
models.architecture.n_decoder_layers=0
seed=0    avg_loss: 0.000002049861  time_per_window : 0.000326   progress : 0.055
name: models.architecture.block_type=attention
training.mode=gml_rollout
models.out_dim=10
models.architecture.n_encoder_layers=1
models.architecture.n_decoder_layers=0
seed=0    avg_loss: 0.000001498992  time_per_window : 0.000386   progress : 0.066
name: models.architecture.block_type=attention
training.mode=gml_rollout
models.out_dim=10
models.architecture.n_encoder_layers=1
models.architecture.n_decoder_layers=0
seed=0    avg_loss: 0.000001348617  time_per_window : 0.000373   progress : 0.076
name: models.architecture.block_type=attention
training.mode=gml_rollout
models.out_dim=10
models.architecture.n_encoder_layers=1
models.architecture.n_decoder_layers=0
seed=0    avg_loss: 0.000001239286  time_per_window : 0.000356   progress : 0.087
name: models.architecture.block_type=attention
training.mode=gml_rollout
models.out_dim=10
models.architecture.n_encoder_layers=1
models.architecture.n_decoder_layers=0
seed=0    avg_loss: 0.000001286836  time_per_window : 0.000405   progress : 0.098
name: models.architecture.block_type=attention
training.mode=gml_rollout
models.out_dim=10
models.architecture.n_encoder_layers=1
models.architecture.n_decoder_layers=0
seed=0    avg_loss: 0.000001205711  time_per_window : 0.000389   progress : 0.109
name: models.architecture.block_type=attention
training.mode=gml_rollout
models.out_dim=10
models.architecture.n_encoder_layers=1
models.architecture.n_decoder_layers=0
seed=0    avg_loss: 0.000001188584  time_per_window : 0.000361   progress : 0.120
name: models.architecture.block_type=attention
training.mode=gml_rollout
models.out_dim=10
models.architecture.n_encoder_layers=1
models.architecture.n_decoder_layers=0
seed=0    avg_loss: 0.000001178375  time_per_window : 0.000378   progress : 0.131
name: models.architecture.block_type=attention
training.mode=gml_rollout
models.out_dim=10
models.architecture.n_encoder_layers=1
models.architecture.n_decoder_layers=0
seed=0    avg_loss: 0.000001011744  time_per_window : 0.000393   progress : 0.142
name: models.architecture.block_type=attention
training.mode=gml_rollout
models.out_dim=10
models.architecture.n_encoder_layers=1
models.architecture.n_decoder_layers=0
seed=0    avg_loss: 0.000001145808  time_per_window : 0.000357   progress : 0.153
name: models.architecture.block_type=attention
training.mode=gml_rollout
models.out_dim=10
models.architecture.n_encoder_layers=1
models.architecture.n_decoder_layers=0
seed=0    avg_loss: 0.000000963151  time_per_window : 0.000376   progress : 0.164
name: models.architecture.block_type=attention
training.mode=gml_rollout
models.out_dim=10
models.architecture.n_encoder_layers=1
models.architecture.n_decoder_layers=0
seed=0    avg_loss: 0.000000842438  time_per_window : 0.000373   progress : 0.175
name: models.architecture.block_type=attention
training.mode=gml_rollout
models.out_dim=10
models.architecture.n_encoder_layers=1
models.architecture.n_decoder_layers=0
seed=0    avg_loss: 0.000000966030  time_per_window : 0.000360   progress : 0.186
name: models.architecture.block_type=attention
training.mode=gml_rollout
models.out_dim=10
models.architecture.n_encoder_layers=1
models.architecture.n_decoder_layers=0
seed=0    avg_loss: 0.000000798388  time_per_window : 0.000379   progress : 0.197
name: models.architecture.block_type=attention
training.mode=gml_rollout
models.out_dim=10
models.architecture.n_encoder_layers=1
models.architecture.n_decoder_layers=0
seed=0    avg_loss: 0.000000728770  time_per_window : 0.000372   progress : 0.208
name: models.architecture.block_type=attention
training.mode=gml_rollout
models.out_dim=10
models.architecture.n_encoder_layers=1
models.architecture.n_decoder_layers=0
seed=0    avg_loss: 0.000000929415  time_per_window : 0.000385   progress : 0.218
name: models.architecture.block_type=attention
training.mode=gml_rollout
models.out_dim=10
models.architecture.n_encoder_layers=1
models.architecture.n_decoder_layers=0
seed=0    avg_loss: 0.000000994812  time_per_window : 0.000404   progress : 0.229
name: models.architecture.block_type=attention
training.mode=gml_rollout
models.out_dim=10
models.architecture.n_encoder_layers=1
models.architecture.n_decoder_layers=0
seed=0    avg_loss: 0.000000768897  time_per_window : 0.000368   progress : 0.240
name: models.architecture.block_type=attention
training.mode=gml_rollout
models.out_dim=10
models.architecture.n_encoder_layers=1
models.architecture.n_decoder_layers=0
seed=0    avg_loss: 0.000000841041  time_per_window : 0.000392   progress : 0.251
name: models.architecture.block_type=attention
training.mode=gml_rollout
models.out_dim=10
models.architecture.n_encoder_layers=1
models.architecture.n_decoder_layers=0
seed=0    avg_loss: 0.000000759380  time_per_window : 0.000375   progress : 0.262
name: models.architecture.block_type=attention
training.mode=gml_rollout
models.out_dim=10
models.architecture.n_encoder_layers=1
models.architecture.n_decoder_layers=0
seed=0    avg_loss: 0.000000656367  time_per_window : 0.000348   progress : 0.273
name: models.architecture.block_type=attention
training.mode=gml_rollout
models.out_dim=10
models.architecture.n_encoder_layers=1
models.architecture.n_decoder_layers=0
seed=0    avg_loss: 0.000000734654  time_per_window : 0.000326   progress : 0.284
name: models.architecture.block_type=attention
training.mode=gml_rollout
models.out_dim=10
models.architecture.n_encoder_layers=1
models.architecture.n_decoder_layers=0
seed=0    avg_loss: 0.000000638712  time_per_window : 0.000384   progress : 0.295
name: models.architecture.block_type=attention
training.mode=gml_rollout
models.out_dim=10
models.architecture.n_encoder_layers=1
models.architecture.n_decoder_layers=0
seed=0    avg_loss: 0.000000736159  time_per_window : 0.000306   progress : 0.306
name: models.architecture.block_type=attention
training.mode=gml_rollout
models.out_dim=10
models.architecture.n_encoder_layers=1
models.architecture.n_decoder_layers=0
seed=0    avg_loss: 0.000000625997  time_per_window : 0.000290   progress : 0.317
name: models.architecture.block_type=attention
training.mode=gml_rollout
models.out_dim=10
models.architecture.n_encoder_layers=1
models.architecture.n_decoder_layers=0
seed=0    avg_loss: 0.000000763878  time_per_window : 0.000255   progress : 0.328
name: models.architecture.block_type=attention
training.mode=gml_rollout
models.out_dim=10
models.architecture.n_encoder_layers=1
models.architecture.n_decoder_layers=0
seed=0    avg_loss: 0.000000785207  time_per_window : 0.000309   progress : 0.339
name: models.architecture.block_type=attention
training.mode=gml_rollout
models.out_dim=10
models.architecture.n_encoder_layers=1
models.architecture.n_decoder_layers=0
seed=0    avg_loss: 0.000000633524  time_per_window : 0.000315   progress : 0.350
name: models.architecture.block_type=attention
training.mode=gml_rollout
models.out_dim=10
models.architecture.n_encoder_layers=1
models.architecture.n_decoder_layers=0
seed=0    avg_loss: 0.000000734053  time_per_window : 0.000352   progress : 0.360
name: models.architecture.block_type=attention
training.mode=gml_rollout
models.out_dim=10
models.architecture.n_encoder_layers=1
models.architecture.n_decoder_layers=0
seed=0    avg_loss: 0.000000734907  time_per_window : 0.000381   progress : 0.371
name: models.architecture.block_type=attention
training.mode=gml_rollout
models.out_dim=10
models.architecture.n_encoder_layers=1
models.architecture.n_decoder_layers=0
seed=0    avg_loss: 0.000000694853  time_per_window : 0.000367   progress : 0.382
name: models.architecture.block_type=attention
training.mode=gml_rollout
models.out_dim=10
models.architecture.n_encoder_layers=1
models.architecture.n_decoder_layers=0
seed=0    avg_loss: 0.000000691708  time_per_window : 0.000378   progress : 0.393
name: models.architecture.block_type=attention
training.mode=gml_rollout
models.out_dim=10
models.architecture.n_encoder_layers=1
models.architecture.n_decoder_layers=0
seed=0    avg_loss: 0.000000600664  time_per_window : 0.000361   progress : 0.404
name: models.architecture.block_type=attention
training.mode=gml_rollout
models.out_dim=10
models.architecture.n_encoder_layers=1
models.architecture.n_decoder_layers=0
seed=0    avg_loss: 0.000000649920  time_per_window : 0.000383   progress : 0.415
name: models.architecture.block_type=attention
training.mode=gml_rollout
models.out_dim=10
models.architecture.n_encoder_layers=1
models.architecture.n_decoder_layers=0
seed=0    avg_loss: 0.000000603600  time_per_window : 0.000356   progress : 0.426
name: models.architecture.block_type=attention
training.mode=gml_rollout
models.out_dim=10
models.architecture.n_encoder_layers=1
models.architecture.n_decoder_layers=0
seed=0    avg_loss: 0.000000600288  time_per_window : 0.000423   progress : 0.437
name: models.architecture.block_type=attention
training.mode=gml_rollout
models.out_dim=10
models.architecture.n_encoder_layers=1
models.architecture.n_decoder_layers=0
seed=0    avg_loss: 0.000000532223  time_per_window : 0.000344   progress : 0.448
name: models.architecture.block_type=attention
training.mode=gml_rollout
models.out_dim=10
models.architecture.n_encoder_layers=1
models.architecture.n_decoder_layers=0
seed=0    avg_loss: 0.000000628672  time_per_window : 0.000364   progress : 0.459
name: models.architecture.block_type=attention
training.mode=gml_rollout
models.out_dim=10
models.architecture.n_encoder_layers=1
models.architecture.n_decoder_layers=0
seed=0    avg_loss: 0.000000541184  time_per_window : 0.000305   progress : 0.470
name: models.architecture.block_type=attention
training.mode=gml_rollout
models.out_dim=10
models.architecture.n_encoder_layers=1
models.architecture.n_decoder_layers=0
seed=0    avg_loss: 0.000000567531  time_per_window : 0.000378   progress : 0.481
name: models.architecture.block_type=attention
training.mode=gml_rollout
models.out_dim=10
models.architecture.n_encoder_layers=1
models.architecture.n_decoder_layers=0
seed=0    avg_loss: 0.000000596415  time_per_window : 0.000396   progress : 0.492
name: models.architecture.block_type=attention
training.mode=gml_rollout
models.out_dim=10
models.architecture.n_encoder_layers=1
models.architecture.n_decoder_layers=0
seed=0    avg_loss: 0.000000657746  time_per_window : 0.000377   progress : 0.502
name: models.architecture.block_type=attention
training.mode=gml_rollout
models.out_dim=10
models.architecture.n_encoder_layers=1
models.architecture.n_decoder_layers=0
seed=0    avg_loss: 0.000000635523  time_per_window : 0.000307   progress : 0.513
name: models.architecture.block_type=attention
training.mode=gml_rollout
models.out_dim=10
models.architecture.n_encoder_layers=1
models.architecture.n_decoder_layers=0
seed=0    avg_loss: 0.000000584551  time_per_window : 0.000346   progress : 0.524
name: models.architecture.block_type=attention
training.mode=gml_rollout
models.out_dim=10
models.architecture.n_encoder_layers=1
models.architecture.n_decoder_layers=0
seed=0    avg_loss: 0.000000644498  time_per_window : 0.000345   progress : 0.535
name: models.architecture.block_type=attention
training.mode=gml_rollout
models.out_dim=10
models.architecture.n_encoder_layers=1
models.architecture.n_decoder_layers=0
seed=0    avg_loss: 0.000000526490  time_per_window : 0.000391   progress : 0.546
name: models.architecture.block_type=attention
training.mode=gml_rollout
models.out_dim=10
models.architecture.n_encoder_layers=1
models.architecture.n_decoder_layers=0
seed=0    avg_loss: 0.000000622357  time_per_window : 0.000381   progress : 0.557
name: models.architecture.block_type=attention
training.mode=gml_rollout
models.out_dim=10
models.architecture.n_encoder_layers=1
models.architecture.n_decoder_layers=0
seed=0    avg_loss: 0.000000625637  time_per_window : 0.000338   progress : 0.568
name: models.architecture.block_type=attention
training.mode=gml_rollout
models.out_dim=10
models.architecture.n_encoder_layers=1
models.architecture.n_decoder_layers=0
seed=0    avg_loss: 0.000000574347  time_per_window : 0.000388   progress : 0.579
name: models.architecture.block_type=attention
training.mode=gml_rollout
models.out_dim=10
models.architecture.n_encoder_layers=1
models.architecture.n_decoder_layers=0
seed=0    avg_loss: 0.000000582404  time_per_window : 0.000382   progress : 0.590
name: models.architecture.block_type=attention
training.mode=gml_rollout
models.out_dim=10
models.architecture.n_encoder_layers=1
models.architecture.n_decoder_layers=0
seed=0    avg_loss: 0.000000572463  time_per_window : 0.000395   progress : 0.601
name: models.architecture.block_type=attention
training.mode=gml_rollout
models.out_dim=10
models.architecture.n_encoder_layers=1
models.architecture.n_decoder_layers=0
seed=0    avg_loss: 0.000000544415  time_per_window : 0.000356   progress : 0.612
name: models.architecture.block_type=attention
training.mode=gml_rollout
models.out_dim=10
models.architecture.n_encoder_layers=1
models.architecture.n_decoder_layers=0
seed=0    avg_loss: 0.000000523968  time_per_window : 0.000326   progress : 0.623
name: models.architecture.block_type=attention
training.mode=gml_rollout
models.out_dim=10
models.architecture.n_encoder_layers=1
models.architecture.n_decoder_layers=0
seed=0    avg_loss: 0.000000661479  time_per_window : 0.000383   progress : 0.634
name: models.architecture.block_type=attention
training.mode=gml_rollout
models.out_dim=10
models.architecture.n_encoder_layers=1
models.architecture.n_decoder_layers=0
seed=0    avg_loss: 0.000000507080  time_per_window : 0.000331   progress : 0.644
name: models.architecture.block_type=attention
training.mode=gml_rollout
models.out_dim=10
models.architecture.n_encoder_layers=1
models.architecture.n_decoder_layers=0
seed=0    avg_loss: 0.000000527115  time_per_window : 0.000311   progress : 0.655
name: models.architecture.block_type=attention
training.mode=gml_rollout
models.out_dim=10
models.architecture.n_encoder_layers=1
models.architecture.n_decoder_layers=0
seed=0    avg_loss: 0.000000519998  time_per_window : 0.000400   progress : 0.666
name: models.architecture.block_type=attention
training.mode=gml_rollout
models.out_dim=10
models.architecture.n_encoder_layers=1
models.architecture.n_decoder_layers=0
seed=0    avg_loss: 0.000000494805  time_per_window : 0.000415   progress : 0.677
name: models.architecture.block_type=attention
training.mode=gml_rollout
models.out_dim=10
models.architecture.n_encoder_layers=1
models.architecture.n_decoder_layers=0
seed=0    avg_loss: 0.000000594517  time_per_window : 0.000344   progress : 0.688
name: models.architecture.block_type=attention
training.mode=gml_rollout
models.out_dim=10
models.architecture.n_encoder_layers=1
models.architecture.n_decoder_layers=0
seed=0    avg_loss: 0.000000548311  time_per_window : 0.000359   progress : 0.699
name: models.architecture.block_type=attention
training.mode=gml_rollout
models.out_dim=10
models.architecture.n_encoder_layers=1
models.architecture.n_decoder_layers=0
seed=0    avg_loss: 0.000000474255  time_per_window : 0.000347   progress : 0.710
name: models.architecture.block_type=attention
training.mode=gml_rollout
models.out_dim=10
models.architecture.n_encoder_layers=1
models.architecture.n_decoder_layers=0
seed=0    avg_loss: 0.000000467529  time_per_window : 0.000378   progress : 0.721
name: models.architecture.block_type=attention
training.mode=gml_rollout
models.out_dim=10
models.architecture.n_encoder_layers=1
models.architecture.n_decoder_layers=0
seed=0    avg_loss: 0.000000560653  time_per_window : 0.000341   progress : 0.732
name: models.architecture.block_type=attention
training.mode=gml_rollout
models.out_dim=10
models.architecture.n_encoder_layers=1
models.architecture.n_decoder_layers=0
seed=0    avg_loss: 0.000000526379  time_per_window : 0.000352   progress : 0.743
name: models.architecture.block_type=attention
training.mode=gml_rollout
models.out_dim=10
models.architecture.n_encoder_layers=1
models.architecture.n_decoder_layers=0
seed=0    avg_loss: 0.000000534129  time_per_window : 0.000361   progress : 0.754
name: models.architecture.block_type=attention
training.mode=gml_rollout
models.out_dim=10
models.architecture.n_encoder_layers=1
models.architecture.n_decoder_layers=0
seed=0    avg_loss: 0.000000688787  time_per_window : 0.000387   progress : 0.765
name: models.architecture.block_type=attention
training.mode=gml_rollout
models.out_dim=10
models.architecture.n_encoder_layers=1
models.architecture.n_decoder_layers=0
seed=0    avg_loss: 0.000000473383  time_per_window : 0.000326   progress : 0.775
name: models.architecture.block_type=attention
training.mode=gml_rollout
models.out_dim=10
models.architecture.n_encoder_layers=1
models.architecture.n_decoder_layers=0
seed=0    avg_loss: 0.000000557555  time_per_window : 0.000331   progress : 0.786
name: models.architecture.block_type=attention
training.mode=gml_rollout
models.out_dim=10
models.architecture.n_encoder_layers=1
models.architecture.n_decoder_layers=0
seed=0    avg_loss: 0.000000470730  time_per_window : 0.000327   progress : 0.797
name: models.architecture.block_type=attention
training.mode=gml_rollout
models.out_dim=10
models.architecture.n_encoder_layers=1
models.architecture.n_decoder_layers=0
seed=0    avg_loss: 0.000000598626  time_per_window : 0.000386   progress : 0.808
name: models.architecture.block_type=attention
training.mode=gml_rollout
models.out_dim=10
models.architecture.n_encoder_layers=1
models.architecture.n_decoder_layers=0
seed=0    avg_loss: 0.000000484582  time_per_window : 0.000404   progress : 0.819
name: models.architecture.block_type=attention
training.mode=gml_rollout
models.out_dim=10
models.architecture.n_encoder_layers=1
models.architecture.n_decoder_layers=0
seed=0    avg_loss: 0.000000523076  time_per_window : 0.000332   progress : 0.830
name: models.architecture.block_type=attention
training.mode=gml_rollout
models.out_dim=10
models.architecture.n_encoder_layers=1
models.architecture.n_decoder_layers=0
seed=0    avg_loss: 0.000000534084  time_per_window : 0.000333   progress : 0.841
name: models.architecture.block_type=attention
training.mode=gml_rollout
models.out_dim=10
models.architecture.n_encoder_layers=1
models.architecture.n_decoder_layers=0
seed=0    avg_loss: 0.000000587441  time_per_window : 0.000385   progress : 0.852
name: models.architecture.block_type=attention
training.mode=gml_rollout
models.out_dim=10
models.architecture.n_encoder_layers=1
models.architecture.n_decoder_layers=0
seed=0    avg_loss: 0.000000437510  time_per_window : 0.000399   progress : 0.863
name: models.architecture.block_type=attention
training.mode=gml_rollout
models.out_dim=10
models.architecture.n_encoder_layers=1
models.architecture.n_decoder_layers=0
seed=0    avg_loss: 0.000000377042  time_per_window : 0.000386   progress : 0.874
name: models.architecture.block_type=attention
training.mode=gml_rollout
models.out_dim=10
models.architecture.n_encoder_layers=1
models.architecture.n_decoder_layers=0
seed=0    avg_loss: 0.000000448134  time_per_window : 0.000355   progress : 0.885
name: models.architecture.block_type=attention
training.mode=gml_rollout
models.out_dim=10
models.architecture.n_encoder_layers=1
models.architecture.n_decoder_layers=0
seed=0    avg_loss: 0.000000441282  time_per_window : 0.000414   progress : 0.896
name: models.architecture.block_type=attention
training.mode=gml_rollout
models.out_dim=10
models.architecture.n_encoder_layers=1
models.architecture.n_decoder_layers=0
seed=0    avg_loss: 0.000000516829  time_per_window : 0.000378   progress : 0.907
name: models.architecture.block_type=attention
training.mode=gml_rollout
models.out_dim=10
models.architecture.n_encoder_layers=1
models.architecture.n_decoder_layers=0
seed=0    avg_loss: 0.000000537733  time_per_window : 0.000388   progress : 0.917
name: models.architecture.block_type=attention
training.mode=gml_rollout
models.out_dim=10
models.architecture.n_encoder_layers=1
models.architecture.n_decoder_layers=0
seed=0    avg_loss: 0.000000491583  time_per_window : 0.000339   progress : 0.928
name: models.architecture.block_type=attention
training.mode=gml_rollout
models.out_dim=10
models.architecture.n_encoder_layers=1
models.architecture.n_decoder_layers=0
seed=0    avg_loss: 0.000000518336  time_per_window : 0.000355   progress : 0.939
name: models.architecture.block_type=attention
training.mode=gml_rollout
models.out_dim=10
models.architecture.n_encoder_layers=1
models.architecture.n_decoder_layers=0
seed=0    avg_loss: 0.000000503013  time_per_window : 0.000363   progress : 0.950
name: models.architecture.block_type=attention
training.mode=gml_rollout
models.out_dim=10
models.architecture.n_encoder_layers=1
models.architecture.n_decoder_layers=0
seed=0    avg_loss: 0.000000575937  time_per_window : 0.000406   progress : 0.961
name: models.architecture.block_type=attention
training.mode=gml_rollout
models.out_dim=10
models.architecture.n_encoder_layers=1
models.architecture.n_decoder_layers=0
seed=0    avg_loss: 0.000000434823  time_per_window : 0.000400   progress : 0.972
name: models.architecture.block_type=attention
training.mode=gml_rollout
models.out_dim=10
models.architecture.n_encoder_layers=1
models.architecture.n_decoder_layers=0
seed=0    avg_loss: 0.000000383395  time_per_window : 0.000385   progress : 0.983
name: models.architecture.block_type=attention
training.mode=gml_rollout
models.out_dim=10
models.architecture.n_encoder_layers=1
models.architecture.n_decoder_layers=0
seed=0    avg_loss: 0.000000445573  time_per_window : 0.000357   progress : 0.994
name: models.architecture.block_type=attention
training.mode=gml_rollout
models.out_dim=10
models.architecture.n_encoder_layers=1
models.architecture.n_decoder_layers=0
seed=0    avg_loss: -25.060493469238  time_per_window : 0.000436   progress : 0.011
name: models.architecture.block_type=attention
training.mode=gml_rollout
models.out_dim=10
models.architecture.n_encoder_layers=1
models.architecture.n_decoder_layers=0
seed=0    avg_loss: -31.673612594604  time_per_window : 0.000411   progress : 0.022
name: models.architecture.block_type=attention
training.mode=gml_rollout
models.out_dim=10
models.architecture.n_encoder_layers=1
models.architecture.n_decoder_layers=0
seed=0    avg_loss: -35.769935607910  time_per_window : 0.000438   progress : 0.033
name: models.architecture.block_type=attention
training.mode=gml_rollout
models.out_dim=10
models.architecture.n_encoder_layers=1
models.architecture.n_decoder_layers=0
seed=0    avg_loss: -44.953723907471  time_per_window : 0.000444   progress : 0.044
name: models.architecture.block_type=attention
training.mode=gml_rollout
models.out_dim=10
models.architecture.n_encoder_layers=1
models.architecture.n_decoder_layers=0
seed=0    avg_loss: -41.699577331543  time_per_window : 0.000391   progress : 0.055
name: models.architecture.block_type=attention
training.mode=gml_rollout
models.out_dim=10
models.architecture.n_encoder_layers=1
models.architecture.n_decoder_layers=0
seed=0    avg_loss: -45.628746032715  time_per_window : 0.000365   progress : 0.066
name: models.architecture.block_type=attention
training.mode=gml_rollout
models.out_dim=10
models.architecture.n_encoder_layers=1
models.architecture.n_decoder_layers=0
seed=0    avg_loss: -40.470088958740  time_per_window : 0.000436   progress : 0.076
name: models.architecture.block_type=attention
training.mode=gml_rollout
models.out_dim=10
models.architecture.n_encoder_layers=1
models.architecture.n_decoder_layers=0
seed=0    avg_loss: -44.434474945068  time_per_window : 0.000454   progress : 0.087
name: models.architecture.block_type=attention
training.mode=gml_rollout
models.out_dim=10
models.architecture.n_encoder_layers=1
models.architecture.n_decoder_layers=0
seed=0    avg_loss: -48.794319152832  time_per_window : 0.000433   progress : 0.098
name: models.architecture.block_type=attention
training.mode=gml_rollout
models.out_dim=10
models.architecture.n_encoder_layers=1
models.architecture.n_decoder_layers=0
seed=0    avg_loss: -50.994293212891  time_per_window : 0.000407   progress : 0.109
name: models.architecture.block_type=attention
training.mode=gml_rollout
models.out_dim=10
models.architecture.n_encoder_layers=1
models.architecture.n_decoder_layers=0
seed=0    avg_loss: -52.264884948730  time_per_window : 0.000394   progress : 0.120
name: models.architecture.block_type=attention
training.mode=gml_rollout
models.out_dim=10
models.architecture.n_encoder_layers=1
models.architecture.n_decoder_layers=0
seed=0    avg_loss: -50.140014648438  time_per_window : 0.000431   progress : 0.131
name: models.architecture.block_type=attention
training.mode=gml_rollout
models.out_dim=10
models.architecture.n_encoder_layers=1
models.architecture.n_decoder_layers=0
seed=0    avg_loss: -52.825798034668  time_per_window : 0.000362   progress : 0.142
name: models.architecture.block_type=attention
training.mode=gml_rollout
models.out_dim=10
models.architecture.n_encoder_layers=1
models.architecture.n_decoder_layers=0
seed=0    avg_loss: -46.938591003418  time_per_window : 0.000374   progress : 0.153
name: models.architecture.block_type=attention
training.mode=gml_rollout
models.out_dim=10
models.architecture.n_encoder_layers=1
models.architecture.n_decoder_layers=0
seed=0    avg_loss: -50.085552215576  time_per_window : 0.000411   progress : 0.164
name: models.architecture.block_type=attention
training.mode=gml_rollout
models.out_dim=10
models.architecture.n_encoder_layers=1
models.architecture.n_decoder_layers=0
seed=0    avg_loss: -52.253402709961  time_per_window : 0.000416   progress : 0.175
name: models.architecture.block_type=attention
training.mode=gml_rollout
models.out_dim=10
models.architecture.n_encoder_layers=1
models.architecture.n_decoder_layers=0
seed=0    avg_loss: -51.509941101074  time_per_window : 0.000456   progress : 0.186
name: models.architecture.block_type=attention
training.mode=gml_rollout
models.out_dim=10
models.architecture.n_encoder_layers=1
models.architecture.n_decoder_layers=0
seed=0    avg_loss: -55.060592651367  time_per_window : 0.000440   progress : 0.197
name: models.architecture.block_type=attention
training.mode=gml_rollout
models.out_dim=10
models.architecture.n_encoder_layers=1
models.architecture.n_decoder_layers=0
seed=0    avg_loss: -54.998535156250  time_per_window : 0.000460   progress : 0.208
name: models.architecture.block_type=attention
training.mode=gml_rollout
models.out_dim=10
models.architecture.n_encoder_layers=1
models.architecture.n_decoder_layers=0
seed=0    avg_loss: -48.795009613037  time_per_window : 0.000425   progress : 0.218
name: models.architecture.block_type=attention
training.mode=gml_rollout
models.out_dim=10
models.architecture.n_encoder_layers=1
models.architecture.n_decoder_layers=0
seed=0    avg_loss: -52.173374176025  time_per_window : 0.000468   progress : 0.229
name: models.architecture.block_type=attention
training.mode=gml_rollout
models.out_dim=10
models.architecture.n_encoder_layers=1
models.architecture.n_decoder_layers=0
seed=0    avg_loss: -51.914245605469  time_per_window : 0.000403   progress : 0.240
name: models.architecture.block_type=attention
training.mode=gml_rollout
models.out_dim=10
models.architecture.n_encoder_layers=1
models.architecture.n_decoder_layers=0
seed=0    avg_loss: -54.941997528076  time_per_window : 0.000384   progress : 0.251
name: models.architecture.block_type=attention
training.mode=gml_rollout
models.out_dim=10
models.architecture.n_encoder_layers=1
models.architecture.n_decoder_layers=0
seed=0    avg_loss: -53.528285980225  time_per_window : 0.000422   progress : 0.262
name: models.architecture.block_type=attention
training.mode=gml_rollout
models.out_dim=10
models.architecture.n_encoder_layers=1
models.architecture.n_decoder_layers=0
seed=0    avg_loss: -54.714282989502  time_per_window : 0.000424   progress : 0.273
name: models.architecture.block_type=attention
training.mode=gml_rollout
models.out_dim=10
models.architecture.n_encoder_layers=1
models.architecture.n_decoder_layers=0
seed=0    avg_loss: -57.547828674316  time_per_window : 0.000455   progress : 0.284
name: models.architecture.block_type=attention
training.mode=gml_rollout
models.out_dim=10
models.architecture.n_encoder_layers=1
models.architecture.n_decoder_layers=0
seed=0    avg_loss: -56.282264709473  time_per_window : 0.000400   progress : 0.295
name: models.architecture.block_type=attention
training.mode=gml_rollout
models.out_dim=10
models.architecture.n_encoder_layers=1
models.architecture.n_decoder_layers=0
seed=0    avg_loss: -53.043453216553  time_per_window : 0.000456   progress : 0.306
name: models.architecture.block_type=attention
training.mode=gml_rollout
models.out_dim=10
models.architecture.n_encoder_layers=1
models.architecture.n_decoder_layers=0
seed=0    avg_loss: -55.253021240234  time_per_window : 0.000511   progress : 0.317
name: models.architecture.block_type=attention
training.mode=gml_rollout
models.out_dim=10
models.architecture.n_encoder_layers=1
models.architecture.n_decoder_layers=0
seed=0    avg_loss: -50.907852172852  time_per_window : 0.000428   progress : 0.328
name: models.architecture.block_type=attention
training.mode=gml_rollout
models.out_dim=10
models.architecture.n_encoder_layers=1
models.architecture.n_decoder_layers=0
seed=0    avg_loss: -56.117652893066  time_per_window : 0.000431   progress : 0.339
name: models.architecture.block_type=attention
training.mode=gml_rollout
models.out_dim=10
models.architecture.n_encoder_layers=1
models.architecture.n_decoder_layers=0
seed=0    avg_loss: -55.816005706787  time_per_window : 0.000448   progress : 0.350
name: models.architecture.block_type=attention
training.mode=gml_rollout
models.out_dim=10
models.architecture.n_encoder_layers=1
models.architecture.n_decoder_layers=0
seed=0    avg_loss: -59.529045104980  time_per_window : 0.000402   progress : 0.360
name: models.architecture.block_type=attention
training.mode=gml_rollout
models.out_dim=10
models.architecture.n_encoder_layers=1
models.architecture.n_decoder_layers=0
seed=0    avg_loss: -56.857666015625  time_per_window : 0.000368   progress : 0.371
name: models.architecture.block_type=attention
training.mode=gml_rollout
models.out_dim=10
models.architecture.n_encoder_layers=1
models.architecture.n_decoder_layers=0
seed=0    avg_loss: -57.979946136475  time_per_window : 0.000448   progress : 0.382
name: models.architecture.block_type=attention
training.mode=gml_rollout
models.out_dim=10
models.architecture.n_encoder_layers=1
models.architecture.n_decoder_layers=0
seed=0    avg_loss: -56.071102142334  time_per_window : 0.000363   progress : 0.393
name: models.architecture.block_type=attention
training.mode=gml_rollout
models.out_dim=10
models.architecture.n_encoder_layers=1
models.architecture.n_decoder_layers=0
seed=0    avg_loss: -54.052249908447  time_per_window : 0.000443   progress : 0.404
name: models.architecture.block_type=attention
training.mode=gml_rollout
models.out_dim=10
models.architecture.n_encoder_layers=1
models.architecture.n_decoder_layers=0
seed=0    avg_loss: -57.928440093994  time_per_window : 0.000443   progress : 0.415
name: models.architecture.block_type=attention
training.mode=gml_rollout
models.out_dim=10
models.architecture.n_encoder_layers=1
models.architecture.n_decoder_layers=0
seed=0    avg_loss: -57.280593872070  time_per_window : 0.000408   progress : 0.426
name: models.architecture.block_type=attention
training.mode=gml_rollout
models.out_dim=10
models.architecture.n_encoder_layers=1
models.architecture.n_decoder_layers=0
seed=0    avg_loss: -54.421871185303  time_per_window : 0.000420   progress : 0.437
name: models.architecture.block_type=attention
training.mode=gml_rollout
models.out_dim=10
models.architecture.n_encoder_layers=1
models.architecture.n_decoder_layers=0
seed=0    avg_loss: -57.172916412354  time_per_window : 0.000409   progress : 0.448
name: models.architecture.block_type=attention
training.mode=gml_rollout
models.out_dim=10
models.architecture.n_encoder_layers=1
models.architecture.n_decoder_layers=0
seed=0    avg_loss: -58.359954833984  time_per_window : 0.000425   progress : 0.459
name: models.architecture.block_type=attention
training.mode=gml_rollout
models.out_dim=10
models.architecture.n_encoder_layers=1
models.architecture.n_decoder_layers=0
seed=0    avg_loss: -53.882225036621  time_per_window : 0.000441   progress : 0.470
name: models.architecture.block_type=attention
training.mode=gml_rollout
models.out_dim=10
models.architecture.n_encoder_layers=1
models.architecture.n_decoder_layers=0
seed=0    avg_loss: -50.039333343506  time_per_window : 0.000422   progress : 0.481
name: models.architecture.block_type=attention
training.mode=gml_rollout
models.out_dim=10
models.architecture.n_encoder_layers=1
models.architecture.n_decoder_layers=0
seed=0    avg_loss: -49.707416534424  time_per_window : 0.000445   progress : 0.492
name: models.architecture.block_type=attention
training.mode=gml_rollout
models.out_dim=10
models.architecture.n_encoder_layers=1
models.architecture.n_decoder_layers=0
seed=0    avg_loss: -25.803352355957  time_per_window : 0.000437   progress : 0.502
name: models.architecture.block_type=attention
training.mode=gml_rollout
models.out_dim=10
models.architecture.n_encoder_layers=1
models.architecture.n_decoder_layers=0
seed=0    avg_loss: -44.544254302979  time_per_window : 0.000447   progress : 0.513
name: models.architecture.block_type=attention
training.mode=gml_rollout
models.out_dim=10
models.architecture.n_encoder_layers=1
models.architecture.n_decoder_layers=0
seed=0    avg_loss: -55.397117614746  time_per_window : 0.000411   progress : 0.524
name: models.architecture.block_type=attention
training.mode=gml_rollout
models.out_dim=10
models.architecture.n_encoder_layers=1
models.architecture.n_decoder_layers=0
seed=0    avg_loss: -53.722137451172  time_per_window : 0.000374   progress : 0.535
name: models.architecture.block_type=attention
training.mode=gml_rollout
models.out_dim=10
models.architecture.n_encoder_layers=1
models.architecture.n_decoder_layers=0
seed=0    avg_loss: -57.645298004150  time_per_window : 0.000418   progress : 0.546
name: models.architecture.block_type=attention
training.mode=gml_rollout
models.out_dim=10
models.architecture.n_encoder_layers=1
models.architecture.n_decoder_layers=0
seed=0    avg_loss: -59.495403289795  time_per_window : 0.000438   progress : 0.557
name: models.architecture.block_type=attention
training.mode=gml_rollout
models.out_dim=10
models.architecture.n_encoder_layers=1
models.architecture.n_decoder_layers=0
seed=0    avg_loss: -58.355209350586  time_per_window : 0.000358   progress : 0.568
name: models.architecture.block_type=attention
training.mode=gml_rollout
models.out_dim=10
models.architecture.n_encoder_layers=1
models.architecture.n_decoder_layers=0
seed=0    avg_loss: -57.153480529785  time_per_window : 0.000430   progress : 0.579
name: models.architecture.block_type=attention
training.mode=gml_rollout
models.out_dim=10
models.architecture.n_encoder_layers=1
models.architecture.n_decoder_layers=0
seed=0    avg_loss: -56.510913848877  time_per_window : 0.000427   progress : 0.590
name: models.architecture.block_type=attention
training.mode=gml_rollout
models.out_dim=10
models.architecture.n_encoder_layers=1
models.architecture.n_decoder_layers=0
seed=0    avg_loss: -57.480434417725  time_per_window : 0.000415   progress : 0.601
name: models.architecture.block_type=attention
training.mode=gml_rollout
models.out_dim=10
models.architecture.n_encoder_layers=1
models.architecture.n_decoder_layers=0
seed=0    avg_loss: -58.461051940918  time_per_window : 0.000437   progress : 0.612
name: models.architecture.block_type=attention
training.mode=gml_rollout
models.out_dim=10
models.architecture.n_encoder_layers=1
models.architecture.n_decoder_layers=0
seed=0    avg_loss: -57.802661895752  time_per_window : 0.000379   progress : 0.623
name: models.architecture.block_type=attention
training.mode=gml_rollout
models.out_dim=10
models.architecture.n_encoder_layers=1
models.architecture.n_decoder_layers=0
seed=0    avg_loss: -59.490924835205  time_per_window : 0.000343   progress : 0.634
name: models.architecture.block_type=attention
training.mode=gml_rollout
models.out_dim=10
models.architecture.n_encoder_layers=1
models.architecture.n_decoder_layers=0
seed=0    avg_loss: -60.717578887939  time_per_window : 0.000416   progress : 0.644
name: models.architecture.block_type=attention
training.mode=gml_rollout
models.out_dim=10
models.architecture.n_encoder_layers=1
models.architecture.n_decoder_layers=0
seed=0    avg_loss: -59.303901672363  time_per_window : 0.000432   progress : 0.655
name: models.architecture.block_type=attention
training.mode=gml_rollout
models.out_dim=10
models.architecture.n_encoder_layers=1
models.architecture.n_decoder_layers=0
seed=0    avg_loss: -59.971698760986  time_per_window : 0.000439   progress : 0.666
name: models.architecture.block_type=attention
training.mode=gml_rollout
models.out_dim=10
models.architecture.n_encoder_layers=1
models.architecture.n_decoder_layers=0
seed=0    avg_loss: -57.299381256104  time_per_window : 0.000439   progress : 0.677
name: models.architecture.block_type=attention
training.mode=gml_rollout
models.out_dim=10
models.architecture.n_encoder_layers=1
models.architecture.n_decoder_layers=0
seed=0    avg_loss: -55.970962524414  time_per_window : 0.000433   progress : 0.688
name: models.architecture.block_type=attention
training.mode=gml_rollout
models.out_dim=10
models.architecture.n_encoder_layers=1
models.architecture.n_decoder_layers=0
seed=0    avg_loss: -61.882575988770  time_per_window : 0.000399   progress : 0.699
name: models.architecture.block_type=attention
training.mode=gml_rollout
models.out_dim=10
models.architecture.n_encoder_layers=1
models.architecture.n_decoder_layers=0
seed=0    avg_loss: -58.893589019775  time_per_window : 0.000406   progress : 0.710
name: models.architecture.block_type=attention
training.mode=gml_rollout
models.out_dim=10
models.architecture.n_encoder_layers=1
models.architecture.n_decoder_layers=0
seed=0    avg_loss: -58.384880065918  time_per_window : 0.000413   progress : 0.721
name: models.architecture.block_type=attention
training.mode=gml_rollout
models.out_dim=10
models.architecture.n_encoder_layers=1
models.architecture.n_decoder_layers=0
seed=0    avg_loss: -58.270481109619  time_per_window : 0.000356   progress : 0.732
name: models.architecture.block_type=attention
training.mode=gml_rollout
models.out_dim=10
models.architecture.n_encoder_layers=1
models.architecture.n_decoder_layers=0
seed=0    avg_loss: -59.884738922119  time_per_window : 0.000454   progress : 0.743
name: models.architecture.block_type=attention
training.mode=gml_rollout
models.out_dim=10
models.architecture.n_encoder_layers=1
models.architecture.n_decoder_layers=0
seed=0    avg_loss: -59.795455932617  time_per_window : 0.000441   progress : 0.754
name: models.architecture.block_type=attention
training.mode=gml_rollout
models.out_dim=10
models.architecture.n_encoder_layers=1
models.architecture.n_decoder_layers=0
seed=0    avg_loss: -57.170291900635  time_per_window : 0.000408   progress : 0.765
name: models.architecture.block_type=attention
training.mode=gml_rollout
models.out_dim=10
models.architecture.n_encoder_layers=1
models.architecture.n_decoder_layers=0
seed=0    avg_loss: -59.618347167969  time_per_window : 0.000391   progress : 0.775
name: models.architecture.block_type=attention
training.mode=gml_rollout
models.out_dim=10
models.architecture.n_encoder_layers=1
models.architecture.n_decoder_layers=0
seed=0    avg_loss: -57.616432189941  time_per_window : 0.000421   progress : 0.786
name: models.architecture.block_type=attention
training.mode=gml_rollout
models.out_dim=10
models.architecture.n_encoder_layers=1
models.architecture.n_decoder_layers=0
seed=0    avg_loss: -55.556285858154  time_per_window : 0.000448   progress : 0.797
name: models.architecture.block_type=attention
training.mode=gml_rollout
models.out_dim=10
models.architecture.n_encoder_layers=1
models.architecture.n_decoder_layers=0
seed=0    avg_loss: -59.118946075439  time_per_window : 0.000371   progress : 0.808
name: models.architecture.block_type=attention
training.mode=gml_rollout
models.out_dim=10
models.architecture.n_encoder_layers=1
models.architecture.n_decoder_layers=0
seed=0    avg_loss: -57.653335571289  time_per_window : 0.000400   progress : 0.819
name: models.architecture.block_type=attention
training.mode=gml_rollout
models.out_dim=10
models.architecture.n_encoder_layers=1
models.architecture.n_decoder_layers=0
seed=0    avg_loss: -61.587921142578  time_per_window : 0.000435   progress : 0.830
name: models.architecture.block_type=attention
training.mode=gml_rollout
models.out_dim=10
models.architecture.n_encoder_layers=1
models.architecture.n_decoder_layers=0
seed=0    avg_loss: -55.834110260010  time_per_window : 0.000468   progress : 0.841
name: models.architecture.block_type=attention
training.mode=gml_rollout
models.out_dim=10
models.architecture.n_encoder_layers=1
models.architecture.n_decoder_layers=0
seed=0    avg_loss: -59.502700805664  time_per_window : 0.000432   progress : 0.852
name: models.architecture.block_type=attention
training.mode=gml_rollout
models.out_dim=10
models.architecture.n_encoder_layers=1
models.architecture.n_decoder_layers=0
seed=0    avg_loss: -53.471611022949  time_per_window : 0.000447   progress : 0.863
name: models.architecture.block_type=attention
training.mode=gml_rollout
models.out_dim=10
models.architecture.n_encoder_layers=1
models.architecture.n_decoder_layers=0
seed=0    avg_loss: -54.570613861084  time_per_window : 0.000409   progress : 0.874
name: models.architecture.block_type=attention
training.mode=gml_rollout
models.out_dim=10
models.architecture.n_encoder_layers=1
models.architecture.n_decoder_layers=0
seed=0    avg_loss: -59.512485504150  time_per_window : 0.000414   progress : 0.885
name: models.architecture.block_type=attention
training.mode=gml_rollout
models.out_dim=10
models.architecture.n_encoder_layers=1
models.architecture.n_decoder_layers=0
seed=0    avg_loss: -58.564384460449  time_per_window : 0.000370   progress : 0.896
name: models.architecture.block_type=attention
training.mode=gml_rollout
models.out_dim=10
models.architecture.n_encoder_layers=1
models.architecture.n_decoder_layers=0
seed=0    avg_loss: -51.279056549072  time_per_window : 0.000454   progress : 0.907
name: models.architecture.block_type=attention
training.mode=gml_rollout
models.out_dim=10
models.architecture.n_encoder_layers=1
models.architecture.n_decoder_layers=0
seed=0    avg_loss: -58.676208496094  time_per_window : 0.000354   progress : 0.917
name: models.architecture.block_type=attention
training.mode=gml_rollout
models.out_dim=10
models.architecture.n_encoder_layers=1
models.architecture.n_decoder_layers=0
seed=0    avg_loss: -61.018634796143  time_per_window : 0.000441   progress : 0.928
name: models.architecture.block_type=attention
training.mode=gml_rollout
models.out_dim=10
models.architecture.n_encoder_layers=1
models.architecture.n_decoder_layers=0
seed=0    avg_loss: -54.449592590332  time_per_window : 0.000444   progress : 0.939
name: models.architecture.block_type=attention
training.mode=gml_rollout
models.out_dim=10
models.architecture.n_encoder_layers=1
models.architecture.n_decoder_layers=0
seed=0    avg_loss: -60.211498260498  time_per_window : 0.000416   progress : 0.950
name: models.architecture.block_type=attention
training.mode=gml_rollout
models.out_dim=10
models.architecture.n_encoder_layers=1
models.architecture.n_decoder_layers=0
seed=0    avg_loss: -59.432029724121  time_per_window : 0.000365   progress : 0.961
name: models.architecture.block_type=attention
training.mode=gml_rollout
models.out_dim=10
models.architecture.n_encoder_layers=1
models.architecture.n_decoder_layers=0
seed=0    avg_loss: -55.876060485840  time_per_window : 0.000416   progress : 0.972
name: models.architecture.block_type=attention
training.mode=gml_rollout
models.out_dim=10
models.architecture.n_encoder_layers=1
models.architecture.n_decoder_layers=0
seed=0    avg_loss: -60.742637634277  time_per_window : 0.000419   progress : 0.983
name: models.architecture.block_type=attention
training.mode=gml_rollout
models.out_dim=10
models.architecture.n_encoder_layers=1
models.architecture.n_decoder_layers=0
seed=0    avg_loss: -60.841918945312  time_per_window : 0.000369   progress : 0.994
DONE!!!
